[{"path":"src/main/java/Mira.java","fileType":"java","lines":[{"lineNumber":1,"author":{"gitId":"szeyingg"},"content":"import java.util.Arrays;","lastModifiedDate":"2025-01-31","isFullCredit":false},{"lineNumber":2,"author":{"gitId":"szeyingg"},"content":"import java.util.Scanner;","lastModifiedDate":"2025-01-31","isFullCredit":false},{"lineNumber":3,"author":{"gitId":"szeyingg"},"content":"","lastModifiedDate":"2025-01-31","isFullCredit":false},{"lineNumber":4,"author":{"gitId":"szeyingg"},"content":"public class Mira {","lastModifiedDate":"2025-01-24","isFullCredit":false},{"lineNumber":5,"author":{"gitId":"szeyingg"},"content":"    private static Task[] list;","lastModifiedDate":"2025-02-01","isFullCredit":false},{"lineNumber":6,"author":{"gitId":"szeyingg"},"content":"","lastModifiedDate":"2025-01-31","isFullCredit":false},{"lineNumber":7,"author":{"gitId":"szeyingg"},"content":"    public static void line() {","lastModifiedDate":"2025-01-24","isFullCredit":false},{"lineNumber":8,"author":{"gitId":"szeyingg"},"content":"        System.out.println(\"____________________________________________________________\");","lastModifiedDate":"2025-01-24","isFullCredit":false},{"lineNumber":9,"author":{"gitId":"szeyingg"},"content":"    }","lastModifiedDate":"2025-01-24","isFullCredit":false},{"lineNumber":10,"author":{"gitId":"szeyingg"},"content":"","lastModifiedDate":"2025-01-24","isFullCredit":false},{"lineNumber":11,"author":{"gitId":"szeyingg"},"content":"    public static void intro() {","lastModifiedDate":"2025-01-31","isFullCredit":false},{"lineNumber":12,"author":{"gitId":"szeyingg"},"content":"        line();","lastModifiedDate":"2025-01-24","isFullCredit":false},{"lineNumber":13,"author":{"gitId":"szeyingg"},"content":"        System.out.print(\"\"\"","lastModifiedDate":"2025-01-24","isFullCredit":false},{"lineNumber":14,"author":{"gitId":"szeyingg"},"content":"                Greetings! I\u0027m Mira, your enchanted task-keeper!","lastModifiedDate":"2025-01-31","isFullCredit":false},{"lineNumber":15,"author":{"gitId":"szeyingg"},"content":"                What wonders would you like to accomplish today?","lastModifiedDate":"2025-01-31","isFullCredit":false},{"lineNumber":16,"author":{"gitId":"szeyingg"},"content":"                \"\"\");","lastModifiedDate":"2025-01-24","isFullCredit":false},{"lineNumber":17,"author":{"gitId":"szeyingg"},"content":"        line();","lastModifiedDate":"2025-01-24","isFullCredit":false},{"lineNumber":18,"author":{"gitId":"szeyingg"},"content":"    }","lastModifiedDate":"2025-01-31","isFullCredit":false},{"lineNumber":19,"author":{"gitId":"szeyingg"},"content":"","lastModifiedDate":"2025-01-31","isFullCredit":false},{"lineNumber":20,"author":{"gitId":"szeyingg"},"content":"    public static void exit() {","lastModifiedDate":"2025-01-31","isFullCredit":false},{"lineNumber":21,"author":{"gitId":"szeyingg"},"content":"        System.out.println(\"And... Poof! I\u0027m off~ But don’t worry, I’m just a spell away!\");","lastModifiedDate":"2025-01-31","isFullCredit":false},{"lineNumber":22,"author":{"gitId":"szeyingg"},"content":"    }","lastModifiedDate":"2025-01-24","isFullCredit":false},{"lineNumber":23,"author":{"gitId":"szeyingg"},"content":"","lastModifiedDate":"2025-01-31","isFullCredit":false},{"lineNumber":24,"author":{"gitId":"szeyingg"},"content":"    public static void addTask(String command) {","lastModifiedDate":"2025-01-31","isFullCredit":false},{"lineNumber":25,"author":{"gitId":"szeyingg"},"content":"        System.out.println(\"New task conjured: \" + command);","lastModifiedDate":"2025-01-31","isFullCredit":false},{"lineNumber":26,"author":{"gitId":"szeyingg"},"content":"        int idx \u003d list.length;","lastModifiedDate":"2025-01-31","isFullCredit":false},{"lineNumber":27,"author":{"gitId":"szeyingg"},"content":"        Task[] newList \u003d Arrays.copyOf(list, idx+1);","lastModifiedDate":"2025-02-01","isFullCredit":false},{"lineNumber":28,"author":{"gitId":"szeyingg"},"content":"        newList[idx] \u003d new Task(command);","lastModifiedDate":"2025-02-01","isFullCredit":false},{"lineNumber":29,"author":{"gitId":"szeyingg"},"content":"        list \u003d newList;","lastModifiedDate":"2025-01-31","isFullCredit":false},{"lineNumber":30,"author":{"gitId":"szeyingg"},"content":"    }","lastModifiedDate":"2025-01-31","isFullCredit":false},{"lineNumber":31,"author":{"gitId":"szeyingg"},"content":"","lastModifiedDate":"2025-01-31","isFullCredit":false},{"lineNumber":32,"author":{"gitId":"szeyingg"},"content":"    public static void printList() {","lastModifiedDate":"2025-01-31","isFullCredit":false},{"lineNumber":33,"author":{"gitId":"szeyingg"},"content":"        if (list.length \u003d\u003d 0) {","lastModifiedDate":"2025-01-31","isFullCredit":false},{"lineNumber":34,"author":{"gitId":"szeyingg"},"content":"            System.out.println(\"Hmm, your list is empty... Use your powers to conjure a task!\");","lastModifiedDate":"2025-01-31","isFullCredit":false},{"lineNumber":35,"author":{"gitId":"szeyingg"},"content":"        } else {","lastModifiedDate":"2025-01-31","isFullCredit":false},{"lineNumber":36,"author":{"gitId":"szeyingg"},"content":"            System.out.println(\"Abra-Cadabra! Here\u0027s your task list:\");","lastModifiedDate":"2025-01-31","isFullCredit":false},{"lineNumber":37,"author":{"gitId":"szeyingg"},"content":"            for (int i \u003d 1; i \u003c list.length + 1; i++) {","lastModifiedDate":"2025-01-31","isFullCredit":false},{"lineNumber":38,"author":{"gitId":"szeyingg"},"content":"                Task t \u003d list[i-1];","lastModifiedDate":"2025-02-01","isFullCredit":false},{"lineNumber":39,"author":{"gitId":"szeyingg"},"content":"                System.out.println(i + \". [\" + t.getStatusIcon() + \"] \" + t.description);","lastModifiedDate":"2025-02-01","isFullCredit":false},{"lineNumber":40,"author":{"gitId":"szeyingg"},"content":"            }","lastModifiedDate":"2025-01-31","isFullCredit":false},{"lineNumber":41,"author":{"gitId":"szeyingg"},"content":"        }","lastModifiedDate":"2025-01-31","isFullCredit":false},{"lineNumber":42,"author":{"gitId":"szeyingg"},"content":"    }","lastModifiedDate":"2025-01-31","isFullCredit":false},{"lineNumber":43,"author":{"gitId":"szeyingg"},"content":"","lastModifiedDate":"2025-01-31","isFullCredit":false},{"lineNumber":44,"author":{"gitId":"szeyingg"},"content":"    public static void markTask(int idx) {","lastModifiedDate":"2025-02-01","isFullCredit":false},{"lineNumber":45,"author":{"gitId":"szeyingg"},"content":"        Task t \u003d list[idx - 1];","lastModifiedDate":"2025-02-01","isFullCredit":false},{"lineNumber":46,"author":{"gitId":"szeyingg"},"content":"        t.markAsDone();","lastModifiedDate":"2025-02-01","isFullCredit":false},{"lineNumber":47,"author":{"gitId":"szeyingg"},"content":"        System.out.println(\"Presto, you did it! Task \" + idx + \" is done and dusted!\");","lastModifiedDate":"2025-02-01","isFullCredit":false},{"lineNumber":48,"author":{"gitId":"szeyingg"},"content":"    }","lastModifiedDate":"2025-02-01","isFullCredit":false},{"lineNumber":49,"author":{"gitId":"szeyingg"},"content":"","lastModifiedDate":"2025-02-01","isFullCredit":false},{"lineNumber":50,"author":{"gitId":"szeyingg"},"content":"    public static void unmarkTask(int idx) {","lastModifiedDate":"2025-02-01","isFullCredit":false},{"lineNumber":51,"author":{"gitId":"szeyingg"},"content":"        Task t \u003d list[idx -1];","lastModifiedDate":"2025-02-01","isFullCredit":false},{"lineNumber":52,"author":{"gitId":"szeyingg"},"content":"        t.markAsUndone();","lastModifiedDate":"2025-02-01","isFullCredit":false},{"lineNumber":53,"author":{"gitId":"szeyingg"},"content":"        System.out.println(\"Tough luck! Task \" + idx + \" has come back stronger!\");","lastModifiedDate":"2025-02-01","isFullCredit":false},{"lineNumber":54,"author":{"gitId":"szeyingg"},"content":"    }","lastModifiedDate":"2025-02-01","isFullCredit":false},{"lineNumber":55,"author":{"gitId":"szeyingg"},"content":"","lastModifiedDate":"2025-02-01","isFullCredit":false},{"lineNumber":56,"author":{"gitId":"szeyingg"},"content":"","lastModifiedDate":"2025-02-01","isFullCredit":false},{"lineNumber":57,"author":{"gitId":"szeyingg"},"content":"    public static void main(String[] args) {","lastModifiedDate":"2025-01-31","isFullCredit":false},{"lineNumber":58,"author":{"gitId":"szeyingg"},"content":"        intro();","lastModifiedDate":"2025-01-31","isFullCredit":false},{"lineNumber":59,"author":{"gitId":"szeyingg"},"content":"        list \u003d new Task[0];","lastModifiedDate":"2025-02-01","isFullCredit":false},{"lineNumber":60,"author":{"gitId":"szeyingg"},"content":"        Scanner input \u003d new Scanner(System.in);","lastModifiedDate":"2025-01-31","isFullCredit":false},{"lineNumber":61,"author":{"gitId":"szeyingg"},"content":"        while (true) {","lastModifiedDate":"2025-01-31","isFullCredit":false},{"lineNumber":62,"author":{"gitId":"szeyingg"},"content":"            String in \u003d input.nextLine();","lastModifiedDate":"2025-02-01","isFullCredit":false},{"lineNumber":63,"author":{"gitId":"szeyingg"},"content":"            String[] command \u003d in.split(\" \");","lastModifiedDate":"2025-02-01","isFullCredit":false},{"lineNumber":64,"author":{"gitId":"szeyingg"},"content":"            String action \u003d command[0];","lastModifiedDate":"2025-02-01","isFullCredit":false},{"lineNumber":65,"author":{"gitId":"szeyingg"},"content":"            int param \u003d -1;","lastModifiedDate":"2025-02-01","isFullCredit":false},{"lineNumber":66,"author":{"gitId":"szeyingg"},"content":"            //if (command.length \u003e1)","lastModifiedDate":"2025-02-01","isFullCredit":false},{"lineNumber":67,"author":{"gitId":"szeyingg"},"content":"","lastModifiedDate":"2025-02-01","isFullCredit":false},{"lineNumber":68,"author":{"gitId":"szeyingg"},"content":"            switch (action) {","lastModifiedDate":"2025-02-01","isFullCredit":false},{"lineNumber":69,"author":{"gitId":"szeyingg"},"content":"                case \"bye\": exit(); break;","lastModifiedDate":"2025-01-31","isFullCredit":false},{"lineNumber":70,"author":{"gitId":"szeyingg"},"content":"                case \"list\": printList(); break;","lastModifiedDate":"2025-01-31","isFullCredit":false},{"lineNumber":71,"author":{"gitId":"szeyingg"},"content":"                case \"mark\":","lastModifiedDate":"2025-02-01","isFullCredit":false},{"lineNumber":72,"author":{"gitId":"szeyingg"},"content":"                    param \u003d Integer.parseInt(command[1]);","lastModifiedDate":"2025-02-01","isFullCredit":false},{"lineNumber":73,"author":{"gitId":"szeyingg"},"content":"                    markTask(param);","lastModifiedDate":"2025-02-01","isFullCredit":false},{"lineNumber":74,"author":{"gitId":"szeyingg"},"content":"                    break;","lastModifiedDate":"2025-02-01","isFullCredit":false},{"lineNumber":75,"author":{"gitId":"szeyingg"},"content":"                case \"unmark\":","lastModifiedDate":"2025-02-01","isFullCredit":false},{"lineNumber":76,"author":{"gitId":"szeyingg"},"content":"                    param \u003d Integer.parseInt(command[1]);","lastModifiedDate":"2025-02-01","isFullCredit":false},{"lineNumber":77,"author":{"gitId":"szeyingg"},"content":"                    unmarkTask(param);","lastModifiedDate":"2025-02-01","isFullCredit":false},{"lineNumber":78,"author":{"gitId":"szeyingg"},"content":"                    break;","lastModifiedDate":"2025-02-01","isFullCredit":false},{"lineNumber":79,"author":{"gitId":"szeyingg"},"content":"                default: addTask(in);","lastModifiedDate":"2025-02-01","isFullCredit":false},{"lineNumber":80,"author":{"gitId":"szeyingg"},"content":"            }","lastModifiedDate":"2025-01-31","isFullCredit":false},{"lineNumber":81,"author":{"gitId":"szeyingg"},"content":"            line();","lastModifiedDate":"2025-02-01","isFullCredit":false},{"lineNumber":82,"author":{"gitId":"szeyingg"},"content":"        }","lastModifiedDate":"2025-01-31","isFullCredit":false},{"lineNumber":83,"author":{"gitId":"szeyingg"},"content":"    }","lastModifiedDate":"2025-01-31","isFullCredit":false},{"lineNumber":84,"author":{"gitId":"szeyingg"},"content":"}","lastModifiedDate":"2025-01-24","isFullCredit":false}],"authorContributionMap":{"szeyingg":84}},{"path":"src/main/java/Task.java","fileType":"java","lines":[{"lineNumber":1,"author":{"gitId":"szeyingg"},"content":"public class Task {","lastModifiedDate":"2025-02-01","isFullCredit":false},{"lineNumber":2,"author":{"gitId":"szeyingg"},"content":"    protected String description;","lastModifiedDate":"2025-02-01","isFullCredit":false},{"lineNumber":3,"author":{"gitId":"szeyingg"},"content":"    protected boolean isDone;","lastModifiedDate":"2025-02-01","isFullCredit":false},{"lineNumber":4,"author":{"gitId":"szeyingg"},"content":"","lastModifiedDate":"2025-02-01","isFullCredit":false},{"lineNumber":5,"author":{"gitId":"szeyingg"},"content":"    public Task(String description) {","lastModifiedDate":"2025-02-01","isFullCredit":false},{"lineNumber":6,"author":{"gitId":"szeyingg"},"content":"        this.description \u003d description;","lastModifiedDate":"2025-02-01","isFullCredit":false},{"lineNumber":7,"author":{"gitId":"szeyingg"},"content":"        this.isDone \u003d false;","lastModifiedDate":"2025-02-01","isFullCredit":false},{"lineNumber":8,"author":{"gitId":"szeyingg"},"content":"    }","lastModifiedDate":"2025-02-01","isFullCredit":false},{"lineNumber":9,"author":{"gitId":"szeyingg"},"content":"","lastModifiedDate":"2025-02-01","isFullCredit":false},{"lineNumber":10,"author":{"gitId":"szeyingg"},"content":"    public String getStatusIcon() {","lastModifiedDate":"2025-02-01","isFullCredit":false},{"lineNumber":11,"author":{"gitId":"szeyingg"},"content":"        return (isDone ? \"X\" : \" \"); // mark done task with X","lastModifiedDate":"2025-02-01","isFullCredit":false},{"lineNumber":12,"author":{"gitId":"szeyingg"},"content":"    }","lastModifiedDate":"2025-02-01","isFullCredit":false},{"lineNumber":13,"author":{"gitId":"szeyingg"},"content":"","lastModifiedDate":"2025-02-01","isFullCredit":false},{"lineNumber":14,"author":{"gitId":"szeyingg"},"content":"    public void markAsDone() {","lastModifiedDate":"2025-02-01","isFullCredit":false},{"lineNumber":15,"author":{"gitId":"szeyingg"},"content":"        this.isDone \u003d true;","lastModifiedDate":"2025-02-01","isFullCredit":false},{"lineNumber":16,"author":{"gitId":"szeyingg"},"content":"    }","lastModifiedDate":"2025-02-01","isFullCredit":false},{"lineNumber":17,"author":{"gitId":"szeyingg"},"content":"","lastModifiedDate":"2025-02-01","isFullCredit":false},{"lineNumber":18,"author":{"gitId":"szeyingg"},"content":"    public void markAsUndone() {","lastModifiedDate":"2025-02-01","isFullCredit":false},{"lineNumber":19,"author":{"gitId":"szeyingg"},"content":"        this.isDone \u003d false;","lastModifiedDate":"2025-02-01","isFullCredit":false},{"lineNumber":20,"author":{"gitId":"szeyingg"},"content":"    }","lastModifiedDate":"2025-02-01","isFullCredit":false},{"lineNumber":21,"author":{"gitId":"szeyingg"},"content":"}","lastModifiedDate":"2025-02-01","isFullCredit":false}],"authorContributionMap":{"szeyingg":21}}]
