[{"path":"README.md","fileType":"md","lines":[{"lineNumber":1,"author":{"gitId":"kevinchangckc"},"content":"# Viktor project template","lastModifiedDate":"2025-02-03","isFullCredit":false},{"lineNumber":2,"author":{"gitId":"-"},"content":"","lastModifiedDate":"2020-05-25","isFullCredit":false},{"lineNumber":3,"author":{"gitId":"-"},"content":"This is a project template for a greenfield Java project. It\u0027s named after the Java mascot _Duke_. Given below are instructions on how to use it.","lastModifiedDate":"2020-05-25","isFullCredit":false},{"lineNumber":4,"author":{"gitId":"-"},"content":"","lastModifiedDate":"2020-05-25","isFullCredit":false},{"lineNumber":5,"author":{"gitId":"-"},"content":"## Setting up in Intellij","lastModifiedDate":"2020-05-25","isFullCredit":false},{"lineNumber":6,"author":{"gitId":"-"},"content":"","lastModifiedDate":"2020-05-25","isFullCredit":false},{"lineNumber":7,"author":{"gitId":"-"},"content":"Prerequisites: JDK 17, update Intellij to the most recent version.","lastModifiedDate":"2024-07-11","isFullCredit":false},{"lineNumber":8,"author":{"gitId":"-"},"content":"","lastModifiedDate":"2020-05-25","isFullCredit":false},{"lineNumber":9,"author":{"gitId":"-"},"content":"1. Open Intellij (if you are not in the welcome screen, click `File` \u003e `Close Project` to close the existing project first)","lastModifiedDate":"2021-01-17","isFullCredit":false},{"lineNumber":10,"author":{"gitId":"-"},"content":"1. Open the project into Intellij as follows:","lastModifiedDate":"2021-01-17","isFullCredit":false},{"lineNumber":11,"author":{"gitId":"-"},"content":"   1. Click `Open`.","lastModifiedDate":"2021-01-17","isFullCredit":false},{"lineNumber":12,"author":{"gitId":"-"},"content":"   1. Select the project directory, and click `OK`.","lastModifiedDate":"2021-01-17","isFullCredit":false},{"lineNumber":13,"author":{"gitId":"-"},"content":"   1. If there are any further prompts, accept the defaults.","lastModifiedDate":"2020-05-25","isFullCredit":false},{"lineNumber":14,"author":{"gitId":"-"},"content":"1. Configure the project to use **JDK 17** (not other versions) as explained in [here](https://www.jetbrains.com/help/idea/sdk.html#set-up-jdk).\u003cbr\u003e","lastModifiedDate":"2024-07-11","isFullCredit":false},{"lineNumber":15,"author":{"gitId":"-"},"content":"   In the same dialog, set the **Project language level** field to the `SDK default` option.","lastModifiedDate":"2021-07-29","isFullCredit":false},{"lineNumber":16,"author":{"gitId":"kevinchangckc"},"content":"1. After that, locate the `src/main/java/Viktor.java` file, right-click it, and choose `Run Viktor.main()` (if the code editor is showing compile errors, try restarting the IDE). If the setup is correct, you should see something like the below as the output:","lastModifiedDate":"2025-02-03","isFullCredit":false},{"lineNumber":17,"author":{"gitId":"-"},"content":"   ```","lastModifiedDate":"2020-05-25","isFullCredit":false},{"lineNumber":18,"author":{"gitId":"-"},"content":"   Hello from","lastModifiedDate":"2020-05-25","isFullCredit":false},{"lineNumber":19,"author":{"gitId":"-"},"content":"    ____        _        ","lastModifiedDate":"2020-05-25","isFullCredit":false},{"lineNumber":20,"author":{"gitId":"-"},"content":"   |  _ \\ _   _| | _____ ","lastModifiedDate":"2020-05-25","isFullCredit":false},{"lineNumber":21,"author":{"gitId":"-"},"content":"   | | | | | | | |/ / _ \\","lastModifiedDate":"2020-05-25","isFullCredit":false},{"lineNumber":22,"author":{"gitId":"-"},"content":"   | |_| | |_| |   \u003c  __/","lastModifiedDate":"2020-05-25","isFullCredit":false},{"lineNumber":23,"author":{"gitId":"-"},"content":"   |____/ \\__,_|_|\\_\\___|","lastModifiedDate":"2020-05-25","isFullCredit":false},{"lineNumber":24,"author":{"gitId":"-"},"content":"   ```","lastModifiedDate":"2020-05-25","isFullCredit":false},{"lineNumber":25,"author":{"gitId":"-"},"content":"","lastModifiedDate":"2025-01-04","isFullCredit":false},{"lineNumber":26,"author":{"gitId":"-"},"content":"**Warning:** Keep the `src\\main\\java` folder as the root folder for Java files (i.e., don\u0027t rename those folders or move Java files to another folder outside of this folder path), as this is the default location some tools (e.g., Gradle) expect to find Java files.","lastModifiedDate":"2025-01-04","isFullCredit":false}],"authorContributionMap":{"kevinchangckc":2,"-":24}},{"path":"docs/README.md","fileType":"md","lines":[{"lineNumber":1,"author":{"gitId":"kevinchangckc"},"content":"# Viktor User Guide","lastModifiedDate":"2025-02-03","isFullCredit":false},{"lineNumber":2,"author":{"gitId":"-"},"content":"","lastModifiedDate":"2019-07-29","isFullCredit":false},{"lineNumber":3,"author":{"gitId":"-"},"content":"// Update the title above to match the actual product name","lastModifiedDate":"2024-01-07","isFullCredit":false},{"lineNumber":4,"author":{"gitId":"-"},"content":"","lastModifiedDate":"2019-07-29","isFullCredit":false},{"lineNumber":5,"author":{"gitId":"-"},"content":"// Product screenshot goes here","lastModifiedDate":"2024-01-07","isFullCredit":false},{"lineNumber":6,"author":{"gitId":"-"},"content":"","lastModifiedDate":"2021-07-17","isFullCredit":false},{"lineNumber":7,"author":{"gitId":"-"},"content":"// Product intro goes here","lastModifiedDate":"2024-01-07","isFullCredit":false},{"lineNumber":8,"author":{"gitId":"-"},"content":"","lastModifiedDate":"2021-07-17","isFullCredit":false},{"lineNumber":9,"author":{"gitId":"-"},"content":"## Adding deadlines","lastModifiedDate":"2024-01-07","isFullCredit":false},{"lineNumber":10,"author":{"gitId":"-"},"content":"","lastModifiedDate":"2021-07-17","isFullCredit":false},{"lineNumber":11,"author":{"gitId":"-"},"content":"// Describe the action and its outcome.","lastModifiedDate":"2024-01-07","isFullCredit":false},{"lineNumber":12,"author":{"gitId":"-"},"content":"","lastModifiedDate":"2019-07-29","isFullCredit":false},{"lineNumber":13,"author":{"gitId":"-"},"content":"// Give examples of usage","lastModifiedDate":"2024-01-07","isFullCredit":false},{"lineNumber":14,"author":{"gitId":"-"},"content":"","lastModifiedDate":"2019-07-29","isFullCredit":false},{"lineNumber":15,"author":{"gitId":"-"},"content":"Example: `keyword (optional arguments)`","lastModifiedDate":"2024-01-07","isFullCredit":false},{"lineNumber":16,"author":{"gitId":"-"},"content":"","lastModifiedDate":"2019-07-29","isFullCredit":false},{"lineNumber":17,"author":{"gitId":"-"},"content":"// A description of the expected outcome goes here","lastModifiedDate":"2024-01-07","isFullCredit":false},{"lineNumber":18,"author":{"gitId":"-"},"content":"","lastModifiedDate":"2019-07-29","isFullCredit":false},{"lineNumber":19,"author":{"gitId":"-"},"content":"```","lastModifiedDate":"2024-01-07","isFullCredit":false},{"lineNumber":20,"author":{"gitId":"-"},"content":"expected output","lastModifiedDate":"2024-01-07","isFullCredit":false},{"lineNumber":21,"author":{"gitId":"-"},"content":"```","lastModifiedDate":"2024-01-07","isFullCredit":false},{"lineNumber":22,"author":{"gitId":"-"},"content":"","lastModifiedDate":"2019-07-29","isFullCredit":false},{"lineNumber":23,"author":{"gitId":"-"},"content":"## Feature ABC","lastModifiedDate":"2024-01-07","isFullCredit":false},{"lineNumber":24,"author":{"gitId":"-"},"content":"","lastModifiedDate":"2019-07-29","isFullCredit":false},{"lineNumber":25,"author":{"gitId":"-"},"content":"// Feature details","lastModifiedDate":"2024-01-07","isFullCredit":false},{"lineNumber":26,"author":{"gitId":"-"},"content":"","lastModifiedDate":"2019-07-29","isFullCredit":false},{"lineNumber":27,"author":{"gitId":"-"},"content":"","lastModifiedDate":"2021-07-17","isFullCredit":false},{"lineNumber":28,"author":{"gitId":"-"},"content":"## Feature XYZ","lastModifiedDate":"2024-01-07","isFullCredit":false},{"lineNumber":29,"author":{"gitId":"-"},"content":"","lastModifiedDate":"2024-01-07","isFullCredit":false},{"lineNumber":30,"author":{"gitId":"-"},"content":"// Feature details","lastModifiedDate":"2024-01-07","isFullCredit":false}],"authorContributionMap":{"kevinchangckc":1,"-":29}},{"path":"src/main/java/Viktor.java","fileType":"java","lines":[{"lineNumber":1,"author":{"gitId":"kevinchangckc"},"content":"import java.util.Scanner;","lastModifiedDate":"2025-02-03","isFullCredit":false},{"lineNumber":2,"author":{"gitId":"kevinchangckc"},"content":"","lastModifiedDate":"2025-02-03","isFullCredit":false},{"lineNumber":3,"author":{"gitId":"kevinchangckc"},"content":"/*  level-0","lastModifiedDate":"2025-02-03","isFullCredit":false},{"lineNumber":4,"author":{"gitId":"kevinchangckc"},"content":"public class Viktor {","lastModifiedDate":"2025-02-03","isFullCredit":false},{"lineNumber":5,"author":{"gitId":"kevinchangckc"},"content":"    public static void main(String[] args) {","lastModifiedDate":"2025-02-03","isFullCredit":false},{"lineNumber":6,"author":{"gitId":"kevinchangckc"},"content":"        Scanner scanner \u003d new Scanner(System.in);","lastModifiedDate":"2025-02-03","isFullCredit":false},{"lineNumber":7,"author":{"gitId":"kevinchangckc"},"content":"","lastModifiedDate":"2025-02-03","isFullCredit":false},{"lineNumber":8,"author":{"gitId":"kevinchangckc"},"content":"        System.out.println(\"_________________________________________\");","lastModifiedDate":"2025-02-03","isFullCredit":false},{"lineNumber":9,"author":{"gitId":"kevinchangckc"},"content":"        System.out.println(\"Hi there. I\u0027m Viktor.\");","lastModifiedDate":"2025-02-03","isFullCredit":false},{"lineNumber":10,"author":{"gitId":"kevinchangckc"},"content":"        System.out.println(\"How can I help you?\");","lastModifiedDate":"2025-02-03","isFullCredit":false},{"lineNumber":11,"author":{"gitId":"kevinchangckc"},"content":"        System.out.println(\"_________________________________________\");","lastModifiedDate":"2025-02-03","isFullCredit":false},{"lineNumber":12,"author":{"gitId":"kevinchangckc"},"content":"","lastModifiedDate":"2025-02-03","isFullCredit":false},{"lineNumber":13,"author":{"gitId":"kevinchangckc"},"content":"        // Simulating simple interaction","lastModifiedDate":"2025-02-03","isFullCredit":false},{"lineNumber":14,"author":{"gitId":"kevinchangckc"},"content":"        String input \u003d scanner.nextLine();","lastModifiedDate":"2025-02-03","isFullCredit":false},{"lineNumber":15,"author":{"gitId":"kevinchangckc"},"content":"","lastModifiedDate":"2025-02-03","isFullCredit":false},{"lineNumber":16,"author":{"gitId":"kevinchangckc"},"content":"        System.out.println(\"_________________________________________\");","lastModifiedDate":"2025-02-03","isFullCredit":false},{"lineNumber":17,"author":{"gitId":"kevinchangckc"},"content":"        System.out.println(\"Bye. Hope to see you again soon.\");","lastModifiedDate":"2025-02-03","isFullCredit":false},{"lineNumber":18,"author":{"gitId":"kevinchangckc"},"content":"        System.out.println(\"_________________________________________\");","lastModifiedDate":"2025-02-03","isFullCredit":false},{"lineNumber":19,"author":{"gitId":"kevinchangckc"},"content":"","lastModifiedDate":"2025-02-03","isFullCredit":false},{"lineNumber":20,"author":{"gitId":"kevinchangckc"},"content":"        scanner.close();","lastModifiedDate":"2025-02-03","isFullCredit":false},{"lineNumber":21,"author":{"gitId":"kevinchangckc"},"content":"    }","lastModifiedDate":"2025-02-03","isFullCredit":false},{"lineNumber":22,"author":{"gitId":"kevinchangckc"},"content":"}","lastModifiedDate":"2025-02-03","isFullCredit":false},{"lineNumber":23,"author":{"gitId":"kevinchangckc"},"content":" */","lastModifiedDate":"2025-02-03","isFullCredit":false},{"lineNumber":24,"author":{"gitId":"kevinchangckc"},"content":"","lastModifiedDate":"2025-02-03","isFullCredit":false},{"lineNumber":25,"author":{"gitId":"kevinchangckc"},"content":"/* level-1","lastModifiedDate":"2025-02-03","isFullCredit":false},{"lineNumber":26,"author":{"gitId":"kevinchangckc"},"content":"public class Viktor {","lastModifiedDate":"2025-02-03","isFullCredit":false},{"lineNumber":27,"author":{"gitId":"kevinchangckc"},"content":"    public static void main(String[] args) {","lastModifiedDate":"2025-02-03","isFullCredit":false},{"lineNumber":28,"author":{"gitId":"kevinchangckc"},"content":"        Scanner scanner \u003d new Scanner(System.in);","lastModifiedDate":"2025-02-03","isFullCredit":false},{"lineNumber":29,"author":{"gitId":"kevinchangckc"},"content":"","lastModifiedDate":"2025-02-03","isFullCredit":false},{"lineNumber":30,"author":{"gitId":"kevinchangckc"},"content":"        System.out.println(\"_________________________________________\");","lastModifiedDate":"2025-02-03","isFullCredit":false},{"lineNumber":31,"author":{"gitId":"kevinchangckc"},"content":"        System.out.println(\"Hi there. I\u0027m Viktor.\");","lastModifiedDate":"2025-02-03","isFullCredit":false},{"lineNumber":32,"author":{"gitId":"kevinchangckc"},"content":"        System.out.println(\"How can I help you?\");","lastModifiedDate":"2025-02-03","isFullCredit":false},{"lineNumber":33,"author":{"gitId":"kevinchangckc"},"content":"        System.out.println(\"_________________________________________\");","lastModifiedDate":"2025-02-03","isFullCredit":false},{"lineNumber":34,"author":{"gitId":"kevinchangckc"},"content":"","lastModifiedDate":"2025-02-03","isFullCredit":false},{"lineNumber":35,"author":{"gitId":"kevinchangckc"},"content":"        while (true) {","lastModifiedDate":"2025-02-03","isFullCredit":false},{"lineNumber":36,"author":{"gitId":"kevinchangckc"},"content":"            String input \u003d scanner.nextLine();","lastModifiedDate":"2025-02-03","isFullCredit":false},{"lineNumber":37,"author":{"gitId":"kevinchangckc"},"content":"","lastModifiedDate":"2025-02-03","isFullCredit":false},{"lineNumber":38,"author":{"gitId":"kevinchangckc"},"content":"            if (input.equalsIgnoreCase(\"bye\")) {","lastModifiedDate":"2025-02-03","isFullCredit":false},{"lineNumber":39,"author":{"gitId":"kevinchangckc"},"content":"                System.out.println(\"_________________________________________\");","lastModifiedDate":"2025-02-03","isFullCredit":false},{"lineNumber":40,"author":{"gitId":"kevinchangckc"},"content":"                System.out.println(\"Bye. Hope to see you again soon.\");","lastModifiedDate":"2025-02-03","isFullCredit":false},{"lineNumber":41,"author":{"gitId":"kevinchangckc"},"content":"                System.out.println(\"_________________________________________\");","lastModifiedDate":"2025-02-03","isFullCredit":false},{"lineNumber":42,"author":{"gitId":"kevinchangckc"},"content":"                break;  // Exit the loop","lastModifiedDate":"2025-02-03","isFullCredit":false},{"lineNumber":43,"author":{"gitId":"kevinchangckc"},"content":"            }","lastModifiedDate":"2025-02-03","isFullCredit":false},{"lineNumber":44,"author":{"gitId":"kevinchangckc"},"content":"","lastModifiedDate":"2025-02-03","isFullCredit":false},{"lineNumber":45,"author":{"gitId":"kevinchangckc"},"content":"            System.out.println(\"_________________________________________\");","lastModifiedDate":"2025-02-03","isFullCredit":false},{"lineNumber":46,"author":{"gitId":"kevinchangckc"},"content":"            System.out.println(input);  // Echoes back user input","lastModifiedDate":"2025-02-03","isFullCredit":false},{"lineNumber":47,"author":{"gitId":"kevinchangckc"},"content":"            System.out.println(\"_________________________________________\");","lastModifiedDate":"2025-02-03","isFullCredit":false},{"lineNumber":48,"author":{"gitId":"kevinchangckc"},"content":"        }","lastModifiedDate":"2025-02-03","isFullCredit":false},{"lineNumber":49,"author":{"gitId":"kevinchangckc"},"content":"","lastModifiedDate":"2025-02-03","isFullCredit":false},{"lineNumber":50,"author":{"gitId":"kevinchangckc"},"content":"        scanner.close();","lastModifiedDate":"2025-02-03","isFullCredit":false},{"lineNumber":51,"author":{"gitId":"kevinchangckc"},"content":"    }","lastModifiedDate":"2025-02-03","isFullCredit":false},{"lineNumber":52,"author":{"gitId":"kevinchangckc"},"content":"}","lastModifiedDate":"2025-02-03","isFullCredit":false},{"lineNumber":53,"author":{"gitId":"kevinchangckc"},"content":"","lastModifiedDate":"2025-02-03","isFullCredit":false},{"lineNumber":54,"author":{"gitId":"kevinchangckc"},"content":" */","lastModifiedDate":"2025-02-03","isFullCredit":false},{"lineNumber":55,"author":{"gitId":"kevinchangckc"},"content":"","lastModifiedDate":"2025-02-03","isFullCredit":false},{"lineNumber":56,"author":{"gitId":"kevinchangckc"},"content":"","lastModifiedDate":"2025-02-03","isFullCredit":false},{"lineNumber":57,"author":{"gitId":"kevinchangckc"},"content":"/* level-2","lastModifiedDate":"2025-02-03","isFullCredit":false},{"lineNumber":58,"author":{"gitId":"kevinchangckc"},"content":"import java.util.ArrayList;","lastModifiedDate":"2025-02-03","isFullCredit":false},{"lineNumber":59,"author":{"gitId":"kevinchangckc"},"content":"import java.util.Scanner;","lastModifiedDate":"2025-02-03","isFullCredit":false},{"lineNumber":60,"author":{"gitId":"kevinchangckc"},"content":"","lastModifiedDate":"2025-02-03","isFullCredit":false},{"lineNumber":61,"author":{"gitId":"kevinchangckc"},"content":"public class Viktor {","lastModifiedDate":"2025-02-03","isFullCredit":false},{"lineNumber":62,"author":{"gitId":"kevinchangckc"},"content":"    public static void main(String[] args) {","lastModifiedDate":"2025-02-03","isFullCredit":false},{"lineNumber":63,"author":{"gitId":"kevinchangckc"},"content":"        Scanner scanner \u003d new Scanner(System.in);","lastModifiedDate":"2025-02-03","isFullCredit":false},{"lineNumber":64,"author":{"gitId":"kevinchangckc"},"content":"        ArrayList\u003cString\u003e tasks \u003d new ArrayList\u003c\u003e();","lastModifiedDate":"2025-02-03","isFullCredit":false},{"lineNumber":65,"author":{"gitId":"kevinchangckc"},"content":"","lastModifiedDate":"2025-02-03","isFullCredit":false},{"lineNumber":66,"author":{"gitId":"kevinchangckc"},"content":"        System.out.println(\"_________________________________________\");","lastModifiedDate":"2025-02-03","isFullCredit":false},{"lineNumber":67,"author":{"gitId":"kevinchangckc"},"content":"        System.out.println(\"Hi there. I\u0027m Viktor.\");","lastModifiedDate":"2025-02-03","isFullCredit":false},{"lineNumber":68,"author":{"gitId":"kevinchangckc"},"content":"        System.out.println(\"How can I help you?\");","lastModifiedDate":"2025-02-03","isFullCredit":false},{"lineNumber":69,"author":{"gitId":"kevinchangckc"},"content":"        System.out.println(\"_________________________________________\");","lastModifiedDate":"2025-02-03","isFullCredit":false},{"lineNumber":70,"author":{"gitId":"kevinchangckc"},"content":"","lastModifiedDate":"2025-02-03","isFullCredit":false},{"lineNumber":71,"author":{"gitId":"kevinchangckc"},"content":"        while (true) {","lastModifiedDate":"2025-02-03","isFullCredit":false},{"lineNumber":72,"author":{"gitId":"kevinchangckc"},"content":"            String input \u003d scanner.nextLine();","lastModifiedDate":"2025-02-03","isFullCredit":false},{"lineNumber":73,"author":{"gitId":"kevinchangckc"},"content":"","lastModifiedDate":"2025-02-03","isFullCredit":false},{"lineNumber":74,"author":{"gitId":"kevinchangckc"},"content":"            if (input.equalsIgnoreCase(\"bye\")) {","lastModifiedDate":"2025-02-03","isFullCredit":false},{"lineNumber":75,"author":{"gitId":"kevinchangckc"},"content":"                System.out.println(\"_________________________________________\");","lastModifiedDate":"2025-02-03","isFullCredit":false},{"lineNumber":76,"author":{"gitId":"kevinchangckc"},"content":"                System.out.println(\"Bye. Hope to see you again soon.\");","lastModifiedDate":"2025-02-03","isFullCredit":false},{"lineNumber":77,"author":{"gitId":"kevinchangckc"},"content":"                System.out.println(\"_________________________________________\");","lastModifiedDate":"2025-02-03","isFullCredit":false},{"lineNumber":78,"author":{"gitId":"kevinchangckc"},"content":"                break;","lastModifiedDate":"2025-02-03","isFullCredit":false},{"lineNumber":79,"author":{"gitId":"kevinchangckc"},"content":"            } else if (input.equalsIgnoreCase(\"list\")) {","lastModifiedDate":"2025-02-03","isFullCredit":false},{"lineNumber":80,"author":{"gitId":"kevinchangckc"},"content":"                System.out.println(\"_________________________________________\");","lastModifiedDate":"2025-02-03","isFullCredit":false},{"lineNumber":81,"author":{"gitId":"kevinchangckc"},"content":"                System.out.println(\"Here are your tasks:\");","lastModifiedDate":"2025-02-03","isFullCredit":false},{"lineNumber":82,"author":{"gitId":"kevinchangckc"},"content":"                for (int i \u003d 0; i \u003c tasks.size(); i++) {","lastModifiedDate":"2025-02-03","isFullCredit":false},{"lineNumber":83,"author":{"gitId":"kevinchangckc"},"content":"                    System.out.println((i + 1) + \". \" + tasks.get(i));","lastModifiedDate":"2025-02-03","isFullCredit":false},{"lineNumber":84,"author":{"gitId":"kevinchangckc"},"content":"                }","lastModifiedDate":"2025-02-03","isFullCredit":false},{"lineNumber":85,"author":{"gitId":"kevinchangckc"},"content":"                System.out.println(\"_________________________________________\");","lastModifiedDate":"2025-02-03","isFullCredit":false},{"lineNumber":86,"author":{"gitId":"kevinchangckc"},"content":"            } else {","lastModifiedDate":"2025-02-03","isFullCredit":false},{"lineNumber":87,"author":{"gitId":"kevinchangckc"},"content":"                tasks.add(input);","lastModifiedDate":"2025-02-03","isFullCredit":false},{"lineNumber":88,"author":{"gitId":"kevinchangckc"},"content":"                System.out.println(\"_________________________________________\");","lastModifiedDate":"2025-02-03","isFullCredit":false},{"lineNumber":89,"author":{"gitId":"kevinchangckc"},"content":"                System.out.println(\"Added: \" + input);","lastModifiedDate":"2025-02-03","isFullCredit":false},{"lineNumber":90,"author":{"gitId":"kevinchangckc"},"content":"                System.out.println(\"_________________________________________\");","lastModifiedDate":"2025-02-03","isFullCredit":false},{"lineNumber":91,"author":{"gitId":"kevinchangckc"},"content":"            }","lastModifiedDate":"2025-02-03","isFullCredit":false},{"lineNumber":92,"author":{"gitId":"kevinchangckc"},"content":"        }","lastModifiedDate":"2025-02-03","isFullCredit":false},{"lineNumber":93,"author":{"gitId":"kevinchangckc"},"content":"","lastModifiedDate":"2025-02-03","isFullCredit":false},{"lineNumber":94,"author":{"gitId":"kevinchangckc"},"content":"        scanner.close();","lastModifiedDate":"2025-02-03","isFullCredit":false},{"lineNumber":95,"author":{"gitId":"kevinchangckc"},"content":"    }","lastModifiedDate":"2025-02-03","isFullCredit":false},{"lineNumber":96,"author":{"gitId":"kevinchangckc"},"content":"}","lastModifiedDate":"2025-02-03","isFullCredit":false},{"lineNumber":97,"author":{"gitId":"kevinchangckc"},"content":"","lastModifiedDate":"2025-02-03","isFullCredit":false},{"lineNumber":98,"author":{"gitId":"kevinchangckc"},"content":" */","lastModifiedDate":"2025-02-03","isFullCredit":false},{"lineNumber":99,"author":{"gitId":"kevinchangckc"},"content":"","lastModifiedDate":"2025-02-03","isFullCredit":false},{"lineNumber":100,"author":{"gitId":"kevinchangckc"},"content":"","lastModifiedDate":"2025-02-03","isFullCredit":false},{"lineNumber":101,"author":{"gitId":"kevinchangckc"},"content":"// level-3","lastModifiedDate":"2025-02-03","isFullCredit":false},{"lineNumber":102,"author":{"gitId":"kevinchangckc"},"content":"import java.util.ArrayList;","lastModifiedDate":"2025-02-03","isFullCredit":false},{"lineNumber":103,"author":{"gitId":"kevinchangckc"},"content":"","lastModifiedDate":"2025-02-03","isFullCredit":false},{"lineNumber":104,"author":{"gitId":"kevinchangckc"},"content":"// universal Task class","lastModifiedDate":"2025-02-03","isFullCredit":false},{"lineNumber":105,"author":{"gitId":"kevinchangckc"},"content":"class Task {","lastModifiedDate":"2025-02-03","isFullCredit":false},{"lineNumber":106,"author":{"gitId":"kevinchangckc"},"content":"    protected String description;","lastModifiedDate":"2025-02-03","isFullCredit":false},{"lineNumber":107,"author":{"gitId":"kevinchangckc"},"content":"    protected boolean isDone;","lastModifiedDate":"2025-02-03","isFullCredit":false},{"lineNumber":108,"author":{"gitId":"kevinchangckc"},"content":"","lastModifiedDate":"2025-02-03","isFullCredit":false},{"lineNumber":109,"author":{"gitId":"kevinchangckc"},"content":"    public Task(String description) {","lastModifiedDate":"2025-02-03","isFullCredit":false},{"lineNumber":110,"author":{"gitId":"kevinchangckc"},"content":"        this.description \u003d description;","lastModifiedDate":"2025-02-03","isFullCredit":false},{"lineNumber":111,"author":{"gitId":"kevinchangckc"},"content":"        this.isDone \u003d false;","lastModifiedDate":"2025-02-03","isFullCredit":false},{"lineNumber":112,"author":{"gitId":"kevinchangckc"},"content":"    }","lastModifiedDate":"2025-02-03","isFullCredit":false},{"lineNumber":113,"author":{"gitId":"kevinchangckc"},"content":"","lastModifiedDate":"2025-02-03","isFullCredit":false},{"lineNumber":114,"author":{"gitId":"kevinchangckc"},"content":"    public void markAsDone() {","lastModifiedDate":"2025-02-03","isFullCredit":false},{"lineNumber":115,"author":{"gitId":"kevinchangckc"},"content":"        this.isDone \u003d true;","lastModifiedDate":"2025-02-03","isFullCredit":false},{"lineNumber":116,"author":{"gitId":"kevinchangckc"},"content":"    }","lastModifiedDate":"2025-02-03","isFullCredit":false},{"lineNumber":117,"author":{"gitId":"kevinchangckc"},"content":"","lastModifiedDate":"2025-02-03","isFullCredit":false},{"lineNumber":118,"author":{"gitId":"kevinchangckc"},"content":"    public void markAsNotDone() {","lastModifiedDate":"2025-02-03","isFullCredit":false},{"lineNumber":119,"author":{"gitId":"kevinchangckc"},"content":"        this.isDone \u003d false;","lastModifiedDate":"2025-02-03","isFullCredit":false},{"lineNumber":120,"author":{"gitId":"kevinchangckc"},"content":"    }","lastModifiedDate":"2025-02-03","isFullCredit":false},{"lineNumber":121,"author":{"gitId":"kevinchangckc"},"content":"","lastModifiedDate":"2025-02-03","isFullCredit":false},{"lineNumber":122,"author":{"gitId":"kevinchangckc"},"content":"    public String getStatusIcon() {","lastModifiedDate":"2025-02-03","isFullCredit":false},{"lineNumber":123,"author":{"gitId":"kevinchangckc"},"content":"        return (isDone ? \"[X]\" : \"[ ]\");","lastModifiedDate":"2025-02-03","isFullCredit":false},{"lineNumber":124,"author":{"gitId":"kevinchangckc"},"content":"    }","lastModifiedDate":"2025-02-03","isFullCredit":false},{"lineNumber":125,"author":{"gitId":"kevinchangckc"},"content":"","lastModifiedDate":"2025-02-03","isFullCredit":false},{"lineNumber":126,"author":{"gitId":"kevinchangckc"},"content":"    @Override","lastModifiedDate":"2025-02-03","isFullCredit":false},{"lineNumber":127,"author":{"gitId":"kevinchangckc"},"content":"    public String toString() {","lastModifiedDate":"2025-02-03","isFullCredit":false},{"lineNumber":128,"author":{"gitId":"kevinchangckc"},"content":"        return getStatusIcon() + \" \" + description;","lastModifiedDate":"2025-02-03","isFullCredit":false},{"lineNumber":129,"author":{"gitId":"kevinchangckc"},"content":"    }","lastModifiedDate":"2025-02-03","isFullCredit":false},{"lineNumber":130,"author":{"gitId":"kevinchangckc"},"content":"}","lastModifiedDate":"2025-02-03","isFullCredit":false},{"lineNumber":131,"author":{"gitId":"kevinchangckc"},"content":"","lastModifiedDate":"2025-02-03","isFullCredit":false},{"lineNumber":132,"author":{"gitId":"kevinchangckc"},"content":"/*","lastModifiedDate":"2025-02-03","isFullCredit":false},{"lineNumber":133,"author":{"gitId":"kevinchangckc"},"content":"public class Viktor {","lastModifiedDate":"2025-02-03","isFullCredit":false},{"lineNumber":134,"author":{"gitId":"kevinchangckc"},"content":"    public static void main(String[] args) {","lastModifiedDate":"2025-02-03","isFullCredit":false},{"lineNumber":135,"author":{"gitId":"kevinchangckc"},"content":"        Scanner scanner \u003d new Scanner(System.in);","lastModifiedDate":"2025-02-03","isFullCredit":false},{"lineNumber":136,"author":{"gitId":"kevinchangckc"},"content":"        ArrayList\u003cTask\u003e tasks \u003d new ArrayList\u003c\u003e();","lastModifiedDate":"2025-02-03","isFullCredit":false},{"lineNumber":137,"author":{"gitId":"kevinchangckc"},"content":"","lastModifiedDate":"2025-02-03","isFullCredit":false},{"lineNumber":138,"author":{"gitId":"kevinchangckc"},"content":"        System.out.println(\"_________________________________________\");","lastModifiedDate":"2025-02-03","isFullCredit":false},{"lineNumber":139,"author":{"gitId":"kevinchangckc"},"content":"        System.out.println(\"Hi there. I\u0027m Viktor.\");","lastModifiedDate":"2025-02-03","isFullCredit":false},{"lineNumber":140,"author":{"gitId":"kevinchangckc"},"content":"        System.out.println(\"How can I help you?\");","lastModifiedDate":"2025-02-03","isFullCredit":false},{"lineNumber":141,"author":{"gitId":"kevinchangckc"},"content":"        System.out.println(\"_________________________________________\");","lastModifiedDate":"2025-02-03","isFullCredit":false},{"lineNumber":142,"author":{"gitId":"kevinchangckc"},"content":"","lastModifiedDate":"2025-02-03","isFullCredit":false},{"lineNumber":143,"author":{"gitId":"kevinchangckc"},"content":"        while (true) {","lastModifiedDate":"2025-02-03","isFullCredit":false},{"lineNumber":144,"author":{"gitId":"kevinchangckc"},"content":"            String input \u003d scanner.nextLine();","lastModifiedDate":"2025-02-03","isFullCredit":false},{"lineNumber":145,"author":{"gitId":"kevinchangckc"},"content":"","lastModifiedDate":"2025-02-03","isFullCredit":false},{"lineNumber":146,"author":{"gitId":"kevinchangckc"},"content":"            if (input.equalsIgnoreCase(\"bye\")) {","lastModifiedDate":"2025-02-03","isFullCredit":false},{"lineNumber":147,"author":{"gitId":"kevinchangckc"},"content":"                System.out.println(\"_________________________________________\");","lastModifiedDate":"2025-02-03","isFullCredit":false},{"lineNumber":148,"author":{"gitId":"kevinchangckc"},"content":"                System.out.println(\"Bye. Hope to see you again soon.\");","lastModifiedDate":"2025-02-03","isFullCredit":false},{"lineNumber":149,"author":{"gitId":"kevinchangckc"},"content":"                System.out.println(\"_________________________________________\");","lastModifiedDate":"2025-02-03","isFullCredit":false},{"lineNumber":150,"author":{"gitId":"kevinchangckc"},"content":"                break;","lastModifiedDate":"2025-02-03","isFullCredit":false},{"lineNumber":151,"author":{"gitId":"kevinchangckc"},"content":"            } else if (input.equalsIgnoreCase(\"list\")) {","lastModifiedDate":"2025-02-03","isFullCredit":false},{"lineNumber":152,"author":{"gitId":"kevinchangckc"},"content":"                System.out.println(\"_________________________________________\");","lastModifiedDate":"2025-02-03","isFullCredit":false},{"lineNumber":153,"author":{"gitId":"kevinchangckc"},"content":"                System.out.println(\"Here are your tasks:\");","lastModifiedDate":"2025-02-03","isFullCredit":false},{"lineNumber":154,"author":{"gitId":"kevinchangckc"},"content":"                for (int i \u003d 0; i \u003c tasks.size(); i++) {","lastModifiedDate":"2025-02-03","isFullCredit":false},{"lineNumber":155,"author":{"gitId":"kevinchangckc"},"content":"                    System.out.println((i + 1) + \". \" + tasks.get(i));","lastModifiedDate":"2025-02-03","isFullCredit":false},{"lineNumber":156,"author":{"gitId":"kevinchangckc"},"content":"                }","lastModifiedDate":"2025-02-03","isFullCredit":false},{"lineNumber":157,"author":{"gitId":"kevinchangckc"},"content":"                System.out.println(\"_________________________________________\");","lastModifiedDate":"2025-02-03","isFullCredit":false},{"lineNumber":158,"author":{"gitId":"kevinchangckc"},"content":"            } else if (input.startsWith(\"mark \")) {","lastModifiedDate":"2025-02-03","isFullCredit":false},{"lineNumber":159,"author":{"gitId":"kevinchangckc"},"content":"                try {","lastModifiedDate":"2025-02-03","isFullCredit":false},{"lineNumber":160,"author":{"gitId":"kevinchangckc"},"content":"                    int taskIndex \u003d Integer.parseInt(input.split(\" \")[1]) - 1;","lastModifiedDate":"2025-02-03","isFullCredit":false},{"lineNumber":161,"author":{"gitId":"kevinchangckc"},"content":"                    tasks.get(taskIndex).markAsDone();","lastModifiedDate":"2025-02-03","isFullCredit":false},{"lineNumber":162,"author":{"gitId":"kevinchangckc"},"content":"                    System.out.println(\"_________________________________________\");","lastModifiedDate":"2025-02-03","isFullCredit":false},{"lineNumber":163,"author":{"gitId":"kevinchangckc"},"content":"                    System.out.println(\"Nice! I\u0027ve marked this task as done:\");","lastModifiedDate":"2025-02-03","isFullCredit":false},{"lineNumber":164,"author":{"gitId":"kevinchangckc"},"content":"                    System.out.println(tasks.get(taskIndex));","lastModifiedDate":"2025-02-03","isFullCredit":false},{"lineNumber":165,"author":{"gitId":"kevinchangckc"},"content":"                    System.out.println(\"_________________________________________\");","lastModifiedDate":"2025-02-03","isFullCredit":false},{"lineNumber":166,"author":{"gitId":"kevinchangckc"},"content":"                } catch (Exception e) {","lastModifiedDate":"2025-02-03","isFullCredit":false},{"lineNumber":167,"author":{"gitId":"kevinchangckc"},"content":"                    System.out.println(\"Invalid task number.\");","lastModifiedDate":"2025-02-03","isFullCredit":false},{"lineNumber":168,"author":{"gitId":"kevinchangckc"},"content":"                }","lastModifiedDate":"2025-02-03","isFullCredit":false},{"lineNumber":169,"author":{"gitId":"kevinchangckc"},"content":"            } else if (input.startsWith(\"unmark \")) {","lastModifiedDate":"2025-02-03","isFullCredit":false},{"lineNumber":170,"author":{"gitId":"kevinchangckc"},"content":"                try {","lastModifiedDate":"2025-02-03","isFullCredit":false},{"lineNumber":171,"author":{"gitId":"kevinchangckc"},"content":"                    int taskIndex \u003d Integer.parseInt(input.split(\" \")[1]) - 1;","lastModifiedDate":"2025-02-03","isFullCredit":false},{"lineNumber":172,"author":{"gitId":"kevinchangckc"},"content":"                    tasks.get(taskIndex).markAsNotDone();","lastModifiedDate":"2025-02-03","isFullCredit":false},{"lineNumber":173,"author":{"gitId":"kevinchangckc"},"content":"                    System.out.println(\"_________________________________________\");","lastModifiedDate":"2025-02-03","isFullCredit":false},{"lineNumber":174,"author":{"gitId":"kevinchangckc"},"content":"                    System.out.println(\"OK, I\u0027ve marked this task as not done yet:\");","lastModifiedDate":"2025-02-03","isFullCredit":false},{"lineNumber":175,"author":{"gitId":"kevinchangckc"},"content":"                    System.out.println(tasks.get(taskIndex));","lastModifiedDate":"2025-02-03","isFullCredit":false},{"lineNumber":176,"author":{"gitId":"kevinchangckc"},"content":"                    System.out.println(\"_________________________________________\");","lastModifiedDate":"2025-02-03","isFullCredit":false},{"lineNumber":177,"author":{"gitId":"kevinchangckc"},"content":"                } catch (Exception e) {","lastModifiedDate":"2025-02-03","isFullCredit":false},{"lineNumber":178,"author":{"gitId":"kevinchangckc"},"content":"                    System.out.println(\"Invalid task number.\");","lastModifiedDate":"2025-02-03","isFullCredit":false},{"lineNumber":179,"author":{"gitId":"kevinchangckc"},"content":"                }","lastModifiedDate":"2025-02-03","isFullCredit":false},{"lineNumber":180,"author":{"gitId":"kevinchangckc"},"content":"            } else {","lastModifiedDate":"2025-02-03","isFullCredit":false},{"lineNumber":181,"author":{"gitId":"kevinchangckc"},"content":"                Task newTask \u003d new Task(input);","lastModifiedDate":"2025-02-03","isFullCredit":false},{"lineNumber":182,"author":{"gitId":"kevinchangckc"},"content":"                tasks.add(newTask);","lastModifiedDate":"2025-02-03","isFullCredit":false},{"lineNumber":183,"author":{"gitId":"kevinchangckc"},"content":"                System.out.println(\"_________________________________________\");","lastModifiedDate":"2025-02-03","isFullCredit":false},{"lineNumber":184,"author":{"gitId":"kevinchangckc"},"content":"                System.out.println(\"Added: \" + newTask);","lastModifiedDate":"2025-02-03","isFullCredit":false},{"lineNumber":185,"author":{"gitId":"kevinchangckc"},"content":"                System.out.println(\"_________________________________________\");","lastModifiedDate":"2025-02-03","isFullCredit":false},{"lineNumber":186,"author":{"gitId":"kevinchangckc"},"content":"            }","lastModifiedDate":"2025-02-03","isFullCredit":false},{"lineNumber":187,"author":{"gitId":"kevinchangckc"},"content":"        }","lastModifiedDate":"2025-02-03","isFullCredit":false},{"lineNumber":188,"author":{"gitId":"kevinchangckc"},"content":"","lastModifiedDate":"2025-02-03","isFullCredit":false},{"lineNumber":189,"author":{"gitId":"kevinchangckc"},"content":"        scanner.close();","lastModifiedDate":"2025-02-03","isFullCredit":false},{"lineNumber":190,"author":{"gitId":"kevinchangckc"},"content":"    }","lastModifiedDate":"2025-02-03","isFullCredit":false},{"lineNumber":191,"author":{"gitId":"kevinchangckc"},"content":"}","lastModifiedDate":"2025-02-03","isFullCredit":false},{"lineNumber":192,"author":{"gitId":"kevinchangckc"},"content":"","lastModifiedDate":"2025-02-03","isFullCredit":false},{"lineNumber":193,"author":{"gitId":"kevinchangckc"},"content":" */","lastModifiedDate":"2025-02-03","isFullCredit":false},{"lineNumber":194,"author":{"gitId":"kevinchangckc"},"content":"","lastModifiedDate":"2025-02-03","isFullCredit":false},{"lineNumber":195,"author":{"gitId":"kevinchangckc"},"content":"// Level-4","lastModifiedDate":"2025-02-03","isFullCredit":false},{"lineNumber":196,"author":{"gitId":"kevinchangckc"},"content":"class ToDo extends Task {","lastModifiedDate":"2025-02-03","isFullCredit":false},{"lineNumber":197,"author":{"gitId":"kevinchangckc"},"content":"    public ToDo(String description) {","lastModifiedDate":"2025-02-03","isFullCredit":false},{"lineNumber":198,"author":{"gitId":"kevinchangckc"},"content":"        super(description);","lastModifiedDate":"2025-02-03","isFullCredit":false},{"lineNumber":199,"author":{"gitId":"kevinchangckc"},"content":"    }","lastModifiedDate":"2025-02-03","isFullCredit":false},{"lineNumber":200,"author":{"gitId":"kevinchangckc"},"content":"","lastModifiedDate":"2025-02-03","isFullCredit":false},{"lineNumber":201,"author":{"gitId":"kevinchangckc"},"content":"    @Override","lastModifiedDate":"2025-02-03","isFullCredit":false},{"lineNumber":202,"author":{"gitId":"kevinchangckc"},"content":"    public String toString() {","lastModifiedDate":"2025-02-03","isFullCredit":false},{"lineNumber":203,"author":{"gitId":"kevinchangckc"},"content":"        return \"[T]\" + super.toString();","lastModifiedDate":"2025-02-03","isFullCredit":false},{"lineNumber":204,"author":{"gitId":"kevinchangckc"},"content":"    }","lastModifiedDate":"2025-02-03","isFullCredit":false},{"lineNumber":205,"author":{"gitId":"kevinchangckc"},"content":"}","lastModifiedDate":"2025-02-03","isFullCredit":false},{"lineNumber":206,"author":{"gitId":"kevinchangckc"},"content":"","lastModifiedDate":"2025-02-03","isFullCredit":false},{"lineNumber":207,"author":{"gitId":"kevinchangckc"},"content":"class Deadline extends Task {","lastModifiedDate":"2025-02-03","isFullCredit":false},{"lineNumber":208,"author":{"gitId":"kevinchangckc"},"content":"    protected String by;","lastModifiedDate":"2025-02-03","isFullCredit":false},{"lineNumber":209,"author":{"gitId":"kevinchangckc"},"content":"","lastModifiedDate":"2025-02-03","isFullCredit":false},{"lineNumber":210,"author":{"gitId":"kevinchangckc"},"content":"    public Deadline(String description, String by) {","lastModifiedDate":"2025-02-03","isFullCredit":false},{"lineNumber":211,"author":{"gitId":"kevinchangckc"},"content":"        super(description);","lastModifiedDate":"2025-02-03","isFullCredit":false},{"lineNumber":212,"author":{"gitId":"kevinchangckc"},"content":"        this.by \u003d by;","lastModifiedDate":"2025-02-03","isFullCredit":false},{"lineNumber":213,"author":{"gitId":"kevinchangckc"},"content":"    }","lastModifiedDate":"2025-02-03","isFullCredit":false},{"lineNumber":214,"author":{"gitId":"kevinchangckc"},"content":"","lastModifiedDate":"2025-02-03","isFullCredit":false},{"lineNumber":215,"author":{"gitId":"kevinchangckc"},"content":"    @Override","lastModifiedDate":"2025-02-03","isFullCredit":false},{"lineNumber":216,"author":{"gitId":"kevinchangckc"},"content":"    public String toString() {","lastModifiedDate":"2025-02-03","isFullCredit":false},{"lineNumber":217,"author":{"gitId":"kevinchangckc"},"content":"        return \"[D]\" + super.toString() + \" (by: \" + by + \")\";","lastModifiedDate":"2025-02-03","isFullCredit":false},{"lineNumber":218,"author":{"gitId":"kevinchangckc"},"content":"    }","lastModifiedDate":"2025-02-03","isFullCredit":false},{"lineNumber":219,"author":{"gitId":"kevinchangckc"},"content":"}","lastModifiedDate":"2025-02-03","isFullCredit":false},{"lineNumber":220,"author":{"gitId":"kevinchangckc"},"content":"","lastModifiedDate":"2025-02-03","isFullCredit":false},{"lineNumber":221,"author":{"gitId":"kevinchangckc"},"content":"class Event extends Task {","lastModifiedDate":"2025-02-03","isFullCredit":false},{"lineNumber":222,"author":{"gitId":"kevinchangckc"},"content":"    protected String from;","lastModifiedDate":"2025-02-03","isFullCredit":false},{"lineNumber":223,"author":{"gitId":"kevinchangckc"},"content":"    protected String to;","lastModifiedDate":"2025-02-03","isFullCredit":false},{"lineNumber":224,"author":{"gitId":"kevinchangckc"},"content":"","lastModifiedDate":"2025-02-03","isFullCredit":false},{"lineNumber":225,"author":{"gitId":"kevinchangckc"},"content":"    public Event(String description, String from, String to) {","lastModifiedDate":"2025-02-03","isFullCredit":false},{"lineNumber":226,"author":{"gitId":"kevinchangckc"},"content":"        super(description);","lastModifiedDate":"2025-02-03","isFullCredit":false},{"lineNumber":227,"author":{"gitId":"kevinchangckc"},"content":"        this.from \u003d from;","lastModifiedDate":"2025-02-03","isFullCredit":false},{"lineNumber":228,"author":{"gitId":"kevinchangckc"},"content":"        this.to \u003d to;","lastModifiedDate":"2025-02-03","isFullCredit":false},{"lineNumber":229,"author":{"gitId":"kevinchangckc"},"content":"    }","lastModifiedDate":"2025-02-03","isFullCredit":false},{"lineNumber":230,"author":{"gitId":"kevinchangckc"},"content":"","lastModifiedDate":"2025-02-03","isFullCredit":false},{"lineNumber":231,"author":{"gitId":"kevinchangckc"},"content":"    @Override","lastModifiedDate":"2025-02-03","isFullCredit":false},{"lineNumber":232,"author":{"gitId":"kevinchangckc"},"content":"    public String toString() {","lastModifiedDate":"2025-02-03","isFullCredit":false},{"lineNumber":233,"author":{"gitId":"kevinchangckc"},"content":"        return \"[E]\" + super.toString() + \" (from: \" + from + \" to: \" + to + \")\";","lastModifiedDate":"2025-02-03","isFullCredit":false},{"lineNumber":234,"author":{"gitId":"kevinchangckc"},"content":"    }","lastModifiedDate":"2025-02-03","isFullCredit":false},{"lineNumber":235,"author":{"gitId":"kevinchangckc"},"content":"}","lastModifiedDate":"2025-02-03","isFullCredit":false},{"lineNumber":236,"author":{"gitId":"kevinchangckc"},"content":"","lastModifiedDate":"2025-02-03","isFullCredit":false},{"lineNumber":237,"author":{"gitId":"kevinchangckc"},"content":" /*","lastModifiedDate":"2025-02-12","isFullCredit":false},{"lineNumber":238,"author":{"gitId":"kevinchangckc"},"content":"public class Viktor {","lastModifiedDate":"2025-02-03","isFullCredit":false},{"lineNumber":239,"author":{"gitId":"kevinchangckc"},"content":"    public static void main(String[] args) {","lastModifiedDate":"2025-02-03","isFullCredit":false},{"lineNumber":240,"author":{"gitId":"kevinchangckc"},"content":"        Scanner scanner \u003d new Scanner(System.in);","lastModifiedDate":"2025-02-03","isFullCredit":false},{"lineNumber":241,"author":{"gitId":"kevinchangckc"},"content":"        ArrayList\u003cTask\u003e tasks \u003d new ArrayList\u003c\u003e();","lastModifiedDate":"2025-02-03","isFullCredit":false},{"lineNumber":242,"author":{"gitId":"kevinchangckc"},"content":"","lastModifiedDate":"2025-02-03","isFullCredit":false},{"lineNumber":243,"author":{"gitId":"kevinchangckc"},"content":"        System.out.println(\"_________________________________________\");","lastModifiedDate":"2025-02-03","isFullCredit":false},{"lineNumber":244,"author":{"gitId":"kevinchangckc"},"content":"        System.out.println(\"Hi there. I\u0027m Viktor.\");","lastModifiedDate":"2025-02-03","isFullCredit":false},{"lineNumber":245,"author":{"gitId":"kevinchangckc"},"content":"        System.out.println(\"How can I help you?\");","lastModifiedDate":"2025-02-03","isFullCredit":false},{"lineNumber":246,"author":{"gitId":"kevinchangckc"},"content":"        System.out.println(\"_________________________________________\");","lastModifiedDate":"2025-02-03","isFullCredit":false},{"lineNumber":247,"author":{"gitId":"kevinchangckc"},"content":"","lastModifiedDate":"2025-02-03","isFullCredit":false},{"lineNumber":248,"author":{"gitId":"kevinchangckc"},"content":"        while (true) {","lastModifiedDate":"2025-02-03","isFullCredit":false},{"lineNumber":249,"author":{"gitId":"kevinchangckc"},"content":"            String input \u003d scanner.nextLine();","lastModifiedDate":"2025-02-03","isFullCredit":false},{"lineNumber":250,"author":{"gitId":"kevinchangckc"},"content":"","lastModifiedDate":"2025-02-03","isFullCredit":false},{"lineNumber":251,"author":{"gitId":"kevinchangckc"},"content":"            // Exit program","lastModifiedDate":"2025-02-03","isFullCredit":false},{"lineNumber":252,"author":{"gitId":"kevinchangckc"},"content":"            if (input.equalsIgnoreCase(\"bye\")) {","lastModifiedDate":"2025-02-03","isFullCredit":false},{"lineNumber":253,"author":{"gitId":"kevinchangckc"},"content":"                System.out.println(\"_________________________________________\");","lastModifiedDate":"2025-02-03","isFullCredit":false},{"lineNumber":254,"author":{"gitId":"kevinchangckc"},"content":"                System.out.println(\"Bye. Hope to see you again soon.\");","lastModifiedDate":"2025-02-03","isFullCredit":false},{"lineNumber":255,"author":{"gitId":"kevinchangckc"},"content":"                System.out.println(\"_________________________________________\");","lastModifiedDate":"2025-02-03","isFullCredit":false},{"lineNumber":256,"author":{"gitId":"kevinchangckc"},"content":"                break;","lastModifiedDate":"2025-02-03","isFullCredit":false},{"lineNumber":257,"author":{"gitId":"kevinchangckc"},"content":"            }","lastModifiedDate":"2025-02-03","isFullCredit":false},{"lineNumber":258,"author":{"gitId":"kevinchangckc"},"content":"","lastModifiedDate":"2025-02-03","isFullCredit":false},{"lineNumber":259,"author":{"gitId":"kevinchangckc"},"content":"            // List all tasks","lastModifiedDate":"2025-02-03","isFullCredit":false},{"lineNumber":260,"author":{"gitId":"kevinchangckc"},"content":"            else if (input.equalsIgnoreCase(\"list\")) {","lastModifiedDate":"2025-02-03","isFullCredit":false},{"lineNumber":261,"author":{"gitId":"kevinchangckc"},"content":"                System.out.println(\"_________________________________________\");","lastModifiedDate":"2025-02-03","isFullCredit":false},{"lineNumber":262,"author":{"gitId":"kevinchangckc"},"content":"                System.out.println(\"Here are the tasks in your list:\");","lastModifiedDate":"2025-02-03","isFullCredit":false},{"lineNumber":263,"author":{"gitId":"kevinchangckc"},"content":"                for (int i \u003d 0; i \u003c tasks.size(); i++) {","lastModifiedDate":"2025-02-03","isFullCredit":false},{"lineNumber":264,"author":{"gitId":"kevinchangckc"},"content":"                    System.out.println((i + 1) + \". \" + tasks.get(i));","lastModifiedDate":"2025-02-03","isFullCredit":false},{"lineNumber":265,"author":{"gitId":"kevinchangckc"},"content":"                }","lastModifiedDate":"2025-02-03","isFullCredit":false},{"lineNumber":266,"author":{"gitId":"kevinchangckc"},"content":"                System.out.println(\"_________________________________________\");","lastModifiedDate":"2025-02-03","isFullCredit":false},{"lineNumber":267,"author":{"gitId":"kevinchangckc"},"content":"            }","lastModifiedDate":"2025-02-03","isFullCredit":false},{"lineNumber":268,"author":{"gitId":"kevinchangckc"},"content":"","lastModifiedDate":"2025-02-03","isFullCredit":false},{"lineNumber":269,"author":{"gitId":"kevinchangckc"},"content":"            // Mark a task as done","lastModifiedDate":"2025-02-03","isFullCredit":false},{"lineNumber":270,"author":{"gitId":"kevinchangckc"},"content":"            else if (input.startsWith(\"mark \")) {","lastModifiedDate":"2025-02-03","isFullCredit":false},{"lineNumber":271,"author":{"gitId":"kevinchangckc"},"content":"                try {","lastModifiedDate":"2025-02-03","isFullCredit":false},{"lineNumber":272,"author":{"gitId":"kevinchangckc"},"content":"                    int taskIndex \u003d Integer.parseInt(input.split(\" \")[1]) - 1;","lastModifiedDate":"2025-02-03","isFullCredit":false},{"lineNumber":273,"author":{"gitId":"kevinchangckc"},"content":"                    tasks.get(taskIndex).markAsDone();","lastModifiedDate":"2025-02-03","isFullCredit":false},{"lineNumber":274,"author":{"gitId":"kevinchangckc"},"content":"                    System.out.println(\"_________________________________________\");","lastModifiedDate":"2025-02-03","isFullCredit":false},{"lineNumber":275,"author":{"gitId":"kevinchangckc"},"content":"                    System.out.println(\"Nice! I\u0027ve marked this task as done:\");","lastModifiedDate":"2025-02-03","isFullCredit":false},{"lineNumber":276,"author":{"gitId":"kevinchangckc"},"content":"                    System.out.println(tasks.get(taskIndex));","lastModifiedDate":"2025-02-03","isFullCredit":false},{"lineNumber":277,"author":{"gitId":"kevinchangckc"},"content":"                    System.out.println(\"_________________________________________\");","lastModifiedDate":"2025-02-03","isFullCredit":false},{"lineNumber":278,"author":{"gitId":"kevinchangckc"},"content":"                } catch (Exception e) {","lastModifiedDate":"2025-02-03","isFullCredit":false},{"lineNumber":279,"author":{"gitId":"kevinchangckc"},"content":"                    System.out.println(\"Invalid task number.\");","lastModifiedDate":"2025-02-03","isFullCredit":false},{"lineNumber":280,"author":{"gitId":"kevinchangckc"},"content":"                }","lastModifiedDate":"2025-02-03","isFullCredit":false},{"lineNumber":281,"author":{"gitId":"kevinchangckc"},"content":"            }","lastModifiedDate":"2025-02-03","isFullCredit":false},{"lineNumber":282,"author":{"gitId":"kevinchangckc"},"content":"","lastModifiedDate":"2025-02-03","isFullCredit":false},{"lineNumber":283,"author":{"gitId":"kevinchangckc"},"content":"            // Unmark a task","lastModifiedDate":"2025-02-03","isFullCredit":false},{"lineNumber":284,"author":{"gitId":"kevinchangckc"},"content":"            else if (input.startsWith(\"unmark \")) {","lastModifiedDate":"2025-02-03","isFullCredit":false},{"lineNumber":285,"author":{"gitId":"kevinchangckc"},"content":"                try {","lastModifiedDate":"2025-02-03","isFullCredit":false},{"lineNumber":286,"author":{"gitId":"kevinchangckc"},"content":"                    int taskIndex \u003d Integer.parseInt(input.split(\" \")[1]) - 1;","lastModifiedDate":"2025-02-03","isFullCredit":false},{"lineNumber":287,"author":{"gitId":"kevinchangckc"},"content":"                    tasks.get(taskIndex).markAsNotDone();","lastModifiedDate":"2025-02-03","isFullCredit":false},{"lineNumber":288,"author":{"gitId":"kevinchangckc"},"content":"                    System.out.println(\"_________________________________________\");","lastModifiedDate":"2025-02-03","isFullCredit":false},{"lineNumber":289,"author":{"gitId":"kevinchangckc"},"content":"                    System.out.println(\"OK, I\u0027ve marked this task as not done yet:\");","lastModifiedDate":"2025-02-03","isFullCredit":false},{"lineNumber":290,"author":{"gitId":"kevinchangckc"},"content":"                    System.out.println(tasks.get(taskIndex));","lastModifiedDate":"2025-02-03","isFullCredit":false},{"lineNumber":291,"author":{"gitId":"kevinchangckc"},"content":"                    System.out.println(\"_________________________________________\");","lastModifiedDate":"2025-02-03","isFullCredit":false},{"lineNumber":292,"author":{"gitId":"kevinchangckc"},"content":"                } catch (Exception e) {","lastModifiedDate":"2025-02-03","isFullCredit":false},{"lineNumber":293,"author":{"gitId":"kevinchangckc"},"content":"                    System.out.println(\"Invalid task number.\");","lastModifiedDate":"2025-02-03","isFullCredit":false},{"lineNumber":294,"author":{"gitId":"kevinchangckc"},"content":"                }","lastModifiedDate":"2025-02-03","isFullCredit":false},{"lineNumber":295,"author":{"gitId":"kevinchangckc"},"content":"            }","lastModifiedDate":"2025-02-03","isFullCredit":false},{"lineNumber":296,"author":{"gitId":"kevinchangckc"},"content":"","lastModifiedDate":"2025-02-03","isFullCredit":false},{"lineNumber":297,"author":{"gitId":"kevinchangckc"},"content":"            // Add a ToDo task","lastModifiedDate":"2025-02-03","isFullCredit":false},{"lineNumber":298,"author":{"gitId":"kevinchangckc"},"content":"            else if (input.startsWith(\"todo \")) {","lastModifiedDate":"2025-02-03","isFullCredit":false},{"lineNumber":299,"author":{"gitId":"kevinchangckc"},"content":"                String taskDescription \u003d input.substring(5);","lastModifiedDate":"2025-02-03","isFullCredit":false},{"lineNumber":300,"author":{"gitId":"kevinchangckc"},"content":"                Task newTask \u003d new ToDo(taskDescription);","lastModifiedDate":"2025-02-03","isFullCredit":false},{"lineNumber":301,"author":{"gitId":"kevinchangckc"},"content":"                tasks.add(newTask);","lastModifiedDate":"2025-02-03","isFullCredit":false},{"lineNumber":302,"author":{"gitId":"kevinchangckc"},"content":"                System.out.println(\"_________________________________________\");","lastModifiedDate":"2025-02-03","isFullCredit":false},{"lineNumber":303,"author":{"gitId":"kevinchangckc"},"content":"                System.out.println(\"Got it. I\u0027ve added this task:\");","lastModifiedDate":"2025-02-03","isFullCredit":false},{"lineNumber":304,"author":{"gitId":"kevinchangckc"},"content":"                System.out.println(newTask);","lastModifiedDate":"2025-02-03","isFullCredit":false},{"lineNumber":305,"author":{"gitId":"kevinchangckc"},"content":"                System.out.println(\"Now you have \" + tasks.size() + \" tasks in the list.\");","lastModifiedDate":"2025-02-03","isFullCredit":false},{"lineNumber":306,"author":{"gitId":"kevinchangckc"},"content":"                System.out.println(\"_________________________________________\");","lastModifiedDate":"2025-02-03","isFullCredit":false},{"lineNumber":307,"author":{"gitId":"kevinchangckc"},"content":"            }","lastModifiedDate":"2025-02-03","isFullCredit":false},{"lineNumber":308,"author":{"gitId":"kevinchangckc"},"content":"","lastModifiedDate":"2025-02-03","isFullCredit":false},{"lineNumber":309,"author":{"gitId":"kevinchangckc"},"content":"            // Add a Deadline task","lastModifiedDate":"2025-02-03","isFullCredit":false},{"lineNumber":310,"author":{"gitId":"kevinchangckc"},"content":"            else if (input.startsWith(\"deadline \")) {","lastModifiedDate":"2025-02-03","isFullCredit":false},{"lineNumber":311,"author":{"gitId":"kevinchangckc"},"content":"                String[] parts \u003d input.substring(9).split(\" /by \");","lastModifiedDate":"2025-02-03","isFullCredit":false},{"lineNumber":312,"author":{"gitId":"kevinchangckc"},"content":"                if (parts.length \u003d\u003d 2) {","lastModifiedDate":"2025-02-03","isFullCredit":false},{"lineNumber":313,"author":{"gitId":"kevinchangckc"},"content":"                    Task newTask \u003d new Deadline(parts[0], parts[1]);","lastModifiedDate":"2025-02-03","isFullCredit":false},{"lineNumber":314,"author":{"gitId":"kevinchangckc"},"content":"                    tasks.add(newTask);","lastModifiedDate":"2025-02-03","isFullCredit":false},{"lineNumber":315,"author":{"gitId":"kevinchangckc"},"content":"                    System.out.println(\"_________________________________________\");","lastModifiedDate":"2025-02-03","isFullCredit":false},{"lineNumber":316,"author":{"gitId":"kevinchangckc"},"content":"                    System.out.println(\"Got it. I\u0027ve added this task:\");","lastModifiedDate":"2025-02-03","isFullCredit":false},{"lineNumber":317,"author":{"gitId":"kevinchangckc"},"content":"                    System.out.println(newTask);","lastModifiedDate":"2025-02-03","isFullCredit":false},{"lineNumber":318,"author":{"gitId":"kevinchangckc"},"content":"                    System.out.println(\"Now you have \" + tasks.size() + \" tasks in the list.\");","lastModifiedDate":"2025-02-03","isFullCredit":false},{"lineNumber":319,"author":{"gitId":"kevinchangckc"},"content":"                    System.out.println(\"_________________________________________\");","lastModifiedDate":"2025-02-03","isFullCredit":false},{"lineNumber":320,"author":{"gitId":"kevinchangckc"},"content":"                } else {","lastModifiedDate":"2025-02-03","isFullCredit":false},{"lineNumber":321,"author":{"gitId":"kevinchangckc"},"content":"                    System.out.println(\"Invalid deadline format. Use: deadline \u003ctask\u003e /by \u003cdate/time\u003e\");","lastModifiedDate":"2025-02-03","isFullCredit":false},{"lineNumber":322,"author":{"gitId":"kevinchangckc"},"content":"                }","lastModifiedDate":"2025-02-03","isFullCredit":false},{"lineNumber":323,"author":{"gitId":"kevinchangckc"},"content":"            }","lastModifiedDate":"2025-02-03","isFullCredit":false},{"lineNumber":324,"author":{"gitId":"kevinchangckc"},"content":"","lastModifiedDate":"2025-02-03","isFullCredit":false},{"lineNumber":325,"author":{"gitId":"kevinchangckc"},"content":"            // Add an Event task","lastModifiedDate":"2025-02-03","isFullCredit":false},{"lineNumber":326,"author":{"gitId":"kevinchangckc"},"content":"            else if (input.startsWith(\"event \")) {","lastModifiedDate":"2025-02-03","isFullCredit":false},{"lineNumber":327,"author":{"gitId":"kevinchangckc"},"content":"                String[] parts \u003d input.substring(6).split(\" /from | /to \");","lastModifiedDate":"2025-02-03","isFullCredit":false},{"lineNumber":328,"author":{"gitId":"kevinchangckc"},"content":"                if (parts.length \u003d\u003d 3) {","lastModifiedDate":"2025-02-03","isFullCredit":false},{"lineNumber":329,"author":{"gitId":"kevinchangckc"},"content":"                    Task newTask \u003d new Event(parts[0], parts[1], parts[2]);","lastModifiedDate":"2025-02-03","isFullCredit":false},{"lineNumber":330,"author":{"gitId":"kevinchangckc"},"content":"                    tasks.add(newTask);","lastModifiedDate":"2025-02-03","isFullCredit":false},{"lineNumber":331,"author":{"gitId":"kevinchangckc"},"content":"                    System.out.println(\"_________________________________________\");","lastModifiedDate":"2025-02-03","isFullCredit":false},{"lineNumber":332,"author":{"gitId":"kevinchangckc"},"content":"                    System.out.println(\"Got it. I\u0027ve added this task:\");","lastModifiedDate":"2025-02-03","isFullCredit":false},{"lineNumber":333,"author":{"gitId":"kevinchangckc"},"content":"                    System.out.println(newTask);","lastModifiedDate":"2025-02-03","isFullCredit":false},{"lineNumber":334,"author":{"gitId":"kevinchangckc"},"content":"                    System.out.println(\"Now you have \" + tasks.size() + \" tasks in the list.\");","lastModifiedDate":"2025-02-03","isFullCredit":false},{"lineNumber":335,"author":{"gitId":"kevinchangckc"},"content":"                    System.out.println(\"_________________________________________\");","lastModifiedDate":"2025-02-03","isFullCredit":false},{"lineNumber":336,"author":{"gitId":"kevinchangckc"},"content":"                } else {","lastModifiedDate":"2025-02-03","isFullCredit":false},{"lineNumber":337,"author":{"gitId":"kevinchangckc"},"content":"                    System.out.println(\"Invalid event format. Use: event \u003ctask\u003e /from \u003cstart time\u003e /to \u003cend time\u003e\");","lastModifiedDate":"2025-02-03","isFullCredit":false},{"lineNumber":338,"author":{"gitId":"kevinchangckc"},"content":"                }","lastModifiedDate":"2025-02-03","isFullCredit":false},{"lineNumber":339,"author":{"gitId":"kevinchangckc"},"content":"            }","lastModifiedDate":"2025-02-03","isFullCredit":false},{"lineNumber":340,"author":{"gitId":"kevinchangckc"},"content":"","lastModifiedDate":"2025-02-03","isFullCredit":false},{"lineNumber":341,"author":{"gitId":"kevinchangckc"},"content":"            // Invalid command","lastModifiedDate":"2025-02-03","isFullCredit":false},{"lineNumber":342,"author":{"gitId":"kevinchangckc"},"content":"            else {","lastModifiedDate":"2025-02-03","isFullCredit":false},{"lineNumber":343,"author":{"gitId":"kevinchangckc"},"content":"                System.out.println(\"Sorry, I don\u0027t understand that command.\");","lastModifiedDate":"2025-02-03","isFullCredit":false},{"lineNumber":344,"author":{"gitId":"kevinchangckc"},"content":"            }","lastModifiedDate":"2025-02-03","isFullCredit":false},{"lineNumber":345,"author":{"gitId":"kevinchangckc"},"content":"        }","lastModifiedDate":"2025-02-03","isFullCredit":false},{"lineNumber":346,"author":{"gitId":"kevinchangckc"},"content":"","lastModifiedDate":"2025-02-03","isFullCredit":false},{"lineNumber":347,"author":{"gitId":"kevinchangckc"},"content":"        scanner.close();","lastModifiedDate":"2025-02-03","isFullCredit":false},{"lineNumber":348,"author":{"gitId":"kevinchangckc"},"content":"    }","lastModifiedDate":"2025-02-03","isFullCredit":false},{"lineNumber":349,"author":{"gitId":"kevinchangckc"},"content":"}","lastModifiedDate":"2025-02-03","isFullCredit":false},{"lineNumber":350,"author":{"gitId":"kevinchangckc"},"content":"  */","lastModifiedDate":"2025-02-12","isFullCredit":false},{"lineNumber":351,"author":{"gitId":"kevinchangckc"},"content":"","lastModifiedDate":"2025-02-12","isFullCredit":false},{"lineNumber":352,"author":{"gitId":"kevinchangckc"},"content":"// Level-5","lastModifiedDate":"2025-02-12","isFullCredit":false},{"lineNumber":353,"author":{"gitId":"kevinchangckc"},"content":"class ViktorException extends Exception {","lastModifiedDate":"2025-02-12","isFullCredit":false},{"lineNumber":354,"author":{"gitId":"kevinchangckc"},"content":"    public ViktorException(String message) {","lastModifiedDate":"2025-02-12","isFullCredit":false},{"lineNumber":355,"author":{"gitId":"kevinchangckc"},"content":"        super(message);","lastModifiedDate":"2025-02-12","isFullCredit":false},{"lineNumber":356,"author":{"gitId":"kevinchangckc"},"content":"    }","lastModifiedDate":"2025-02-12","isFullCredit":false},{"lineNumber":357,"author":{"gitId":"kevinchangckc"},"content":"}","lastModifiedDate":"2025-02-12","isFullCredit":false},{"lineNumber":358,"author":{"gitId":"kevinchangckc"},"content":"","lastModifiedDate":"2025-02-12","isFullCredit":false},{"lineNumber":359,"author":{"gitId":"kevinchangckc"},"content":"public class Viktor {","lastModifiedDate":"2025-02-12","isFullCredit":false},{"lineNumber":360,"author":{"gitId":"kevinchangckc"},"content":"    public static void main(String[] args) {","lastModifiedDate":"2025-02-12","isFullCredit":false},{"lineNumber":361,"author":{"gitId":"kevinchangckc"},"content":"        Scanner scanner \u003d new Scanner(System.in);","lastModifiedDate":"2025-02-12","isFullCredit":false},{"lineNumber":362,"author":{"gitId":"kevinchangckc"},"content":"        ArrayList\u003cTask\u003e tasks \u003d new ArrayList\u003c\u003e();","lastModifiedDate":"2025-02-12","isFullCredit":false},{"lineNumber":363,"author":{"gitId":"kevinchangckc"},"content":"","lastModifiedDate":"2025-02-12","isFullCredit":false},{"lineNumber":364,"author":{"gitId":"kevinchangckc"},"content":"        System.out.println(\"_________________________________________\");","lastModifiedDate":"2025-02-12","isFullCredit":false},{"lineNumber":365,"author":{"gitId":"kevinchangckc"},"content":"        System.out.println(\"Hi there. I\u0027m Viktor.\");","lastModifiedDate":"2025-02-12","isFullCredit":false},{"lineNumber":366,"author":{"gitId":"kevinchangckc"},"content":"        System.out.println(\"How can I help you?\");","lastModifiedDate":"2025-02-12","isFullCredit":false},{"lineNumber":367,"author":{"gitId":"kevinchangckc"},"content":"        System.out.println(\"_________________________________________\");","lastModifiedDate":"2025-02-12","isFullCredit":false},{"lineNumber":368,"author":{"gitId":"kevinchangckc"},"content":"","lastModifiedDate":"2025-02-12","isFullCredit":false},{"lineNumber":369,"author":{"gitId":"kevinchangckc"},"content":"        while (true) {","lastModifiedDate":"2025-02-12","isFullCredit":false},{"lineNumber":370,"author":{"gitId":"kevinchangckc"},"content":"            String input \u003d scanner.nextLine();","lastModifiedDate":"2025-02-12","isFullCredit":false},{"lineNumber":371,"author":{"gitId":"kevinchangckc"},"content":"","lastModifiedDate":"2025-02-12","isFullCredit":false},{"lineNumber":372,"author":{"gitId":"kevinchangckc"},"content":"            try {","lastModifiedDate":"2025-02-12","isFullCredit":false},{"lineNumber":373,"author":{"gitId":"kevinchangckc"},"content":"                if (input.equalsIgnoreCase(\"bye\")) {","lastModifiedDate":"2025-02-12","isFullCredit":false},{"lineNumber":374,"author":{"gitId":"kevinchangckc"},"content":"                    System.out.println(\"_________________________________________\");","lastModifiedDate":"2025-02-12","isFullCredit":false},{"lineNumber":375,"author":{"gitId":"kevinchangckc"},"content":"                    System.out.println(\"Goodbye! Have a great day.\");","lastModifiedDate":"2025-02-12","isFullCredit":false},{"lineNumber":376,"author":{"gitId":"kevinchangckc"},"content":"                    System.out.println(\"_________________________________________\");","lastModifiedDate":"2025-02-12","isFullCredit":false},{"lineNumber":377,"author":{"gitId":"kevinchangckc"},"content":"                    break;","lastModifiedDate":"2025-02-12","isFullCredit":false},{"lineNumber":378,"author":{"gitId":"kevinchangckc"},"content":"                }","lastModifiedDate":"2025-02-12","isFullCredit":false},{"lineNumber":379,"author":{"gitId":"kevinchangckc"},"content":"","lastModifiedDate":"2025-02-12","isFullCredit":false},{"lineNumber":380,"author":{"gitId":"kevinchangckc"},"content":"                else if (input.equalsIgnoreCase(\"list\")) {","lastModifiedDate":"2025-02-12","isFullCredit":false},{"lineNumber":381,"author":{"gitId":"kevinchangckc"},"content":"                    System.out.println(\"_________________________________________\");","lastModifiedDate":"2025-02-12","isFullCredit":false},{"lineNumber":382,"author":{"gitId":"kevinchangckc"},"content":"                    System.out.println(\"Here are your tasks:\");","lastModifiedDate":"2025-02-12","isFullCredit":false},{"lineNumber":383,"author":{"gitId":"kevinchangckc"},"content":"                    for (int i \u003d 0; i \u003c tasks.size(); i++) {","lastModifiedDate":"2025-02-12","isFullCredit":false},{"lineNumber":384,"author":{"gitId":"kevinchangckc"},"content":"                        System.out.println((i + 1) + \". \" + tasks.get(i));","lastModifiedDate":"2025-02-12","isFullCredit":false},{"lineNumber":385,"author":{"gitId":"kevinchangckc"},"content":"                    }","lastModifiedDate":"2025-02-12","isFullCredit":false},{"lineNumber":386,"author":{"gitId":"kevinchangckc"},"content":"                    System.out.println(\"_________________________________________\");","lastModifiedDate":"2025-02-12","isFullCredit":false},{"lineNumber":387,"author":{"gitId":"kevinchangckc"},"content":"                }","lastModifiedDate":"2025-02-12","isFullCredit":false},{"lineNumber":388,"author":{"gitId":"kevinchangckc"},"content":"","lastModifiedDate":"2025-02-12","isFullCredit":false},{"lineNumber":389,"author":{"gitId":"kevinchangckc"},"content":"                else if (input.startsWith(\"todo\")) {","lastModifiedDate":"2025-02-12","isFullCredit":false},{"lineNumber":390,"author":{"gitId":"kevinchangckc"},"content":"                    String taskDescription \u003d input.substring(4).trim();","lastModifiedDate":"2025-02-12","isFullCredit":false},{"lineNumber":391,"author":{"gitId":"kevinchangckc"},"content":"                    if (taskDescription.isEmpty()) {","lastModifiedDate":"2025-02-12","isFullCredit":false},{"lineNumber":392,"author":{"gitId":"kevinchangckc"},"content":"                        throw new ViktorException(\"I\u0027m afraid your todo task is empty. Please try again.\");","lastModifiedDate":"2025-02-12","isFullCredit":false},{"lineNumber":393,"author":{"gitId":"kevinchangckc"},"content":"                    }","lastModifiedDate":"2025-02-12","isFullCredit":false},{"lineNumber":394,"author":{"gitId":"kevinchangckc"},"content":"                    Task newTask \u003d new ToDo(taskDescription);","lastModifiedDate":"2025-02-12","isFullCredit":false},{"lineNumber":395,"author":{"gitId":"kevinchangckc"},"content":"                    tasks.add(newTask);","lastModifiedDate":"2025-02-12","isFullCredit":false},{"lineNumber":396,"author":{"gitId":"kevinchangckc"},"content":"                    System.out.println(\"_________________________________________\");","lastModifiedDate":"2025-02-12","isFullCredit":false},{"lineNumber":397,"author":{"gitId":"kevinchangckc"},"content":"                    System.out.println(\"Got it. I\u0027ve added this task:\");","lastModifiedDate":"2025-02-12","isFullCredit":false},{"lineNumber":398,"author":{"gitId":"kevinchangckc"},"content":"                    System.out.println(newTask);","lastModifiedDate":"2025-02-12","isFullCredit":false},{"lineNumber":399,"author":{"gitId":"kevinchangckc"},"content":"                    System.out.println(\"Now you have \" + tasks.size() + \" tasks in the list.\");","lastModifiedDate":"2025-02-12","isFullCredit":false},{"lineNumber":400,"author":{"gitId":"kevinchangckc"},"content":"                    System.out.println(\"_________________________________________\");","lastModifiedDate":"2025-02-12","isFullCredit":false},{"lineNumber":401,"author":{"gitId":"kevinchangckc"},"content":"                }","lastModifiedDate":"2025-02-12","isFullCredit":false},{"lineNumber":402,"author":{"gitId":"kevinchangckc"},"content":"","lastModifiedDate":"2025-02-12","isFullCredit":false},{"lineNumber":403,"author":{"gitId":"kevinchangckc"},"content":"                else if (input.startsWith(\"deadline\")) {","lastModifiedDate":"2025-02-12","isFullCredit":false},{"lineNumber":404,"author":{"gitId":"kevinchangckc"},"content":"                    String[] parts \u003d input.substring(8).split(\" /by \");","lastModifiedDate":"2025-02-12","isFullCredit":false},{"lineNumber":405,"author":{"gitId":"kevinchangckc"},"content":"                    if (parts.length \u003c 2) {","lastModifiedDate":"2025-02-12","isFullCredit":false},{"lineNumber":406,"author":{"gitId":"kevinchangckc"},"content":"                        throw new ViktorException(\"I\u0027m afraid you didn\u0027t include a deadline. Please specify a deadline using \u0027/by\u0027.\");","lastModifiedDate":"2025-02-12","isFullCredit":false},{"lineNumber":407,"author":{"gitId":"kevinchangckc"},"content":"                    }","lastModifiedDate":"2025-02-12","isFullCredit":false},{"lineNumber":408,"author":{"gitId":"kevinchangckc"},"content":"                    Task newTask \u003d new Deadline(parts[0], parts[1]);","lastModifiedDate":"2025-02-12","isFullCredit":false},{"lineNumber":409,"author":{"gitId":"kevinchangckc"},"content":"                    tasks.add(newTask);","lastModifiedDate":"2025-02-12","isFullCredit":false},{"lineNumber":410,"author":{"gitId":"kevinchangckc"},"content":"                    System.out.println(\"_________________________________________\");","lastModifiedDate":"2025-02-12","isFullCredit":false},{"lineNumber":411,"author":{"gitId":"kevinchangckc"},"content":"                    System.out.println(\"Got it. I\u0027ve added this task:\");","lastModifiedDate":"2025-02-12","isFullCredit":false},{"lineNumber":412,"author":{"gitId":"kevinchangckc"},"content":"                    System.out.println(newTask);","lastModifiedDate":"2025-02-12","isFullCredit":false},{"lineNumber":413,"author":{"gitId":"kevinchangckc"},"content":"                    System.out.println(\"Now you have \" + tasks.size() + \" tasks in the list.\");","lastModifiedDate":"2025-02-12","isFullCredit":false},{"lineNumber":414,"author":{"gitId":"kevinchangckc"},"content":"                    System.out.println(\"_________________________________________\");","lastModifiedDate":"2025-02-12","isFullCredit":false},{"lineNumber":415,"author":{"gitId":"kevinchangckc"},"content":"                }","lastModifiedDate":"2025-02-12","isFullCredit":false},{"lineNumber":416,"author":{"gitId":"kevinchangckc"},"content":"","lastModifiedDate":"2025-02-12","isFullCredit":false},{"lineNumber":417,"author":{"gitId":"kevinchangckc"},"content":"                else if (input.startsWith(\"event\")) {","lastModifiedDate":"2025-02-12","isFullCredit":false},{"lineNumber":418,"author":{"gitId":"kevinchangckc"},"content":"                    String[] parts \u003d input.substring(5).split(\" /from | /to \");","lastModifiedDate":"2025-02-12","isFullCredit":false},{"lineNumber":419,"author":{"gitId":"kevinchangckc"},"content":"                    if (parts.length \u003c 3) {","lastModifiedDate":"2025-02-12","isFullCredit":false},{"lineNumber":420,"author":{"gitId":"kevinchangckc"},"content":"                        throw new ViktorException(\"Please use \u0027/from\u0027 and \u0027/to\u0027 for event timing.\");","lastModifiedDate":"2025-02-12","isFullCredit":false},{"lineNumber":421,"author":{"gitId":"kevinchangckc"},"content":"                    }","lastModifiedDate":"2025-02-12","isFullCredit":false},{"lineNumber":422,"author":{"gitId":"kevinchangckc"},"content":"                    Task newTask \u003d new Event(parts[0], parts[1], parts[2]);","lastModifiedDate":"2025-02-12","isFullCredit":false},{"lineNumber":423,"author":{"gitId":"kevinchangckc"},"content":"                    tasks.add(newTask);","lastModifiedDate":"2025-02-12","isFullCredit":false},{"lineNumber":424,"author":{"gitId":"kevinchangckc"},"content":"                    System.out.println(\"_________________________________________\");","lastModifiedDate":"2025-02-12","isFullCredit":false},{"lineNumber":425,"author":{"gitId":"kevinchangckc"},"content":"                    System.out.println(\"Noted. I\u0027ve added this task:\");","lastModifiedDate":"2025-02-12","isFullCredit":false},{"lineNumber":426,"author":{"gitId":"kevinchangckc"},"content":"                    System.out.println(newTask);","lastModifiedDate":"2025-02-12","isFullCredit":false},{"lineNumber":427,"author":{"gitId":"kevinchangckc"},"content":"                    System.out.println(\"Now you have \" + tasks.size() + \" tasks in the list.\");","lastModifiedDate":"2025-02-12","isFullCredit":false},{"lineNumber":428,"author":{"gitId":"kevinchangckc"},"content":"                    System.out.println(\"_________________________________________\");","lastModifiedDate":"2025-02-12","isFullCredit":false},{"lineNumber":429,"author":{"gitId":"kevinchangckc"},"content":"                }","lastModifiedDate":"2025-02-12","isFullCredit":false},{"lineNumber":430,"author":{"gitId":"kevinchangckc"},"content":"","lastModifiedDate":"2025-02-12","isFullCredit":false},{"lineNumber":431,"author":{"gitId":"kevinchangckc"},"content":"                else {","lastModifiedDate":"2025-02-12","isFullCredit":false},{"lineNumber":432,"author":{"gitId":"kevinchangckc"},"content":"                    throw new ViktorException(\"I\u0027m afraid don\u0027t understand your command. Please try again.\");","lastModifiedDate":"2025-02-12","isFullCredit":false},{"lineNumber":433,"author":{"gitId":"kevinchangckc"},"content":"                }","lastModifiedDate":"2025-02-12","isFullCredit":false},{"lineNumber":434,"author":{"gitId":"kevinchangckc"},"content":"","lastModifiedDate":"2025-02-12","isFullCredit":false},{"lineNumber":435,"author":{"gitId":"kevinchangckc"},"content":"            } catch (ViktorException e) {","lastModifiedDate":"2025-02-12","isFullCredit":false},{"lineNumber":436,"author":{"gitId":"kevinchangckc"},"content":"                System.out.println(\"_________________________________________\");","lastModifiedDate":"2025-02-12","isFullCredit":false},{"lineNumber":437,"author":{"gitId":"kevinchangckc"},"content":"                System.out.println(e.getMessage());","lastModifiedDate":"2025-02-12","isFullCredit":false},{"lineNumber":438,"author":{"gitId":"kevinchangckc"},"content":"                System.out.println(\"_________________________________________\");","lastModifiedDate":"2025-02-12","isFullCredit":false},{"lineNumber":439,"author":{"gitId":"kevinchangckc"},"content":"            }","lastModifiedDate":"2025-02-12","isFullCredit":false},{"lineNumber":440,"author":{"gitId":"kevinchangckc"},"content":"        }","lastModifiedDate":"2025-02-12","isFullCredit":false},{"lineNumber":441,"author":{"gitId":"kevinchangckc"},"content":"","lastModifiedDate":"2025-02-12","isFullCredit":false},{"lineNumber":442,"author":{"gitId":"kevinchangckc"},"content":"        scanner.close();","lastModifiedDate":"2025-02-12","isFullCredit":false},{"lineNumber":443,"author":{"gitId":"kevinchangckc"},"content":"    }","lastModifiedDate":"2025-02-12","isFullCredit":false},{"lineNumber":444,"author":{"gitId":"kevinchangckc"},"content":"}","lastModifiedDate":"2025-02-12","isFullCredit":false}],"authorContributionMap":{"kevinchangckc":444}},{"path":"text-ui-test/input.txt","fileType":"txt","lines":[{"lineNumber":1,"author":{"gitId":"kevinchangckc"},"content":"event research meeting /from tues 1pm to 5pm","lastModifiedDate":"2025-02-03","isFullCredit":false}],"authorContributionMap":{"kevinchangckc":1}},{"path":"text-ui-test/runtest.bat","fileType":"bat","lines":[{"lineNumber":1,"author":{"gitId":"-"},"content":"@ECHO OFF","lastModifiedDate":"2020-05-25","isFullCredit":false},{"lineNumber":2,"author":{"gitId":"-"},"content":"","lastModifiedDate":"2020-05-25","isFullCredit":false},{"lineNumber":3,"author":{"gitId":"-"},"content":"REM create bin directory if it doesn\u0027t exist","lastModifiedDate":"2020-05-25","isFullCredit":false},{"lineNumber":4,"author":{"gitId":"-"},"content":"if not exist ..\\bin mkdir ..\\bin","lastModifiedDate":"2020-05-25","isFullCredit":false},{"lineNumber":5,"author":{"gitId":"-"},"content":"","lastModifiedDate":"2020-05-25","isFullCredit":false},{"lineNumber":6,"author":{"gitId":"-"},"content":"REM delete output from previous run","lastModifiedDate":"2020-05-25","isFullCredit":false},{"lineNumber":7,"author":{"gitId":"-"},"content":"if exist ACTUAL.TXT del ACTUAL.TXT","lastModifiedDate":"2020-08-25","isFullCredit":false},{"lineNumber":8,"author":{"gitId":"-"},"content":"","lastModifiedDate":"2020-05-25","isFullCredit":false},{"lineNumber":9,"author":{"gitId":"-"},"content":"REM compile the code into the bin folder","lastModifiedDate":"2020-05-25","isFullCredit":false},{"lineNumber":10,"author":{"gitId":"-"},"content":"javac  -cp ..\\src\\main\\java -Xlint:none -d ..\\bin ..\\src\\main\\java\\*.java","lastModifiedDate":"2020-08-25","isFullCredit":false},{"lineNumber":11,"author":{"gitId":"-"},"content":"IF ERRORLEVEL 1 (","lastModifiedDate":"2020-05-25","isFullCredit":false},{"lineNumber":12,"author":{"gitId":"-"},"content":"    echo ********** BUILD FAILURE **********","lastModifiedDate":"2020-05-25","isFullCredit":false},{"lineNumber":13,"author":{"gitId":"-"},"content":"    exit /b 1","lastModifiedDate":"2020-05-25","isFullCredit":false},{"lineNumber":14,"author":{"gitId":"-"},"content":")","lastModifiedDate":"2020-05-25","isFullCredit":false},{"lineNumber":15,"author":{"gitId":"-"},"content":"REM no error here, errorlevel \u003d\u003d 0","lastModifiedDate":"2020-05-25","isFullCredit":false},{"lineNumber":16,"author":{"gitId":"-"},"content":"","lastModifiedDate":"2020-05-25","isFullCredit":false},{"lineNumber":17,"author":{"gitId":"-"},"content":"REM run the program, feed commands from input.txt file and redirect the output to the ACTUAL.TXT","lastModifiedDate":"2020-05-25","isFullCredit":false},{"lineNumber":18,"author":{"gitId":"kevinchangckc"},"content":"java -classpath ..\\bin Viktor \u003c input.txt \u003e ACTUAL.TXT","lastModifiedDate":"2025-02-03","isFullCredit":false},{"lineNumber":19,"author":{"gitId":"-"},"content":"","lastModifiedDate":"2020-05-25","isFullCredit":false},{"lineNumber":20,"author":{"gitId":"-"},"content":"REM compare the output to the expected output","lastModifiedDate":"2020-05-25","isFullCredit":false},{"lineNumber":21,"author":{"gitId":"-"},"content":"FC ACTUAL.TXT EXPECTED.TXT","lastModifiedDate":"2020-05-25","isFullCredit":false}],"authorContributionMap":{"kevinchangckc":1,"-":20}},{"path":"text-ui-test/runtest.sh","fileType":"sh","lines":[{"lineNumber":1,"author":{"gitId":"-"},"content":"#!/usr/bin/env bash","lastModifiedDate":"2020-05-25","isFullCredit":false},{"lineNumber":2,"author":{"gitId":"-"},"content":"","lastModifiedDate":"2020-05-25","isFullCredit":false},{"lineNumber":3,"author":{"gitId":"-"},"content":"# create bin directory if it doesn\u0027t exist","lastModifiedDate":"2020-05-25","isFullCredit":false},{"lineNumber":4,"author":{"gitId":"-"},"content":"if [ ! -d \"../bin\" ]","lastModifiedDate":"2020-05-25","isFullCredit":false},{"lineNumber":5,"author":{"gitId":"-"},"content":"then","lastModifiedDate":"2020-05-25","isFullCredit":false},{"lineNumber":6,"author":{"gitId":"-"},"content":"    mkdir ../bin","lastModifiedDate":"2020-05-25","isFullCredit":false},{"lineNumber":7,"author":{"gitId":"-"},"content":"fi","lastModifiedDate":"2020-05-25","isFullCredit":false},{"lineNumber":8,"author":{"gitId":"-"},"content":"","lastModifiedDate":"2020-05-25","isFullCredit":false},{"lineNumber":9,"author":{"gitId":"-"},"content":"# delete output from previous run","lastModifiedDate":"2020-05-25","isFullCredit":false},{"lineNumber":10,"author":{"gitId":"-"},"content":"if [ -e \"./ACTUAL.TXT\" ]","lastModifiedDate":"2020-05-25","isFullCredit":false},{"lineNumber":11,"author":{"gitId":"-"},"content":"then","lastModifiedDate":"2020-05-25","isFullCredit":false},{"lineNumber":12,"author":{"gitId":"-"},"content":"    rm ACTUAL.TXT","lastModifiedDate":"2020-05-25","isFullCredit":false},{"lineNumber":13,"author":{"gitId":"-"},"content":"fi","lastModifiedDate":"2020-05-25","isFullCredit":false},{"lineNumber":14,"author":{"gitId":"-"},"content":"","lastModifiedDate":"2020-05-25","isFullCredit":false},{"lineNumber":15,"author":{"gitId":"-"},"content":"# compile the code into the bin folder, terminates if error occurred","lastModifiedDate":"2020-05-25","isFullCredit":false},{"lineNumber":16,"author":{"gitId":"kevinchangckc"},"content":"if ! javac -cp ../src/main/java -Xlint:none -d ../bin ../src/main/java/Viktor.java","lastModifiedDate":"2025-02-03","isFullCredit":false},{"lineNumber":17,"author":{"gitId":"-"},"content":"then","lastModifiedDate":"2020-05-25","isFullCredit":false},{"lineNumber":18,"author":{"gitId":"-"},"content":"    echo \"********** BUILD FAILURE **********\"","lastModifiedDate":"2020-05-25","isFullCredit":false},{"lineNumber":19,"author":{"gitId":"-"},"content":"    exit 1","lastModifiedDate":"2020-05-25","isFullCredit":false},{"lineNumber":20,"author":{"gitId":"-"},"content":"fi","lastModifiedDate":"2020-05-25","isFullCredit":false},{"lineNumber":21,"author":{"gitId":"-"},"content":"","lastModifiedDate":"2020-05-25","isFullCredit":false},{"lineNumber":22,"author":{"gitId":"-"},"content":"# run the program, feed commands from input.txt file and redirect the output to the ACTUAL.TXT","lastModifiedDate":"2020-05-25","isFullCredit":false},{"lineNumber":23,"author":{"gitId":"kevinchangckc"},"content":"java -classpath ../bin Viktor \u003c input.txt \u003e ACTUAL.TXT","lastModifiedDate":"2025-02-03","isFullCredit":false},{"lineNumber":24,"author":{"gitId":"-"},"content":"","lastModifiedDate":"2020-05-25","isFullCredit":false},{"lineNumber":25,"author":{"gitId":"-"},"content":"# compare the output to the expected output","lastModifiedDate":"2020-05-25","isFullCredit":false},{"lineNumber":26,"author":{"gitId":"kevinchangckc"},"content":"diff ACTUAL.TXT EXPECTED.TXT","lastModifiedDate":"2025-02-03","isFullCredit":false},{"lineNumber":27,"author":{"gitId":"-"},"content":"if [ $? -eq 0 ]","lastModifiedDate":"2020-05-25","isFullCredit":false},{"lineNumber":28,"author":{"gitId":"-"},"content":"then","lastModifiedDate":"2020-05-25","isFullCredit":false},{"lineNumber":29,"author":{"gitId":"-"},"content":"    echo \"Test result: PASSED\"","lastModifiedDate":"2020-05-25","isFullCredit":false},{"lineNumber":30,"author":{"gitId":"-"},"content":"    exit 0","lastModifiedDate":"2020-05-25","isFullCredit":false},{"lineNumber":31,"author":{"gitId":"-"},"content":"else","lastModifiedDate":"2020-05-25","isFullCredit":false},{"lineNumber":32,"author":{"gitId":"-"},"content":"    echo \"Test result: FAILED\"","lastModifiedDate":"2020-05-25","isFullCredit":false},{"lineNumber":33,"author":{"gitId":"-"},"content":"    exit 1","lastModifiedDate":"2020-05-25","isFullCredit":false},{"lineNumber":34,"author":{"gitId":"-"},"content":"fi","lastModifiedDate":"2020-05-25","isFullCredit":false}],"authorContributionMap":{"kevinchangckc":3,"-":31}}]
