{"authorDailyContributionsMap":{"eth4n22":[{"date":"2025-01-24","commitResults":[{"hash":"4e487384c11fbf6f3dc99993ef3705ec25b496d3","isMergeCommit":false,"messageTitle":"Level 0. Rename, Greet, Exit.","messageBody":"","fileTypesAndContributionMap":{"java":{"insertions":10,"deletions":0}}}]},{"date":"2025-01-31","commitResults":[{"hash":"9f86c6fa4d2a1c2cb10ca641a3f04b95353fec33","isMergeCommit":false,"messageTitle":"Level 0. Rename, Greet, Exit.","messageBody":"","fileTypesAndContributionMap":{"java":{"insertions":95,"deletions":6}}},{"hash":"15210fe6bbbbf97d00e3b099a4e5f79d1bc7ce21","isMergeCommit":false,"messageTitle":"Level 3. mark as done.","messageBody":"","fileTypesAndContributionMap":{"java":{"insertions":0,"deletions":10}}},{"hash":"f560b57cf00375ba173499aea68ee415ae756b22","isMergeCommit":false,"messageTitle":"Level 3. Mark as done.","messageBody":"","fileTypesAndContributionMap":{"java":{"insertions":1,"deletions":1}}}]},{"date":"2025-02-05","commitResults":[{"hash":"1e8f793a348736fd879d26de4cec16fc937ea707","isMergeCommit":false,"messageTitle":"Level 4. ToDo, Event, Deadline","messageBody":"","fileTypesAndContributionMap":{"txt":{"insertions":5,"deletions":0},"java":{"insertions":93,"deletions":28}}}]}]},"authorFileTypeContributionMap":{"eth4n22":{"java":164,"md":0,"fxml":0,"sh":0,"bat":0,"gradle":0,"txt":5}},"authorContributionVariance":{"eth4n22":979.5803},"authorDisplayNameMap":{"eth4n22":"ETHA..N YI"}}
