[{"path":"src/main/java/Wag.java","fileType":"java","lines":[{"lineNumber":1,"author":{"gitId":"TayGuangSheng"},"content":"import java.util.Scanner;","lastModifiedDate":"2025-01-31","isFullCredit":false},{"lineNumber":2,"author":{"gitId":"TayGuangSheng"},"content":"","lastModifiedDate":"2025-01-31","isFullCredit":false},{"lineNumber":3,"author":{"gitId":"TayGuangSheng"},"content":"// Abstract class to represent a generic task","lastModifiedDate":"2025-02-05","isFullCredit":false},{"lineNumber":4,"author":{"gitId":"TayGuangSheng"},"content":"abstract class Task {","lastModifiedDate":"2025-02-05","isFullCredit":false},{"lineNumber":5,"author":{"gitId":"TayGuangSheng"},"content":"    protected String description;","lastModifiedDate":"2025-02-05","isFullCredit":false},{"lineNumber":6,"author":{"gitId":"TayGuangSheng"},"content":"    protected boolean isDone;","lastModifiedDate":"2025-02-05","isFullCredit":false},{"lineNumber":7,"author":{"gitId":"TayGuangSheng"},"content":"","lastModifiedDate":"2025-02-05","isFullCredit":false},{"lineNumber":8,"author":{"gitId":"TayGuangSheng"},"content":"    public Task(String description) {","lastModifiedDate":"2025-02-05","isFullCredit":false},{"lineNumber":9,"author":{"gitId":"TayGuangSheng"},"content":"        this.description \u003d description;","lastModifiedDate":"2025-02-05","isFullCredit":false},{"lineNumber":10,"author":{"gitId":"TayGuangSheng"},"content":"        this.isDone \u003d false;","lastModifiedDate":"2025-02-05","isFullCredit":false},{"lineNumber":11,"author":{"gitId":"TayGuangSheng"},"content":"    }","lastModifiedDate":"2025-02-05","isFullCredit":false},{"lineNumber":12,"author":{"gitId":"TayGuangSheng"},"content":"","lastModifiedDate":"2025-02-05","isFullCredit":false},{"lineNumber":13,"author":{"gitId":"TayGuangSheng"},"content":"    public void markAsDone() {","lastModifiedDate":"2025-02-05","isFullCredit":false},{"lineNumber":14,"author":{"gitId":"TayGuangSheng"},"content":"        isDone \u003d true;","lastModifiedDate":"2025-02-05","isFullCredit":false},{"lineNumber":15,"author":{"gitId":"TayGuangSheng"},"content":"    }","lastModifiedDate":"2025-02-05","isFullCredit":false},{"lineNumber":16,"author":{"gitId":"TayGuangSheng"},"content":"","lastModifiedDate":"2025-02-05","isFullCredit":false},{"lineNumber":17,"author":{"gitId":"TayGuangSheng"},"content":"    public void unmarkAsDone() {","lastModifiedDate":"2025-02-05","isFullCredit":false},{"lineNumber":18,"author":{"gitId":"TayGuangSheng"},"content":"        isDone \u003d false;","lastModifiedDate":"2025-02-05","isFullCredit":false},{"lineNumber":19,"author":{"gitId":"TayGuangSheng"},"content":"    }","lastModifiedDate":"2025-02-05","isFullCredit":false},{"lineNumber":20,"author":{"gitId":"TayGuangSheng"},"content":"","lastModifiedDate":"2025-02-05","isFullCredit":false},{"lineNumber":21,"author":{"gitId":"TayGuangSheng"},"content":"    public String getStatusIcon() {","lastModifiedDate":"2025-02-05","isFullCredit":false},{"lineNumber":22,"author":{"gitId":"TayGuangSheng"},"content":"        return (isDone ? \"[X]\" : \"[ ]\");","lastModifiedDate":"2025-02-05","isFullCredit":false},{"lineNumber":23,"author":{"gitId":"TayGuangSheng"},"content":"    }","lastModifiedDate":"2025-02-05","isFullCredit":false},{"lineNumber":24,"author":{"gitId":"TayGuangSheng"},"content":"","lastModifiedDate":"2025-02-05","isFullCredit":false},{"lineNumber":25,"author":{"gitId":"TayGuangSheng"},"content":"    // Override toString to return the task status and description","lastModifiedDate":"2025-02-05","isFullCredit":false},{"lineNumber":26,"author":{"gitId":"TayGuangSheng"},"content":"    @Override","lastModifiedDate":"2025-02-05","isFullCredit":false},{"lineNumber":27,"author":{"gitId":"TayGuangSheng"},"content":"    public String toString() {","lastModifiedDate":"2025-02-05","isFullCredit":false},{"lineNumber":28,"author":{"gitId":"TayGuangSheng"},"content":"        return getStatusIcon() + \" \" + description;","lastModifiedDate":"2025-02-05","isFullCredit":false},{"lineNumber":29,"author":{"gitId":"TayGuangSheng"},"content":"    }","lastModifiedDate":"2025-02-05","isFullCredit":false},{"lineNumber":30,"author":{"gitId":"TayGuangSheng"},"content":"}","lastModifiedDate":"2025-02-05","isFullCredit":false},{"lineNumber":31,"author":{"gitId":"TayGuangSheng"},"content":"","lastModifiedDate":"2025-02-05","isFullCredit":false},{"lineNumber":32,"author":{"gitId":"TayGuangSheng"},"content":"// Class for Todo tasks","lastModifiedDate":"2025-02-05","isFullCredit":false},{"lineNumber":33,"author":{"gitId":"TayGuangSheng"},"content":"class Todo extends Task {","lastModifiedDate":"2025-02-05","isFullCredit":false},{"lineNumber":34,"author":{"gitId":"TayGuangSheng"},"content":"    public Todo(String description) {","lastModifiedDate":"2025-02-05","isFullCredit":false},{"lineNumber":35,"author":{"gitId":"TayGuangSheng"},"content":"        super(description);","lastModifiedDate":"2025-02-05","isFullCredit":false},{"lineNumber":36,"author":{"gitId":"TayGuangSheng"},"content":"    }","lastModifiedDate":"2025-02-05","isFullCredit":false},{"lineNumber":37,"author":{"gitId":"TayGuangSheng"},"content":"","lastModifiedDate":"2025-02-05","isFullCredit":false},{"lineNumber":38,"author":{"gitId":"TayGuangSheng"},"content":"    // Override toString to represent Todo tasks with a [T] icon","lastModifiedDate":"2025-02-05","isFullCredit":false},{"lineNumber":39,"author":{"gitId":"TayGuangSheng"},"content":"    @Override","lastModifiedDate":"2025-02-05","isFullCredit":false},{"lineNumber":40,"author":{"gitId":"TayGuangSheng"},"content":"    public String toString() {","lastModifiedDate":"2025-02-05","isFullCredit":false},{"lineNumber":41,"author":{"gitId":"TayGuangSheng"},"content":"        return \"[T]\" + super.toString();","lastModifiedDate":"2025-02-05","isFullCredit":false},{"lineNumber":42,"author":{"gitId":"TayGuangSheng"},"content":"    }","lastModifiedDate":"2025-02-05","isFullCredit":false},{"lineNumber":43,"author":{"gitId":"TayGuangSheng"},"content":"}","lastModifiedDate":"2025-02-05","isFullCredit":false},{"lineNumber":44,"author":{"gitId":"TayGuangSheng"},"content":"","lastModifiedDate":"2025-02-05","isFullCredit":false},{"lineNumber":45,"author":{"gitId":"TayGuangSheng"},"content":"// Class for Deadline tasks","lastModifiedDate":"2025-02-05","isFullCredit":false},{"lineNumber":46,"author":{"gitId":"TayGuangSheng"},"content":"class Deadline extends Task {","lastModifiedDate":"2025-02-05","isFullCredit":false},{"lineNumber":47,"author":{"gitId":"TayGuangSheng"},"content":"    protected String by;","lastModifiedDate":"2025-02-05","isFullCredit":false},{"lineNumber":48,"author":{"gitId":"TayGuangSheng"},"content":"","lastModifiedDate":"2025-02-05","isFullCredit":false},{"lineNumber":49,"author":{"gitId":"TayGuangSheng"},"content":"    public Deadline(String description, String by) {","lastModifiedDate":"2025-02-05","isFullCredit":false},{"lineNumber":50,"author":{"gitId":"TayGuangSheng"},"content":"        super(description);","lastModifiedDate":"2025-02-05","isFullCredit":false},{"lineNumber":51,"author":{"gitId":"TayGuangSheng"},"content":"        this.by \u003d by;","lastModifiedDate":"2025-02-05","isFullCredit":false},{"lineNumber":52,"author":{"gitId":"TayGuangSheng"},"content":"    }","lastModifiedDate":"2025-02-05","isFullCredit":false},{"lineNumber":53,"author":{"gitId":"TayGuangSheng"},"content":"","lastModifiedDate":"2025-02-05","isFullCredit":false},{"lineNumber":54,"author":{"gitId":"TayGuangSheng"},"content":"    // Override toString to represent Deadline tasks with a [D] icon and deadline date","lastModifiedDate":"2025-02-05","isFullCredit":false},{"lineNumber":55,"author":{"gitId":"TayGuangSheng"},"content":"    @Override","lastModifiedDate":"2025-02-05","isFullCredit":false},{"lineNumber":56,"author":{"gitId":"TayGuangSheng"},"content":"    public String toString() {","lastModifiedDate":"2025-02-05","isFullCredit":false},{"lineNumber":57,"author":{"gitId":"TayGuangSheng"},"content":"        return \"[D]\" + super.toString() + \" (by: \" + by + \")\";","lastModifiedDate":"2025-02-05","isFullCredit":false},{"lineNumber":58,"author":{"gitId":"TayGuangSheng"},"content":"    }","lastModifiedDate":"2025-02-05","isFullCredit":false},{"lineNumber":59,"author":{"gitId":"TayGuangSheng"},"content":"}","lastModifiedDate":"2025-02-05","isFullCredit":false},{"lineNumber":60,"author":{"gitId":"TayGuangSheng"},"content":"","lastModifiedDate":"2025-02-05","isFullCredit":false},{"lineNumber":61,"author":{"gitId":"TayGuangSheng"},"content":"// Class for Event tasks","lastModifiedDate":"2025-02-05","isFullCredit":false},{"lineNumber":62,"author":{"gitId":"TayGuangSheng"},"content":"class Event extends Task {","lastModifiedDate":"2025-02-05","isFullCredit":false},{"lineNumber":63,"author":{"gitId":"TayGuangSheng"},"content":"    protected String from;","lastModifiedDate":"2025-02-05","isFullCredit":false},{"lineNumber":64,"author":{"gitId":"TayGuangSheng"},"content":"    protected String to;","lastModifiedDate":"2025-02-05","isFullCredit":false},{"lineNumber":65,"author":{"gitId":"TayGuangSheng"},"content":"","lastModifiedDate":"2025-02-05","isFullCredit":false},{"lineNumber":66,"author":{"gitId":"TayGuangSheng"},"content":"    public Event(String description, String from, String to) {","lastModifiedDate":"2025-02-05","isFullCredit":false},{"lineNumber":67,"author":{"gitId":"TayGuangSheng"},"content":"        super(description);","lastModifiedDate":"2025-02-05","isFullCredit":false},{"lineNumber":68,"author":{"gitId":"TayGuangSheng"},"content":"        this.from \u003d from;","lastModifiedDate":"2025-02-05","isFullCredit":false},{"lineNumber":69,"author":{"gitId":"TayGuangSheng"},"content":"        this.to \u003d to;","lastModifiedDate":"2025-02-05","isFullCredit":false},{"lineNumber":70,"author":{"gitId":"TayGuangSheng"},"content":"    }","lastModifiedDate":"2025-02-05","isFullCredit":false},{"lineNumber":71,"author":{"gitId":"TayGuangSheng"},"content":"","lastModifiedDate":"2025-02-05","isFullCredit":false},{"lineNumber":72,"author":{"gitId":"TayGuangSheng"},"content":"    // Override toString to represent Event tasks with a [E] icon and time range","lastModifiedDate":"2025-02-05","isFullCredit":false},{"lineNumber":73,"author":{"gitId":"TayGuangSheng"},"content":"    @Override","lastModifiedDate":"2025-02-05","isFullCredit":false},{"lineNumber":74,"author":{"gitId":"TayGuangSheng"},"content":"    public String toString() {","lastModifiedDate":"2025-02-05","isFullCredit":false},{"lineNumber":75,"author":{"gitId":"TayGuangSheng"},"content":"        return \"[E]\" + super.toString() + \" (from: \" + from + \" to: \" + to + \")\";","lastModifiedDate":"2025-02-05","isFullCredit":false},{"lineNumber":76,"author":{"gitId":"TayGuangSheng"},"content":"    }","lastModifiedDate":"2025-02-05","isFullCredit":false},{"lineNumber":77,"author":{"gitId":"TayGuangSheng"},"content":"}","lastModifiedDate":"2025-02-05","isFullCredit":false},{"lineNumber":78,"author":{"gitId":"TayGuangSheng"},"content":"","lastModifiedDate":"2025-02-05","isFullCredit":false},{"lineNumber":79,"author":{"gitId":"TayGuangSheng"},"content":"// Main class for the Wag Program","lastModifiedDate":"2025-02-05","isFullCredit":false},{"lineNumber":80,"author":{"gitId":"TayGuangSheng"},"content":"public class Wag {","lastModifiedDate":"2025-01-24","isFullCredit":false},{"lineNumber":81,"author":{"gitId":"TayGuangSheng"},"content":"    public static void main(String[] args) {","lastModifiedDate":"2025-01-24","isFullCredit":false},{"lineNumber":82,"author":{"gitId":"TayGuangSheng"},"content":"        Scanner scanner \u003d new Scanner(System.in);","lastModifiedDate":"2025-01-31","isFullCredit":false},{"lineNumber":83,"author":{"gitId":"TayGuangSheng"},"content":"        String logo \u003d \"\\n\" +","lastModifiedDate":"2025-01-24","isFullCredit":false},{"lineNumber":84,"author":{"gitId":"TayGuangSheng"},"content":"                \" __      __                 \\n\" +","lastModifiedDate":"2025-01-24","isFullCredit":false},{"lineNumber":85,"author":{"gitId":"TayGuangSheng"},"content":"                \"/  \\\\    /  \\\\_____     ____  \\n\" +","lastModifiedDate":"2025-01-24","isFullCredit":false},{"lineNumber":86,"author":{"gitId":"TayGuangSheng"},"content":"                \"\\\\   \\\\/\\\\/   /\\\\__  \\\\   / ___\\\\ \\n\" +","lastModifiedDate":"2025-01-24","isFullCredit":false},{"lineNumber":87,"author":{"gitId":"TayGuangSheng"},"content":"                \" \\\\        /  / __ \\\\_/ /_/  \u003e\\n\" +","lastModifiedDate":"2025-01-24","isFullCredit":false},{"lineNumber":88,"author":{"gitId":"TayGuangSheng"},"content":"                \"  \\\\__/\\\\  /  (____  /\\\\___  / \\n\" +","lastModifiedDate":"2025-01-24","isFullCredit":false},{"lineNumber":89,"author":{"gitId":"TayGuangSheng"},"content":"                \"       \\\\/        \\\\/_____/  \\n\";","lastModifiedDate":"2025-02-05","isFullCredit":false},{"lineNumber":90,"author":{"gitId":"TayGuangSheng"},"content":"        System.out.println(logo);","lastModifiedDate":"2025-01-24","isFullCredit":false},{"lineNumber":91,"author":{"gitId":"TayGuangSheng"},"content":"        System.out.println(\"_______________________________________\");","lastModifiedDate":"2025-01-24","isFullCredit":false},{"lineNumber":92,"author":{"gitId":"TayGuangSheng"},"content":"        System.out.println(\"Hello! I\u0027m Wag\");","lastModifiedDate":"2025-01-24","isFullCredit":false},{"lineNumber":93,"author":{"gitId":"TayGuangSheng"},"content":"        System.out.println(\"What can I do for you?\");","lastModifiedDate":"2025-01-24","isFullCredit":false},{"lineNumber":94,"author":{"gitId":"TayGuangSheng"},"content":"        System.out.println(\"_______________________________________\");","lastModifiedDate":"2025-01-24","isFullCredit":false},{"lineNumber":95,"author":{"gitId":"TayGuangSheng"},"content":"","lastModifiedDate":"2025-01-31","isFullCredit":false},{"lineNumber":96,"author":{"gitId":"TayGuangSheng"},"content":"        Task[] tasks \u003d new Task[100];","lastModifiedDate":"2025-02-05","isFullCredit":false},{"lineNumber":97,"author":{"gitId":"TayGuangSheng"},"content":"        int taskCount \u003d 0;","lastModifiedDate":"2025-02-05","isFullCredit":false},{"lineNumber":98,"author":{"gitId":"TayGuangSheng"},"content":"        String command;","lastModifiedDate":"2025-02-05","isFullCredit":false},{"lineNumber":99,"author":{"gitId":"TayGuangSheng"},"content":"","lastModifiedDate":"2025-01-31","isFullCredit":false},{"lineNumber":100,"author":{"gitId":"TayGuangSheng"},"content":"        while (true) {","lastModifiedDate":"2025-02-05","isFullCredit":false},{"lineNumber":101,"author":{"gitId":"TayGuangSheng"},"content":"            command \u003d scanner.nextLine();","lastModifiedDate":"2025-02-05","isFullCredit":false},{"lineNumber":102,"author":{"gitId":"TayGuangSheng"},"content":"            System.out.println(\"_______________________________________\");","lastModifiedDate":"2025-01-31","isFullCredit":false},{"lineNumber":103,"author":{"gitId":"TayGuangSheng"},"content":"","lastModifiedDate":"2025-01-31","isFullCredit":false},{"lineNumber":104,"author":{"gitId":"TayGuangSheng"},"content":"            if (command.equalsIgnoreCase(\"bye\")) {","lastModifiedDate":"2025-02-05","isFullCredit":false},{"lineNumber":105,"author":{"gitId":"TayGuangSheng"},"content":"                System.out.println(\"Bye. Hope to see you again soon!\");","lastModifiedDate":"2025-02-05","isFullCredit":false},{"lineNumber":106,"author":{"gitId":"TayGuangSheng"},"content":"                System.out.println(\"_______________________________________\");","lastModifiedDate":"2025-02-05","isFullCredit":false},{"lineNumber":107,"author":{"gitId":"TayGuangSheng"},"content":"                break;","lastModifiedDate":"2025-02-05","isFullCredit":false},{"lineNumber":108,"author":{"gitId":"TayGuangSheng"},"content":"            } else if (command.equalsIgnoreCase(\"list\")) {","lastModifiedDate":"2025-02-05","isFullCredit":false},{"lineNumber":109,"author":{"gitId":"TayGuangSheng"},"content":"                if (taskCount \u003d\u003d 0) {","lastModifiedDate":"2025-01-31","isFullCredit":false},{"lineNumber":110,"author":{"gitId":"TayGuangSheng"},"content":"                    System.out.println(\"No tasks added yet.\");","lastModifiedDate":"2025-01-31","isFullCredit":false},{"lineNumber":111,"author":{"gitId":"TayGuangSheng"},"content":"                } else {","lastModifiedDate":"2025-01-31","isFullCredit":false},{"lineNumber":112,"author":{"gitId":"TayGuangSheng"},"content":"                    System.out.println(\"Here are the tasks in your list:\");","lastModifiedDate":"2025-01-31","isFullCredit":false},{"lineNumber":113,"author":{"gitId":"TayGuangSheng"},"content":"                    for (int i \u003d 0; i \u003c taskCount; i++) {","lastModifiedDate":"2025-01-31","isFullCredit":false},{"lineNumber":114,"author":{"gitId":"TayGuangSheng"},"content":"                        System.out.println((i + 1) + \". \" + tasks[i]);","lastModifiedDate":"2025-02-05","isFullCredit":false},{"lineNumber":115,"author":{"gitId":"TayGuangSheng"},"content":"                    }","lastModifiedDate":"2025-01-31","isFullCredit":false},{"lineNumber":116,"author":{"gitId":"TayGuangSheng"},"content":"                }","lastModifiedDate":"2025-01-31","isFullCredit":false},{"lineNumber":117,"author":{"gitId":"TayGuangSheng"},"content":"            } else if (command.startsWith(\"mark\")) {","lastModifiedDate":"2025-01-31","isFullCredit":false},{"lineNumber":118,"author":{"gitId":"TayGuangSheng"},"content":"                try {","lastModifiedDate":"2025-01-31","isFullCredit":false},{"lineNumber":119,"author":{"gitId":"TayGuangSheng"},"content":"                    int taskId \u003d Integer.parseInt(command.split(\" \")[1]) - 1;","lastModifiedDate":"2025-01-31","isFullCredit":false},{"lineNumber":120,"author":{"gitId":"TayGuangSheng"},"content":"                    if (taskId \u003e\u003d 0 \u0026\u0026 taskId \u003c taskCount) {","lastModifiedDate":"2025-01-31","isFullCredit":false},{"lineNumber":121,"author":{"gitId":"TayGuangSheng"},"content":"                        tasks[taskId].markAsDone();","lastModifiedDate":"2025-02-05","isFullCredit":false},{"lineNumber":122,"author":{"gitId":"TayGuangSheng"},"content":"                        System.out.println(\"Nice! I\u0027ve marked this task as done:\");","lastModifiedDate":"2025-02-05","isFullCredit":false},{"lineNumber":123,"author":{"gitId":"TayGuangSheng"},"content":"                        System.out.println(\"  \" + tasks[taskId]);","lastModifiedDate":"2025-02-05","isFullCredit":false},{"lineNumber":124,"author":{"gitId":"TayGuangSheng"},"content":"                    } else {","lastModifiedDate":"2025-01-31","isFullCredit":false},{"lineNumber":125,"author":{"gitId":"TayGuangSheng"},"content":"                        System.out.println(\"Invalid task number.\");","lastModifiedDate":"2025-01-31","isFullCredit":false},{"lineNumber":126,"author":{"gitId":"TayGuangSheng"},"content":"                    }","lastModifiedDate":"2025-01-31","isFullCredit":false},{"lineNumber":127,"author":{"gitId":"TayGuangSheng"},"content":"                } catch (Exception e) {","lastModifiedDate":"2025-01-31","isFullCredit":false},{"lineNumber":128,"author":{"gitId":"TayGuangSheng"},"content":"                    System.out.println(\"Invalid command format. Please use \u0027mark \u003ctask_number\u003e\u0027.\");","lastModifiedDate":"2025-01-31","isFullCredit":false},{"lineNumber":129,"author":{"gitId":"TayGuangSheng"},"content":"                }","lastModifiedDate":"2025-01-31","isFullCredit":false},{"lineNumber":130,"author":{"gitId":"TayGuangSheng"},"content":"            } else if (command.startsWith(\"unmark\")) {","lastModifiedDate":"2025-01-31","isFullCredit":false},{"lineNumber":131,"author":{"gitId":"TayGuangSheng"},"content":"                try {","lastModifiedDate":"2025-01-31","isFullCredit":false},{"lineNumber":132,"author":{"gitId":"TayGuangSheng"},"content":"                    int taskId \u003d Integer.parseInt(command.split(\" \")[1]) - 1;","lastModifiedDate":"2025-01-31","isFullCredit":false},{"lineNumber":133,"author":{"gitId":"TayGuangSheng"},"content":"                    if (taskId \u003e\u003d 0 \u0026\u0026 taskId \u003c taskCount) {","lastModifiedDate":"2025-01-31","isFullCredit":false},{"lineNumber":134,"author":{"gitId":"TayGuangSheng"},"content":"                        tasks[taskId].unmarkAsDone();","lastModifiedDate":"2025-02-05","isFullCredit":false},{"lineNumber":135,"author":{"gitId":"TayGuangSheng"},"content":"                        System.out.println(\"OK, I\u0027ve marked this task as not done yet:\");","lastModifiedDate":"2025-02-05","isFullCredit":false},{"lineNumber":136,"author":{"gitId":"TayGuangSheng"},"content":"                        System.out.println(\"  \" + tasks[taskId]);","lastModifiedDate":"2025-02-05","isFullCredit":false},{"lineNumber":137,"author":{"gitId":"TayGuangSheng"},"content":"                    } else {","lastModifiedDate":"2025-01-31","isFullCredit":false},{"lineNumber":138,"author":{"gitId":"TayGuangSheng"},"content":"                        System.out.println(\"Invalid task number.\");","lastModifiedDate":"2025-01-31","isFullCredit":false},{"lineNumber":139,"author":{"gitId":"TayGuangSheng"},"content":"                    }","lastModifiedDate":"2025-01-31","isFullCredit":false},{"lineNumber":140,"author":{"gitId":"TayGuangSheng"},"content":"                } catch (Exception e) {","lastModifiedDate":"2025-01-31","isFullCredit":false},{"lineNumber":141,"author":{"gitId":"TayGuangSheng"},"content":"                    System.out.println(\"Invalid command format. Please use \u0027unmark \u003ctask_number\u003e\u0027.\");","lastModifiedDate":"2025-01-31","isFullCredit":false},{"lineNumber":142,"author":{"gitId":"TayGuangSheng"},"content":"                }","lastModifiedDate":"2025-01-31","isFullCredit":false},{"lineNumber":143,"author":{"gitId":"TayGuangSheng"},"content":"            } else if (command.startsWith(\"todo\")) {","lastModifiedDate":"2025-02-05","isFullCredit":false},{"lineNumber":144,"author":{"gitId":"TayGuangSheng"},"content":"                String taskDescription \u003d command.substring(5);","lastModifiedDate":"2025-02-05","isFullCredit":false},{"lineNumber":145,"author":{"gitId":"TayGuangSheng"},"content":"                tasks[taskCount] \u003d new Todo(taskDescription);","lastModifiedDate":"2025-02-05","isFullCredit":false},{"lineNumber":146,"author":{"gitId":"TayGuangSheng"},"content":"                taskCount++;","lastModifiedDate":"2025-02-05","isFullCredit":false},{"lineNumber":147,"author":{"gitId":"TayGuangSheng"},"content":"                System.out.println(\"Got it. I\u0027ve added this task:\");","lastModifiedDate":"2025-02-05","isFullCredit":false},{"lineNumber":148,"author":{"gitId":"TayGuangSheng"},"content":"                System.out.println(\"  \" + tasks[taskCount - 1]);","lastModifiedDate":"2025-02-05","isFullCredit":false},{"lineNumber":149,"author":{"gitId":"TayGuangSheng"},"content":"            } else if (command.startsWith(\"deadline\")) {","lastModifiedDate":"2025-02-05","isFullCredit":false},{"lineNumber":150,"author":{"gitId":"TayGuangSheng"},"content":"                String[] parts \u003d command.substring(9).split(\" /by \", 2);","lastModifiedDate":"2025-02-05","isFullCredit":false},{"lineNumber":151,"author":{"gitId":"TayGuangSheng"},"content":"                tasks[taskCount] \u003d new Deadline(parts[0], parts[1]);","lastModifiedDate":"2025-02-05","isFullCredit":false},{"lineNumber":152,"author":{"gitId":"TayGuangSheng"},"content":"                taskCount++;","lastModifiedDate":"2025-02-05","isFullCredit":false},{"lineNumber":153,"author":{"gitId":"TayGuangSheng"},"content":"                System.out.println(\"Got it. I\u0027ve added this task:\");","lastModifiedDate":"2025-02-05","isFullCredit":false},{"lineNumber":154,"author":{"gitId":"TayGuangSheng"},"content":"                System.out.println(\"  \" + tasks[taskCount - 1]);","lastModifiedDate":"2025-02-05","isFullCredit":false},{"lineNumber":155,"author":{"gitId":"TayGuangSheng"},"content":"            } else if (command.startsWith(\"event\")) {","lastModifiedDate":"2025-02-05","isFullCredit":false},{"lineNumber":156,"author":{"gitId":"TayGuangSheng"},"content":"                String[] parts \u003d command.substring(6).split(\" /from | /to \", 3);","lastModifiedDate":"2025-02-05","isFullCredit":false},{"lineNumber":157,"author":{"gitId":"TayGuangSheng"},"content":"                tasks[taskCount] \u003d new Event(parts[0], parts[1], parts[2]);","lastModifiedDate":"2025-02-05","isFullCredit":false},{"lineNumber":158,"author":{"gitId":"TayGuangSheng"},"content":"                taskCount++;","lastModifiedDate":"2025-02-05","isFullCredit":false},{"lineNumber":159,"author":{"gitId":"TayGuangSheng"},"content":"                System.out.println(\"Got it. I\u0027ve added this task:\");","lastModifiedDate":"2025-02-05","isFullCredit":false},{"lineNumber":160,"author":{"gitId":"TayGuangSheng"},"content":"                System.out.println(\"  \" + tasks[taskCount - 1]);","lastModifiedDate":"2025-02-05","isFullCredit":false},{"lineNumber":161,"author":{"gitId":"TayGuangSheng"},"content":"            } else {","lastModifiedDate":"2025-02-05","isFullCredit":false},{"lineNumber":162,"author":{"gitId":"TayGuangSheng"},"content":"                System.out.println(\"Invalid command.\");","lastModifiedDate":"2025-02-05","isFullCredit":false},{"lineNumber":163,"author":{"gitId":"TayGuangSheng"},"content":"            }","lastModifiedDate":"2025-01-31","isFullCredit":false},{"lineNumber":164,"author":{"gitId":"TayGuangSheng"},"content":"            System.out.println(\"_______________________________________\");","lastModifiedDate":"2025-01-31","isFullCredit":false},{"lineNumber":165,"author":{"gitId":"TayGuangSheng"},"content":"        }","lastModifiedDate":"2025-01-31","isFullCredit":false},{"lineNumber":166,"author":{"gitId":"TayGuangSheng"},"content":"    }","lastModifiedDate":"2025-01-24","isFullCredit":false},{"lineNumber":167,"author":{"gitId":"TayGuangSheng"},"content":"}","lastModifiedDate":"2025-01-24","isFullCredit":false}],"authorContributionMap":{"TayGuangSheng":167}}]
