[{"path":"src/main/java/Constants.java","fileType":"java","lines":[{"lineNumber":1,"author":{"gitId":"ecxm02"},"content":"public class Constants {","lastModifiedDate":"2025-02-04","isFullCredit":false},{"lineNumber":2,"author":{"gitId":"ecxm02"},"content":"    public static final String LINE_BREAK \u003d \"---------------------------------------------------\";","lastModifiedDate":"2025-02-04","isFullCredit":false},{"lineNumber":3,"author":{"gitId":"ecxm02"},"content":"    public static final int LIST_SIZE \u003d 100;","lastModifiedDate":"2025-02-04","isFullCredit":false},{"lineNumber":4,"author":{"gitId":"ecxm02"},"content":"    public static final String INTRO_MESSAGE \u003d LINE_BREAK + System.lineSeparator()","lastModifiedDate":"2025-02-04","isFullCredit":false},{"lineNumber":5,"author":{"gitId":"ecxm02"},"content":"            + \"Hello! I\u0027m Juke\" + System.lineSeparator()","lastModifiedDate":"2025-02-04","isFullCredit":false},{"lineNumber":6,"author":{"gitId":"ecxm02"},"content":"            + \"Excited to talk to you! :)\" + System.lineSeparator()","lastModifiedDate":"2025-02-04","isFullCredit":false},{"lineNumber":7,"author":{"gitId":"ecxm02"},"content":"            + LINE_BREAK + System.lineSeparator();","lastModifiedDate":"2025-02-04","isFullCredit":false},{"lineNumber":8,"author":{"gitId":"ecxm02"},"content":"","lastModifiedDate":"2025-02-04","isFullCredit":false},{"lineNumber":9,"author":{"gitId":"ecxm02"},"content":"}","lastModifiedDate":"2025-02-04","isFullCredit":false}],"authorContributionMap":{"ecxm02":9}},{"path":"src/main/java/Juke.java","fileType":"java","lines":[{"lineNumber":1,"author":{"gitId":"ecxm02"},"content":"import java.util.Scanner;","lastModifiedDate":"2025-01-31","isFullCredit":false},{"lineNumber":2,"author":{"gitId":"ecxm02"},"content":"","lastModifiedDate":"2025-01-31","isFullCredit":false},{"lineNumber":3,"author":{"gitId":"ecxm02"},"content":"public class Juke {","lastModifiedDate":"2025-01-22","isFullCredit":false},{"lineNumber":4,"author":{"gitId":"ecxm02"},"content":"    private static boolean isCompleted \u003d false; //a master flag so that main knows when to end the program","lastModifiedDate":"2025-02-04","isFullCredit":false},{"lineNumber":5,"author":{"gitId":"ecxm02"},"content":"","lastModifiedDate":"2025-01-31","isFullCredit":false},{"lineNumber":6,"author":{"gitId":"ecxm02"},"content":"    public static void endProgram() { //sets the isCompleted flag to true so that the loop ends, also prints end message","lastModifiedDate":"2025-02-04","isFullCredit":false},{"lineNumber":7,"author":{"gitId":"ecxm02"},"content":"        isCompleted \u003d true;","lastModifiedDate":"2025-01-31","isFullCredit":false},{"lineNumber":8,"author":{"gitId":"ecxm02"},"content":"        System.out.println(\"Bye! See you again :)\");","lastModifiedDate":"2025-01-31","isFullCredit":false},{"lineNumber":9,"author":{"gitId":"ecxm02"},"content":"    }","lastModifiedDate":"2025-01-31","isFullCredit":false},{"lineNumber":10,"author":{"gitId":"ecxm02"},"content":"","lastModifiedDate":"2025-01-31","isFullCredit":false},{"lineNumber":11,"author":{"gitId":"ecxm02"},"content":"    public static void main(String[] args) {","lastModifiedDate":"2025-01-22","isFullCredit":false},{"lineNumber":12,"author":{"gitId":"ecxm02"},"content":"        System.out.println(Constants.INTRO_MESSAGE);","lastModifiedDate":"2025-02-04","isFullCredit":false},{"lineNumber":13,"author":{"gitId":"ecxm02"},"content":"        Scanner input \u003d new Scanner(System.in);","lastModifiedDate":"2025-01-31","isFullCredit":false},{"lineNumber":14,"author":{"gitId":"ecxm02"},"content":"        String text;","lastModifiedDate":"2025-01-31","isFullCredit":false},{"lineNumber":15,"author":{"gitId":"ecxm02"},"content":"","lastModifiedDate":"2025-01-31","isFullCredit":false},{"lineNumber":16,"author":{"gitId":"ecxm02"},"content":"        while (!isCompleted) {","lastModifiedDate":"2025-01-31","isFullCredit":false},{"lineNumber":17,"author":{"gitId":"ecxm02"},"content":"            text \u003d input.nextLine();","lastModifiedDate":"2025-01-31","isFullCredit":false},{"lineNumber":18,"author":{"gitId":"ecxm02"},"content":"            ReplyText current \u003d new ReplyText(text);","lastModifiedDate":"2025-02-04","isFullCredit":false},{"lineNumber":19,"author":{"gitId":"ecxm02"},"content":"        }","lastModifiedDate":"2025-01-31","isFullCredit":false},{"lineNumber":20,"author":{"gitId":"ecxm02"},"content":"        input.close();","lastModifiedDate":"2025-01-31","isFullCredit":false},{"lineNumber":21,"author":{"gitId":"ecxm02"},"content":"    }","lastModifiedDate":"2025-01-22","isFullCredit":false},{"lineNumber":22,"author":{"gitId":"ecxm02"},"content":"}","lastModifiedDate":"2025-01-22","isFullCredit":false}],"authorContributionMap":{"ecxm02":22}},{"path":"src/main/java/ParseText.java","fileType":"java","lines":[{"lineNumber":1,"author":{"gitId":"ecxm02"},"content":"public class ParseText {","lastModifiedDate":"2025-02-04","isFullCredit":false},{"lineNumber":2,"author":{"gitId":"ecxm02"},"content":"    private String textInput;","lastModifiedDate":"2025-02-04","isFullCredit":false},{"lineNumber":3,"author":{"gitId":"ecxm02"},"content":"    private String parsedText;","lastModifiedDate":"2025-02-04","isFullCredit":false},{"lineNumber":4,"author":{"gitId":"ecxm02"},"content":"    private int taskIndex \u003d 0;","lastModifiedDate":"2025-02-04","isFullCredit":false},{"lineNumber":5,"author":{"gitId":"ecxm02"},"content":"","lastModifiedDate":"2025-02-04","isFullCredit":false},{"lineNumber":6,"author":{"gitId":"ecxm02"},"content":"    public ParseText(String textInput) {","lastModifiedDate":"2025-02-04","isFullCredit":false},{"lineNumber":7,"author":{"gitId":"ecxm02"},"content":"        this.textInput \u003d textInput;","lastModifiedDate":"2025-02-04","isFullCredit":false},{"lineNumber":8,"author":{"gitId":"ecxm02"},"content":"        textCleanup();","lastModifiedDate":"2025-02-04","isFullCredit":false},{"lineNumber":9,"author":{"gitId":"ecxm02"},"content":"    }","lastModifiedDate":"2025-02-04","isFullCredit":false},{"lineNumber":10,"author":{"gitId":"ecxm02"},"content":"","lastModifiedDate":"2025-02-04","isFullCredit":false},{"lineNumber":11,"author":{"gitId":"ecxm02"},"content":"    private void textCleanup() {","lastModifiedDate":"2025-02-04","isFullCredit":false},{"lineNumber":12,"author":{"gitId":"ecxm02"},"content":"        int spaceIndex \u003d -1;","lastModifiedDate":"2025-02-04","isFullCredit":false},{"lineNumber":13,"author":{"gitId":"ecxm02"},"content":"        if (textInput.startsWith(\"mark\") || textInput.startsWith(\"unmark\")) {","lastModifiedDate":"2025-02-04","isFullCredit":false},{"lineNumber":14,"author":{"gitId":"ecxm02"},"content":"            spaceIndex \u003d textInput.indexOf(\" \");","lastModifiedDate":"2025-02-04","isFullCredit":false},{"lineNumber":15,"author":{"gitId":"ecxm02"},"content":"            String taskNumber \u003d textInput.substring(spaceIndex + 1);","lastModifiedDate":"2025-02-04","isFullCredit":false},{"lineNumber":16,"author":{"gitId":"ecxm02"},"content":"            taskIndex \u003d Integer.parseInt(taskNumber) - 1;","lastModifiedDate":"2025-02-04","isFullCredit":false},{"lineNumber":17,"author":{"gitId":"ecxm02"},"content":"            parsedText \u003d textInput.substring(0, spaceIndex);","lastModifiedDate":"2025-02-04","isFullCredit":false},{"lineNumber":18,"author":{"gitId":"ecxm02"},"content":"        } else {","lastModifiedDate":"2025-02-04","isFullCredit":false},{"lineNumber":19,"author":{"gitId":"ecxm02"},"content":"            parsedText \u003d textInput;","lastModifiedDate":"2025-02-04","isFullCredit":false},{"lineNumber":20,"author":{"gitId":"ecxm02"},"content":"        }","lastModifiedDate":"2025-02-04","isFullCredit":false},{"lineNumber":21,"author":{"gitId":"ecxm02"},"content":"    }","lastModifiedDate":"2025-02-04","isFullCredit":false},{"lineNumber":22,"author":{"gitId":"ecxm02"},"content":"","lastModifiedDate":"2025-02-04","isFullCredit":false},{"lineNumber":23,"author":{"gitId":"ecxm02"},"content":"    public String getParsedText() {","lastModifiedDate":"2025-02-04","isFullCredit":false},{"lineNumber":24,"author":{"gitId":"ecxm02"},"content":"        return parsedText;","lastModifiedDate":"2025-02-04","isFullCredit":false},{"lineNumber":25,"author":{"gitId":"ecxm02"},"content":"    }","lastModifiedDate":"2025-02-04","isFullCredit":false},{"lineNumber":26,"author":{"gitId":"ecxm02"},"content":"","lastModifiedDate":"2025-02-04","isFullCredit":false},{"lineNumber":27,"author":{"gitId":"ecxm02"},"content":"    public int getTaskIndex() {","lastModifiedDate":"2025-02-04","isFullCredit":false},{"lineNumber":28,"author":{"gitId":"ecxm02"},"content":"        return taskIndex;","lastModifiedDate":"2025-02-04","isFullCredit":false},{"lineNumber":29,"author":{"gitId":"ecxm02"},"content":"    }","lastModifiedDate":"2025-02-04","isFullCredit":false},{"lineNumber":30,"author":{"gitId":"ecxm02"},"content":"}","lastModifiedDate":"2025-02-04","isFullCredit":false}],"authorContributionMap":{"ecxm02":30}},{"path":"src/main/java/ReplyText.java","fileType":"java","lines":[{"lineNumber":1,"author":{"gitId":"ecxm02"},"content":"public class ReplyText {","lastModifiedDate":"2025-02-04","isFullCredit":false},{"lineNumber":2,"author":{"gitId":"ecxm02"},"content":"    private static TaskManager taskList \u003d new TaskManager();","lastModifiedDate":"2025-02-04","isFullCredit":false},{"lineNumber":3,"author":{"gitId":"ecxm02"},"content":"    private String textInput;","lastModifiedDate":"2025-02-04","isFullCredit":false},{"lineNumber":4,"author":{"gitId":"ecxm02"},"content":"","lastModifiedDate":"2025-02-04","isFullCredit":false},{"lineNumber":5,"author":{"gitId":"ecxm02"},"content":"","lastModifiedDate":"2025-02-04","isFullCredit":false},{"lineNumber":6,"author":{"gitId":"ecxm02"},"content":"    public ReplyText(String textInput) {","lastModifiedDate":"2025-02-04","isFullCredit":false},{"lineNumber":7,"author":{"gitId":"ecxm02"},"content":"        this.textInput \u003d textInput;","lastModifiedDate":"2025-02-04","isFullCredit":false},{"lineNumber":8,"author":{"gitId":"ecxm02"},"content":"        ParseText cleaner \u003d new ParseText(textInput);","lastModifiedDate":"2025-02-04","isFullCredit":false},{"lineNumber":9,"author":{"gitId":"ecxm02"},"content":"        respondToText(cleaner.getParsedText(), cleaner.getTaskIndex());","lastModifiedDate":"2025-02-04","isFullCredit":false},{"lineNumber":10,"author":{"gitId":"ecxm02"},"content":"    }","lastModifiedDate":"2025-02-04","isFullCredit":false},{"lineNumber":11,"author":{"gitId":"ecxm02"},"content":"","lastModifiedDate":"2025-02-04","isFullCredit":false},{"lineNumber":12,"author":{"gitId":"ecxm02"},"content":"    //uses a switch and if else statements to execute appropriate methods for the input","lastModifiedDate":"2025-02-04","isFullCredit":false},{"lineNumber":13,"author":{"gitId":"ecxm02"},"content":"    public void respondToText(String parsedText, int taskIndex) {","lastModifiedDate":"2025-02-04","isFullCredit":false},{"lineNumber":14,"author":{"gitId":"ecxm02"},"content":"        System.out.println(Constants.LINE_BREAK);","lastModifiedDate":"2025-02-04","isFullCredit":false},{"lineNumber":15,"author":{"gitId":"ecxm02"},"content":"","lastModifiedDate":"2025-02-04","isFullCredit":false},{"lineNumber":16,"author":{"gitId":"ecxm02"},"content":"        switch (parsedText) {","lastModifiedDate":"2025-02-04","isFullCredit":false},{"lineNumber":17,"author":{"gitId":"ecxm02"},"content":"        case \"bye\":","lastModifiedDate":"2025-02-04","isFullCredit":false},{"lineNumber":18,"author":{"gitId":"ecxm02"},"content":"            Juke.endProgram();","lastModifiedDate":"2025-02-04","isFullCredit":false},{"lineNumber":19,"author":{"gitId":"ecxm02"},"content":"            break;","lastModifiedDate":"2025-02-04","isFullCredit":false},{"lineNumber":20,"author":{"gitId":"ecxm02"},"content":"        case \"list\":","lastModifiedDate":"2025-02-04","isFullCredit":false},{"lineNumber":21,"author":{"gitId":"ecxm02"},"content":"            taskList.listTask();","lastModifiedDate":"2025-02-04","isFullCredit":false},{"lineNumber":22,"author":{"gitId":"ecxm02"},"content":"            break;","lastModifiedDate":"2025-02-04","isFullCredit":false},{"lineNumber":23,"author":{"gitId":"ecxm02"},"content":"        default:","lastModifiedDate":"2025-02-04","isFullCredit":false},{"lineNumber":24,"author":{"gitId":"ecxm02"},"content":"            if (parsedText.equals(\"mark\")) {","lastModifiedDate":"2025-02-04","isFullCredit":false},{"lineNumber":25,"author":{"gitId":"ecxm02"},"content":"                taskList.markTask(taskIndex);","lastModifiedDate":"2025-02-04","isFullCredit":false},{"lineNumber":26,"author":{"gitId":"ecxm02"},"content":"            } else if (parsedText.equals(\"unmark\")) {","lastModifiedDate":"2025-02-04","isFullCredit":false},{"lineNumber":27,"author":{"gitId":"ecxm02"},"content":"                taskList.unmarkTask(taskIndex);","lastModifiedDate":"2025-02-04","isFullCredit":false},{"lineNumber":28,"author":{"gitId":"ecxm02"},"content":"            } else {","lastModifiedDate":"2025-02-04","isFullCredit":false},{"lineNumber":29,"author":{"gitId":"ecxm02"},"content":"                taskList.addTask(parsedText);","lastModifiedDate":"2025-02-04","isFullCredit":false},{"lineNumber":30,"author":{"gitId":"ecxm02"},"content":"            }","lastModifiedDate":"2025-02-04","isFullCredit":false},{"lineNumber":31,"author":{"gitId":"ecxm02"},"content":"        }","lastModifiedDate":"2025-02-04","isFullCredit":false},{"lineNumber":32,"author":{"gitId":"ecxm02"},"content":"","lastModifiedDate":"2025-02-04","isFullCredit":false},{"lineNumber":33,"author":{"gitId":"ecxm02"},"content":"        System.out.println(Constants.LINE_BREAK);","lastModifiedDate":"2025-02-04","isFullCredit":false},{"lineNumber":34,"author":{"gitId":"ecxm02"},"content":"    }","lastModifiedDate":"2025-02-04","isFullCredit":false},{"lineNumber":35,"author":{"gitId":"ecxm02"},"content":"}","lastModifiedDate":"2025-02-04","isFullCredit":false}],"authorContributionMap":{"ecxm02":35}},{"path":"src/main/java/Task.java","fileType":"java","lines":[{"lineNumber":1,"author":{"gitId":"ecxm02"},"content":"public class Task {","lastModifiedDate":"2025-01-31","isFullCredit":false},{"lineNumber":2,"author":{"gitId":"ecxm02"},"content":"    protected String task; //actual content of task","lastModifiedDate":"2025-01-31","isFullCredit":false},{"lineNumber":3,"author":{"gitId":"ecxm02"},"content":"    protected boolean isDone; //boolean flag to check if its completed or uncompleted","lastModifiedDate":"2025-01-31","isFullCredit":false},{"lineNumber":4,"author":{"gitId":"ecxm02"},"content":"","lastModifiedDate":"2025-01-31","isFullCredit":false},{"lineNumber":5,"author":{"gitId":"ecxm02"},"content":"    public Task(String description) {","lastModifiedDate":"2025-01-31","isFullCredit":false},{"lineNumber":6,"author":{"gitId":"ecxm02"},"content":"        this.task \u003d null;","lastModifiedDate":"2025-01-31","isFullCredit":false},{"lineNumber":7,"author":{"gitId":"ecxm02"},"content":"        isDone \u003d false;","lastModifiedDate":"2025-01-31","isFullCredit":false},{"lineNumber":8,"author":{"gitId":"ecxm02"},"content":"    }","lastModifiedDate":"2025-01-31","isFullCredit":false},{"lineNumber":9,"author":{"gitId":"ecxm02"},"content":"","lastModifiedDate":"2025-01-31","isFullCredit":false},{"lineNumber":10,"author":{"gitId":"ecxm02"},"content":"    public String getTask() {","lastModifiedDate":"2025-01-31","isFullCredit":false},{"lineNumber":11,"author":{"gitId":"ecxm02"},"content":"        return task;","lastModifiedDate":"2025-01-31","isFullCredit":false},{"lineNumber":12,"author":{"gitId":"ecxm02"},"content":"    }","lastModifiedDate":"2025-01-31","isFullCredit":false},{"lineNumber":13,"author":{"gitId":"ecxm02"},"content":"","lastModifiedDate":"2025-01-31","isFullCredit":false},{"lineNumber":14,"author":{"gitId":"ecxm02"},"content":"    public void setTask(String text) {","lastModifiedDate":"2025-01-31","isFullCredit":false},{"lineNumber":15,"author":{"gitId":"ecxm02"},"content":"        this.task \u003d text;","lastModifiedDate":"2025-01-31","isFullCredit":false},{"lineNumber":16,"author":{"gitId":"ecxm02"},"content":"    }","lastModifiedDate":"2025-01-31","isFullCredit":false},{"lineNumber":17,"author":{"gitId":"ecxm02"},"content":"","lastModifiedDate":"2025-01-31","isFullCredit":false},{"lineNumber":18,"author":{"gitId":"ecxm02"},"content":"    public void markTask() {","lastModifiedDate":"2025-01-31","isFullCredit":false},{"lineNumber":19,"author":{"gitId":"ecxm02"},"content":"        isDone \u003d true;","lastModifiedDate":"2025-01-31","isFullCredit":false},{"lineNumber":20,"author":{"gitId":"ecxm02"},"content":"    }","lastModifiedDate":"2025-01-31","isFullCredit":false},{"lineNumber":21,"author":{"gitId":"ecxm02"},"content":"","lastModifiedDate":"2025-01-31","isFullCredit":false},{"lineNumber":22,"author":{"gitId":"ecxm02"},"content":"    public void unmarkTask() {","lastModifiedDate":"2025-01-31","isFullCredit":false},{"lineNumber":23,"author":{"gitId":"ecxm02"},"content":"        isDone \u003d false;","lastModifiedDate":"2025-01-31","isFullCredit":false},{"lineNumber":24,"author":{"gitId":"ecxm02"},"content":"    }","lastModifiedDate":"2025-01-31","isFullCredit":false},{"lineNumber":25,"author":{"gitId":"ecxm02"},"content":"","lastModifiedDate":"2025-01-31","isFullCredit":false},{"lineNumber":26,"author":{"gitId":"ecxm02"},"content":"    public boolean isDone() {","lastModifiedDate":"2025-01-31","isFullCredit":false},{"lineNumber":27,"author":{"gitId":"ecxm02"},"content":"        return isDone;","lastModifiedDate":"2025-01-31","isFullCredit":false},{"lineNumber":28,"author":{"gitId":"ecxm02"},"content":"    }","lastModifiedDate":"2025-01-31","isFullCredit":false},{"lineNumber":29,"author":{"gitId":"ecxm02"},"content":"}","lastModifiedDate":"2025-01-31","isFullCredit":false}],"authorContributionMap":{"ecxm02":29}},{"path":"src/main/java/TaskManager.java","fileType":"java","lines":[{"lineNumber":1,"author":{"gitId":"ecxm02"},"content":"public class TaskManager {","lastModifiedDate":"2025-02-04","isFullCredit":false},{"lineNumber":2,"author":{"gitId":"ecxm02"},"content":"    private Task[] taskList \u003d new Task[Constants.LIST_SIZE];","lastModifiedDate":"2025-02-04","isFullCredit":false},{"lineNumber":3,"author":{"gitId":"ecxm02"},"content":"    private int currentListPosition \u003d 0; //keep track of where to add new tasks","lastModifiedDate":"2025-02-04","isFullCredit":false},{"lineNumber":4,"author":{"gitId":"ecxm02"},"content":"","lastModifiedDate":"2025-02-04","isFullCredit":false},{"lineNumber":5,"author":{"gitId":"ecxm02"},"content":"    public TaskManager() {","lastModifiedDate":"2025-02-04","isFullCredit":false},{"lineNumber":6,"author":{"gitId":"ecxm02"},"content":"    }","lastModifiedDate":"2025-02-04","isFullCredit":false},{"lineNumber":7,"author":{"gitId":"ecxm02"},"content":"","lastModifiedDate":"2025-02-04","isFullCredit":false},{"lineNumber":8,"author":{"gitId":"ecxm02"},"content":"    public void listTask() { //prints out the tasks and marks them appropriately","lastModifiedDate":"2025-02-04","isFullCredit":false},{"lineNumber":9,"author":{"gitId":"ecxm02"},"content":"        for (int i \u003d 0; i \u003c currentListPosition; i++) {","lastModifiedDate":"2025-02-04","isFullCredit":false},{"lineNumber":10,"author":{"gitId":"ecxm02"},"content":"            System.out.print((i + 1));","lastModifiedDate":"2025-02-04","isFullCredit":false},{"lineNumber":11,"author":{"gitId":"ecxm02"},"content":"","lastModifiedDate":"2025-02-04","isFullCredit":false},{"lineNumber":12,"author":{"gitId":"ecxm02"},"content":"            if (taskList[i].isDone()) {","lastModifiedDate":"2025-02-04","isFullCredit":false},{"lineNumber":13,"author":{"gitId":"ecxm02"},"content":"                System.out.println(\".[X] \" + taskList[i].getTask());","lastModifiedDate":"2025-02-04","isFullCredit":false},{"lineNumber":14,"author":{"gitId":"ecxm02"},"content":"            } else {","lastModifiedDate":"2025-02-04","isFullCredit":false},{"lineNumber":15,"author":{"gitId":"ecxm02"},"content":"                System.out.println(\".[ ] \" + taskList[i].getTask());","lastModifiedDate":"2025-02-04","isFullCredit":false},{"lineNumber":16,"author":{"gitId":"ecxm02"},"content":"            }","lastModifiedDate":"2025-02-04","isFullCredit":false},{"lineNumber":17,"author":{"gitId":"ecxm02"},"content":"        }","lastModifiedDate":"2025-02-04","isFullCredit":false},{"lineNumber":18,"author":{"gitId":"ecxm02"},"content":"    }","lastModifiedDate":"2025-02-04","isFullCredit":false},{"lineNumber":19,"author":{"gitId":"ecxm02"},"content":"","lastModifiedDate":"2025-02-04","isFullCredit":false},{"lineNumber":20,"author":{"gitId":"ecxm02"},"content":"    public void addTask(String text) { //adds tasks into the array","lastModifiedDate":"2025-02-04","isFullCredit":false},{"lineNumber":21,"author":{"gitId":"ecxm02"},"content":"        taskList[currentListPosition] \u003d new Task(text);","lastModifiedDate":"2025-02-04","isFullCredit":false},{"lineNumber":22,"author":{"gitId":"ecxm02"},"content":"        taskList[currentListPosition].setTask(text);","lastModifiedDate":"2025-02-04","isFullCredit":false},{"lineNumber":23,"author":{"gitId":"ecxm02"},"content":"        currentListPosition +\u003d 1;","lastModifiedDate":"2025-02-04","isFullCredit":false},{"lineNumber":24,"author":{"gitId":"ecxm02"},"content":"        System.out.println(\"added: \" + text);","lastModifiedDate":"2025-02-04","isFullCredit":false},{"lineNumber":25,"author":{"gitId":"ecxm02"},"content":"    }","lastModifiedDate":"2025-02-04","isFullCredit":false},{"lineNumber":26,"author":{"gitId":"ecxm02"},"content":"","lastModifiedDate":"2025-02-04","isFullCredit":false},{"lineNumber":27,"author":{"gitId":"ecxm02"},"content":"    public void markTask(int taskIndex) { //marks a task as completed","lastModifiedDate":"2025-02-04","isFullCredit":false},{"lineNumber":28,"author":{"gitId":"ecxm02"},"content":"        taskList[taskIndex].markTask();","lastModifiedDate":"2025-02-04","isFullCredit":false},{"lineNumber":29,"author":{"gitId":"ecxm02"},"content":"        System.out.println(\"Nice! I\u0027ve marked this task as done:\");","lastModifiedDate":"2025-02-04","isFullCredit":false},{"lineNumber":30,"author":{"gitId":"ecxm02"},"content":"        System.out.println(\"[X] \" + taskList[taskIndex].getTask());","lastModifiedDate":"2025-02-04","isFullCredit":false},{"lineNumber":31,"author":{"gitId":"ecxm02"},"content":"    }","lastModifiedDate":"2025-02-04","isFullCredit":false},{"lineNumber":32,"author":{"gitId":"ecxm02"},"content":"","lastModifiedDate":"2025-02-04","isFullCredit":false},{"lineNumber":33,"author":{"gitId":"ecxm02"},"content":"    public void unmarkTask(int taskIndex) { //marks a task as uncompleted","lastModifiedDate":"2025-02-04","isFullCredit":false},{"lineNumber":34,"author":{"gitId":"ecxm02"},"content":"        taskList[taskIndex].unmarkTask();","lastModifiedDate":"2025-02-04","isFullCredit":false},{"lineNumber":35,"author":{"gitId":"ecxm02"},"content":"        System.out.println(\"Nice! I\u0027ve marked this task as uncompleted:\");","lastModifiedDate":"2025-02-04","isFullCredit":false},{"lineNumber":36,"author":{"gitId":"ecxm02"},"content":"        System.out.println(\"[ ] \" + taskList[taskIndex].getTask());","lastModifiedDate":"2025-02-04","isFullCredit":false},{"lineNumber":37,"author":{"gitId":"ecxm02"},"content":"    }","lastModifiedDate":"2025-02-04","isFullCredit":false},{"lineNumber":38,"author":{"gitId":"ecxm02"},"content":"}","lastModifiedDate":"2025-02-04","isFullCredit":false}],"authorContributionMap":{"ecxm02":38}}]
