[{"path":"README.md","fileType":"md","lines":[{"lineNumber":1,"author":{"gitId":"randust"},"content":"# Lava project template","lastModifiedDate":"2025-01-25","isFullCredit":false},{"lineNumber":2,"author":{"gitId":"-"},"content":"","lastModifiedDate":"2020-05-25","isFullCredit":false},{"lineNumber":3,"author":{"gitId":"-"},"content":"This is a project template for a greenfield Java project. It\u0027s named after the Java mascot _Duke_. Given below are instructions on how to use it.","lastModifiedDate":"2020-05-25","isFullCredit":false},{"lineNumber":4,"author":{"gitId":"-"},"content":"","lastModifiedDate":"2020-05-25","isFullCredit":false},{"lineNumber":5,"author":{"gitId":"-"},"content":"## Setting up in Intellij","lastModifiedDate":"2020-05-25","isFullCredit":false},{"lineNumber":6,"author":{"gitId":"-"},"content":"","lastModifiedDate":"2020-05-25","isFullCredit":false},{"lineNumber":7,"author":{"gitId":"-"},"content":"Prerequisites: JDK 17, update Intellij to the most recent version.","lastModifiedDate":"2024-07-11","isFullCredit":false},{"lineNumber":8,"author":{"gitId":"-"},"content":"","lastModifiedDate":"2020-05-25","isFullCredit":false},{"lineNumber":9,"author":{"gitId":"-"},"content":"1. Open Intellij (if you are not in the welcome screen, click `File` \u003e `Close Project` to close the existing project first)","lastModifiedDate":"2021-01-17","isFullCredit":false},{"lineNumber":10,"author":{"gitId":"-"},"content":"1. Open the project into Intellij as follows:","lastModifiedDate":"2021-01-17","isFullCredit":false},{"lineNumber":11,"author":{"gitId":"-"},"content":"   1. Click `Open`.","lastModifiedDate":"2021-01-17","isFullCredit":false},{"lineNumber":12,"author":{"gitId":"-"},"content":"   1. Select the project directory, and click `OK`.","lastModifiedDate":"2021-01-17","isFullCredit":false},{"lineNumber":13,"author":{"gitId":"-"},"content":"   1. If there are any further prompts, accept the defaults.","lastModifiedDate":"2020-05-25","isFullCredit":false},{"lineNumber":14,"author":{"gitId":"-"},"content":"1. Configure the project to use **JDK 17** (not other versions) as explained in [here](https://www.jetbrains.com/help/idea/sdk.html#set-up-jdk).\u003cbr\u003e","lastModifiedDate":"2024-07-11","isFullCredit":false},{"lineNumber":15,"author":{"gitId":"-"},"content":"   In the same dialog, set the **Project language level** field to the `SDK default` option.","lastModifiedDate":"2021-07-29","isFullCredit":false},{"lineNumber":16,"author":{"gitId":"randust"},"content":"1. After that, locate the `src/main/java/Lava.java` file, right-click it, and choose `Run Lava.main()` (if the code editor is showing compile errors, try restarting the IDE). If the setup is correct, you should see something like the below as the output:","lastModifiedDate":"2025-01-25","isFullCredit":false},{"lineNumber":17,"author":{"gitId":"-"},"content":"   ```","lastModifiedDate":"2020-05-25","isFullCredit":false},{"lineNumber":18,"author":{"gitId":"-"},"content":"   Hello from","lastModifiedDate":"2020-05-25","isFullCredit":false},{"lineNumber":19,"author":{"gitId":"-"},"content":"    ____        _        ","lastModifiedDate":"2020-05-25","isFullCredit":false},{"lineNumber":20,"author":{"gitId":"-"},"content":"   |  _ \\ _   _| | _____ ","lastModifiedDate":"2020-05-25","isFullCredit":false},{"lineNumber":21,"author":{"gitId":"-"},"content":"   | | | | | | | |/ / _ \\","lastModifiedDate":"2020-05-25","isFullCredit":false},{"lineNumber":22,"author":{"gitId":"-"},"content":"   | |_| | |_| |   \u003c  __/","lastModifiedDate":"2020-05-25","isFullCredit":false},{"lineNumber":23,"author":{"gitId":"-"},"content":"   |____/ \\__,_|_|\\_\\___|","lastModifiedDate":"2020-05-25","isFullCredit":false},{"lineNumber":24,"author":{"gitId":"-"},"content":"   ```","lastModifiedDate":"2020-05-25","isFullCredit":false},{"lineNumber":25,"author":{"gitId":"-"},"content":"","lastModifiedDate":"2025-01-04","isFullCredit":false},{"lineNumber":26,"author":{"gitId":"-"},"content":"**Warning:** Keep the `src\\main\\java` folder as the root folder for Java files (i.e., don\u0027t rename those folders or move Java files to another folder outside of this folder path), as this is the default location some tools (e.g., Gradle) expect to find Java files.","lastModifiedDate":"2025-01-04","isFullCredit":false}],"authorContributionMap":{"randust":2,"-":24}},{"path":"docs/README.md","fileType":"md","lines":[{"lineNumber":1,"author":{"gitId":"randust"},"content":"# NekoBot User Guide","lastModifiedDate":"2025-02-06","isFullCredit":false},{"lineNumber":2,"author":{"gitId":"-"},"content":"","lastModifiedDate":"2019-07-29","isFullCredit":false},{"lineNumber":3,"author":{"gitId":"-"},"content":"// Update the title above to match the actual product name","lastModifiedDate":"2024-01-07","isFullCredit":false},{"lineNumber":4,"author":{"gitId":"-"},"content":"","lastModifiedDate":"2019-07-29","isFullCredit":false},{"lineNumber":5,"author":{"gitId":"-"},"content":"// Product screenshot goes here","lastModifiedDate":"2024-01-07","isFullCredit":false},{"lineNumber":6,"author":{"gitId":"-"},"content":"","lastModifiedDate":"2021-07-17","isFullCredit":false},{"lineNumber":7,"author":{"gitId":"-"},"content":"// Product intro goes here","lastModifiedDate":"2024-01-07","isFullCredit":false},{"lineNumber":8,"author":{"gitId":"-"},"content":"","lastModifiedDate":"2021-07-17","isFullCredit":false},{"lineNumber":9,"author":{"gitId":"-"},"content":"## Adding deadlines","lastModifiedDate":"2024-01-07","isFullCredit":false},{"lineNumber":10,"author":{"gitId":"-"},"content":"","lastModifiedDate":"2021-07-17","isFullCredit":false},{"lineNumber":11,"author":{"gitId":"-"},"content":"// Describe the action and its outcome.","lastModifiedDate":"2024-01-07","isFullCredit":false},{"lineNumber":12,"author":{"gitId":"-"},"content":"","lastModifiedDate":"2019-07-29","isFullCredit":false},{"lineNumber":13,"author":{"gitId":"-"},"content":"// Give examples of usage","lastModifiedDate":"2024-01-07","isFullCredit":false},{"lineNumber":14,"author":{"gitId":"-"},"content":"","lastModifiedDate":"2019-07-29","isFullCredit":false},{"lineNumber":15,"author":{"gitId":"-"},"content":"Example: `keyword (optional arguments)`","lastModifiedDate":"2024-01-07","isFullCredit":false},{"lineNumber":16,"author":{"gitId":"-"},"content":"","lastModifiedDate":"2019-07-29","isFullCredit":false},{"lineNumber":17,"author":{"gitId":"-"},"content":"// A description of the expected outcome goes here","lastModifiedDate":"2024-01-07","isFullCredit":false},{"lineNumber":18,"author":{"gitId":"-"},"content":"","lastModifiedDate":"2019-07-29","isFullCredit":false},{"lineNumber":19,"author":{"gitId":"-"},"content":"```","lastModifiedDate":"2024-01-07","isFullCredit":false},{"lineNumber":20,"author":{"gitId":"-"},"content":"expected output","lastModifiedDate":"2024-01-07","isFullCredit":false},{"lineNumber":21,"author":{"gitId":"-"},"content":"```","lastModifiedDate":"2024-01-07","isFullCredit":false},{"lineNumber":22,"author":{"gitId":"-"},"content":"","lastModifiedDate":"2019-07-29","isFullCredit":false},{"lineNumber":23,"author":{"gitId":"-"},"content":"## Feature ABC","lastModifiedDate":"2024-01-07","isFullCredit":false},{"lineNumber":24,"author":{"gitId":"-"},"content":"","lastModifiedDate":"2019-07-29","isFullCredit":false},{"lineNumber":25,"author":{"gitId":"-"},"content":"// Feature details","lastModifiedDate":"2024-01-07","isFullCredit":false},{"lineNumber":26,"author":{"gitId":"-"},"content":"","lastModifiedDate":"2019-07-29","isFullCredit":false},{"lineNumber":27,"author":{"gitId":"-"},"content":"","lastModifiedDate":"2021-07-17","isFullCredit":false},{"lineNumber":28,"author":{"gitId":"-"},"content":"## Feature XYZ","lastModifiedDate":"2024-01-07","isFullCredit":false},{"lineNumber":29,"author":{"gitId":"-"},"content":"","lastModifiedDate":"2024-01-07","isFullCredit":false},{"lineNumber":30,"author":{"gitId":"-"},"content":"// Feature details","lastModifiedDate":"2024-01-07","isFullCredit":false}],"authorContributionMap":{"randust":1,"-":29}},{"path":"src/main/java/chatbot/NekoBot.java","fileType":"java","lines":[{"lineNumber":1,"author":{"gitId":"randust"},"content":"package chatbot;","lastModifiedDate":"2025-02-13","isFullCredit":false},{"lineNumber":2,"author":{"gitId":"randust"},"content":"import java.io.PrintStream;","lastModifiedDate":"2025-02-21","isFullCredit":false},{"lineNumber":3,"author":{"gitId":"randust"},"content":"import chatbot.misc.NekoException;","lastModifiedDate":"2025-02-20","isFullCredit":false},{"lineNumber":4,"author":{"gitId":"randust"},"content":"import chatbot.misc.PrintFormat;","lastModifiedDate":"2025-02-20","isFullCredit":false},{"lineNumber":5,"author":{"gitId":"randust"},"content":"import chatbot.task.ActionType;","lastModifiedDate":"2025-02-20","isFullCredit":false},{"lineNumber":6,"author":{"gitId":"randust"},"content":"import chatbot.task.Deadline;","lastModifiedDate":"2025-02-20","isFullCredit":false},{"lineNumber":7,"author":{"gitId":"randust"},"content":"import chatbot.task.ToDo;","lastModifiedDate":"2025-02-20","isFullCredit":false},{"lineNumber":8,"author":{"gitId":"randust"},"content":"import chatbot.task.Event;","lastModifiedDate":"2025-02-20","isFullCredit":false},{"lineNumber":9,"author":{"gitId":"randust"},"content":"import chatbot.task.Task;","lastModifiedDate":"2025-02-20","isFullCredit":false},{"lineNumber":10,"author":{"gitId":"randust"},"content":"","lastModifiedDate":"2025-02-20","isFullCredit":false},{"lineNumber":11,"author":{"gitId":"randust"},"content":"import chatbot.task.TaskManager;","lastModifiedDate":"2025-02-20","isFullCredit":false},{"lineNumber":12,"author":{"gitId":"randust"},"content":"","lastModifiedDate":"2025-02-20","isFullCredit":false},{"lineNumber":13,"author":{"gitId":"randust"},"content":"import java.io.BufferedReader;","lastModifiedDate":"2025-02-20","isFullCredit":false},{"lineNumber":14,"author":{"gitId":"randust"},"content":"import java.io.File;","lastModifiedDate":"2025-02-20","isFullCredit":false},{"lineNumber":15,"author":{"gitId":"randust"},"content":"import java.io.FileReader;","lastModifiedDate":"2025-02-20","isFullCredit":false},{"lineNumber":16,"author":{"gitId":"randust"},"content":"import java.io.IOException;","lastModifiedDate":"2025-02-20","isFullCredit":false},{"lineNumber":17,"author":{"gitId":"randust"},"content":"import java.io.PrintWriter;","lastModifiedDate":"2025-02-20","isFullCredit":false},{"lineNumber":18,"author":{"gitId":"randust"},"content":"import java.io.UnsupportedEncodingException;","lastModifiedDate":"2025-02-21","isFullCredit":false},{"lineNumber":19,"author":{"gitId":"randust"},"content":"import java.util.Arrays;","lastModifiedDate":"2025-02-13","isFullCredit":false},{"lineNumber":20,"author":{"gitId":"randust"},"content":"import java.util.List;","lastModifiedDate":"2025-02-20","isFullCredit":false},{"lineNumber":21,"author":{"gitId":"randust"},"content":"import java.util.Scanner;","lastModifiedDate":"2025-02-13","isFullCredit":false},{"lineNumber":22,"author":{"gitId":"randust"},"content":"","lastModifiedDate":"2025-01-26","isFullCredit":false},{"lineNumber":23,"author":{"gitId":"randust"},"content":"","lastModifiedDate":"2025-02-20","isFullCredit":false},{"lineNumber":24,"author":{"gitId":"randust"},"content":"public class NekoBot {","lastModifiedDate":"2025-02-13","isFullCredit":false},{"lineNumber":25,"author":{"gitId":"randust"},"content":"    private static final List\u003cString\u003e ACTIONS \u003d Arrays.asList(\"mark\", \"unmark\", \"todo\", \"deadline\", \"event\", \"list\", \"delete\");","lastModifiedDate":"2025-02-19","isFullCredit":false},{"lineNumber":26,"author":{"gitId":"randust"},"content":"    private static final String FILEPATH \u003d \"neko.txt\";","lastModifiedDate":"2025-02-20","isFullCredit":false},{"lineNumber":27,"author":{"gitId":"randust"},"content":"","lastModifiedDate":"2025-02-20","isFullCredit":false},{"lineNumber":28,"author":{"gitId":"randust"},"content":"    public static void main(String[] args) throws UnsupportedEncodingException {","lastModifiedDate":"2025-02-21","isFullCredit":false},{"lineNumber":29,"author":{"gitId":"randust"},"content":"        PrintFormat.printLine();","lastModifiedDate":"2025-02-06","isFullCredit":false},{"lineNumber":30,"author":{"gitId":"randust"},"content":"        PrintFormat.printLogo();","lastModifiedDate":"2025-02-06","isFullCredit":false},{"lineNumber":31,"author":{"gitId":"randust"},"content":"        PrintFormat.println(\"Loading Data...\");","lastModifiedDate":"2025-02-20","isFullCredit":false},{"lineNumber":32,"author":{"gitId":"randust"},"content":"        loadData();","lastModifiedDate":"2025-02-20","isFullCredit":false},{"lineNumber":33,"author":{"gitId":"randust"},"content":"        PrintFormat.println(\"Nyaa~! I\u0027m NekoBot!\");","lastModifiedDate":"2025-02-21","isFullCredit":false},{"lineNumber":34,"author":{"gitId":"randust"},"content":"        PrintFormat.println(\"What can I do for you, nya~?\");","lastModifiedDate":"2025-02-06","isFullCredit":false},{"lineNumber":35,"author":{"gitId":"randust"},"content":"        PrintFormat.printLine();","lastModifiedDate":"2025-02-06","isFullCredit":false},{"lineNumber":36,"author":{"gitId":"randust"},"content":"","lastModifiedDate":"2025-01-26","isFullCredit":false},{"lineNumber":37,"author":{"gitId":"randust"},"content":"        Scanner reader \u003d new Scanner(System.in);","lastModifiedDate":"2025-01-26","isFullCredit":false},{"lineNumber":38,"author":{"gitId":"randust"},"content":"        String userInput \u003d reader.nextLine().trim(); // get user input","lastModifiedDate":"2025-02-06","isFullCredit":false},{"lineNumber":39,"author":{"gitId":"randust"},"content":"","lastModifiedDate":"2025-01-26","isFullCredit":false},{"lineNumber":40,"author":{"gitId":"randust"},"content":"        while (!userInput.equals(\"bye\")) {","lastModifiedDate":"2025-01-26","isFullCredit":false},{"lineNumber":41,"author":{"gitId":"randust"},"content":"            PrintFormat.printLine();","lastModifiedDate":"2025-02-06","isFullCredit":false},{"lineNumber":42,"author":{"gitId":"randust"},"content":"            parseUserInput(userInput);","lastModifiedDate":"2025-02-20","isFullCredit":false},{"lineNumber":43,"author":{"gitId":"randust"},"content":"            saveData();","lastModifiedDate":"2025-02-20","isFullCredit":false},{"lineNumber":44,"author":{"gitId":"randust"},"content":"            PrintFormat.printLine();","lastModifiedDate":"2025-02-06","isFullCredit":false},{"lineNumber":45,"author":{"gitId":"randust"},"content":"            PrintFormat.println(\"Meow~ Anything else, nya?\");","lastModifiedDate":"2025-02-21","isFullCredit":false},{"lineNumber":46,"author":{"gitId":"randust"},"content":"            userInput \u003d reader.nextLine().trim();","lastModifiedDate":"2025-02-13","isFullCredit":false},{"lineNumber":47,"author":{"gitId":"randust"},"content":"        }","lastModifiedDate":"2025-01-26","isFullCredit":false},{"lineNumber":48,"author":{"gitId":"randust"},"content":"","lastModifiedDate":"2025-02-06","isFullCredit":false},{"lineNumber":49,"author":{"gitId":"randust"},"content":"        PrintFormat.println(\"Nyaa~ Bye bye! Hope to see you again soon!\");","lastModifiedDate":"2025-02-06","isFullCredit":false},{"lineNumber":50,"author":{"gitId":"randust"},"content":"        PrintFormat.printLine();","lastModifiedDate":"2025-02-06","isFullCredit":false},{"lineNumber":51,"author":{"gitId":"randust"},"content":"    }","lastModifiedDate":"2025-01-25","isFullCredit":false},{"lineNumber":52,"author":{"gitId":"randust"},"content":"","lastModifiedDate":"2025-02-07","isFullCredit":false},{"lineNumber":53,"author":{"gitId":"randust"},"content":"    private static void parseUserInput(String userInput) {","lastModifiedDate":"2025-02-20","isFullCredit":false},{"lineNumber":54,"author":{"gitId":"randust"},"content":"        String[] tokens \u003d userInput.split(\"\\\\s+\", 2);","lastModifiedDate":"2025-02-13","isFullCredit":false},{"lineNumber":55,"author":{"gitId":"randust"},"content":"        String actionStr \u003d tokens[0];","lastModifiedDate":"2025-02-13","isFullCredit":false},{"lineNumber":56,"author":{"gitId":"randust"},"content":"        if (actionStr.isEmpty()) {","lastModifiedDate":"2025-02-13","isFullCredit":false},{"lineNumber":57,"author":{"gitId":"randust"},"content":"            PrintFormat.println(\"Meow? I didn’t catch that... Can you say it again, nya?\");","lastModifiedDate":"2025-02-21","isFullCredit":false},{"lineNumber":58,"author":{"gitId":"randust"},"content":"        } else if (!ACTIONS.contains(actionStr)) {","lastModifiedDate":"2025-02-13","isFullCredit":false},{"lineNumber":59,"author":{"gitId":"randust"},"content":"            PrintFormat.println(\"Nyaa~ I don’t understand that action, nya! Please try again, meow!\");","lastModifiedDate":"2025-02-07","isFullCredit":false},{"lineNumber":60,"author":{"gitId":"randust"},"content":"        } else if (!actionStr.equals(\"list\") \u0026\u0026 (tokens.length \u003c 2 || tokens[1].isEmpty())) {","lastModifiedDate":"2025-02-13","isFullCredit":false},{"lineNumber":61,"author":{"gitId":"randust"},"content":"            PrintFormat.println(\"Meow~! Arguments cannot be empty, nya!\");","lastModifiedDate":"2025-02-21","isFullCredit":false},{"lineNumber":62,"author":{"gitId":"randust"},"content":"        } else {","lastModifiedDate":"2025-02-07","isFullCredit":false},{"lineNumber":63,"author":{"gitId":"randust"},"content":"            String arguments \u003d actionStr.equals(\"list\") ? null : tokens[1];","lastModifiedDate":"2025-02-13","isFullCredit":false},{"lineNumber":64,"author":{"gitId":"randust"},"content":"            ActionType action \u003d ActionType.valueOf(actionStr.toUpperCase());","lastModifiedDate":"2025-02-13","isFullCredit":false},{"lineNumber":65,"author":{"gitId":"randust"},"content":"            action.execute(arguments);","lastModifiedDate":"2025-02-13","isFullCredit":false},{"lineNumber":66,"author":{"gitId":"randust"},"content":"        }","lastModifiedDate":"2025-02-07","isFullCredit":false},{"lineNumber":67,"author":{"gitId":"randust"},"content":"    }","lastModifiedDate":"2025-02-07","isFullCredit":false},{"lineNumber":68,"author":{"gitId":"randust"},"content":"","lastModifiedDate":"2025-02-20","isFullCredit":false},{"lineNumber":69,"author":{"gitId":"randust"},"content":"    private static void parseFileInput(String fileInput) throws NekoException {","lastModifiedDate":"2025-02-20","isFullCredit":false},{"lineNumber":70,"author":{"gitId":"randust"},"content":"        String[] elements \u003d fileInput.split(\"\\\\s+\\\\|\\\\s+\");","lastModifiedDate":"2025-02-20","isFullCredit":false},{"lineNumber":71,"author":{"gitId":"randust"},"content":"        if (elements[0].isEmpty() || elements[0].isBlank()) {","lastModifiedDate":"2025-02-20","isFullCredit":false},{"lineNumber":72,"author":{"gitId":"randust"},"content":"            throw new NekoException(\"is empty nya!\");","lastModifiedDate":"2025-02-20","isFullCredit":false},{"lineNumber":73,"author":{"gitId":"randust"},"content":"        } else if (elements[0].equals(\"T\")){","lastModifiedDate":"2025-02-20","isFullCredit":false},{"lineNumber":74,"author":{"gitId":"randust"},"content":"            ToDo todo \u003d ToDo.createToDo(elements[2]);","lastModifiedDate":"2025-02-20","isFullCredit":false},{"lineNumber":75,"author":{"gitId":"randust"},"content":"            todo.markStatus(elements[1].equals(\"1\"));","lastModifiedDate":"2025-02-20","isFullCredit":false},{"lineNumber":76,"author":{"gitId":"randust"},"content":"            TaskManager.addTask(todo);","lastModifiedDate":"2025-02-20","isFullCredit":false},{"lineNumber":77,"author":{"gitId":"randust"},"content":"        } else if (elements[0].equals(\"D\")) {","lastModifiedDate":"2025-02-20","isFullCredit":false},{"lineNumber":78,"author":{"gitId":"randust"},"content":"            Deadline deadline \u003d Deadline.createDeadline(elements[2], elements[3]);","lastModifiedDate":"2025-02-20","isFullCredit":false},{"lineNumber":79,"author":{"gitId":"randust"},"content":"            deadline.markStatus(elements[1].equals(\"1\"));","lastModifiedDate":"2025-02-20","isFullCredit":false},{"lineNumber":80,"author":{"gitId":"randust"},"content":"            TaskManager.addTask(deadline);","lastModifiedDate":"2025-02-20","isFullCredit":false},{"lineNumber":81,"author":{"gitId":"randust"},"content":"        } else if (elements[0].equals(\"E\")) {","lastModifiedDate":"2025-02-20","isFullCredit":false},{"lineNumber":82,"author":{"gitId":"randust"},"content":"            Event event \u003d Event.createEvent(elements[2], elements[3], elements[4]);","lastModifiedDate":"2025-02-20","isFullCredit":false},{"lineNumber":83,"author":{"gitId":"randust"},"content":"            event.markStatus(elements[1].equals(\"1\"));","lastModifiedDate":"2025-02-20","isFullCredit":false},{"lineNumber":84,"author":{"gitId":"randust"},"content":"            TaskManager.addTask(event);","lastModifiedDate":"2025-02-20","isFullCredit":false},{"lineNumber":85,"author":{"gitId":"randust"},"content":"        }","lastModifiedDate":"2025-02-20","isFullCredit":false},{"lineNumber":86,"author":{"gitId":"randust"},"content":"    }","lastModifiedDate":"2025-02-20","isFullCredit":false},{"lineNumber":87,"author":{"gitId":"randust"},"content":"","lastModifiedDate":"2025-02-20","isFullCredit":false},{"lineNumber":88,"author":{"gitId":"randust"},"content":"    private static void saveData() {","lastModifiedDate":"2025-02-20","isFullCredit":false},{"lineNumber":89,"author":{"gitId":"randust"},"content":"        try (PrintWriter out \u003d new PrintWriter(FILEPATH)) {","lastModifiedDate":"2025-02-20","isFullCredit":false},{"lineNumber":90,"author":{"gitId":"randust"},"content":"            for (int i \u003d 0; i \u003c TaskManager.getLength(); i++) {","lastModifiedDate":"2025-02-20","isFullCredit":false},{"lineNumber":91,"author":{"gitId":"randust"},"content":"                Task task \u003d TaskManager.getTask(i);","lastModifiedDate":"2025-02-20","isFullCredit":false},{"lineNumber":92,"author":{"gitId":"randust"},"content":"                boolean isDone \u003d task.getStatus().equals(\"[X]\");","lastModifiedDate":"2025-02-20","isFullCredit":false},{"lineNumber":93,"author":{"gitId":"randust"},"content":"                String line \u003d \"\";","lastModifiedDate":"2025-02-20","isFullCredit":false},{"lineNumber":94,"author":{"gitId":"randust"},"content":"                if (task instanceof ToDo) {","lastModifiedDate":"2025-02-20","isFullCredit":false},{"lineNumber":95,"author":{"gitId":"randust"},"content":"                    line \u003d \"T | \" + (isDone?1:0) + \" | \" + task.getDescription();","lastModifiedDate":"2025-02-20","isFullCredit":false},{"lineNumber":96,"author":{"gitId":"randust"},"content":"                } else if (task instanceof Deadline) {","lastModifiedDate":"2025-02-20","isFullCredit":false},{"lineNumber":97,"author":{"gitId":"randust"},"content":"                    Deadline deadline \u003d (Deadline) task;","lastModifiedDate":"2025-02-20","isFullCredit":false},{"lineNumber":98,"author":{"gitId":"randust"},"content":"                    line \u003d \"D | \" + (isDone?1:0) + \" | \" + task.getDescription() + \" | \" + deadline.getTime();","lastModifiedDate":"2025-02-20","isFullCredit":false},{"lineNumber":99,"author":{"gitId":"randust"},"content":"                } else if (task instanceof Event) {","lastModifiedDate":"2025-02-20","isFullCredit":false},{"lineNumber":100,"author":{"gitId":"randust"},"content":"                    Event event \u003d (Event) task;","lastModifiedDate":"2025-02-20","isFullCredit":false},{"lineNumber":101,"author":{"gitId":"randust"},"content":"                    line \u003d \"E | \" + (isDone?1:0) + \" | \" + task.getDescription() + \" | \" + event.getStartTime() + \" | \" + event.getEndTime();","lastModifiedDate":"2025-02-20","isFullCredit":false},{"lineNumber":102,"author":{"gitId":"randust"},"content":"                }","lastModifiedDate":"2025-02-20","isFullCredit":false},{"lineNumber":103,"author":{"gitId":"randust"},"content":"                out.println(line);","lastModifiedDate":"2025-02-20","isFullCredit":false},{"lineNumber":104,"author":{"gitId":"randust"},"content":"            }","lastModifiedDate":"2025-02-20","isFullCredit":false},{"lineNumber":105,"author":{"gitId":"randust"},"content":"        } catch (IOException e) {","lastModifiedDate":"2025-02-20","isFullCredit":false},{"lineNumber":106,"author":{"gitId":"randust"},"content":"            PrintFormat.println(\"There is some problem saving the data!\");","lastModifiedDate":"2025-02-20","isFullCredit":false},{"lineNumber":107,"author":{"gitId":"randust"},"content":"        }","lastModifiedDate":"2025-02-20","isFullCredit":false},{"lineNumber":108,"author":{"gitId":"randust"},"content":"    }","lastModifiedDate":"2025-02-20","isFullCredit":false},{"lineNumber":109,"author":{"gitId":"randust"},"content":"","lastModifiedDate":"2025-02-20","isFullCredit":false},{"lineNumber":110,"author":{"gitId":"randust"},"content":"    private static void loadData() {","lastModifiedDate":"2025-02-20","isFullCredit":false},{"lineNumber":111,"author":{"gitId":"randust"},"content":"        File f \u003d new File(FILEPATH);","lastModifiedDate":"2025-02-20","isFullCredit":false},{"lineNumber":112,"author":{"gitId":"randust"},"content":"        if (f.exists() \u0026\u0026 !f.isDirectory()) {","lastModifiedDate":"2025-02-20","isFullCredit":false},{"lineNumber":113,"author":{"gitId":"randust"},"content":"            try (BufferedReader br \u003d new BufferedReader(new FileReader(FILEPATH))) {","lastModifiedDate":"2025-02-20","isFullCredit":false},{"lineNumber":114,"author":{"gitId":"randust"},"content":"                String line;","lastModifiedDate":"2025-02-20","isFullCredit":false},{"lineNumber":115,"author":{"gitId":"randust"},"content":"                int lineNum \u003d 0;","lastModifiedDate":"2025-02-20","isFullCredit":false},{"lineNumber":116,"author":{"gitId":"randust"},"content":"                while ((line \u003d br.readLine()) !\u003d null) {","lastModifiedDate":"2025-02-20","isFullCredit":false},{"lineNumber":117,"author":{"gitId":"randust"},"content":"                    lineNum++;","lastModifiedDate":"2025-02-20","isFullCredit":false},{"lineNumber":118,"author":{"gitId":"randust"},"content":"                    try {","lastModifiedDate":"2025-02-20","isFullCredit":false},{"lineNumber":119,"author":{"gitId":"randust"},"content":"                        parseFileInput(line);","lastModifiedDate":"2025-02-20","isFullCredit":false},{"lineNumber":120,"author":{"gitId":"randust"},"content":"                    } catch (IndexOutOfBoundsException e) {","lastModifiedDate":"2025-02-20","isFullCredit":false},{"lineNumber":121,"author":{"gitId":"randust"},"content":"                        PrintFormat.println(\"Format of line \" + lineNum + \" is incorrect nya! :/\");","lastModifiedDate":"2025-02-20","isFullCredit":false},{"lineNumber":122,"author":{"gitId":"randust"},"content":"                    } catch (NekoException e) {","lastModifiedDate":"2025-02-20","isFullCredit":false},{"lineNumber":123,"author":{"gitId":"randust"},"content":"                        PrintFormat.println(\"Line \" + lineNum + \" \" + e.getMessage());","lastModifiedDate":"2025-02-20","isFullCredit":false},{"lineNumber":124,"author":{"gitId":"randust"},"content":"                    }","lastModifiedDate":"2025-02-20","isFullCredit":false},{"lineNumber":125,"author":{"gitId":"randust"},"content":"                }","lastModifiedDate":"2025-02-20","isFullCredit":false},{"lineNumber":126,"author":{"gitId":"randust"},"content":"            } catch (IOException e) {","lastModifiedDate":"2025-02-20","isFullCredit":false},{"lineNumber":127,"author":{"gitId":"randust"},"content":"                PrintFormat.println(\"File \" + FILEPATH + \" cannot be loaded!\");","lastModifiedDate":"2025-02-20","isFullCredit":false},{"lineNumber":128,"author":{"gitId":"randust"},"content":"            }","lastModifiedDate":"2025-02-20","isFullCredit":false},{"lineNumber":129,"author":{"gitId":"randust"},"content":"        } else {","lastModifiedDate":"2025-02-20","isFullCredit":false},{"lineNumber":130,"author":{"gitId":"randust"},"content":"            try {","lastModifiedDate":"2025-02-20","isFullCredit":false},{"lineNumber":131,"author":{"gitId":"randust"},"content":"                File file \u003d new File(FILEPATH);","lastModifiedDate":"2025-02-20","isFullCredit":false},{"lineNumber":132,"author":{"gitId":"randust"},"content":"                file.createNewFile();","lastModifiedDate":"2025-02-20","isFullCredit":false},{"lineNumber":133,"author":{"gitId":"randust"},"content":"            } catch (IOException e) {","lastModifiedDate":"2025-02-20","isFullCredit":false},{"lineNumber":134,"author":{"gitId":"randust"},"content":"                PrintFormat.println(\"File \" + FILEPATH + \" cannot be created!\");","lastModifiedDate":"2025-02-20","isFullCredit":false},{"lineNumber":135,"author":{"gitId":"randust"},"content":"            }","lastModifiedDate":"2025-02-20","isFullCredit":false},{"lineNumber":136,"author":{"gitId":"randust"},"content":"        }","lastModifiedDate":"2025-02-20","isFullCredit":false},{"lineNumber":137,"author":{"gitId":"randust"},"content":"    }","lastModifiedDate":"2025-02-20","isFullCredit":false},{"lineNumber":138,"author":{"gitId":"randust"},"content":"}","lastModifiedDate":"2025-01-25","isFullCredit":false}],"authorContributionMap":{"randust":138}},{"path":"src/main/java/chatbot/misc/NekoException.java","fileType":"java","lines":[{"lineNumber":1,"author":{"gitId":"randust"},"content":"package chatbot.misc;","lastModifiedDate":"2025-02-20","isFullCredit":false},{"lineNumber":2,"author":{"gitId":"randust"},"content":"","lastModifiedDate":"2025-02-13","isFullCredit":false},{"lineNumber":3,"author":{"gitId":"randust"},"content":"public class NekoException extends Exception{","lastModifiedDate":"2025-02-13","isFullCredit":false},{"lineNumber":4,"author":{"gitId":"randust"},"content":"    public NekoException(String message) {","lastModifiedDate":"2025-02-13","isFullCredit":false},{"lineNumber":5,"author":{"gitId":"randust"},"content":"        super(message);","lastModifiedDate":"2025-02-13","isFullCredit":false},{"lineNumber":6,"author":{"gitId":"randust"},"content":"    }","lastModifiedDate":"2025-02-13","isFullCredit":false},{"lineNumber":7,"author":{"gitId":"randust"},"content":"}","lastModifiedDate":"2025-02-13","isFullCredit":false}],"authorContributionMap":{"randust":7}},{"path":"src/main/java/chatbot/misc/PrintFormat.java","fileType":"java","lines":[{"lineNumber":1,"author":{"gitId":"randust"},"content":"package chatbot.misc;","lastModifiedDate":"2025-02-20","isFullCredit":false},{"lineNumber":2,"author":{"gitId":"randust"},"content":"","lastModifiedDate":"2025-02-07","isFullCredit":false},{"lineNumber":3,"author":{"gitId":"randust"},"content":"public class PrintFormat {","lastModifiedDate":"2025-02-06","isFullCredit":false},{"lineNumber":4,"author":{"gitId":"randust"},"content":"    public static final String INDENT \u003d \"    \";","lastModifiedDate":"2025-02-06","isFullCredit":false},{"lineNumber":5,"author":{"gitId":"randust"},"content":"    public static final String SEPARATE_LINE \u003d \"____________________________________________________________\";","lastModifiedDate":"2025-02-06","isFullCredit":false},{"lineNumber":6,"author":{"gitId":"randust"},"content":"","lastModifiedDate":"2025-02-06","isFullCredit":false},{"lineNumber":7,"author":{"gitId":"randust"},"content":"","lastModifiedDate":"2025-02-06","isFullCredit":false},{"lineNumber":8,"author":{"gitId":"randust"},"content":"    public static void println(Object obj) {","lastModifiedDate":"2025-02-06","isFullCredit":false},{"lineNumber":9,"author":{"gitId":"randust"},"content":"        System.out.println(INDENT + obj);","lastModifiedDate":"2025-02-06","isFullCredit":false},{"lineNumber":10,"author":{"gitId":"randust"},"content":"    }","lastModifiedDate":"2025-02-06","isFullCredit":false},{"lineNumber":11,"author":{"gitId":"randust"},"content":"","lastModifiedDate":"2025-02-13","isFullCredit":false},{"lineNumber":12,"author":{"gitId":"randust"},"content":"    public static void printf(Object obj) {","lastModifiedDate":"2025-02-06","isFullCredit":false},{"lineNumber":13,"author":{"gitId":"randust"},"content":"        System.out.printf(INDENT + obj);","lastModifiedDate":"2025-02-06","isFullCredit":false},{"lineNumber":14,"author":{"gitId":"randust"},"content":"    }","lastModifiedDate":"2025-02-06","isFullCredit":false},{"lineNumber":15,"author":{"gitId":"randust"},"content":"","lastModifiedDate":"2025-02-13","isFullCredit":false},{"lineNumber":16,"author":{"gitId":"randust"},"content":"    public static void printLine() {","lastModifiedDate":"2025-02-06","isFullCredit":false},{"lineNumber":17,"author":{"gitId":"randust"},"content":"        System.out.println(INDENT + SEPARATE_LINE);","lastModifiedDate":"2025-02-06","isFullCredit":false},{"lineNumber":18,"author":{"gitId":"randust"},"content":"    }","lastModifiedDate":"2025-02-06","isFullCredit":false},{"lineNumber":19,"author":{"gitId":"randust"},"content":"","lastModifiedDate":"2025-02-13","isFullCredit":false},{"lineNumber":20,"author":{"gitId":"randust"},"content":"    public static void printLogo() {","lastModifiedDate":"2025-02-06","isFullCredit":false},{"lineNumber":21,"author":{"gitId":"randust"},"content":"        System.out.println(\"\\n\" + INDENT +","lastModifiedDate":"2025-02-06","isFullCredit":false},{"lineNumber":22,"author":{"gitId":"randust"},"content":"                \".__   __.  _______  __  ___   ______   \\n\" + INDENT +","lastModifiedDate":"2025-02-06","isFullCredit":false},{"lineNumber":23,"author":{"gitId":"randust"},"content":"                \"|  \\\\ |  | |   ____||  |/  /  /  __  \\\\  \\n\" + INDENT +","lastModifiedDate":"2025-02-06","isFullCredit":false},{"lineNumber":24,"author":{"gitId":"randust"},"content":"                \"|   \\\\|  | |  |__   |  \u0027  /  |  |  |  | \\n\" + INDENT +","lastModifiedDate":"2025-02-06","isFullCredit":false},{"lineNumber":25,"author":{"gitId":"randust"},"content":"                \"|  . `  | |   __|  |    \u003c   |  |  |  | \\n\" + INDENT +","lastModifiedDate":"2025-02-06","isFullCredit":false},{"lineNumber":26,"author":{"gitId":"randust"},"content":"                \"|  |\\\\   | |  |____ |  .  \\\\  |  `--\u0027  | \\n\" + INDENT +","lastModifiedDate":"2025-02-06","isFullCredit":false},{"lineNumber":27,"author":{"gitId":"randust"},"content":"                \"|__| \\\\__| |_______||__|\\\\__\\\\  \\\\______/  \\n\" + INDENT +","lastModifiedDate":"2025-02-06","isFullCredit":false},{"lineNumber":28,"author":{"gitId":"randust"},"content":"                \"                                       \\n\");","lastModifiedDate":"2025-02-06","isFullCredit":false},{"lineNumber":29,"author":{"gitId":"randust"},"content":"    }","lastModifiedDate":"2025-02-06","isFullCredit":false},{"lineNumber":30,"author":{"gitId":"randust"},"content":"}","lastModifiedDate":"2025-02-06","isFullCredit":false}],"authorContributionMap":{"randust":30}},{"path":"src/main/java/chatbot/task/ActionType.java","fileType":"java","lines":[{"lineNumber":1,"author":{"gitId":"randust"},"content":"package chatbot.task;","lastModifiedDate":"2025-02-20","isFullCredit":false},{"lineNumber":2,"author":{"gitId":"randust"},"content":"import chatbot.misc.NekoException;","lastModifiedDate":"2025-02-20","isFullCredit":false},{"lineNumber":3,"author":{"gitId":"randust"},"content":"import chatbot.misc.PrintFormat;","lastModifiedDate":"2025-02-20","isFullCredit":false},{"lineNumber":4,"author":{"gitId":"randust"},"content":"import java.util.regex.Matcher;","lastModifiedDate":"2025-02-07","isFullCredit":false},{"lineNumber":5,"author":{"gitId":"randust"},"content":"import java.util.regex.Pattern;","lastModifiedDate":"2025-02-07","isFullCredit":false},{"lineNumber":6,"author":{"gitId":"randust"},"content":"","lastModifiedDate":"2025-02-13","isFullCredit":false},{"lineNumber":7,"author":{"gitId":"randust"},"content":"public enum ActionType {","lastModifiedDate":"2025-02-07","isFullCredit":false},{"lineNumber":8,"author":{"gitId":"randust"},"content":"    MARK {","lastModifiedDate":"2025-02-07","isFullCredit":false},{"lineNumber":9,"author":{"gitId":"randust"},"content":"        @Override","lastModifiedDate":"2025-02-07","isFullCredit":false},{"lineNumber":10,"author":{"gitId":"randust"},"content":"        public void execute(String arguments) {","lastModifiedDate":"2025-02-13","isFullCredit":false},{"lineNumber":11,"author":{"gitId":"randust"},"content":"            try {","lastModifiedDate":"2025-02-13","isFullCredit":false},{"lineNumber":12,"author":{"gitId":"randust"},"content":"                markTask(arguments, true);","lastModifiedDate":"2025-02-13","isFullCredit":false},{"lineNumber":13,"author":{"gitId":"randust"},"content":"            } catch (NekoException e) {","lastModifiedDate":"2025-02-13","isFullCredit":false},{"lineNumber":14,"author":{"gitId":"randust"},"content":"                PrintFormat.println(e.getMessage());","lastModifiedDate":"2025-02-13","isFullCredit":false},{"lineNumber":15,"author":{"gitId":"randust"},"content":"            }","lastModifiedDate":"2025-02-13","isFullCredit":false},{"lineNumber":16,"author":{"gitId":"randust"},"content":"        }","lastModifiedDate":"2025-02-07","isFullCredit":false},{"lineNumber":17,"author":{"gitId":"randust"},"content":"    }, UNMARK {","lastModifiedDate":"2025-02-13","isFullCredit":false},{"lineNumber":18,"author":{"gitId":"randust"},"content":"        @Override","lastModifiedDate":"2025-02-07","isFullCredit":false},{"lineNumber":19,"author":{"gitId":"randust"},"content":"        public void execute(String arguments) {","lastModifiedDate":"2025-02-13","isFullCredit":false},{"lineNumber":20,"author":{"gitId":"randust"},"content":"            try {","lastModifiedDate":"2025-02-13","isFullCredit":false},{"lineNumber":21,"author":{"gitId":"randust"},"content":"                markTask(arguments, false);","lastModifiedDate":"2025-02-13","isFullCredit":false},{"lineNumber":22,"author":{"gitId":"randust"},"content":"            } catch (NekoException e) {","lastModifiedDate":"2025-02-13","isFullCredit":false},{"lineNumber":23,"author":{"gitId":"randust"},"content":"                PrintFormat.println(e.getMessage());","lastModifiedDate":"2025-02-13","isFullCredit":false},{"lineNumber":24,"author":{"gitId":"randust"},"content":"            }","lastModifiedDate":"2025-02-13","isFullCredit":false},{"lineNumber":25,"author":{"gitId":"randust"},"content":"        }","lastModifiedDate":"2025-02-07","isFullCredit":false},{"lineNumber":26,"author":{"gitId":"randust"},"content":"    }, LIST {","lastModifiedDate":"2025-02-13","isFullCredit":false},{"lineNumber":27,"author":{"gitId":"randust"},"content":"        @Override","lastModifiedDate":"2025-02-07","isFullCredit":false},{"lineNumber":28,"author":{"gitId":"randust"},"content":"        public void execute(String arguments) {","lastModifiedDate":"2025-02-13","isFullCredit":false},{"lineNumber":29,"author":{"gitId":"randust"},"content":"            PrintFormat.println(\"Here are all your tasks, nya~!\");","lastModifiedDate":"2025-02-21","isFullCredit":false},{"lineNumber":30,"author":{"gitId":"randust"},"content":"            for (int i \u003d 0; i \u003c TaskManager.getLength(); i++) {","lastModifiedDate":"2025-02-07","isFullCredit":false},{"lineNumber":31,"author":{"gitId":"randust"},"content":"                PrintFormat.println((i + 1) + \". \" + TaskManager.getTask(i));","lastModifiedDate":"2025-02-07","isFullCredit":false},{"lineNumber":32,"author":{"gitId":"randust"},"content":"            }","lastModifiedDate":"2025-02-07","isFullCredit":false},{"lineNumber":33,"author":{"gitId":"randust"},"content":"        }","lastModifiedDate":"2025-02-07","isFullCredit":false},{"lineNumber":34,"author":{"gitId":"randust"},"content":"    }, TODO {","lastModifiedDate":"2025-02-13","isFullCredit":false},{"lineNumber":35,"author":{"gitId":"randust"},"content":"        @Override","lastModifiedDate":"2025-02-07","isFullCredit":false},{"lineNumber":36,"author":{"gitId":"randust"},"content":"        public void execute(String arguments) {","lastModifiedDate":"2025-02-13","isFullCredit":false},{"lineNumber":37,"author":{"gitId":"randust"},"content":"            ToDo todo \u003d ToDo.createToDo(arguments);","lastModifiedDate":"2025-02-13","isFullCredit":false},{"lineNumber":38,"author":{"gitId":"randust"},"content":"            TaskManager.addTask(todo);","lastModifiedDate":"2025-02-13","isFullCredit":false},{"lineNumber":39,"author":{"gitId":"randust"},"content":"            Task.printCreateTask(todo);","lastModifiedDate":"2025-02-20","isFullCredit":false},{"lineNumber":40,"author":{"gitId":"randust"},"content":"        }","lastModifiedDate":"2025-02-07","isFullCredit":false},{"lineNumber":41,"author":{"gitId":"randust"},"content":"    }, DEADLINE {","lastModifiedDate":"2025-02-13","isFullCredit":false},{"lineNumber":42,"author":{"gitId":"randust"},"content":"        @Override","lastModifiedDate":"2025-02-07","isFullCredit":false},{"lineNumber":43,"author":{"gitId":"randust"},"content":"        public void execute(String arguments) {","lastModifiedDate":"2025-02-13","isFullCredit":false},{"lineNumber":44,"author":{"gitId":"randust"},"content":"            final String DEADLINE_REGEX \u003d \"(?\u003cdescription\u003e.+)\\\\s+/by\\\\s+(?\u003ctime\u003e.+)\";","lastModifiedDate":"2025-02-13","isFullCredit":false},{"lineNumber":45,"author":{"gitId":"randust"},"content":"            Pattern subPattern \u003d Pattern.compile(DEADLINE_REGEX);","lastModifiedDate":"2025-02-13","isFullCredit":false},{"lineNumber":46,"author":{"gitId":"randust"},"content":"            Matcher subMatcher \u003d subPattern.matcher(arguments);","lastModifiedDate":"2025-02-13","isFullCredit":false},{"lineNumber":47,"author":{"gitId":"randust"},"content":"            if (subMatcher.find()) {","lastModifiedDate":"2025-02-07","isFullCredit":false},{"lineNumber":48,"author":{"gitId":"randust"},"content":"                String description \u003d subMatcher.group(\"description\").trim();","lastModifiedDate":"2025-02-13","isFullCredit":false},{"lineNumber":49,"author":{"gitId":"randust"},"content":"                String time \u003d subMatcher.group(\"time\").trim();","lastModifiedDate":"2025-02-13","isFullCredit":false},{"lineNumber":50,"author":{"gitId":"randust"},"content":"                Deadline deadline \u003d Deadline.createDeadline(description, time);","lastModifiedDate":"2025-02-13","isFullCredit":false},{"lineNumber":51,"author":{"gitId":"randust"},"content":"                TaskManager.addTask(deadline);","lastModifiedDate":"2025-02-13","isFullCredit":false},{"lineNumber":52,"author":{"gitId":"randust"},"content":"                Task.printCreateTask(deadline);","lastModifiedDate":"2025-02-20","isFullCredit":false},{"lineNumber":53,"author":{"gitId":"randust"},"content":"            } else {","lastModifiedDate":"2025-02-07","isFullCredit":false},{"lineNumber":54,"author":{"gitId":"randust"},"content":"                PrintFormat.println(\"Myaa~! That deadline format looks wrong... Try again?\");","lastModifiedDate":"2025-02-07","isFullCredit":false},{"lineNumber":55,"author":{"gitId":"randust"},"content":"            }","lastModifiedDate":"2025-02-07","isFullCredit":false},{"lineNumber":56,"author":{"gitId":"randust"},"content":"        }","lastModifiedDate":"2025-02-07","isFullCredit":false},{"lineNumber":57,"author":{"gitId":"randust"},"content":"    }, EVENT {","lastModifiedDate":"2025-02-13","isFullCredit":false},{"lineNumber":58,"author":{"gitId":"randust"},"content":"        @Override","lastModifiedDate":"2025-02-07","isFullCredit":false},{"lineNumber":59,"author":{"gitId":"randust"},"content":"        public void execute(String arguments) {","lastModifiedDate":"2025-02-13","isFullCredit":false},{"lineNumber":60,"author":{"gitId":"randust"},"content":"            final String EVENT_REGEX \u003d \"(?\u003cdescription\u003e.+)\\\\s+/from\\\\s+(?\u003cstartTime\u003e.+)\\\\s+/to\\\\s+(?\u003cendTime\u003e.+)\";","lastModifiedDate":"2025-02-13","isFullCredit":false},{"lineNumber":61,"author":{"gitId":"randust"},"content":"            Pattern subPattern \u003d Pattern.compile(EVENT_REGEX);","lastModifiedDate":"2025-02-13","isFullCredit":false},{"lineNumber":62,"author":{"gitId":"randust"},"content":"            Matcher subMatcher \u003d subPattern.matcher(arguments);","lastModifiedDate":"2025-02-13","isFullCredit":false},{"lineNumber":63,"author":{"gitId":"randust"},"content":"            if (subMatcher.find()) {","lastModifiedDate":"2025-02-07","isFullCredit":false},{"lineNumber":64,"author":{"gitId":"randust"},"content":"                String description \u003d subMatcher.group(\"description\").trim();","lastModifiedDate":"2025-02-13","isFullCredit":false},{"lineNumber":65,"author":{"gitId":"randust"},"content":"                String startTime \u003d subMatcher.group(\"startTime\").trim();","lastModifiedDate":"2025-02-13","isFullCredit":false},{"lineNumber":66,"author":{"gitId":"randust"},"content":"                String endTime \u003d subMatcher.group(\"endTime\").trim();","lastModifiedDate":"2025-02-13","isFullCredit":false},{"lineNumber":67,"author":{"gitId":"randust"},"content":"                Event event \u003d Event.createEvent(description, startTime, endTime);","lastModifiedDate":"2025-02-13","isFullCredit":false},{"lineNumber":68,"author":{"gitId":"randust"},"content":"                TaskManager.addTask(event);","lastModifiedDate":"2025-02-13","isFullCredit":false},{"lineNumber":69,"author":{"gitId":"randust"},"content":"                Task.printCreateTask(event);","lastModifiedDate":"2025-02-20","isFullCredit":false},{"lineNumber":70,"author":{"gitId":"randust"},"content":"            } else {","lastModifiedDate":"2025-02-07","isFullCredit":false},{"lineNumber":71,"author":{"gitId":"randust"},"content":"                PrintFormat.println(\"Myaa~! I didn’t understand the event details!\");","lastModifiedDate":"2025-02-13","isFullCredit":false},{"lineNumber":72,"author":{"gitId":"randust"},"content":"            }","lastModifiedDate":"2025-02-07","isFullCredit":false},{"lineNumber":73,"author":{"gitId":"randust"},"content":"        }","lastModifiedDate":"2025-02-07","isFullCredit":false},{"lineNumber":74,"author":{"gitId":"randust"},"content":"    }, DELETE {","lastModifiedDate":"2025-02-19","isFullCredit":false},{"lineNumber":75,"author":{"gitId":"randust"},"content":"        @Override","lastModifiedDate":"2025-02-19","isFullCredit":false},{"lineNumber":76,"author":{"gitId":"randust"},"content":"        public void execute(String arguments) {","lastModifiedDate":"2025-02-19","isFullCredit":false},{"lineNumber":77,"author":{"gitId":"randust"},"content":"            try {","lastModifiedDate":"2025-02-19","isFullCredit":false},{"lineNumber":78,"author":{"gitId":"randust"},"content":"                int taskNumber \u003d Integer.parseInt(arguments.trim());","lastModifiedDate":"2025-02-19","isFullCredit":false},{"lineNumber":79,"author":{"gitId":"randust"},"content":"                if (taskNumber \u003c\u003d 0 || taskNumber \u003e TaskManager.getLength()) {","lastModifiedDate":"2025-02-19","isFullCredit":false},{"lineNumber":80,"author":{"gitId":"randust"},"content":"                    PrintFormat.println(\"Meow?! That task number doesn\u0027t exist!\");","lastModifiedDate":"2025-02-19","isFullCredit":false},{"lineNumber":81,"author":{"gitId":"randust"},"content":"                    return;","lastModifiedDate":"2025-02-19","isFullCredit":false},{"lineNumber":82,"author":{"gitId":"randust"},"content":"                }","lastModifiedDate":"2025-02-19","isFullCredit":false},{"lineNumber":83,"author":{"gitId":"randust"},"content":"                Task removedTask \u003d TaskManager.popTask(taskNumber - 1);","lastModifiedDate":"2025-02-19","isFullCredit":false},{"lineNumber":84,"author":{"gitId":"randust"},"content":"                PrintFormat.println(\"Okayy! I\u0027ve removed this task:\");","lastModifiedDate":"2025-02-19","isFullCredit":false},{"lineNumber":85,"author":{"gitId":"randust"},"content":"                PrintFormat.println(removedTask);","lastModifiedDate":"2025-02-19","isFullCredit":false},{"lineNumber":86,"author":{"gitId":"randust"},"content":"                int remainingTaskNumber \u003d TaskManager.getLength();","lastModifiedDate":"2025-02-19","isFullCredit":false},{"lineNumber":87,"author":{"gitId":"randust"},"content":"                PrintFormat.println(\"Now you have \" + remainingTaskNumber + (remainingTaskNumber \u003e 1 ? \" tasks in the list nya~!\" : \" task in the list nya~!\"));","lastModifiedDate":"2025-02-19","isFullCredit":false},{"lineNumber":88,"author":{"gitId":"randust"},"content":"            } catch (NumberFormatException e) {","lastModifiedDate":"2025-02-19","isFullCredit":false},{"lineNumber":89,"author":{"gitId":"randust"},"content":"                PrintFormat.println(\"Please provide a valid task number, nya!\");","lastModifiedDate":"2025-02-21","isFullCredit":false},{"lineNumber":90,"author":{"gitId":"randust"},"content":"            }","lastModifiedDate":"2025-02-19","isFullCredit":false},{"lineNumber":91,"author":{"gitId":"randust"},"content":"        }","lastModifiedDate":"2025-02-19","isFullCredit":false},{"lineNumber":92,"author":{"gitId":"randust"},"content":"    };","lastModifiedDate":"2025-02-07","isFullCredit":false},{"lineNumber":93,"author":{"gitId":"randust"},"content":"","lastModifiedDate":"2025-02-07","isFullCredit":false},{"lineNumber":94,"author":{"gitId":"randust"},"content":"    private static void markTask(String arguments, boolean isDone) throws NekoException {","lastModifiedDate":"2025-02-13","isFullCredit":false},{"lineNumber":95,"author":{"gitId":"randust"},"content":"        try {","lastModifiedDate":"2025-02-07","isFullCredit":false},{"lineNumber":96,"author":{"gitId":"randust"},"content":"            int taskNumber \u003d Integer.parseInt(arguments.trim());","lastModifiedDate":"2025-02-13","isFullCredit":false},{"lineNumber":97,"author":{"gitId":"randust"},"content":"            if (taskNumber \u003c\u003d 0 || taskNumber \u003e TaskManager.getLength()) {","lastModifiedDate":"2025-02-07","isFullCredit":false},{"lineNumber":98,"author":{"gitId":"randust"},"content":"                throw new NekoException(\"Meow?! That task number doesn\u0027t exist!\");","lastModifiedDate":"2025-02-13","isFullCredit":false},{"lineNumber":99,"author":{"gitId":"randust"},"content":"            }","lastModifiedDate":"2025-02-13","isFullCredit":false},{"lineNumber":100,"author":{"gitId":"randust"},"content":"            Task task \u003d TaskManager.getTask(taskNumber - 1);","lastModifiedDate":"2025-02-07","isFullCredit":false},{"lineNumber":101,"author":{"gitId":"randust"},"content":"            task.markStatus(isDone);","lastModifiedDate":"2025-02-07","isFullCredit":false},{"lineNumber":102,"author":{"gitId":"randust"},"content":"            PrintFormat.println(\"Task \" + taskNumber + \" has been \" + (isDone ? \"marked as done!\" : \"unmarked!\") + \" nya~!\");","lastModifiedDate":"2025-02-13","isFullCredit":false},{"lineNumber":103,"author":{"gitId":"randust"},"content":"        } catch (NumberFormatException e) {","lastModifiedDate":"2025-02-07","isFullCredit":false},{"lineNumber":104,"author":{"gitId":"randust"},"content":"            throw new NekoException(\"Please provide a valid task number, nya!\");","lastModifiedDate":"2025-02-21","isFullCredit":false},{"lineNumber":105,"author":{"gitId":"randust"},"content":"        }","lastModifiedDate":"2025-02-07","isFullCredit":false},{"lineNumber":106,"author":{"gitId":"randust"},"content":"    }","lastModifiedDate":"2025-02-07","isFullCredit":false},{"lineNumber":107,"author":{"gitId":"randust"},"content":"","lastModifiedDate":"2025-02-13","isFullCredit":false},{"lineNumber":108,"author":{"gitId":"randust"},"content":"    abstract public void execute(String arguments);","lastModifiedDate":"2025-02-13","isFullCredit":false},{"lineNumber":109,"author":{"gitId":"randust"},"content":"}","lastModifiedDate":"2025-02-07","isFullCredit":false}],"authorContributionMap":{"randust":109}},{"path":"src/main/java/chatbot/task/Deadline.java","fileType":"java","lines":[{"lineNumber":1,"author":{"gitId":"randust"},"content":"package chatbot.task;","lastModifiedDate":"2025-02-20","isFullCredit":false},{"lineNumber":2,"author":{"gitId":"randust"},"content":"","lastModifiedDate":"2025-02-13","isFullCredit":false},{"lineNumber":3,"author":{"gitId":"randust"},"content":"public class Deadline extends Task {","lastModifiedDate":"2025-02-06","isFullCredit":false},{"lineNumber":4,"author":{"gitId":"randust"},"content":"    private final String time;","lastModifiedDate":"2025-02-13","isFullCredit":false},{"lineNumber":5,"author":{"gitId":"randust"},"content":"","lastModifiedDate":"2025-02-13","isFullCredit":false},{"lineNumber":6,"author":{"gitId":"randust"},"content":"    public Deadline(String description, String time) {","lastModifiedDate":"2025-02-13","isFullCredit":false},{"lineNumber":7,"author":{"gitId":"randust"},"content":"        super(description);","lastModifiedDate":"2025-02-13","isFullCredit":false},{"lineNumber":8,"author":{"gitId":"randust"},"content":"        this.time \u003d time;","lastModifiedDate":"2025-02-13","isFullCredit":false},{"lineNumber":9,"author":{"gitId":"randust"},"content":"    }","lastModifiedDate":"2025-02-13","isFullCredit":false},{"lineNumber":10,"author":{"gitId":"randust"},"content":"","lastModifiedDate":"2025-02-06","isFullCredit":false},{"lineNumber":11,"author":{"gitId":"randust"},"content":"    public static Deadline createDeadline(String description, String time) {","lastModifiedDate":"2025-02-06","isFullCredit":false},{"lineNumber":12,"author":{"gitId":"randust"},"content":"        Deadline deadline \u003d new Deadline(description, time);","lastModifiedDate":"2025-02-06","isFullCredit":false},{"lineNumber":13,"author":{"gitId":"randust"},"content":"        return deadline;","lastModifiedDate":"2025-02-06","isFullCredit":false},{"lineNumber":14,"author":{"gitId":"randust"},"content":"    }","lastModifiedDate":"2025-02-06","isFullCredit":false},{"lineNumber":15,"author":{"gitId":"randust"},"content":"","lastModifiedDate":"2025-02-06","isFullCredit":false},{"lineNumber":16,"author":{"gitId":"randust"},"content":"    public String getTime() {","lastModifiedDate":"2025-02-20","isFullCredit":false},{"lineNumber":17,"author":{"gitId":"randust"},"content":"        return time;","lastModifiedDate":"2025-02-20","isFullCredit":false},{"lineNumber":18,"author":{"gitId":"randust"},"content":"    }","lastModifiedDate":"2025-02-20","isFullCredit":false},{"lineNumber":19,"author":{"gitId":"randust"},"content":"","lastModifiedDate":"2025-02-20","isFullCredit":false},{"lineNumber":20,"author":{"gitId":"randust"},"content":"    @Override","lastModifiedDate":"2025-02-06","isFullCredit":false},{"lineNumber":21,"author":{"gitId":"randust"},"content":"    public String toString() {","lastModifiedDate":"2025-02-06","isFullCredit":false},{"lineNumber":22,"author":{"gitId":"randust"},"content":"        return \"[D]\" + super.toString() + \" (by: \" + time + \")\";","lastModifiedDate":"2025-02-06","isFullCredit":false},{"lineNumber":23,"author":{"gitId":"randust"},"content":"    }","lastModifiedDate":"2025-02-06","isFullCredit":false},{"lineNumber":24,"author":{"gitId":"randust"},"content":"}","lastModifiedDate":"2025-02-06","isFullCredit":false}],"authorContributionMap":{"randust":24}},{"path":"src/main/java/chatbot/task/Event.java","fileType":"java","lines":[{"lineNumber":1,"author":{"gitId":"randust"},"content":"package chatbot.task;","lastModifiedDate":"2025-02-20","isFullCredit":false},{"lineNumber":2,"author":{"gitId":"randust"},"content":"","lastModifiedDate":"2025-02-13","isFullCredit":false},{"lineNumber":3,"author":{"gitId":"randust"},"content":"public class Event extends Task {","lastModifiedDate":"2025-02-06","isFullCredit":false},{"lineNumber":4,"author":{"gitId":"randust"},"content":"    private final String startTime, endTime;","lastModifiedDate":"2025-02-13","isFullCredit":false},{"lineNumber":5,"author":{"gitId":"randust"},"content":"","lastModifiedDate":"2025-02-06","isFullCredit":false},{"lineNumber":6,"author":{"gitId":"randust"},"content":"    public Event(String description, String startTime, String endTime) {","lastModifiedDate":"2025-02-06","isFullCredit":false},{"lineNumber":7,"author":{"gitId":"randust"},"content":"        super(description);","lastModifiedDate":"2025-02-06","isFullCredit":false},{"lineNumber":8,"author":{"gitId":"randust"},"content":"        this.startTime \u003d startTime;","lastModifiedDate":"2025-02-06","isFullCredit":false},{"lineNumber":9,"author":{"gitId":"randust"},"content":"        this.endTime \u003d endTime;","lastModifiedDate":"2025-02-06","isFullCredit":false},{"lineNumber":10,"author":{"gitId":"randust"},"content":"    }","lastModifiedDate":"2025-02-06","isFullCredit":false},{"lineNumber":11,"author":{"gitId":"randust"},"content":"","lastModifiedDate":"2025-02-06","isFullCredit":false},{"lineNumber":12,"author":{"gitId":"randust"},"content":"    public static Event createEvent(String description, String startTime, String endTime) {","lastModifiedDate":"2025-02-13","isFullCredit":false},{"lineNumber":13,"author":{"gitId":"randust"},"content":"        Event event \u003d new Event(description, startTime, endTime);","lastModifiedDate":"2025-02-13","isFullCredit":false},{"lineNumber":14,"author":{"gitId":"randust"},"content":"        return event;","lastModifiedDate":"2025-02-13","isFullCredit":false},{"lineNumber":15,"author":{"gitId":"randust"},"content":"    }","lastModifiedDate":"2025-02-13","isFullCredit":false},{"lineNumber":16,"author":{"gitId":"randust"},"content":"","lastModifiedDate":"2025-02-13","isFullCredit":false},{"lineNumber":17,"author":{"gitId":"randust"},"content":"    public String getStartTime() {","lastModifiedDate":"2025-02-20","isFullCredit":false},{"lineNumber":18,"author":{"gitId":"randust"},"content":"        return startTime;","lastModifiedDate":"2025-02-20","isFullCredit":false},{"lineNumber":19,"author":{"gitId":"randust"},"content":"    }","lastModifiedDate":"2025-02-20","isFullCredit":false},{"lineNumber":20,"author":{"gitId":"randust"},"content":"","lastModifiedDate":"2025-02-20","isFullCredit":false},{"lineNumber":21,"author":{"gitId":"randust"},"content":"    public String getEndTime() {","lastModifiedDate":"2025-02-20","isFullCredit":false},{"lineNumber":22,"author":{"gitId":"randust"},"content":"        return endTime;","lastModifiedDate":"2025-02-20","isFullCredit":false},{"lineNumber":23,"author":{"gitId":"randust"},"content":"    }","lastModifiedDate":"2025-02-20","isFullCredit":false},{"lineNumber":24,"author":{"gitId":"randust"},"content":"","lastModifiedDate":"2025-02-20","isFullCredit":false},{"lineNumber":25,"author":{"gitId":"randust"},"content":"    @Override","lastModifiedDate":"2025-02-06","isFullCredit":false},{"lineNumber":26,"author":{"gitId":"randust"},"content":"    public String toString() {","lastModifiedDate":"2025-02-06","isFullCredit":false},{"lineNumber":27,"author":{"gitId":"randust"},"content":"        return \"[E]\" + super.toString() + \" (from: \" + startTime + \" to: \" + endTime + \")\";","lastModifiedDate":"2025-02-06","isFullCredit":false},{"lineNumber":28,"author":{"gitId":"randust"},"content":"    }","lastModifiedDate":"2025-02-06","isFullCredit":false},{"lineNumber":29,"author":{"gitId":"randust"},"content":"}","lastModifiedDate":"2025-02-06","isFullCredit":false}],"authorContributionMap":{"randust":29}},{"path":"src/main/java/chatbot/task/Task.java","fileType":"java","lines":[{"lineNumber":1,"author":{"gitId":"randust"},"content":"package chatbot.task;","lastModifiedDate":"2025-02-20","isFullCredit":false},{"lineNumber":2,"author":{"gitId":"randust"},"content":"","lastModifiedDate":"2025-02-13","isFullCredit":false},{"lineNumber":3,"author":{"gitId":"randust"},"content":"import chatbot.misc.PrintFormat;","lastModifiedDate":"2025-02-20","isFullCredit":false},{"lineNumber":4,"author":{"gitId":"randust"},"content":"","lastModifiedDate":"2025-02-13","isFullCredit":false},{"lineNumber":5,"author":{"gitId":"randust"},"content":"public abstract class Task {","lastModifiedDate":"2025-02-13","isFullCredit":false},{"lineNumber":6,"author":{"gitId":"randust"},"content":"","lastModifiedDate":"2025-02-06","isFullCredit":false},{"lineNumber":7,"author":{"gitId":"randust"},"content":"    protected String description;","lastModifiedDate":"2025-02-06","isFullCredit":false},{"lineNumber":8,"author":{"gitId":"randust"},"content":"    protected boolean isDone;","lastModifiedDate":"2025-02-06","isFullCredit":false},{"lineNumber":9,"author":{"gitId":"randust"},"content":"","lastModifiedDate":"2025-02-06","isFullCredit":false},{"lineNumber":10,"author":{"gitId":"randust"},"content":"    public Task(String description){","lastModifiedDate":"2025-02-06","isFullCredit":false},{"lineNumber":11,"author":{"gitId":"randust"},"content":"        this.description \u003d description;","lastModifiedDate":"2025-02-06","isFullCredit":false},{"lineNumber":12,"author":{"gitId":"randust"},"content":"        this.isDone \u003d false;","lastModifiedDate":"2025-02-06","isFullCredit":false},{"lineNumber":13,"author":{"gitId":"randust"},"content":"    }","lastModifiedDate":"2025-02-06","isFullCredit":false},{"lineNumber":14,"author":{"gitId":"randust"},"content":"","lastModifiedDate":"2025-02-06","isFullCredit":false},{"lineNumber":15,"author":{"gitId":"randust"},"content":"    protected static void printCreateTask(Task task) {","lastModifiedDate":"2025-02-13","isFullCredit":false},{"lineNumber":16,"author":{"gitId":"randust"},"content":"        PrintFormat.println(\"Meow~! Got it! I\u0027ve added this task for you!\");","lastModifiedDate":"2025-02-13","isFullCredit":false},{"lineNumber":17,"author":{"gitId":"randust"},"content":"        PrintFormat.println(task);","lastModifiedDate":"2025-02-13","isFullCredit":false},{"lineNumber":18,"author":{"gitId":"randust"},"content":"        PrintFormat.println(\"Now you have \" + TaskManager.getLength() + \" tasks in your list, nya~!\");","lastModifiedDate":"2025-02-13","isFullCredit":false},{"lineNumber":19,"author":{"gitId":"randust"},"content":"    }","lastModifiedDate":"2025-02-13","isFullCredit":false},{"lineNumber":20,"author":{"gitId":"randust"},"content":"","lastModifiedDate":"2025-02-13","isFullCredit":false},{"lineNumber":21,"author":{"gitId":"randust"},"content":"    public String getStatus() {","lastModifiedDate":"2025-02-06","isFullCredit":false},{"lineNumber":22,"author":{"gitId":"randust"},"content":"        return (isDone ? \"[X]\" : \"[ ]\"); // mark done task with X","lastModifiedDate":"2025-02-06","isFullCredit":false},{"lineNumber":23,"author":{"gitId":"randust"},"content":"    }","lastModifiedDate":"2025-02-06","isFullCredit":false},{"lineNumber":24,"author":{"gitId":"randust"},"content":"","lastModifiedDate":"2025-02-06","isFullCredit":false},{"lineNumber":25,"author":{"gitId":"randust"},"content":"    public void markStatus(boolean isDone) {","lastModifiedDate":"2025-02-06","isFullCredit":false},{"lineNumber":26,"author":{"gitId":"randust"},"content":"        this.isDone \u003d isDone; // mark or unmark task","lastModifiedDate":"2025-02-06","isFullCredit":false},{"lineNumber":27,"author":{"gitId":"randust"},"content":"    }","lastModifiedDate":"2025-02-06","isFullCredit":false},{"lineNumber":28,"author":{"gitId":"randust"},"content":"","lastModifiedDate":"2025-02-06","isFullCredit":false},{"lineNumber":29,"author":{"gitId":"randust"},"content":"    public String getDescription() {","lastModifiedDate":"2025-02-06","isFullCredit":false},{"lineNumber":30,"author":{"gitId":"randust"},"content":"        return description;","lastModifiedDate":"2025-02-06","isFullCredit":false},{"lineNumber":31,"author":{"gitId":"randust"},"content":"    }","lastModifiedDate":"2025-02-06","isFullCredit":false},{"lineNumber":32,"author":{"gitId":"randust"},"content":"","lastModifiedDate":"2025-02-06","isFullCredit":false},{"lineNumber":33,"author":{"gitId":"randust"},"content":"    @Override","lastModifiedDate":"2025-02-06","isFullCredit":false},{"lineNumber":34,"author":{"gitId":"randust"},"content":"    public String toString() {","lastModifiedDate":"2025-02-06","isFullCredit":false},{"lineNumber":35,"author":{"gitId":"randust"},"content":"        return getStatus() + \" \" + getDescription();","lastModifiedDate":"2025-02-06","isFullCredit":false},{"lineNumber":36,"author":{"gitId":"randust"},"content":"    }","lastModifiedDate":"2025-02-06","isFullCredit":false},{"lineNumber":37,"author":{"gitId":"randust"},"content":"}","lastModifiedDate":"2025-02-06","isFullCredit":false}],"authorContributionMap":{"randust":37}},{"path":"src/main/java/chatbot/task/TaskManager.java","fileType":"java","lines":[{"lineNumber":1,"author":{"gitId":"randust"},"content":"package chatbot.task;","lastModifiedDate":"2025-02-20","isFullCredit":false},{"lineNumber":2,"author":{"gitId":"randust"},"content":"","lastModifiedDate":"2025-02-13","isFullCredit":false},{"lineNumber":3,"author":{"gitId":"randust"},"content":"import java.util.ArrayList;","lastModifiedDate":"2025-02-07","isFullCredit":false},{"lineNumber":4,"author":{"gitId":"randust"},"content":"import java.util.List;","lastModifiedDate":"2025-02-07","isFullCredit":false},{"lineNumber":5,"author":{"gitId":"randust"},"content":"","lastModifiedDate":"2025-02-13","isFullCredit":false},{"lineNumber":6,"author":{"gitId":"randust"},"content":"public class TaskManager {","lastModifiedDate":"2025-02-07","isFullCredit":false},{"lineNumber":7,"author":{"gitId":"randust"},"content":"    private static final List\u003cTask\u003e tasks \u003d new ArrayList\u003c\u003e();","lastModifiedDate":"2025-02-13","isFullCredit":false},{"lineNumber":8,"author":{"gitId":"randust"},"content":"","lastModifiedDate":"2025-02-07","isFullCredit":false},{"lineNumber":9,"author":{"gitId":"randust"},"content":"    public static Task getTask(int index) {","lastModifiedDate":"2025-02-07","isFullCredit":false},{"lineNumber":10,"author":{"gitId":"randust"},"content":"        return tasks.get(index);","lastModifiedDate":"2025-02-07","isFullCredit":false},{"lineNumber":11,"author":{"gitId":"randust"},"content":"    }","lastModifiedDate":"2025-02-07","isFullCredit":false},{"lineNumber":12,"author":{"gitId":"randust"},"content":"","lastModifiedDate":"2025-02-07","isFullCredit":false},{"lineNumber":13,"author":{"gitId":"randust"},"content":"    public static int getLength() {","lastModifiedDate":"2025-02-07","isFullCredit":false},{"lineNumber":14,"author":{"gitId":"randust"},"content":"        return tasks.size();","lastModifiedDate":"2025-02-07","isFullCredit":false},{"lineNumber":15,"author":{"gitId":"randust"},"content":"    }","lastModifiedDate":"2025-02-07","isFullCredit":false},{"lineNumber":16,"author":{"gitId":"randust"},"content":"","lastModifiedDate":"2025-02-07","isFullCredit":false},{"lineNumber":17,"author":{"gitId":"randust"},"content":"    public static void addTask(Task task) {","lastModifiedDate":"2025-02-07","isFullCredit":false},{"lineNumber":18,"author":{"gitId":"randust"},"content":"        tasks.add(task);","lastModifiedDate":"2025-02-07","isFullCredit":false},{"lineNumber":19,"author":{"gitId":"randust"},"content":"    }","lastModifiedDate":"2025-02-07","isFullCredit":false},{"lineNumber":20,"author":{"gitId":"randust"},"content":"","lastModifiedDate":"2025-02-19","isFullCredit":false},{"lineNumber":21,"author":{"gitId":"randust"},"content":"    public static Task popTask(int index) {","lastModifiedDate":"2025-02-19","isFullCredit":false},{"lineNumber":22,"author":{"gitId":"randust"},"content":"        return tasks.remove(index);","lastModifiedDate":"2025-02-19","isFullCredit":false},{"lineNumber":23,"author":{"gitId":"randust"},"content":"    }","lastModifiedDate":"2025-02-19","isFullCredit":false},{"lineNumber":24,"author":{"gitId":"randust"},"content":"}","lastModifiedDate":"2025-02-07","isFullCredit":false}],"authorContributionMap":{"randust":24}},{"path":"src/main/java/chatbot/task/ToDo.java","fileType":"java","lines":[{"lineNumber":1,"author":{"gitId":"randust"},"content":"package chatbot.task;","lastModifiedDate":"2025-02-20","isFullCredit":false},{"lineNumber":2,"author":{"gitId":"randust"},"content":"","lastModifiedDate":"2025-02-13","isFullCredit":false},{"lineNumber":3,"author":{"gitId":"randust"},"content":"public class ToDo extends Task {","lastModifiedDate":"2025-02-06","isFullCredit":false},{"lineNumber":4,"author":{"gitId":"randust"},"content":"    public ToDo(String description) {","lastModifiedDate":"2025-02-13","isFullCredit":false},{"lineNumber":5,"author":{"gitId":"randust"},"content":"        super(description);","lastModifiedDate":"2025-02-13","isFullCredit":false},{"lineNumber":6,"author":{"gitId":"randust"},"content":"    }","lastModifiedDate":"2025-02-13","isFullCredit":false},{"lineNumber":7,"author":{"gitId":"randust"},"content":"","lastModifiedDate":"2025-02-13","isFullCredit":false},{"lineNumber":8,"author":{"gitId":"randust"},"content":"    public static ToDo createToDo(String description) {","lastModifiedDate":"2025-02-06","isFullCredit":false},{"lineNumber":9,"author":{"gitId":"randust"},"content":"        ToDo todo \u003d new ToDo(description);","lastModifiedDate":"2025-02-06","isFullCredit":false},{"lineNumber":10,"author":{"gitId":"randust"},"content":"        return todo;","lastModifiedDate":"2025-02-06","isFullCredit":false},{"lineNumber":11,"author":{"gitId":"randust"},"content":"    }","lastModifiedDate":"2025-02-06","isFullCredit":false},{"lineNumber":12,"author":{"gitId":"randust"},"content":"","lastModifiedDate":"2025-02-06","isFullCredit":false},{"lineNumber":13,"author":{"gitId":"randust"},"content":"    @Override","lastModifiedDate":"2025-02-06","isFullCredit":false},{"lineNumber":14,"author":{"gitId":"randust"},"content":"    public String toString() {","lastModifiedDate":"2025-02-06","isFullCredit":false},{"lineNumber":15,"author":{"gitId":"randust"},"content":"        return \"[T]\" + super.toString();","lastModifiedDate":"2025-02-06","isFullCredit":false},{"lineNumber":16,"author":{"gitId":"randust"},"content":"    }","lastModifiedDate":"2025-02-06","isFullCredit":false},{"lineNumber":17,"author":{"gitId":"randust"},"content":"}","lastModifiedDate":"2025-02-06","isFullCredit":false}],"authorContributionMap":{"randust":17}},{"path":"text-ui-test/input.txt","fileType":"txt","lines":[{"lineNumber":1,"author":{"gitId":"randust"},"content":"todo read books","lastModifiedDate":"2025-02-06","isFullCredit":false},{"lineNumber":2,"author":{"gitId":"randust"},"content":"deadline assignments /by 5th   Sunday","lastModifiedDate":"2025-02-06","isFullCredit":false},{"lineNumber":3,"author":{"gitId":"randust"},"content":"event music show !!! /from 4pm  (Mon) /to  5pm","lastModifiedDate":"2025-02-06","isFullCredit":false},{"lineNumber":4,"author":{"gitId":"randust"},"content":"list","lastModifiedDate":"2025-02-06","isFullCredit":false},{"lineNumber":5,"author":{"gitId":"randust"},"content":"mark 2","lastModifiedDate":"2025-02-06","isFullCredit":false},{"lineNumber":6,"author":{"gitId":"randust"},"content":"unmark 2","lastModifiedDate":"2025-02-06","isFullCredit":false},{"lineNumber":7,"author":{"gitId":"randust"},"content":"mark 1","lastModifiedDate":"2025-02-06","isFullCredit":false},{"lineNumber":8,"author":{"gitId":"randust"},"content":"bye","lastModifiedDate":"2025-02-06","isFullCredit":false}],"authorContributionMap":{"randust":8}},{"path":"text-ui-test/input2.txt","fileType":"txt","lines":[{"lineNumber":1,"author":{"gitId":"randust"},"content":"todo Andrew: Answer CS2113 tutorial questions","lastModifiedDate":"2025-02-13","isFullCredit":false},{"lineNumber":2,"author":{"gitId":"randust"},"content":"deadline weekly CS2113 quiz /by Monday 9pm","lastModifiedDate":"2025-02-13","isFullCredit":false},{"lineNumber":3,"author":{"gitId":"randust"},"content":"list","lastModifiedDate":"2025-02-13","isFullCredit":false},{"lineNumber":4,"author":{"gitId":"randust"},"content":"event CS2113 lecture /from Friday 4 /to 6pm","lastModifiedDate":"2025-02-13","isFullCredit":false},{"lineNumber":5,"author":{"gitId":"randust"},"content":"mark 1","lastModifiedDate":"2025-02-13","isFullCredit":false},{"lineNumber":6,"author":{"gitId":"randust"},"content":"list","lastModifiedDate":"2025-02-13","isFullCredit":false}],"authorContributionMap":{"randust":6}},{"path":"text-ui-test/runtest.bat","fileType":"bat","lines":[{"lineNumber":1,"author":{"gitId":"-"},"content":"@ECHO OFF","lastModifiedDate":"2020-05-25","isFullCredit":false},{"lineNumber":2,"author":{"gitId":"-"},"content":"","lastModifiedDate":"2020-05-25","isFullCredit":false},{"lineNumber":3,"author":{"gitId":"-"},"content":"REM create bin directory if it doesn\u0027t exist","lastModifiedDate":"2020-05-25","isFullCredit":false},{"lineNumber":4,"author":{"gitId":"-"},"content":"if not exist ..\\bin mkdir ..\\bin","lastModifiedDate":"2020-05-25","isFullCredit":false},{"lineNumber":5,"author":{"gitId":"-"},"content":"","lastModifiedDate":"2020-05-25","isFullCredit":false},{"lineNumber":6,"author":{"gitId":"-"},"content":"REM delete output from previous run","lastModifiedDate":"2020-05-25","isFullCredit":false},{"lineNumber":7,"author":{"gitId":"-"},"content":"if exist ACTUAL.TXT del ACTUAL.TXT","lastModifiedDate":"2020-08-25","isFullCredit":false},{"lineNumber":8,"author":{"gitId":"-"},"content":"","lastModifiedDate":"2020-05-25","isFullCredit":false},{"lineNumber":9,"author":{"gitId":"-"},"content":"REM compile the code into the bin folder","lastModifiedDate":"2020-05-25","isFullCredit":false},{"lineNumber":10,"author":{"gitId":"randust"},"content":"javac -cp \"C:\\Users\\Andrew\\myproject\\CS 2113\\ip\\src\\main\\java\" -Xlint:none -d ..\\bin \"C:\\Users\\Andrew\\myproject\\CS 2113\\ip\\src\\main\\java\\NekoBot.java\"","lastModifiedDate":"2025-02-06","isFullCredit":false},{"lineNumber":11,"author":{"gitId":"-"},"content":"IF ERRORLEVEL 1 (","lastModifiedDate":"2020-05-25","isFullCredit":false},{"lineNumber":12,"author":{"gitId":"-"},"content":"    echo ********** BUILD FAILURE **********","lastModifiedDate":"2020-05-25","isFullCredit":false},{"lineNumber":13,"author":{"gitId":"-"},"content":"    exit /b 1","lastModifiedDate":"2020-05-25","isFullCredit":false},{"lineNumber":14,"author":{"gitId":"-"},"content":")","lastModifiedDate":"2020-05-25","isFullCredit":false},{"lineNumber":15,"author":{"gitId":"-"},"content":"","lastModifiedDate":"2020-05-25","isFullCredit":false},{"lineNumber":16,"author":{"gitId":"randust"},"content":"REM run the program, feed commands from input.txt file and redirect the output to ACTUAL.TXT","lastModifiedDate":"2025-02-06","isFullCredit":false},{"lineNumber":17,"author":{"gitId":"randust"},"content":"java -classpath ..\\bin NekoBot \u003c input.txt \u003e ACTUAL.TXT","lastModifiedDate":"2025-02-06","isFullCredit":false},{"lineNumber":18,"author":{"gitId":"-"},"content":"","lastModifiedDate":"2020-05-25","isFullCredit":false},{"lineNumber":19,"author":{"gitId":"-"},"content":"REM compare the output to the expected output","lastModifiedDate":"2020-05-25","isFullCredit":false},{"lineNumber":20,"author":{"gitId":"-"},"content":"FC ACTUAL.TXT EXPECTED.TXT","lastModifiedDate":"2020-05-25","isFullCredit":false}],"authorContributionMap":{"randust":3,"-":17}}]
