[{"path":"src/main/java/Lyxo.java","fileType":"java","lines":[{"lineNumber":1,"author":{"gitId":"Lydialkx"},"content":"import java.util.Scanner;","lastModifiedDate":"2025-02-03","isFullCredit":false},{"lineNumber":2,"author":{"gitId":"Lydialkx"},"content":"","lastModifiedDate":"2025-02-03","isFullCredit":false},{"lineNumber":3,"author":{"gitId":"Lydialkx"},"content":"class Task {","lastModifiedDate":"2025-02-03","isFullCredit":false},{"lineNumber":4,"author":{"gitId":"Lydialkx"},"content":"    protected String description;","lastModifiedDate":"2025-02-03","isFullCredit":false},{"lineNumber":5,"author":{"gitId":"Lydialkx"},"content":"    protected boolean isDone;","lastModifiedDate":"2025-02-03","isFullCredit":false},{"lineNumber":6,"author":{"gitId":"Lydialkx"},"content":"","lastModifiedDate":"2025-02-03","isFullCredit":false},{"lineNumber":7,"author":{"gitId":"Lydialkx"},"content":"    public Task(String description) {","lastModifiedDate":"2025-02-03","isFullCredit":false},{"lineNumber":8,"author":{"gitId":"Lydialkx"},"content":"        this.description \u003d description;","lastModifiedDate":"2025-02-03","isFullCredit":false},{"lineNumber":9,"author":{"gitId":"Lydialkx"},"content":"        this.isDone \u003d false;","lastModifiedDate":"2025-02-03","isFullCredit":false},{"lineNumber":10,"author":{"gitId":"Lydialkx"},"content":"    }","lastModifiedDate":"2025-02-03","isFullCredit":false},{"lineNumber":11,"author":{"gitId":"Lydialkx"},"content":"","lastModifiedDate":"2025-02-03","isFullCredit":false},{"lineNumber":12,"author":{"gitId":"Lydialkx"},"content":"    public String getStatusIcon() {","lastModifiedDate":"2025-02-03","isFullCredit":false},{"lineNumber":13,"author":{"gitId":"Lydialkx"},"content":"        return (isDone ? \"X\" : \" \"); // \"X\" if done, \" \" if not done","lastModifiedDate":"2025-02-03","isFullCredit":false},{"lineNumber":14,"author":{"gitId":"Lydialkx"},"content":"    }","lastModifiedDate":"2025-02-03","isFullCredit":false},{"lineNumber":15,"author":{"gitId":"Lydialkx"},"content":"","lastModifiedDate":"2025-02-03","isFullCredit":false},{"lineNumber":16,"author":{"gitId":"Lydialkx"},"content":"    public void markAsDone() {","lastModifiedDate":"2025-02-03","isFullCredit":false},{"lineNumber":17,"author":{"gitId":"Lydialkx"},"content":"        this.isDone \u003d true;","lastModifiedDate":"2025-02-03","isFullCredit":false},{"lineNumber":18,"author":{"gitId":"Lydialkx"},"content":"    }","lastModifiedDate":"2025-02-03","isFullCredit":false},{"lineNumber":19,"author":{"gitId":"Lydialkx"},"content":"","lastModifiedDate":"2025-02-03","isFullCredit":false},{"lineNumber":20,"author":{"gitId":"Lydialkx"},"content":"    public void unmarkAsDone() {","lastModifiedDate":"2025-02-03","isFullCredit":false},{"lineNumber":21,"author":{"gitId":"Lydialkx"},"content":"        this.isDone \u003d false;","lastModifiedDate":"2025-02-03","isFullCredit":false},{"lineNumber":22,"author":{"gitId":"Lydialkx"},"content":"    }","lastModifiedDate":"2025-02-03","isFullCredit":false},{"lineNumber":23,"author":{"gitId":"Lydialkx"},"content":"}","lastModifiedDate":"2025-02-03","isFullCredit":false},{"lineNumber":24,"author":{"gitId":"Lydialkx"},"content":"","lastModifiedDate":"2025-02-03","isFullCredit":false},{"lineNumber":25,"author":{"gitId":"Lydialkx"},"content":"public class Lyxo {","lastModifiedDate":"2025-02-03","isFullCredit":false},{"lineNumber":26,"author":{"gitId":"Lydialkx"},"content":"    public static void main(String[] args) {","lastModifiedDate":"2025-02-03","isFullCredit":false},{"lineNumber":27,"author":{"gitId":"Lydialkx"},"content":"        String logo \u003d \"  _                 \\n\"","lastModifiedDate":"2025-02-03","isFullCredit":false},{"lineNumber":28,"author":{"gitId":"Lydialkx"},"content":"                + \" | |                \\n\"","lastModifiedDate":"2025-02-03","isFullCredit":false},{"lineNumber":29,"author":{"gitId":"Lydialkx"},"content":"                + \" | |  _   _  _   _ ____ \\n\"","lastModifiedDate":"2025-02-03","isFullCredit":false},{"lineNumber":30,"author":{"gitId":"Lydialkx"},"content":"                + \" | | | | | |\\\\ \\\\ / / __ \\\\\\n\"","lastModifiedDate":"2025-02-03","isFullCredit":false},{"lineNumber":31,"author":{"gitId":"Lydialkx"},"content":"                + \" | |_| |_| | \u003e\u003e \u003c\u003c |__| | \\n\"","lastModifiedDate":"2025-02-03","isFullCredit":false},{"lineNumber":32,"author":{"gitId":"Lydialkx"},"content":"                + \"  \\\\___\\\\__, |/_/ \\\\_\\\\____/ \\n\"","lastModifiedDate":"2025-02-03","isFullCredit":false},{"lineNumber":33,"author":{"gitId":"Lydialkx"},"content":"                + \"      ___| |       \\n\"","lastModifiedDate":"2025-02-03","isFullCredit":false},{"lineNumber":34,"author":{"gitId":"Lydialkx"},"content":"                + \"     |_____|       \\n\";","lastModifiedDate":"2025-02-03","isFullCredit":false},{"lineNumber":35,"author":{"gitId":"Lydialkx"},"content":"        System.out.println(\"    Hello from\\n\" + logo);","lastModifiedDate":"2025-02-03","isFullCredit":false},{"lineNumber":36,"author":{"gitId":"Lydialkx"},"content":"        System.out.println(\"    ____________________________________________________________\");","lastModifiedDate":"2025-02-03","isFullCredit":false},{"lineNumber":37,"author":{"gitId":"Lydialkx"},"content":"        System.out.println(\"    Hello! I\u0027m Lyxo\");","lastModifiedDate":"2025-02-03","isFullCredit":false},{"lineNumber":38,"author":{"gitId":"Lydialkx"},"content":"        System.out.println(\"    What can I do for you?\");","lastModifiedDate":"2025-02-03","isFullCredit":false},{"lineNumber":39,"author":{"gitId":"Lydialkx"},"content":"        System.out.println(\"    ____________________________________________________________\");","lastModifiedDate":"2025-02-03","isFullCredit":false},{"lineNumber":40,"author":{"gitId":"Lydialkx"},"content":"        Scanner scanner \u003d new Scanner(System.in);","lastModifiedDate":"2025-02-03","isFullCredit":false},{"lineNumber":41,"author":{"gitId":"Lydialkx"},"content":"        boolean exit \u003d true;","lastModifiedDate":"2025-02-03","isFullCredit":false},{"lineNumber":42,"author":{"gitId":"Lydialkx"},"content":"        Task[] tasks \u003d new Task[100];","lastModifiedDate":"2025-02-03","isFullCredit":false},{"lineNumber":43,"author":{"gitId":"Lydialkx"},"content":"        int count \u003d 0;","lastModifiedDate":"2025-02-03","isFullCredit":false},{"lineNumber":44,"author":{"gitId":"Lydialkx"},"content":"","lastModifiedDate":"2025-02-03","isFullCredit":false},{"lineNumber":45,"author":{"gitId":"Lydialkx"},"content":"        while (exit) {","lastModifiedDate":"2025-02-03","isFullCredit":false},{"lineNumber":46,"author":{"gitId":"Lydialkx"},"content":"            String command \u003d scanner.nextLine().trim();","lastModifiedDate":"2025-02-03","isFullCredit":false},{"lineNumber":47,"author":{"gitId":"Lydialkx"},"content":"            if (command.equals(\"bye\")) {","lastModifiedDate":"2025-02-03","isFullCredit":false},{"lineNumber":48,"author":{"gitId":"Lydialkx"},"content":"                System.out.println(\"    ____________________________________________________________\");","lastModifiedDate":"2025-02-03","isFullCredit":false},{"lineNumber":49,"author":{"gitId":"Lydialkx"},"content":"                System.out.println(\"     Bye. Hope to see you again soon!\");","lastModifiedDate":"2025-02-03","isFullCredit":false},{"lineNumber":50,"author":{"gitId":"Lydialkx"},"content":"                System.out.println(\"    _____________________________________________________________\");","lastModifiedDate":"2025-02-03","isFullCredit":false},{"lineNumber":51,"author":{"gitId":"Lydialkx"},"content":"                exit \u003d false;","lastModifiedDate":"2025-02-03","isFullCredit":false},{"lineNumber":52,"author":{"gitId":"Lydialkx"},"content":"            }","lastModifiedDate":"2025-02-03","isFullCredit":false},{"lineNumber":53,"author":{"gitId":"Lydialkx"},"content":"            else if (command.equals(\"list\")) {","lastModifiedDate":"2025-02-03","isFullCredit":false},{"lineNumber":54,"author":{"gitId":"Lydialkx"},"content":"                System.out.println(\"    ____________________________________________________________\");","lastModifiedDate":"2025-02-03","isFullCredit":false},{"lineNumber":55,"author":{"gitId":"Lydialkx"},"content":"                System.out.println(\"     Here are the tasks in your list:\");","lastModifiedDate":"2025-02-03","isFullCredit":false},{"lineNumber":56,"author":{"gitId":"Lydialkx"},"content":"                for (int i \u003d 0; i \u003c count; i++) {","lastModifiedDate":"2025-02-03","isFullCredit":false},{"lineNumber":57,"author":{"gitId":"Lydialkx"},"content":"                    System.out.println(\"     \" + (i + 1) + \".[\" + tasks[i].getStatusIcon() + \"] \" + tasks[i].description);","lastModifiedDate":"2025-02-03","isFullCredit":false},{"lineNumber":58,"author":{"gitId":"Lydialkx"},"content":"                }","lastModifiedDate":"2025-02-03","isFullCredit":false},{"lineNumber":59,"author":{"gitId":"Lydialkx"},"content":"                System.out.println(\"    _____________________________________________________________\");","lastModifiedDate":"2025-02-03","isFullCredit":false},{"lineNumber":60,"author":{"gitId":"Lydialkx"},"content":"            }","lastModifiedDate":"2025-02-03","isFullCredit":false},{"lineNumber":61,"author":{"gitId":"Lydialkx"},"content":"            else if (command.startsWith(\"mark\")) {","lastModifiedDate":"2025-02-03","isFullCredit":false},{"lineNumber":62,"author":{"gitId":"Lydialkx"},"content":"                    int taskIndex \u003d Integer.parseInt(command.substring(4).trim()) - 1;","lastModifiedDate":"2025-02-03","isFullCredit":false},{"lineNumber":63,"author":{"gitId":"Lydialkx"},"content":"                    tasks[taskIndex].markAsDone();","lastModifiedDate":"2025-02-03","isFullCredit":false},{"lineNumber":64,"author":{"gitId":"Lydialkx"},"content":"                    System.out.println(\"    ____________________________________________________________\");","lastModifiedDate":"2025-02-03","isFullCredit":false},{"lineNumber":65,"author":{"gitId":"Lydialkx"},"content":"                    System.out.println(\"     Nice! I\u0027ve marked this task as done:\");","lastModifiedDate":"2025-02-03","isFullCredit":false},{"lineNumber":66,"author":{"gitId":"Lydialkx"},"content":"                    System.out.println(\"       [X] \" + tasks[taskIndex].description);","lastModifiedDate":"2025-02-03","isFullCredit":false},{"lineNumber":67,"author":{"gitId":"Lydialkx"},"content":"                    System.out.println(\"    _____________________________________________________________\");","lastModifiedDate":"2025-02-03","isFullCredit":false},{"lineNumber":68,"author":{"gitId":"Lydialkx"},"content":"","lastModifiedDate":"2025-02-03","isFullCredit":false},{"lineNumber":69,"author":{"gitId":"Lydialkx"},"content":"            }","lastModifiedDate":"2025-02-03","isFullCredit":false},{"lineNumber":70,"author":{"gitId":"Lydialkx"},"content":"            else if (command.startsWith(\"unmark\")) {","lastModifiedDate":"2025-02-03","isFullCredit":false},{"lineNumber":71,"author":{"gitId":"Lydialkx"},"content":"                    int taskIndex \u003d Integer.parseInt(command.substring(6).trim()) - 1;","lastModifiedDate":"2025-02-03","isFullCredit":false},{"lineNumber":72,"author":{"gitId":"Lydialkx"},"content":"                    tasks[taskIndex].unmarkAsDone();","lastModifiedDate":"2025-02-03","isFullCredit":false},{"lineNumber":73,"author":{"gitId":"Lydialkx"},"content":"                    System.out.println(\"    ____________________________________________________________\");","lastModifiedDate":"2025-02-03","isFullCredit":false},{"lineNumber":74,"author":{"gitId":"Lydialkx"},"content":"                    System.out.println(\"     OK, I\u0027ve marked this task as not done yet:\");","lastModifiedDate":"2025-02-03","isFullCredit":false},{"lineNumber":75,"author":{"gitId":"Lydialkx"},"content":"                    System.out.println(\"       [ ] \" + tasks[taskIndex].description);","lastModifiedDate":"2025-02-03","isFullCredit":false},{"lineNumber":76,"author":{"gitId":"Lydialkx"},"content":"                    System.out.println(\"    _____________________________________________________________\");","lastModifiedDate":"2025-02-03","isFullCredit":false},{"lineNumber":77,"author":{"gitId":"Lydialkx"},"content":"            }","lastModifiedDate":"2025-02-03","isFullCredit":false},{"lineNumber":78,"author":{"gitId":"Lydialkx"},"content":"            else {","lastModifiedDate":"2025-02-03","isFullCredit":false},{"lineNumber":79,"author":{"gitId":"Lydialkx"},"content":"                    tasks[count] \u003d new Task(command);","lastModifiedDate":"2025-02-03","isFullCredit":false},{"lineNumber":80,"author":{"gitId":"Lydialkx"},"content":"                    count++;","lastModifiedDate":"2025-02-03","isFullCredit":false},{"lineNumber":81,"author":{"gitId":"Lydialkx"},"content":"                    System.out.println(\"    ____________________________________________________________\");","lastModifiedDate":"2025-02-03","isFullCredit":false},{"lineNumber":82,"author":{"gitId":"Lydialkx"},"content":"                    System.out.println(\"     added: \" + command);","lastModifiedDate":"2025-02-03","isFullCredit":false},{"lineNumber":83,"author":{"gitId":"Lydialkx"},"content":"                    System.out.println(\"    _____________________________________________________________\");","lastModifiedDate":"2025-02-03","isFullCredit":false},{"lineNumber":84,"author":{"gitId":"Lydialkx"},"content":"            }","lastModifiedDate":"2025-02-03","isFullCredit":false},{"lineNumber":85,"author":{"gitId":"Lydialkx"},"content":"        }","lastModifiedDate":"2025-02-03","isFullCredit":false},{"lineNumber":86,"author":{"gitId":"Lydialkx"},"content":"    }","lastModifiedDate":"2025-02-03","isFullCredit":false},{"lineNumber":87,"author":{"gitId":"Lydialkx"},"content":"}","lastModifiedDate":"2025-02-03","isFullCredit":false}],"authorContributionMap":{"Lydialkx":87}}]
