{"authorDailyContributionsMap":{"Lydialkx":[{"date":"2025-02-03","commitResults":[{"hash":"3104ad994752e1613aa8ac806eb5058afa9230e9","isMergeCommit":false,"messageTitle":"change name","messageBody":"","fileTypesAndContributionMap":{"java":{"insertions":68,"deletions":0}}},{"hash":"32a9662f947341f9989906a9110de99a8a5fdca2","isMergeCommit":false,"messageTitle":"change name","messageBody":"","fileTypesAndContributionMap":{"java":{"insertions":0,"deletions":10}}},{"hash":"7e84136d59c23b613ce37c6f15a6bf3cb247dd2f","isMergeCommit":false,"messageTitle":"use class to implement level-3","messageBody":"","fileTypesAndContributionMap":{"java":{"insertions":51,"deletions":32}}}]},{"date":"2025-02-05","commitResults":[{"hash":"e9e0413402773ade89d0a70bfac8ca8837169944","isMergeCommit":false,"messageTitle":"Add todo, event and deadline functions","messageBody":"","fileTypesAndContributionMap":{"java":{"insertions":76,"deletions":2}}}]},{"date":"2025-02-11","commitResults":[{"hash":"28946b48b498533206eb4f64db0ff30285f4fb99","isMergeCommit":false,"messageTitle":"Implemented error handling for Level-5","messageBody":"","fileTypesAndContributionMap":{"java":{"insertions":72,"deletions":56}}},{"hash":"4799963d9829440ab62784fdcb79c07a617589c9","isMergeCommit":true,"messageTitle":"Merge Level-5 implementation","messageBody":"","tags":["Level-5"],"fileTypesAndContributionMap":{}}]}]},"authorFileTypeContributionMap":{"Lydialkx":{"java":177,"md":0,"fxml":0,"sh":0,"bat":0,"gradle":0,"txt":0}},"authorContributionVariance":{"Lydialkx":1342.652},"authorDisplayNameMap":{"Lydialkx":"LIU ..EXIN"}}
