[{"path":"README.md","fileType":"md","lines":[{"lineNumber":1,"author":{"gitId":"Carlton369"},"content":"# Snorlax.UI.Snorlax project template","lastModifiedDate":"2025-02-12","isFullCredit":false},{"lineNumber":2,"author":{"gitId":"-"},"content":"","lastModifiedDate":"2020-05-25","isFullCredit":false},{"lineNumber":3,"author":{"gitId":"-"},"content":"This is a project template for a greenfield Java project. It\u0027s named after the Java mascot _Duke_. Given below are instructions on how to use it.","lastModifiedDate":"2020-05-25","isFullCredit":false},{"lineNumber":4,"author":{"gitId":"-"},"content":"","lastModifiedDate":"2020-05-25","isFullCredit":false},{"lineNumber":5,"author":{"gitId":"-"},"content":"## Setting up in Intellij","lastModifiedDate":"2020-05-25","isFullCredit":false},{"lineNumber":6,"author":{"gitId":"-"},"content":"","lastModifiedDate":"2020-05-25","isFullCredit":false},{"lineNumber":7,"author":{"gitId":"-"},"content":"Prerequisites: JDK 17, update Intellij to the most recent version.","lastModifiedDate":"2024-07-11","isFullCredit":false},{"lineNumber":8,"author":{"gitId":"-"},"content":"","lastModifiedDate":"2020-05-25","isFullCredit":false},{"lineNumber":9,"author":{"gitId":"-"},"content":"1. Open Intellij (if you are not in the welcome screen, click `File` \u003e `Close Project` to close the existing project first)","lastModifiedDate":"2021-01-17","isFullCredit":false},{"lineNumber":10,"author":{"gitId":"-"},"content":"1. Open the project into Intellij as follows:","lastModifiedDate":"2021-01-17","isFullCredit":false},{"lineNumber":11,"author":{"gitId":"-"},"content":"   1. Click `Open`.","lastModifiedDate":"2021-01-17","isFullCredit":false},{"lineNumber":12,"author":{"gitId":"-"},"content":"   1. Select the project directory, and click `OK`.","lastModifiedDate":"2021-01-17","isFullCredit":false},{"lineNumber":13,"author":{"gitId":"-"},"content":"   1. If there are any further prompts, accept the defaults.","lastModifiedDate":"2020-05-25","isFullCredit":false},{"lineNumber":14,"author":{"gitId":"-"},"content":"1. Configure the project to use **JDK 17** (not other versions) as explained in [here](https://www.jetbrains.com/help/idea/sdk.html#set-up-jdk).\u003cbr\u003e","lastModifiedDate":"2024-07-11","isFullCredit":false},{"lineNumber":15,"author":{"gitId":"-"},"content":"   In the same dialog, set the **Project language level** field to the `SDK default` option.","lastModifiedDate":"2021-07-29","isFullCredit":false},{"lineNumber":16,"author":{"gitId":"Carlton369"},"content":"1. After that, locate the `src/main/java/Snorlax.UI.Snorlax.java` file, right-click it, and choose `Run Snorlax.UI.Snorlax.main()` (if the code editor is showing compile errors, try restarting the IDE). If the setup is correct, you should see something like the below as the output:","lastModifiedDate":"2025-02-12","isFullCredit":false},{"lineNumber":17,"author":{"gitId":"-"},"content":"   ```","lastModifiedDate":"2020-05-25","isFullCredit":false},{"lineNumber":18,"author":{"gitId":"-"},"content":"   Hello from","lastModifiedDate":"2020-05-25","isFullCredit":false},{"lineNumber":19,"author":{"gitId":"-"},"content":"    ____        _        ","lastModifiedDate":"2020-05-25","isFullCredit":false},{"lineNumber":20,"author":{"gitId":"-"},"content":"   |  _ \\ _   _| | _____ ","lastModifiedDate":"2020-05-25","isFullCredit":false},{"lineNumber":21,"author":{"gitId":"-"},"content":"   | | | | | | | |/ / _ \\","lastModifiedDate":"2020-05-25","isFullCredit":false},{"lineNumber":22,"author":{"gitId":"-"},"content":"   | |_| | |_| |   \u003c  __/","lastModifiedDate":"2020-05-25","isFullCredit":false},{"lineNumber":23,"author":{"gitId":"-"},"content":"   |____/ \\__,_|_|\\_\\___|","lastModifiedDate":"2020-05-25","isFullCredit":false},{"lineNumber":24,"author":{"gitId":"-"},"content":"   ```","lastModifiedDate":"2020-05-25","isFullCredit":false},{"lineNumber":25,"author":{"gitId":"-"},"content":"","lastModifiedDate":"2025-01-04","isFullCredit":false},{"lineNumber":26,"author":{"gitId":"-"},"content":"**Warning:** Keep the `src\\main\\java` folder as the root folder for Java files (i.e., don\u0027t rename those folders or move Java files to another folder outside of this folder path), as this is the default location some tools (e.g., Gradle) expect to find Java files.","lastModifiedDate":"2025-01-04","isFullCredit":false}],"authorContributionMap":{"Carlton369":2,"-":24}},{"path":"docs/README.md","fileType":"md","lines":[{"lineNumber":1,"author":{"gitId":"Carlton369"},"content":"# Snorlax.UI.Snorlax User Guide","lastModifiedDate":"2025-02-12","isFullCredit":false},{"lineNumber":2,"author":{"gitId":"-"},"content":"","lastModifiedDate":"2019-07-29","isFullCredit":false},{"lineNumber":3,"author":{"gitId":"-"},"content":"// Update the title above to match the actual product name","lastModifiedDate":"2024-01-07","isFullCredit":false},{"lineNumber":4,"author":{"gitId":"-"},"content":"","lastModifiedDate":"2019-07-29","isFullCredit":false},{"lineNumber":5,"author":{"gitId":"-"},"content":"// Product screenshot goes here","lastModifiedDate":"2024-01-07","isFullCredit":false},{"lineNumber":6,"author":{"gitId":"-"},"content":"","lastModifiedDate":"2021-07-17","isFullCredit":false},{"lineNumber":7,"author":{"gitId":"-"},"content":"// Product intro goes here","lastModifiedDate":"2024-01-07","isFullCredit":false},{"lineNumber":8,"author":{"gitId":"-"},"content":"","lastModifiedDate":"2021-07-17","isFullCredit":false},{"lineNumber":9,"author":{"gitId":"-"},"content":"## Adding deadlines","lastModifiedDate":"2024-01-07","isFullCredit":false},{"lineNumber":10,"author":{"gitId":"-"},"content":"","lastModifiedDate":"2021-07-17","isFullCredit":false},{"lineNumber":11,"author":{"gitId":"-"},"content":"// Describe the action and its outcome.","lastModifiedDate":"2024-01-07","isFullCredit":false},{"lineNumber":12,"author":{"gitId":"-"},"content":"","lastModifiedDate":"2019-07-29","isFullCredit":false},{"lineNumber":13,"author":{"gitId":"-"},"content":"// Give examples of usage","lastModifiedDate":"2024-01-07","isFullCredit":false},{"lineNumber":14,"author":{"gitId":"-"},"content":"","lastModifiedDate":"2019-07-29","isFullCredit":false},{"lineNumber":15,"author":{"gitId":"-"},"content":"Example: `keyword (optional arguments)`","lastModifiedDate":"2024-01-07","isFullCredit":false},{"lineNumber":16,"author":{"gitId":"-"},"content":"","lastModifiedDate":"2019-07-29","isFullCredit":false},{"lineNumber":17,"author":{"gitId":"-"},"content":"// A description of the expected outcome goes here","lastModifiedDate":"2024-01-07","isFullCredit":false},{"lineNumber":18,"author":{"gitId":"-"},"content":"","lastModifiedDate":"2019-07-29","isFullCredit":false},{"lineNumber":19,"author":{"gitId":"-"},"content":"```","lastModifiedDate":"2024-01-07","isFullCredit":false},{"lineNumber":20,"author":{"gitId":"-"},"content":"expected output","lastModifiedDate":"2024-01-07","isFullCredit":false},{"lineNumber":21,"author":{"gitId":"-"},"content":"```","lastModifiedDate":"2024-01-07","isFullCredit":false},{"lineNumber":22,"author":{"gitId":"-"},"content":"","lastModifiedDate":"2019-07-29","isFullCredit":false},{"lineNumber":23,"author":{"gitId":"-"},"content":"## Feature ABC","lastModifiedDate":"2024-01-07","isFullCredit":false},{"lineNumber":24,"author":{"gitId":"-"},"content":"","lastModifiedDate":"2019-07-29","isFullCredit":false},{"lineNumber":25,"author":{"gitId":"-"},"content":"// Feature details","lastModifiedDate":"2024-01-07","isFullCredit":false},{"lineNumber":26,"author":{"gitId":"-"},"content":"","lastModifiedDate":"2019-07-29","isFullCredit":false},{"lineNumber":27,"author":{"gitId":"-"},"content":"","lastModifiedDate":"2021-07-17","isFullCredit":false},{"lineNumber":28,"author":{"gitId":"-"},"content":"## Feature XYZ","lastModifiedDate":"2024-01-07","isFullCredit":false},{"lineNumber":29,"author":{"gitId":"-"},"content":"","lastModifiedDate":"2024-01-07","isFullCredit":false},{"lineNumber":30,"author":{"gitId":"-"},"content":"// Feature details","lastModifiedDate":"2024-01-07","isFullCredit":false}],"authorContributionMap":{"Carlton369":1,"-":29}},{"path":"src/main/java/Snorlax/CommandsPackage/Commands.java","fileType":"java","lines":[{"lineNumber":1,"author":{"gitId":"Carlton369"},"content":"package Snorlax.CommandsPackage;","lastModifiedDate":"2025-02-12","isFullCredit":false},{"lineNumber":2,"author":{"gitId":"Carlton369"},"content":"","lastModifiedDate":"2025-02-12","isFullCredit":false},{"lineNumber":3,"author":{"gitId":"Carlton369"},"content":"import Snorlax.ExceptionsPackage.*;","lastModifiedDate":"2025-02-12","isFullCredit":false},{"lineNumber":4,"author":{"gitId":"Carlton369"},"content":"import Snorlax.TaskPackage.*;","lastModifiedDate":"2025-02-12","isFullCredit":false},{"lineNumber":5,"author":{"gitId":"Carlton369"},"content":"import Snorlax.UtilityPackage.Utilities;","lastModifiedDate":"2025-02-12","isFullCredit":false},{"lineNumber":6,"author":{"gitId":"Carlton369"},"content":"","lastModifiedDate":"2025-02-06","isFullCredit":false},{"lineNumber":7,"author":{"gitId":"Carlton369"},"content":"","lastModifiedDate":"2025-02-06","isFullCredit":false},{"lineNumber":8,"author":{"gitId":"Carlton369"},"content":"public class Commands {","lastModifiedDate":"2025-02-06","isFullCredit":false},{"lineNumber":9,"author":{"gitId":"Carlton369"},"content":"    public static void List(Task[] list, int count){","lastModifiedDate":"2025-02-06","isFullCredit":false},{"lineNumber":10,"author":{"gitId":"Carlton369"},"content":"        Utilities.printBorder();","lastModifiedDate":"2025-02-12","isFullCredit":false},{"lineNumber":11,"author":{"gitId":"Carlton369"},"content":"        if (count \u003d\u003d 0) {","lastModifiedDate":"2025-02-06","isFullCredit":false},{"lineNumber":12,"author":{"gitId":"Carlton369"},"content":"            System.out.println(\"     No tasks yet.....\");","lastModifiedDate":"2025-02-06","isFullCredit":false},{"lineNumber":13,"author":{"gitId":"Carlton369"},"content":"        } else {","lastModifiedDate":"2025-02-06","isFullCredit":false},{"lineNumber":14,"author":{"gitId":"Carlton369"},"content":"            System.out.println(\"     Here are the tasks in the list:\");","lastModifiedDate":"2025-02-06","isFullCredit":false},{"lineNumber":15,"author":{"gitId":"Carlton369"},"content":"            for (int i \u003d 0; i \u003c count; i++) {","lastModifiedDate":"2025-02-06","isFullCredit":false},{"lineNumber":16,"author":{"gitId":"Carlton369"},"content":"                System.out.println(\"     \" + (i + 1) + \". \" + list[i].toString());","lastModifiedDate":"2025-02-06","isFullCredit":false},{"lineNumber":17,"author":{"gitId":"Carlton369"},"content":"            }","lastModifiedDate":"2025-02-06","isFullCredit":false},{"lineNumber":18,"author":{"gitId":"Carlton369"},"content":"        }","lastModifiedDate":"2025-02-06","isFullCredit":false},{"lineNumber":19,"author":{"gitId":"Carlton369"},"content":"        Utilities.printBorder();","lastModifiedDate":"2025-02-12","isFullCredit":false},{"lineNumber":20,"author":{"gitId":"Carlton369"},"content":"    }","lastModifiedDate":"2025-02-06","isFullCredit":false},{"lineNumber":21,"author":{"gitId":"Carlton369"},"content":"","lastModifiedDate":"2025-02-06","isFullCredit":false},{"lineNumber":22,"author":{"gitId":"Carlton369"},"content":"    public static void Mark(Task[] list, int taskNumber, int count){","lastModifiedDate":"2025-02-06","isFullCredit":false},{"lineNumber":23,"author":{"gitId":"Carlton369"},"content":"        if (taskNumber \u003c 0 || taskNumber \u003e\u003d count) {","lastModifiedDate":"2025-02-06","isFullCredit":false},{"lineNumber":24,"author":{"gitId":"Carlton369"},"content":"            throw new NonexistentTaskException();","lastModifiedDate":"2025-02-12","isFullCredit":false},{"lineNumber":25,"author":{"gitId":"Carlton369"},"content":"        } else if (list[taskNumber].isDone) {","lastModifiedDate":"2025-02-06","isFullCredit":false},{"lineNumber":26,"author":{"gitId":"Carlton369"},"content":"            throw new CompletedTaskException();","lastModifiedDate":"2025-02-12","isFullCredit":false},{"lineNumber":27,"author":{"gitId":"Carlton369"},"content":"        } else {","lastModifiedDate":"2025-02-06","isFullCredit":false},{"lineNumber":28,"author":{"gitId":"Carlton369"},"content":"            Utilities.printBorder();","lastModifiedDate":"2025-02-12","isFullCredit":false},{"lineNumber":29,"author":{"gitId":"Carlton369"},"content":"            System.out.println(\"     Ok..... I will mark this task as done.....\");","lastModifiedDate":"2025-02-06","isFullCredit":false},{"lineNumber":30,"author":{"gitId":"Carlton369"},"content":"            System.out.println(\"     [X] \" + list[taskNumber].description);","lastModifiedDate":"2025-02-06","isFullCredit":false},{"lineNumber":31,"author":{"gitId":"Carlton369"},"content":"            Utilities.printBorder();","lastModifiedDate":"2025-02-12","isFullCredit":false},{"lineNumber":32,"author":{"gitId":"Carlton369"},"content":"            list[taskNumber].markAsDone();","lastModifiedDate":"2025-02-06","isFullCredit":false},{"lineNumber":33,"author":{"gitId":"Carlton369"},"content":"        }","lastModifiedDate":"2025-02-06","isFullCredit":false},{"lineNumber":34,"author":{"gitId":"Carlton369"},"content":"    }","lastModifiedDate":"2025-02-06","isFullCredit":false},{"lineNumber":35,"author":{"gitId":"Carlton369"},"content":"","lastModifiedDate":"2025-02-06","isFullCredit":false},{"lineNumber":36,"author":{"gitId":"Carlton369"},"content":"    public static void Unmark(Task[] list, int taskNumber, int count){","lastModifiedDate":"2025-02-06","isFullCredit":false},{"lineNumber":37,"author":{"gitId":"Carlton369"},"content":"        if (taskNumber \u003c 0 || taskNumber \u003e\u003d count) {","lastModifiedDate":"2025-02-06","isFullCredit":false},{"lineNumber":38,"author":{"gitId":"Carlton369"},"content":"            throw new NonexistentTaskException();","lastModifiedDate":"2025-02-12","isFullCredit":false},{"lineNumber":39,"author":{"gitId":"Carlton369"},"content":"        } else if (!list[taskNumber].isDone) {","lastModifiedDate":"2025-02-06","isFullCredit":false},{"lineNumber":40,"author":{"gitId":"Carlton369"},"content":"            throw new IncompleteTaskException();","lastModifiedDate":"2025-02-12","isFullCredit":false},{"lineNumber":41,"author":{"gitId":"Carlton369"},"content":"        } else {","lastModifiedDate":"2025-02-06","isFullCredit":false},{"lineNumber":42,"author":{"gitId":"Carlton369"},"content":"            Utilities.printBorder();","lastModifiedDate":"2025-02-12","isFullCredit":false},{"lineNumber":43,"author":{"gitId":"Carlton369"},"content":"            System.out.println(\"     Ok..... I will mark this task as not done yet.....\");","lastModifiedDate":"2025-02-06","isFullCredit":false},{"lineNumber":44,"author":{"gitId":"Carlton369"},"content":"            System.out.println(\"     [ ] \" + list[taskNumber].description);","lastModifiedDate":"2025-02-06","isFullCredit":false},{"lineNumber":45,"author":{"gitId":"Carlton369"},"content":"            Utilities.printBorder();","lastModifiedDate":"2025-02-12","isFullCredit":false},{"lineNumber":46,"author":{"gitId":"Carlton369"},"content":"            list[taskNumber].unmarkAsDone();","lastModifiedDate":"2025-02-06","isFullCredit":false},{"lineNumber":47,"author":{"gitId":"Carlton369"},"content":"        }","lastModifiedDate":"2025-02-06","isFullCredit":false},{"lineNumber":48,"author":{"gitId":"Carlton369"},"content":"    }","lastModifiedDate":"2025-02-06","isFullCredit":false},{"lineNumber":49,"author":{"gitId":"Carlton369"},"content":"","lastModifiedDate":"2025-02-06","isFullCredit":false},{"lineNumber":50,"author":{"gitId":"Carlton369"},"content":"    public static void Deadline(Task[]list, String taskDescription , int count){","lastModifiedDate":"2025-02-06","isFullCredit":false},{"lineNumber":51,"author":{"gitId":"Carlton369"},"content":"","lastModifiedDate":"2025-02-06","isFullCredit":false},{"lineNumber":52,"author":{"gitId":"Carlton369"},"content":"        String[] splitTaskDescription \u003d taskDescription.split(\"/by\");","lastModifiedDate":"2025-02-06","isFullCredit":false},{"lineNumber":53,"author":{"gitId":"Carlton369"},"content":"","lastModifiedDate":"2025-02-06","isFullCredit":false},{"lineNumber":54,"author":{"gitId":"Carlton369"},"content":"        if (splitTaskDescription.length !\u003d 2) {","lastModifiedDate":"2025-02-12","isFullCredit":false},{"lineNumber":55,"author":{"gitId":"Carlton369"},"content":"            throw new InvalidDeadlineException();","lastModifiedDate":"2025-02-12","isFullCredit":false},{"lineNumber":56,"author":{"gitId":"Carlton369"},"content":"        }","lastModifiedDate":"2025-02-12","isFullCredit":false},{"lineNumber":57,"author":{"gitId":"Carlton369"},"content":"","lastModifiedDate":"2025-02-12","isFullCredit":false},{"lineNumber":58,"author":{"gitId":"Carlton369"},"content":"        String taskAction \u003d splitTaskDescription[0].trim();","lastModifiedDate":"2025-02-06","isFullCredit":false},{"lineNumber":59,"author":{"gitId":"Carlton369"},"content":"        String deadlineBy \u003d splitTaskDescription[1].trim();","lastModifiedDate":"2025-02-06","isFullCredit":false},{"lineNumber":60,"author":{"gitId":"Carlton369"},"content":"","lastModifiedDate":"2025-02-06","isFullCredit":false},{"lineNumber":61,"author":{"gitId":"Carlton369"},"content":"","lastModifiedDate":"2025-02-06","isFullCredit":false},{"lineNumber":62,"author":{"gitId":"Carlton369"},"content":"        list[count] \u003d new Deadline(taskAction,deadlineBy);","lastModifiedDate":"2025-02-06","isFullCredit":false},{"lineNumber":63,"author":{"gitId":"Carlton369"},"content":"        //index 0 refers to the task, index 1 refers to the due date","lastModifiedDate":"2025-02-06","isFullCredit":false},{"lineNumber":64,"author":{"gitId":"Carlton369"},"content":"","lastModifiedDate":"2025-02-06","isFullCredit":false},{"lineNumber":65,"author":{"gitId":"Carlton369"},"content":"        Utilities.printBorder();","lastModifiedDate":"2025-02-12","isFullCredit":false},{"lineNumber":66,"author":{"gitId":"Carlton369"},"content":"        System.out.println(\"     Ok..... I have added this \\\"deadline\\\" task.....\");","lastModifiedDate":"2025-02-06","isFullCredit":false},{"lineNumber":67,"author":{"gitId":"Carlton369"},"content":"        System.out.println(\"     \" + list[count].toString());","lastModifiedDate":"2025-02-06","isFullCredit":false},{"lineNumber":68,"author":{"gitId":"Carlton369"},"content":"        System.out.println(\"     You now have \" + (count + 1) + \" tasks in the list...\");","lastModifiedDate":"2025-02-06","isFullCredit":false},{"lineNumber":69,"author":{"gitId":"Carlton369"},"content":"        Utilities.printBorder();","lastModifiedDate":"2025-02-12","isFullCredit":false},{"lineNumber":70,"author":{"gitId":"Carlton369"},"content":"    }","lastModifiedDate":"2025-02-06","isFullCredit":false},{"lineNumber":71,"author":{"gitId":"Carlton369"},"content":"","lastModifiedDate":"2025-02-06","isFullCredit":false},{"lineNumber":72,"author":{"gitId":"Carlton369"},"content":"    public static void Todo(Task[]list, String taskDescription, int count){","lastModifiedDate":"2025-02-06","isFullCredit":false},{"lineNumber":73,"author":{"gitId":"Carlton369"},"content":"        list[count] \u003d new Todo(taskDescription);","lastModifiedDate":"2025-02-06","isFullCredit":false},{"lineNumber":74,"author":{"gitId":"Carlton369"},"content":"","lastModifiedDate":"2025-02-06","isFullCredit":false},{"lineNumber":75,"author":{"gitId":"Carlton369"},"content":"        Utilities.printBorder();","lastModifiedDate":"2025-02-12","isFullCredit":false},{"lineNumber":76,"author":{"gitId":"Carlton369"},"content":"        System.out.println(\"     Ok..... I have added this \\\"todo\\\" task.....\");","lastModifiedDate":"2025-02-06","isFullCredit":false},{"lineNumber":77,"author":{"gitId":"Carlton369"},"content":"        System.out.println(\"     \" + list[count].toString());","lastModifiedDate":"2025-02-06","isFullCredit":false},{"lineNumber":78,"author":{"gitId":"Carlton369"},"content":"        System.out.println(\"     You now have \" + (count + 1) + \" tasks in the list...\");","lastModifiedDate":"2025-02-06","isFullCredit":false},{"lineNumber":79,"author":{"gitId":"Carlton369"},"content":"        Utilities.printBorder();","lastModifiedDate":"2025-02-12","isFullCredit":false},{"lineNumber":80,"author":{"gitId":"Carlton369"},"content":"    }","lastModifiedDate":"2025-02-06","isFullCredit":false},{"lineNumber":81,"author":{"gitId":"Carlton369"},"content":"","lastModifiedDate":"2025-02-06","isFullCredit":false},{"lineNumber":82,"author":{"gitId":"Carlton369"},"content":"    public static void Event(Task[]list, String taskDescription, int count){","lastModifiedDate":"2025-02-06","isFullCredit":false},{"lineNumber":83,"author":{"gitId":"Carlton369"},"content":"        try {","lastModifiedDate":"2025-02-12","isFullCredit":false},{"lineNumber":84,"author":{"gitId":"Carlton369"},"content":"            String[] splitDescription \u003d taskDescription.split(\"/from\",2);","lastModifiedDate":"2025-02-06","isFullCredit":false},{"lineNumber":85,"author":{"gitId":"Carlton369"},"content":"            String eventDescription \u003d splitDescription[0].trim();","lastModifiedDate":"2025-02-06","isFullCredit":false},{"lineNumber":86,"author":{"gitId":"Carlton369"},"content":"            String[] eventTimeline \u003d splitDescription[1].split(\"/to\", 2);","lastModifiedDate":"2025-02-06","isFullCredit":false},{"lineNumber":87,"author":{"gitId":"Carlton369"},"content":"","lastModifiedDate":"2025-02-12","isFullCredit":false},{"lineNumber":88,"author":{"gitId":"Carlton369"},"content":"            String eventStart \u003d eventTimeline[0].trim();","lastModifiedDate":"2025-02-06","isFullCredit":false},{"lineNumber":89,"author":{"gitId":"Carlton369"},"content":"            String eventEnd \u003d eventTimeline[1].trim();","lastModifiedDate":"2025-02-06","isFullCredit":false},{"lineNumber":90,"author":{"gitId":"Carlton369"},"content":"","lastModifiedDate":"2025-02-06","isFullCredit":false},{"lineNumber":91,"author":{"gitId":"Carlton369"},"content":"            if (eventDescription.isEmpty()) {","lastModifiedDate":"2025-02-12","isFullCredit":false},{"lineNumber":92,"author":{"gitId":"Carlton369"},"content":"                throw new InvalidEventException();","lastModifiedDate":"2025-02-12","isFullCredit":false},{"lineNumber":93,"author":{"gitId":"Carlton369"},"content":"            }","lastModifiedDate":"2025-02-06","isFullCredit":false},{"lineNumber":94,"author":{"gitId":"Carlton369"},"content":"            list[count] \u003d new Event(eventDescription,eventStart, eventEnd);","lastModifiedDate":"2025-02-06","isFullCredit":false},{"lineNumber":95,"author":{"gitId":"Carlton369"},"content":"","lastModifiedDate":"2025-02-06","isFullCredit":false},{"lineNumber":96,"author":{"gitId":"Carlton369"},"content":"        } catch (ArrayIndexOutOfBoundsException e) {","lastModifiedDate":"2025-02-12","isFullCredit":false},{"lineNumber":97,"author":{"gitId":"Carlton369"},"content":"            throw new InvalidEventException();","lastModifiedDate":"2025-02-12","isFullCredit":false},{"lineNumber":98,"author":{"gitId":"Carlton369"},"content":"        }","lastModifiedDate":"2025-02-12","isFullCredit":false},{"lineNumber":99,"author":{"gitId":"Carlton369"},"content":"","lastModifiedDate":"2025-02-12","isFullCredit":false},{"lineNumber":100,"author":{"gitId":"Carlton369"},"content":"        Utilities.printBorder();","lastModifiedDate":"2025-02-12","isFullCredit":false},{"lineNumber":101,"author":{"gitId":"Carlton369"},"content":"        System.out.println(\"     Ok..... I have added this \\\"event\\\" task.....\");","lastModifiedDate":"2025-02-06","isFullCredit":false},{"lineNumber":102,"author":{"gitId":"Carlton369"},"content":"        System.out.println(\"     \" + list[count].toString());","lastModifiedDate":"2025-02-06","isFullCredit":false},{"lineNumber":103,"author":{"gitId":"Carlton369"},"content":"        System.out.println(\"     You now have \" + (count + 1) + \" tasks in the list...\");","lastModifiedDate":"2025-02-06","isFullCredit":false},{"lineNumber":104,"author":{"gitId":"Carlton369"},"content":"        Utilities.printBorder();","lastModifiedDate":"2025-02-12","isFullCredit":false},{"lineNumber":105,"author":{"gitId":"Carlton369"},"content":"    }","lastModifiedDate":"2025-02-06","isFullCredit":false},{"lineNumber":106,"author":{"gitId":"Carlton369"},"content":"}","lastModifiedDate":"2025-02-06","isFullCredit":false}],"authorContributionMap":{"Carlton369":106}},{"path":"src/main/java/Snorlax/ExceptionsPackage/CompletedTaskException.java","fileType":"java","lines":[{"lineNumber":1,"author":{"gitId":"Carlton369"},"content":"package Snorlax.ExceptionsPackage;","lastModifiedDate":"2025-02-12","isFullCredit":false},{"lineNumber":2,"author":{"gitId":"Carlton369"},"content":"","lastModifiedDate":"2025-02-12","isFullCredit":false},{"lineNumber":3,"author":{"gitId":"Carlton369"},"content":"import Snorlax.UtilityPackage.Utilities;","lastModifiedDate":"2025-02-12","isFullCredit":false},{"lineNumber":4,"author":{"gitId":"Carlton369"},"content":"","lastModifiedDate":"2025-02-12","isFullCredit":false},{"lineNumber":5,"author":{"gitId":"Carlton369"},"content":"//when user tries to mark an already completed task as done","lastModifiedDate":"2025-02-12","isFullCredit":false},{"lineNumber":6,"author":{"gitId":"Carlton369"},"content":"public class CompletedTaskException extends SnorlaxException {","lastModifiedDate":"2025-02-12","isFullCredit":false},{"lineNumber":7,"author":{"gitId":"Carlton369"},"content":"","lastModifiedDate":"2025-02-12","isFullCredit":false},{"lineNumber":8,"author":{"gitId":"Carlton369"},"content":"    @Override","lastModifiedDate":"2025-02-12","isFullCredit":false},{"lineNumber":9,"author":{"gitId":"Carlton369"},"content":"    public void handle() {","lastModifiedDate":"2025-02-12","isFullCredit":false},{"lineNumber":10,"author":{"gitId":"Carlton369"},"content":"        Utilities.printBorder();","lastModifiedDate":"2025-02-12","isFullCredit":false},{"lineNumber":11,"author":{"gitId":"Carlton369"},"content":"        System.out.println(\"     Task is already done.....\");","lastModifiedDate":"2025-02-12","isFullCredit":false},{"lineNumber":12,"author":{"gitId":"Carlton369"},"content":"        Utilities.printBorder();","lastModifiedDate":"2025-02-12","isFullCredit":false},{"lineNumber":13,"author":{"gitId":"Carlton369"},"content":"    }","lastModifiedDate":"2025-02-12","isFullCredit":false},{"lineNumber":14,"author":{"gitId":"Carlton369"},"content":"}","lastModifiedDate":"2025-02-12","isFullCredit":false}],"authorContributionMap":{"Carlton369":14}},{"path":"src/main/java/Snorlax/ExceptionsPackage/FullListException.java","fileType":"java","lines":[{"lineNumber":1,"author":{"gitId":"Carlton369"},"content":"package Snorlax.ExceptionsPackage;","lastModifiedDate":"2025-02-12","isFullCredit":false},{"lineNumber":2,"author":{"gitId":"Carlton369"},"content":"","lastModifiedDate":"2025-02-12","isFullCredit":false},{"lineNumber":3,"author":{"gitId":"Carlton369"},"content":"import Snorlax.UtilityPackage.Utilities;","lastModifiedDate":"2025-02-12","isFullCredit":false},{"lineNumber":4,"author":{"gitId":"Carlton369"},"content":"","lastModifiedDate":"2025-02-12","isFullCredit":false},{"lineNumber":5,"author":{"gitId":"Carlton369"},"content":"//when list is already full and a new task tries to get added in","lastModifiedDate":"2025-02-12","isFullCredit":false},{"lineNumber":6,"author":{"gitId":"Carlton369"},"content":"public class FullListException extends SnorlaxException {","lastModifiedDate":"2025-02-12","isFullCredit":false},{"lineNumber":7,"author":{"gitId":"Carlton369"},"content":"","lastModifiedDate":"2025-02-12","isFullCredit":false},{"lineNumber":8,"author":{"gitId":"Carlton369"},"content":"    @Override","lastModifiedDate":"2025-02-12","isFullCredit":false},{"lineNumber":9,"author":{"gitId":"Carlton369"},"content":"    public void handle() {","lastModifiedDate":"2025-02-12","isFullCredit":false},{"lineNumber":10,"author":{"gitId":"Carlton369"},"content":"        Utilities.printBorder();","lastModifiedDate":"2025-02-12","isFullCredit":false},{"lineNumber":11,"author":{"gitId":"Carlton369"},"content":"        System.out.println(\"     Sorry.... list is full.....\");","lastModifiedDate":"2025-02-12","isFullCredit":false},{"lineNumber":12,"author":{"gitId":"Carlton369"},"content":"        Utilities.printBorder();","lastModifiedDate":"2025-02-12","isFullCredit":false},{"lineNumber":13,"author":{"gitId":"Carlton369"},"content":"    }","lastModifiedDate":"2025-02-12","isFullCredit":false},{"lineNumber":14,"author":{"gitId":"Carlton369"},"content":"}","lastModifiedDate":"2025-02-12","isFullCredit":false}],"authorContributionMap":{"Carlton369":14}},{"path":"src/main/java/Snorlax/ExceptionsPackage/IncompleteTaskException.java","fileType":"java","lines":[{"lineNumber":1,"author":{"gitId":"Carlton369"},"content":"package Snorlax.ExceptionsPackage;","lastModifiedDate":"2025-02-12","isFullCredit":false},{"lineNumber":2,"author":{"gitId":"Carlton369"},"content":"","lastModifiedDate":"2025-02-12","isFullCredit":false},{"lineNumber":3,"author":{"gitId":"Carlton369"},"content":"import Snorlax.UtilityPackage.Utilities;","lastModifiedDate":"2025-02-12","isFullCredit":false},{"lineNumber":4,"author":{"gitId":"Carlton369"},"content":"","lastModifiedDate":"2025-02-12","isFullCredit":false},{"lineNumber":5,"author":{"gitId":"Carlton369"},"content":"//when user tries to unmark an uncompleted task","lastModifiedDate":"2025-02-12","isFullCredit":false},{"lineNumber":6,"author":{"gitId":"Carlton369"},"content":"public class IncompleteTaskException extends SnorlaxException {","lastModifiedDate":"2025-02-12","isFullCredit":false},{"lineNumber":7,"author":{"gitId":"Carlton369"},"content":"","lastModifiedDate":"2025-02-12","isFullCredit":false},{"lineNumber":8,"author":{"gitId":"Carlton369"},"content":"    @Override","lastModifiedDate":"2025-02-12","isFullCredit":false},{"lineNumber":9,"author":{"gitId":"Carlton369"},"content":"    public void handle() {","lastModifiedDate":"2025-02-12","isFullCredit":false},{"lineNumber":10,"author":{"gitId":"Carlton369"},"content":"        Utilities.printBorder();","lastModifiedDate":"2025-02-12","isFullCredit":false},{"lineNumber":11,"author":{"gitId":"Carlton369"},"content":"        System.out.println(\"     Task is not done.....\");","lastModifiedDate":"2025-02-12","isFullCredit":false},{"lineNumber":12,"author":{"gitId":"Carlton369"},"content":"        Utilities.printBorder();","lastModifiedDate":"2025-02-12","isFullCredit":false},{"lineNumber":13,"author":{"gitId":"Carlton369"},"content":"    }","lastModifiedDate":"2025-02-12","isFullCredit":false},{"lineNumber":14,"author":{"gitId":"Carlton369"},"content":"}","lastModifiedDate":"2025-02-12","isFullCredit":false}],"authorContributionMap":{"Carlton369":14}},{"path":"src/main/java/Snorlax/ExceptionsPackage/InvalidCommandException.java","fileType":"java","lines":[{"lineNumber":1,"author":{"gitId":"Carlton369"},"content":"package Snorlax.ExceptionsPackage;","lastModifiedDate":"2025-02-12","isFullCredit":false},{"lineNumber":2,"author":{"gitId":"Carlton369"},"content":"","lastModifiedDate":"2025-02-12","isFullCredit":false},{"lineNumber":3,"author":{"gitId":"Carlton369"},"content":"import Snorlax.UtilityPackage.Utilities;","lastModifiedDate":"2025-02-12","isFullCredit":false},{"lineNumber":4,"author":{"gitId":"Carlton369"},"content":"","lastModifiedDate":"2025-02-12","isFullCredit":false},{"lineNumber":5,"author":{"gitId":"Carlton369"},"content":"//when user does not give a valid command","lastModifiedDate":"2025-02-12","isFullCredit":false},{"lineNumber":6,"author":{"gitId":"Carlton369"},"content":"//valid commands: list, bye, mark, unmark, event, deadline, todo","lastModifiedDate":"2025-02-12","isFullCredit":false},{"lineNumber":7,"author":{"gitId":"Carlton369"},"content":"public class InvalidCommandException extends SnorlaxException {","lastModifiedDate":"2025-02-12","isFullCredit":false},{"lineNumber":8,"author":{"gitId":"Carlton369"},"content":"","lastModifiedDate":"2025-02-12","isFullCredit":false},{"lineNumber":9,"author":{"gitId":"Carlton369"},"content":"    @Override","lastModifiedDate":"2025-02-12","isFullCredit":false},{"lineNumber":10,"author":{"gitId":"Carlton369"},"content":"    public void handle() {","lastModifiedDate":"2025-02-12","isFullCredit":false},{"lineNumber":11,"author":{"gitId":"Carlton369"},"content":"        Utilities.printBorder();","lastModifiedDate":"2025-02-12","isFullCredit":false},{"lineNumber":12,"author":{"gitId":"Carlton369"},"content":"        System.out.println(\"     Please give a valid command.....\");","lastModifiedDate":"2025-02-12","isFullCredit":false},{"lineNumber":13,"author":{"gitId":"Carlton369"},"content":"        Utilities.printBorder();","lastModifiedDate":"2025-02-12","isFullCredit":false},{"lineNumber":14,"author":{"gitId":"Carlton369"},"content":"    }","lastModifiedDate":"2025-02-12","isFullCredit":false},{"lineNumber":15,"author":{"gitId":"Carlton369"},"content":"}","lastModifiedDate":"2025-02-12","isFullCredit":false}],"authorContributionMap":{"Carlton369":15}},{"path":"src/main/java/Snorlax/ExceptionsPackage/InvalidDeadlineException.java","fileType":"java","lines":[{"lineNumber":1,"author":{"gitId":"Carlton369"},"content":"package Snorlax.ExceptionsPackage;","lastModifiedDate":"2025-02-12","isFullCredit":false},{"lineNumber":2,"author":{"gitId":"Carlton369"},"content":"","lastModifiedDate":"2025-02-12","isFullCredit":false},{"lineNumber":3,"author":{"gitId":"Carlton369"},"content":"import Snorlax.UtilityPackage.Utilities;","lastModifiedDate":"2025-02-12","isFullCredit":false},{"lineNumber":4,"author":{"gitId":"Carlton369"},"content":"","lastModifiedDate":"2025-02-12","isFullCredit":false},{"lineNumber":5,"author":{"gitId":"Carlton369"},"content":"public class InvalidDeadlineException extends SnorlaxException {","lastModifiedDate":"2025-02-12","isFullCredit":false},{"lineNumber":6,"author":{"gitId":"Carlton369"},"content":"","lastModifiedDate":"2025-02-12","isFullCredit":false},{"lineNumber":7,"author":{"gitId":"Carlton369"},"content":"    @Override","lastModifiedDate":"2025-02-12","isFullCredit":false},{"lineNumber":8,"author":{"gitId":"Carlton369"},"content":"    public void handle() {","lastModifiedDate":"2025-02-12","isFullCredit":false},{"lineNumber":9,"author":{"gitId":"Carlton369"},"content":"        Utilities.printBorder();","lastModifiedDate":"2025-02-12","isFullCredit":false},{"lineNumber":10,"author":{"gitId":"Carlton369"},"content":"        System.out.println(\"     Invalid deadline.....\");","lastModifiedDate":"2025-02-12","isFullCredit":false},{"lineNumber":11,"author":{"gitId":"Carlton369"},"content":"        Utilities.printBorder();","lastModifiedDate":"2025-02-12","isFullCredit":false},{"lineNumber":12,"author":{"gitId":"Carlton369"},"content":"    }","lastModifiedDate":"2025-02-12","isFullCredit":false},{"lineNumber":13,"author":{"gitId":"Carlton369"},"content":"}","lastModifiedDate":"2025-02-12","isFullCredit":false},{"lineNumber":14,"author":{"gitId":"Carlton369"},"content":"","lastModifiedDate":"2025-02-12","isFullCredit":false}],"authorContributionMap":{"Carlton369":14}},{"path":"src/main/java/Snorlax/ExceptionsPackage/InvalidEventException.java","fileType":"java","lines":[{"lineNumber":1,"author":{"gitId":"Carlton369"},"content":"package Snorlax.ExceptionsPackage;","lastModifiedDate":"2025-02-12","isFullCredit":false},{"lineNumber":2,"author":{"gitId":"Carlton369"},"content":"","lastModifiedDate":"2025-02-12","isFullCredit":false},{"lineNumber":3,"author":{"gitId":"Carlton369"},"content":"import Snorlax.UtilityPackage.Utilities;","lastModifiedDate":"2025-02-12","isFullCredit":false},{"lineNumber":4,"author":{"gitId":"Carlton369"},"content":"","lastModifiedDate":"2025-02-12","isFullCredit":false},{"lineNumber":5,"author":{"gitId":"Carlton369"},"content":"//when user tries to make a new event but does not give a description, start time, or end time","lastModifiedDate":"2025-02-12","isFullCredit":false},{"lineNumber":6,"author":{"gitId":"Carlton369"},"content":"public class InvalidEventException extends SnorlaxException {","lastModifiedDate":"2025-02-12","isFullCredit":false},{"lineNumber":7,"author":{"gitId":"Carlton369"},"content":"","lastModifiedDate":"2025-02-12","isFullCredit":false},{"lineNumber":8,"author":{"gitId":"Carlton369"},"content":"    @Override","lastModifiedDate":"2025-02-12","isFullCredit":false},{"lineNumber":9,"author":{"gitId":"Carlton369"},"content":"    public void handle() {","lastModifiedDate":"2025-02-12","isFullCredit":false},{"lineNumber":10,"author":{"gitId":"Carlton369"},"content":"        Utilities.printBorder();","lastModifiedDate":"2025-02-12","isFullCredit":false},{"lineNumber":11,"author":{"gitId":"Carlton369"},"content":"        System.out.println(\"     Invalid event.....\");","lastModifiedDate":"2025-02-12","isFullCredit":false},{"lineNumber":12,"author":{"gitId":"Carlton369"},"content":"        Utilities.printBorder();","lastModifiedDate":"2025-02-12","isFullCredit":false},{"lineNumber":13,"author":{"gitId":"Carlton369"},"content":"    }","lastModifiedDate":"2025-02-12","isFullCredit":false},{"lineNumber":14,"author":{"gitId":"Carlton369"},"content":"}","lastModifiedDate":"2025-02-12","isFullCredit":false}],"authorContributionMap":{"Carlton369":14}},{"path":"src/main/java/Snorlax/ExceptionsPackage/InvalidTaskException.java","fileType":"java","lines":[{"lineNumber":1,"author":{"gitId":"Carlton369"},"content":"package Snorlax.ExceptionsPackage;","lastModifiedDate":"2025-02-12","isFullCredit":false},{"lineNumber":2,"author":{"gitId":"Carlton369"},"content":"","lastModifiedDate":"2025-02-12","isFullCredit":false},{"lineNumber":3,"author":{"gitId":"Carlton369"},"content":"import Snorlax.UtilityPackage.Utilities;","lastModifiedDate":"2025-02-12","isFullCredit":false},{"lineNumber":4,"author":{"gitId":"Carlton369"},"content":"","lastModifiedDate":"2025-02-12","isFullCredit":false},{"lineNumber":5,"author":{"gitId":"Carlton369"},"content":"//when user gives a proper command but does not give give a description","lastModifiedDate":"2025-02-12","isFullCredit":false},{"lineNumber":6,"author":{"gitId":"Carlton369"},"content":"public class InvalidTaskException extends SnorlaxException {","lastModifiedDate":"2025-02-12","isFullCredit":false},{"lineNumber":7,"author":{"gitId":"Carlton369"},"content":"","lastModifiedDate":"2025-02-12","isFullCredit":false},{"lineNumber":8,"author":{"gitId":"Carlton369"},"content":"    @Override","lastModifiedDate":"2025-02-12","isFullCredit":false},{"lineNumber":9,"author":{"gitId":"Carlton369"},"content":"    public void handle() {","lastModifiedDate":"2025-02-12","isFullCredit":false},{"lineNumber":10,"author":{"gitId":"Carlton369"},"content":"        Utilities.printBorder();","lastModifiedDate":"2025-02-12","isFullCredit":false},{"lineNumber":11,"author":{"gitId":"Carlton369"},"content":"        System.out.println(\"     Invalid task.....\");","lastModifiedDate":"2025-02-12","isFullCredit":false},{"lineNumber":12,"author":{"gitId":"Carlton369"},"content":"        Utilities.printBorder();","lastModifiedDate":"2025-02-12","isFullCredit":false},{"lineNumber":13,"author":{"gitId":"Carlton369"},"content":"    }","lastModifiedDate":"2025-02-12","isFullCredit":false},{"lineNumber":14,"author":{"gitId":"Carlton369"},"content":"}","lastModifiedDate":"2025-02-12","isFullCredit":false}],"authorContributionMap":{"Carlton369":14}},{"path":"src/main/java/Snorlax/ExceptionsPackage/NoInputException.java","fileType":"java","lines":[{"lineNumber":1,"author":{"gitId":"Carlton369"},"content":"package Snorlax.ExceptionsPackage;","lastModifiedDate":"2025-02-12","isFullCredit":false},{"lineNumber":2,"author":{"gitId":"Carlton369"},"content":"","lastModifiedDate":"2025-02-12","isFullCredit":false},{"lineNumber":3,"author":{"gitId":"Carlton369"},"content":"import Snorlax.UtilityPackage.Utilities;","lastModifiedDate":"2025-02-12","isFullCredit":false},{"lineNumber":4,"author":{"gitId":"Carlton369"},"content":"","lastModifiedDate":"2025-02-12","isFullCredit":false},{"lineNumber":5,"author":{"gitId":"Carlton369"},"content":"//when user enters a blank input","lastModifiedDate":"2025-02-12","isFullCredit":false},{"lineNumber":6,"author":{"gitId":"Carlton369"},"content":"public class NoInputException extends SnorlaxException {","lastModifiedDate":"2025-02-12","isFullCredit":false},{"lineNumber":7,"author":{"gitId":"Carlton369"},"content":"","lastModifiedDate":"2025-02-12","isFullCredit":false},{"lineNumber":8,"author":{"gitId":"Carlton369"},"content":"    @Override","lastModifiedDate":"2025-02-12","isFullCredit":false},{"lineNumber":9,"author":{"gitId":"Carlton369"},"content":"    public void handle() {","lastModifiedDate":"2025-02-12","isFullCredit":false},{"lineNumber":10,"author":{"gitId":"Carlton369"},"content":"        Utilities.printBorder();","lastModifiedDate":"2025-02-12","isFullCredit":false},{"lineNumber":11,"author":{"gitId":"Carlton369"},"content":"        System.out.println(\"     Huh? Please type something.....\");","lastModifiedDate":"2025-02-12","isFullCredit":false},{"lineNumber":12,"author":{"gitId":"Carlton369"},"content":"        Utilities.printBorder();","lastModifiedDate":"2025-02-12","isFullCredit":false},{"lineNumber":13,"author":{"gitId":"Carlton369"},"content":"    }","lastModifiedDate":"2025-02-12","isFullCredit":false},{"lineNumber":14,"author":{"gitId":"Carlton369"},"content":"}","lastModifiedDate":"2025-02-12","isFullCredit":false}],"authorContributionMap":{"Carlton369":14}},{"path":"src/main/java/Snorlax/ExceptionsPackage/NonexistentTaskException.java","fileType":"java","lines":[{"lineNumber":1,"author":{"gitId":"Carlton369"},"content":"package Snorlax.ExceptionsPackage;","lastModifiedDate":"2025-02-12","isFullCredit":false},{"lineNumber":2,"author":{"gitId":"Carlton369"},"content":"","lastModifiedDate":"2025-02-12","isFullCredit":false},{"lineNumber":3,"author":{"gitId":"Carlton369"},"content":"import Snorlax.UtilityPackage.Utilities;","lastModifiedDate":"2025-02-12","isFullCredit":false},{"lineNumber":4,"author":{"gitId":"Carlton369"},"content":"","lastModifiedDate":"2025-02-12","isFullCredit":false},{"lineNumber":5,"author":{"gitId":"Carlton369"},"content":"","lastModifiedDate":"2025-02-12","isFullCredit":false},{"lineNumber":6,"author":{"gitId":"Carlton369"},"content":"//when user tries to mark or unmark a nonexistent task","lastModifiedDate":"2025-02-12","isFullCredit":false},{"lineNumber":7,"author":{"gitId":"Carlton369"},"content":"public class NonexistentTaskException extends SnorlaxException {","lastModifiedDate":"2025-02-12","isFullCredit":false},{"lineNumber":8,"author":{"gitId":"Carlton369"},"content":"","lastModifiedDate":"2025-02-12","isFullCredit":false},{"lineNumber":9,"author":{"gitId":"Carlton369"},"content":"    @Override","lastModifiedDate":"2025-02-12","isFullCredit":false},{"lineNumber":10,"author":{"gitId":"Carlton369"},"content":"    public void handle() {","lastModifiedDate":"2025-02-12","isFullCredit":false},{"lineNumber":11,"author":{"gitId":"Carlton369"},"content":"        Utilities.printBorder();","lastModifiedDate":"2025-02-12","isFullCredit":false},{"lineNumber":12,"author":{"gitId":"Carlton369"},"content":"        System.out.println(\"     Task does not exist.....\");","lastModifiedDate":"2025-02-12","isFullCredit":false},{"lineNumber":13,"author":{"gitId":"Carlton369"},"content":"        Utilities.printBorder();","lastModifiedDate":"2025-02-12","isFullCredit":false},{"lineNumber":14,"author":{"gitId":"Carlton369"},"content":"    }","lastModifiedDate":"2025-02-12","isFullCredit":false},{"lineNumber":15,"author":{"gitId":"Carlton369"},"content":"}","lastModifiedDate":"2025-02-12","isFullCredit":false}],"authorContributionMap":{"Carlton369":15}},{"path":"src/main/java/Snorlax/ExceptionsPackage/SnorlaxException.java","fileType":"java","lines":[{"lineNumber":1,"author":{"gitId":"Carlton369"},"content":"package Snorlax.ExceptionsPackage;","lastModifiedDate":"2025-02-12","isFullCredit":false},{"lineNumber":2,"author":{"gitId":"Carlton369"},"content":"","lastModifiedDate":"2025-02-12","isFullCredit":false},{"lineNumber":3,"author":{"gitId":"Carlton369"},"content":"//parent exception class, to be overridden by the corresponding exception","lastModifiedDate":"2025-02-12","isFullCredit":false},{"lineNumber":4,"author":{"gitId":"Carlton369"},"content":"public abstract class SnorlaxException extends RuntimeException {","lastModifiedDate":"2025-02-12","isFullCredit":false},{"lineNumber":5,"author":{"gitId":"Carlton369"},"content":"","lastModifiedDate":"2025-02-12","isFullCredit":false},{"lineNumber":6,"author":{"gitId":"Carlton369"},"content":"    public SnorlaxException() {","lastModifiedDate":"2025-02-12","isFullCredit":false},{"lineNumber":7,"author":{"gitId":"Carlton369"},"content":"        super();","lastModifiedDate":"2025-02-12","isFullCredit":false},{"lineNumber":8,"author":{"gitId":"Carlton369"},"content":"    }","lastModifiedDate":"2025-02-12","isFullCredit":false},{"lineNumber":9,"author":{"gitId":"Carlton369"},"content":"","lastModifiedDate":"2025-02-12","isFullCredit":false},{"lineNumber":10,"author":{"gitId":"Carlton369"},"content":"    public abstract void handle();","lastModifiedDate":"2025-02-12","isFullCredit":false},{"lineNumber":11,"author":{"gitId":"Carlton369"},"content":"}","lastModifiedDate":"2025-02-12","isFullCredit":false}],"authorContributionMap":{"Carlton369":11}},{"path":"src/main/java/Snorlax/ExceptionsPackage/UnknownErrorException.java","fileType":"java","lines":[{"lineNumber":1,"author":{"gitId":"Carlton369"},"content":"package Snorlax.ExceptionsPackage;","lastModifiedDate":"2025-02-12","isFullCredit":false},{"lineNumber":2,"author":{"gitId":"Carlton369"},"content":"","lastModifiedDate":"2025-02-12","isFullCredit":false},{"lineNumber":3,"author":{"gitId":"Carlton369"},"content":"import Snorlax.UtilityPackage.Utilities;","lastModifiedDate":"2025-02-12","isFullCredit":false},{"lineNumber":4,"author":{"gitId":"Carlton369"},"content":"","lastModifiedDate":"2025-02-12","isFullCredit":false},{"lineNumber":5,"author":{"gitId":"Carlton369"},"content":"//default error","lastModifiedDate":"2025-02-12","isFullCredit":false},{"lineNumber":6,"author":{"gitId":"Carlton369"},"content":"public class UnknownErrorException extends SnorlaxException {","lastModifiedDate":"2025-02-12","isFullCredit":false},{"lineNumber":7,"author":{"gitId":"Carlton369"},"content":"","lastModifiedDate":"2025-02-12","isFullCredit":false},{"lineNumber":8,"author":{"gitId":"Carlton369"},"content":"    public void handle() {","lastModifiedDate":"2025-02-12","isFullCredit":false},{"lineNumber":9,"author":{"gitId":"Carlton369"},"content":"        Utilities.printBorder();","lastModifiedDate":"2025-02-12","isFullCredit":false},{"lineNumber":10,"author":{"gitId":"Carlton369"},"content":"        System.out.println(\"     Snorlax.UI.Snorlax doesn\u0027t know what to do.......\");","lastModifiedDate":"2025-02-12","isFullCredit":false},{"lineNumber":11,"author":{"gitId":"Carlton369"},"content":"        Utilities.printBorder();","lastModifiedDate":"2025-02-12","isFullCredit":false},{"lineNumber":12,"author":{"gitId":"Carlton369"},"content":"    }","lastModifiedDate":"2025-02-12","isFullCredit":false},{"lineNumber":13,"author":{"gitId":"Carlton369"},"content":"","lastModifiedDate":"2025-02-12","isFullCredit":false},{"lineNumber":14,"author":{"gitId":"Carlton369"},"content":"}","lastModifiedDate":"2025-02-12","isFullCredit":false}],"authorContributionMap":{"Carlton369":14}},{"path":"src/main/java/Snorlax/TaskPackage/Deadline.java","fileType":"java","lines":[{"lineNumber":1,"author":{"gitId":"Carlton369"},"content":"package Snorlax.TaskPackage;","lastModifiedDate":"2025-02-12","isFullCredit":false},{"lineNumber":2,"author":{"gitId":"Carlton369"},"content":"","lastModifiedDate":"2025-02-06","isFullCredit":false},{"lineNumber":3,"author":{"gitId":"Carlton369"},"content":"public class Deadline extends Task {","lastModifiedDate":"2025-02-06","isFullCredit":false},{"lineNumber":4,"author":{"gitId":"Carlton369"},"content":"","lastModifiedDate":"2025-02-06","isFullCredit":false},{"lineNumber":5,"author":{"gitId":"Carlton369"},"content":"    protected String by;","lastModifiedDate":"2025-02-06","isFullCredit":false},{"lineNumber":6,"author":{"gitId":"Carlton369"},"content":"","lastModifiedDate":"2025-02-06","isFullCredit":false},{"lineNumber":7,"author":{"gitId":"Carlton369"},"content":"    public Deadline(String description, String by) {","lastModifiedDate":"2025-02-06","isFullCredit":false},{"lineNumber":8,"author":{"gitId":"Carlton369"},"content":"        super(description);","lastModifiedDate":"2025-02-06","isFullCredit":false},{"lineNumber":9,"author":{"gitId":"Carlton369"},"content":"        this.by \u003d by;","lastModifiedDate":"2025-02-06","isFullCredit":false},{"lineNumber":10,"author":{"gitId":"Carlton369"},"content":"    }","lastModifiedDate":"2025-02-06","isFullCredit":false},{"lineNumber":11,"author":{"gitId":"Carlton369"},"content":"","lastModifiedDate":"2025-02-06","isFullCredit":false},{"lineNumber":12,"author":{"gitId":"Carlton369"},"content":"    @Override","lastModifiedDate":"2025-02-06","isFullCredit":false},{"lineNumber":13,"author":{"gitId":"Carlton369"},"content":"    public String toString() {","lastModifiedDate":"2025-02-06","isFullCredit":false},{"lineNumber":14,"author":{"gitId":"Carlton369"},"content":"        return \"[D]\" + super.toString() + \" (by: \" + by + \")\";","lastModifiedDate":"2025-02-06","isFullCredit":false},{"lineNumber":15,"author":{"gitId":"Carlton369"},"content":"    }","lastModifiedDate":"2025-02-06","isFullCredit":false},{"lineNumber":16,"author":{"gitId":"Carlton369"},"content":"}","lastModifiedDate":"2025-02-06","isFullCredit":false}],"authorContributionMap":{"Carlton369":16}},{"path":"src/main/java/Snorlax/TaskPackage/Event.java","fileType":"java","lines":[{"lineNumber":1,"author":{"gitId":"Carlton369"},"content":"package Snorlax.TaskPackage;","lastModifiedDate":"2025-02-12","isFullCredit":false},{"lineNumber":2,"author":{"gitId":"Carlton369"},"content":"","lastModifiedDate":"2025-02-06","isFullCredit":false},{"lineNumber":3,"author":{"gitId":"Carlton369"},"content":"public class Event extends Task {","lastModifiedDate":"2025-02-06","isFullCredit":false},{"lineNumber":4,"author":{"gitId":"Carlton369"},"content":"","lastModifiedDate":"2025-02-06","isFullCredit":false},{"lineNumber":5,"author":{"gitId":"Carlton369"},"content":"    protected String from;","lastModifiedDate":"2025-02-06","isFullCredit":false},{"lineNumber":6,"author":{"gitId":"Carlton369"},"content":"    protected String to;","lastModifiedDate":"2025-02-06","isFullCredit":false},{"lineNumber":7,"author":{"gitId":"Carlton369"},"content":"","lastModifiedDate":"2025-02-06","isFullCredit":false},{"lineNumber":8,"author":{"gitId":"Carlton369"},"content":"    public Event(String description, String from, String to) {","lastModifiedDate":"2025-02-06","isFullCredit":false},{"lineNumber":9,"author":{"gitId":"Carlton369"},"content":"        super(description);","lastModifiedDate":"2025-02-06","isFullCredit":false},{"lineNumber":10,"author":{"gitId":"Carlton369"},"content":"        this.from \u003d from;","lastModifiedDate":"2025-02-06","isFullCredit":false},{"lineNumber":11,"author":{"gitId":"Carlton369"},"content":"        this.to \u003d to;","lastModifiedDate":"2025-02-06","isFullCredit":false},{"lineNumber":12,"author":{"gitId":"Carlton369"},"content":"    }","lastModifiedDate":"2025-02-06","isFullCredit":false},{"lineNumber":13,"author":{"gitId":"Carlton369"},"content":"","lastModifiedDate":"2025-02-06","isFullCredit":false},{"lineNumber":14,"author":{"gitId":"Carlton369"},"content":"    public String getFrom(){","lastModifiedDate":"2025-02-06","isFullCredit":false},{"lineNumber":15,"author":{"gitId":"Carlton369"},"content":"        return from;","lastModifiedDate":"2025-02-06","isFullCredit":false},{"lineNumber":16,"author":{"gitId":"Carlton369"},"content":"    }","lastModifiedDate":"2025-02-06","isFullCredit":false},{"lineNumber":17,"author":{"gitId":"Carlton369"},"content":"","lastModifiedDate":"2025-02-06","isFullCredit":false},{"lineNumber":18,"author":{"gitId":"Carlton369"},"content":"    public String getTo(){","lastModifiedDate":"2025-02-06","isFullCredit":false},{"lineNumber":19,"author":{"gitId":"Carlton369"},"content":"        return to;","lastModifiedDate":"2025-02-06","isFullCredit":false},{"lineNumber":20,"author":{"gitId":"Carlton369"},"content":"    }","lastModifiedDate":"2025-02-06","isFullCredit":false},{"lineNumber":21,"author":{"gitId":"Carlton369"},"content":"","lastModifiedDate":"2025-02-06","isFullCredit":false},{"lineNumber":22,"author":{"gitId":"Carlton369"},"content":"    @Override","lastModifiedDate":"2025-02-06","isFullCredit":false},{"lineNumber":23,"author":{"gitId":"Carlton369"},"content":"    public String toString() {","lastModifiedDate":"2025-02-06","isFullCredit":false},{"lineNumber":24,"author":{"gitId":"Carlton369"},"content":"        return \"[E]\" + super.toString() + \" (from: \" + from + \" to: \" + to + \")\";","lastModifiedDate":"2025-02-06","isFullCredit":false},{"lineNumber":25,"author":{"gitId":"Carlton369"},"content":"    }","lastModifiedDate":"2025-02-06","isFullCredit":false},{"lineNumber":26,"author":{"gitId":"Carlton369"},"content":"}","lastModifiedDate":"2025-02-06","isFullCredit":false}],"authorContributionMap":{"Carlton369":26}},{"path":"src/main/java/Snorlax/TaskPackage/Task.java","fileType":"java","lines":[{"lineNumber":1,"author":{"gitId":"Carlton369"},"content":"package Snorlax.TaskPackage;","lastModifiedDate":"2025-02-12","isFullCredit":false},{"lineNumber":2,"author":{"gitId":"Carlton369"},"content":"","lastModifiedDate":"2025-02-06","isFullCredit":false},{"lineNumber":3,"author":{"gitId":"Carlton369"},"content":"public class Task {","lastModifiedDate":"2025-02-06","isFullCredit":false},{"lineNumber":4,"author":{"gitId":"Carlton369"},"content":"    public String description;","lastModifiedDate":"2025-02-06","isFullCredit":false},{"lineNumber":5,"author":{"gitId":"Carlton369"},"content":"    public boolean isDone;","lastModifiedDate":"2025-02-06","isFullCredit":false},{"lineNumber":6,"author":{"gitId":"Carlton369"},"content":"","lastModifiedDate":"2025-02-06","isFullCredit":false},{"lineNumber":7,"author":{"gitId":"Carlton369"},"content":"    public Task(String description) {","lastModifiedDate":"2025-02-06","isFullCredit":false},{"lineNumber":8,"author":{"gitId":"Carlton369"},"content":"        this.description \u003d description;","lastModifiedDate":"2025-02-06","isFullCredit":false},{"lineNumber":9,"author":{"gitId":"Carlton369"},"content":"        this.isDone \u003d false;","lastModifiedDate":"2025-02-06","isFullCredit":false},{"lineNumber":10,"author":{"gitId":"Carlton369"},"content":"    }","lastModifiedDate":"2025-02-06","isFullCredit":false},{"lineNumber":11,"author":{"gitId":"Carlton369"},"content":"","lastModifiedDate":"2025-02-06","isFullCredit":false},{"lineNumber":12,"author":{"gitId":"Carlton369"},"content":"    public String getStatusIcon() {","lastModifiedDate":"2025-02-06","isFullCredit":false},{"lineNumber":13,"author":{"gitId":"Carlton369"},"content":"        return (isDone ? \"X\" : \" \"); // mark done task with X","lastModifiedDate":"2025-02-06","isFullCredit":false},{"lineNumber":14,"author":{"gitId":"Carlton369"},"content":"    }","lastModifiedDate":"2025-02-06","isFullCredit":false},{"lineNumber":15,"author":{"gitId":"Carlton369"},"content":"","lastModifiedDate":"2025-02-06","isFullCredit":false},{"lineNumber":16,"author":{"gitId":"Carlton369"},"content":"    public void markAsDone() {","lastModifiedDate":"2025-02-06","isFullCredit":false},{"lineNumber":17,"author":{"gitId":"Carlton369"},"content":"        isDone \u003d true;","lastModifiedDate":"2025-02-06","isFullCredit":false},{"lineNumber":18,"author":{"gitId":"Carlton369"},"content":"    }","lastModifiedDate":"2025-02-06","isFullCredit":false},{"lineNumber":19,"author":{"gitId":"Carlton369"},"content":"","lastModifiedDate":"2025-02-06","isFullCredit":false},{"lineNumber":20,"author":{"gitId":"Carlton369"},"content":"    public void unmarkAsDone() {","lastModifiedDate":"2025-02-06","isFullCredit":false},{"lineNumber":21,"author":{"gitId":"Carlton369"},"content":"        isDone \u003d false;","lastModifiedDate":"2025-02-06","isFullCredit":false},{"lineNumber":22,"author":{"gitId":"Carlton369"},"content":"    }","lastModifiedDate":"2025-02-06","isFullCredit":false},{"lineNumber":23,"author":{"gitId":"Carlton369"},"content":"","lastModifiedDate":"2025-02-06","isFullCredit":false},{"lineNumber":24,"author":{"gitId":"Carlton369"},"content":"    public String toString(){","lastModifiedDate":"2025-02-06","isFullCredit":false},{"lineNumber":25,"author":{"gitId":"Carlton369"},"content":"        return \"[\" + getStatusIcon() + \"] \" + description;","lastModifiedDate":"2025-02-06","isFullCredit":false},{"lineNumber":26,"author":{"gitId":"Carlton369"},"content":"    }","lastModifiedDate":"2025-02-06","isFullCredit":false},{"lineNumber":27,"author":{"gitId":"Carlton369"},"content":"}","lastModifiedDate":"2025-02-06","isFullCredit":false}],"authorContributionMap":{"Carlton369":27}},{"path":"src/main/java/Snorlax/TaskPackage/Todo.java","fileType":"java","lines":[{"lineNumber":1,"author":{"gitId":"Carlton369"},"content":"package Snorlax.TaskPackage;","lastModifiedDate":"2025-02-12","isFullCredit":false},{"lineNumber":2,"author":{"gitId":"Carlton369"},"content":"","lastModifiedDate":"2025-02-06","isFullCredit":false},{"lineNumber":3,"author":{"gitId":"Carlton369"},"content":"public class Todo extends Task {","lastModifiedDate":"2025-02-06","isFullCredit":false},{"lineNumber":4,"author":{"gitId":"Carlton369"},"content":"","lastModifiedDate":"2025-02-06","isFullCredit":false},{"lineNumber":5,"author":{"gitId":"Carlton369"},"content":"    public Todo(String description){","lastModifiedDate":"2025-02-06","isFullCredit":false},{"lineNumber":6,"author":{"gitId":"Carlton369"},"content":"        super(description);","lastModifiedDate":"2025-02-06","isFullCredit":false},{"lineNumber":7,"author":{"gitId":"Carlton369"},"content":"    }","lastModifiedDate":"2025-02-06","isFullCredit":false},{"lineNumber":8,"author":{"gitId":"Carlton369"},"content":"","lastModifiedDate":"2025-02-06","isFullCredit":false},{"lineNumber":9,"author":{"gitId":"Carlton369"},"content":"    @Override","lastModifiedDate":"2025-02-06","isFullCredit":false},{"lineNumber":10,"author":{"gitId":"Carlton369"},"content":"    public String toString() {","lastModifiedDate":"2025-02-06","isFullCredit":false},{"lineNumber":11,"author":{"gitId":"Carlton369"},"content":"        return \"[T]\" + super.toString();","lastModifiedDate":"2025-02-06","isFullCredit":false},{"lineNumber":12,"author":{"gitId":"Carlton369"},"content":"    }","lastModifiedDate":"2025-02-06","isFullCredit":false},{"lineNumber":13,"author":{"gitId":"Carlton369"},"content":"","lastModifiedDate":"2025-02-06","isFullCredit":false},{"lineNumber":14,"author":{"gitId":"Carlton369"},"content":"}","lastModifiedDate":"2025-02-06","isFullCredit":false}],"authorContributionMap":{"Carlton369":14}},{"path":"src/main/java/Snorlax/UI/Snorlax.java","fileType":"java","lines":[{"lineNumber":1,"author":{"gitId":"Carlton369"},"content":"package Snorlax.UI;","lastModifiedDate":"2025-02-12","isFullCredit":false},{"lineNumber":2,"author":{"gitId":"Carlton369"},"content":"","lastModifiedDate":"2025-02-12","isFullCredit":false},{"lineNumber":3,"author":{"gitId":"Carlton369"},"content":"import java.util.Scanner;","lastModifiedDate":"2025-01-27","isFullCredit":false},{"lineNumber":4,"author":{"gitId":"Carlton369"},"content":"","lastModifiedDate":"2025-02-12","isFullCredit":false},{"lineNumber":5,"author":{"gitId":"Carlton369"},"content":"import Snorlax.CommandsPackage.*;","lastModifiedDate":"2025-02-12","isFullCredit":false},{"lineNumber":6,"author":{"gitId":"Carlton369"},"content":"import Snorlax.ExceptionsPackage.*;","lastModifiedDate":"2025-02-12","isFullCredit":false},{"lineNumber":7,"author":{"gitId":"Carlton369"},"content":"import Snorlax.TaskPackage.*;","lastModifiedDate":"2025-02-12","isFullCredit":false},{"lineNumber":8,"author":{"gitId":"Carlton369"},"content":"import Snorlax.UtilityPackage.*;","lastModifiedDate":"2025-02-12","isFullCredit":false},{"lineNumber":9,"author":{"gitId":"Carlton369"},"content":"","lastModifiedDate":"2025-01-27","isFullCredit":false},{"lineNumber":10,"author":{"gitId":"Carlton369"},"content":"public class Snorlax {","lastModifiedDate":"2025-01-24","isFullCredit":false},{"lineNumber":11,"author":{"gitId":"Carlton369"},"content":"","lastModifiedDate":"2025-01-27","isFullCredit":false},{"lineNumber":12,"author":{"gitId":"Carlton369"},"content":"    public static void main(String[] args) {","lastModifiedDate":"2025-01-24","isFullCredit":false},{"lineNumber":13,"author":{"gitId":"Carlton369"},"content":"        String name \u003d \"Snorlax\";","lastModifiedDate":"2025-01-24","isFullCredit":false},{"lineNumber":14,"author":{"gitId":"Carlton369"},"content":"        Utilities.printIntro(name);","lastModifiedDate":"2025-02-12","isFullCredit":false},{"lineNumber":15,"author":{"gitId":"Carlton369"},"content":"","lastModifiedDate":"2025-01-27","isFullCredit":false},{"lineNumber":16,"author":{"gitId":"Carlton369"},"content":"        String userInput;","lastModifiedDate":"2025-02-06","isFullCredit":false},{"lineNumber":17,"author":{"gitId":"Carlton369"},"content":"        Scanner in \u003d new Scanner(System.in);","lastModifiedDate":"2025-01-27","isFullCredit":false},{"lineNumber":18,"author":{"gitId":"Carlton369"},"content":"","lastModifiedDate":"2025-01-27","isFullCredit":false},{"lineNumber":19,"author":{"gitId":"Carlton369"},"content":"        userInput \u003d in.nextLine().trim();","lastModifiedDate":"2025-02-06","isFullCredit":false},{"lineNumber":20,"author":{"gitId":"Carlton369"},"content":"","lastModifiedDate":"2025-01-27","isFullCredit":false},{"lineNumber":21,"author":{"gitId":"Carlton369"},"content":"        Task[] list \u003d new Task[100];","lastModifiedDate":"2025-01-27","isFullCredit":false},{"lineNumber":22,"author":{"gitId":"Carlton369"},"content":"","lastModifiedDate":"2025-01-27","isFullCredit":false},{"lineNumber":23,"author":{"gitId":"Carlton369"},"content":"        int count \u003d 0;","lastModifiedDate":"2025-01-27","isFullCredit":false},{"lineNumber":24,"author":{"gitId":"Carlton369"},"content":"","lastModifiedDate":"2025-01-27","isFullCredit":false},{"lineNumber":25,"author":{"gitId":"Carlton369"},"content":"        while (!userInput.equals(\"bye\")) {","lastModifiedDate":"2025-02-06","isFullCredit":false},{"lineNumber":26,"author":{"gitId":"Carlton369"},"content":"            try {","lastModifiedDate":"2025-02-12","isFullCredit":false},{"lineNumber":27,"author":{"gitId":"Carlton369"},"content":"                String[] splitLine \u003d userInput.split(\" \", 2);","lastModifiedDate":"2025-02-06","isFullCredit":false},{"lineNumber":28,"author":{"gitId":"Carlton369"},"content":"                //splits the userInput into the first word (command type) and the arguments","lastModifiedDate":"2025-02-06","isFullCredit":false},{"lineNumber":29,"author":{"gitId":"Carlton369"},"content":"                switch (splitLine[0].toLowerCase()) {","lastModifiedDate":"2025-02-06","isFullCredit":false},{"lineNumber":30,"author":{"gitId":"Carlton369"},"content":"                case \"list\" -\u003e {","lastModifiedDate":"2025-02-06","isFullCredit":false},{"lineNumber":31,"author":{"gitId":"Carlton369"},"content":"                    Commands.List(list, count);","lastModifiedDate":"2025-02-06","isFullCredit":false},{"lineNumber":32,"author":{"gitId":"Carlton369"},"content":"                }","lastModifiedDate":"2025-01-27","isFullCredit":false},{"lineNumber":33,"author":{"gitId":"Carlton369"},"content":"                case \"mark\" -\u003e {","lastModifiedDate":"2025-02-06","isFullCredit":false},{"lineNumber":34,"author":{"gitId":"Carlton369"},"content":"                    if (splitLine.length \u003c 2 || !splitLine[1].matches(\"\\\\d+\")) {","lastModifiedDate":"2025-01-29","isFullCredit":false},{"lineNumber":35,"author":{"gitId":"Carlton369"},"content":"                        throw new InvalidTaskException();","lastModifiedDate":"2025-02-12","isFullCredit":false},{"lineNumber":36,"author":{"gitId":"Carlton369"},"content":"                    } else {","lastModifiedDate":"2025-01-27","isFullCredit":false},{"lineNumber":37,"author":{"gitId":"Carlton369"},"content":"                        int taskNumber \u003d Integer.parseInt(splitLine[1]) - 1;","lastModifiedDate":"2025-02-06","isFullCredit":false},{"lineNumber":38,"author":{"gitId":"Carlton369"},"content":"                        Commands.Mark(list, taskNumber, count);","lastModifiedDate":"2025-02-06","isFullCredit":false},{"lineNumber":39,"author":{"gitId":"Carlton369"},"content":"                    }","lastModifiedDate":"2025-01-27","isFullCredit":false},{"lineNumber":40,"author":{"gitId":"Carlton369"},"content":"                }","lastModifiedDate":"2025-01-27","isFullCredit":false},{"lineNumber":41,"author":{"gitId":"Carlton369"},"content":"                case \"unmark\" -\u003e {","lastModifiedDate":"2025-02-06","isFullCredit":false},{"lineNumber":42,"author":{"gitId":"Carlton369"},"content":"                    if (splitLine.length \u003c 2 || !splitLine[1].matches(\"\\\\d+\")) {","lastModifiedDate":"2025-01-29","isFullCredit":false},{"lineNumber":43,"author":{"gitId":"Carlton369"},"content":"                        throw new InvalidTaskException();","lastModifiedDate":"2025-02-12","isFullCredit":false},{"lineNumber":44,"author":{"gitId":"Carlton369"},"content":"                    } else {","lastModifiedDate":"2025-01-27","isFullCredit":false},{"lineNumber":45,"author":{"gitId":"Carlton369"},"content":"                        int taskNumber \u003d Integer.parseInt(splitLine[1]) - 1;","lastModifiedDate":"2025-02-06","isFullCredit":false},{"lineNumber":46,"author":{"gitId":"Carlton369"},"content":"                        Commands.Unmark(list, taskNumber, count);","lastModifiedDate":"2025-02-06","isFullCredit":false},{"lineNumber":47,"author":{"gitId":"Carlton369"},"content":"                    }","lastModifiedDate":"2025-01-27","isFullCredit":false},{"lineNumber":48,"author":{"gitId":"Carlton369"},"content":"                }","lastModifiedDate":"2025-01-27","isFullCredit":false},{"lineNumber":49,"author":{"gitId":"Carlton369"},"content":"                case \"deadline\" -\u003e {","lastModifiedDate":"2025-02-06","isFullCredit":false},{"lineNumber":50,"author":{"gitId":"Carlton369"},"content":"                    if (splitLine.length \u003c 2) {","lastModifiedDate":"2025-02-06","isFullCredit":false},{"lineNumber":51,"author":{"gitId":"Carlton369"},"content":"                        throw new InvalidTaskException();","lastModifiedDate":"2025-02-12","isFullCredit":false},{"lineNumber":52,"author":{"gitId":"Carlton369"},"content":"                    } else if (count \u003e\u003d 100) {","lastModifiedDate":"2025-02-12","isFullCredit":false},{"lineNumber":53,"author":{"gitId":"Carlton369"},"content":"                        throw new FullListException();","lastModifiedDate":"2025-02-12","isFullCredit":false},{"lineNumber":54,"author":{"gitId":"Carlton369"},"content":"                    } else {","lastModifiedDate":"2025-02-06","isFullCredit":false},{"lineNumber":55,"author":{"gitId":"Carlton369"},"content":"                        Commands.Deadline(list, splitLine[1], count);","lastModifiedDate":"2025-02-06","isFullCredit":false},{"lineNumber":56,"author":{"gitId":"Carlton369"},"content":"                        count +\u003d 1;","lastModifiedDate":"2025-02-06","isFullCredit":false},{"lineNumber":57,"author":{"gitId":"Carlton369"},"content":"                    }","lastModifiedDate":"2025-02-06","isFullCredit":false},{"lineNumber":58,"author":{"gitId":"Carlton369"},"content":"                }","lastModifiedDate":"2025-02-06","isFullCredit":false},{"lineNumber":59,"author":{"gitId":"Carlton369"},"content":"                case \"todo\" -\u003e {","lastModifiedDate":"2025-02-06","isFullCredit":false},{"lineNumber":60,"author":{"gitId":"Carlton369"},"content":"                    if (splitLine.length !\u003d 2) {","lastModifiedDate":"2025-02-06","isFullCredit":false},{"lineNumber":61,"author":{"gitId":"Carlton369"},"content":"                        throw new InvalidTaskException();","lastModifiedDate":"2025-02-12","isFullCredit":false},{"lineNumber":62,"author":{"gitId":"Carlton369"},"content":"                    } else if (count \u003e\u003d 100) {","lastModifiedDate":"2025-02-12","isFullCredit":false},{"lineNumber":63,"author":{"gitId":"Carlton369"},"content":"                        throw new FullListException();","lastModifiedDate":"2025-02-12","isFullCredit":false},{"lineNumber":64,"author":{"gitId":"Carlton369"},"content":"                    } else {","lastModifiedDate":"2025-02-06","isFullCredit":false},{"lineNumber":65,"author":{"gitId":"Carlton369"},"content":"                        Commands.Todo(list, splitLine[1], count);","lastModifiedDate":"2025-02-06","isFullCredit":false},{"lineNumber":66,"author":{"gitId":"Carlton369"},"content":"                        count +\u003d 1;","lastModifiedDate":"2025-02-06","isFullCredit":false},{"lineNumber":67,"author":{"gitId":"Carlton369"},"content":"                    }","lastModifiedDate":"2025-02-06","isFullCredit":false},{"lineNumber":68,"author":{"gitId":"Carlton369"},"content":"                }","lastModifiedDate":"2025-02-06","isFullCredit":false},{"lineNumber":69,"author":{"gitId":"Carlton369"},"content":"                case \"event\" -\u003e {","lastModifiedDate":"2025-02-06","isFullCredit":false},{"lineNumber":70,"author":{"gitId":"Carlton369"},"content":"                    if (splitLine.length !\u003d 2) {","lastModifiedDate":"2025-02-06","isFullCredit":false},{"lineNumber":71,"author":{"gitId":"Carlton369"},"content":"                        throw new InvalidTaskException();","lastModifiedDate":"2025-02-12","isFullCredit":false},{"lineNumber":72,"author":{"gitId":"Carlton369"},"content":"                    } else if (count \u003e\u003d 100) {","lastModifiedDate":"2025-02-12","isFullCredit":false},{"lineNumber":73,"author":{"gitId":"Carlton369"},"content":"                        throw new FullListException();","lastModifiedDate":"2025-02-12","isFullCredit":false},{"lineNumber":74,"author":{"gitId":"Carlton369"},"content":"                    } else {","lastModifiedDate":"2025-02-06","isFullCredit":false},{"lineNumber":75,"author":{"gitId":"Carlton369"},"content":"                        Commands.Event(list, splitLine[1], count);","lastModifiedDate":"2025-02-06","isFullCredit":false},{"lineNumber":76,"author":{"gitId":"Carlton369"},"content":"                        count +\u003d 1;","lastModifiedDate":"2025-02-06","isFullCredit":false},{"lineNumber":77,"author":{"gitId":"Carlton369"},"content":"                    }","lastModifiedDate":"2025-02-06","isFullCredit":false},{"lineNumber":78,"author":{"gitId":"Carlton369"},"content":"                }","lastModifiedDate":"2025-02-06","isFullCredit":false},{"lineNumber":79,"author":{"gitId":"Carlton369"},"content":"                default -\u003e {","lastModifiedDate":"2025-02-06","isFullCredit":false},{"lineNumber":80,"author":{"gitId":"Carlton369"},"content":"                    if (userInput.isEmpty()) {","lastModifiedDate":"2025-02-06","isFullCredit":false},{"lineNumber":81,"author":{"gitId":"Carlton369"},"content":"                        throw new NoInputException();","lastModifiedDate":"2025-02-12","isFullCredit":false},{"lineNumber":82,"author":{"gitId":"Carlton369"},"content":"                    } else {","lastModifiedDate":"2025-01-27","isFullCredit":false},{"lineNumber":83,"author":{"gitId":"Carlton369"},"content":"                        throw new InvalidCommandException();","lastModifiedDate":"2025-02-12","isFullCredit":false},{"lineNumber":84,"author":{"gitId":"Carlton369"},"content":"                    }","lastModifiedDate":"2025-01-27","isFullCredit":false},{"lineNumber":85,"author":{"gitId":"Carlton369"},"content":"                }","lastModifiedDate":"2025-01-27","isFullCredit":false},{"lineNumber":86,"author":{"gitId":"Carlton369"},"content":"                }","lastModifiedDate":"2025-02-06","isFullCredit":false},{"lineNumber":87,"author":{"gitId":"Carlton369"},"content":"            }","lastModifiedDate":"2025-02-12","isFullCredit":false},{"lineNumber":88,"author":{"gitId":"Carlton369"},"content":"            catch (SnorlaxException e) {","lastModifiedDate":"2025-02-12","isFullCredit":false},{"lineNumber":89,"author":{"gitId":"Carlton369"},"content":"                e.handle();","lastModifiedDate":"2025-02-12","isFullCredit":false},{"lineNumber":90,"author":{"gitId":"Carlton369"},"content":"            }","lastModifiedDate":"2025-02-12","isFullCredit":false},{"lineNumber":91,"author":{"gitId":"Carlton369"},"content":"            userInput \u003d in.nextLine().trim();","lastModifiedDate":"2025-02-06","isFullCredit":false},{"lineNumber":92,"author":{"gitId":"Carlton369"},"content":"        }","lastModifiedDate":"2025-01-27","isFullCredit":false},{"lineNumber":93,"author":{"gitId":"Carlton369"},"content":"        Utilities.printBorder();","lastModifiedDate":"2025-02-12","isFullCredit":false},{"lineNumber":94,"author":{"gitId":"Carlton369"},"content":"        System.out.println(\"     Bye..... see you soon....\");","lastModifiedDate":"2025-01-27","isFullCredit":false},{"lineNumber":95,"author":{"gitId":"Carlton369"},"content":"        Utilities.printBorder();","lastModifiedDate":"2025-02-12","isFullCredit":false},{"lineNumber":96,"author":{"gitId":"Carlton369"},"content":"    }","lastModifiedDate":"2025-01-24","isFullCredit":false},{"lineNumber":97,"author":{"gitId":"Carlton369"},"content":"}","lastModifiedDate":"2025-01-24","isFullCredit":false}],"authorContributionMap":{"Carlton369":97}},{"path":"src/main/java/Snorlax/UtilityPackage/Utilities.java","fileType":"java","lines":[{"lineNumber":1,"author":{"gitId":"Carlton369"},"content":"package Snorlax.UtilityPackage;","lastModifiedDate":"2025-02-12","isFullCredit":false},{"lineNumber":2,"author":{"gitId":"Carlton369"},"content":"","lastModifiedDate":"2025-02-12","isFullCredit":false},{"lineNumber":3,"author":{"gitId":"Carlton369"},"content":"public class Utilities {","lastModifiedDate":"2025-02-12","isFullCredit":false},{"lineNumber":4,"author":{"gitId":"Carlton369"},"content":"    public static void printBorder() {","lastModifiedDate":"2025-02-12","isFullCredit":false},{"lineNumber":5,"author":{"gitId":"Carlton369"},"content":"        System.out.println(\"     zzzzzzzzzzzzzzzzzzzzzzzzzzzzzzzz\");","lastModifiedDate":"2025-02-12","isFullCredit":false},{"lineNumber":6,"author":{"gitId":"Carlton369"},"content":"    }","lastModifiedDate":"2025-02-12","isFullCredit":false},{"lineNumber":7,"author":{"gitId":"Carlton369"},"content":"","lastModifiedDate":"2025-02-12","isFullCredit":false},{"lineNumber":8,"author":{"gitId":"Carlton369"},"content":"    /**","lastModifiedDate":"2025-02-12","isFullCredit":false},{"lineNumber":9,"author":{"gitId":"Carlton369"},"content":"     * Prints the introduction message for the Snorlax.UI.Snorlax assistant.","lastModifiedDate":"2025-02-12","isFullCredit":false},{"lineNumber":10,"author":{"gitId":"Carlton369"},"content":"     *","lastModifiedDate":"2025-02-12","isFullCredit":false},{"lineNumber":11,"author":{"gitId":"Carlton369"},"content":"     * @param name The name of the assistant.","lastModifiedDate":"2025-02-12","isFullCredit":false},{"lineNumber":12,"author":{"gitId":"Carlton369"},"content":"     */","lastModifiedDate":"2025-02-12","isFullCredit":false},{"lineNumber":13,"author":{"gitId":"Carlton369"},"content":"    public static void printIntro(String name) {","lastModifiedDate":"2025-02-12","isFullCredit":false},{"lineNumber":14,"author":{"gitId":"Carlton369"},"content":"        printBorder();","lastModifiedDate":"2025-02-12","isFullCredit":false},{"lineNumber":15,"author":{"gitId":"Carlton369"},"content":"        System.out.println(\"     Hello..... I\u0027m \" + name + \".....\");","lastModifiedDate":"2025-02-12","isFullCredit":false},{"lineNumber":16,"author":{"gitId":"Carlton369"},"content":"        System.out.println(\"     What can I do for you?\");","lastModifiedDate":"2025-02-12","isFullCredit":false},{"lineNumber":17,"author":{"gitId":"Carlton369"},"content":"        printBorder();","lastModifiedDate":"2025-02-12","isFullCredit":false},{"lineNumber":18,"author":{"gitId":"Carlton369"},"content":"    }","lastModifiedDate":"2025-02-12","isFullCredit":false},{"lineNumber":19,"author":{"gitId":"Carlton369"},"content":"","lastModifiedDate":"2025-02-12","isFullCredit":false},{"lineNumber":20,"author":{"gitId":"Carlton369"},"content":"}","lastModifiedDate":"2025-02-12","isFullCredit":false}],"authorContributionMap":{"Carlton369":20}},{"path":"text-ui-test/input.txt","fileType":"txt","lines":[{"lineNumber":1,"author":{"gitId":"Carlton369"},"content":"todo borrow book","lastModifiedDate":"2025-02-06","isFullCredit":false},{"lineNumber":2,"author":{"gitId":"Carlton369"},"content":"list","lastModifiedDate":"2025-02-06","isFullCredit":false},{"lineNumber":3,"author":{"gitId":"Carlton369"},"content":"deadline return book /by Sunday","lastModifiedDate":"2025-02-06","isFullCredit":false},{"lineNumber":4,"author":{"gitId":"Carlton369"},"content":"event project meeting /from Mon 2pm /to 4pm","lastModifiedDate":"2025-02-06","isFullCredit":false},{"lineNumber":5,"author":{"gitId":"Carlton369"},"content":"deadline do homework /by no idea :-p","lastModifiedDate":"2025-02-06","isFullCredit":false},{"lineNumber":6,"author":{"gitId":"Carlton369"},"content":"list","lastModifiedDate":"2025-02-06","isFullCredit":false},{"lineNumber":7,"author":{"gitId":"Carlton369"},"content":"bye","lastModifiedDate":"2025-02-06","isFullCredit":false}],"authorContributionMap":{"Carlton369":7}},{"path":"text-ui-test/runtest.bat","fileType":"bat","lines":[{"lineNumber":1,"author":{"gitId":"-"},"content":"@ECHO OFF","lastModifiedDate":"2020-05-25","isFullCredit":false},{"lineNumber":2,"author":{"gitId":"-"},"content":"","lastModifiedDate":"2020-05-25","isFullCredit":false},{"lineNumber":3,"author":{"gitId":"-"},"content":"REM create bin directory if it doesn\u0027t exist","lastModifiedDate":"2020-05-25","isFullCredit":false},{"lineNumber":4,"author":{"gitId":"-"},"content":"if not exist ..\\bin mkdir ..\\bin","lastModifiedDate":"2020-05-25","isFullCredit":false},{"lineNumber":5,"author":{"gitId":"-"},"content":"","lastModifiedDate":"2020-05-25","isFullCredit":false},{"lineNumber":6,"author":{"gitId":"-"},"content":"REM delete output from previous run","lastModifiedDate":"2020-05-25","isFullCredit":false},{"lineNumber":7,"author":{"gitId":"-"},"content":"if exist ACTUAL.TXT del ACTUAL.TXT","lastModifiedDate":"2020-08-25","isFullCredit":false},{"lineNumber":8,"author":{"gitId":"-"},"content":"","lastModifiedDate":"2020-05-25","isFullCredit":false},{"lineNumber":9,"author":{"gitId":"-"},"content":"REM compile the code into the bin folder","lastModifiedDate":"2020-05-25","isFullCredit":false},{"lineNumber":10,"author":{"gitId":"-"},"content":"javac  -cp ..\\src\\main\\java -Xlint:none -d ..\\bin ..\\src\\main\\java\\*.java","lastModifiedDate":"2020-08-25","isFullCredit":false},{"lineNumber":11,"author":{"gitId":"-"},"content":"IF ERRORLEVEL 1 (","lastModifiedDate":"2020-05-25","isFullCredit":false},{"lineNumber":12,"author":{"gitId":"-"},"content":"    echo ********** BUILD FAILURE **********","lastModifiedDate":"2020-05-25","isFullCredit":false},{"lineNumber":13,"author":{"gitId":"-"},"content":"    exit /b 1","lastModifiedDate":"2020-05-25","isFullCredit":false},{"lineNumber":14,"author":{"gitId":"-"},"content":")","lastModifiedDate":"2020-05-25","isFullCredit":false},{"lineNumber":15,"author":{"gitId":"-"},"content":"REM no error here, errorlevel \u003d\u003d 0","lastModifiedDate":"2020-05-25","isFullCredit":false},{"lineNumber":16,"author":{"gitId":"-"},"content":"","lastModifiedDate":"2020-05-25","isFullCredit":false},{"lineNumber":17,"author":{"gitId":"-"},"content":"REM run the program, feed commands from input.txt file and redirect the output to the ACTUAL.TXT","lastModifiedDate":"2020-05-25","isFullCredit":false},{"lineNumber":18,"author":{"gitId":"Carlton369"},"content":"java -classpath ..\\bin Snorlax.UI.Snorlax \u003c input.txt \u003e ACTUAL.TXT","lastModifiedDate":"2025-02-12","isFullCredit":false},{"lineNumber":19,"author":{"gitId":"-"},"content":"","lastModifiedDate":"2020-05-25","isFullCredit":false},{"lineNumber":20,"author":{"gitId":"-"},"content":"REM compare the output to the expected output","lastModifiedDate":"2020-05-25","isFullCredit":false},{"lineNumber":21,"author":{"gitId":"-"},"content":"FC ACTUAL.TXT EXPECTED.TXT","lastModifiedDate":"2020-05-25","isFullCredit":false}],"authorContributionMap":{"Carlton369":1,"-":20}}]
