{"authorDailyContributionsMap":{"tongkiankiat":[{"date":"2025-01-22","commitResults":[{"hash":"c4d2d7714349588a5ef04b769810b4f965d34423","isMergeCommit":false,"messageTitle":"Level-0: Rename, Greet, Exit","messageBody":"","tags":["Level-0"],"fileTypesAndContributionMap":{"java":{"insertions":7,"deletions":0}}},{"hash":"5e28f5434c6d208e8511a2b0836caf1511b51deb","isMergeCommit":false,"messageTitle":"Level-0: Rename, Greet, Exit","messageBody":"","fileTypesAndContributionMap":{"java":{"insertions":0,"deletions":10}}}]},{"date":"2025-01-30","commitResults":[{"hash":"6c9d12c0f2a1ad0c902cef3aa02d858aff70a9cd","isMergeCommit":false,"messageTitle":"Echo","messageBody":"","tags":["Level-1"],"fileTypesAndContributionMap":{"java":{"insertions":16,"deletions":1}}},{"hash":"4e53be94a58d5fc606b702d47f455c797f83fcf3","isMergeCommit":false,"messageTitle":"Add, List","messageBody":"","tags":["Level-2"],"fileTypesAndContributionMap":{"java":{"insertions":17,"deletions":1}}},{"hash":"a2340efafe61494a0d8219758dfa187b38e67cc0","isMergeCommit":false,"messageTitle":"Mark as Done","messageBody":"","tags":["Level-3"],"fileTypesAndContributionMap":{"java":{"insertions":59,"deletions":4}}}]},{"date":"2025-02-05","commitResults":[{"hash":"ae9d7685f7fae782dde83f6ae7ba5903781eaf6d","isMergeCommit":false,"messageTitle":"ToDos, Events, Deadlines","messageBody":"","tags":["Level-4"],"fileTypesAndContributionMap":{"java":{"insertions":119,"deletions":33}}},{"hash":"a03b1a5c0f286a59c353713c380eccd242f84d68","isMergeCommit":false,"messageTitle":"Automated Text UI Testing","messageBody":"","tags":["A-TextUiTesting"],"fileTypesAndContributionMap":{"txt":{"insertions":11,"deletions":0},"bat":{"insertions":1,"deletions":1}}},{"hash":"9292d511c1cd3b4f55447a39487b9402885aadb5","isMergeCommit":false,"messageTitle":"Improve Code Quality","messageBody":"","tags":["A-CodeQuality"],"fileTypesAndContributionMap":{"java":{"insertions":86,"deletions":57}}}]},{"date":"2025-02-08","commitResults":[{"hash":"67929ffef9ed53206d3038afc95b1aa088ecec7d","isMergeCommit":false,"messageTitle":"Added SeanException.java to handle exceptions specific to Sean.class","messageBody":"","tags":["A-Exceptions"],"fileTypesAndContributionMap":{"java":{"insertions":5,"deletions":0}}},{"hash":"3e246bb965c9134e81503920fa603efa577b499f","isMergeCommit":false,"messageTitle":"Handle Errors","messageBody":"","tags":["Level-5"],"fileTypesAndContributionMap":{"java":{"insertions":78,"deletions":45}}},{"hash":"7e74b98ae2cc0d691049cf28476e7cbed75e6a15","isMergeCommit":false,"messageTitle":"Organise into Packages","messageBody":"","tags":["A-Packages"],"fileTypesAndContributionMap":{"java":{"insertions":36,"deletions":3}}}]},{"date":"2025-02-17","commitResults":[{"hash":"68d95092cd40be68d0e32197b01b34576692a0ab","isMergeCommit":false,"messageTitle":"Implemented Java Collections classes for storing data","messageBody":"","tags":["A-Collections"],"fileTypesAndContributionMap":{"java":{"insertions":15,"deletions":17}}}]},{"date":"2025-02-18","commitResults":[{"hash":"88cdbdf4a09e62a28c14bd160afbde8dd12962df","isMergeCommit":false,"messageTitle":"Delete","messageBody":"","tags":["Level-6"],"fileTypesAndContributionMap":{"java":{"insertions":26,"deletions":1}}}]},{"date":"2025-02-21","commitResults":[{"hash":"3009de05cb7ecdbb78aca9e202b771d1e9fbd260","isMergeCommit":false,"messageTitle":"Save","messageBody":"","tags":["Level-7"],"fileTypesAndContributionMap":{"java":{"insertions":166,"deletions":51}}},{"hash":"afb7cacec65a6a14be034517b63c25ea45b8d654","isMergeCommit":true,"messageTitle":"Merge branch \u0027branch-Level-7\u0027","messageBody":"","tags":["A-Jar"],"fileTypesAndContributionMap":{}}]},{"date":"2025-03-11","commitResults":[{"hash":"affcb07b6040fbe9edac7134c73b37bc16051b31","isMergeCommit":false,"messageTitle":"Updated Sean.java to properly specify file-paths in an OS-independent way","messageBody":"","fileTypesAndContributionMap":{"java":{"insertions":3,"deletions":2}}}]},{"date":"2025-03-12","commitResults":[{"hash":"8bbe00b0e999a2b88c8e2c3d4840e12681754ad9","isMergeCommit":false,"messageTitle":"Fix deletion error","messageBody":"","fileTypesAndContributionMap":{"java":{"insertions":25,"deletions":7}}}]},{"date":"2025-03-13","commitResults":[{"hash":"5a4213c6732ceac3be76e21e593f8bbe7e08d847","isMergeCommit":false,"messageTitle":"A-MoreOOP","messageBody":"","tags":["A-MoreOOP"],"fileTypesAndContributionMap":{"txt":{"insertions":2,"deletions":0},"java":{"insertions":690,"deletions":309}}}]},{"date":"2025-03-14","commitResults":[{"hash":"082b1f79f52f2a4e9acc2269a9f092d28b231fdf","isMergeCommit":false,"messageTitle":"branch-Level-9","messageBody":"","tags":["Level-9"],"fileTypesAndContributionMap":{"java":{"insertions":19,"deletions":46}}},{"hash":"b01101410aa37f906f31919c799e30cd5f69db8c","isMergeCommit":false,"messageTitle":"A-JavaDoc","messageBody":"","tags":["A-JavaDoc"],"fileTypesAndContributionMap":{"java":{"insertions":166,"deletions":59}}},{"hash":"433018a33b2b52b4ef9e67ebbe013c428908143d","isMergeCommit":true,"messageTitle":"Merge pull request #1 from tongkiankiat/branch-Level-9","messageBody":"branch-Level-9","fileTypesAndContributionMap":{}},{"hash":"74f4c8806f7947e99604e3e8d21a1105dbc64de7","isMergeCommit":true,"messageTitle":"Merge pull request #2 from tongkiankiat/branch-A-JavaDoc","messageBody":"A-JavaDoc","fileTypesAndContributionMap":{}},{"hash":"91d5b2ced19c79d3c65e92a86e149f3aa5f34e96","isMergeCommit":false,"messageTitle":"Added help command to Parser, and updated Help Command output","messageBody":"","tags":["A-Release"],"fileTypesAndContributionMap":{"java":{"insertions":23,"deletions":1}}},{"hash":"f3f2ac2a97d4a9078863d6ac03567be1dceb75a6","isMergeCommit":false,"messageTitle":"Tracked FindCommand.java","messageBody":"","fileTypesAndContributionMap":{"java":{"insertions":28,"deletions":0}}}]}]},"authorFileTypeContributionMap":{"tongkiankiat":{"java":991,"md":0,"fxml":0,"sh":0,"bat":1,"gradle":0,"txt":13}},"authorContributionVariance":{"tongkiankiat":19104.4},"authorDisplayNameMap":{"tongkiankiat":"CS2113-F12-3 TONG..KIAT"}}
