[{"path":"README.md","fileType":"md","lines":[{"lineNumber":1,"author":{"gitId":"NandhithaShree"},"content":"# Chitti project template","lastModifiedDate":"2025-01-28","isFullCredit":false},{"lineNumber":2,"author":{"gitId":"-"},"content":"","lastModifiedDate":"2020-05-25","isFullCredit":false},{"lineNumber":3,"author":{"gitId":"-"},"content":"This is a project template for a greenfield Java project. It\u0027s named after the Java mascot _Duke_. Given below are instructions on how to use it.","lastModifiedDate":"2020-05-25","isFullCredit":false},{"lineNumber":4,"author":{"gitId":"-"},"content":"","lastModifiedDate":"2020-05-25","isFullCredit":false},{"lineNumber":5,"author":{"gitId":"-"},"content":"## Setting up in Intellij","lastModifiedDate":"2020-05-25","isFullCredit":false},{"lineNumber":6,"author":{"gitId":"-"},"content":"","lastModifiedDate":"2020-05-25","isFullCredit":false},{"lineNumber":7,"author":{"gitId":"-"},"content":"Prerequisites: JDK 17, update Intellij to the most recent version.","lastModifiedDate":"2024-07-11","isFullCredit":false},{"lineNumber":8,"author":{"gitId":"-"},"content":"","lastModifiedDate":"2020-05-25","isFullCredit":false},{"lineNumber":9,"author":{"gitId":"-"},"content":"1. Open Intellij (if you are not in the welcome screen, click `File` \u003e `Close Project` to close the existing project first)","lastModifiedDate":"2021-01-17","isFullCredit":false},{"lineNumber":10,"author":{"gitId":"-"},"content":"1. Open the project into Intellij as follows:","lastModifiedDate":"2021-01-17","isFullCredit":false},{"lineNumber":11,"author":{"gitId":"-"},"content":"   1. Click `Open`.","lastModifiedDate":"2021-01-17","isFullCredit":false},{"lineNumber":12,"author":{"gitId":"-"},"content":"   1. Select the project directory, and click `OK`.","lastModifiedDate":"2021-01-17","isFullCredit":false},{"lineNumber":13,"author":{"gitId":"-"},"content":"   1. If there are any further prompts, accept the defaults.","lastModifiedDate":"2020-05-25","isFullCredit":false},{"lineNumber":14,"author":{"gitId":"-"},"content":"1. Configure the project to use **JDK 17** (not other versions) as explained in [here](https://www.jetbrains.com/help/idea/sdk.html#set-up-jdk).\u003cbr\u003e","lastModifiedDate":"2024-07-11","isFullCredit":false},{"lineNumber":15,"author":{"gitId":"-"},"content":"   In the same dialog, set the **Project language level** field to the `SDK default` option.","lastModifiedDate":"2021-07-29","isFullCredit":false},{"lineNumber":16,"author":{"gitId":"NandhithaShree"},"content":"1. After that, locate the `src/main/java/Chitti.java` file, right-click it, and choose `Run Chitti.main()` (if the code editor is showing compile errors, try restarting the IDE). If the setup is correct, you should see something like the below as the output:","lastModifiedDate":"2025-01-28","isFullCredit":false},{"lineNumber":17,"author":{"gitId":"-"},"content":"   ```","lastModifiedDate":"2020-05-25","isFullCredit":false},{"lineNumber":18,"author":{"gitId":"-"},"content":"   Hello from","lastModifiedDate":"2020-05-25","isFullCredit":false},{"lineNumber":19,"author":{"gitId":"-"},"content":"    ____        _        ","lastModifiedDate":"2020-05-25","isFullCredit":false},{"lineNumber":20,"author":{"gitId":"-"},"content":"   |  _ \\ _   _| | _____ ","lastModifiedDate":"2020-05-25","isFullCredit":false},{"lineNumber":21,"author":{"gitId":"-"},"content":"   | | | | | | | |/ / _ \\","lastModifiedDate":"2020-05-25","isFullCredit":false},{"lineNumber":22,"author":{"gitId":"-"},"content":"   | |_| | |_| |   \u003c  __/","lastModifiedDate":"2020-05-25","isFullCredit":false},{"lineNumber":23,"author":{"gitId":"-"},"content":"   |____/ \\__,_|_|\\_\\___|","lastModifiedDate":"2020-05-25","isFullCredit":false},{"lineNumber":24,"author":{"gitId":"-"},"content":"   ```","lastModifiedDate":"2020-05-25","isFullCredit":false},{"lineNumber":25,"author":{"gitId":"-"},"content":"","lastModifiedDate":"2025-01-04","isFullCredit":false},{"lineNumber":26,"author":{"gitId":"-"},"content":"**Warning:** Keep the `src\\main\\java` folder as the root folder for Java files (i.e., don\u0027t rename those folders or move Java files to another folder outside of this folder path), as this is the default location some tools (e.g., Gradle) expect to find Java files.","lastModifiedDate":"2025-01-04","isFullCredit":false}],"authorContributionMap":{"NandhithaShree":2,"-":24}},{"path":"chitti.txt","fileType":"txt","lines":[{"lineNumber":1,"author":{"gitId":"NandhithaShree"},"content":"todo | 0 | sodrgnio","lastModifiedDate":"2025-02-21","isFullCredit":false}],"authorContributionMap":{"NandhithaShree":1}},{"path":"chsditti.txt","fileType":"txt","lines":[{"lineNumber":1,"author":{"gitId":"NandhithaShree"},"content":"todo | 0 | slkrgn","lastModifiedDate":"2025-02-21","isFullCredit":false}],"authorContributionMap":{"NandhithaShree":1}},{"path":"docs/README.md","fileType":"md","lines":[{"lineNumber":1,"author":{"gitId":"NandhithaShree"},"content":"# Chitti User Guide","lastModifiedDate":"2025-01-28","isFullCredit":false},{"lineNumber":2,"author":{"gitId":"-"},"content":"","lastModifiedDate":"2019-07-29","isFullCredit":false},{"lineNumber":3,"author":{"gitId":"-"},"content":"// Update the title above to match the actual product name","lastModifiedDate":"2024-01-07","isFullCredit":false},{"lineNumber":4,"author":{"gitId":"-"},"content":"","lastModifiedDate":"2019-07-29","isFullCredit":false},{"lineNumber":5,"author":{"gitId":"-"},"content":"// Product screenshot goes here","lastModifiedDate":"2024-01-07","isFullCredit":false},{"lineNumber":6,"author":{"gitId":"-"},"content":"","lastModifiedDate":"2021-07-17","isFullCredit":false},{"lineNumber":7,"author":{"gitId":"-"},"content":"// Product intro goes here","lastModifiedDate":"2024-01-07","isFullCredit":false},{"lineNumber":8,"author":{"gitId":"-"},"content":"","lastModifiedDate":"2021-07-17","isFullCredit":false},{"lineNumber":9,"author":{"gitId":"-"},"content":"## Adding deadlines","lastModifiedDate":"2024-01-07","isFullCredit":false},{"lineNumber":10,"author":{"gitId":"-"},"content":"","lastModifiedDate":"2021-07-17","isFullCredit":false},{"lineNumber":11,"author":{"gitId":"-"},"content":"// Describe the action and its outcome.","lastModifiedDate":"2024-01-07","isFullCredit":false},{"lineNumber":12,"author":{"gitId":"-"},"content":"","lastModifiedDate":"2019-07-29","isFullCredit":false},{"lineNumber":13,"author":{"gitId":"-"},"content":"// Give examples of usage","lastModifiedDate":"2024-01-07","isFullCredit":false},{"lineNumber":14,"author":{"gitId":"-"},"content":"","lastModifiedDate":"2019-07-29","isFullCredit":false},{"lineNumber":15,"author":{"gitId":"-"},"content":"Example: `keyword (optional arguments)`","lastModifiedDate":"2024-01-07","isFullCredit":false},{"lineNumber":16,"author":{"gitId":"-"},"content":"","lastModifiedDate":"2019-07-29","isFullCredit":false},{"lineNumber":17,"author":{"gitId":"-"},"content":"// A description of the expected outcome goes here","lastModifiedDate":"2024-01-07","isFullCredit":false},{"lineNumber":18,"author":{"gitId":"-"},"content":"","lastModifiedDate":"2019-07-29","isFullCredit":false},{"lineNumber":19,"author":{"gitId":"-"},"content":"```","lastModifiedDate":"2024-01-07","isFullCredit":false},{"lineNumber":20,"author":{"gitId":"-"},"content":"expected output","lastModifiedDate":"2024-01-07","isFullCredit":false},{"lineNumber":21,"author":{"gitId":"-"},"content":"```","lastModifiedDate":"2024-01-07","isFullCredit":false},{"lineNumber":22,"author":{"gitId":"-"},"content":"","lastModifiedDate":"2019-07-29","isFullCredit":false},{"lineNumber":23,"author":{"gitId":"-"},"content":"## Feature ABC","lastModifiedDate":"2024-01-07","isFullCredit":false},{"lineNumber":24,"author":{"gitId":"-"},"content":"","lastModifiedDate":"2019-07-29","isFullCredit":false},{"lineNumber":25,"author":{"gitId":"-"},"content":"// Feature details","lastModifiedDate":"2024-01-07","isFullCredit":false},{"lineNumber":26,"author":{"gitId":"-"},"content":"","lastModifiedDate":"2019-07-29","isFullCredit":false},{"lineNumber":27,"author":{"gitId":"-"},"content":"","lastModifiedDate":"2021-07-17","isFullCredit":false},{"lineNumber":28,"author":{"gitId":"-"},"content":"## Feature XYZ","lastModifiedDate":"2024-01-07","isFullCredit":false},{"lineNumber":29,"author":{"gitId":"-"},"content":"","lastModifiedDate":"2024-01-07","isFullCredit":false},{"lineNumber":30,"author":{"gitId":"-"},"content":"// Feature details","lastModifiedDate":"2024-01-07","isFullCredit":false}],"authorContributionMap":{"NandhithaShree":1,"-":29}},{"path":"src/main/java/AddAndList.java","fileType":"java","lines":[{"lineNumber":1,"author":{"gitId":"NandhithaShree"},"content":"import java.util.Scanner;","lastModifiedDate":"2025-01-28","isFullCredit":false},{"lineNumber":2,"author":{"gitId":"NandhithaShree"},"content":"","lastModifiedDate":"2025-01-28","isFullCredit":false},{"lineNumber":3,"author":{"gitId":"NandhithaShree"},"content":"public class AddAndList {","lastModifiedDate":"2025-02-07","isFullCredit":false},{"lineNumber":4,"author":{"gitId":"NandhithaShree"},"content":"    Scanner scanner \u003d  new Scanner(System.in);","lastModifiedDate":"2025-01-28","isFullCredit":false},{"lineNumber":5,"author":{"gitId":"NandhithaShree"},"content":"    String[] list \u003d new String[100];","lastModifiedDate":"2025-01-28","isFullCredit":false},{"lineNumber":6,"author":{"gitId":"NandhithaShree"},"content":"    String input;","lastModifiedDate":"2025-01-28","isFullCredit":false},{"lineNumber":7,"author":{"gitId":"NandhithaShree"},"content":"    int index \u003d 0;","lastModifiedDate":"2025-01-28","isFullCredit":false},{"lineNumber":8,"author":{"gitId":"NandhithaShree"},"content":"    int numberOfTasks \u003d 0;","lastModifiedDate":"2025-02-03","isFullCredit":false},{"lineNumber":9,"author":{"gitId":"NandhithaShree"},"content":"","lastModifiedDate":"2025-02-07","isFullCredit":false},{"lineNumber":10,"author":{"gitId":"NandhithaShree"},"content":"    public AddAndList(){","lastModifiedDate":"2025-02-07","isFullCredit":false},{"lineNumber":11,"author":{"gitId":"NandhithaShree"},"content":"        System.out.println(\"Hey! Chitti\u0027s here!\");","lastModifiedDate":"2025-02-03","isFullCredit":false},{"lineNumber":12,"author":{"gitId":"NandhithaShree"},"content":"        System.out.println(\"What can I do for you?\");","lastModifiedDate":"2025-01-28","isFullCredit":false},{"lineNumber":13,"author":{"gitId":"NandhithaShree"},"content":"        input \u003d scanner.nextLine();","lastModifiedDate":"2025-01-28","isFullCredit":false},{"lineNumber":14,"author":{"gitId":"NandhithaShree"},"content":"        while(!(input.equals(\"bye\"))) {","lastModifiedDate":"2025-01-28","isFullCredit":false},{"lineNumber":15,"author":{"gitId":"NandhithaShree"},"content":"            if(!(input.equals(\"list\"))) {","lastModifiedDate":"2025-01-28","isFullCredit":false},{"lineNumber":16,"author":{"gitId":"NandhithaShree"},"content":"                list[index] \u003d input;","lastModifiedDate":"2025-01-28","isFullCredit":false},{"lineNumber":17,"author":{"gitId":"NandhithaShree"},"content":"                System.out.println(\"added: \" + input);","lastModifiedDate":"2025-01-28","isFullCredit":false},{"lineNumber":18,"author":{"gitId":"NandhithaShree"},"content":"                index++;","lastModifiedDate":"2025-01-28","isFullCredit":false},{"lineNumber":19,"author":{"gitId":"NandhithaShree"},"content":"                numberOfTasks++;","lastModifiedDate":"2025-02-03","isFullCredit":false},{"lineNumber":20,"author":{"gitId":"NandhithaShree"},"content":"                input \u003d scanner.nextLine();","lastModifiedDate":"2025-01-28","isFullCredit":false},{"lineNumber":21,"author":{"gitId":"NandhithaShree"},"content":"            }","lastModifiedDate":"2025-01-28","isFullCredit":false},{"lineNumber":22,"author":{"gitId":"NandhithaShree"},"content":"            else{","lastModifiedDate":"2025-01-28","isFullCredit":false},{"lineNumber":23,"author":{"gitId":"NandhithaShree"},"content":"                printList(list, numberOfTasks);","lastModifiedDate":"2025-02-07","isFullCredit":false},{"lineNumber":24,"author":{"gitId":"NandhithaShree"},"content":"                input \u003d scanner.nextLine();","lastModifiedDate":"2025-01-28","isFullCredit":false},{"lineNumber":25,"author":{"gitId":"NandhithaShree"},"content":"            }","lastModifiedDate":"2025-01-28","isFullCredit":false},{"lineNumber":26,"author":{"gitId":"NandhithaShree"},"content":"        }","lastModifiedDate":"2025-01-28","isFullCredit":false},{"lineNumber":27,"author":{"gitId":"NandhithaShree"},"content":"        System.out.println(\"Bye. Call me if you need help\");","lastModifiedDate":"2025-02-03","isFullCredit":false},{"lineNumber":28,"author":{"gitId":"NandhithaShree"},"content":"    }","lastModifiedDate":"2025-01-28","isFullCredit":false},{"lineNumber":29,"author":{"gitId":"NandhithaShree"},"content":"","lastModifiedDate":"2025-02-07","isFullCredit":false},{"lineNumber":30,"author":{"gitId":"NandhithaShree"},"content":"    public void printList(String[] list, int numberofTasks){","lastModifiedDate":"2025-02-07","isFullCredit":false},{"lineNumber":31,"author":{"gitId":"NandhithaShree"},"content":"        int count \u003d 0;","lastModifiedDate":"2025-01-28","isFullCredit":false},{"lineNumber":32,"author":{"gitId":"NandhithaShree"},"content":"        while(count \u003c numberofTasks){","lastModifiedDate":"2025-01-28","isFullCredit":false},{"lineNumber":33,"author":{"gitId":"NandhithaShree"},"content":"            System.out.println(count+1 + \". \" + list[count]);","lastModifiedDate":"2025-01-28","isFullCredit":false},{"lineNumber":34,"author":{"gitId":"NandhithaShree"},"content":"            count++;","lastModifiedDate":"2025-01-28","isFullCredit":false},{"lineNumber":35,"author":{"gitId":"NandhithaShree"},"content":"        }","lastModifiedDate":"2025-01-28","isFullCredit":false},{"lineNumber":36,"author":{"gitId":"NandhithaShree"},"content":"    }","lastModifiedDate":"2025-01-28","isFullCredit":false},{"lineNumber":37,"author":{"gitId":"NandhithaShree"},"content":"}","lastModifiedDate":"2025-01-28","isFullCredit":false}],"authorContributionMap":{"NandhithaShree":37}},{"path":"src/main/java/Chitti.java","fileType":"java","lines":[{"lineNumber":1,"author":{"gitId":"NandhithaShree"},"content":"public class Chitti {","lastModifiedDate":"2025-01-28","isFullCredit":false},{"lineNumber":2,"author":{"gitId":"-"},"content":"    public static void main(String[] args) {","lastModifiedDate":"2019-07-29","isFullCredit":false},{"lineNumber":3,"author":{"gitId":"NandhithaShree"},"content":"        //new Echo();","lastModifiedDate":"2025-02-07","isFullCredit":false},{"lineNumber":4,"author":{"gitId":"NandhithaShree"},"content":"        //new AddAndList();","lastModifiedDate":"2025-02-07","isFullCredit":false},{"lineNumber":5,"author":{"gitId":"NandhithaShree"},"content":"        new MarkAsDone();","lastModifiedDate":"2025-02-07","isFullCredit":false},{"lineNumber":6,"author":{"gitId":"-"},"content":"    }","lastModifiedDate":"2019-07-29","isFullCredit":false},{"lineNumber":7,"author":{"gitId":"-"},"content":"}","lastModifiedDate":"2019-07-29","isFullCredit":false}],"authorContributionMap":{"NandhithaShree":4,"-":3}},{"path":"src/main/java/ChittiException.java","fileType":"java","lines":[{"lineNumber":1,"author":{"gitId":"NandhithaShree"},"content":"public class ChittiException extends Exception{","lastModifiedDate":"2025-02-15","isFullCredit":false},{"lineNumber":2,"author":{"gitId":"NandhithaShree"},"content":"","lastModifiedDate":"2025-02-15","isFullCredit":false},{"lineNumber":3,"author":{"gitId":"NandhithaShree"},"content":"}","lastModifiedDate":"2025-02-15","isFullCredit":false}],"authorContributionMap":{"NandhithaShree":3}},{"path":"src/main/java/Deadline.java","fileType":"java","lines":[{"lineNumber":1,"author":{"gitId":"NandhithaShree"},"content":"public class Deadline extends Task{","lastModifiedDate":"2025-02-07","isFullCredit":false},{"lineNumber":2,"author":{"gitId":"NandhithaShree"},"content":"    protected String by;","lastModifiedDate":"2025-02-07","isFullCredit":false},{"lineNumber":3,"author":{"gitId":"NandhithaShree"},"content":"","lastModifiedDate":"2025-02-07","isFullCredit":false},{"lineNumber":4,"author":{"gitId":"NandhithaShree"},"content":"    public Deadline(String description, String by){","lastModifiedDate":"2025-02-07","isFullCredit":false},{"lineNumber":5,"author":{"gitId":"NandhithaShree"},"content":"        super(description);","lastModifiedDate":"2025-02-07","isFullCredit":false},{"lineNumber":6,"author":{"gitId":"NandhithaShree"},"content":"        this.isDone \u003d false;","lastModifiedDate":"2025-02-07","isFullCredit":false},{"lineNumber":7,"author":{"gitId":"NandhithaShree"},"content":"        this.by \u003d by;","lastModifiedDate":"2025-02-07","isFullCredit":false},{"lineNumber":8,"author":{"gitId":"NandhithaShree"},"content":"    }","lastModifiedDate":"2025-02-07","isFullCredit":false},{"lineNumber":9,"author":{"gitId":"NandhithaShree"},"content":"","lastModifiedDate":"2025-02-07","isFullCredit":false},{"lineNumber":10,"author":{"gitId":"NandhithaShree"},"content":"    public String toString(){","lastModifiedDate":"2025-02-07","isFullCredit":false},{"lineNumber":11,"author":{"gitId":"NandhithaShree"},"content":"        return \"[D]\" + super.toString() + \"(by:\" + by + \")\";","lastModifiedDate":"2025-02-07","isFullCredit":false},{"lineNumber":12,"author":{"gitId":"NandhithaShree"},"content":"    }","lastModifiedDate":"2025-02-07","isFullCredit":false},{"lineNumber":13,"author":{"gitId":"NandhithaShree"},"content":"}","lastModifiedDate":"2025-02-07","isFullCredit":false}],"authorContributionMap":{"NandhithaShree":13}},{"path":"src/main/java/Echo.java","fileType":"java","lines":[{"lineNumber":1,"author":{"gitId":"NandhithaShree"},"content":"import java.util.Scanner;","lastModifiedDate":"2025-01-28","isFullCredit":false},{"lineNumber":2,"author":{"gitId":"NandhithaShree"},"content":"public class Echo {","lastModifiedDate":"2025-01-28","isFullCredit":false},{"lineNumber":3,"author":{"gitId":"NandhithaShree"},"content":"    Scanner scanner \u003d new Scanner(System.in);","lastModifiedDate":"2025-01-28","isFullCredit":false},{"lineNumber":4,"author":{"gitId":"NandhithaShree"},"content":"    String input;","lastModifiedDate":"2025-01-28","isFullCredit":false},{"lineNumber":5,"author":{"gitId":"NandhithaShree"},"content":"","lastModifiedDate":"2025-02-07","isFullCredit":false},{"lineNumber":6,"author":{"gitId":"NandhithaShree"},"content":"    public Echo() {","lastModifiedDate":"2025-01-28","isFullCredit":false},{"lineNumber":7,"author":{"gitId":"NandhithaShree"},"content":"        System.out.println(\"Hey! Chitti\u0027s here!\");","lastModifiedDate":"2025-02-03","isFullCredit":false},{"lineNumber":8,"author":{"gitId":"NandhithaShree"},"content":"        System.out.println(\"What can I do for you?\");","lastModifiedDate":"2025-01-28","isFullCredit":false},{"lineNumber":9,"author":{"gitId":"NandhithaShree"},"content":"        input \u003d scanner.nextLine();","lastModifiedDate":"2025-01-28","isFullCredit":false},{"lineNumber":10,"author":{"gitId":"NandhithaShree"},"content":"        while(!(input.equals(\"bye\"))){","lastModifiedDate":"2025-01-28","isFullCredit":false},{"lineNumber":11,"author":{"gitId":"NandhithaShree"},"content":"            System.out.println(input);","lastModifiedDate":"2025-01-28","isFullCredit":false},{"lineNumber":12,"author":{"gitId":"NandhithaShree"},"content":"            input \u003d scanner.nextLine();","lastModifiedDate":"2025-01-28","isFullCredit":false},{"lineNumber":13,"author":{"gitId":"NandhithaShree"},"content":"        }","lastModifiedDate":"2025-01-28","isFullCredit":false},{"lineNumber":14,"author":{"gitId":"NandhithaShree"},"content":"        System.out.println(\"Bye. Call me if you need help\");","lastModifiedDate":"2025-02-03","isFullCredit":false},{"lineNumber":15,"author":{"gitId":"NandhithaShree"},"content":"    }","lastModifiedDate":"2025-01-28","isFullCredit":false},{"lineNumber":16,"author":{"gitId":"NandhithaShree"},"content":"}","lastModifiedDate":"2025-01-28","isFullCredit":false}],"authorContributionMap":{"NandhithaShree":16}},{"path":"src/main/java/Event.java","fileType":"java","lines":[{"lineNumber":1,"author":{"gitId":"NandhithaShree"},"content":"public class Event extends Task {","lastModifiedDate":"2025-02-07","isFullCredit":false},{"lineNumber":2,"author":{"gitId":"NandhithaShree"},"content":"    protected String from;","lastModifiedDate":"2025-02-07","isFullCredit":false},{"lineNumber":3,"author":{"gitId":"NandhithaShree"},"content":"    protected String to;","lastModifiedDate":"2025-02-07","isFullCredit":false},{"lineNumber":4,"author":{"gitId":"NandhithaShree"},"content":"","lastModifiedDate":"2025-02-07","isFullCredit":false},{"lineNumber":5,"author":{"gitId":"NandhithaShree"},"content":"    public Event(String description, String from, String to){","lastModifiedDate":"2025-02-07","isFullCredit":false},{"lineNumber":6,"author":{"gitId":"NandhithaShree"},"content":"        super(description);","lastModifiedDate":"2025-02-07","isFullCredit":false},{"lineNumber":7,"author":{"gitId":"NandhithaShree"},"content":"        this.from \u003d from;","lastModifiedDate":"2025-02-07","isFullCredit":false},{"lineNumber":8,"author":{"gitId":"NandhithaShree"},"content":"        this.to \u003d to;","lastModifiedDate":"2025-02-07","isFullCredit":false},{"lineNumber":9,"author":{"gitId":"NandhithaShree"},"content":"    }","lastModifiedDate":"2025-02-07","isFullCredit":false},{"lineNumber":10,"author":{"gitId":"NandhithaShree"},"content":"","lastModifiedDate":"2025-02-07","isFullCredit":false},{"lineNumber":11,"author":{"gitId":"NandhithaShree"},"content":"    public String toString(){","lastModifiedDate":"2025-02-07","isFullCredit":false},{"lineNumber":12,"author":{"gitId":"NandhithaShree"},"content":"        return \"[E]\" + super.toString() + \"(from:\" + from + \"to:\" + to + \")\";","lastModifiedDate":"2025-02-07","isFullCredit":false},{"lineNumber":13,"author":{"gitId":"NandhithaShree"},"content":"    }","lastModifiedDate":"2025-02-07","isFullCredit":false},{"lineNumber":14,"author":{"gitId":"NandhithaShree"},"content":"}","lastModifiedDate":"2025-02-07","isFullCredit":false}],"authorContributionMap":{"NandhithaShree":14}},{"path":"src/main/java/MarkAsDone.java","fileType":"java","lines":[{"lineNumber":1,"author":{"gitId":"NandhithaShree"},"content":"import java.io.FileWriter;","lastModifiedDate":"2025-02-21","isFullCredit":false},{"lineNumber":2,"author":{"gitId":"NandhithaShree"},"content":"import java.io.IOException;","lastModifiedDate":"2025-02-21","isFullCredit":false},{"lineNumber":3,"author":{"gitId":"NandhithaShree"},"content":"import java.util.ArrayList;","lastModifiedDate":"2025-02-20","isFullCredit":false},{"lineNumber":4,"author":{"gitId":"NandhithaShree"},"content":"import java.util.Scanner;","lastModifiedDate":"2025-02-07","isFullCredit":false},{"lineNumber":5,"author":{"gitId":"NandhithaShree"},"content":"import java.io.File;","lastModifiedDate":"2025-02-21","isFullCredit":false},{"lineNumber":6,"author":{"gitId":"NandhithaShree"},"content":"import java.io.FileNotFoundException;","lastModifiedDate":"2025-02-21","isFullCredit":false},{"lineNumber":7,"author":{"gitId":"NandhithaShree"},"content":"","lastModifiedDate":"2025-02-07","isFullCredit":false},{"lineNumber":8,"author":{"gitId":"NandhithaShree"},"content":"public class MarkAsDone {","lastModifiedDate":"2025-02-07","isFullCredit":false},{"lineNumber":9,"author":{"gitId":"NandhithaShree"},"content":"    Scanner scanner \u003d  new Scanner(System.in);","lastModifiedDate":"2025-02-07","isFullCredit":false},{"lineNumber":10,"author":{"gitId":"NandhithaShree"},"content":"    ArrayList\u003cTask\u003e arrayList \u003d new ArrayList\u003c\u003e();","lastModifiedDate":"2025-02-21","isFullCredit":false},{"lineNumber":11,"author":{"gitId":"NandhithaShree"},"content":"    String input;","lastModifiedDate":"2025-02-07","isFullCredit":false},{"lineNumber":12,"author":{"gitId":"NandhithaShree"},"content":"    int numberOfTasks \u003d 0;","lastModifiedDate":"2025-02-07","isFullCredit":false},{"lineNumber":13,"author":{"gitId":"NandhithaShree"},"content":"","lastModifiedDate":"2025-02-07","isFullCredit":false},{"lineNumber":14,"author":{"gitId":"NandhithaShree"},"content":"    public MarkAsDone(){","lastModifiedDate":"2025-02-07","isFullCredit":false},{"lineNumber":15,"author":{"gitId":"NandhithaShree"},"content":"        try{","lastModifiedDate":"2025-02-21","isFullCredit":false},{"lineNumber":16,"author":{"gitId":"NandhithaShree"},"content":"            addToArrayList();","lastModifiedDate":"2025-02-21","isFullCredit":false},{"lineNumber":17,"author":{"gitId":"NandhithaShree"},"content":"        }","lastModifiedDate":"2025-02-21","isFullCredit":false},{"lineNumber":18,"author":{"gitId":"NandhithaShree"},"content":"        catch(FileNotFoundException f){","lastModifiedDate":"2025-02-21","isFullCredit":false},{"lineNumber":19,"author":{"gitId":"NandhithaShree"},"content":"            System.out.println(\"file not found...\");","lastModifiedDate":"2025-02-21","isFullCredit":false},{"lineNumber":20,"author":{"gitId":"NandhithaShree"},"content":"        }","lastModifiedDate":"2025-02-21","isFullCredit":false},{"lineNumber":21,"author":{"gitId":"NandhithaShree"},"content":"        System.out.println(\"Hey! Chitti\u0027s here!\");","lastModifiedDate":"2025-02-07","isFullCredit":false},{"lineNumber":22,"author":{"gitId":"NandhithaShree"},"content":"        System.out.println(\"What can I do for you?\");","lastModifiedDate":"2025-02-07","isFullCredit":false},{"lineNumber":23,"author":{"gitId":"NandhithaShree"},"content":"        input \u003d scanner.nextLine();","lastModifiedDate":"2025-02-07","isFullCredit":false},{"lineNumber":24,"author":{"gitId":"NandhithaShree"},"content":"        while(!(input.equals(\"bye\"))) {","lastModifiedDate":"2025-02-07","isFullCredit":false},{"lineNumber":25,"author":{"gitId":"NandhithaShree"},"content":"            if(input.equals(\"list\")){","lastModifiedDate":"2025-02-07","isFullCredit":false},{"lineNumber":26,"author":{"gitId":"NandhithaShree"},"content":"                printList(arrayList, numberOfTasks);","lastModifiedDate":"2025-02-21","isFullCredit":false},{"lineNumber":27,"author":{"gitId":"NandhithaShree"},"content":"            } else if (input.startsWith(\"mark \")){","lastModifiedDate":"2025-02-07","isFullCredit":false},{"lineNumber":28,"author":{"gitId":"NandhithaShree"},"content":"                String[] splittedInput \u003d input.split(\" \");","lastModifiedDate":"2025-02-07","isFullCredit":false},{"lineNumber":29,"author":{"gitId":"NandhithaShree"},"content":"                arrayList.get(Integer.parseInt(splittedInput[1]) - 1).addDone();","lastModifiedDate":"2025-02-21","isFullCredit":false},{"lineNumber":30,"author":{"gitId":"NandhithaShree"},"content":"                addArrayToFile();","lastModifiedDate":"2025-02-21","isFullCredit":false},{"lineNumber":31,"author":{"gitId":"NandhithaShree"},"content":"                System.out.println(\"Hey, I marked this task as done. Nice job! Keep crushing it!\");","lastModifiedDate":"2025-02-07","isFullCredit":false},{"lineNumber":32,"author":{"gitId":"NandhithaShree"},"content":"            } else if (input.startsWith(\"unmark \")) {","lastModifiedDate":"2025-02-07","isFullCredit":false},{"lineNumber":33,"author":{"gitId":"NandhithaShree"},"content":"                String[] splittedInput \u003d input.split(\" \");","lastModifiedDate":"2025-02-07","isFullCredit":false},{"lineNumber":34,"author":{"gitId":"NandhithaShree"},"content":"                arrayList.get(Integer.parseInt(splittedInput[1]) - 1).removeDone();","lastModifiedDate":"2025-02-21","isFullCredit":false},{"lineNumber":35,"author":{"gitId":"NandhithaShree"},"content":"                addArrayToFile();","lastModifiedDate":"2025-02-21","isFullCredit":false},{"lineNumber":36,"author":{"gitId":"NandhithaShree"},"content":"                System.out.println(\"Oops, not done with this one yet? No worries, I’ve unmarked it for you!\");","lastModifiedDate":"2025-02-07","isFullCredit":false},{"lineNumber":37,"author":{"gitId":"NandhithaShree"},"content":"            } else if (input.startsWith(\"todo\")) {","lastModifiedDate":"2025-02-07","isFullCredit":false},{"lineNumber":38,"author":{"gitId":"NandhithaShree"},"content":"                try {","lastModifiedDate":"2025-02-15","isFullCredit":false},{"lineNumber":39,"author":{"gitId":"NandhithaShree"},"content":"                    if (input.equals(\"todo\")) {","lastModifiedDate":"2025-02-15","isFullCredit":false},{"lineNumber":40,"author":{"gitId":"NandhithaShree"},"content":"                        throw new ChittiException();","lastModifiedDate":"2025-02-15","isFullCredit":false},{"lineNumber":41,"author":{"gitId":"NandhithaShree"},"content":"                    }","lastModifiedDate":"2025-02-15","isFullCredit":false},{"lineNumber":42,"author":{"gitId":"NandhithaShree"},"content":"                    String[] splittedInput \u003d input.split(\" \", 2);","lastModifiedDate":"2025-02-07","isFullCredit":false},{"lineNumber":43,"author":{"gitId":"NandhithaShree"},"content":"                    ToDo todo \u003d new ToDo(splittedInput[1]);","lastModifiedDate":"2025-02-07","isFullCredit":false},{"lineNumber":44,"author":{"gitId":"NandhithaShree"},"content":"                    addToDoDeadlineEvent(todo);","lastModifiedDate":"2025-02-07","isFullCredit":false},{"lineNumber":45,"author":{"gitId":"NandhithaShree"},"content":"                    try {","lastModifiedDate":"2025-02-21","isFullCredit":false},{"lineNumber":46,"author":{"gitId":"NandhithaShree"},"content":"                        writeToFile(\"todo|false|\" + splittedInput[1], true);","lastModifiedDate":"2025-02-21","isFullCredit":false},{"lineNumber":47,"author":{"gitId":"NandhithaShree"},"content":"                    }","lastModifiedDate":"2025-02-21","isFullCredit":false},{"lineNumber":48,"author":{"gitId":"NandhithaShree"},"content":"                    catch(IOException ioException){","lastModifiedDate":"2025-02-21","isFullCredit":false},{"lineNumber":49,"author":{"gitId":"NandhithaShree"},"content":"                        System.out.println(\"Something went wrong!\");","lastModifiedDate":"2025-02-21","isFullCredit":false},{"lineNumber":50,"author":{"gitId":"NandhithaShree"},"content":"                    }","lastModifiedDate":"2025-02-21","isFullCredit":false},{"lineNumber":51,"author":{"gitId":"NandhithaShree"},"content":"                }","lastModifiedDate":"2025-02-15","isFullCredit":false},{"lineNumber":52,"author":{"gitId":"NandhithaShree"},"content":"                catch(ChittiException a){","lastModifiedDate":"2025-02-15","isFullCredit":false},{"lineNumber":53,"author":{"gitId":"NandhithaShree"},"content":"                    System.out.println(\"Oops! Please write something after todo!\");","lastModifiedDate":"2025-02-15","isFullCredit":false},{"lineNumber":54,"author":{"gitId":"NandhithaShree"},"content":"                }","lastModifiedDate":"2025-02-15","isFullCredit":false},{"lineNumber":55,"author":{"gitId":"NandhithaShree"},"content":"            } else if(input.startsWith(\"deadline\")) {","lastModifiedDate":"2025-02-15","isFullCredit":false},{"lineNumber":56,"author":{"gitId":"NandhithaShree"},"content":"                try {","lastModifiedDate":"2025-02-15","isFullCredit":false},{"lineNumber":57,"author":{"gitId":"NandhithaShree"},"content":"                    if(input.equals(\"deadline\") | !input.contains(\"/by\")){","lastModifiedDate":"2025-02-15","isFullCredit":false},{"lineNumber":58,"author":{"gitId":"NandhithaShree"},"content":"                        throw new ChittiException();","lastModifiedDate":"2025-02-15","isFullCredit":false},{"lineNumber":59,"author":{"gitId":"NandhithaShree"},"content":"                    }","lastModifiedDate":"2025-02-15","isFullCredit":false},{"lineNumber":60,"author":{"gitId":"NandhithaShree"},"content":"                    //contains deadline, and the rest","lastModifiedDate":"2025-02-07","isFullCredit":false},{"lineNumber":61,"author":{"gitId":"NandhithaShree"},"content":"                    String[] splittedInputSpace \u003d input.split(\" \", 2);","lastModifiedDate":"2025-02-07","isFullCredit":false},{"lineNumber":62,"author":{"gitId":"NandhithaShree"},"content":"                    // splits into description and the by","lastModifiedDate":"2025-02-07","isFullCredit":false},{"lineNumber":63,"author":{"gitId":"NandhithaShree"},"content":"                    String[] splittedInputBy \u003d splittedInputSpace[1].split(\"/by\", 2);","lastModifiedDate":"2025-02-07","isFullCredit":false},{"lineNumber":64,"author":{"gitId":"NandhithaShree"},"content":"                    Deadline deadline \u003d new Deadline(splittedInputBy[0], splittedInputBy[1]);","lastModifiedDate":"2025-02-07","isFullCredit":false},{"lineNumber":65,"author":{"gitId":"NandhithaShree"},"content":"                    addToDoDeadlineEvent(deadline);","lastModifiedDate":"2025-02-07","isFullCredit":false},{"lineNumber":66,"author":{"gitId":"NandhithaShree"},"content":"                    try {","lastModifiedDate":"2025-02-21","isFullCredit":false},{"lineNumber":67,"author":{"gitId":"NandhithaShree"},"content":"                        writeToFile(\"deadline|false|\" + splittedInputBy[0] + \"|\" + splittedInputBy[1], true);","lastModifiedDate":"2025-02-21","isFullCredit":false},{"lineNumber":68,"author":{"gitId":"NandhithaShree"},"content":"                    }","lastModifiedDate":"2025-02-21","isFullCredit":false},{"lineNumber":69,"author":{"gitId":"NandhithaShree"},"content":"                    catch(IOException ioException){","lastModifiedDate":"2025-02-21","isFullCredit":false},{"lineNumber":70,"author":{"gitId":"NandhithaShree"},"content":"                        System.out.println(\"Something went wrong!\");","lastModifiedDate":"2025-02-21","isFullCredit":false},{"lineNumber":71,"author":{"gitId":"NandhithaShree"},"content":"                    }","lastModifiedDate":"2025-02-21","isFullCredit":false},{"lineNumber":72,"author":{"gitId":"NandhithaShree"},"content":"                }","lastModifiedDate":"2025-02-15","isFullCredit":false},{"lineNumber":73,"author":{"gitId":"NandhithaShree"},"content":"                catch(ChittiException b){","lastModifiedDate":"2025-02-15","isFullCredit":false},{"lineNumber":74,"author":{"gitId":"NandhithaShree"},"content":"                    System.out.println(\"Oops! Please write it in this format: deadline description /by date/time\");","lastModifiedDate":"2025-02-15","isFullCredit":false},{"lineNumber":75,"author":{"gitId":"NandhithaShree"},"content":"                }","lastModifiedDate":"2025-02-15","isFullCredit":false},{"lineNumber":76,"author":{"gitId":"NandhithaShree"},"content":"            } else if(input.startsWith(\"event\")){","lastModifiedDate":"2025-02-15","isFullCredit":false},{"lineNumber":77,"author":{"gitId":"NandhithaShree"},"content":"                try {","lastModifiedDate":"2025-02-15","isFullCredit":false},{"lineNumber":78,"author":{"gitId":"NandhithaShree"},"content":"                    if(input.equals(\"event\") | !input.contains(\"/from\") | !input.contains(\"/to\")){","lastModifiedDate":"2025-02-15","isFullCredit":false},{"lineNumber":79,"author":{"gitId":"NandhithaShree"},"content":"                        throw new ChittiException();","lastModifiedDate":"2025-02-15","isFullCredit":false},{"lineNumber":80,"author":{"gitId":"NandhithaShree"},"content":"                    }","lastModifiedDate":"2025-02-15","isFullCredit":false},{"lineNumber":81,"author":{"gitId":"NandhithaShree"},"content":"                    //splits to event, and rest","lastModifiedDate":"2025-02-07","isFullCredit":false},{"lineNumber":82,"author":{"gitId":"NandhithaShree"},"content":"                    String[] splittedInputSpace \u003d input.split(\" \", 2);","lastModifiedDate":"2025-02-07","isFullCredit":false},{"lineNumber":83,"author":{"gitId":"NandhithaShree"},"content":"                    //splits to string description, and after","lastModifiedDate":"2025-02-07","isFullCredit":false},{"lineNumber":84,"author":{"gitId":"NandhithaShree"},"content":"                    String[] splittedInputFrom \u003d splittedInputSpace[1].split(\"/from\", 2);","lastModifiedDate":"2025-02-07","isFullCredit":false},{"lineNumber":85,"author":{"gitId":"NandhithaShree"},"content":"                    //splits to from and to","lastModifiedDate":"2025-02-07","isFullCredit":false},{"lineNumber":86,"author":{"gitId":"NandhithaShree"},"content":"                    String[] splittedInputTo \u003d splittedInputFrom[1].split(\"/to\");","lastModifiedDate":"2025-02-07","isFullCredit":false},{"lineNumber":87,"author":{"gitId":"NandhithaShree"},"content":"                    Event event \u003d new Event(splittedInputFrom[0], splittedInputTo[0], splittedInputTo[1]);","lastModifiedDate":"2025-02-07","isFullCredit":false},{"lineNumber":88,"author":{"gitId":"NandhithaShree"},"content":"                    addToDoDeadlineEvent(event);","lastModifiedDate":"2025-02-07","isFullCredit":false},{"lineNumber":89,"author":{"gitId":"NandhithaShree"},"content":"                    try {","lastModifiedDate":"2025-02-21","isFullCredit":false},{"lineNumber":90,"author":{"gitId":"NandhithaShree"},"content":"                        writeToFile(\"event|false|\"+ splittedInputFrom[0] + \"|\" + splittedInputTo[0] + \"|\" + splittedInputTo[1], true);","lastModifiedDate":"2025-02-21","isFullCredit":false},{"lineNumber":91,"author":{"gitId":"NandhithaShree"},"content":"                    }","lastModifiedDate":"2025-02-21","isFullCredit":false},{"lineNumber":92,"author":{"gitId":"NandhithaShree"},"content":"                    catch(IOException ioException){","lastModifiedDate":"2025-02-21","isFullCredit":false},{"lineNumber":93,"author":{"gitId":"NandhithaShree"},"content":"                        System.out.println(\"Something went wrong!\");","lastModifiedDate":"2025-02-21","isFullCredit":false},{"lineNumber":94,"author":{"gitId":"NandhithaShree"},"content":"                    }","lastModifiedDate":"2025-02-21","isFullCredit":false},{"lineNumber":95,"author":{"gitId":"NandhithaShree"},"content":"                }","lastModifiedDate":"2025-02-15","isFullCredit":false},{"lineNumber":96,"author":{"gitId":"NandhithaShree"},"content":"                catch(ChittiException c){","lastModifiedDate":"2025-02-15","isFullCredit":false},{"lineNumber":97,"author":{"gitId":"NandhithaShree"},"content":"                    System.out.println(\"Oops! Please write it in this format: event description /from date/time /to date/time\");","lastModifiedDate":"2025-02-15","isFullCredit":false},{"lineNumber":98,"author":{"gitId":"NandhithaShree"},"content":"                }","lastModifiedDate":"2025-02-15","isFullCredit":false},{"lineNumber":99,"author":{"gitId":"NandhithaShree"},"content":"            } else if (input.startsWith(\"delete\")) {","lastModifiedDate":"2025-02-20","isFullCredit":false},{"lineNumber":100,"author":{"gitId":"NandhithaShree"},"content":"                String[] splittedInputSpace \u003d input.split(\" \", 2);","lastModifiedDate":"2025-02-20","isFullCredit":false},{"lineNumber":101,"author":{"gitId":"NandhithaShree"},"content":"                System.out.println(\"Okay! I\u0027ve removed this task:\" + \"\\n\" + arrayList.get(Integer.parseInt(splittedInputSpace[1]) - 1));","lastModifiedDate":"2025-02-21","isFullCredit":false},{"lineNumber":102,"author":{"gitId":"NandhithaShree"},"content":"                arrayList.remove(Integer.parseInt(splittedInputSpace[1]) - 1);","lastModifiedDate":"2025-02-21","isFullCredit":false},{"lineNumber":103,"author":{"gitId":"NandhithaShree"},"content":"                numberOfTasks--;","lastModifiedDate":"2025-02-20","isFullCredit":false},{"lineNumber":104,"author":{"gitId":"NandhithaShree"},"content":"                numberOfTasksPrinter(numberOfTasks);","lastModifiedDate":"2025-02-20","isFullCredit":false},{"lineNumber":105,"author":{"gitId":"NandhithaShree"},"content":"            } else {","lastModifiedDate":"2025-02-20","isFullCredit":false},{"lineNumber":106,"author":{"gitId":"NandhithaShree"},"content":"                System.out.println(\"Sorry, I\u0027m unsure what that means. Try: todo, deadline, or event\");","lastModifiedDate":"2025-02-15","isFullCredit":false},{"lineNumber":107,"author":{"gitId":"NandhithaShree"},"content":"            }","lastModifiedDate":"2025-02-07","isFullCredit":false},{"lineNumber":108,"author":{"gitId":"NandhithaShree"},"content":"            input \u003d scanner.nextLine();","lastModifiedDate":"2025-02-07","isFullCredit":false},{"lineNumber":109,"author":{"gitId":"NandhithaShree"},"content":"        }","lastModifiedDate":"2025-02-07","isFullCredit":false},{"lineNumber":110,"author":{"gitId":"NandhithaShree"},"content":"        System.out.println(\"Bye. Call me if you need help\");","lastModifiedDate":"2025-02-07","isFullCredit":false},{"lineNumber":111,"author":{"gitId":"NandhithaShree"},"content":"    }","lastModifiedDate":"2025-02-07","isFullCredit":false},{"lineNumber":112,"author":{"gitId":"NandhithaShree"},"content":"","lastModifiedDate":"2025-02-07","isFullCredit":false},{"lineNumber":113,"author":{"gitId":"NandhithaShree"},"content":"    public void printList(ArrayList\u003cTask\u003e list, int numberOfTasks){","lastModifiedDate":"2025-02-20","isFullCredit":false},{"lineNumber":114,"author":{"gitId":"NandhithaShree"},"content":"        int count \u003d 0;","lastModifiedDate":"2025-02-07","isFullCredit":false},{"lineNumber":115,"author":{"gitId":"NandhithaShree"},"content":"        while(count \u003c numberOfTasks){","lastModifiedDate":"2025-02-07","isFullCredit":false},{"lineNumber":116,"author":{"gitId":"NandhithaShree"},"content":"            System.out.println(count+1 + \".\" + list.get(count).toString());","lastModifiedDate":"2025-02-20","isFullCredit":false},{"lineNumber":117,"author":{"gitId":"NandhithaShree"},"content":"            count++;","lastModifiedDate":"2025-02-07","isFullCredit":false},{"lineNumber":118,"author":{"gitId":"NandhithaShree"},"content":"        }","lastModifiedDate":"2025-02-07","isFullCredit":false},{"lineNumber":119,"author":{"gitId":"NandhithaShree"},"content":"    }","lastModifiedDate":"2025-02-07","isFullCredit":false},{"lineNumber":120,"author":{"gitId":"NandhithaShree"},"content":"","lastModifiedDate":"2025-02-07","isFullCredit":false},{"lineNumber":121,"author":{"gitId":"NandhithaShree"},"content":"    public void numberOfTasksPrinter(int numberOfTasks){","lastModifiedDate":"2025-02-07","isFullCredit":false},{"lineNumber":122,"author":{"gitId":"NandhithaShree"},"content":"        System.out.println(\"Now you have \" + numberOfTasks + \" tasks in the list.\");","lastModifiedDate":"2025-02-07","isFullCredit":false},{"lineNumber":123,"author":{"gitId":"NandhithaShree"},"content":"    }","lastModifiedDate":"2025-02-07","isFullCredit":false},{"lineNumber":124,"author":{"gitId":"NandhithaShree"},"content":"","lastModifiedDate":"2025-02-07","isFullCredit":false},{"lineNumber":125,"author":{"gitId":"NandhithaShree"},"content":"    public void addToDoDeadlineEvent(Task task){","lastModifiedDate":"2025-02-07","isFullCredit":false},{"lineNumber":126,"author":{"gitId":"NandhithaShree"},"content":"        arrayList.add(task);","lastModifiedDate":"2025-02-21","isFullCredit":false},{"lineNumber":127,"author":{"gitId":"NandhithaShree"},"content":"        System.out.println(\"Got it! Added this for you:\");","lastModifiedDate":"2025-02-07","isFullCredit":false},{"lineNumber":128,"author":{"gitId":"NandhithaShree"},"content":"        System.out.println(task);","lastModifiedDate":"2025-02-07","isFullCredit":false},{"lineNumber":129,"author":{"gitId":"NandhithaShree"},"content":"        numberOfTasks++;","lastModifiedDate":"2025-02-07","isFullCredit":false},{"lineNumber":130,"author":{"gitId":"NandhithaShree"},"content":"        numberOfTasksPrinter(numberOfTasks);","lastModifiedDate":"2025-02-07","isFullCredit":false},{"lineNumber":131,"author":{"gitId":"NandhithaShree"},"content":"    }","lastModifiedDate":"2025-02-07","isFullCredit":false},{"lineNumber":132,"author":{"gitId":"NandhithaShree"},"content":"","lastModifiedDate":"2025-02-21","isFullCredit":false},{"lineNumber":133,"author":{"gitId":"NandhithaShree"},"content":"    private static void writeToFile(String textToAdd, boolean append) throws IOException {","lastModifiedDate":"2025-02-21","isFullCredit":false},{"lineNumber":134,"author":{"gitId":"NandhithaShree"},"content":"        FileWriter fw \u003d new FileWriter(\"./src/main/java/chitti.txt\", append);","lastModifiedDate":"2025-02-21","isFullCredit":false},{"lineNumber":135,"author":{"gitId":"NandhithaShree"},"content":"        fw.write(textToAdd + \"\\n\");","lastModifiedDate":"2025-02-21","isFullCredit":false},{"lineNumber":136,"author":{"gitId":"NandhithaShree"},"content":"        fw.close();","lastModifiedDate":"2025-02-21","isFullCredit":false},{"lineNumber":137,"author":{"gitId":"NandhithaShree"},"content":"    }","lastModifiedDate":"2025-02-21","isFullCredit":false},{"lineNumber":138,"author":{"gitId":"NandhithaShree"},"content":"","lastModifiedDate":"2025-02-21","isFullCredit":false},{"lineNumber":139,"author":{"gitId":"NandhithaShree"},"content":"    public void addToArrayList() throws FileNotFoundException{","lastModifiedDate":"2025-02-21","isFullCredit":false},{"lineNumber":140,"author":{"gitId":"NandhithaShree"},"content":"        File f \u003d new File(\"./src/main/java/chitti.txt\");","lastModifiedDate":"2025-02-21","isFullCredit":false},{"lineNumber":141,"author":{"gitId":"NandhithaShree"},"content":"        Scanner s \u003d new Scanner(f);","lastModifiedDate":"2025-02-21","isFullCredit":false},{"lineNumber":142,"author":{"gitId":"NandhithaShree"},"content":"        String line;","lastModifiedDate":"2025-02-21","isFullCredit":false},{"lineNumber":143,"author":{"gitId":"NandhithaShree"},"content":"        while (s.hasNextLine()) {","lastModifiedDate":"2025-02-21","isFullCredit":false},{"lineNumber":144,"author":{"gitId":"NandhithaShree"},"content":"            line \u003d s.nextLine();","lastModifiedDate":"2025-02-21","isFullCredit":false},{"lineNumber":145,"author":{"gitId":"NandhithaShree"},"content":"            if(line.startsWith(\"todo\")){","lastModifiedDate":"2025-02-21","isFullCredit":false},{"lineNumber":146,"author":{"gitId":"NandhithaShree"},"content":"                ToDo todo \u003d new ToDo(line.split(\"\\\\|\")[2]);","lastModifiedDate":"2025-02-21","isFullCredit":false},{"lineNumber":147,"author":{"gitId":"NandhithaShree"},"content":"                if(line.startsWith(\"todo|true|\")){","lastModifiedDate":"2025-02-21","isFullCredit":false},{"lineNumber":148,"author":{"gitId":"NandhithaShree"},"content":"                    todo.addDone();","lastModifiedDate":"2025-02-21","isFullCredit":false},{"lineNumber":149,"author":{"gitId":"NandhithaShree"},"content":"                }","lastModifiedDate":"2025-02-21","isFullCredit":false},{"lineNumber":150,"author":{"gitId":"NandhithaShree"},"content":"                arrayList.add(todo);","lastModifiedDate":"2025-02-21","isFullCredit":false},{"lineNumber":151,"author":{"gitId":"NandhithaShree"},"content":"                numberOfTasks++;","lastModifiedDate":"2025-02-21","isFullCredit":false},{"lineNumber":152,"author":{"gitId":"NandhithaShree"},"content":"            } else if(line.startsWith(\"deadline\")){","lastModifiedDate":"2025-02-21","isFullCredit":false},{"lineNumber":153,"author":{"gitId":"NandhithaShree"},"content":"                Deadline deadline \u003d new Deadline(line.split(\"\\\\|\")[2],line.split(\"\\\\|\")[3]);","lastModifiedDate":"2025-02-21","isFullCredit":false},{"lineNumber":154,"author":{"gitId":"NandhithaShree"},"content":"                if(line.startsWith(\"deadline|true|\")){","lastModifiedDate":"2025-02-21","isFullCredit":false},{"lineNumber":155,"author":{"gitId":"NandhithaShree"},"content":"                    deadline.addDone();","lastModifiedDate":"2025-02-21","isFullCredit":false},{"lineNumber":156,"author":{"gitId":"NandhithaShree"},"content":"                }","lastModifiedDate":"2025-02-21","isFullCredit":false},{"lineNumber":157,"author":{"gitId":"NandhithaShree"},"content":"                arrayList.add(deadline);","lastModifiedDate":"2025-02-21","isFullCredit":false},{"lineNumber":158,"author":{"gitId":"NandhithaShree"},"content":"                numberOfTasks++;","lastModifiedDate":"2025-02-21","isFullCredit":false},{"lineNumber":159,"author":{"gitId":"NandhithaShree"},"content":"            } else if(line.startsWith(\"event\")){","lastModifiedDate":"2025-02-21","isFullCredit":false},{"lineNumber":160,"author":{"gitId":"NandhithaShree"},"content":"                Event event \u003d new Event(line.split(\"\\\\|\")[2],line.split(\"\\\\|\")[3],line.split(\"\\\\|\")[4]);","lastModifiedDate":"2025-02-21","isFullCredit":false},{"lineNumber":161,"author":{"gitId":"NandhithaShree"},"content":"                if(line.startsWith(\"event|true|\")){","lastModifiedDate":"2025-02-21","isFullCredit":false},{"lineNumber":162,"author":{"gitId":"NandhithaShree"},"content":"                    event.addDone();","lastModifiedDate":"2025-02-21","isFullCredit":false},{"lineNumber":163,"author":{"gitId":"NandhithaShree"},"content":"                }","lastModifiedDate":"2025-02-21","isFullCredit":false},{"lineNumber":164,"author":{"gitId":"NandhithaShree"},"content":"                arrayList.add(event);","lastModifiedDate":"2025-02-21","isFullCredit":false},{"lineNumber":165,"author":{"gitId":"NandhithaShree"},"content":"                numberOfTasks++;","lastModifiedDate":"2025-02-21","isFullCredit":false},{"lineNumber":166,"author":{"gitId":"NandhithaShree"},"content":"            }","lastModifiedDate":"2025-02-21","isFullCredit":false},{"lineNumber":167,"author":{"gitId":"NandhithaShree"},"content":"        }","lastModifiedDate":"2025-02-21","isFullCredit":false},{"lineNumber":168,"author":{"gitId":"NandhithaShree"},"content":"    }","lastModifiedDate":"2025-02-21","isFullCredit":false},{"lineNumber":169,"author":{"gitId":"NandhithaShree"},"content":"","lastModifiedDate":"2025-02-21","isFullCredit":false},{"lineNumber":170,"author":{"gitId":"NandhithaShree"},"content":"    public void addArrayToFile(){","lastModifiedDate":"2025-02-21","isFullCredit":false},{"lineNumber":171,"author":{"gitId":"NandhithaShree"},"content":"        int i \u003d 0;","lastModifiedDate":"2025-02-21","isFullCredit":false},{"lineNumber":172,"author":{"gitId":"NandhithaShree"},"content":"        boolean append \u003d false;","lastModifiedDate":"2025-02-21","isFullCredit":false},{"lineNumber":173,"author":{"gitId":"NandhithaShree"},"content":"        while(i\u003cnumberOfTasks){","lastModifiedDate":"2025-02-21","isFullCredit":false},{"lineNumber":174,"author":{"gitId":"NandhithaShree"},"content":"            if(i !\u003d 0){","lastModifiedDate":"2025-02-21","isFullCredit":false},{"lineNumber":175,"author":{"gitId":"NandhithaShree"},"content":"                append \u003d true;","lastModifiedDate":"2025-02-21","isFullCredit":false},{"lineNumber":176,"author":{"gitId":"NandhithaShree"},"content":"            }","lastModifiedDate":"2025-02-21","isFullCredit":false},{"lineNumber":177,"author":{"gitId":"NandhithaShree"},"content":"            Task currentTask \u003d arrayList.get(i);","lastModifiedDate":"2025-02-21","isFullCredit":false},{"lineNumber":178,"author":{"gitId":"NandhithaShree"},"content":"            boolean isDone \u003d currentTask.isDone;","lastModifiedDate":"2025-02-21","isFullCredit":false},{"lineNumber":179,"author":{"gitId":"NandhithaShree"},"content":"            if(currentTask.getClass() \u003d\u003d ToDo.class){","lastModifiedDate":"2025-02-21","isFullCredit":false},{"lineNumber":180,"author":{"gitId":"NandhithaShree"},"content":"                try {","lastModifiedDate":"2025-02-21","isFullCredit":false},{"lineNumber":181,"author":{"gitId":"NandhithaShree"},"content":"                    writeToFile(\"todo|\" + isDone + \"|\" + currentTask.description, append);","lastModifiedDate":"2025-02-21","isFullCredit":false},{"lineNumber":182,"author":{"gitId":"NandhithaShree"},"content":"                }","lastModifiedDate":"2025-02-21","isFullCredit":false},{"lineNumber":183,"author":{"gitId":"NandhithaShree"},"content":"                catch(IOException ioException){","lastModifiedDate":"2025-02-21","isFullCredit":false},{"lineNumber":184,"author":{"gitId":"NandhithaShree"},"content":"                    System.out.println(\"Something went wrong!\");","lastModifiedDate":"2025-02-21","isFullCredit":false},{"lineNumber":185,"author":{"gitId":"NandhithaShree"},"content":"                }","lastModifiedDate":"2025-02-21","isFullCredit":false},{"lineNumber":186,"author":{"gitId":"NandhithaShree"},"content":"            }","lastModifiedDate":"2025-02-21","isFullCredit":false},{"lineNumber":187,"author":{"gitId":"NandhithaShree"},"content":"            else if(currentTask.getClass() \u003d\u003d Deadline.class){","lastModifiedDate":"2025-02-21","isFullCredit":false},{"lineNumber":188,"author":{"gitId":"NandhithaShree"},"content":"                try {","lastModifiedDate":"2025-02-21","isFullCredit":false},{"lineNumber":189,"author":{"gitId":"NandhithaShree"},"content":"                    writeToFile(\"deadline|\" + isDone + \"|\" + currentTask.description + \"|\" + ((Deadline) currentTask).by, append);","lastModifiedDate":"2025-02-21","isFullCredit":false},{"lineNumber":190,"author":{"gitId":"NandhithaShree"},"content":"                }","lastModifiedDate":"2025-02-21","isFullCredit":false},{"lineNumber":191,"author":{"gitId":"NandhithaShree"},"content":"                catch(IOException ioException){","lastModifiedDate":"2025-02-21","isFullCredit":false},{"lineNumber":192,"author":{"gitId":"NandhithaShree"},"content":"                    System.out.println(\"Something went wrong!\");","lastModifiedDate":"2025-02-21","isFullCredit":false},{"lineNumber":193,"author":{"gitId":"NandhithaShree"},"content":"                }","lastModifiedDate":"2025-02-07","isFullCredit":false},{"lineNumber":194,"author":{"gitId":"NandhithaShree"},"content":"            }","lastModifiedDate":"2025-02-21","isFullCredit":false},{"lineNumber":195,"author":{"gitId":"NandhithaShree"},"content":"            else if(currentTask.getClass() \u003d\u003d Event.class){","lastModifiedDate":"2025-02-21","isFullCredit":false},{"lineNumber":196,"author":{"gitId":"NandhithaShree"},"content":"                try {","lastModifiedDate":"2025-02-21","isFullCredit":false},{"lineNumber":197,"author":{"gitId":"NandhithaShree"},"content":"                    writeToFile(\"event|\" + isDone + \"|\" + currentTask.description + \"|\" + ((Event) currentTask).from + \"|\" + ((Event) currentTask).to, append);","lastModifiedDate":"2025-02-21","isFullCredit":false},{"lineNumber":198,"author":{"gitId":"NandhithaShree"},"content":"                }","lastModifiedDate":"2025-02-21","isFullCredit":false},{"lineNumber":199,"author":{"gitId":"NandhithaShree"},"content":"                catch(IOException ioException){","lastModifiedDate":"2025-02-21","isFullCredit":false},{"lineNumber":200,"author":{"gitId":"NandhithaShree"},"content":"                    System.out.println(\"Something went wrong!\");","lastModifiedDate":"2025-02-21","isFullCredit":false},{"lineNumber":201,"author":{"gitId":"NandhithaShree"},"content":"                }","lastModifiedDate":"2025-02-21","isFullCredit":false},{"lineNumber":202,"author":{"gitId":"NandhithaShree"},"content":"            }","lastModifiedDate":"2025-02-21","isFullCredit":false},{"lineNumber":203,"author":{"gitId":"NandhithaShree"},"content":"            i++;","lastModifiedDate":"2025-02-21","isFullCredit":false},{"lineNumber":204,"author":{"gitId":"NandhithaShree"},"content":"        }","lastModifiedDate":"2025-02-21","isFullCredit":false},{"lineNumber":205,"author":{"gitId":"NandhithaShree"},"content":"    }","lastModifiedDate":"2025-02-21","isFullCredit":false},{"lineNumber":206,"author":{"gitId":"NandhithaShree"},"content":"","lastModifiedDate":"2025-02-21","isFullCredit":false},{"lineNumber":207,"author":{"gitId":"NandhithaShree"},"content":"}","lastModifiedDate":"2025-02-21","isFullCredit":false},{"lineNumber":208,"author":{"gitId":"NandhithaShree"},"content":"","lastModifiedDate":"2025-02-21","isFullCredit":false},{"lineNumber":209,"author":{"gitId":"NandhithaShree"},"content":"","lastModifiedDate":"2025-02-07","isFullCredit":false}],"authorContributionMap":{"NandhithaShree":209}},{"path":"src/main/java/Task.java","fileType":"java","lines":[{"lineNumber":1,"author":{"gitId":"NandhithaShree"},"content":"public class Task {","lastModifiedDate":"2025-01-28","isFullCredit":false},{"lineNumber":2,"author":{"gitId":"NandhithaShree"},"content":"    protected String description;","lastModifiedDate":"2025-01-28","isFullCredit":false},{"lineNumber":3,"author":{"gitId":"NandhithaShree"},"content":"    protected boolean isDone;","lastModifiedDate":"2025-01-28","isFullCredit":false},{"lineNumber":4,"author":{"gitId":"NandhithaShree"},"content":"","lastModifiedDate":"2025-01-28","isFullCredit":false},{"lineNumber":5,"author":{"gitId":"NandhithaShree"},"content":"    public Task(String description) {","lastModifiedDate":"2025-01-28","isFullCredit":false},{"lineNumber":6,"author":{"gitId":"NandhithaShree"},"content":"        this.description \u003d description;","lastModifiedDate":"2025-01-28","isFullCredit":false},{"lineNumber":7,"author":{"gitId":"NandhithaShree"},"content":"        this.isDone \u003d false;","lastModifiedDate":"2025-01-28","isFullCredit":false},{"lineNumber":8,"author":{"gitId":"NandhithaShree"},"content":"    }","lastModifiedDate":"2025-01-28","isFullCredit":false},{"lineNumber":9,"author":{"gitId":"NandhithaShree"},"content":"","lastModifiedDate":"2025-01-28","isFullCredit":false},{"lineNumber":10,"author":{"gitId":"NandhithaShree"},"content":"    public String getStatusIcon() {","lastModifiedDate":"2025-01-28","isFullCredit":false},{"lineNumber":11,"author":{"gitId":"NandhithaShree"},"content":"        return (isDone ? \"X\" : \" \"); // mark done task with X","lastModifiedDate":"2025-01-28","isFullCredit":false},{"lineNumber":12,"author":{"gitId":"NandhithaShree"},"content":"    }","lastModifiedDate":"2025-01-28","isFullCredit":false},{"lineNumber":13,"author":{"gitId":"NandhithaShree"},"content":"","lastModifiedDate":"2025-01-28","isFullCredit":false},{"lineNumber":14,"author":{"gitId":"NandhithaShree"},"content":"    public void removeDone(){","lastModifiedDate":"2025-01-28","isFullCredit":false},{"lineNumber":15,"author":{"gitId":"NandhithaShree"},"content":"        isDone \u003d false;","lastModifiedDate":"2025-01-28","isFullCredit":false},{"lineNumber":16,"author":{"gitId":"NandhithaShree"},"content":"    }","lastModifiedDate":"2025-01-28","isFullCredit":false},{"lineNumber":17,"author":{"gitId":"NandhithaShree"},"content":"","lastModifiedDate":"2025-01-28","isFullCredit":false},{"lineNumber":18,"author":{"gitId":"NandhithaShree"},"content":"    public void addDone(){","lastModifiedDate":"2025-01-28","isFullCredit":false},{"lineNumber":19,"author":{"gitId":"NandhithaShree"},"content":"        isDone \u003d true;","lastModifiedDate":"2025-01-28","isFullCredit":false},{"lineNumber":20,"author":{"gitId":"NandhithaShree"},"content":"    }","lastModifiedDate":"2025-01-28","isFullCredit":false},{"lineNumber":21,"author":{"gitId":"NandhithaShree"},"content":"","lastModifiedDate":"2025-02-07","isFullCredit":false},{"lineNumber":22,"author":{"gitId":"NandhithaShree"},"content":"    public String toString(){","lastModifiedDate":"2025-02-07","isFullCredit":false},{"lineNumber":23,"author":{"gitId":"NandhithaShree"},"content":"        return \"[\" +  getStatusIcon() + \"] \"+ description;","lastModifiedDate":"2025-02-07","isFullCredit":false},{"lineNumber":24,"author":{"gitId":"NandhithaShree"},"content":"    }","lastModifiedDate":"2025-02-07","isFullCredit":false},{"lineNumber":25,"author":{"gitId":"NandhithaShree"},"content":"}","lastModifiedDate":"2025-01-28","isFullCredit":false}],"authorContributionMap":{"NandhithaShree":25}},{"path":"src/main/java/ToDo.java","fileType":"java","lines":[{"lineNumber":1,"author":{"gitId":"NandhithaShree"},"content":"public class ToDo extends Task{","lastModifiedDate":"2025-02-07","isFullCredit":false},{"lineNumber":2,"author":{"gitId":"NandhithaShree"},"content":"    public ToDo(String description){","lastModifiedDate":"2025-02-07","isFullCredit":false},{"lineNumber":3,"author":{"gitId":"NandhithaShree"},"content":"        super(description);","lastModifiedDate":"2025-02-07","isFullCredit":false},{"lineNumber":4,"author":{"gitId":"NandhithaShree"},"content":"        this.isDone \u003d false;","lastModifiedDate":"2025-02-07","isFullCredit":false},{"lineNumber":5,"author":{"gitId":"NandhithaShree"},"content":"    }","lastModifiedDate":"2025-02-07","isFullCredit":false},{"lineNumber":6,"author":{"gitId":"NandhithaShree"},"content":"","lastModifiedDate":"2025-02-07","isFullCredit":false},{"lineNumber":7,"author":{"gitId":"NandhithaShree"},"content":"    public String toString(){","lastModifiedDate":"2025-02-07","isFullCredit":false},{"lineNumber":8,"author":{"gitId":"NandhithaShree"},"content":"        return \"[T]\" + super.toString();","lastModifiedDate":"2025-02-07","isFullCredit":false},{"lineNumber":9,"author":{"gitId":"NandhithaShree"},"content":"    }","lastModifiedDate":"2025-02-07","isFullCredit":false},{"lineNumber":10,"author":{"gitId":"NandhithaShree"},"content":"}","lastModifiedDate":"2025-02-07","isFullCredit":false}],"authorContributionMap":{"NandhithaShree":10}},{"path":"src/main/java/chitti.txt","fileType":"txt","lines":[{"lineNumber":1,"author":{"gitId":"NandhithaShree"},"content":"todo|true|lkjsen","lastModifiedDate":"2025-02-21","isFullCredit":false},{"lineNumber":2,"author":{"gitId":"NandhithaShree"},"content":"deadline|true|beshf | osaehnfc","lastModifiedDate":"2025-02-21","isFullCredit":false},{"lineNumber":3,"author":{"gitId":"NandhithaShree"},"content":"event|true|sjbv | leasnfh | lashn","lastModifiedDate":"2025-02-21","isFullCredit":false}],"authorContributionMap":{"NandhithaShree":3}},{"path":"text-ui-test/input.txt","fileType":"txt","lines":[{"lineNumber":1,"author":{"gitId":"NandhithaShree"},"content":"todo cs2113 hw","lastModifiedDate":"2025-02-15","isFullCredit":false},{"lineNumber":2,"author":{"gitId":"NandhithaShree"},"content":"deadline abc /by 9pm","lastModifiedDate":"2025-02-15","isFullCredit":false},{"lineNumber":3,"author":{"gitId":"NandhithaShree"},"content":"event def /from 9pm /to 10pm","lastModifiedDate":"2025-02-15","isFullCredit":false},{"lineNumber":4,"author":{"gitId":"NandhithaShree"},"content":"list","lastModifiedDate":"2025-02-15","isFullCredit":false},{"lineNumber":5,"author":{"gitId":"NandhithaShree"},"content":"mark 1","lastModifiedDate":"2025-02-15","isFullCredit":false},{"lineNumber":6,"author":{"gitId":"NandhithaShree"},"content":"mark 2","lastModifiedDate":"2025-02-15","isFullCredit":false},{"lineNumber":7,"author":{"gitId":"NandhithaShree"},"content":"list","lastModifiedDate":"2025-02-15","isFullCredit":false},{"lineNumber":8,"author":{"gitId":"NandhithaShree"},"content":"unmark 1","lastModifiedDate":"2025-02-15","isFullCredit":false},{"lineNumber":9,"author":{"gitId":"NandhithaShree"},"content":"list","lastModifiedDate":"2025-02-15","isFullCredit":false},{"lineNumber":10,"author":{"gitId":"NandhithaShree"},"content":"bye","lastModifiedDate":"2025-02-15","isFullCredit":false}],"authorContributionMap":{"NandhithaShree":10}},{"path":"text-ui-test/runtest.bat","fileType":"bat","lines":[{"lineNumber":1,"author":{"gitId":"-"},"content":"@ECHO OFF","lastModifiedDate":"2020-05-25","isFullCredit":false},{"lineNumber":2,"author":{"gitId":"-"},"content":"","lastModifiedDate":"2020-05-25","isFullCredit":false},{"lineNumber":3,"author":{"gitId":"-"},"content":"REM create bin directory if it doesn\u0027t exist","lastModifiedDate":"2020-05-25","isFullCredit":false},{"lineNumber":4,"author":{"gitId":"-"},"content":"if not exist ..\\bin mkdir ..\\bin","lastModifiedDate":"2020-05-25","isFullCredit":false},{"lineNumber":5,"author":{"gitId":"-"},"content":"","lastModifiedDate":"2020-05-25","isFullCredit":false},{"lineNumber":6,"author":{"gitId":"-"},"content":"REM delete output from previous run","lastModifiedDate":"2020-05-25","isFullCredit":false},{"lineNumber":7,"author":{"gitId":"-"},"content":"if exist ACTUAL.TXT del ACTUAL.TXT","lastModifiedDate":"2020-08-25","isFullCredit":false},{"lineNumber":8,"author":{"gitId":"-"},"content":"","lastModifiedDate":"2020-05-25","isFullCredit":false},{"lineNumber":9,"author":{"gitId":"-"},"content":"REM compile the code into the bin folder","lastModifiedDate":"2020-05-25","isFullCredit":false},{"lineNumber":10,"author":{"gitId":"NandhithaShree"},"content":"javac  -cp ..\\src\\main\\java -Xlint:none -d ..\\bin ..\\src\\main\\java\\Chitti.java","lastModifiedDate":"2025-02-15","isFullCredit":false},{"lineNumber":11,"author":{"gitId":"-"},"content":"IF ERRORLEVEL 1 (","lastModifiedDate":"2020-05-25","isFullCredit":false},{"lineNumber":12,"author":{"gitId":"-"},"content":"    echo ********** BUILD FAILURE **********","lastModifiedDate":"2020-05-25","isFullCredit":false},{"lineNumber":13,"author":{"gitId":"-"},"content":"    exit /b 1","lastModifiedDate":"2020-05-25","isFullCredit":false},{"lineNumber":14,"author":{"gitId":"-"},"content":")","lastModifiedDate":"2020-05-25","isFullCredit":false},{"lineNumber":15,"author":{"gitId":"-"},"content":"REM no error here, errorlevel \u003d\u003d 0","lastModifiedDate":"2020-05-25","isFullCredit":false},{"lineNumber":16,"author":{"gitId":"-"},"content":"","lastModifiedDate":"2020-05-25","isFullCredit":false},{"lineNumber":17,"author":{"gitId":"-"},"content":"REM run the program, feed commands from input.txt file and redirect the output to the ACTUAL.TXT","lastModifiedDate":"2020-05-25","isFullCredit":false},{"lineNumber":18,"author":{"gitId":"NandhithaShree"},"content":"java -classpath ..\\bin ..\\src\\main\\java\\Chitti.java \u003c input.txt \u003e ACTUAL.TXT","lastModifiedDate":"2025-02-15","isFullCredit":false},{"lineNumber":19,"author":{"gitId":"-"},"content":"","lastModifiedDate":"2020-05-25","isFullCredit":false},{"lineNumber":20,"author":{"gitId":"-"},"content":"REM compare the output to the expected output","lastModifiedDate":"2020-05-25","isFullCredit":false},{"lineNumber":21,"author":{"gitId":"-"},"content":"FC ACTUAL.TXT EXPECTED.TXT","lastModifiedDate":"2020-05-25","isFullCredit":false}],"authorContributionMap":{"NandhithaShree":2,"-":19}}]
