{"authorDailyContributionsMap":{"jyukuan":[{"date":"2025-02-04","commitResults":[{"hash":"ea92a213c594ce7f3bbbb24e4fe18d15217bf1d8","isMergeCommit":false,"messageTitle":"Week 2 tasks","messageBody":"","tags":["Level-0"],"fileTypesAndContributionMap":{"java":{"insertions":6,"deletions":6}}},{"hash":"77d1d650f6b99ef01b135c53f57b44bd26cc1d5e","isMergeCommit":false,"messageTitle":"Week 3 task 1 : echo","messageBody":"","tags":["Level-1"],"fileTypesAndContributionMap":{"java":{"insertions":29,"deletions":2}}},{"hash":"b51a42ea19d61d75e819393446e19f5ba09a8749","isMergeCommit":false,"messageTitle":"Week 3 task 2 : Add, list","messageBody":"","tags":["Level-2"],"fileTypesAndContributionMap":{"java":{"insertions":27,"deletions":2}}},{"hash":"b72b2ab997841e46188577c5a2f5e16b491d2b3a","isMergeCommit":false,"messageTitle":"Week 3 task 3 : Mark as done","messageBody":"","tags":["Level-3","A-CodingStandard"],"fileTypesAndContributionMap":{"java":{"insertions":84,"deletions":12}}}]},{"date":"2025-02-07","commitResults":[{"hash":"95328df5c206939a49cbf4538fa40c73d14df976","isMergeCommit":false,"messageTitle":"Weel 4 task 1:  todo, deadline and event","messageBody":"","tags":["Level-4","A-TextUiTesting","A-CodeQuality"],"fileTypesAndContributionMap":{"txt":{"insertions":5,"deletions":0},"java":{"insertions":66,"deletions":59}}}]},{"date":"2025-02-13","commitResults":[{"hash":"07ebc10309a429b8157fa67a761bb0307451fb49","isMergeCommit":false,"messageTitle":"Duke with exception","messageBody":"","fileTypesAndContributionMap":{"java":{"insertions":62,"deletions":121}}},{"hash":"1b9a9fcda2a1aa32bbbafd29366b0de8b2222376","isMergeCommit":false,"messageTitle":"Different Class function.","messageBody":"","fileTypesAndContributionMap":{"java":{"insertions":140,"deletions":0}}},{"hash":"2d88f8a25e541ab13163d557b35360f3bd569464","isMergeCommit":true,"messageTitle":"Merge branch \u0027branch-Level-5\u0027","messageBody":"","fileTypesAndContributionMap":{}}]},{"date":"2025-02-20","commitResults":[{"hash":"894ca527053dc267098535db1f37e69fbeca0069","isMergeCommit":false,"messageTitle":"Revert \"Merge branch \u0027branch-Level-5\u0027\"","messageBody":"This reverts commit 2d88f8a25e541ab13163d557b35360f3bd569464, reversing\nchanges made to 95328df5c206939a49cbf4538fa40c73d14df976.\n","fileTypesAndContributionMap":{"java":{"insertions":121,"deletions":202}}}]},{"date":"2025-02-21","commitResults":[{"hash":"d80e8a7b7b473b31a3067fc64a686c1556a323c7","isMergeCommit":false,"messageTitle":"UI","messageBody":"","fileTypesAndContributionMap":{"java":{"insertions":42,"deletions":0}}},{"hash":"2fe5256fda947dcbb3a84d80a9b5440dc81cb1a3","isMergeCommit":false,"messageTitle":"Reapply \"Merge branch \u0027branch-Level-5\u0027\"","messageBody":"This reverts commit 894ca527053dc267098535db1f37e69fbeca0069.\n","tags":["A-Packages"],"fileTypesAndContributionMap":{"java":{"insertions":202,"deletions":121}}},{"hash":"37e31efcf18db55c7b646241c58e55e745c782e0","isMergeCommit":false,"messageTitle":"1","messageBody":"","fileTypesAndContributionMap":{"java":{"insertions":3,"deletions":3}}},{"hash":"9656294e425c19c17b1cea7831f0329f8ceede5a","isMergeCommit":true,"messageTitle":"Merge branch \u0027master\u0027 of https://github.com/jyukuan/ip","messageBody":"# Conflicts:\n#\tsrc/main/java/Ui.java\n","fileTypesAndContributionMap":{}},{"hash":"7394cb22028701f4a61c6baf512f377e1b5b4fa0","isMergeCommit":false,"messageTitle":"delete function added","messageBody":"","tags":["A-Collections"],"fileTypesAndContributionMap":{"java":{"insertions":44,"deletions":12}}},{"hash":"178273b5baa6414abfe181342ec1730b63020c89","isMergeCommit":false,"messageTitle":"txt record added","messageBody":"","fileTypesAndContributionMap":{"txt":{"insertions":1,"deletions":0},"java":{"insertions":178,"deletions":17}}},{"hash":"dee994eb487839f2b73de119e330f629dd1ef1c7","isMergeCommit":true,"messageTitle":"Merge branch \u0027branch-Level-6\u0027","messageBody":"","fileTypesAndContributionMap":{}},{"hash":"4951d31da80d9dea710dd4a02633a9b65cdf3f25","isMergeCommit":true,"messageTitle":"Merge branch \u0027branch-Level-7\u0027","messageBody":"# Conflicts:\n#\tsrc/main/java/Duke.java\n#\tsrc/main/java/TaskList.java\n#\tsrc/main/java/Ui.java\n","tags":["Level-7","Level-6","Level-5","A-Jar"],"fileTypesAndContributionMap":{}},{"hash":"f623872418213344c6b253f38601a8bdc49d91fd","isMergeCommit":false,"messageTitle":"Add tasklist empty case","messageBody":"","fileTypesAndContributionMap":{"java":{"insertions":9,"deletions":6}}}]},{"date":"2025-03-05","commitResults":[{"hash":"31f71522f2575d3ae606de03b555520992acb593","isMergeCommit":false,"messageTitle":"Changed Code structure","messageBody":"","tags":["A-MoreOOP"],"fileTypesAndContributionMap":{"txt":{"insertions":4,"deletions":1},"java":{"insertions":278,"deletions":238}}},{"hash":"f3feff697108150ad289d138148e6812a71a2d4f","isMergeCommit":false,"messageTitle":"Branch_A_Assertion exercise","messageBody":"","fileTypesAndContributionMap":{"java":{"insertions":3,"deletions":0}}},{"hash":"1ad4baddd092693247556458b27469e0686110a7","isMergeCommit":false,"messageTitle":"Branch_A_CodeQuality exercise","messageBody":"","fileTypesAndContributionMap":{"java":{"insertions":2,"deletions":0}}},{"hash":"e5da0c5fdb1644397d966c2414e2335ad8a12786","isMergeCommit":false,"messageTitle":"exercise 1","messageBody":"","fileTypesAndContributionMap":{"java":{"insertions":1,"deletions":0}}},{"hash":"4f8db304b5a0f1b4898193adf64d0c3e5ee7b060","isMergeCommit":false,"messageTitle":"exercise 2","messageBody":"","fileTypesAndContributionMap":{"java":{"insertions":1,"deletions":0}}},{"hash":"4ab779c890ae942398c0f93f3c0b149f0a8b1c5f","isMergeCommit":true,"messageTitle":"Merge pull request #3 from jyukuan/branch-A-Assertions","messageBody":"Branch_A_Assertion exercise","tags":["A-Assertions"],"fileTypesAndContributionMap":{}},{"hash":"540f5c77085c1d99c1b792c60cb101cdf4ffc87f","isMergeCommit":true,"messageTitle":"Merge branch \u0027master\u0027 into branch-A-CodeQuality","messageBody":"# Conflicts:\n#\tsrc/main/java/Duke.java\n","fileTypesAndContributionMap":{}},{"hash":"4f9636a0f0089f6d0e93f2327c05a9756a069f6a","isMergeCommit":true,"messageTitle":"Merge branch \u0027master\u0027 into branch-A-Streams","messageBody":"# Conflicts:\n#\tsrc/main/java/Duke.java\n","fileTypesAndContributionMap":{}},{"hash":"de4c4d8a178328c5340708df372c16b53ab88b1a","isMergeCommit":true,"messageTitle":"Merge pull request #1 from jyukuan/branch-A-CodeQuality","messageBody":"Branch_A_CodeQuality exercise","tags":["A-CodeQuality-1"],"fileTypesAndContributionMap":{}},{"hash":"bbe3edd7692c4ae7b17a01ab6d23d61ee9304ba3","isMergeCommit":true,"messageTitle":"Merge branch \u0027master\u0027 into branch-A-Streams","messageBody":"# Conflicts:\n#\tsrc/main/java/Duke.java\n","fileTypesAndContributionMap":{}},{"hash":"216a62eb5b3c32ec3fea32ebc861d80cc789cdaa","isMergeCommit":true,"messageTitle":"Merge pull request #2 from jyukuan/branch-A-Streams","messageBody":"Branch a streams","tags":["A-Streams"],"fileTypesAndContributionMap":{}}]}]},"authorFileTypeContributionMap":{"jyukuan":{"java":431,"md":0,"fxml":0,"sh":0,"bat":0,"gradle":0,"txt":9}},"authorContributionVariance":{"jyukuan":15612.046},"authorDisplayNameMap":{"jyukuan":"CS2113-T11b-4 JIAN..KUAN"}}
