[{"path":"src/main/java/Gojo.java","fileType":"java","lines":[{"lineNumber":1,"author":{"gitId":"WayneCh0y"},"content":"import Managers.Printer;","lastModifiedDate":"2025-02-13","isFullCredit":false},{"lineNumber":2,"author":{"gitId":"WayneCh0y"},"content":"import Managers.TaskManager;","lastModifiedDate":"2025-02-13","isFullCredit":false},{"lineNumber":3,"author":{"gitId":"WayneCh0y"},"content":"","lastModifiedDate":"2025-02-13","isFullCredit":false},{"lineNumber":4,"author":{"gitId":"WayneCh0y"},"content":"import java.util.Scanner;","lastModifiedDate":"2025-01-28","isFullCredit":false},{"lineNumber":5,"author":{"gitId":"WayneCh0y"},"content":"","lastModifiedDate":"2025-01-28","isFullCredit":false},{"lineNumber":6,"author":{"gitId":"WayneCh0y"},"content":"public class Gojo {","lastModifiedDate":"2025-01-22","isFullCredit":false},{"lineNumber":7,"author":{"gitId":"WayneCh0y"},"content":"","lastModifiedDate":"2025-02-02","isFullCredit":false},{"lineNumber":8,"author":{"gitId":"WayneCh0y"},"content":"    private static String getTaskType(String line) {","lastModifiedDate":"2025-02-07","isFullCredit":false},{"lineNumber":9,"author":{"gitId":"WayneCh0y"},"content":"        return (line.split(\" \", 2))[0];","lastModifiedDate":"2025-02-04","isFullCredit":false},{"lineNumber":10,"author":{"gitId":"WayneCh0y"},"content":"    }","lastModifiedDate":"2025-02-02","isFullCredit":false},{"lineNumber":11,"author":{"gitId":"WayneCh0y"},"content":"","lastModifiedDate":"2025-01-28","isFullCredit":false},{"lineNumber":12,"author":{"gitId":"WayneCh0y"},"content":"    private static void start(Scanner in, TaskManager taskManager) {","lastModifiedDate":"2025-02-04","isFullCredit":false},{"lineNumber":13,"author":{"gitId":"WayneCh0y"},"content":"        String line;","lastModifiedDate":"2025-02-02","isFullCredit":false},{"lineNumber":14,"author":{"gitId":"WayneCh0y"},"content":"        while(true) {","lastModifiedDate":"2025-01-28","isFullCredit":false},{"lineNumber":15,"author":{"gitId":"WayneCh0y"},"content":"            line \u003d in.nextLine();","lastModifiedDate":"2025-01-28","isFullCredit":false},{"lineNumber":16,"author":{"gitId":"WayneCh0y"},"content":"            String taskType \u003d getTaskType(line);","lastModifiedDate":"2025-02-07","isFullCredit":false},{"lineNumber":17,"author":{"gitId":"WayneCh0y"},"content":"            switch (taskType) {","lastModifiedDate":"2025-02-04","isFullCredit":false},{"lineNumber":18,"author":{"gitId":"WayneCh0y"},"content":"            case \"bye\":","lastModifiedDate":"2025-02-04","isFullCredit":false},{"lineNumber":19,"author":{"gitId":"WayneCh0y"},"content":"                return;","lastModifiedDate":"2025-02-04","isFullCredit":false},{"lineNumber":20,"author":{"gitId":"WayneCh0y"},"content":"            case \"list\":","lastModifiedDate":"2025-02-04","isFullCredit":false},{"lineNumber":21,"author":{"gitId":"WayneCh0y"},"content":"                taskManager.printTaskList();","lastModifiedDate":"2025-02-04","isFullCredit":false},{"lineNumber":22,"author":{"gitId":"WayneCh0y"},"content":"                break;","lastModifiedDate":"2025-02-07","isFullCredit":false},{"lineNumber":23,"author":{"gitId":"WayneCh0y"},"content":"            case \"todo\":","lastModifiedDate":"2025-02-04","isFullCredit":false},{"lineNumber":24,"author":{"gitId":"WayneCh0y"},"content":"                taskManager.todo(line);","lastModifiedDate":"2025-02-04","isFullCredit":false},{"lineNumber":25,"author":{"gitId":"WayneCh0y"},"content":"                break;","lastModifiedDate":"2025-02-07","isFullCredit":false},{"lineNumber":26,"author":{"gitId":"WayneCh0y"},"content":"            case \"deadline\":","lastModifiedDate":"2025-02-04","isFullCredit":false},{"lineNumber":27,"author":{"gitId":"WayneCh0y"},"content":"                taskManager.deadline(line);","lastModifiedDate":"2025-02-04","isFullCredit":false},{"lineNumber":28,"author":{"gitId":"WayneCh0y"},"content":"                break;","lastModifiedDate":"2025-02-07","isFullCredit":false},{"lineNumber":29,"author":{"gitId":"WayneCh0y"},"content":"            case \"event\":","lastModifiedDate":"2025-02-04","isFullCredit":false},{"lineNumber":30,"author":{"gitId":"WayneCh0y"},"content":"                taskManager.event(line);","lastModifiedDate":"2025-02-04","isFullCredit":false},{"lineNumber":31,"author":{"gitId":"WayneCh0y"},"content":"                break;","lastModifiedDate":"2025-02-07","isFullCredit":false},{"lineNumber":32,"author":{"gitId":"WayneCh0y"},"content":"            case \"mark\":","lastModifiedDate":"2025-02-04","isFullCredit":false},{"lineNumber":33,"author":{"gitId":"WayneCh0y"},"content":"                taskManager.mark(line);","lastModifiedDate":"2025-02-04","isFullCredit":false},{"lineNumber":34,"author":{"gitId":"WayneCh0y"},"content":"                break;","lastModifiedDate":"2025-02-07","isFullCredit":false},{"lineNumber":35,"author":{"gitId":"WayneCh0y"},"content":"            case \"unmark\":","lastModifiedDate":"2025-02-04","isFullCredit":false},{"lineNumber":36,"author":{"gitId":"WayneCh0y"},"content":"                taskManager.unmark(line);","lastModifiedDate":"2025-02-04","isFullCredit":false},{"lineNumber":37,"author":{"gitId":"WayneCh0y"},"content":"                break;","lastModifiedDate":"2025-02-07","isFullCredit":false},{"lineNumber":38,"author":{"gitId":"WayneCh0y"},"content":"            default:","lastModifiedDate":"2025-02-07","isFullCredit":false},{"lineNumber":39,"author":{"gitId":"WayneCh0y"},"content":"                System.out.println(\"OOPS~! You\u0027ve officially confused even me! Try again, maybe with actual commands?\");","lastModifiedDate":"2025-02-11","isFullCredit":false},{"lineNumber":40,"author":{"gitId":"WayneCh0y"},"content":"            }","lastModifiedDate":"2025-01-28","isFullCredit":false},{"lineNumber":41,"author":{"gitId":"WayneCh0y"},"content":"        }","lastModifiedDate":"2025-01-28","isFullCredit":false},{"lineNumber":42,"author":{"gitId":"-"},"content":"    }","lastModifiedDate":"2019-07-29","isFullCredit":false},{"lineNumber":43,"author":{"gitId":"WayneCh0y"},"content":"","lastModifiedDate":"2025-02-04","isFullCredit":false},{"lineNumber":44,"author":{"gitId":"WayneCh0y"},"content":"    public static void main(String[] args) {","lastModifiedDate":"2025-02-04","isFullCredit":false},{"lineNumber":45,"author":{"gitId":"WayneCh0y"},"content":"        TaskManager taskManager \u003d new TaskManager();","lastModifiedDate":"2025-02-04","isFullCredit":false},{"lineNumber":46,"author":{"gitId":"WayneCh0y"},"content":"        Scanner in \u003d new Scanner(System.in);","lastModifiedDate":"2025-02-04","isFullCredit":false},{"lineNumber":47,"author":{"gitId":"WayneCh0y"},"content":"        Printer.chatbotGreeting();","lastModifiedDate":"2025-02-04","isFullCredit":false},{"lineNumber":48,"author":{"gitId":"WayneCh0y"},"content":"        start(in, taskManager);","lastModifiedDate":"2025-02-04","isFullCredit":false},{"lineNumber":49,"author":{"gitId":"WayneCh0y"},"content":"        Printer.end();","lastModifiedDate":"2025-02-04","isFullCredit":false},{"lineNumber":50,"author":{"gitId":"WayneCh0y"},"content":"    }","lastModifiedDate":"2025-02-04","isFullCredit":false},{"lineNumber":51,"author":{"gitId":"-"},"content":"}","lastModifiedDate":"2019-07-29","isFullCredit":false}],"authorContributionMap":{"WayneCh0y":49,"-":2}},{"path":"src/main/java/Managers/Exceptions/IllegalCommandException.java","fileType":"java","lines":[{"lineNumber":1,"author":{"gitId":"WayneCh0y"},"content":"package Managers.Exceptions;","lastModifiedDate":"2025-02-13","isFullCredit":false},{"lineNumber":2,"author":{"gitId":"WayneCh0y"},"content":"","lastModifiedDate":"2025-02-13","isFullCredit":false},{"lineNumber":3,"author":{"gitId":"WayneCh0y"},"content":"public class IllegalCommandException extends Exception{","lastModifiedDate":"2025-02-11","isFullCredit":false},{"lineNumber":4,"author":{"gitId":"WayneCh0y"},"content":"}","lastModifiedDate":"2025-02-11","isFullCredit":false}],"authorContributionMap":{"WayneCh0y":4}},{"path":"src/main/java/Managers/Printer.java","fileType":"java","lines":[{"lineNumber":1,"author":{"gitId":"WayneCh0y"},"content":"package Managers;","lastModifiedDate":"2025-02-13","isFullCredit":false},{"lineNumber":2,"author":{"gitId":"WayneCh0y"},"content":"","lastModifiedDate":"2025-02-13","isFullCredit":false},{"lineNumber":3,"author":{"gitId":"WayneCh0y"},"content":"import TaskItems.Task;","lastModifiedDate":"2025-02-13","isFullCredit":false},{"lineNumber":4,"author":{"gitId":"WayneCh0y"},"content":"","lastModifiedDate":"2025-02-13","isFullCredit":false},{"lineNumber":5,"author":{"gitId":"WayneCh0y"},"content":"public class Printer {","lastModifiedDate":"2025-02-04","isFullCredit":false},{"lineNumber":6,"author":{"gitId":"WayneCh0y"},"content":"    private static final String LINE_SEPARATOR \u003d \"____________________________________________________________\";","lastModifiedDate":"2025-02-07","isFullCredit":false},{"lineNumber":7,"author":{"gitId":"WayneCh0y"},"content":"","lastModifiedDate":"2025-02-04","isFullCredit":false},{"lineNumber":8,"author":{"gitId":"WayneCh0y"},"content":"    public static void chatbotGreeting() {","lastModifiedDate":"2025-02-04","isFullCredit":false},{"lineNumber":9,"author":{"gitId":"WayneCh0y"},"content":"        printLine();","lastModifiedDate":"2025-02-04","isFullCredit":false},{"lineNumber":10,"author":{"gitId":"WayneCh0y"},"content":"        System.out.println(\"Hey there! The name\u0027s Gojo. The strongest sorcerer you\u0027ll ever meet.\");","lastModifiedDate":"2025-02-04","isFullCredit":false},{"lineNumber":11,"author":{"gitId":"WayneCh0y"},"content":"        System.out.println(\"What can I do for you?\");","lastModifiedDate":"2025-02-04","isFullCredit":false},{"lineNumber":12,"author":{"gitId":"WayneCh0y"},"content":"        printLine();","lastModifiedDate":"2025-02-04","isFullCredit":false},{"lineNumber":13,"author":{"gitId":"WayneCh0y"},"content":"    }","lastModifiedDate":"2025-02-04","isFullCredit":false},{"lineNumber":14,"author":{"gitId":"WayneCh0y"},"content":"","lastModifiedDate":"2025-02-04","isFullCredit":false},{"lineNumber":15,"author":{"gitId":"WayneCh0y"},"content":"    public static void end() {","lastModifiedDate":"2025-02-04","isFullCredit":false},{"lineNumber":16,"author":{"gitId":"WayneCh0y"},"content":"        System.out.println(\"Bye! Don\u0027t miss me too much, okay?\");","lastModifiedDate":"2025-02-04","isFullCredit":false},{"lineNumber":17,"author":{"gitId":"WayneCh0y"},"content":"        printLine();","lastModifiedDate":"2025-02-04","isFullCredit":false},{"lineNumber":18,"author":{"gitId":"WayneCh0y"},"content":"    }","lastModifiedDate":"2025-02-04","isFullCredit":false},{"lineNumber":19,"author":{"gitId":"WayneCh0y"},"content":"","lastModifiedDate":"2025-02-04","isFullCredit":false},{"lineNumber":20,"author":{"gitId":"WayneCh0y"},"content":"    public static void printLine() {","lastModifiedDate":"2025-02-04","isFullCredit":false},{"lineNumber":21,"author":{"gitId":"WayneCh0y"},"content":"        System.out.println(LINE_SEPARATOR);","lastModifiedDate":"2025-02-07","isFullCredit":false},{"lineNumber":22,"author":{"gitId":"WayneCh0y"},"content":"    }","lastModifiedDate":"2025-02-04","isFullCredit":false},{"lineNumber":23,"author":{"gitId":"WayneCh0y"},"content":"","lastModifiedDate":"2025-02-04","isFullCredit":false},{"lineNumber":24,"author":{"gitId":"WayneCh0y"},"content":"    public static void printIndexNumber(int index) {","lastModifiedDate":"2025-02-04","isFullCredit":false},{"lineNumber":25,"author":{"gitId":"WayneCh0y"},"content":"        System.out.print((index + 1) + \". \");","lastModifiedDate":"2025-02-04","isFullCredit":false},{"lineNumber":26,"author":{"gitId":"WayneCh0y"},"content":"    }","lastModifiedDate":"2025-02-04","isFullCredit":false},{"lineNumber":27,"author":{"gitId":"WayneCh0y"},"content":"","lastModifiedDate":"2025-02-04","isFullCredit":false},{"lineNumber":28,"author":{"gitId":"WayneCh0y"},"content":"    public static void printEntry(Task task) {","lastModifiedDate":"2025-02-07","isFullCredit":false},{"lineNumber":29,"author":{"gitId":"WayneCh0y"},"content":"        System.out.println(task);","lastModifiedDate":"2025-02-07","isFullCredit":false},{"lineNumber":30,"author":{"gitId":"WayneCh0y"},"content":"    }","lastModifiedDate":"2025-02-04","isFullCredit":false},{"lineNumber":31,"author":{"gitId":"WayneCh0y"},"content":"","lastModifiedDate":"2025-02-04","isFullCredit":false},{"lineNumber":32,"author":{"gitId":"WayneCh0y"},"content":"    public static void printMarkResult(Task task) {","lastModifiedDate":"2025-02-04","isFullCredit":false},{"lineNumber":33,"author":{"gitId":"WayneCh0y"},"content":"        printLine();","lastModifiedDate":"2025-02-04","isFullCredit":false},{"lineNumber":34,"author":{"gitId":"WayneCh0y"},"content":"        System.out.println(\"Awesome! Task marked as completed:\");","lastModifiedDate":"2025-02-04","isFullCredit":false},{"lineNumber":35,"author":{"gitId":"WayneCh0y"},"content":"        printEntry(task);","lastModifiedDate":"2025-02-04","isFullCredit":false},{"lineNumber":36,"author":{"gitId":"WayneCh0y"},"content":"        printLine();","lastModifiedDate":"2025-02-04","isFullCredit":false},{"lineNumber":37,"author":{"gitId":"WayneCh0y"},"content":"    }","lastModifiedDate":"2025-02-04","isFullCredit":false},{"lineNumber":38,"author":{"gitId":"WayneCh0y"},"content":"","lastModifiedDate":"2025-02-04","isFullCredit":false},{"lineNumber":39,"author":{"gitId":"WayneCh0y"},"content":"    public static void printUnmarkResult(Task task) {","lastModifiedDate":"2025-02-04","isFullCredit":false},{"lineNumber":40,"author":{"gitId":"WayneCh0y"},"content":"        printLine();","lastModifiedDate":"2025-02-04","isFullCredit":false},{"lineNumber":41,"author":{"gitId":"WayneCh0y"},"content":"        System.out.println(\"Okay, I\u0027ve marked this as not done yet. Guess even perfection takes a little time huh?:\");","lastModifiedDate":"2025-02-04","isFullCredit":false},{"lineNumber":42,"author":{"gitId":"WayneCh0y"},"content":"        printEntry(task);","lastModifiedDate":"2025-02-04","isFullCredit":false},{"lineNumber":43,"author":{"gitId":"WayneCh0y"},"content":"        printLine();","lastModifiedDate":"2025-02-04","isFullCredit":false},{"lineNumber":44,"author":{"gitId":"WayneCh0y"},"content":"    }","lastModifiedDate":"2025-02-04","isFullCredit":false},{"lineNumber":45,"author":{"gitId":"WayneCh0y"},"content":"","lastModifiedDate":"2025-02-04","isFullCredit":false},{"lineNumber":46,"author":{"gitId":"WayneCh0y"},"content":"    public static void printTaskAdded(int listSize, Task task) {","lastModifiedDate":"2025-02-07","isFullCredit":false},{"lineNumber":47,"author":{"gitId":"WayneCh0y"},"content":"        Printer.printLine();","lastModifiedDate":"2025-02-04","isFullCredit":false},{"lineNumber":48,"author":{"gitId":"WayneCh0y"},"content":"        System.out.println(\"Got it! Task added.\");","lastModifiedDate":"2025-02-04","isFullCredit":false},{"lineNumber":49,"author":{"gitId":"WayneCh0y"},"content":"        System.out.println(task);","lastModifiedDate":"2025-02-07","isFullCredit":false},{"lineNumber":50,"author":{"gitId":"WayneCh0y"},"content":"        System.out.println(\"Now you have \" + listSize + \" tasks in the list.\");","lastModifiedDate":"2025-02-04","isFullCredit":false},{"lineNumber":51,"author":{"gitId":"WayneCh0y"},"content":"        Printer.printLine();","lastModifiedDate":"2025-02-04","isFullCredit":false},{"lineNumber":52,"author":{"gitId":"WayneCh0y"},"content":"    }","lastModifiedDate":"2025-02-04","isFullCredit":false},{"lineNumber":53,"author":{"gitId":"WayneCh0y"},"content":"}","lastModifiedDate":"2025-02-04","isFullCredit":false}],"authorContributionMap":{"WayneCh0y":53}},{"path":"src/main/java/Managers/TaskManager.java","fileType":"java","lines":[{"lineNumber":1,"author":{"gitId":"WayneCh0y"},"content":"package Managers;","lastModifiedDate":"2025-02-13","isFullCredit":false},{"lineNumber":2,"author":{"gitId":"WayneCh0y"},"content":"","lastModifiedDate":"2025-02-13","isFullCredit":false},{"lineNumber":3,"author":{"gitId":"WayneCh0y"},"content":"import Managers.Exceptions.IllegalCommandException;","lastModifiedDate":"2025-02-13","isFullCredit":false},{"lineNumber":4,"author":{"gitId":"WayneCh0y"},"content":"import TaskItems.Deadline;","lastModifiedDate":"2025-02-13","isFullCredit":false},{"lineNumber":5,"author":{"gitId":"WayneCh0y"},"content":"import TaskItems.Event;","lastModifiedDate":"2025-02-13","isFullCredit":false},{"lineNumber":6,"author":{"gitId":"WayneCh0y"},"content":"import TaskItems.Task;","lastModifiedDate":"2025-02-13","isFullCredit":false},{"lineNumber":7,"author":{"gitId":"WayneCh0y"},"content":"import TaskItems.Todo;","lastModifiedDate":"2025-02-13","isFullCredit":false},{"lineNumber":8,"author":{"gitId":"WayneCh0y"},"content":"","lastModifiedDate":"2025-02-13","isFullCredit":false},{"lineNumber":9,"author":{"gitId":"WayneCh0y"},"content":"import java.util.ArrayList;","lastModifiedDate":"2025-02-04","isFullCredit":false},{"lineNumber":10,"author":{"gitId":"WayneCh0y"},"content":"import java.util.List;","lastModifiedDate":"2025-02-04","isFullCredit":false},{"lineNumber":11,"author":{"gitId":"WayneCh0y"},"content":"","lastModifiedDate":"2025-02-04","isFullCredit":false},{"lineNumber":12,"author":{"gitId":"WayneCh0y"},"content":"public class TaskManager {","lastModifiedDate":"2025-02-04","isFullCredit":false},{"lineNumber":13,"author":{"gitId":"WayneCh0y"},"content":"    private static List\u003cTask\u003e taskList;","lastModifiedDate":"2025-02-04","isFullCredit":false},{"lineNumber":14,"author":{"gitId":"WayneCh0y"},"content":"","lastModifiedDate":"2025-02-04","isFullCredit":false},{"lineNumber":15,"author":{"gitId":"WayneCh0y"},"content":"    private static void isValidDeadlineCommand(String command) throws IllegalCommandException {","lastModifiedDate":"2025-02-11","isFullCredit":false},{"lineNumber":16,"author":{"gitId":"WayneCh0y"},"content":"        String[] words \u003d command.split(\" \", 2);","lastModifiedDate":"2025-02-04","isFullCredit":false},{"lineNumber":17,"author":{"gitId":"WayneCh0y"},"content":"        if (words.length \u003c 2) {","lastModifiedDate":"2025-02-04","isFullCredit":false},{"lineNumber":18,"author":{"gitId":"WayneCh0y"},"content":"            throw new IllegalCommandException();","lastModifiedDate":"2025-02-11","isFullCredit":false},{"lineNumber":19,"author":{"gitId":"WayneCh0y"},"content":"        }","lastModifiedDate":"2025-02-11","isFullCredit":false},{"lineNumber":20,"author":{"gitId":"WayneCh0y"},"content":"        if (words[1].split(\"\\\\s*/by\\\\s*\").length \u003c 2) {","lastModifiedDate":"2025-02-11","isFullCredit":false},{"lineNumber":21,"author":{"gitId":"WayneCh0y"},"content":"            throw new IndexOutOfBoundsException();","lastModifiedDate":"2025-02-11","isFullCredit":false},{"lineNumber":22,"author":{"gitId":"WayneCh0y"},"content":"        }","lastModifiedDate":"2025-02-04","isFullCredit":false},{"lineNumber":23,"author":{"gitId":"WayneCh0y"},"content":"    }","lastModifiedDate":"2025-02-04","isFullCredit":false},{"lineNumber":24,"author":{"gitId":"WayneCh0y"},"content":"","lastModifiedDate":"2025-02-04","isFullCredit":false},{"lineNumber":25,"author":{"gitId":"WayneCh0y"},"content":"    private static void isValidEventCommand(String command) throws IllegalCommandException {","lastModifiedDate":"2025-02-11","isFullCredit":false},{"lineNumber":26,"author":{"gitId":"WayneCh0y"},"content":"        String[] words \u003d command.split(\" \", 2);","lastModifiedDate":"2025-02-04","isFullCredit":false},{"lineNumber":27,"author":{"gitId":"WayneCh0y"},"content":"        if (words.length \u003c 2) {","lastModifiedDate":"2025-02-04","isFullCredit":false},{"lineNumber":28,"author":{"gitId":"WayneCh0y"},"content":"            throw new IllegalCommandException();","lastModifiedDate":"2025-02-11","isFullCredit":false},{"lineNumber":29,"author":{"gitId":"WayneCh0y"},"content":"        }","lastModifiedDate":"2025-02-11","isFullCredit":false},{"lineNumber":30,"author":{"gitId":"WayneCh0y"},"content":"        if (words[1].split(\"\\\\s*/from\\\\s*|\\\\s*/to\\\\s*\").length \u003c 3) {","lastModifiedDate":"2025-02-11","isFullCredit":false},{"lineNumber":31,"author":{"gitId":"WayneCh0y"},"content":"            throw new Error();","lastModifiedDate":"2025-02-11","isFullCredit":false},{"lineNumber":32,"author":{"gitId":"WayneCh0y"},"content":"        }","lastModifiedDate":"2025-02-04","isFullCredit":false},{"lineNumber":33,"author":{"gitId":"WayneCh0y"},"content":"    }","lastModifiedDate":"2025-02-04","isFullCredit":false},{"lineNumber":34,"author":{"gitId":"WayneCh0y"},"content":"","lastModifiedDate":"2025-02-04","isFullCredit":false},{"lineNumber":35,"author":{"gitId":"WayneCh0y"},"content":"    private static void isValidMarkCommand(String command) throws IllegalCommandException {","lastModifiedDate":"2025-02-11","isFullCredit":false},{"lineNumber":36,"author":{"gitId":"WayneCh0y"},"content":"        String[] words \u003d command.split(\" \", 2);","lastModifiedDate":"2025-02-04","isFullCredit":false},{"lineNumber":37,"author":{"gitId":"WayneCh0y"},"content":"        if (words.length \u003c 2) {","lastModifiedDate":"2025-02-04","isFullCredit":false},{"lineNumber":38,"author":{"gitId":"WayneCh0y"},"content":"            throw new IllegalCommandException();","lastModifiedDate":"2025-02-11","isFullCredit":false},{"lineNumber":39,"author":{"gitId":"WayneCh0y"},"content":"        }","lastModifiedDate":"2025-02-04","isFullCredit":false},{"lineNumber":40,"author":{"gitId":"WayneCh0y"},"content":"","lastModifiedDate":"2025-02-11","isFullCredit":false},{"lineNumber":41,"author":{"gitId":"WayneCh0y"},"content":"        int numberToMark;","lastModifiedDate":"2025-02-13","isFullCredit":false},{"lineNumber":42,"author":{"gitId":"WayneCh0y"},"content":"","lastModifiedDate":"2025-02-11","isFullCredit":false},{"lineNumber":43,"author":{"gitId":"WayneCh0y"},"content":"        try {","lastModifiedDate":"2025-02-11","isFullCredit":false},{"lineNumber":44,"author":{"gitId":"WayneCh0y"},"content":"            numberToMark \u003d Integer.parseInt(words[1]);","lastModifiedDate":"2025-02-11","isFullCredit":false},{"lineNumber":45,"author":{"gitId":"WayneCh0y"},"content":"        } catch (NumberFormatException e) {","lastModifiedDate":"2025-02-11","isFullCredit":false},{"lineNumber":46,"author":{"gitId":"WayneCh0y"},"content":"            throw new RuntimeException(e);","lastModifiedDate":"2025-02-11","isFullCredit":false},{"lineNumber":47,"author":{"gitId":"WayneCh0y"},"content":"        }","lastModifiedDate":"2025-02-11","isFullCredit":false},{"lineNumber":48,"author":{"gitId":"WayneCh0y"},"content":"","lastModifiedDate":"2025-02-11","isFullCredit":false},{"lineNumber":49,"author":{"gitId":"WayneCh0y"},"content":"        int indexToMark \u003d numberToMark - 1;","lastModifiedDate":"2025-02-04","isFullCredit":false},{"lineNumber":50,"author":{"gitId":"WayneCh0y"},"content":"","lastModifiedDate":"2025-02-11","isFullCredit":false},{"lineNumber":51,"author":{"gitId":"WayneCh0y"},"content":"        if (numberToMark \u003e taskList.size() || numberToMark \u003c\u003d 0) {","lastModifiedDate":"2025-02-11","isFullCredit":false},{"lineNumber":52,"author":{"gitId":"WayneCh0y"},"content":"            throw new IndexOutOfBoundsException();","lastModifiedDate":"2025-02-11","isFullCredit":false},{"lineNumber":53,"author":{"gitId":"WayneCh0y"},"content":"        }","lastModifiedDate":"2025-02-04","isFullCredit":false},{"lineNumber":54,"author":{"gitId":"WayneCh0y"},"content":"","lastModifiedDate":"2025-02-04","isFullCredit":false},{"lineNumber":55,"author":{"gitId":"WayneCh0y"},"content":"        if (taskList.get(indexToMark).getStatus()) {","lastModifiedDate":"2025-02-11","isFullCredit":false},{"lineNumber":56,"author":{"gitId":"WayneCh0y"},"content":"            throw new Error();","lastModifiedDate":"2025-02-11","isFullCredit":false},{"lineNumber":57,"author":{"gitId":"WayneCh0y"},"content":"        }","lastModifiedDate":"2025-02-11","isFullCredit":false},{"lineNumber":58,"author":{"gitId":"WayneCh0y"},"content":"    }","lastModifiedDate":"2025-02-11","isFullCredit":false},{"lineNumber":59,"author":{"gitId":"WayneCh0y"},"content":"","lastModifiedDate":"2025-02-11","isFullCredit":false},{"lineNumber":60,"author":{"gitId":"WayneCh0y"},"content":"    private static void isValidUnmarkCommand(String command) throws IllegalCommandException {","lastModifiedDate":"2025-02-11","isFullCredit":false},{"lineNumber":61,"author":{"gitId":"WayneCh0y"},"content":"        String[] words \u003d command.split(\" \", 2);","lastModifiedDate":"2025-02-04","isFullCredit":false},{"lineNumber":62,"author":{"gitId":"WayneCh0y"},"content":"        if (words.length \u003c 2) {","lastModifiedDate":"2025-02-04","isFullCredit":false},{"lineNumber":63,"author":{"gitId":"WayneCh0y"},"content":"            throw new IllegalCommandException();","lastModifiedDate":"2025-02-11","isFullCredit":false},{"lineNumber":64,"author":{"gitId":"WayneCh0y"},"content":"        }","lastModifiedDate":"2025-02-04","isFullCredit":false},{"lineNumber":65,"author":{"gitId":"WayneCh0y"},"content":"","lastModifiedDate":"2025-02-11","isFullCredit":false},{"lineNumber":66,"author":{"gitId":"WayneCh0y"},"content":"        int numberToMark;","lastModifiedDate":"2025-02-13","isFullCredit":false},{"lineNumber":67,"author":{"gitId":"WayneCh0y"},"content":"","lastModifiedDate":"2025-02-11","isFullCredit":false},{"lineNumber":68,"author":{"gitId":"WayneCh0y"},"content":"        try {","lastModifiedDate":"2025-02-11","isFullCredit":false},{"lineNumber":69,"author":{"gitId":"WayneCh0y"},"content":"            numberToMark \u003d Integer.parseInt(words[1]);","lastModifiedDate":"2025-02-11","isFullCredit":false},{"lineNumber":70,"author":{"gitId":"WayneCh0y"},"content":"        } catch (NumberFormatException e) {","lastModifiedDate":"2025-02-11","isFullCredit":false},{"lineNumber":71,"author":{"gitId":"WayneCh0y"},"content":"            throw new RuntimeException(e);","lastModifiedDate":"2025-02-11","isFullCredit":false},{"lineNumber":72,"author":{"gitId":"WayneCh0y"},"content":"        }","lastModifiedDate":"2025-02-04","isFullCredit":false},{"lineNumber":73,"author":{"gitId":"WayneCh0y"},"content":"","lastModifiedDate":"2025-02-04","isFullCredit":false},{"lineNumber":74,"author":{"gitId":"WayneCh0y"},"content":"        int indexToMark \u003d numberToMark - 1;","lastModifiedDate":"2025-02-11","isFullCredit":false},{"lineNumber":75,"author":{"gitId":"WayneCh0y"},"content":"        if (numberToMark \u003e taskList.size() || numberToMark \u003c\u003d 0) {","lastModifiedDate":"2025-02-11","isFullCredit":false},{"lineNumber":76,"author":{"gitId":"WayneCh0y"},"content":"            throw new IndexOutOfBoundsException();","lastModifiedDate":"2025-02-11","isFullCredit":false},{"lineNumber":77,"author":{"gitId":"WayneCh0y"},"content":"        }","lastModifiedDate":"2025-02-04","isFullCredit":false},{"lineNumber":78,"author":{"gitId":"WayneCh0y"},"content":"","lastModifiedDate":"2025-02-04","isFullCredit":false},{"lineNumber":79,"author":{"gitId":"WayneCh0y"},"content":"        if (!taskList.get(indexToMark).getStatus()) {","lastModifiedDate":"2025-02-11","isFullCredit":false},{"lineNumber":80,"author":{"gitId":"WayneCh0y"},"content":"            throw new Error();","lastModifiedDate":"2025-02-11","isFullCredit":false},{"lineNumber":81,"author":{"gitId":"WayneCh0y"},"content":"        }","lastModifiedDate":"2025-02-11","isFullCredit":false},{"lineNumber":82,"author":{"gitId":"WayneCh0y"},"content":"    }","lastModifiedDate":"2025-02-04","isFullCredit":false},{"lineNumber":83,"author":{"gitId":"WayneCh0y"},"content":"","lastModifiedDate":"2025-02-04","isFullCredit":false},{"lineNumber":84,"author":{"gitId":"WayneCh0y"},"content":"    public TaskManager() {","lastModifiedDate":"2025-02-11","isFullCredit":false},{"lineNumber":85,"author":{"gitId":"WayneCh0y"},"content":"        taskList \u003d new ArrayList\u003c\u003e();","lastModifiedDate":"2025-02-11","isFullCredit":false},{"lineNumber":86,"author":{"gitId":"WayneCh0y"},"content":"    }","lastModifiedDate":"2025-02-04","isFullCredit":false},{"lineNumber":87,"author":{"gitId":"WayneCh0y"},"content":"","lastModifiedDate":"2025-02-04","isFullCredit":false},{"lineNumber":88,"author":{"gitId":"WayneCh0y"},"content":"    public static int getListSize() {","lastModifiedDate":"2025-02-04","isFullCredit":false},{"lineNumber":89,"author":{"gitId":"WayneCh0y"},"content":"        return taskList.size();","lastModifiedDate":"2025-02-04","isFullCredit":false},{"lineNumber":90,"author":{"gitId":"WayneCh0y"},"content":"    }","lastModifiedDate":"2025-02-04","isFullCredit":false},{"lineNumber":91,"author":{"gitId":"WayneCh0y"},"content":"","lastModifiedDate":"2025-02-04","isFullCredit":false},{"lineNumber":92,"author":{"gitId":"WayneCh0y"},"content":"    public static void printTaskList() {","lastModifiedDate":"2025-02-04","isFullCredit":false},{"lineNumber":93,"author":{"gitId":"WayneCh0y"},"content":"        int index \u003d 0;","lastModifiedDate":"2025-02-04","isFullCredit":false},{"lineNumber":94,"author":{"gitId":"WayneCh0y"},"content":"        Printer.printLine();","lastModifiedDate":"2025-02-04","isFullCredit":false},{"lineNumber":95,"author":{"gitId":"WayneCh0y"},"content":"        System.out.println(\"Alright, here\u0027s the lineup of tasks on your list! Let\u0027s breeze through them.\");","lastModifiedDate":"2025-02-04","isFullCredit":false},{"lineNumber":96,"author":{"gitId":"WayneCh0y"},"content":"","lastModifiedDate":"2025-02-04","isFullCredit":false},{"lineNumber":97,"author":{"gitId":"WayneCh0y"},"content":"        for (Task task : taskList) {","lastModifiedDate":"2025-02-04","isFullCredit":false},{"lineNumber":98,"author":{"gitId":"WayneCh0y"},"content":"            Printer.printIndexNumber(index);","lastModifiedDate":"2025-02-04","isFullCredit":false},{"lineNumber":99,"author":{"gitId":"WayneCh0y"},"content":"            Printer.printEntry(task);","lastModifiedDate":"2025-02-04","isFullCredit":false},{"lineNumber":100,"author":{"gitId":"WayneCh0y"},"content":"            index++;","lastModifiedDate":"2025-02-04","isFullCredit":false},{"lineNumber":101,"author":{"gitId":"WayneCh0y"},"content":"        }","lastModifiedDate":"2025-02-04","isFullCredit":false},{"lineNumber":102,"author":{"gitId":"WayneCh0y"},"content":"","lastModifiedDate":"2025-02-04","isFullCredit":false},{"lineNumber":103,"author":{"gitId":"WayneCh0y"},"content":"        Printer.printLine();","lastModifiedDate":"2025-02-04","isFullCredit":false},{"lineNumber":104,"author":{"gitId":"WayneCh0y"},"content":"    }","lastModifiedDate":"2025-02-04","isFullCredit":false},{"lineNumber":105,"author":{"gitId":"WayneCh0y"},"content":"","lastModifiedDate":"2025-02-04","isFullCredit":false},{"lineNumber":106,"author":{"gitId":"WayneCh0y"},"content":"    public static void todo(String line) {","lastModifiedDate":"2025-02-04","isFullCredit":false},{"lineNumber":107,"author":{"gitId":"WayneCh0y"},"content":"        try {","lastModifiedDate":"2025-02-11","isFullCredit":false},{"lineNumber":108,"author":{"gitId":"WayneCh0y"},"content":"            String[] split \u003d line.split(\" \", 2);","lastModifiedDate":"2025-02-04","isFullCredit":false},{"lineNumber":109,"author":{"gitId":"WayneCh0y"},"content":"            String taskDescription \u003d split[1];","lastModifiedDate":"2025-02-04","isFullCredit":false},{"lineNumber":110,"author":{"gitId":"WayneCh0y"},"content":"            Task todoTask \u003d new Todo(taskDescription);","lastModifiedDate":"2025-02-04","isFullCredit":false},{"lineNumber":111,"author":{"gitId":"WayneCh0y"},"content":"            taskList.add(todoTask);","lastModifiedDate":"2025-02-04","isFullCredit":false},{"lineNumber":112,"author":{"gitId":"WayneCh0y"},"content":"            Printer.printTaskAdded(getListSize(), todoTask);","lastModifiedDate":"2025-02-04","isFullCredit":false},{"lineNumber":113,"author":{"gitId":"WayneCh0y"},"content":"        } catch (IndexOutOfBoundsException e) {","lastModifiedDate":"2025-02-11","isFullCredit":false},{"lineNumber":114,"author":{"gitId":"WayneCh0y"},"content":"            System.out.println(\"Oops~! Looks like you forgot something important. A Todo without a description?\");","lastModifiedDate":"2025-02-11","isFullCredit":false},{"lineNumber":115,"author":{"gitId":"WayneCh0y"},"content":"        }","lastModifiedDate":"2025-02-11","isFullCredit":false},{"lineNumber":116,"author":{"gitId":"WayneCh0y"},"content":"    }","lastModifiedDate":"2025-02-04","isFullCredit":false},{"lineNumber":117,"author":{"gitId":"WayneCh0y"},"content":"","lastModifiedDate":"2025-02-04","isFullCredit":false},{"lineNumber":118,"author":{"gitId":"WayneCh0y"},"content":"    public static void deadline(String line) {","lastModifiedDate":"2025-02-04","isFullCredit":false},{"lineNumber":119,"author":{"gitId":"WayneCh0y"},"content":"        try {","lastModifiedDate":"2025-02-11","isFullCredit":false},{"lineNumber":120,"author":{"gitId":"WayneCh0y"},"content":"            isValidDeadlineCommand(line);","lastModifiedDate":"2025-02-11","isFullCredit":false},{"lineNumber":121,"author":{"gitId":"WayneCh0y"},"content":"        } catch (IllegalCommandException e) {","lastModifiedDate":"2025-02-11","isFullCredit":false},{"lineNumber":122,"author":{"gitId":"WayneCh0y"},"content":"            System.out.println(\"A deadline without a description? Is this a secret mission?\");","lastModifiedDate":"2025-02-11","isFullCredit":false},{"lineNumber":123,"author":{"gitId":"WayneCh0y"},"content":"            return;","lastModifiedDate":"2025-02-11","isFullCredit":false},{"lineNumber":124,"author":{"gitId":"WayneCh0y"},"content":"        } catch (IndexOutOfBoundsException e) {","lastModifiedDate":"2025-02-11","isFullCredit":false},{"lineNumber":125,"author":{"gitId":"WayneCh0y"},"content":"            System.out.println(\"Hey hey~! Don\u0027t forget to set the deadline okay?\");","lastModifiedDate":"2025-02-11","isFullCredit":false},{"lineNumber":126,"author":{"gitId":"WayneCh0y"},"content":"            return;","lastModifiedDate":"2025-02-04","isFullCredit":false},{"lineNumber":127,"author":{"gitId":"WayneCh0y"},"content":"        }","lastModifiedDate":"2025-02-04","isFullCredit":false},{"lineNumber":128,"author":{"gitId":"WayneCh0y"},"content":"","lastModifiedDate":"2025-02-11","isFullCredit":false},{"lineNumber":129,"author":{"gitId":"WayneCh0y"},"content":"        String[] split \u003d line.split(\" \", 2);","lastModifiedDate":"2025-02-04","isFullCredit":false},{"lineNumber":130,"author":{"gitId":"WayneCh0y"},"content":"        String[] deadlineSpecifics \u003d split[1].split(\"\\\\s*/by\\\\s*\");","lastModifiedDate":"2025-02-04","isFullCredit":false},{"lineNumber":131,"author":{"gitId":"WayneCh0y"},"content":"        Task deadlineTask \u003d new Deadline(deadlineSpecifics[0], deadlineSpecifics[1]);","lastModifiedDate":"2025-02-04","isFullCredit":false},{"lineNumber":132,"author":{"gitId":"WayneCh0y"},"content":"        taskList.add(deadlineTask);","lastModifiedDate":"2025-02-04","isFullCredit":false},{"lineNumber":133,"author":{"gitId":"WayneCh0y"},"content":"        Printer.printTaskAdded(getListSize(), deadlineTask);","lastModifiedDate":"2025-02-04","isFullCredit":false},{"lineNumber":134,"author":{"gitId":"WayneCh0y"},"content":"    }","lastModifiedDate":"2025-02-04","isFullCredit":false},{"lineNumber":135,"author":{"gitId":"WayneCh0y"},"content":"","lastModifiedDate":"2025-02-04","isFullCredit":false},{"lineNumber":136,"author":{"gitId":"WayneCh0y"},"content":"    public static void event(String line) {","lastModifiedDate":"2025-02-04","isFullCredit":false},{"lineNumber":137,"author":{"gitId":"WayneCh0y"},"content":"        try {","lastModifiedDate":"2025-02-11","isFullCredit":false},{"lineNumber":138,"author":{"gitId":"WayneCh0y"},"content":"            isValidEventCommand(line);","lastModifiedDate":"2025-02-11","isFullCredit":false},{"lineNumber":139,"author":{"gitId":"WayneCh0y"},"content":"        } catch(IllegalCommandException e) {","lastModifiedDate":"2025-02-11","isFullCredit":false},{"lineNumber":140,"author":{"gitId":"WayneCh0y"},"content":"            System.out.println(\"What is this? An event with no details?\");","lastModifiedDate":"2025-02-11","isFullCredit":false},{"lineNumber":141,"author":{"gitId":"WayneCh0y"},"content":"            return;","lastModifiedDate":"2025-02-11","isFullCredit":false},{"lineNumber":142,"author":{"gitId":"WayneCh0y"},"content":"        } catch (Error e) {","lastModifiedDate":"2025-02-11","isFullCredit":false},{"lineNumber":143,"author":{"gitId":"WayneCh0y"},"content":"            System.out.println(\"Is this event happening today, tomorrow, or in the next century?\");","lastModifiedDate":"2025-02-11","isFullCredit":false},{"lineNumber":144,"author":{"gitId":"WayneCh0y"},"content":"            return;","lastModifiedDate":"2025-02-04","isFullCredit":false},{"lineNumber":145,"author":{"gitId":"WayneCh0y"},"content":"        }","lastModifiedDate":"2025-02-04","isFullCredit":false},{"lineNumber":146,"author":{"gitId":"WayneCh0y"},"content":"","lastModifiedDate":"2025-02-11","isFullCredit":false},{"lineNumber":147,"author":{"gitId":"WayneCh0y"},"content":"        String[] split \u003d line.split(\" \", 2);","lastModifiedDate":"2025-02-04","isFullCredit":false},{"lineNumber":148,"author":{"gitId":"WayneCh0y"},"content":"        String[] eventSpecifics \u003d split[1].split(\"\\\\s*/from\\\\s*|\\\\s*/to\\\\s*\");","lastModifiedDate":"2025-02-04","isFullCredit":false},{"lineNumber":149,"author":{"gitId":"WayneCh0y"},"content":"        Task eventTask \u003d new Event(eventSpecifics[0], eventSpecifics[1], eventSpecifics[2]);","lastModifiedDate":"2025-02-04","isFullCredit":false},{"lineNumber":150,"author":{"gitId":"WayneCh0y"},"content":"        taskList.add(eventTask);","lastModifiedDate":"2025-02-04","isFullCredit":false},{"lineNumber":151,"author":{"gitId":"WayneCh0y"},"content":"        Printer.printTaskAdded(getListSize(), eventTask);","lastModifiedDate":"2025-02-04","isFullCredit":false},{"lineNumber":152,"author":{"gitId":"WayneCh0y"},"content":"    }","lastModifiedDate":"2025-02-04","isFullCredit":false},{"lineNumber":153,"author":{"gitId":"WayneCh0y"},"content":"","lastModifiedDate":"2025-02-04","isFullCredit":false},{"lineNumber":154,"author":{"gitId":"WayneCh0y"},"content":"    public static void mark(String line) {","lastModifiedDate":"2025-02-04","isFullCredit":false},{"lineNumber":155,"author":{"gitId":"WayneCh0y"},"content":"        try {","lastModifiedDate":"2025-02-11","isFullCredit":false},{"lineNumber":156,"author":{"gitId":"WayneCh0y"},"content":"            isValidMarkCommand(line);","lastModifiedDate":"2025-02-11","isFullCredit":false},{"lineNumber":157,"author":{"gitId":"WayneCh0y"},"content":"        } catch (IllegalCommandException e) {","lastModifiedDate":"2025-02-11","isFullCredit":false},{"lineNumber":158,"author":{"gitId":"WayneCh0y"},"content":"            System.out.println(\"Uh-oh~! You want me to mark something as done, but... what exactly?\");","lastModifiedDate":"2025-02-11","isFullCredit":false},{"lineNumber":159,"author":{"gitId":"WayneCh0y"},"content":"            return;","lastModifiedDate":"2025-02-11","isFullCredit":false},{"lineNumber":160,"author":{"gitId":"WayneCh0y"},"content":"        } catch (IndexOutOfBoundsException e) {","lastModifiedDate":"2025-02-11","isFullCredit":false},{"lineNumber":161,"author":{"gitId":"WayneCh0y"},"content":"            System.out.println(\"Huh? That task is not even on the list! Are you seeing things?\");","lastModifiedDate":"2025-02-11","isFullCredit":false},{"lineNumber":162,"author":{"gitId":"WayneCh0y"},"content":"            return;","lastModifiedDate":"2025-02-11","isFullCredit":false},{"lineNumber":163,"author":{"gitId":"WayneCh0y"},"content":"        } catch (Error e) {","lastModifiedDate":"2025-02-11","isFullCredit":false},{"lineNumber":164,"author":{"gitId":"WayneCh0y"},"content":"            System.out.println(\"Eh? That task is already done! Trying to get extra credit?\");","lastModifiedDate":"2025-02-11","isFullCredit":false},{"lineNumber":165,"author":{"gitId":"WayneCh0y"},"content":"            return;","lastModifiedDate":"2025-02-11","isFullCredit":false},{"lineNumber":166,"author":{"gitId":"WayneCh0y"},"content":"        } catch (RuntimeException e) {","lastModifiedDate":"2025-02-11","isFullCredit":false},{"lineNumber":167,"author":{"gitId":"WayneCh0y"},"content":"            System.out.println(\"Uh... am i supposed to use limitless to figure this out?\");","lastModifiedDate":"2025-02-11","isFullCredit":false},{"lineNumber":168,"author":{"gitId":"WayneCh0y"},"content":"            return;","lastModifiedDate":"2025-02-04","isFullCredit":false},{"lineNumber":169,"author":{"gitId":"WayneCh0y"},"content":"        }","lastModifiedDate":"2025-02-04","isFullCredit":false},{"lineNumber":170,"author":{"gitId":"WayneCh0y"},"content":"        String[] split \u003d line.split(\" \", 2);","lastModifiedDate":"2025-02-04","isFullCredit":false},{"lineNumber":171,"author":{"gitId":"WayneCh0y"},"content":"        int numberToMark \u003d Integer.parseInt(split[1]);","lastModifiedDate":"2025-02-04","isFullCredit":false},{"lineNumber":172,"author":{"gitId":"WayneCh0y"},"content":"        int indexToMark \u003d numberToMark - 1;","lastModifiedDate":"2025-02-04","isFullCredit":false},{"lineNumber":173,"author":{"gitId":"WayneCh0y"},"content":"        taskList.get(indexToMark).markAsDone();","lastModifiedDate":"2025-02-04","isFullCredit":false},{"lineNumber":174,"author":{"gitId":"WayneCh0y"},"content":"        Printer.printMarkResult(taskList.get(indexToMark));","lastModifiedDate":"2025-02-04","isFullCredit":false},{"lineNumber":175,"author":{"gitId":"WayneCh0y"},"content":"    }","lastModifiedDate":"2025-02-04","isFullCredit":false},{"lineNumber":176,"author":{"gitId":"WayneCh0y"},"content":"","lastModifiedDate":"2025-02-04","isFullCredit":false},{"lineNumber":177,"author":{"gitId":"WayneCh0y"},"content":"    public static void unmark(String line) {","lastModifiedDate":"2025-02-04","isFullCredit":false},{"lineNumber":178,"author":{"gitId":"WayneCh0y"},"content":"        try {","lastModifiedDate":"2025-02-11","isFullCredit":false},{"lineNumber":179,"author":{"gitId":"WayneCh0y"},"content":"            isValidUnmarkCommand(line);","lastModifiedDate":"2025-02-11","isFullCredit":false},{"lineNumber":180,"author":{"gitId":"WayneCh0y"},"content":"        } catch (IllegalCommandException e) {","lastModifiedDate":"2025-02-11","isFullCredit":false},{"lineNumber":181,"author":{"gitId":"WayneCh0y"},"content":"            System.out.println(\"Woah there~! What am I supposed to unmark here?\");","lastModifiedDate":"2025-02-11","isFullCredit":false},{"lineNumber":182,"author":{"gitId":"WayneCh0y"},"content":"            return;","lastModifiedDate":"2025-02-11","isFullCredit":false},{"lineNumber":183,"author":{"gitId":"WayneCh0y"},"content":"        } catch (IndexOutOfBoundsException e) {","lastModifiedDate":"2025-02-11","isFullCredit":false},{"lineNumber":184,"author":{"gitId":"WayneCh0y"},"content":"            System.out.println(\"Huh? That task is not even on the list! Are you seeing things?\");","lastModifiedDate":"2025-02-11","isFullCredit":false},{"lineNumber":185,"author":{"gitId":"WayneCh0y"},"content":"            return;","lastModifiedDate":"2025-02-11","isFullCredit":false},{"lineNumber":186,"author":{"gitId":"WayneCh0y"},"content":"        } catch (Error e) {","lastModifiedDate":"2025-02-11","isFullCredit":false},{"lineNumber":187,"author":{"gitId":"WayneCh0y"},"content":"            System.out.println(\"Eh? That task isn\u0027t even done! Trying to reverse nothing now?\");","lastModifiedDate":"2025-02-11","isFullCredit":false},{"lineNumber":188,"author":{"gitId":"WayneCh0y"},"content":"            return;","lastModifiedDate":"2025-02-11","isFullCredit":false},{"lineNumber":189,"author":{"gitId":"WayneCh0y"},"content":"        } catch (RuntimeException e) {","lastModifiedDate":"2025-02-11","isFullCredit":false},{"lineNumber":190,"author":{"gitId":"WayneCh0y"},"content":"            System.out.println(\"Huh? You want me to unmark... whatever that is?\");","lastModifiedDate":"2025-02-11","isFullCredit":false},{"lineNumber":191,"author":{"gitId":"WayneCh0y"},"content":"            return;","lastModifiedDate":"2025-02-04","isFullCredit":false},{"lineNumber":192,"author":{"gitId":"WayneCh0y"},"content":"        }","lastModifiedDate":"2025-02-04","isFullCredit":false},{"lineNumber":193,"author":{"gitId":"WayneCh0y"},"content":"        String[] split \u003d line.split(\" \", 2);","lastModifiedDate":"2025-02-04","isFullCredit":false},{"lineNumber":194,"author":{"gitId":"WayneCh0y"},"content":"        int numberToUnmark \u003d Integer.parseInt(split[1]);","lastModifiedDate":"2025-02-04","isFullCredit":false},{"lineNumber":195,"author":{"gitId":"WayneCh0y"},"content":"        int indexToUnmark \u003d numberToUnmark - 1;","lastModifiedDate":"2025-02-04","isFullCredit":false},{"lineNumber":196,"author":{"gitId":"WayneCh0y"},"content":"        taskList.get(indexToUnmark).unmarkAsDone();","lastModifiedDate":"2025-02-04","isFullCredit":false},{"lineNumber":197,"author":{"gitId":"WayneCh0y"},"content":"        Printer.printUnmarkResult(taskList.get(indexToUnmark));","lastModifiedDate":"2025-02-04","isFullCredit":false},{"lineNumber":198,"author":{"gitId":"WayneCh0y"},"content":"    }","lastModifiedDate":"2025-02-04","isFullCredit":false},{"lineNumber":199,"author":{"gitId":"WayneCh0y"},"content":"}","lastModifiedDate":"2025-02-04","isFullCredit":false}],"authorContributionMap":{"WayneCh0y":199}},{"path":"src/main/java/TaskItems/Deadline.java","fileType":"java","lines":[{"lineNumber":1,"author":{"gitId":"WayneCh0y"},"content":"package TaskItems;","lastModifiedDate":"2025-02-13","isFullCredit":false},{"lineNumber":2,"author":{"gitId":"WayneCh0y"},"content":"","lastModifiedDate":"2025-02-13","isFullCredit":false},{"lineNumber":3,"author":{"gitId":"WayneCh0y"},"content":"public class Deadline extends Task {","lastModifiedDate":"2025-02-04","isFullCredit":false},{"lineNumber":4,"author":{"gitId":"WayneCh0y"},"content":"    protected String by;","lastModifiedDate":"2025-02-04","isFullCredit":false},{"lineNumber":5,"author":{"gitId":"WayneCh0y"},"content":"    private final String TASK_TYPE \u003d \"[D]\";","lastModifiedDate":"2025-02-04","isFullCredit":false},{"lineNumber":6,"author":{"gitId":"WayneCh0y"},"content":"","lastModifiedDate":"2025-02-04","isFullCredit":false},{"lineNumber":7,"author":{"gitId":"WayneCh0y"},"content":"    public Deadline(String description, String by) {","lastModifiedDate":"2025-02-04","isFullCredit":false},{"lineNumber":8,"author":{"gitId":"WayneCh0y"},"content":"        super(description);","lastModifiedDate":"2025-02-04","isFullCredit":false},{"lineNumber":9,"author":{"gitId":"WayneCh0y"},"content":"        this.by \u003d by;","lastModifiedDate":"2025-02-04","isFullCredit":false},{"lineNumber":10,"author":{"gitId":"WayneCh0y"},"content":"    }","lastModifiedDate":"2025-02-04","isFullCredit":false},{"lineNumber":11,"author":{"gitId":"WayneCh0y"},"content":"","lastModifiedDate":"2025-02-04","isFullCredit":false},{"lineNumber":12,"author":{"gitId":"WayneCh0y"},"content":"    @Override","lastModifiedDate":"2025-02-04","isFullCredit":false},{"lineNumber":13,"author":{"gitId":"WayneCh0y"},"content":"    public String toString() {","lastModifiedDate":"2025-02-04","isFullCredit":false},{"lineNumber":14,"author":{"gitId":"WayneCh0y"},"content":"        return TASK_TYPE + super.toString() + \" (by: \" + by + \")\";","lastModifiedDate":"2025-02-04","isFullCredit":false},{"lineNumber":15,"author":{"gitId":"WayneCh0y"},"content":"    }","lastModifiedDate":"2025-02-04","isFullCredit":false},{"lineNumber":16,"author":{"gitId":"WayneCh0y"},"content":"}","lastModifiedDate":"2025-02-04","isFullCredit":false}],"authorContributionMap":{"WayneCh0y":16}},{"path":"src/main/java/TaskItems/Event.java","fileType":"java","lines":[{"lineNumber":1,"author":{"gitId":"WayneCh0y"},"content":"package TaskItems;","lastModifiedDate":"2025-02-13","isFullCredit":false},{"lineNumber":2,"author":{"gitId":"WayneCh0y"},"content":"","lastModifiedDate":"2025-02-13","isFullCredit":false},{"lineNumber":3,"author":{"gitId":"WayneCh0y"},"content":"public class Event extends Task {","lastModifiedDate":"2025-02-04","isFullCredit":false},{"lineNumber":4,"author":{"gitId":"WayneCh0y"},"content":"    private String startTime;","lastModifiedDate":"2025-02-04","isFullCredit":false},{"lineNumber":5,"author":{"gitId":"WayneCh0y"},"content":"    private String endTime;","lastModifiedDate":"2025-02-04","isFullCredit":false},{"lineNumber":6,"author":{"gitId":"WayneCh0y"},"content":"    private final String TASK_TYPE \u003d \"[E]\";","lastModifiedDate":"2025-02-04","isFullCredit":false},{"lineNumber":7,"author":{"gitId":"WayneCh0y"},"content":"","lastModifiedDate":"2025-02-04","isFullCredit":false},{"lineNumber":8,"author":{"gitId":"WayneCh0y"},"content":"    public Event(String description, String startTime, String endTime) {","lastModifiedDate":"2025-02-04","isFullCredit":false},{"lineNumber":9,"author":{"gitId":"WayneCh0y"},"content":"        super(description);","lastModifiedDate":"2025-02-04","isFullCredit":false},{"lineNumber":10,"author":{"gitId":"WayneCh0y"},"content":"        this.startTime \u003d startTime;","lastModifiedDate":"2025-02-04","isFullCredit":false},{"lineNumber":11,"author":{"gitId":"WayneCh0y"},"content":"        this.endTime \u003d endTime;","lastModifiedDate":"2025-02-04","isFullCredit":false},{"lineNumber":12,"author":{"gitId":"WayneCh0y"},"content":"    }","lastModifiedDate":"2025-02-04","isFullCredit":false},{"lineNumber":13,"author":{"gitId":"WayneCh0y"},"content":"","lastModifiedDate":"2025-02-04","isFullCredit":false},{"lineNumber":14,"author":{"gitId":"WayneCh0y"},"content":"    @Override","lastModifiedDate":"2025-02-04","isFullCredit":false},{"lineNumber":15,"author":{"gitId":"WayneCh0y"},"content":"    public String toString() {","lastModifiedDate":"2025-02-04","isFullCredit":false},{"lineNumber":16,"author":{"gitId":"WayneCh0y"},"content":"        return TASK_TYPE + super.toString() + \" (from: \" + startTime + \" to: \" + endTime + \")\";","lastModifiedDate":"2025-02-04","isFullCredit":false},{"lineNumber":17,"author":{"gitId":"WayneCh0y"},"content":"    }","lastModifiedDate":"2025-02-04","isFullCredit":false},{"lineNumber":18,"author":{"gitId":"WayneCh0y"},"content":"}","lastModifiedDate":"2025-02-04","isFullCredit":false}],"authorContributionMap":{"WayneCh0y":18}},{"path":"src/main/java/TaskItems/Task.java","fileType":"java","lines":[{"lineNumber":1,"author":{"gitId":"WayneCh0y"},"content":"package TaskItems;","lastModifiedDate":"2025-02-13","isFullCredit":false},{"lineNumber":2,"author":{"gitId":"WayneCh0y"},"content":"","lastModifiedDate":"2025-02-13","isFullCredit":false},{"lineNumber":3,"author":{"gitId":"WayneCh0y"},"content":"public class Task {","lastModifiedDate":"2025-01-28","isFullCredit":false},{"lineNumber":4,"author":{"gitId":"WayneCh0y"},"content":"    protected String description;","lastModifiedDate":"2025-01-28","isFullCredit":false},{"lineNumber":5,"author":{"gitId":"WayneCh0y"},"content":"    protected boolean isDone;","lastModifiedDate":"2025-01-28","isFullCredit":false},{"lineNumber":6,"author":{"gitId":"WayneCh0y"},"content":"","lastModifiedDate":"2025-01-28","isFullCredit":false},{"lineNumber":7,"author":{"gitId":"WayneCh0y"},"content":"    public Task(String description) {","lastModifiedDate":"2025-01-28","isFullCredit":false},{"lineNumber":8,"author":{"gitId":"WayneCh0y"},"content":"        this.description \u003d description;","lastModifiedDate":"2025-01-28","isFullCredit":false},{"lineNumber":9,"author":{"gitId":"WayneCh0y"},"content":"        isDone \u003d false;","lastModifiedDate":"2025-01-28","isFullCredit":false},{"lineNumber":10,"author":{"gitId":"WayneCh0y"},"content":"    }","lastModifiedDate":"2025-01-28","isFullCredit":false},{"lineNumber":11,"author":{"gitId":"WayneCh0y"},"content":"","lastModifiedDate":"2025-01-28","isFullCredit":false},{"lineNumber":12,"author":{"gitId":"WayneCh0y"},"content":"    public boolean getStatus() {","lastModifiedDate":"2025-01-28","isFullCredit":false},{"lineNumber":13,"author":{"gitId":"WayneCh0y"},"content":"        return isDone;","lastModifiedDate":"2025-01-28","isFullCredit":false},{"lineNumber":14,"author":{"gitId":"WayneCh0y"},"content":"    }","lastModifiedDate":"2025-01-28","isFullCredit":false},{"lineNumber":15,"author":{"gitId":"WayneCh0y"},"content":"","lastModifiedDate":"2025-01-28","isFullCredit":false},{"lineNumber":16,"author":{"gitId":"WayneCh0y"},"content":"    public String getStatusIcon() {","lastModifiedDate":"2025-01-28","isFullCredit":false},{"lineNumber":17,"author":{"gitId":"WayneCh0y"},"content":"        return (isDone ? \"X\" : \" \");","lastModifiedDate":"2025-01-28","isFullCredit":false},{"lineNumber":18,"author":{"gitId":"WayneCh0y"},"content":"    }","lastModifiedDate":"2025-01-28","isFullCredit":false},{"lineNumber":19,"author":{"gitId":"WayneCh0y"},"content":"","lastModifiedDate":"2025-01-28","isFullCredit":false},{"lineNumber":20,"author":{"gitId":"WayneCh0y"},"content":"    public String getDescription() {","lastModifiedDate":"2025-01-28","isFullCredit":false},{"lineNumber":21,"author":{"gitId":"WayneCh0y"},"content":"      return this.description;","lastModifiedDate":"2025-01-28","isFullCredit":false},{"lineNumber":22,"author":{"gitId":"WayneCh0y"},"content":"    }","lastModifiedDate":"2025-01-28","isFullCredit":false},{"lineNumber":23,"author":{"gitId":"WayneCh0y"},"content":"","lastModifiedDate":"2025-01-28","isFullCredit":false},{"lineNumber":24,"author":{"gitId":"WayneCh0y"},"content":"    public void markAsDone() {","lastModifiedDate":"2025-01-28","isFullCredit":false},{"lineNumber":25,"author":{"gitId":"WayneCh0y"},"content":"        this.isDone \u003d true;","lastModifiedDate":"2025-01-28","isFullCredit":false},{"lineNumber":26,"author":{"gitId":"WayneCh0y"},"content":"    }","lastModifiedDate":"2025-01-28","isFullCredit":false},{"lineNumber":27,"author":{"gitId":"WayneCh0y"},"content":"","lastModifiedDate":"2025-01-28","isFullCredit":false},{"lineNumber":28,"author":{"gitId":"WayneCh0y"},"content":"    public void unmarkAsDone() {","lastModifiedDate":"2025-01-28","isFullCredit":false},{"lineNumber":29,"author":{"gitId":"WayneCh0y"},"content":"        this.isDone \u003d false;","lastModifiedDate":"2025-01-28","isFullCredit":false},{"lineNumber":30,"author":{"gitId":"WayneCh0y"},"content":"    }","lastModifiedDate":"2025-01-28","isFullCredit":false},{"lineNumber":31,"author":{"gitId":"WayneCh0y"},"content":"","lastModifiedDate":"2025-01-28","isFullCredit":false},{"lineNumber":32,"author":{"gitId":"WayneCh0y"},"content":"    public String toString() {","lastModifiedDate":"2025-02-04","isFullCredit":false},{"lineNumber":33,"author":{"gitId":"WayneCh0y"},"content":"        return \"[\" + getStatusIcon() + \"] \" + description;","lastModifiedDate":"2025-02-04","isFullCredit":false},{"lineNumber":34,"author":{"gitId":"WayneCh0y"},"content":"    }","lastModifiedDate":"2025-02-04","isFullCredit":false},{"lineNumber":35,"author":{"gitId":"WayneCh0y"},"content":"}","lastModifiedDate":"2025-01-28","isFullCredit":false}],"authorContributionMap":{"WayneCh0y":35}},{"path":"src/main/java/TaskItems/Todo.java","fileType":"java","lines":[{"lineNumber":1,"author":{"gitId":"WayneCh0y"},"content":"package TaskItems;","lastModifiedDate":"2025-02-13","isFullCredit":false},{"lineNumber":2,"author":{"gitId":"WayneCh0y"},"content":"","lastModifiedDate":"2025-02-13","isFullCredit":false},{"lineNumber":3,"author":{"gitId":"WayneCh0y"},"content":"public class Todo extends Task {","lastModifiedDate":"2025-02-04","isFullCredit":false},{"lineNumber":4,"author":{"gitId":"WayneCh0y"},"content":"    private final String TASK_TYPE \u003d \"[T]\";","lastModifiedDate":"2025-02-04","isFullCredit":false},{"lineNumber":5,"author":{"gitId":"WayneCh0y"},"content":"","lastModifiedDate":"2025-02-04","isFullCredit":false},{"lineNumber":6,"author":{"gitId":"WayneCh0y"},"content":"    public Todo(String description) {","lastModifiedDate":"2025-02-04","isFullCredit":false},{"lineNumber":7,"author":{"gitId":"WayneCh0y"},"content":"        super(description);","lastModifiedDate":"2025-02-04","isFullCredit":false},{"lineNumber":8,"author":{"gitId":"WayneCh0y"},"content":"    }","lastModifiedDate":"2025-02-04","isFullCredit":false},{"lineNumber":9,"author":{"gitId":"WayneCh0y"},"content":"","lastModifiedDate":"2025-02-04","isFullCredit":false},{"lineNumber":10,"author":{"gitId":"WayneCh0y"},"content":"    @Override","lastModifiedDate":"2025-02-04","isFullCredit":false},{"lineNumber":11,"author":{"gitId":"WayneCh0y"},"content":"    public String toString() {","lastModifiedDate":"2025-02-04","isFullCredit":false},{"lineNumber":12,"author":{"gitId":"WayneCh0y"},"content":"        return TASK_TYPE + super.toString();","lastModifiedDate":"2025-02-04","isFullCredit":false},{"lineNumber":13,"author":{"gitId":"WayneCh0y"},"content":"    }","lastModifiedDate":"2025-02-04","isFullCredit":false},{"lineNumber":14,"author":{"gitId":"WayneCh0y"},"content":"}","lastModifiedDate":"2025-02-04","isFullCredit":false}],"authorContributionMap":{"WayneCh0y":14}},{"path":"text-ui-test/input.txt","fileType":"txt","lines":[{"lineNumber":1,"author":{"gitId":"WayneCh0y"},"content":"todo borrow book","lastModifiedDate":"2025-02-07","isFullCredit":false},{"lineNumber":2,"author":{"gitId":"WayneCh0y"},"content":"list","lastModifiedDate":"2025-02-07","isFullCredit":false},{"lineNumber":3,"author":{"gitId":"WayneCh0y"},"content":"deadline return book /by Sunday","lastModifiedDate":"2025-02-07","isFullCredit":false},{"lineNumber":4,"author":{"gitId":"WayneCh0y"},"content":"event project meeting /from Mon 2PM /to 4PM","lastModifiedDate":"2025-02-07","isFullCredit":false}],"authorContributionMap":{"WayneCh0y":4}},{"path":"text-ui-test/runtest.sh","fileType":"sh","lines":[{"lineNumber":1,"author":{"gitId":"-"},"content":"#!/usr/bin/env bash","lastModifiedDate":"2020-05-25","isFullCredit":false},{"lineNumber":2,"author":{"gitId":"-"},"content":"","lastModifiedDate":"2020-05-25","isFullCredit":false},{"lineNumber":3,"author":{"gitId":"-"},"content":"# create bin directory if it doesn\u0027t exist","lastModifiedDate":"2020-05-25","isFullCredit":false},{"lineNumber":4,"author":{"gitId":"-"},"content":"if [ ! -d \"../bin\" ]","lastModifiedDate":"2020-05-25","isFullCredit":false},{"lineNumber":5,"author":{"gitId":"-"},"content":"then","lastModifiedDate":"2020-05-25","isFullCredit":false},{"lineNumber":6,"author":{"gitId":"-"},"content":"    mkdir ../bin","lastModifiedDate":"2020-05-25","isFullCredit":false},{"lineNumber":7,"author":{"gitId":"-"},"content":"fi","lastModifiedDate":"2020-05-25","isFullCredit":false},{"lineNumber":8,"author":{"gitId":"-"},"content":"","lastModifiedDate":"2020-05-25","isFullCredit":false},{"lineNumber":9,"author":{"gitId":"-"},"content":"# delete output from previous run","lastModifiedDate":"2020-05-25","isFullCredit":false},{"lineNumber":10,"author":{"gitId":"-"},"content":"if [ -e \"./ACTUAL.TXT\" ]","lastModifiedDate":"2020-05-25","isFullCredit":false},{"lineNumber":11,"author":{"gitId":"-"},"content":"then","lastModifiedDate":"2020-05-25","isFullCredit":false},{"lineNumber":12,"author":{"gitId":"-"},"content":"    rm ACTUAL.TXT","lastModifiedDate":"2020-05-25","isFullCredit":false},{"lineNumber":13,"author":{"gitId":"-"},"content":"fi","lastModifiedDate":"2020-05-25","isFullCredit":false},{"lineNumber":14,"author":{"gitId":"-"},"content":"","lastModifiedDate":"2020-05-25","isFullCredit":false},{"lineNumber":15,"author":{"gitId":"-"},"content":"# compile the code into the bin folder, terminates if error occurred","lastModifiedDate":"2020-05-25","isFullCredit":false},{"lineNumber":16,"author":{"gitId":"WayneCh0y"},"content":"if ! javac -cp ~/Documents/NUS_Y2S2/CS2113/ip -Xlint:none -d ../bin ../src/main/java/*.java","lastModifiedDate":"2025-02-07","isFullCredit":false},{"lineNumber":17,"author":{"gitId":"-"},"content":"then","lastModifiedDate":"2020-05-25","isFullCredit":false},{"lineNumber":18,"author":{"gitId":"-"},"content":"    echo \"********** BUILD FAILURE **********\"","lastModifiedDate":"2020-05-25","isFullCredit":false},{"lineNumber":19,"author":{"gitId":"-"},"content":"    exit 1","lastModifiedDate":"2020-05-25","isFullCredit":false},{"lineNumber":20,"author":{"gitId":"-"},"content":"fi","lastModifiedDate":"2020-05-25","isFullCredit":false},{"lineNumber":21,"author":{"gitId":"-"},"content":"","lastModifiedDate":"2020-05-25","isFullCredit":false},{"lineNumber":22,"author":{"gitId":"-"},"content":"# run the program, feed commands from input.txt file and redirect the output to the ACTUAL.TXT","lastModifiedDate":"2020-05-25","isFullCredit":false},{"lineNumber":23,"author":{"gitId":"WayneCh0y"},"content":"java -classpath ../bin Gojo \u003c input.txt \u003e ACTUAL.TXT","lastModifiedDate":"2025-02-07","isFullCredit":false},{"lineNumber":24,"author":{"gitId":"-"},"content":"","lastModifiedDate":"2020-05-25","isFullCredit":false},{"lineNumber":25,"author":{"gitId":"-"},"content":"# convert to UNIX format","lastModifiedDate":"2020-05-25","isFullCredit":false},{"lineNumber":26,"author":{"gitId":"-"},"content":"cp EXPECTED.TXT EXPECTED-UNIX.TXT","lastModifiedDate":"2020-05-25","isFullCredit":false},{"lineNumber":27,"author":{"gitId":"-"},"content":"dos2unix ACTUAL.TXT EXPECTED-UNIX.TXT","lastModifiedDate":"2020-05-25","isFullCredit":false},{"lineNumber":28,"author":{"gitId":"-"},"content":"","lastModifiedDate":"2020-05-25","isFullCredit":false},{"lineNumber":29,"author":{"gitId":"-"},"content":"# compare the output to the expected output","lastModifiedDate":"2020-05-25","isFullCredit":false},{"lineNumber":30,"author":{"gitId":"-"},"content":"diff ACTUAL.TXT EXPECTED-UNIX.TXT","lastModifiedDate":"2020-05-25","isFullCredit":false},{"lineNumber":31,"author":{"gitId":"-"},"content":"if [ $? -eq 0 ]","lastModifiedDate":"2020-05-25","isFullCredit":false},{"lineNumber":32,"author":{"gitId":"-"},"content":"then","lastModifiedDate":"2020-05-25","isFullCredit":false},{"lineNumber":33,"author":{"gitId":"-"},"content":"    echo \"Test result: PASSED\"","lastModifiedDate":"2020-05-25","isFullCredit":false},{"lineNumber":34,"author":{"gitId":"-"},"content":"    exit 0","lastModifiedDate":"2020-05-25","isFullCredit":false},{"lineNumber":35,"author":{"gitId":"-"},"content":"else","lastModifiedDate":"2020-05-25","isFullCredit":false},{"lineNumber":36,"author":{"gitId":"-"},"content":"    echo \"Test result: FAILED\"","lastModifiedDate":"2020-05-25","isFullCredit":false},{"lineNumber":37,"author":{"gitId":"-"},"content":"    exit 1","lastModifiedDate":"2020-05-25","isFullCredit":false},{"lineNumber":38,"author":{"gitId":"-"},"content":"fi","lastModifiedDate":"2020-05-25","isFullCredit":false}],"authorContributionMap":{"WayneCh0y":2,"-":36}}]
