{"authorDailyContributionsMap":{"WayneCh0y":[{"date":"2025-01-22","commitResults":[{"hash":"1c0beb1016913aa048d2498837a31e81e48def41","isMergeCommit":false,"messageTitle":"Level-0 (a) renaming Duke to Gojo","messageBody":"","fileTypesAndContributionMap":{"java":{"insertions":1,"deletions":1}}},{"hash":"2a54ea001bb199e1430b408e75721e3a50df80e3","isMergeCommit":false,"messageTitle":"Level-0 (b) Implementing skeletal version of Chatbot","messageBody":"","tags":["Level-0"],"fileTypesAndContributionMap":{"java":{"insertions":6,"deletions":6}}}]},{"date":"2025-01-28","commitResults":[{"hash":"dc4c25a3ffffaa8198dc71ba2287fbcd4c40c7c4","isMergeCommit":false,"messageTitle":"Implementing Echo","messageBody":"","tags":["Level-1"],"fileTypesAndContributionMap":{"java":{"insertions":16,"deletions":2}}},{"hash":"a232f480177220e73cd281828a6810bb83d73784","isMergeCommit":false,"messageTitle":"Implement Add, List","messageBody":"","tags":["Level-2"],"fileTypesAndContributionMap":{"java":{"insertions":18,"deletions":1}}},{"hash":"8d7fa93cb0c4fc9ea95ac38034f2e244ee74ab03","isMergeCommit":false,"messageTitle":"Implement marking and unmarking of tasks","messageBody":"","tags":["Level-3"],"fileTypesAndContributionMap":{"java":{"insertions":101,"deletions":5}}},{"hash":"daef232206946c359c92e08f00d1a176c40e87bb","isMergeCommit":false,"messageTitle":"Adding line after \"list\" prompt","messageBody":"","tags":["Level-3.1"],"fileTypesAndContributionMap":{"java":{"insertions":1,"deletions":0}}}]},{"date":"2025-02-02","commitResults":[{"hash":"e3ede1e7596c632ef084fe137c7df822d4e31c3e","isMergeCommit":false,"messageTitle":"Implemented Refactoring of code","messageBody":"","tags":["Level-3.2","A-CodingStandard"],"fileTypesAndContributionMap":{"java":{"insertions":93,"deletions":33}}}]},{"date":"2025-02-04","commitResults":[{"hash":"f43cefc746b9b950b7fcd672cfa4825e4644929c","isMergeCommit":false,"messageTitle":"implementation of ToDos, Events and Deadlines","messageBody":"","fileTypesAndContributionMap":{"java":{"insertions":16,"deletions":0}}},{"hash":"fc57f5b4953e0a578db11792d839aa93fd5c573c","isMergeCommit":false,"messageTitle":"Define new classes for each task type","messageBody":"","fileTypesAndContributionMap":{"java":{"insertions":147,"deletions":138}}},{"hash":"b218b19b226d876ced7c36b5372fadd5fd5d7e02","isMergeCommit":false,"messageTitle":"Refactoring implementation of ToDos, Events and Deadlines","messageBody":"","tags":["Level-4"],"fileTypesAndContributionMap":{"java":{"insertions":157,"deletions":75}}}]},{"date":"2025-02-07","commitResults":[{"hash":"d77304945fd7f5076d68095375b263aa77360934","isMergeCommit":false,"messageTitle":"Modified code to adhere to coding standards","messageBody":"","tags":["A-CodeQuality"],"fileTypesAndContributionMap":{"java":{"insertions":16,"deletions":15}}},{"hash":"345cff113503087eb169f67818cec252b8267876","isMergeCommit":false,"messageTitle":"Implementing UiTesting","messageBody":"","tags":["A-TextUiTesting"],"fileTypesAndContributionMap":{"txt":{"insertions":4,"deletions":0},"sh":{"insertions":2,"deletions":2}}}]},{"date":"2025-02-11","commitResults":[{"hash":"653caf03d0bb0d930b14e3f331339216d1263b81","isMergeCommit":false,"messageTitle":"Implementing the Handling of Errors","messageBody":"","tags":["A-Exceptions"],"fileTypesAndContributionMap":{"java":{"insertions":100,"deletions":41}}}]},{"date":"2025-02-13","commitResults":[{"hash":"f8d9681a7eccb18420e585ba6ea66fa0108cb77a","isMergeCommit":false,"messageTitle":"Implementing the use of packages","messageBody":"","tags":["A-Packages"],"fileTypesAndContributionMap":{"java":{"insertions":9,"deletions":0}}},{"hash":"6cbc3f9b648070c305136e7d7a34484022a2277a","isMergeCommit":false,"messageTitle":"Changes to code due to packages","messageBody":"","tags":["Level-5"],"fileTypesAndContributionMap":{"java":{"insertions":21,"deletions":5}}},{"hash":"8a4bf574557da36d3f997f808bc06c713577b761","isMergeCommit":false,"messageTitle":"Slight improvement of code","messageBody":"","fileTypesAndContributionMap":{"java":{"insertions":2,"deletions":2}}}]},{"date":"2025-02-16","commitResults":[{"hash":"994c4482b758284f93af0bebb7cc2cbc0de20225","isMergeCommit":false,"messageTitle":"Adding a constant for better readability","messageBody":"","fileTypesAndContributionMap":{"java":{"insertions":16,"deletions":14}}}]},{"date":"2025-02-19","commitResults":[{"hash":"d495e6e7349628eb5f52bed063b596a31f5aa624","isMergeCommit":false,"messageTitle":"implementing saving for Gojo","messageBody":"","tags":["Level-7","Level-6"],"fileTypesAndContributionMap":{"txt":{"insertions":3,"deletions":0},"java":{"insertions":209,"deletions":13}}}]},{"date":"2025-03-07","commitResults":[{"hash":"81827b3c6b36e9a1be66fe4545fd592b62577ff5","isMergeCommit":false,"messageTitle":"Implementation of more OOP","messageBody":"","tags":["A-MoreOOP"],"fileTypesAndContributionMap":{"txt":{"insertions":0,"deletions":3},"java":{"insertions":486,"deletions":269}}},{"hash":"6e66b32104d0c6dd297f3e7c2c84ac89a0d59fce","isMergeCommit":false,"messageTitle":"Implement Level-8","messageBody":"","tags":["Level-8"],"fileTypesAndContributionMap":{"java":{"insertions":21,"deletions":2}}},{"hash":"870da33ac87ac8217296eab94b83a3eda27089a6","isMergeCommit":false,"messageTitle":"Implement level 9","messageBody":"","tags":["Level-9"],"fileTypesAndContributionMap":{"txt":{"insertions":0,"deletions":0},"java":{"insertions":61,"deletions":8}}},{"hash":"6cbc32106740a3248ab38af3526b0ae22df86ab9","isMergeCommit":false,"messageTitle":"Implementing JavaDoc","messageBody":"","tags":["A-JavaDoc"],"fileTypesAndContributionMap":{"txt":{"insertions":1,"deletions":0},"java":{"insertions":484,"deletions":1}}},{"hash":"da6ac52714bd9966f52691de7fc6b38e3e4e73c4","isMergeCommit":true,"messageTitle":"Merge branch \u0027branch-Level-9\u0027","messageBody":"# Conflicts:\n#\tdata/Gojo.txt\n#\tsrc/main/java/Managers/Parser.java\n#\tsrc/main/java/Managers/Printer.java\n#\tsrc/main/java/Managers/TaskManager.java\n","fileTypesAndContributionMap":{}},{"hash":"bec6bd1b782c6d6b681cee79f1491bbab1e328ff","isMergeCommit":false,"messageTitle":"Resolve merge conflicts","messageBody":"","fileTypesAndContributionMap":{"txt":{"insertions":0,"deletions":1},"java":{"insertions":38,"deletions":25}}}]}]},"authorFileTypeContributionMap":{"WayneCh0y":{"java":1383,"md":0,"fxml":0,"sh":2,"bat":0,"gradle":0,"txt":4}},"authorContributionVariance":{"WayneCh0y":39093.008},"authorDisplayNameMap":{"WayneCh0y":"CS2113-T13-3 CHOY..AYNE"}}
