{"authorDailyContributionsMap":{"shanicetanhui":[{"date":"2025-01-26","commitResults":[{"hash":"52ca2b6324f547352f8f2122d49abda29d85bff6","isMergeCommit":false,"messageTitle":"Level-0. Rename, Greet, Exit","messageBody":"","tags":["Level-0"],"fileTypesAndContributionMap":{"java":{"insertions":17,"deletions":5}}}]},{"date":"2025-02-06","commitResults":[{"hash":"7a9b65be4576c81debb727fe2da26e83a8198f59","isMergeCommit":false,"messageTitle":"Level-1: Echo","messageBody":"","tags":["Level-1"],"fileTypesAndContributionMap":{"java":{"insertions":23,"deletions":4}}},{"hash":"cab2877a179c689e717ec2e3f4a1739a85e1ba61","isMergeCommit":false,"messageTitle":"Level 2: Add, List","messageBody":"","tags":["Level-2"],"fileTypesAndContributionMap":{"java":{"insertions":19,"deletions":7}}},{"hash":"26b7086fc3ca5ffa8af36ed7151dd0aaf5c2ca78","isMergeCommit":false,"messageTitle":"Level-3: Mark as Done","messageBody":"","tags":["Level-3","A-CodingStandard"],"fileTypesAndContributionMap":{"java":{"insertions":47,"deletions":4}}},{"hash":"6b30101ef2f6c045c0d3a5c959401f8f6cfc74f6","isMergeCommit":false,"messageTitle":"Level 4: ToDo, Events, Deadlines","messageBody":"","tags":["Level-4"],"fileTypesAndContributionMap":{"java":{"insertions":96,"deletions":14}}},{"hash":"a40f0878713ee23370d717f3a4176e07b3a40b18","isMergeCommit":false,"messageTitle":"A-CodeQuality","messageBody":"","tags":["A-CodeQuality"],"fileTypesAndContributionMap":{"java":{"insertions":1,"deletions":1}}}]},{"date":"2025-02-14","commitResults":[{"hash":"3de2a578bd6d45ba6e7a7e10afe27b59ea7248be","isMergeCommit":false,"messageTitle":"Level 5: Handle Errors","messageBody":"","tags":["Level-5","A-Exceptions"],"fileTypesAndContributionMap":{"java":{"insertions":89,"deletions":56}}}]},{"date":"2025-02-20","commitResults":[{"hash":"5d83260b8f368b65b1aa86d9902d6d90e189de14","isMergeCommit":true,"messageTitle":"Merge pull request #1 from shanicetanhui/branch-Level-5","messageBody":"Level 5: Handle Errors","fileTypesAndContributionMap":{}}]},{"date":"2025-02-21","commitResults":[{"hash":"93a73edfdb0434b3252e9fcf4885d166c1b923bf","isMergeCommit":false,"messageTitle":"Level 6: Delete","messageBody":"","tags":["Level-6"],"fileTypesAndContributionMap":{"java":{"insertions":16,"deletions":0}}},{"hash":"0dbe4cc0dd43005bca1fe0652076bc6a37724080","isMergeCommit":false,"messageTitle":"Revert \"Level 6: Delete\"","messageBody":"This reverts commit 93a73edfdb0434b3252e9fcf4885d166c1b923bf.\n","fileTypesAndContributionMap":{"java":{"insertions":0,"deletions":16}}},{"hash":"989c2e2c5f01aee7c6e612f19ed5ac813e045d2f","isMergeCommit":false,"messageTitle":"Level 6: Delete","messageBody":"","fileTypesAndContributionMap":{"java":{"insertions":17,"deletions":1}}},{"hash":"a9190ca23d5d8cb07a886cff4eaf8d214120a5e3","isMergeCommit":false,"messageTitle":"Level 7: Save","messageBody":"","tags":["Level-7"],"fileTypesAndContributionMap":{"txt":{"insertions":1,"deletions":0},"java":{"insertions":114,"deletions":14}}},{"hash":"be1420a8262c9365f97a098ad8ccc528e30846eb","isMergeCommit":true,"messageTitle":"Merge branch \u0027branch-Level-7\u0027","messageBody":"* branch-Level-7:\n  Level 7: Save\n","fileTypesAndContributionMap":{}},{"hash":"bb35fc467045cfbbba97af230e0dbdb833758fa7","isMergeCommit":true,"messageTitle":"Merge branch \u0027master\u0027 of https://github.com/shanicetanhui/ip","messageBody":"* \u0027master\u0027 of https://github.com/shanicetanhui/ip:\n","fileTypesAndContributionMap":{}},{"hash":"dd2c3891862e6f03119a33560165d779a4e1ac0b","isMergeCommit":false,"messageTitle":"Resolved merge conflicts","messageBody":"","fileTypesAndContributionMap":{"java":{"insertions":101,"deletions":89}}},{"hash":"268d6a351e490d828421b85e5f8fc770e4273be3","isMergeCommit":false,"messageTitle":"A-Jar","messageBody":"","tags":["A-Jar"],"fileTypesAndContributionMap":{"txt":{"insertions":0,"deletions":1},"java":{"insertions":8,"deletions":5}}}]},{"date":"2025-03-13","commitResults":[{"hash":"7bf94ee5bf2bbe0732ea3c21bb981b6c396b9059","isMergeCommit":false,"messageTitle":"A-MoreOOP","messageBody":"","tags":["A-MoreOOP","A-Collections"],"fileTypesAndContributionMap":{"txt":{"insertions":0,"deletions":0},"java":{"insertions":313,"deletions":275}}},{"hash":"b578087372695d8e221e4aa22d27db8b37c26d81","isMergeCommit":false,"messageTitle":"Level 9: Find","messageBody":"","tags":["Level-9"],"fileTypesAndContributionMap":{"txt":{"insertions":3,"deletions":0},"java":{"insertions":36,"deletions":0}}},{"hash":"ed1453f730b0dd72a3d0ff01314458ff1a71e21f","isMergeCommit":false,"messageTitle":"Rename files to \u0027Pesto\u0027","messageBody":"","fileTypesAndContributionMap":{"txt":{"insertions":0,"deletions":0},"java":{"insertions":3,"deletions":3}}}]},{"date":"2025-03-14","commitResults":[{"hash":"32078ce580d2e87e727a190cb9f59d2327eedb80","isMergeCommit":false,"messageTitle":"Add JavaDoc comments","messageBody":"","tags":["A-JavaDoc"],"fileTypesAndContributionMap":{"java":{"insertions":186,"deletions":0}}},{"hash":"8a80ebda19a054485286244c0e750bed367b98fe","isMergeCommit":false,"messageTitle":"Add a User Guide","messageBody":"","tags":["A-UserGuide","A-Release"],"fileTypesAndContributionMap":{"md":{"insertions":157,"deletions":14}}}]}]},"authorFileTypeContributionMap":{"shanicetanhui":{"java":610,"md":157,"fxml":0,"sh":0,"bat":0,"gradle":0,"txt":3}},"authorContributionVariance":{"shanicetanhui":10856.432},"authorDisplayNameMap":{"shanicetanhui":"CS2113-F13-2 SHAN.. HUI"}}
