[{"path":"README.md","fileType":"md","lines":[{"lineNumber":1,"author":{"gitId":"kagiura"},"content":"# Wen: Your assistant chatbot!","lastModifiedDate":"2025-03-14","isFullCredit":false},{"lineNumber":2,"author":{"gitId":"-"},"content":"","lastModifiedDate":"2020-05-25","isFullCredit":false},{"lineNumber":3,"author":{"gitId":"kagiura"},"content":"This is Wen, your personal assistant for school-related tasks. Keep track of all your scheduling needs here!","lastModifiedDate":"2025-03-14","isFullCredit":false},{"lineNumber":4,"author":{"gitId":"-"},"content":"","lastModifiedDate":"2020-05-25","isFullCredit":false},{"lineNumber":5,"author":{"gitId":"kagiura"},"content":"## User Guide","lastModifiedDate":"2025-03-14","isFullCredit":false},{"lineNumber":6,"author":{"gitId":"-"},"content":"","lastModifiedDate":"2020-05-25","isFullCredit":false},{"lineNumber":7,"author":{"gitId":"kagiura"},"content":"### `todo`","lastModifiedDate":"2025-03-14","isFullCredit":false},{"lineNumber":8,"author":{"gitId":"kagiura"},"content":"Create a new to-do list item.","lastModifiedDate":"2025-03-14","isFullCredit":false},{"lineNumber":9,"author":{"gitId":"kagiura"},"content":"#### Example","lastModifiedDate":"2025-03-14","isFullCredit":false},{"lineNumber":10,"author":{"gitId":"kagiura"},"content":"```sh","lastModifiedDate":"2025-03-14","isFullCredit":false},{"lineNumber":11,"author":{"gitId":"kagiura"},"content":"todo Get some milk","lastModifiedDate":"2025-03-14","isFullCredit":false},{"lineNumber":12,"author":{"gitId":"kagiura"},"content":"```","lastModifiedDate":"2025-03-14","isFullCredit":false},{"lineNumber":13,"author":{"gitId":"kagiura"},"content":"","lastModifiedDate":"2025-03-14","isFullCredit":false},{"lineNumber":14,"author":{"gitId":"kagiura"},"content":"### `deadline`","lastModifiedDate":"2025-03-14","isFullCredit":false},{"lineNumber":15,"author":{"gitId":"kagiura"},"content":"Create a new deadline.","lastModifiedDate":"2025-03-14","isFullCredit":false},{"lineNumber":16,"author":{"gitId":"kagiura"},"content":"#### Parameters","lastModifiedDate":"2025-03-14","isFullCredit":false},{"lineNumber":17,"author":{"gitId":"kagiura"},"content":"- `/by` - The deadline to complete this task by.","lastModifiedDate":"2025-03-14","isFullCredit":false},{"lineNumber":18,"author":{"gitId":"kagiura"},"content":"#### Example","lastModifiedDate":"2025-03-14","isFullCredit":false},{"lineNumber":19,"author":{"gitId":"kagiura"},"content":"```sh","lastModifiedDate":"2025-03-14","isFullCredit":false},{"lineNumber":20,"author":{"gitId":"kagiura"},"content":"deadline Complete CS2113 weekly quiz /by 12pm","lastModifiedDate":"2025-03-14","isFullCredit":false},{"lineNumber":21,"author":{"gitId":"kagiura"},"content":"```","lastModifiedDate":"2025-03-14","isFullCredit":false},{"lineNumber":22,"author":{"gitId":"kagiura"},"content":"","lastModifiedDate":"2025-03-14","isFullCredit":false},{"lineNumber":23,"author":{"gitId":"kagiura"},"content":"### `event`","lastModifiedDate":"2025-03-14","isFullCredit":false},{"lineNumber":24,"author":{"gitId":"kagiura"},"content":"Create a new event.","lastModifiedDate":"2025-03-14","isFullCredit":false},{"lineNumber":25,"author":{"gitId":"kagiura"},"content":"#### Parameters","lastModifiedDate":"2025-03-14","isFullCredit":false},{"lineNumber":26,"author":{"gitId":"kagiura"},"content":"- `/from` - The start time of the event.","lastModifiedDate":"2025-03-14","isFullCredit":false},{"lineNumber":27,"author":{"gitId":"kagiura"},"content":"- `/to` - The end time of the event.","lastModifiedDate":"2025-03-14","isFullCredit":false},{"lineNumber":28,"author":{"gitId":"kagiura"},"content":"#### Example","lastModifiedDate":"2025-03-14","isFullCredit":false},{"lineNumber":29,"author":{"gitId":"kagiura"},"content":"```sh","lastModifiedDate":"2025-03-14","isFullCredit":false},{"lineNumber":30,"author":{"gitId":"kagiura"},"content":"deadline Join group meeting /from 5pm /to 8pm","lastModifiedDate":"2025-03-14","isFullCredit":false},{"lineNumber":31,"author":{"gitId":"kagiura"},"content":"```","lastModifiedDate":"2025-03-14","isFullCredit":false},{"lineNumber":32,"author":{"gitId":"-"},"content":"","lastModifiedDate":"2020-05-25","isFullCredit":false},{"lineNumber":33,"author":{"gitId":"kagiura"},"content":"### `list`","lastModifiedDate":"2025-03-14","isFullCredit":false},{"lineNumber":34,"author":{"gitId":"kagiura"},"content":"Displays all of your tasks.","lastModifiedDate":"2025-03-14","isFullCredit":false},{"lineNumber":35,"author":{"gitId":"kagiura"},"content":"#### Example","lastModifiedDate":"2025-03-14","isFullCredit":false},{"lineNumber":36,"author":{"gitId":"kagiura"},"content":"```sh","lastModifiedDate":"2025-03-14","isFullCredit":false},{"lineNumber":37,"author":{"gitId":"kagiura"},"content":"list","lastModifiedDate":"2025-03-14","isFullCredit":false},{"lineNumber":38,"author":{"gitId":"-"},"content":"```","lastModifiedDate":"2020-05-25","isFullCredit":false},{"lineNumber":39,"author":{"gitId":"kagiura"},"content":"","lastModifiedDate":"2025-03-14","isFullCredit":false},{"lineNumber":40,"author":{"gitId":"kagiura"},"content":"### `find`","lastModifiedDate":"2025-03-14","isFullCredit":false},{"lineNumber":41,"author":{"gitId":"kagiura"},"content":"Find a task with the search query in the description.","lastModifiedDate":"2025-03-14","isFullCredit":false},{"lineNumber":42,"author":{"gitId":"kagiura"},"content":"#### Parameters","lastModifiedDate":"2025-03-14","isFullCredit":false},{"lineNumber":43,"author":{"gitId":"kagiura"},"content":"The word you want to search for","lastModifiedDate":"2025-03-14","isFullCredit":false},{"lineNumber":44,"author":{"gitId":"kagiura"},"content":"#### Example","lastModifiedDate":"2025-03-14","isFullCredit":false},{"lineNumber":45,"author":{"gitId":"kagiura"},"content":"```sh","lastModifiedDate":"2025-03-14","isFullCredit":false},{"lineNumber":46,"author":{"gitId":"kagiura"},"content":"find CS2113","lastModifiedDate":"2025-03-14","isFullCredit":false},{"lineNumber":47,"author":{"gitId":"kagiura"},"content":"```","lastModifiedDate":"2025-03-14","isFullCredit":false},{"lineNumber":48,"author":{"gitId":"kagiura"},"content":"","lastModifiedDate":"2025-03-14","isFullCredit":false},{"lineNumber":49,"author":{"gitId":"kagiura"},"content":"### `mark` \u0026 `unmark`","lastModifiedDate":"2025-03-14","isFullCredit":false},{"lineNumber":50,"author":{"gitId":"kagiura"},"content":"Mark one of your tasks as done.","lastModifiedDate":"2025-03-14","isFullCredit":false},{"lineNumber":51,"author":{"gitId":"kagiura"},"content":"#### Parameters","lastModifiedDate":"2025-03-14","isFullCredit":false},{"lineNumber":52,"author":{"gitId":"kagiura"},"content":"The index of the task; you can find the task index by using `list` or `find`","lastModifiedDate":"2025-03-14","isFullCredit":false},{"lineNumber":53,"author":{"gitId":"kagiura"},"content":"#### Example","lastModifiedDate":"2025-03-14","isFullCredit":false},{"lineNumber":54,"author":{"gitId":"kagiura"},"content":"```sh","lastModifiedDate":"2025-03-14","isFullCredit":false},{"lineNumber":55,"author":{"gitId":"kagiura"},"content":"mark 5","lastModifiedDate":"2025-03-14","isFullCredit":false},{"lineNumber":56,"author":{"gitId":"kagiura"},"content":"unmark 3","lastModifiedDate":"2025-03-14","isFullCredit":false},{"lineNumber":57,"author":{"gitId":"kagiura"},"content":"```","lastModifiedDate":"2025-03-14","isFullCredit":false},{"lineNumber":58,"author":{"gitId":"kagiura"},"content":"","lastModifiedDate":"2025-03-14","isFullCredit":false},{"lineNumber":59,"author":{"gitId":"kagiura"},"content":"### `delete`","lastModifiedDate":"2025-03-14","isFullCredit":false},{"lineNumber":60,"author":{"gitId":"kagiura"},"content":"Deletes one of your tasks","lastModifiedDate":"2025-03-14","isFullCredit":false},{"lineNumber":61,"author":{"gitId":"kagiura"},"content":"#### Parameters","lastModifiedDate":"2025-03-14","isFullCredit":false},{"lineNumber":62,"author":{"gitId":"kagiura"},"content":"The index of the task; you can find the task index by using `list` or `find`","lastModifiedDate":"2025-03-14","isFullCredit":false},{"lineNumber":63,"author":{"gitId":"kagiura"},"content":"#### Example","lastModifiedDate":"2025-03-14","isFullCredit":false},{"lineNumber":64,"author":{"gitId":"kagiura"},"content":"```sh","lastModifiedDate":"2025-03-14","isFullCredit":false},{"lineNumber":65,"author":{"gitId":"kagiura"},"content":"delete 4","lastModifiedDate":"2025-03-14","isFullCredit":false},{"lineNumber":66,"author":{"gitId":"-"},"content":"```","lastModifiedDate":"2020-05-25","isFullCredit":false},{"lineNumber":67,"author":{"gitId":"-"},"content":"","lastModifiedDate":"2025-01-04","isFullCredit":false}],"authorContributionMap":{"kagiura":60,"-":7}},{"path":"src/main/java/Deadline.java","fileType":"java","lines":[{"lineNumber":1,"author":{"gitId":"kagiura"},"content":"public class Deadline extends Task {","lastModifiedDate":"2025-02-14","isFullCredit":false},{"lineNumber":2,"author":{"gitId":"kagiura"},"content":"","lastModifiedDate":"2025-02-14","isFullCredit":false},{"lineNumber":3,"author":{"gitId":"kagiura"},"content":"    protected String by;","lastModifiedDate":"2025-02-14","isFullCredit":false},{"lineNumber":4,"author":{"gitId":"kagiura"},"content":"","lastModifiedDate":"2025-02-14","isFullCredit":false},{"lineNumber":5,"author":{"gitId":"kagiura"},"content":"    public Deadline(String description, String by) {","lastModifiedDate":"2025-02-14","isFullCredit":false},{"lineNumber":6,"author":{"gitId":"kagiura"},"content":"        super(description);","lastModifiedDate":"2025-02-14","isFullCredit":false},{"lineNumber":7,"author":{"gitId":"kagiura"},"content":"        this.by \u003d by;","lastModifiedDate":"2025-02-14","isFullCredit":false},{"lineNumber":8,"author":{"gitId":"kagiura"},"content":"    }","lastModifiedDate":"2025-02-14","isFullCredit":false},{"lineNumber":9,"author":{"gitId":"kagiura"},"content":"","lastModifiedDate":"2025-02-14","isFullCredit":false},{"lineNumber":10,"author":{"gitId":"kagiura"},"content":"    public Deadline(String description, String by, boolean done) {","lastModifiedDate":"2025-02-21","isFullCredit":false},{"lineNumber":11,"author":{"gitId":"kagiura"},"content":"        super(description);","lastModifiedDate":"2025-02-21","isFullCredit":false},{"lineNumber":12,"author":{"gitId":"kagiura"},"content":"        this.by \u003d by;","lastModifiedDate":"2025-02-21","isFullCredit":false},{"lineNumber":13,"author":{"gitId":"kagiura"},"content":"        this.isDone \u003d done;","lastModifiedDate":"2025-02-21","isFullCredit":false},{"lineNumber":14,"author":{"gitId":"kagiura"},"content":"    }","lastModifiedDate":"2025-02-21","isFullCredit":false},{"lineNumber":15,"author":{"gitId":"kagiura"},"content":"","lastModifiedDate":"2025-02-21","isFullCredit":false},{"lineNumber":16,"author":{"gitId":"kagiura"},"content":"    @Override","lastModifiedDate":"2025-02-14","isFullCredit":false},{"lineNumber":17,"author":{"gitId":"kagiura"},"content":"    public String toString() {","lastModifiedDate":"2025-02-14","isFullCredit":false},{"lineNumber":18,"author":{"gitId":"kagiura"},"content":"        return \"[D]\" + super.toString() + \" (by: \" + by + \")\";","lastModifiedDate":"2025-02-14","isFullCredit":false},{"lineNumber":19,"author":{"gitId":"kagiura"},"content":"    }","lastModifiedDate":"2025-02-14","isFullCredit":false},{"lineNumber":20,"author":{"gitId":"kagiura"},"content":"}","lastModifiedDate":"2025-02-14","isFullCredit":false}],"authorContributionMap":{"kagiura":20}},{"path":"src/main/java/Event.java","fileType":"java","lines":[{"lineNumber":1,"author":{"gitId":"kagiura"},"content":"public class Event extends Task {","lastModifiedDate":"2025-02-14","isFullCredit":false},{"lineNumber":2,"author":{"gitId":"kagiura"},"content":"","lastModifiedDate":"2025-02-14","isFullCredit":false},{"lineNumber":3,"author":{"gitId":"kagiura"},"content":"    protected String from;","lastModifiedDate":"2025-02-14","isFullCredit":false},{"lineNumber":4,"author":{"gitId":"kagiura"},"content":"    protected String by;","lastModifiedDate":"2025-02-14","isFullCredit":false},{"lineNumber":5,"author":{"gitId":"kagiura"},"content":"","lastModifiedDate":"2025-02-14","isFullCredit":false},{"lineNumber":6,"author":{"gitId":"kagiura"},"content":"    public Event(String description, String from, String by) {","lastModifiedDate":"2025-02-14","isFullCredit":false},{"lineNumber":7,"author":{"gitId":"kagiura"},"content":"        super(description);","lastModifiedDate":"2025-02-14","isFullCredit":false},{"lineNumber":8,"author":{"gitId":"kagiura"},"content":"        this.from \u003d from;","lastModifiedDate":"2025-02-14","isFullCredit":false},{"lineNumber":9,"author":{"gitId":"kagiura"},"content":"        this.by \u003d by;","lastModifiedDate":"2025-02-14","isFullCredit":false},{"lineNumber":10,"author":{"gitId":"kagiura"},"content":"    }","lastModifiedDate":"2025-02-14","isFullCredit":false},{"lineNumber":11,"author":{"gitId":"kagiura"},"content":"","lastModifiedDate":"2025-02-14","isFullCredit":false},{"lineNumber":12,"author":{"gitId":"kagiura"},"content":"    public Event(String description, String from, String by, boolean done) {","lastModifiedDate":"2025-02-21","isFullCredit":false},{"lineNumber":13,"author":{"gitId":"kagiura"},"content":"        super(description);","lastModifiedDate":"2025-02-21","isFullCredit":false},{"lineNumber":14,"author":{"gitId":"kagiura"},"content":"        this.from \u003d from;","lastModifiedDate":"2025-02-21","isFullCredit":false},{"lineNumber":15,"author":{"gitId":"kagiura"},"content":"        this.by \u003d by;","lastModifiedDate":"2025-02-21","isFullCredit":false},{"lineNumber":16,"author":{"gitId":"kagiura"},"content":"        this.isDone \u003d done;","lastModifiedDate":"2025-02-21","isFullCredit":false},{"lineNumber":17,"author":{"gitId":"kagiura"},"content":"    }","lastModifiedDate":"2025-02-21","isFullCredit":false},{"lineNumber":18,"author":{"gitId":"kagiura"},"content":"","lastModifiedDate":"2025-02-21","isFullCredit":false},{"lineNumber":19,"author":{"gitId":"kagiura"},"content":"    @Override","lastModifiedDate":"2025-02-14","isFullCredit":false},{"lineNumber":20,"author":{"gitId":"kagiura"},"content":"    public String toString() {","lastModifiedDate":"2025-02-14","isFullCredit":false},{"lineNumber":21,"author":{"gitId":"kagiura"},"content":"        return \"[E]\" + super.toString() + \" (from: \" + from + \" to: \" + by + \")\";","lastModifiedDate":"2025-02-14","isFullCredit":false},{"lineNumber":22,"author":{"gitId":"kagiura"},"content":"    }","lastModifiedDate":"2025-02-14","isFullCredit":false},{"lineNumber":23,"author":{"gitId":"kagiura"},"content":"}","lastModifiedDate":"2025-02-14","isFullCredit":false}],"authorContributionMap":{"kagiura":23}},{"path":"src/main/java/Parser.java","fileType":"java","lines":[{"lineNumber":1,"author":{"gitId":"kagiura"},"content":"import java.util.HashMap;","lastModifiedDate":"2025-03-14","isFullCredit":false},{"lineNumber":2,"author":{"gitId":"kagiura"},"content":"import java.util.Map;","lastModifiedDate":"2025-03-14","isFullCredit":false},{"lineNumber":3,"author":{"gitId":"kagiura"},"content":"","lastModifiedDate":"2025-03-14","isFullCredit":false},{"lineNumber":4,"author":{"gitId":"kagiura"},"content":"public class Parser {","lastModifiedDate":"2025-03-14","isFullCredit":false},{"lineNumber":5,"author":{"gitId":"kagiura"},"content":"    private final String commandName;","lastModifiedDate":"2025-03-14","isFullCredit":false},{"lineNumber":6,"author":{"gitId":"kagiura"},"content":"    private final Map\u003cString, String\u003e commandArgs;","lastModifiedDate":"2025-03-14","isFullCredit":false},{"lineNumber":7,"author":{"gitId":"kagiura"},"content":"    private final String commandMainArg;","lastModifiedDate":"2025-03-14","isFullCredit":false},{"lineNumber":8,"author":{"gitId":"kagiura"},"content":"","lastModifiedDate":"2025-03-14","isFullCredit":false},{"lineNumber":9,"author":{"gitId":"kagiura"},"content":"","lastModifiedDate":"2025-03-14","isFullCredit":false},{"lineNumber":10,"author":{"gitId":"kagiura"},"content":"    Parser(String input) {","lastModifiedDate":"2025-03-14","isFullCredit":false},{"lineNumber":11,"author":{"gitId":"kagiura"},"content":"","lastModifiedDate":"2025-03-14","isFullCredit":false},{"lineNumber":12,"author":{"gitId":"kagiura"},"content":"        commandName \u003d input.split(\" \", 2)[0];","lastModifiedDate":"2025-03-14","isFullCredit":false},{"lineNumber":13,"author":{"gitId":"kagiura"},"content":"        String commandArgsString \u003d input.split(\" \", 2).length \u003e 1 ? input.split(\" \", 2)[1] : \"\";","lastModifiedDate":"2025-03-14","isFullCredit":false},{"lineNumber":14,"author":{"gitId":"kagiura"},"content":"","lastModifiedDate":"2025-03-14","isFullCredit":false},{"lineNumber":15,"author":{"gitId":"kagiura"},"content":"        commandArgs \u003d new HashMap\u003c\u003e();","lastModifiedDate":"2025-03-14","isFullCredit":false},{"lineNumber":16,"author":{"gitId":"kagiura"},"content":"","lastModifiedDate":"2025-03-14","isFullCredit":false},{"lineNumber":17,"author":{"gitId":"kagiura"},"content":"        String[] commandParts \u003d commandArgsString.split(\"/\");","lastModifiedDate":"2025-03-14","isFullCredit":false},{"lineNumber":18,"author":{"gitId":"kagiura"},"content":"        if (commandParts.length \u003e 1) {","lastModifiedDate":"2025-03-14","isFullCredit":false},{"lineNumber":19,"author":{"gitId":"kagiura"},"content":"            for (int i \u003d 1; i \u003c commandParts.length; i++) {","lastModifiedDate":"2025-03-14","isFullCredit":false},{"lineNumber":20,"author":{"gitId":"kagiura"},"content":"                String argName \u003d commandParts[i].split(\" \")[0].trim();","lastModifiedDate":"2025-03-14","isFullCredit":false},{"lineNumber":21,"author":{"gitId":"kagiura"},"content":"                String argValue \u003d commandParts[i].split(\" \").length \u003e 1 ? commandParts[i].split(\" \", 2)[1].trim() : \"\";","lastModifiedDate":"2025-03-14","isFullCredit":false},{"lineNumber":22,"author":{"gitId":"kagiura"},"content":"                commandArgs.put(argName, argValue);","lastModifiedDate":"2025-03-14","isFullCredit":false},{"lineNumber":23,"author":{"gitId":"kagiura"},"content":"            }","lastModifiedDate":"2025-03-14","isFullCredit":false},{"lineNumber":24,"author":{"gitId":"kagiura"},"content":"        }","lastModifiedDate":"2025-03-14","isFullCredit":false},{"lineNumber":25,"author":{"gitId":"kagiura"},"content":"        commandMainArg \u003d commandParts[0].trim().isEmpty() ? null : commandParts[0].trim();","lastModifiedDate":"2025-03-14","isFullCredit":false},{"lineNumber":26,"author":{"gitId":"kagiura"},"content":"","lastModifiedDate":"2025-03-14","isFullCredit":false},{"lineNumber":27,"author":{"gitId":"kagiura"},"content":"    }","lastModifiedDate":"2025-03-14","isFullCredit":false},{"lineNumber":28,"author":{"gitId":"kagiura"},"content":"","lastModifiedDate":"2025-03-14","isFullCredit":false},{"lineNumber":29,"author":{"gitId":"kagiura"},"content":"    public boolean equals(String name) {","lastModifiedDate":"2025-03-14","isFullCredit":false},{"lineNumber":30,"author":{"gitId":"kagiura"},"content":"        return commandName.equals(name);","lastModifiedDate":"2025-03-14","isFullCredit":false},{"lineNumber":31,"author":{"gitId":"kagiura"},"content":"    }","lastModifiedDate":"2025-03-14","isFullCredit":false},{"lineNumber":32,"author":{"gitId":"kagiura"},"content":"","lastModifiedDate":"2025-03-14","isFullCredit":false},{"lineNumber":33,"author":{"gitId":"kagiura"},"content":"    public String getName() {","lastModifiedDate":"2025-03-14","isFullCredit":false},{"lineNumber":34,"author":{"gitId":"kagiura"},"content":"        return commandName;","lastModifiedDate":"2025-03-14","isFullCredit":false},{"lineNumber":35,"author":{"gitId":"kagiura"},"content":"    }","lastModifiedDate":"2025-03-14","isFullCredit":false},{"lineNumber":36,"author":{"gitId":"kagiura"},"content":"","lastModifiedDate":"2025-03-14","isFullCredit":false},{"lineNumber":37,"author":{"gitId":"kagiura"},"content":"    public String getArg(){","lastModifiedDate":"2025-03-14","isFullCredit":false},{"lineNumber":38,"author":{"gitId":"kagiura"},"content":"        return commandMainArg;","lastModifiedDate":"2025-03-14","isFullCredit":false},{"lineNumber":39,"author":{"gitId":"kagiura"},"content":"    }","lastModifiedDate":"2025-03-14","isFullCredit":false},{"lineNumber":40,"author":{"gitId":"kagiura"},"content":"","lastModifiedDate":"2025-03-14","isFullCredit":false},{"lineNumber":41,"author":{"gitId":"kagiura"},"content":"    public String getArg(String arg) {","lastModifiedDate":"2025-03-14","isFullCredit":false},{"lineNumber":42,"author":{"gitId":"kagiura"},"content":"        return commandArgs.get(arg);","lastModifiedDate":"2025-03-14","isFullCredit":false},{"lineNumber":43,"author":{"gitId":"kagiura"},"content":"    }","lastModifiedDate":"2025-03-14","isFullCredit":false},{"lineNumber":44,"author":{"gitId":"kagiura"},"content":"","lastModifiedDate":"2025-03-14","isFullCredit":false},{"lineNumber":45,"author":{"gitId":"kagiura"},"content":"    public boolean hasArg() {","lastModifiedDate":"2025-03-14","isFullCredit":false},{"lineNumber":46,"author":{"gitId":"kagiura"},"content":"        return commandMainArg !\u003d null;","lastModifiedDate":"2025-03-14","isFullCredit":false},{"lineNumber":47,"author":{"gitId":"kagiura"},"content":"    }","lastModifiedDate":"2025-03-14","isFullCredit":false},{"lineNumber":48,"author":{"gitId":"kagiura"},"content":"    public boolean hasArg(String arg) {","lastModifiedDate":"2025-03-14","isFullCredit":false},{"lineNumber":49,"author":{"gitId":"kagiura"},"content":"        return commandArgs.containsKey(arg);","lastModifiedDate":"2025-03-14","isFullCredit":false},{"lineNumber":50,"author":{"gitId":"kagiura"},"content":"    }","lastModifiedDate":"2025-03-14","isFullCredit":false},{"lineNumber":51,"author":{"gitId":"kagiura"},"content":"","lastModifiedDate":"2025-03-14","isFullCredit":false},{"lineNumber":52,"author":{"gitId":"kagiura"},"content":"}","lastModifiedDate":"2025-03-14","isFullCredit":false}],"authorContributionMap":{"kagiura":52}},{"path":"src/main/java/Task.java","fileType":"java","lines":[{"lineNumber":1,"author":{"gitId":"kagiura"},"content":"/**","lastModifiedDate":"2025-03-14","isFullCredit":false},{"lineNumber":2,"author":{"gitId":"kagiura"},"content":" * A task where users can mark as done/undone, with different specific types","lastModifiedDate":"2025-03-14","isFullCredit":false},{"lineNumber":3,"author":{"gitId":"kagiura"},"content":" */","lastModifiedDate":"2025-03-14","isFullCredit":false},{"lineNumber":4,"author":{"gitId":"kagiura"},"content":"public class Task {","lastModifiedDate":"2025-02-13","isFullCredit":false},{"lineNumber":5,"author":{"gitId":"kagiura"},"content":"    protected String description;","lastModifiedDate":"2025-02-13","isFullCredit":false},{"lineNumber":6,"author":{"gitId":"kagiura"},"content":"    protected boolean isDone;","lastModifiedDate":"2025-02-13","isFullCredit":false},{"lineNumber":7,"author":{"gitId":"kagiura"},"content":"","lastModifiedDate":"2025-02-13","isFullCredit":false},{"lineNumber":8,"author":{"gitId":"kagiura"},"content":"    /**","lastModifiedDate":"2025-03-14","isFullCredit":false},{"lineNumber":9,"author":{"gitId":"kagiura"},"content":"     * Create a new task","lastModifiedDate":"2025-03-14","isFullCredit":false},{"lineNumber":10,"author":{"gitId":"kagiura"},"content":"     * @param description basic description","lastModifiedDate":"2025-03-14","isFullCredit":false},{"lineNumber":11,"author":{"gitId":"kagiura"},"content":"     */","lastModifiedDate":"2025-03-14","isFullCredit":false},{"lineNumber":12,"author":{"gitId":"kagiura"},"content":"    public Task(String description) {","lastModifiedDate":"2025-02-13","isFullCredit":false},{"lineNumber":13,"author":{"gitId":"kagiura"},"content":"        this.description \u003d description;","lastModifiedDate":"2025-02-13","isFullCredit":false},{"lineNumber":14,"author":{"gitId":"kagiura"},"content":"        this.isDone \u003d false;","lastModifiedDate":"2025-02-13","isFullCredit":false},{"lineNumber":15,"author":{"gitId":"kagiura"},"content":"    }","lastModifiedDate":"2025-02-13","isFullCredit":false},{"lineNumber":16,"author":{"gitId":"kagiura"},"content":"","lastModifiedDate":"2025-02-13","isFullCredit":false},{"lineNumber":17,"author":{"gitId":"kagiura"},"content":"    /**","lastModifiedDate":"2025-03-14","isFullCredit":false},{"lineNumber":18,"author":{"gitId":"kagiura"},"content":"     * Parse the task from a string, usually for reading saved tasks.","lastModifiedDate":"2025-03-14","isFullCredit":false},{"lineNumber":19,"author":{"gitId":"kagiura"},"content":"     * @param description The string to parse the task from","lastModifiedDate":"2025-03-14","isFullCredit":false},{"lineNumber":20,"author":{"gitId":"kagiura"},"content":"     * @return a new task object, one of three types (Deadline, Event, Todo)","lastModifiedDate":"2025-03-14","isFullCredit":false},{"lineNumber":21,"author":{"gitId":"kagiura"},"content":"     */","lastModifiedDate":"2025-03-14","isFullCredit":false},{"lineNumber":22,"author":{"gitId":"kagiura"},"content":"    public Task fromString(String description) {","lastModifiedDate":"2025-02-21","isFullCredit":false},{"lineNumber":23,"author":{"gitId":"kagiura"},"content":"        char taskType \u003d description.charAt(1);","lastModifiedDate":"2025-02-21","isFullCredit":false},{"lineNumber":24,"author":{"gitId":"kagiura"},"content":"        boolean taskDone \u003d description.charAt(4) \u003d\u003d \u0027X\u0027;","lastModifiedDate":"2025-02-21","isFullCredit":false},{"lineNumber":25,"author":{"gitId":"kagiura"},"content":"","lastModifiedDate":"2025-02-21","isFullCredit":false},{"lineNumber":26,"author":{"gitId":"kagiura"},"content":"        switch (taskType) {","lastModifiedDate":"2025-02-21","isFullCredit":false},{"lineNumber":27,"author":{"gitId":"kagiura"},"content":"        case \u0027D\u0027:","lastModifiedDate":"2025-02-21","isFullCredit":false},{"lineNumber":28,"author":{"gitId":"kagiura"},"content":"            String deadlineDesc \u003d description.substring(7);","lastModifiedDate":"2025-02-21","isFullCredit":false},{"lineNumber":29,"author":{"gitId":"kagiura"},"content":"            String deadline \u003d \"\";","lastModifiedDate":"2025-02-21","isFullCredit":false},{"lineNumber":30,"author":{"gitId":"kagiura"},"content":"            int deadlineIndex \u003d description.indexOf(\" (by: \", 1);","lastModifiedDate":"2025-02-21","isFullCredit":false},{"lineNumber":31,"author":{"gitId":"kagiura"},"content":"            if (deadlineIndex !\u003d -1) {","lastModifiedDate":"2025-02-21","isFullCredit":false},{"lineNumber":32,"author":{"gitId":"kagiura"},"content":"                deadlineDesc \u003d description.substring(7, deadlineIndex);","lastModifiedDate":"2025-02-21","isFullCredit":false},{"lineNumber":33,"author":{"gitId":"kagiura"},"content":"                deadline \u003d description.substring(deadlineIndex + 6, description.length() - 1);","lastModifiedDate":"2025-02-21","isFullCredit":false},{"lineNumber":34,"author":{"gitId":"kagiura"},"content":"            }","lastModifiedDate":"2025-02-21","isFullCredit":false},{"lineNumber":35,"author":{"gitId":"kagiura"},"content":"            return new Deadline(deadlineDesc, deadline, taskDone);","lastModifiedDate":"2025-02-21","isFullCredit":false},{"lineNumber":36,"author":{"gitId":"kagiura"},"content":"","lastModifiedDate":"2025-02-21","isFullCredit":false},{"lineNumber":37,"author":{"gitId":"kagiura"},"content":"        case \u0027E\u0027:","lastModifiedDate":"2025-02-21","isFullCredit":false},{"lineNumber":38,"author":{"gitId":"kagiura"},"content":"            String eventDesc \u003d description.substring(7);","lastModifiedDate":"2025-02-21","isFullCredit":false},{"lineNumber":39,"author":{"gitId":"kagiura"},"content":"            String from \u003d \"\";","lastModifiedDate":"2025-02-21","isFullCredit":false},{"lineNumber":40,"author":{"gitId":"kagiura"},"content":"            String to \u003d \"\";","lastModifiedDate":"2025-02-21","isFullCredit":false},{"lineNumber":41,"author":{"gitId":"kagiura"},"content":"","lastModifiedDate":"2025-02-21","isFullCredit":false},{"lineNumber":42,"author":{"gitId":"kagiura"},"content":"            int fromIndex \u003d description.indexOf(\" (from: \", 1);","lastModifiedDate":"2025-02-21","isFullCredit":false},{"lineNumber":43,"author":{"gitId":"kagiura"},"content":"            int toIndex \u003d description.indexOf(\" to: \", 1);","lastModifiedDate":"2025-02-21","isFullCredit":false},{"lineNumber":44,"author":{"gitId":"kagiura"},"content":"            if (fromIndex !\u003d -1 \u0026\u0026 toIndex !\u003d -1) {","lastModifiedDate":"2025-02-21","isFullCredit":false},{"lineNumber":45,"author":{"gitId":"kagiura"},"content":"                eventDesc \u003d description.substring(7, fromIndex);","lastModifiedDate":"2025-02-21","isFullCredit":false},{"lineNumber":46,"author":{"gitId":"kagiura"},"content":"                from \u003d description.substring(fromIndex + 8, toIndex);","lastModifiedDate":"2025-02-21","isFullCredit":false},{"lineNumber":47,"author":{"gitId":"kagiura"},"content":"                to \u003d description.substring(toIndex + 5, description.length() - 1);","lastModifiedDate":"2025-02-21","isFullCredit":false},{"lineNumber":48,"author":{"gitId":"kagiura"},"content":"            }","lastModifiedDate":"2025-02-21","isFullCredit":false},{"lineNumber":49,"author":{"gitId":"kagiura"},"content":"","lastModifiedDate":"2025-02-21","isFullCredit":false},{"lineNumber":50,"author":{"gitId":"kagiura"},"content":"            return new Event(eventDesc, from, to, taskDone);","lastModifiedDate":"2025-02-21","isFullCredit":false},{"lineNumber":51,"author":{"gitId":"kagiura"},"content":"","lastModifiedDate":"2025-02-21","isFullCredit":false},{"lineNumber":52,"author":{"gitId":"kagiura"},"content":"        case \u0027T\u0027: // todo","lastModifiedDate":"2025-02-21","isFullCredit":false},{"lineNumber":53,"author":{"gitId":"kagiura"},"content":"        default: // just in case ??","lastModifiedDate":"2025-02-21","isFullCredit":false},{"lineNumber":54,"author":{"gitId":"kagiura"},"content":"            return new Todo(description.substring(7), taskDone);","lastModifiedDate":"2025-02-21","isFullCredit":false},{"lineNumber":55,"author":{"gitId":"kagiura"},"content":"        }","lastModifiedDate":"2025-02-21","isFullCredit":false},{"lineNumber":56,"author":{"gitId":"kagiura"},"content":"    }","lastModifiedDate":"2025-02-21","isFullCredit":false},{"lineNumber":57,"author":{"gitId":"kagiura"},"content":"","lastModifiedDate":"2025-02-21","isFullCredit":false},{"lineNumber":58,"author":{"gitId":"kagiura"},"content":"    public String getStatusIcon() {","lastModifiedDate":"2025-02-13","isFullCredit":false},{"lineNumber":59,"author":{"gitId":"kagiura"},"content":"        return (isDone ? \"X\" : \" \"); // mark done task with X","lastModifiedDate":"2025-02-13","isFullCredit":false},{"lineNumber":60,"author":{"gitId":"kagiura"},"content":"    }","lastModifiedDate":"2025-02-13","isFullCredit":false},{"lineNumber":61,"author":{"gitId":"kagiura"},"content":"","lastModifiedDate":"2025-02-13","isFullCredit":false},{"lineNumber":62,"author":{"gitId":"kagiura"},"content":"    public void print() {","lastModifiedDate":"2025-02-13","isFullCredit":false},{"lineNumber":63,"author":{"gitId":"kagiura"},"content":"        System.out.print(\"[\" + (isDone ? \"X\" : \" \") + \"] \");","lastModifiedDate":"2025-02-13","isFullCredit":false},{"lineNumber":64,"author":{"gitId":"kagiura"},"content":"        System.out.println(description);","lastModifiedDate":"2025-02-13","isFullCredit":false},{"lineNumber":65,"author":{"gitId":"kagiura"},"content":"    }","lastModifiedDate":"2025-02-13","isFullCredit":false},{"lineNumber":66,"author":{"gitId":"kagiura"},"content":"","lastModifiedDate":"2025-02-13","isFullCredit":false},{"lineNumber":67,"author":{"gitId":"kagiura"},"content":"    /**","lastModifiedDate":"2025-03-14","isFullCredit":false},{"lineNumber":68,"author":{"gitId":"kagiura"},"content":"     * Get the task description","lastModifiedDate":"2025-03-14","isFullCredit":false},{"lineNumber":69,"author":{"gitId":"kagiura"},"content":"     * @return String form of task description","lastModifiedDate":"2025-03-14","isFullCredit":false},{"lineNumber":70,"author":{"gitId":"kagiura"},"content":"     */","lastModifiedDate":"2025-03-14","isFullCredit":false},{"lineNumber":71,"author":{"gitId":"kagiura"},"content":"    public String getDescription() {","lastModifiedDate":"2025-03-14","isFullCredit":false},{"lineNumber":72,"author":{"gitId":"kagiura"},"content":"        return description;","lastModifiedDate":"2025-03-14","isFullCredit":false},{"lineNumber":73,"author":{"gitId":"kagiura"},"content":"    }","lastModifiedDate":"2025-03-14","isFullCredit":false},{"lineNumber":74,"author":{"gitId":"kagiura"},"content":"","lastModifiedDate":"2025-03-14","isFullCredit":false},{"lineNumber":75,"author":{"gitId":"kagiura"},"content":"    /**","lastModifiedDate":"2025-03-14","isFullCredit":false},{"lineNumber":76,"author":{"gitId":"kagiura"},"content":"     * Gets a simplified representation of the task","lastModifiedDate":"2025-03-14","isFullCredit":false},{"lineNumber":77,"author":{"gitId":"kagiura"},"content":"     * @return A string form of the task, including its done state","lastModifiedDate":"2025-03-14","isFullCredit":false},{"lineNumber":78,"author":{"gitId":"kagiura"},"content":"     */","lastModifiedDate":"2025-03-14","isFullCredit":false},{"lineNumber":79,"author":{"gitId":"kagiura"},"content":"    public String toString() {","lastModifiedDate":"2025-02-14","isFullCredit":false},{"lineNumber":80,"author":{"gitId":"kagiura"},"content":"        return \"[\" + (isDone ? \"X\" : \" \") + \"] \" + description;","lastModifiedDate":"2025-02-14","isFullCredit":false},{"lineNumber":81,"author":{"gitId":"kagiura"},"content":"    }","lastModifiedDate":"2025-02-14","isFullCredit":false},{"lineNumber":82,"author":{"gitId":"kagiura"},"content":"","lastModifiedDate":"2025-02-14","isFullCredit":false},{"lineNumber":83,"author":{"gitId":"kagiura"},"content":"    /**","lastModifiedDate":"2025-03-14","isFullCredit":false},{"lineNumber":84,"author":{"gitId":"kagiura"},"content":"     * Set the task to be done or not","lastModifiedDate":"2025-03-14","isFullCredit":false},{"lineNumber":85,"author":{"gitId":"kagiura"},"content":"     * @param done New state of task to be set","lastModifiedDate":"2025-03-14","isFullCredit":false},{"lineNumber":86,"author":{"gitId":"kagiura"},"content":"     */","lastModifiedDate":"2025-03-14","isFullCredit":false},{"lineNumber":87,"author":{"gitId":"kagiura"},"content":"    public void setDone(boolean done){","lastModifiedDate":"2025-02-14","isFullCredit":false},{"lineNumber":88,"author":{"gitId":"kagiura"},"content":"        isDone \u003d done;","lastModifiedDate":"2025-02-14","isFullCredit":false},{"lineNumber":89,"author":{"gitId":"kagiura"},"content":"    }","lastModifiedDate":"2025-02-14","isFullCredit":false},{"lineNumber":90,"author":{"gitId":"kagiura"},"content":"}","lastModifiedDate":"2025-02-13","isFullCredit":false}],"authorContributionMap":{"kagiura":90}},{"path":"src/main/java/TaskList.java","fileType":"java","lines":[{"lineNumber":1,"author":{"gitId":"kagiura"},"content":"import java.lang.reflect.Array;","lastModifiedDate":"2025-03-14","isFullCredit":false},{"lineNumber":2,"author":{"gitId":"kagiura"},"content":"import java.util.ArrayList;","lastModifiedDate":"2025-03-14","isFullCredit":false},{"lineNumber":3,"author":{"gitId":"kagiura"},"content":"","lastModifiedDate":"2025-03-14","isFullCredit":false},{"lineNumber":4,"author":{"gitId":"kagiura"},"content":"public class TaskList {","lastModifiedDate":"2025-03-14","isFullCredit":false},{"lineNumber":5,"author":{"gitId":"kagiura"},"content":"    private final ArrayList\u003cTask\u003e tasks;","lastModifiedDate":"2025-03-14","isFullCredit":false},{"lineNumber":6,"author":{"gitId":"kagiura"},"content":"    private final WenStorage WenStorage;","lastModifiedDate":"2025-03-14","isFullCredit":false},{"lineNumber":7,"author":{"gitId":"kagiura"},"content":"","lastModifiedDate":"2025-03-14","isFullCredit":false},{"lineNumber":8,"author":{"gitId":"kagiura"},"content":"    /**","lastModifiedDate":"2025-03-14","isFullCredit":false},{"lineNumber":9,"author":{"gitId":"kagiura"},"content":"     * Create a list of tasks, and initialize stored value from the default path","lastModifiedDate":"2025-03-14","isFullCredit":false},{"lineNumber":10,"author":{"gitId":"kagiura"},"content":"     * @see Task","lastModifiedDate":"2025-03-14","isFullCredit":false},{"lineNumber":11,"author":{"gitId":"kagiura"},"content":"     */","lastModifiedDate":"2025-03-14","isFullCredit":false},{"lineNumber":12,"author":{"gitId":"kagiura"},"content":"    public TaskList() {","lastModifiedDate":"2025-03-14","isFullCredit":false},{"lineNumber":13,"author":{"gitId":"kagiura"},"content":"        tasks \u003d new ArrayList\u003c\u003e();","lastModifiedDate":"2025-03-14","isFullCredit":false},{"lineNumber":14,"author":{"gitId":"kagiura"},"content":"        WenStorage \u003d new WenStorage();","lastModifiedDate":"2025-03-14","isFullCredit":false},{"lineNumber":15,"author":{"gitId":"kagiura"},"content":"    }","lastModifiedDate":"2025-03-14","isFullCredit":false},{"lineNumber":16,"author":{"gitId":"kagiura"},"content":"","lastModifiedDate":"2025-03-14","isFullCredit":false},{"lineNumber":17,"author":{"gitId":"kagiura"},"content":"    /**","lastModifiedDate":"2025-03-14","isFullCredit":false},{"lineNumber":18,"author":{"gitId":"kagiura"},"content":"     * Create a list of task, and initialize stored value from a custom path","lastModifiedDate":"2025-03-14","isFullCredit":false},{"lineNumber":19,"author":{"gitId":"kagiura"},"content":"     * @param filePath path of storage file","lastModifiedDate":"2025-03-14","isFullCredit":false},{"lineNumber":20,"author":{"gitId":"kagiura"},"content":"     * @see WenStorage","lastModifiedDate":"2025-03-14","isFullCredit":false},{"lineNumber":21,"author":{"gitId":"kagiura"},"content":"     */","lastModifiedDate":"2025-03-14","isFullCredit":false},{"lineNumber":22,"author":{"gitId":"kagiura"},"content":"    public TaskList(String filePath) {","lastModifiedDate":"2025-03-14","isFullCredit":false},{"lineNumber":23,"author":{"gitId":"kagiura"},"content":"        tasks \u003d new ArrayList\u003c\u003e();","lastModifiedDate":"2025-03-14","isFullCredit":false},{"lineNumber":24,"author":{"gitId":"kagiura"},"content":"        WenStorage \u003d new WenStorage(filePath);","lastModifiedDate":"2025-03-14","isFullCredit":false},{"lineNumber":25,"author":{"gitId":"kagiura"},"content":"        initializeFromStorage(filePath);","lastModifiedDate":"2025-03-14","isFullCredit":false},{"lineNumber":26,"author":{"gitId":"kagiura"},"content":"    }","lastModifiedDate":"2025-03-14","isFullCredit":false},{"lineNumber":27,"author":{"gitId":"kagiura"},"content":"","lastModifiedDate":"2025-03-14","isFullCredit":false},{"lineNumber":28,"author":{"gitId":"kagiura"},"content":"    /**","lastModifiedDate":"2025-03-14","isFullCredit":false},{"lineNumber":29,"author":{"gitId":"kagiura"},"content":"     * Return size of task list","lastModifiedDate":"2025-03-14","isFullCredit":false},{"lineNumber":30,"author":{"gitId":"kagiura"},"content":"     * @return integer, size of list","lastModifiedDate":"2025-03-14","isFullCredit":false},{"lineNumber":31,"author":{"gitId":"kagiura"},"content":"     */","lastModifiedDate":"2025-03-14","isFullCredit":false},{"lineNumber":32,"author":{"gitId":"kagiura"},"content":"    private int count() {","lastModifiedDate":"2025-03-14","isFullCredit":false},{"lineNumber":33,"author":{"gitId":"kagiura"},"content":"        return tasks.size();","lastModifiedDate":"2025-03-14","isFullCredit":false},{"lineNumber":34,"author":{"gitId":"kagiura"},"content":"    }","lastModifiedDate":"2025-03-14","isFullCredit":false},{"lineNumber":35,"author":{"gitId":"kagiura"},"content":"","lastModifiedDate":"2025-03-14","isFullCredit":false},{"lineNumber":36,"author":{"gitId":"kagiura"},"content":"    /**","lastModifiedDate":"2025-03-14","isFullCredit":false},{"lineNumber":37,"author":{"gitId":"kagiura"},"content":"     * Prettifies and prints all tasks on the list","lastModifiedDate":"2025-03-14","isFullCredit":false},{"lineNumber":38,"author":{"gitId":"kagiura"},"content":"     */","lastModifiedDate":"2025-03-14","isFullCredit":false},{"lineNumber":39,"author":{"gitId":"kagiura"},"content":"    public void print() {","lastModifiedDate":"2025-03-14","isFullCredit":false},{"lineNumber":40,"author":{"gitId":"kagiura"},"content":"        System.out.println(\"You currently have \" + count() + \" tasks!\");","lastModifiedDate":"2025-03-14","isFullCredit":false},{"lineNumber":41,"author":{"gitId":"kagiura"},"content":"        for (int i \u003d 0; i \u003c count(); i++) {","lastModifiedDate":"2025-03-14","isFullCredit":false},{"lineNumber":42,"author":{"gitId":"kagiura"},"content":"            System.out.println(i + 1 + \". \" + tasks.get(i));","lastModifiedDate":"2025-03-14","isFullCredit":false},{"lineNumber":43,"author":{"gitId":"kagiura"},"content":"        }","lastModifiedDate":"2025-03-14","isFullCredit":false},{"lineNumber":44,"author":{"gitId":"kagiura"},"content":"    }","lastModifiedDate":"2025-03-14","isFullCredit":false},{"lineNumber":45,"author":{"gitId":"kagiura"},"content":"","lastModifiedDate":"2025-03-14","isFullCredit":false},{"lineNumber":46,"author":{"gitId":"kagiura"},"content":"    private void updateStorage() {","lastModifiedDate":"2025-03-14","isFullCredit":false},{"lineNumber":47,"author":{"gitId":"kagiura"},"content":"        WenStorage.writeToFile(tasks.stream().map(Task::toString).toArray(String[]::new));","lastModifiedDate":"2025-03-14","isFullCredit":false},{"lineNumber":48,"author":{"gitId":"kagiura"},"content":"    }","lastModifiedDate":"2025-03-14","isFullCredit":false},{"lineNumber":49,"author":{"gitId":"kagiura"},"content":"","lastModifiedDate":"2025-03-14","isFullCredit":false},{"lineNumber":50,"author":{"gitId":"kagiura"},"content":"    /**","lastModifiedDate":"2025-03-14","isFullCredit":false},{"lineNumber":51,"author":{"gitId":"kagiura"},"content":"     * Find index of task","lastModifiedDate":"2025-03-14","isFullCredit":false},{"lineNumber":52,"author":{"gitId":"kagiura"},"content":"     * @param task task to locate","lastModifiedDate":"2025-03-14","isFullCredit":false},{"lineNumber":53,"author":{"gitId":"kagiura"},"content":"     * @return integer index, -1 if not found","lastModifiedDate":"2025-03-14","isFullCredit":false},{"lineNumber":54,"author":{"gitId":"kagiura"},"content":"     */","lastModifiedDate":"2025-03-14","isFullCredit":false},{"lineNumber":55,"author":{"gitId":"kagiura"},"content":"    public int getIndex(Task task) {","lastModifiedDate":"2025-03-14","isFullCredit":false},{"lineNumber":56,"author":{"gitId":"kagiura"},"content":"        for (int i \u003d 0; i \u003c count(); i++) {","lastModifiedDate":"2025-03-14","isFullCredit":false},{"lineNumber":57,"author":{"gitId":"kagiura"},"content":"            if (tasks.get(i).equals(task)) {","lastModifiedDate":"2025-03-14","isFullCredit":false},{"lineNumber":58,"author":{"gitId":"kagiura"},"content":"                return i;","lastModifiedDate":"2025-03-14","isFullCredit":false},{"lineNumber":59,"author":{"gitId":"kagiura"},"content":"            }","lastModifiedDate":"2025-03-14","isFullCredit":false},{"lineNumber":60,"author":{"gitId":"kagiura"},"content":"        }","lastModifiedDate":"2025-03-14","isFullCredit":false},{"lineNumber":61,"author":{"gitId":"kagiura"},"content":"        return -1;","lastModifiedDate":"2025-03-14","isFullCredit":false},{"lineNumber":62,"author":{"gitId":"kagiura"},"content":"    }","lastModifiedDate":"2025-03-14","isFullCredit":false},{"lineNumber":63,"author":{"gitId":"kagiura"},"content":"","lastModifiedDate":"2025-03-14","isFullCredit":false},{"lineNumber":64,"author":{"gitId":"kagiura"},"content":"    /**","lastModifiedDate":"2025-03-14","isFullCredit":false},{"lineNumber":65,"author":{"gitId":"kagiura"},"content":"     * Remove task from list","lastModifiedDate":"2025-03-14","isFullCredit":false},{"lineNumber":66,"author":{"gitId":"kagiura"},"content":"     * @param taskIndex index of task to be removed","lastModifiedDate":"2025-03-14","isFullCredit":false},{"lineNumber":67,"author":{"gitId":"kagiura"},"content":"     */","lastModifiedDate":"2025-03-14","isFullCredit":false},{"lineNumber":68,"author":{"gitId":"kagiura"},"content":"    public void deleteTask(int taskIndex) {","lastModifiedDate":"2025-03-14","isFullCredit":false},{"lineNumber":69,"author":{"gitId":"kagiura"},"content":"        String taskToDelete \u003d tasks.get(taskIndex - 1).toString();","lastModifiedDate":"2025-03-14","isFullCredit":false},{"lineNumber":70,"author":{"gitId":"kagiura"},"content":"        tasks.remove(taskIndex -1);","lastModifiedDate":"2025-03-14","isFullCredit":false},{"lineNumber":71,"author":{"gitId":"kagiura"},"content":"        updateStorage();","lastModifiedDate":"2025-03-14","isFullCredit":false},{"lineNumber":72,"author":{"gitId":"kagiura"},"content":"        System.out.println(\"Task \" + taskIndex + \" has been deleted!\");","lastModifiedDate":"2025-03-14","isFullCredit":false},{"lineNumber":73,"author":{"gitId":"kagiura"},"content":"        System.out.println(\"(\" + taskToDelete + \")\");","lastModifiedDate":"2025-03-14","isFullCredit":false},{"lineNumber":74,"author":{"gitId":"kagiura"},"content":"        System.out.println(\"You currently have \" + count() + \" tasks!\");","lastModifiedDate":"2025-03-14","isFullCredit":false},{"lineNumber":75,"author":{"gitId":"kagiura"},"content":"    }","lastModifiedDate":"2025-03-14","isFullCredit":false},{"lineNumber":76,"author":{"gitId":"kagiura"},"content":"","lastModifiedDate":"2025-03-14","isFullCredit":false},{"lineNumber":77,"author":{"gitId":"kagiura"},"content":"    /**","lastModifiedDate":"2025-03-14","isFullCredit":false},{"lineNumber":78,"author":{"gitId":"kagiura"},"content":"     * Mark task as complete / incomplete","lastModifiedDate":"2025-03-14","isFullCredit":false},{"lineNumber":79,"author":{"gitId":"kagiura"},"content":"     * @param taskIndex index of task to check","lastModifiedDate":"2025-03-14","isFullCredit":false},{"lineNumber":80,"author":{"gitId":"kagiura"},"content":"     * @param done status to be set","lastModifiedDate":"2025-03-14","isFullCredit":false},{"lineNumber":81,"author":{"gitId":"kagiura"},"content":"     */","lastModifiedDate":"2025-03-14","isFullCredit":false},{"lineNumber":82,"author":{"gitId":"kagiura"},"content":"    public void markTask(int taskIndex, boolean done) {","lastModifiedDate":"2025-03-14","isFullCredit":false},{"lineNumber":83,"author":{"gitId":"kagiura"},"content":"        Task task \u003d tasks.get(taskIndex - 1);","lastModifiedDate":"2025-03-14","isFullCredit":false},{"lineNumber":84,"author":{"gitId":"kagiura"},"content":"        task.setDone(done);","lastModifiedDate":"2025-03-14","isFullCredit":false},{"lineNumber":85,"author":{"gitId":"kagiura"},"content":"        updateStorage();","lastModifiedDate":"2025-03-14","isFullCredit":false},{"lineNumber":86,"author":{"gitId":"kagiura"},"content":"        if (done) {","lastModifiedDate":"2025-03-14","isFullCredit":false},{"lineNumber":87,"author":{"gitId":"kagiura"},"content":"            System.out.println(\"Task marked as done: \" + task);","lastModifiedDate":"2025-03-14","isFullCredit":false},{"lineNumber":88,"author":{"gitId":"kagiura"},"content":"        } else {","lastModifiedDate":"2025-03-14","isFullCredit":false},{"lineNumber":89,"author":{"gitId":"kagiura"},"content":"            System.out.println(\"Task marked as incomplete: \" + task);","lastModifiedDate":"2025-03-14","isFullCredit":false},{"lineNumber":90,"author":{"gitId":"kagiura"},"content":"        }","lastModifiedDate":"2025-03-14","isFullCredit":false},{"lineNumber":91,"author":{"gitId":"kagiura"},"content":"    }","lastModifiedDate":"2025-03-14","isFullCredit":false},{"lineNumber":92,"author":{"gitId":"kagiura"},"content":"","lastModifiedDate":"2025-03-14","isFullCredit":false},{"lineNumber":93,"author":{"gitId":"kagiura"},"content":"    /**","lastModifiedDate":"2025-03-14","isFullCredit":false},{"lineNumber":94,"author":{"gitId":"kagiura"},"content":"     * Find task based on a string search query (has to be exact match)","lastModifiedDate":"2025-03-14","isFullCredit":false},{"lineNumber":95,"author":{"gitId":"kagiura"},"content":"     * @param query string to search for in descriptions","lastModifiedDate":"2025-03-14","isFullCredit":false},{"lineNumber":96,"author":{"gitId":"kagiura"},"content":"     * @return a list of tasks that match the query","lastModifiedDate":"2025-03-14","isFullCredit":false},{"lineNumber":97,"author":{"gitId":"kagiura"},"content":"     */","lastModifiedDate":"2025-03-14","isFullCredit":false},{"lineNumber":98,"author":{"gitId":"kagiura"},"content":"    public ArrayList\u003cTask\u003e findTask(String query) {","lastModifiedDate":"2025-03-14","isFullCredit":false},{"lineNumber":99,"author":{"gitId":"kagiura"},"content":"        ArrayList\u003cTask\u003e foundTasks \u003d new ArrayList\u003c\u003e();","lastModifiedDate":"2025-03-14","isFullCredit":false},{"lineNumber":100,"author":{"gitId":"kagiura"},"content":"        for (int i \u003d 0; i \u003c count(); i++) {","lastModifiedDate":"2025-03-14","isFullCredit":false},{"lineNumber":101,"author":{"gitId":"kagiura"},"content":"            if (tasks.get(i).getDescription().contains(query)) {","lastModifiedDate":"2025-03-14","isFullCredit":false},{"lineNumber":102,"author":{"gitId":"kagiura"},"content":"                foundTasks.add(tasks.get(i));","lastModifiedDate":"2025-03-14","isFullCredit":false},{"lineNumber":103,"author":{"gitId":"kagiura"},"content":"            }","lastModifiedDate":"2025-03-14","isFullCredit":false},{"lineNumber":104,"author":{"gitId":"kagiura"},"content":"        }","lastModifiedDate":"2025-03-14","isFullCredit":false},{"lineNumber":105,"author":{"gitId":"kagiura"},"content":"        return foundTasks;","lastModifiedDate":"2025-03-14","isFullCredit":false},{"lineNumber":106,"author":{"gitId":"kagiura"},"content":"    }","lastModifiedDate":"2025-03-14","isFullCredit":false},{"lineNumber":107,"author":{"gitId":"kagiura"},"content":"","lastModifiedDate":"2025-03-14","isFullCredit":false},{"lineNumber":108,"author":{"gitId":"kagiura"},"content":"    public void addTodo(String description) {","lastModifiedDate":"2025-03-14","isFullCredit":false},{"lineNumber":109,"author":{"gitId":"kagiura"},"content":"        tasks.add(new Todo(description));","lastModifiedDate":"2025-03-14","isFullCredit":false},{"lineNumber":110,"author":{"gitId":"kagiura"},"content":"        updateStorage();","lastModifiedDate":"2025-03-14","isFullCredit":false},{"lineNumber":111,"author":{"gitId":"kagiura"},"content":"        System.out.println(\"Task added successfully:\" + tasks.get(tasks.size() - 1));","lastModifiedDate":"2025-03-14","isFullCredit":false},{"lineNumber":112,"author":{"gitId":"kagiura"},"content":"    }","lastModifiedDate":"2025-03-14","isFullCredit":false},{"lineNumber":113,"author":{"gitId":"kagiura"},"content":"","lastModifiedDate":"2025-03-14","isFullCredit":false},{"lineNumber":114,"author":{"gitId":"kagiura"},"content":"    public void addDeadline(String desc, String by) {","lastModifiedDate":"2025-03-14","isFullCredit":false},{"lineNumber":115,"author":{"gitId":"kagiura"},"content":"        tasks.add(new Deadline(desc, by));","lastModifiedDate":"2025-03-14","isFullCredit":false},{"lineNumber":116,"author":{"gitId":"kagiura"},"content":"        updateStorage();","lastModifiedDate":"2025-03-14","isFullCredit":false},{"lineNumber":117,"author":{"gitId":"kagiura"},"content":"        System.out.println(\"Task added successfully:\" + tasks.get(tasks.size() - 1));","lastModifiedDate":"2025-03-14","isFullCredit":false},{"lineNumber":118,"author":{"gitId":"kagiura"},"content":"    }","lastModifiedDate":"2025-03-14","isFullCredit":false},{"lineNumber":119,"author":{"gitId":"kagiura"},"content":"","lastModifiedDate":"2025-03-14","isFullCredit":false},{"lineNumber":120,"author":{"gitId":"kagiura"},"content":"    public void addEvent(String desc, String from, String to) {","lastModifiedDate":"2025-03-14","isFullCredit":false},{"lineNumber":121,"author":{"gitId":"kagiura"},"content":"        tasks.add(new Event(desc, from, to));","lastModifiedDate":"2025-03-14","isFullCredit":false},{"lineNumber":122,"author":{"gitId":"kagiura"},"content":"        updateStorage();","lastModifiedDate":"2025-03-14","isFullCredit":false},{"lineNumber":123,"author":{"gitId":"kagiura"},"content":"        System.out.println(\"Task added successfully:\" + tasks.get(tasks.size() - 1));","lastModifiedDate":"2025-03-14","isFullCredit":false},{"lineNumber":124,"author":{"gitId":"kagiura"},"content":"    }","lastModifiedDate":"2025-03-14","isFullCredit":false},{"lineNumber":125,"author":{"gitId":"kagiura"},"content":"","lastModifiedDate":"2025-03-14","isFullCredit":false},{"lineNumber":126,"author":{"gitId":"kagiura"},"content":"    public void initializeFromStorage(String filePath){","lastModifiedDate":"2025-03-14","isFullCredit":false},{"lineNumber":127,"author":{"gitId":"kagiura"},"content":"        if (!WenStorage.isFileExists()) {","lastModifiedDate":"2025-03-14","isFullCredit":false},{"lineNumber":128,"author":{"gitId":"kagiura"},"content":"            WenStorage.writeToFile(new String[0]);","lastModifiedDate":"2025-03-14","isFullCredit":false},{"lineNumber":129,"author":{"gitId":"kagiura"},"content":"        }","lastModifiedDate":"2025-03-14","isFullCredit":false},{"lineNumber":130,"author":{"gitId":"kagiura"},"content":"        String[] data \u003d WenStorage.readFromFile();","lastModifiedDate":"2025-03-14","isFullCredit":false},{"lineNumber":131,"author":{"gitId":"kagiura"},"content":"        if (data.length \u003e 0) {","lastModifiedDate":"2025-03-14","isFullCredit":false},{"lineNumber":132,"author":{"gitId":"kagiura"},"content":"            System.out.println(\"[I\u0027ve loaded \" + data.length + \" tasks from your local storage!]\");","lastModifiedDate":"2025-03-14","isFullCredit":false},{"lineNumber":133,"author":{"gitId":"kagiura"},"content":"            for (String datum : data) {","lastModifiedDate":"2025-03-14","isFullCredit":false},{"lineNumber":134,"author":{"gitId":"kagiura"},"content":"                Task t \u003d new Task(\"\").fromString(datum);","lastModifiedDate":"2025-03-14","isFullCredit":false},{"lineNumber":135,"author":{"gitId":"kagiura"},"content":"                tasks.add(t);","lastModifiedDate":"2025-03-14","isFullCredit":false},{"lineNumber":136,"author":{"gitId":"kagiura"},"content":"            }","lastModifiedDate":"2025-03-14","isFullCredit":false},{"lineNumber":137,"author":{"gitId":"kagiura"},"content":"        }","lastModifiedDate":"2025-03-14","isFullCredit":false},{"lineNumber":138,"author":{"gitId":"kagiura"},"content":"    }","lastModifiedDate":"2025-03-14","isFullCredit":false},{"lineNumber":139,"author":{"gitId":"kagiura"},"content":"}","lastModifiedDate":"2025-03-14","isFullCredit":false}],"authorContributionMap":{"kagiura":139}},{"path":"src/main/java/Todo.java","fileType":"java","lines":[{"lineNumber":1,"author":{"gitId":"kagiura"},"content":"public class Todo extends Task {","lastModifiedDate":"2025-02-14","isFullCredit":false},{"lineNumber":2,"author":{"gitId":"kagiura"},"content":"","lastModifiedDate":"2025-02-14","isFullCredit":false},{"lineNumber":3,"author":{"gitId":"kagiura"},"content":"    public Todo(String description) {","lastModifiedDate":"2025-02-14","isFullCredit":false},{"lineNumber":4,"author":{"gitId":"kagiura"},"content":"        super(description);","lastModifiedDate":"2025-02-14","isFullCredit":false},{"lineNumber":5,"author":{"gitId":"kagiura"},"content":"    }","lastModifiedDate":"2025-02-14","isFullCredit":false},{"lineNumber":6,"author":{"gitId":"kagiura"},"content":"","lastModifiedDate":"2025-02-14","isFullCredit":false},{"lineNumber":7,"author":{"gitId":"kagiura"},"content":"    public Todo(String description, boolean done) {","lastModifiedDate":"2025-02-21","isFullCredit":false},{"lineNumber":8,"author":{"gitId":"kagiura"},"content":"        super(description);","lastModifiedDate":"2025-02-21","isFullCredit":false},{"lineNumber":9,"author":{"gitId":"kagiura"},"content":"        this.isDone \u003d done;","lastModifiedDate":"2025-02-21","isFullCredit":false},{"lineNumber":10,"author":{"gitId":"kagiura"},"content":"    }","lastModifiedDate":"2025-02-21","isFullCredit":false},{"lineNumber":11,"author":{"gitId":"kagiura"},"content":"","lastModifiedDate":"2025-02-21","isFullCredit":false},{"lineNumber":12,"author":{"gitId":"kagiura"},"content":"    @Override","lastModifiedDate":"2025-02-14","isFullCredit":false},{"lineNumber":13,"author":{"gitId":"kagiura"},"content":"    public String toString() {","lastModifiedDate":"2025-02-14","isFullCredit":false},{"lineNumber":14,"author":{"gitId":"kagiura"},"content":"        return \"[T]\" + super.toString();","lastModifiedDate":"2025-02-14","isFullCredit":false},{"lineNumber":15,"author":{"gitId":"kagiura"},"content":"    }","lastModifiedDate":"2025-02-14","isFullCredit":false},{"lineNumber":16,"author":{"gitId":"kagiura"},"content":"}","lastModifiedDate":"2025-02-14","isFullCredit":false}],"authorContributionMap":{"kagiura":16}},{"path":"src/main/java/Ui.java","fileType":"java","lines":[{"lineNumber":1,"author":{"gitId":"kagiura"},"content":"public class Ui {","lastModifiedDate":"2025-03-14","isFullCredit":false},{"lineNumber":2,"author":{"gitId":"kagiura"},"content":"    /**","lastModifiedDate":"2025-03-14","isFullCredit":false},{"lineNumber":3,"author":{"gitId":"kagiura"},"content":"     * Greet users when starting app","lastModifiedDate":"2025-03-14","isFullCredit":false},{"lineNumber":4,"author":{"gitId":"kagiura"},"content":"     */","lastModifiedDate":"2025-03-14","isFullCredit":false},{"lineNumber":5,"author":{"gitId":"kagiura"},"content":"    public static void greet() {","lastModifiedDate":"2025-03-14","isFullCredit":false},{"lineNumber":6,"author":{"gitId":"kagiura"},"content":"        System.out.println(\"Hello, I\u0027m Wen!\");","lastModifiedDate":"2025-03-14","isFullCredit":false},{"lineNumber":7,"author":{"gitId":"kagiura"},"content":"        System.out.println(\"Let me know what I can help you with~☆\");","lastModifiedDate":"2025-03-14","isFullCredit":false},{"lineNumber":8,"author":{"gitId":"kagiura"},"content":"    }","lastModifiedDate":"2025-03-14","isFullCredit":false},{"lineNumber":9,"author":{"gitId":"kagiura"},"content":"","lastModifiedDate":"2025-03-14","isFullCredit":false},{"lineNumber":10,"author":{"gitId":"kagiura"},"content":"    /**","lastModifiedDate":"2025-03-14","isFullCredit":false},{"lineNumber":11,"author":{"gitId":"kagiura"},"content":"     * Say goodbye to server when quitting app","lastModifiedDate":"2025-03-14","isFullCredit":false},{"lineNumber":12,"author":{"gitId":"kagiura"},"content":"     */","lastModifiedDate":"2025-03-14","isFullCredit":false},{"lineNumber":13,"author":{"gitId":"kagiura"},"content":"    public static void goodbye() {","lastModifiedDate":"2025-03-14","isFullCredit":false},{"lineNumber":14,"author":{"gitId":"kagiura"},"content":"        System.out.println();","lastModifiedDate":"2025-03-14","isFullCredit":false},{"lineNumber":15,"author":{"gitId":"kagiura"},"content":"        System.out.println(\"Aw, you\u0027re already going?\");","lastModifiedDate":"2025-03-14","isFullCredit":false},{"lineNumber":16,"author":{"gitId":"kagiura"},"content":"        System.out.println(\"It\u0027s okay, let\u0027s meet again soon!\");","lastModifiedDate":"2025-03-14","isFullCredit":false},{"lineNumber":17,"author":{"gitId":"kagiura"},"content":"    }","lastModifiedDate":"2025-03-14","isFullCredit":false},{"lineNumber":18,"author":{"gitId":"kagiura"},"content":"}","lastModifiedDate":"2025-03-14","isFullCredit":false}],"authorContributionMap":{"kagiura":18}},{"path":"src/main/java/Wen.java","fileType":"java","lines":[{"lineNumber":1,"author":{"gitId":"kagiura"},"content":"import java.util.ArrayList;","lastModifiedDate":"2025-02-20","isFullCredit":false},{"lineNumber":2,"author":{"gitId":"kagiura"},"content":"import java.util.Arrays;","lastModifiedDate":"2025-02-21","isFullCredit":false},{"lineNumber":3,"author":{"gitId":"kagiura"},"content":"import java.util.Scanner;","lastModifiedDate":"2025-02-07","isFullCredit":false},{"lineNumber":4,"author":{"gitId":"kagiura"},"content":"","lastModifiedDate":"2025-02-07","isFullCredit":false},{"lineNumber":5,"author":{"gitId":"kagiura"},"content":"public class Wen {","lastModifiedDate":"2025-02-07","isFullCredit":false},{"lineNumber":6,"author":{"gitId":"kagiura"},"content":"//    private static String storagePath \u003d \"./wen-storage.txt\";","lastModifiedDate":"2025-03-14","isFullCredit":false},{"lineNumber":7,"author":{"gitId":"kagiura"},"content":"    private final TaskList tasks;","lastModifiedDate":"2025-03-14","isFullCredit":false},{"lineNumber":8,"author":{"gitId":"kagiura"},"content":"","lastModifiedDate":"2025-03-14","isFullCredit":false},{"lineNumber":9,"author":{"gitId":"kagiura"},"content":"    private Wen(String storagePath) {","lastModifiedDate":"2025-03-14","isFullCredit":false},{"lineNumber":10,"author":{"gitId":"kagiura"},"content":"        tasks \u003d new TaskList(storagePath);","lastModifiedDate":"2025-03-14","isFullCredit":false},{"lineNumber":11,"author":{"gitId":"kagiura"},"content":"    }","lastModifiedDate":"2025-03-14","isFullCredit":false},{"lineNumber":12,"author":{"gitId":"kagiura"},"content":"","lastModifiedDate":"2025-03-14","isFullCredit":false},{"lineNumber":13,"author":{"gitId":"kagiura"},"content":"    private void run() {","lastModifiedDate":"2025-03-14","isFullCredit":false},{"lineNumber":14,"author":{"gitId":"kagiura"},"content":"","lastModifiedDate":"2025-02-13","isFullCredit":false},{"lineNumber":15,"author":{"gitId":"kagiura"},"content":"        Ui.greet();","lastModifiedDate":"2025-03-14","isFullCredit":false},{"lineNumber":16,"author":{"gitId":"kagiura"},"content":"","lastModifiedDate":"2025-02-07","isFullCredit":false},{"lineNumber":17,"author":{"gitId":"kagiura"},"content":"        String input \u003d \"\";","lastModifiedDate":"2025-02-13","isFullCredit":false},{"lineNumber":18,"author":{"gitId":"kagiura"},"content":"        Scanner in \u003d new Scanner(System.in);","lastModifiedDate":"2025-02-07","isFullCredit":false},{"lineNumber":19,"author":{"gitId":"kagiura"},"content":"","lastModifiedDate":"2025-02-07","isFullCredit":false},{"lineNumber":20,"author":{"gitId":"kagiura"},"content":"","lastModifiedDate":"2025-02-20","isFullCredit":false},{"lineNumber":21,"author":{"gitId":"kagiura"},"content":"        while (!input.equals(\"bye\")) {","lastModifiedDate":"2025-02-13","isFullCredit":false},{"lineNumber":22,"author":{"gitId":"kagiura"},"content":"            Parser command \u003d new Parser(input);","lastModifiedDate":"2025-03-14","isFullCredit":false},{"lineNumber":23,"author":{"gitId":"kagiura"},"content":"","lastModifiedDate":"2025-02-13","isFullCredit":false},{"lineNumber":24,"author":{"gitId":"kagiura"},"content":"            switch (command.getName()) {","lastModifiedDate":"2025-03-14","isFullCredit":false},{"lineNumber":25,"author":{"gitId":"kagiura"},"content":"            case \"\":","lastModifiedDate":"2025-02-14","isFullCredit":false},{"lineNumber":26,"author":{"gitId":"kagiura"},"content":"                break;","lastModifiedDate":"2025-02-07","isFullCredit":false},{"lineNumber":27,"author":{"gitId":"kagiura"},"content":"","lastModifiedDate":"2025-02-13","isFullCredit":false},{"lineNumber":28,"author":{"gitId":"kagiura"},"content":"            case \"list\":","lastModifiedDate":"2025-02-13","isFullCredit":false},{"lineNumber":29,"author":{"gitId":"kagiura"},"content":"                tasks.print();","lastModifiedDate":"2025-03-14","isFullCredit":false},{"lineNumber":30,"author":{"gitId":"kagiura"},"content":"                break;","lastModifiedDate":"2025-02-13","isFullCredit":false},{"lineNumber":31,"author":{"gitId":"kagiura"},"content":"","lastModifiedDate":"2025-02-13","isFullCredit":false},{"lineNumber":32,"author":{"gitId":"kagiura"},"content":"            case \"delete\":","lastModifiedDate":"2025-02-20","isFullCredit":false},{"lineNumber":33,"author":{"gitId":"kagiura"},"content":"                try {","lastModifiedDate":"2025-02-20","isFullCredit":false},{"lineNumber":34,"author":{"gitId":"kagiura"},"content":"                    int taskIndex \u003d Integer.parseInt(command.getArg());","lastModifiedDate":"2025-03-14","isFullCredit":false},{"lineNumber":35,"author":{"gitId":"kagiura"},"content":"                    tasks.deleteTask(taskIndex);","lastModifiedDate":"2025-03-14","isFullCredit":false},{"lineNumber":36,"author":{"gitId":"kagiura"},"content":"                } catch (NumberFormatException e) {","lastModifiedDate":"2025-02-20","isFullCredit":false},{"lineNumber":37,"author":{"gitId":"kagiura"},"content":"                    System.out.println(\"The task number is formatted incorrectly!\");","lastModifiedDate":"2025-02-20","isFullCredit":false},{"lineNumber":38,"author":{"gitId":"kagiura"},"content":"                } catch (NullPointerException | IndexOutOfBoundsException e) {","lastModifiedDate":"2025-03-14","isFullCredit":false},{"lineNumber":39,"author":{"gitId":"kagiura"},"content":"                    System.out.println(\"This task doesn\u0027t exist!\");","lastModifiedDate":"2025-02-20","isFullCredit":false},{"lineNumber":40,"author":{"gitId":"kagiura"},"content":"                }","lastModifiedDate":"2025-02-20","isFullCredit":false},{"lineNumber":41,"author":{"gitId":"kagiura"},"content":"                break;","lastModifiedDate":"2025-02-20","isFullCredit":false},{"lineNumber":42,"author":{"gitId":"kagiura"},"content":"","lastModifiedDate":"2025-02-20","isFullCredit":false},{"lineNumber":43,"author":{"gitId":"kagiura"},"content":"            case \"find\":","lastModifiedDate":"2025-03-14","isFullCredit":false},{"lineNumber":44,"author":{"gitId":"kagiura"},"content":"                ArrayList\u003cTask\u003e foundTasks \u003d tasks.findTask(command.getArg());","lastModifiedDate":"2025-03-14","isFullCredit":false},{"lineNumber":45,"author":{"gitId":"kagiura"},"content":"                if (foundTasks.isEmpty()) {","lastModifiedDate":"2025-03-14","isFullCredit":false},{"lineNumber":46,"author":{"gitId":"kagiura"},"content":"                    System.out.println(\"There are no tasks found!\");","lastModifiedDate":"2025-03-14","isFullCredit":false},{"lineNumber":47,"author":{"gitId":"kagiura"},"content":"                } else {","lastModifiedDate":"2025-03-14","isFullCredit":false},{"lineNumber":48,"author":{"gitId":"kagiura"},"content":"                    System.out.println(\"Found \" + foundTasks.size() + \" tasks!\");","lastModifiedDate":"2025-03-14","isFullCredit":false},{"lineNumber":49,"author":{"gitId":"kagiura"},"content":"                    for (Task task : foundTasks) {","lastModifiedDate":"2025-03-14","isFullCredit":false},{"lineNumber":50,"author":{"gitId":"kagiura"},"content":"                        System.out.print(tasks.getIndex(task)+1);","lastModifiedDate":"2025-03-14","isFullCredit":false},{"lineNumber":51,"author":{"gitId":"kagiura"},"content":"                        System.out.print(\". \");","lastModifiedDate":"2025-03-14","isFullCredit":false},{"lineNumber":52,"author":{"gitId":"kagiura"},"content":"                        System.out.println(task);","lastModifiedDate":"2025-03-14","isFullCredit":false},{"lineNumber":53,"author":{"gitId":"kagiura"},"content":"                    }","lastModifiedDate":"2025-03-14","isFullCredit":false},{"lineNumber":54,"author":{"gitId":"kagiura"},"content":"                }","lastModifiedDate":"2025-03-14","isFullCredit":false},{"lineNumber":55,"author":{"gitId":"kagiura"},"content":"                break;","lastModifiedDate":"2025-03-14","isFullCredit":false},{"lineNumber":56,"author":{"gitId":"kagiura"},"content":"","lastModifiedDate":"2025-03-14","isFullCredit":false},{"lineNumber":57,"author":{"gitId":"kagiura"},"content":"            case \"mark\":","lastModifiedDate":"2025-02-14","isFullCredit":false},{"lineNumber":58,"author":{"gitId":"kagiura"},"content":"            case \"unmark\":","lastModifiedDate":"2025-02-14","isFullCredit":false},{"lineNumber":59,"author":{"gitId":"kagiura"},"content":"                try {","lastModifiedDate":"2025-02-14","isFullCredit":false},{"lineNumber":60,"author":{"gitId":"kagiura"},"content":"                    int taskIndex \u003d Integer.parseInt(command.getArg());","lastModifiedDate":"2025-03-14","isFullCredit":false},{"lineNumber":61,"author":{"gitId":"kagiura"},"content":"                    tasks.markTask(taskIndex, command.equals(\"mark\"));","lastModifiedDate":"2025-03-14","isFullCredit":false},{"lineNumber":62,"author":{"gitId":"kagiura"},"content":"                } catch (NumberFormatException e) {","lastModifiedDate":"2025-02-14","isFullCredit":false},{"lineNumber":63,"author":{"gitId":"kagiura"},"content":"                    System.out.println(\"The task number is formatted incorrectly!\");","lastModifiedDate":"2025-02-14","isFullCredit":false},{"lineNumber":64,"author":{"gitId":"kagiura"},"content":"                } catch (NullPointerException | IndexOutOfBoundsException e) {","lastModifiedDate":"2025-03-14","isFullCredit":false},{"lineNumber":65,"author":{"gitId":"kagiura"},"content":"                    System.out.println(\"This task doesn\u0027t exist!\");","lastModifiedDate":"2025-02-14","isFullCredit":false},{"lineNumber":66,"author":{"gitId":"kagiura"},"content":"                }","lastModifiedDate":"2025-02-14","isFullCredit":false},{"lineNumber":67,"author":{"gitId":"kagiura"},"content":"                break;","lastModifiedDate":"2025-02-14","isFullCredit":false},{"lineNumber":68,"author":{"gitId":"kagiura"},"content":"","lastModifiedDate":"2025-02-13","isFullCredit":false},{"lineNumber":69,"author":{"gitId":"kagiura"},"content":"            case \"todo\":","lastModifiedDate":"2025-02-14","isFullCredit":false},{"lineNumber":70,"author":{"gitId":"kagiura"},"content":"                if (!command.hasArg()) {","lastModifiedDate":"2025-03-14","isFullCredit":false},{"lineNumber":71,"author":{"gitId":"kagiura"},"content":"                    System.out.println(\"Please specify a description for this todo!\");","lastModifiedDate":"2025-03-14","isFullCredit":false},{"lineNumber":72,"author":{"gitId":"kagiura"},"content":"                    break;","lastModifiedDate":"2025-03-14","isFullCredit":false},{"lineNumber":73,"author":{"gitId":"kagiura"},"content":"                }","lastModifiedDate":"2025-03-14","isFullCredit":false},{"lineNumber":74,"author":{"gitId":"kagiura"},"content":"                tasks.addTodo(command.getArg());","lastModifiedDate":"2025-03-14","isFullCredit":false},{"lineNumber":75,"author":{"gitId":"kagiura"},"content":"                break;","lastModifiedDate":"2025-02-14","isFullCredit":false},{"lineNumber":76,"author":{"gitId":"kagiura"},"content":"","lastModifiedDate":"2025-02-14","isFullCredit":false},{"lineNumber":77,"author":{"gitId":"kagiura"},"content":"            case \"deadline\":","lastModifiedDate":"2025-02-14","isFullCredit":false},{"lineNumber":78,"author":{"gitId":"kagiura"},"content":"                if (!command.hasArg()) {","lastModifiedDate":"2025-03-14","isFullCredit":false},{"lineNumber":79,"author":{"gitId":"kagiura"},"content":"                    System.out.println(\"Please specify a description for this deadline!\");","lastModifiedDate":"2025-03-14","isFullCredit":false},{"lineNumber":80,"author":{"gitId":"kagiura"},"content":"                    break;","lastModifiedDate":"2025-03-14","isFullCredit":false},{"lineNumber":81,"author":{"gitId":"kagiura"},"content":"                }","lastModifiedDate":"2025-03-14","isFullCredit":false},{"lineNumber":82,"author":{"gitId":"kagiura"},"content":"                if (!command.hasArg(\"by\")) {","lastModifiedDate":"2025-03-14","isFullCredit":false},{"lineNumber":83,"author":{"gitId":"kagiura"},"content":"                    System.out.println(\"Please specify a due date using /by!\");","lastModifiedDate":"2025-02-14","isFullCredit":false},{"lineNumber":84,"author":{"gitId":"kagiura"},"content":"                    break;","lastModifiedDate":"2025-02-14","isFullCredit":false},{"lineNumber":85,"author":{"gitId":"kagiura"},"content":"                }","lastModifiedDate":"2025-02-14","isFullCredit":false},{"lineNumber":86,"author":{"gitId":"kagiura"},"content":"","lastModifiedDate":"2025-02-14","isFullCredit":false},{"lineNumber":87,"author":{"gitId":"kagiura"},"content":"                tasks.addDeadline(command.getArg(), command.getArg(\"by\"));","lastModifiedDate":"2025-03-14","isFullCredit":false},{"lineNumber":88,"author":{"gitId":"kagiura"},"content":"                break;","lastModifiedDate":"2025-02-14","isFullCredit":false},{"lineNumber":89,"author":{"gitId":"kagiura"},"content":"","lastModifiedDate":"2025-02-14","isFullCredit":false},{"lineNumber":90,"author":{"gitId":"kagiura"},"content":"            case \"event\":","lastModifiedDate":"2025-02-14","isFullCredit":false},{"lineNumber":91,"author":{"gitId":"kagiura"},"content":"                if (!command.hasArg()) {","lastModifiedDate":"2025-03-14","isFullCredit":false},{"lineNumber":92,"author":{"gitId":"kagiura"},"content":"                    System.out.println(\"Please specify a description for this event!\");","lastModifiedDate":"2025-03-14","isFullCredit":false},{"lineNumber":93,"author":{"gitId":"kagiura"},"content":"                    break;","lastModifiedDate":"2025-03-14","isFullCredit":false},{"lineNumber":94,"author":{"gitId":"kagiura"},"content":"                }","lastModifiedDate":"2025-03-14","isFullCredit":false},{"lineNumber":95,"author":{"gitId":"kagiura"},"content":"                if (!command.hasArg(\"from\") || !command.hasArg(\"to\")) {","lastModifiedDate":"2025-03-14","isFullCredit":false},{"lineNumber":96,"author":{"gitId":"kagiura"},"content":"                    System.out.println(\"Please specify the event duration using /from and /to!\");","lastModifiedDate":"2025-02-14","isFullCredit":false},{"lineNumber":97,"author":{"gitId":"kagiura"},"content":"                    System.out.println(\"Example: \\\"event Birthday party /from 6pm /to 8pm\\\"\");","lastModifiedDate":"2025-02-20","isFullCredit":false},{"lineNumber":98,"author":{"gitId":"kagiura"},"content":"                    break;","lastModifiedDate":"2025-02-14","isFullCredit":false},{"lineNumber":99,"author":{"gitId":"kagiura"},"content":"                }","lastModifiedDate":"2025-02-14","isFullCredit":false},{"lineNumber":100,"author":{"gitId":"kagiura"},"content":"","lastModifiedDate":"2025-02-14","isFullCredit":false},{"lineNumber":101,"author":{"gitId":"kagiura"},"content":"                tasks.addEvent(command.getArg(), command.getArg(\"from\"), command.getArg(\"to\"));","lastModifiedDate":"2025-03-14","isFullCredit":false},{"lineNumber":102,"author":{"gitId":"kagiura"},"content":"                break;","lastModifiedDate":"2025-02-14","isFullCredit":false},{"lineNumber":103,"author":{"gitId":"kagiura"},"content":"","lastModifiedDate":"2025-02-14","isFullCredit":false},{"lineNumber":104,"author":{"gitId":"kagiura"},"content":"            default:","lastModifiedDate":"2025-02-07","isFullCredit":false},{"lineNumber":105,"author":{"gitId":"kagiura"},"content":"                System.out.println(\"Unknown command \\\"\" + command.getName() + \"\\\"! Double check your message and try running again~\");","lastModifiedDate":"2025-03-14","isFullCredit":false},{"lineNumber":106,"author":{"gitId":"kagiura"},"content":"                break;","lastModifiedDate":"2025-02-07","isFullCredit":false},{"lineNumber":107,"author":{"gitId":"kagiura"},"content":"            }","lastModifiedDate":"2025-02-07","isFullCredit":false},{"lineNumber":108,"author":{"gitId":"kagiura"},"content":"","lastModifiedDate":"2025-02-20","isFullCredit":false},{"lineNumber":109,"author":{"gitId":"kagiura"},"content":"            input \u003d in.nextLine();","lastModifiedDate":"2025-02-20","isFullCredit":false},{"lineNumber":110,"author":{"gitId":"kagiura"},"content":"        }","lastModifiedDate":"2025-02-07","isFullCredit":false},{"lineNumber":111,"author":{"gitId":"kagiura"},"content":"","lastModifiedDate":"2025-02-07","isFullCredit":false},{"lineNumber":112,"author":{"gitId":"kagiura"},"content":"        Ui.goodbye();","lastModifiedDate":"2025-03-14","isFullCredit":false},{"lineNumber":113,"author":{"gitId":"kagiura"},"content":"        System.exit(0);","lastModifiedDate":"2025-03-14","isFullCredit":false},{"lineNumber":114,"author":{"gitId":"kagiura"},"content":"    }","lastModifiedDate":"2025-02-07","isFullCredit":false},{"lineNumber":115,"author":{"gitId":"kagiura"},"content":"","lastModifiedDate":"2025-02-07","isFullCredit":false},{"lineNumber":116,"author":{"gitId":"kagiura"},"content":"    public static void main(String[] args) {","lastModifiedDate":"2025-03-14","isFullCredit":false},{"lineNumber":117,"author":{"gitId":"kagiura"},"content":"        new Wen(\"./wen-storage.txt\").run();","lastModifiedDate":"2025-03-14","isFullCredit":false},{"lineNumber":118,"author":{"gitId":"kagiura"},"content":"    }","lastModifiedDate":"2025-03-14","isFullCredit":false},{"lineNumber":119,"author":{"gitId":"kagiura"},"content":"","lastModifiedDate":"2025-03-14","isFullCredit":false},{"lineNumber":120,"author":{"gitId":"kagiura"},"content":"}","lastModifiedDate":"2025-02-07","isFullCredit":false}],"authorContributionMap":{"kagiura":120}},{"path":"src/main/java/WenStorage.java","fileType":"java","lines":[{"lineNumber":1,"author":{"gitId":"kagiura"},"content":"import java.io.File;","lastModifiedDate":"2025-02-21","isFullCredit":false},{"lineNumber":2,"author":{"gitId":"kagiura"},"content":"import java.io.FileNotFoundException;","lastModifiedDate":"2025-02-21","isFullCredit":false},{"lineNumber":3,"author":{"gitId":"kagiura"},"content":"import java.io.FileWriter;","lastModifiedDate":"2025-02-21","isFullCredit":false},{"lineNumber":4,"author":{"gitId":"kagiura"},"content":"import java.io.IOException;","lastModifiedDate":"2025-02-21","isFullCredit":false},{"lineNumber":5,"author":{"gitId":"kagiura"},"content":"import java.util.ArrayList;","lastModifiedDate":"2025-02-21","isFullCredit":false},{"lineNumber":6,"author":{"gitId":"kagiura"},"content":"import java.util.Arrays;","lastModifiedDate":"2025-02-21","isFullCredit":false},{"lineNumber":7,"author":{"gitId":"kagiura"},"content":"import java.util.Scanner;","lastModifiedDate":"2025-02-21","isFullCredit":false},{"lineNumber":8,"author":{"gitId":"kagiura"},"content":"","lastModifiedDate":"2025-02-21","isFullCredit":false},{"lineNumber":9,"author":{"gitId":"kagiura"},"content":"public class WenStorage {","lastModifiedDate":"2025-02-21","isFullCredit":false},{"lineNumber":10,"author":{"gitId":"kagiura"},"content":"    private final String filePath;","lastModifiedDate":"2025-03-14","isFullCredit":false},{"lineNumber":11,"author":{"gitId":"kagiura"},"content":"    private final File storageFile;","lastModifiedDate":"2025-03-14","isFullCredit":false},{"lineNumber":12,"author":{"gitId":"kagiura"},"content":"","lastModifiedDate":"2025-02-21","isFullCredit":false},{"lineNumber":13,"author":{"gitId":"kagiura"},"content":"    /**","lastModifiedDate":"2025-03-14","isFullCredit":false},{"lineNumber":14,"author":{"gitId":"kagiura"},"content":"     * Create a new storage instance using the default file path","lastModifiedDate":"2025-03-14","isFullCredit":false},{"lineNumber":15,"author":{"gitId":"kagiura"},"content":"     */","lastModifiedDate":"2025-03-14","isFullCredit":false},{"lineNumber":16,"author":{"gitId":"kagiura"},"content":"    public WenStorage() {","lastModifiedDate":"2025-03-14","isFullCredit":false},{"lineNumber":17,"author":{"gitId":"kagiura"},"content":"        filePath \u003d \"./wen-storage.txt\";","lastModifiedDate":"2025-03-14","isFullCredit":false},{"lineNumber":18,"author":{"gitId":"kagiura"},"content":"        storageFile \u003d new File(filePath);","lastModifiedDate":"2025-03-14","isFullCredit":false},{"lineNumber":19,"author":{"gitId":"kagiura"},"content":"    }","lastModifiedDate":"2025-03-14","isFullCredit":false},{"lineNumber":20,"author":{"gitId":"kagiura"},"content":"","lastModifiedDate":"2025-03-14","isFullCredit":false},{"lineNumber":21,"author":{"gitId":"kagiura"},"content":"    /**","lastModifiedDate":"2025-03-14","isFullCredit":false},{"lineNumber":22,"author":{"gitId":"kagiura"},"content":"     * Create a new storage instance using a custom file path","lastModifiedDate":"2025-03-14","isFullCredit":false},{"lineNumber":23,"author":{"gitId":"kagiura"},"content":"     * @param customFilePath path to save info to, relative to the main code","lastModifiedDate":"2025-03-14","isFullCredit":false},{"lineNumber":24,"author":{"gitId":"kagiura"},"content":"     */","lastModifiedDate":"2025-03-14","isFullCredit":false},{"lineNumber":25,"author":{"gitId":"kagiura"},"content":"    public WenStorage(String customFilePath) {","lastModifiedDate":"2025-03-14","isFullCredit":false},{"lineNumber":26,"author":{"gitId":"kagiura"},"content":"        filePath \u003d customFilePath;","lastModifiedDate":"2025-03-14","isFullCredit":false},{"lineNumber":27,"author":{"gitId":"kagiura"},"content":"        storageFile \u003d new File(filePath);","lastModifiedDate":"2025-03-14","isFullCredit":false},{"lineNumber":28,"author":{"gitId":"kagiura"},"content":"    }","lastModifiedDate":"2025-03-14","isFullCredit":false},{"lineNumber":29,"author":{"gitId":"kagiura"},"content":"","lastModifiedDate":"2025-03-14","isFullCredit":false},{"lineNumber":30,"author":{"gitId":"kagiura"},"content":"    /**","lastModifiedDate":"2025-03-14","isFullCredit":false},{"lineNumber":31,"author":{"gitId":"kagiura"},"content":"     * Check if the storage file exists","lastModifiedDate":"2025-03-14","isFullCredit":false},{"lineNumber":32,"author":{"gitId":"kagiura"},"content":"     * @return boolean to represent file state","lastModifiedDate":"2025-03-14","isFullCredit":false},{"lineNumber":33,"author":{"gitId":"kagiura"},"content":"     */","lastModifiedDate":"2025-03-14","isFullCredit":false},{"lineNumber":34,"author":{"gitId":"kagiura"},"content":"    public boolean isFileExists() {","lastModifiedDate":"2025-03-14","isFullCredit":false},{"lineNumber":35,"author":{"gitId":"kagiura"},"content":"        return storageFile.exists();","lastModifiedDate":"2025-02-21","isFullCredit":false},{"lineNumber":36,"author":{"gitId":"kagiura"},"content":"    }","lastModifiedDate":"2025-02-21","isFullCredit":false},{"lineNumber":37,"author":{"gitId":"kagiura"},"content":"","lastModifiedDate":"2025-02-21","isFullCredit":false},{"lineNumber":38,"author":{"gitId":"kagiura"},"content":"    /**","lastModifiedDate":"2025-03-14","isFullCredit":false},{"lineNumber":39,"author":{"gitId":"kagiura"},"content":"     * Write any string to file","lastModifiedDate":"2025-03-14","isFullCredit":false},{"lineNumber":40,"author":{"gitId":"kagiura"},"content":"     * @param data array of strings, to be joined in the saved file with newlines (\\n)","lastModifiedDate":"2025-03-14","isFullCredit":false},{"lineNumber":41,"author":{"gitId":"kagiura"},"content":"     */","lastModifiedDate":"2025-03-14","isFullCredit":false},{"lineNumber":42,"author":{"gitId":"kagiura"},"content":"    public void writeToFile(String[] data) {","lastModifiedDate":"2025-03-14","isFullCredit":false},{"lineNumber":43,"author":{"gitId":"kagiura"},"content":"        String dataString \u003d \"\";","lastModifiedDate":"2025-02-21","isFullCredit":false},{"lineNumber":44,"author":{"gitId":"kagiura"},"content":"        for (String datum : data) {","lastModifiedDate":"2025-02-21","isFullCredit":false},{"lineNumber":45,"author":{"gitId":"kagiura"},"content":"            dataString +\u003d datum;","lastModifiedDate":"2025-02-21","isFullCredit":false},{"lineNumber":46,"author":{"gitId":"kagiura"},"content":"            dataString +\u003d System.lineSeparator();","lastModifiedDate":"2025-02-21","isFullCredit":false},{"lineNumber":47,"author":{"gitId":"kagiura"},"content":"        }","lastModifiedDate":"2025-02-21","isFullCredit":false},{"lineNumber":48,"author":{"gitId":"kagiura"},"content":"        FileWriter fw \u003d null;","lastModifiedDate":"2025-02-21","isFullCredit":false},{"lineNumber":49,"author":{"gitId":"kagiura"},"content":"        try {","lastModifiedDate":"2025-02-21","isFullCredit":false},{"lineNumber":50,"author":{"gitId":"kagiura"},"content":"            fw \u003d new FileWriter(filePath);","lastModifiedDate":"2025-02-21","isFullCredit":false},{"lineNumber":51,"author":{"gitId":"kagiura"},"content":"            fw.write(","lastModifiedDate":"2025-02-21","isFullCredit":false},{"lineNumber":52,"author":{"gitId":"kagiura"},"content":"                dataString","lastModifiedDate":"2025-02-21","isFullCredit":false},{"lineNumber":53,"author":{"gitId":"kagiura"},"content":"            );","lastModifiedDate":"2025-02-21","isFullCredit":false},{"lineNumber":54,"author":{"gitId":"kagiura"},"content":"            fw.close();","lastModifiedDate":"2025-02-21","isFullCredit":false},{"lineNumber":55,"author":{"gitId":"kagiura"},"content":"        } catch (IOException e) {","lastModifiedDate":"2025-02-21","isFullCredit":false},{"lineNumber":56,"author":{"gitId":"kagiura"},"content":"            System.out.println(\"Error writing to file! This may be because your memory is full, or the file is corrupted :(\");","lastModifiedDate":"2025-02-21","isFullCredit":false},{"lineNumber":57,"author":{"gitId":"kagiura"},"content":"        }","lastModifiedDate":"2025-02-21","isFullCredit":false},{"lineNumber":58,"author":{"gitId":"kagiura"},"content":"    }","lastModifiedDate":"2025-02-21","isFullCredit":false},{"lineNumber":59,"author":{"gitId":"kagiura"},"content":"","lastModifiedDate":"2025-02-21","isFullCredit":false},{"lineNumber":60,"author":{"gitId":"kagiura"},"content":"    /**","lastModifiedDate":"2025-03-14","isFullCredit":false},{"lineNumber":61,"author":{"gitId":"kagiura"},"content":"     * Read from file and return as strings","lastModifiedDate":"2025-03-14","isFullCredit":false},{"lineNumber":62,"author":{"gitId":"kagiura"},"content":"     * @return array of strings, delimited with newlines (\\n)","lastModifiedDate":"2025-03-14","isFullCredit":false},{"lineNumber":63,"author":{"gitId":"kagiura"},"content":"     */","lastModifiedDate":"2025-03-14","isFullCredit":false},{"lineNumber":64,"author":{"gitId":"kagiura"},"content":"    public String[] readFromFile() {","lastModifiedDate":"2025-03-14","isFullCredit":false},{"lineNumber":65,"author":{"gitId":"kagiura"},"content":"        ArrayList\u003cString\u003e output \u003d new ArrayList\u003c\u003e();","lastModifiedDate":"2025-02-21","isFullCredit":false},{"lineNumber":66,"author":{"gitId":"kagiura"},"content":"        Scanner s \u003d null;","lastModifiedDate":"2025-03-14","isFullCredit":false},{"lineNumber":67,"author":{"gitId":"kagiura"},"content":"        try {","lastModifiedDate":"2025-02-21","isFullCredit":false},{"lineNumber":68,"author":{"gitId":"kagiura"},"content":"            s \u003d new Scanner(storageFile);","lastModifiedDate":"2025-02-21","isFullCredit":false},{"lineNumber":69,"author":{"gitId":"kagiura"},"content":"            while (s.hasNext()) {","lastModifiedDate":"2025-02-21","isFullCredit":false},{"lineNumber":70,"author":{"gitId":"kagiura"},"content":"                output.add(s.nextLine());","lastModifiedDate":"2025-02-21","isFullCredit":false},{"lineNumber":71,"author":{"gitId":"kagiura"},"content":"            }","lastModifiedDate":"2025-02-21","isFullCredit":false},{"lineNumber":72,"author":{"gitId":"kagiura"},"content":"        } catch (FileNotFoundException e) {","lastModifiedDate":"2025-02-21","isFullCredit":false},{"lineNumber":73,"author":{"gitId":"kagiura"},"content":"            System.out.println(\"File not found!\");","lastModifiedDate":"2025-02-21","isFullCredit":false},{"lineNumber":74,"author":{"gitId":"kagiura"},"content":"        }","lastModifiedDate":"2025-02-21","isFullCredit":false},{"lineNumber":75,"author":{"gitId":"kagiura"},"content":"        return output.toArray(new String[0]);","lastModifiedDate":"2025-02-21","isFullCredit":false},{"lineNumber":76,"author":{"gitId":"kagiura"},"content":"    }","lastModifiedDate":"2025-02-21","isFullCredit":false},{"lineNumber":77,"author":{"gitId":"kagiura"},"content":"}","lastModifiedDate":"2025-02-21","isFullCredit":false}],"authorContributionMap":{"kagiura":77}},{"path":"text-ui-test/input.txt","fileType":"txt","lines":[{"lineNumber":1,"author":{"gitId":"kagiura"},"content":"test","lastModifiedDate":"2025-02-20","isFullCredit":false},{"lineNumber":2,"author":{"gitId":"kagiura"},"content":"event hello /to tomorrow /from today","lastModifiedDate":"2025-02-20","isFullCredit":false},{"lineNumber":3,"author":{"gitId":"kagiura"},"content":"todo hi","lastModifiedDate":"2025-02-20","isFullCredit":false},{"lineNumber":4,"author":{"gitId":"kagiura"},"content":"list","lastModifiedDate":"2025-02-20","isFullCredit":false}],"authorContributionMap":{"kagiura":4}},{"path":"text-ui-test/runtest.sh","fileType":"sh","lines":[{"lineNumber":1,"author":{"gitId":"-"},"content":"#!/usr/bin/env bash","lastModifiedDate":"2020-05-25","isFullCredit":false},{"lineNumber":2,"author":{"gitId":"-"},"content":"","lastModifiedDate":"2020-05-25","isFullCredit":false},{"lineNumber":3,"author":{"gitId":"-"},"content":"# create bin directory if it doesn\u0027t exist","lastModifiedDate":"2020-05-25","isFullCredit":false},{"lineNumber":4,"author":{"gitId":"-"},"content":"if [ ! -d \"../bin\" ]","lastModifiedDate":"2020-05-25","isFullCredit":false},{"lineNumber":5,"author":{"gitId":"-"},"content":"then","lastModifiedDate":"2020-05-25","isFullCredit":false},{"lineNumber":6,"author":{"gitId":"-"},"content":"    mkdir ../bin","lastModifiedDate":"2020-05-25","isFullCredit":false},{"lineNumber":7,"author":{"gitId":"-"},"content":"fi","lastModifiedDate":"2020-05-25","isFullCredit":false},{"lineNumber":8,"author":{"gitId":"-"},"content":"","lastModifiedDate":"2020-05-25","isFullCredit":false},{"lineNumber":9,"author":{"gitId":"-"},"content":"# delete output from previous run","lastModifiedDate":"2020-05-25","isFullCredit":false},{"lineNumber":10,"author":{"gitId":"-"},"content":"if [ -e \"./ACTUAL.TXT\" ]","lastModifiedDate":"2020-05-25","isFullCredit":false},{"lineNumber":11,"author":{"gitId":"-"},"content":"then","lastModifiedDate":"2020-05-25","isFullCredit":false},{"lineNumber":12,"author":{"gitId":"-"},"content":"    rm ACTUAL.TXT","lastModifiedDate":"2020-05-25","isFullCredit":false},{"lineNumber":13,"author":{"gitId":"-"},"content":"fi","lastModifiedDate":"2020-05-25","isFullCredit":false},{"lineNumber":14,"author":{"gitId":"-"},"content":"","lastModifiedDate":"2020-05-25","isFullCredit":false},{"lineNumber":15,"author":{"gitId":"-"},"content":"# compile the code into the bin folder, terminates if error occurred","lastModifiedDate":"2020-05-25","isFullCredit":false},{"lineNumber":16,"author":{"gitId":"kagiura"},"content":"if ! javac -cp ../src/main/java -Xlint:none -d ../bin ../src/main/java/Wen.java","lastModifiedDate":"2025-02-20","isFullCredit":false},{"lineNumber":17,"author":{"gitId":"-"},"content":"then","lastModifiedDate":"2020-05-25","isFullCredit":false},{"lineNumber":18,"author":{"gitId":"-"},"content":"    echo \"********** BUILD FAILURE **********\"","lastModifiedDate":"2020-05-25","isFullCredit":false},{"lineNumber":19,"author":{"gitId":"-"},"content":"    exit 1","lastModifiedDate":"2020-05-25","isFullCredit":false},{"lineNumber":20,"author":{"gitId":"-"},"content":"fi","lastModifiedDate":"2020-05-25","isFullCredit":false},{"lineNumber":21,"author":{"gitId":"-"},"content":"","lastModifiedDate":"2020-05-25","isFullCredit":false},{"lineNumber":22,"author":{"gitId":"-"},"content":"# run the program, feed commands from input.txt file and redirect the output to the ACTUAL.TXT","lastModifiedDate":"2020-05-25","isFullCredit":false},{"lineNumber":23,"author":{"gitId":"kagiura"},"content":"java -classpath ../bin Wen \u003c input.txt \u003e ACTUAL.TXT","lastModifiedDate":"2025-02-20","isFullCredit":false},{"lineNumber":24,"author":{"gitId":"-"},"content":"","lastModifiedDate":"2020-05-25","isFullCredit":false},{"lineNumber":25,"author":{"gitId":"-"},"content":"# convert to UNIX format","lastModifiedDate":"2020-05-25","isFullCredit":false},{"lineNumber":26,"author":{"gitId":"-"},"content":"cp EXPECTED.TXT EXPECTED-UNIX.TXT","lastModifiedDate":"2020-05-25","isFullCredit":false},{"lineNumber":27,"author":{"gitId":"-"},"content":"dos2unix ACTUAL.TXT EXPECTED-UNIX.TXT","lastModifiedDate":"2020-05-25","isFullCredit":false},{"lineNumber":28,"author":{"gitId":"-"},"content":"","lastModifiedDate":"2020-05-25","isFullCredit":false},{"lineNumber":29,"author":{"gitId":"-"},"content":"# compare the output to the expected output","lastModifiedDate":"2020-05-25","isFullCredit":false},{"lineNumber":30,"author":{"gitId":"-"},"content":"diff ACTUAL.TXT EXPECTED-UNIX.TXT","lastModifiedDate":"2020-05-25","isFullCredit":false},{"lineNumber":31,"author":{"gitId":"-"},"content":"if [ $? -eq 0 ]","lastModifiedDate":"2020-05-25","isFullCredit":false},{"lineNumber":32,"author":{"gitId":"-"},"content":"then","lastModifiedDate":"2020-05-25","isFullCredit":false},{"lineNumber":33,"author":{"gitId":"-"},"content":"    echo \"Test result: PASSED\"","lastModifiedDate":"2020-05-25","isFullCredit":false},{"lineNumber":34,"author":{"gitId":"-"},"content":"    exit 0","lastModifiedDate":"2020-05-25","isFullCredit":false},{"lineNumber":35,"author":{"gitId":"-"},"content":"else","lastModifiedDate":"2020-05-25","isFullCredit":false},{"lineNumber":36,"author":{"gitId":"-"},"content":"    echo \"Test result: FAILED\"","lastModifiedDate":"2020-05-25","isFullCredit":false},{"lineNumber":37,"author":{"gitId":"-"},"content":"    exit 1","lastModifiedDate":"2020-05-25","isFullCredit":false},{"lineNumber":38,"author":{"gitId":"-"},"content":"fi","lastModifiedDate":"2020-05-25","isFullCredit":false}],"authorContributionMap":{"kagiura":2,"-":36}}]
