{"authorDailyContributionsMap":{"kagiura":[{"date":"2025-02-07","commitResults":[{"hash":"01b61c9e9e263240bac6d0e6497d4f80548aedf3","isMergeCommit":false,"messageTitle":"add basic initial greeting / terminating msgs","messageBody":"","tags":["Level-0"],"fileTypesAndContributionMap":{"java":{"insertions":17,"deletions":10}}},{"hash":"43d34ef9d071478cca6440b05af55de86b890cdd","isMergeCommit":false,"messageTitle":"setup basic command struct / echo","messageBody":"","tags":["Level-1"],"fileTypesAndContributionMap":{"java":{"insertions":20,"deletions":0}}}]},{"date":"2025-02-13","commitResults":[{"hash":"7796838a25f1c430b2e6135898374eeb96aa5193","isMergeCommit":false,"messageTitle":"add tasks","messageBody":"","tags":["Level-2","A-Classes"],"fileTypesAndContributionMap":{"java":{"insertions":55,"deletions":4}}}]},{"date":"2025-02-14","commitResults":[{"hash":"64ccab761f9abb95a13ba8de3e715b17aa297e54","isMergeCommit":false,"messageTitle":"add complete/incomplete statuses","messageBody":"","tags":["Level-3","A-CodingStandard"],"fileTypesAndContributionMap":{"java":{"insertions":29,"deletions":3}}},{"hash":"3e2bd41f6b1b8c31ad3f5386b865b6f7a7791f42","isMergeCommit":false,"messageTitle":"add todos, deadlines, and events","messageBody":"","tags":["Level-4"],"fileTypesAndContributionMap":{"java":{"insertions":90,"deletions":3}}}]},{"date":"2025-02-20","commitResults":[{"hash":"e5d9ddf4999b6143911cd18b999a2d9826c515f2","isMergeCommit":false,"messageTitle":"add basic text-based testing","messageBody":"","tags":["A-TextUiTesting"],"fileTypesAndContributionMap":{"txt":{"insertions":4,"deletions":0},"sh":{"insertions":2,"deletions":2}}},{"hash":"6a25e19ba061cd06c82f7dcd8ceeca6f499e4179","isMergeCommit":false,"messageTitle":"clean up code + linted","messageBody":"","tags":["A-CodeQuality"],"fileTypesAndContributionMap":{"java":{"insertions":50,"deletions":58}}},{"hash":"f6832d8a3ef318c61ab8f3665e6b51067d9754a4","isMergeCommit":false,"messageTitle":"add more description error messages","messageBody":"","tags":["Level-5"],"fileTypesAndContributionMap":{"java":{"insertions":1,"deletions":0}}},{"hash":"a5aaf5d60a021bff4df266fc343054b965bd3b92","isMergeCommit":false,"messageTitle":"switch to arraylist for dynamic task storage","messageBody":"","tags":["A-Collections"],"fileTypesAndContributionMap":{"java":{"insertions":16,"deletions":16}}},{"hash":"41056b3cfa262e782a2cae167f4c4860c6d0f016","isMergeCommit":false,"messageTitle":"add deletion function","messageBody":"","tags":["Level-6"],"fileTypesAndContributionMap":{"java":{"insertions":20,"deletions":1}}}]},{"date":"2025-02-21","commitResults":[{"hash":"2e25409db86b94c4e2d60bfdaed9e247ce8fa5f9","isMergeCommit":false,"messageTitle":"add local saving","messageBody":"","tags":["Level-7"],"fileTypesAndContributionMap":{"java":{"insertions":133,"deletions":2}}},{"hash":"a288193af6f2d2848d0d86cb6fe7a46b3509afb3","isMergeCommit":true,"messageTitle":"add local saving","messageBody":"","tags":["A-Jar"],"fileTypesAndContributionMap":{}}]}]},"authorFileTypeContributionMap":{"kagiura":{"java":345,"md":0,"fxml":0,"sh":2,"bat":0,"gradle":0,"txt":4}},"authorContributionVariance":{"kagiura":1436.2488},"authorDisplayNameMap":{"kagiura":"CS2113-W12-1 SITT..PARN"}}
