[{"path":"src/main/java/EchoBox.java","fileType":"java","lines":[{"lineNumber":1,"author":{"gitId":"swethacool"},"content":"import java.util.Scanner;","lastModifiedDate":"2025-02-03","isFullCredit":false},{"lineNumber":2,"author":{"gitId":"swethacool"},"content":"","lastModifiedDate":"2025-02-03","isFullCredit":false},{"lineNumber":3,"author":{"gitId":"swethacool"},"content":"public class EchoBox {","lastModifiedDate":"2025-02-03","isFullCredit":false},{"lineNumber":4,"author":{"gitId":"swethacool"},"content":"    // Task class to represent a task","lastModifiedDate":"2025-02-03","isFullCredit":false},{"lineNumber":5,"author":{"gitId":"swethacool"},"content":"    static class Task {","lastModifiedDate":"2025-02-03","isFullCredit":false},{"lineNumber":6,"author":{"gitId":"swethacool"},"content":"        protected String description;","lastModifiedDate":"2025-02-03","isFullCredit":false},{"lineNumber":7,"author":{"gitId":"swethacool"},"content":"        protected boolean isDone;","lastModifiedDate":"2025-02-03","isFullCredit":false},{"lineNumber":8,"author":{"gitId":"swethacool"},"content":"","lastModifiedDate":"2025-02-03","isFullCredit":false},{"lineNumber":9,"author":{"gitId":"swethacool"},"content":"        public Task(String description) {","lastModifiedDate":"2025-02-03","isFullCredit":false},{"lineNumber":10,"author":{"gitId":"swethacool"},"content":"            this.description \u003d description;","lastModifiedDate":"2025-02-03","isFullCredit":false},{"lineNumber":11,"author":{"gitId":"swethacool"},"content":"            this.isDone \u003d false;","lastModifiedDate":"2025-02-03","isFullCredit":false},{"lineNumber":12,"author":{"gitId":"swethacool"},"content":"        }","lastModifiedDate":"2025-02-03","isFullCredit":false},{"lineNumber":13,"author":{"gitId":"swethacool"},"content":"","lastModifiedDate":"2025-02-04","isFullCredit":false},{"lineNumber":14,"author":{"gitId":"swethacool"},"content":"        public String getStatusIcon() {","lastModifiedDate":"2025-02-03","isFullCredit":false},{"lineNumber":15,"author":{"gitId":"swethacool"},"content":"            return (isDone ? \"[X]\" : \"[ ] \");","lastModifiedDate":"2025-02-04","isFullCredit":false},{"lineNumber":16,"author":{"gitId":"swethacool"},"content":"        }   ","lastModifiedDate":"2025-02-03","isFullCredit":false},{"lineNumber":17,"author":{"gitId":"swethacool"},"content":"","lastModifiedDate":"2025-02-04","isFullCredit":false},{"lineNumber":18,"author":{"gitId":"swethacool"},"content":"        public void markAsDone() {","lastModifiedDate":"2025-02-03","isFullCredit":false},{"lineNumber":19,"author":{"gitId":"swethacool"},"content":"            isDone \u003d true;","lastModifiedDate":"2025-02-03","isFullCredit":false},{"lineNumber":20,"author":{"gitId":"swethacool"},"content":"        }","lastModifiedDate":"2025-02-03","isFullCredit":false},{"lineNumber":21,"author":{"gitId":"swethacool"},"content":"","lastModifiedDate":"2025-02-04","isFullCredit":false},{"lineNumber":22,"author":{"gitId":"swethacool"},"content":"        public void unmarkAsDone() {","lastModifiedDate":"2025-02-03","isFullCredit":false},{"lineNumber":23,"author":{"gitId":"swethacool"},"content":"            isDone \u003d false;","lastModifiedDate":"2025-02-03","isFullCredit":false},{"lineNumber":24,"author":{"gitId":"swethacool"},"content":"        }","lastModifiedDate":"2025-02-03","isFullCredit":false},{"lineNumber":25,"author":{"gitId":"swethacool"},"content":"","lastModifiedDate":"2025-02-04","isFullCredit":false},{"lineNumber":26,"author":{"gitId":"swethacool"},"content":"        @Override","lastModifiedDate":"2025-02-04","isFullCredit":false},{"lineNumber":27,"author":{"gitId":"swethacool"},"content":"        public String toString() {","lastModifiedDate":"2025-02-04","isFullCredit":false},{"lineNumber":28,"author":{"gitId":"swethacool"},"content":"            return getStatusIcon() + \" \" + description;","lastModifiedDate":"2025-02-04","isFullCredit":false},{"lineNumber":29,"author":{"gitId":"swethacool"},"content":"        }","lastModifiedDate":"2025-02-04","isFullCredit":false},{"lineNumber":30,"author":{"gitId":"swethacool"},"content":"    }","lastModifiedDate":"2025-02-04","isFullCredit":false},{"lineNumber":31,"author":{"gitId":"swethacool"},"content":"","lastModifiedDate":"2025-02-04","isFullCredit":false},{"lineNumber":32,"author":{"gitId":"swethacool"},"content":"    // Subclass for ToDos","lastModifiedDate":"2025-02-04","isFullCredit":false},{"lineNumber":33,"author":{"gitId":"swethacool"},"content":"    static class Todo extends Task {","lastModifiedDate":"2025-02-04","isFullCredit":false},{"lineNumber":34,"author":{"gitId":"swethacool"},"content":"        public Todo(String description) {","lastModifiedDate":"2025-02-04","isFullCredit":false},{"lineNumber":35,"author":{"gitId":"swethacool"},"content":"            super(description);","lastModifiedDate":"2025-02-04","isFullCredit":false},{"lineNumber":36,"author":{"gitId":"swethacool"},"content":"        }","lastModifiedDate":"2025-02-04","isFullCredit":false},{"lineNumber":37,"author":{"gitId":"swethacool"},"content":"","lastModifiedDate":"2025-02-04","isFullCredit":false},{"lineNumber":38,"author":{"gitId":"swethacool"},"content":"        @Override","lastModifiedDate":"2025-02-04","isFullCredit":false},{"lineNumber":39,"author":{"gitId":"swethacool"},"content":"        public String toString() {","lastModifiedDate":"2025-02-04","isFullCredit":false},{"lineNumber":40,"author":{"gitId":"swethacool"},"content":"            return \"[T]\" + super.toString();","lastModifiedDate":"2025-02-04","isFullCredit":false},{"lineNumber":41,"author":{"gitId":"swethacool"},"content":"        }","lastModifiedDate":"2025-02-04","isFullCredit":false},{"lineNumber":42,"author":{"gitId":"swethacool"},"content":"    }","lastModifiedDate":"2025-02-04","isFullCredit":false},{"lineNumber":43,"author":{"gitId":"swethacool"},"content":"","lastModifiedDate":"2025-02-04","isFullCredit":false},{"lineNumber":44,"author":{"gitId":"swethacool"},"content":"    // Subclass for Deadlines","lastModifiedDate":"2025-02-04","isFullCredit":false},{"lineNumber":45,"author":{"gitId":"swethacool"},"content":"    static class Deadline extends Task {","lastModifiedDate":"2025-02-04","isFullCredit":false},{"lineNumber":46,"author":{"gitId":"swethacool"},"content":"        protected String by;","lastModifiedDate":"2025-02-04","isFullCredit":false},{"lineNumber":47,"author":{"gitId":"swethacool"},"content":"","lastModifiedDate":"2025-02-04","isFullCredit":false},{"lineNumber":48,"author":{"gitId":"swethacool"},"content":"        public Deadline(String description, String by) {","lastModifiedDate":"2025-02-04","isFullCredit":false},{"lineNumber":49,"author":{"gitId":"swethacool"},"content":"            super(description);","lastModifiedDate":"2025-02-04","isFullCredit":false},{"lineNumber":50,"author":{"gitId":"swethacool"},"content":"            this.by \u003d by;","lastModifiedDate":"2025-02-04","isFullCredit":false},{"lineNumber":51,"author":{"gitId":"swethacool"},"content":"        }","lastModifiedDate":"2025-02-04","isFullCredit":false},{"lineNumber":52,"author":{"gitId":"swethacool"},"content":"","lastModifiedDate":"2025-02-04","isFullCredit":false},{"lineNumber":53,"author":{"gitId":"swethacool"},"content":"        @Override","lastModifiedDate":"2025-02-04","isFullCredit":false},{"lineNumber":54,"author":{"gitId":"swethacool"},"content":"        public String toString() {","lastModifiedDate":"2025-02-04","isFullCredit":false},{"lineNumber":55,"author":{"gitId":"swethacool"},"content":"            return \"[D]\" + super.toString() + \" (by: \" + by + \")\";","lastModifiedDate":"2025-02-04","isFullCredit":false},{"lineNumber":56,"author":{"gitId":"swethacool"},"content":"        }","lastModifiedDate":"2025-02-04","isFullCredit":false},{"lineNumber":57,"author":{"gitId":"swethacool"},"content":"    }","lastModifiedDate":"2025-02-04","isFullCredit":false},{"lineNumber":58,"author":{"gitId":"swethacool"},"content":"","lastModifiedDate":"2025-02-04","isFullCredit":false},{"lineNumber":59,"author":{"gitId":"swethacool"},"content":"    // Subclass for Events","lastModifiedDate":"2025-02-04","isFullCredit":false},{"lineNumber":60,"author":{"gitId":"swethacool"},"content":"    static class Event extends Task {","lastModifiedDate":"2025-02-04","isFullCredit":false},{"lineNumber":61,"author":{"gitId":"swethacool"},"content":"        protected String from;","lastModifiedDate":"2025-02-04","isFullCredit":false},{"lineNumber":62,"author":{"gitId":"swethacool"},"content":"        protected String to;","lastModifiedDate":"2025-02-04","isFullCredit":false},{"lineNumber":63,"author":{"gitId":"swethacool"},"content":"","lastModifiedDate":"2025-02-04","isFullCredit":false},{"lineNumber":64,"author":{"gitId":"swethacool"},"content":"        public Event(String description, String from, String to) {","lastModifiedDate":"2025-02-04","isFullCredit":false},{"lineNumber":65,"author":{"gitId":"swethacool"},"content":"            super(description);","lastModifiedDate":"2025-02-04","isFullCredit":false},{"lineNumber":66,"author":{"gitId":"swethacool"},"content":"            this.from \u003d from;","lastModifiedDate":"2025-02-04","isFullCredit":false},{"lineNumber":67,"author":{"gitId":"swethacool"},"content":"            this.to \u003d to;","lastModifiedDate":"2025-02-04","isFullCredit":false},{"lineNumber":68,"author":{"gitId":"swethacool"},"content":"        }","lastModifiedDate":"2025-02-04","isFullCredit":false},{"lineNumber":69,"author":{"gitId":"swethacool"},"content":"","lastModifiedDate":"2025-02-04","isFullCredit":false},{"lineNumber":70,"author":{"gitId":"swethacool"},"content":"        @Override","lastModifiedDate":"2025-02-04","isFullCredit":false},{"lineNumber":71,"author":{"gitId":"swethacool"},"content":"        public String toString() {","lastModifiedDate":"2025-02-04","isFullCredit":false},{"lineNumber":72,"author":{"gitId":"swethacool"},"content":"            return \"[E]\" + super.toString() + \" (from: \" + from + \" to: \" + to + \")\";","lastModifiedDate":"2025-02-04","isFullCredit":false},{"lineNumber":73,"author":{"gitId":"swethacool"},"content":"        }","lastModifiedDate":"2025-02-04","isFullCredit":false},{"lineNumber":74,"author":{"gitId":"swethacool"},"content":"    }","lastModifiedDate":"2025-02-03","isFullCredit":false},{"lineNumber":75,"author":{"gitId":"swethacool"},"content":"","lastModifiedDate":"2025-02-03","isFullCredit":false},{"lineNumber":76,"author":{"gitId":"swethacool"},"content":"    public static void main(String[] args) {","lastModifiedDate":"2025-02-03","isFullCredit":false},{"lineNumber":77,"author":{"gitId":"swethacool"},"content":"        Scanner scanner \u003d new Scanner(System.in);","lastModifiedDate":"2025-02-03","isFullCredit":false},{"lineNumber":78,"author":{"gitId":"swethacool"},"content":"        Task[] tasks \u003d new Task[100];","lastModifiedDate":"2025-02-04","isFullCredit":false},{"lineNumber":79,"author":{"gitId":"swethacool"},"content":"        int taskCount \u003d 0; // Counter for stored tasks","lastModifiedDate":"2025-02-04","isFullCredit":false},{"lineNumber":80,"author":{"gitId":"swethacool"},"content":"","lastModifiedDate":"2025-02-04","isFullCredit":false},{"lineNumber":81,"author":{"gitId":"swethacool"},"content":"","lastModifiedDate":"2025-02-03","isFullCredit":false},{"lineNumber":82,"author":{"gitId":"swethacool"},"content":"        System.out.println(\"Hello! I\u0027m EchoBox\");","lastModifiedDate":"2025-02-04","isFullCredit":false},{"lineNumber":83,"author":{"gitId":"swethacool"},"content":"        System.out.println(\"😊 How can I help you today?\");","lastModifiedDate":"2025-02-03","isFullCredit":false},{"lineNumber":84,"author":{"gitId":"swethacool"},"content":"","lastModifiedDate":"2025-02-03","isFullCredit":false},{"lineNumber":85,"author":{"gitId":"swethacool"},"content":"","lastModifiedDate":"2025-02-04","isFullCredit":false},{"lineNumber":86,"author":{"gitId":"swethacool"},"content":"        while (true) {","lastModifiedDate":"2025-02-03","isFullCredit":false},{"lineNumber":87,"author":{"gitId":"swethacool"},"content":"            String userInput \u003d scanner.nextLine();","lastModifiedDate":"2025-02-03","isFullCredit":false},{"lineNumber":88,"author":{"gitId":"swethacool"},"content":"","lastModifiedDate":"2025-02-03","isFullCredit":false},{"lineNumber":89,"author":{"gitId":"swethacool"},"content":"            if (userInput.equalsIgnoreCase(\"bye\")) {","lastModifiedDate":"2025-02-03","isFullCredit":false},{"lineNumber":90,"author":{"gitId":"swethacool"},"content":"                System.out.println(\"EchoBox: 👋 Bye! Don\u0027t forget to take breaks! See you soon! 🚀\");","lastModifiedDate":"2025-02-04","isFullCredit":false},{"lineNumber":91,"author":{"gitId":"swethacool"},"content":"                break;","lastModifiedDate":"2025-02-03","isFullCredit":false},{"lineNumber":92,"author":{"gitId":"swethacool"},"content":"            }","lastModifiedDate":"2025-02-03","isFullCredit":false},{"lineNumber":93,"author":{"gitId":"swethacool"},"content":"","lastModifiedDate":"2025-02-04","isFullCredit":false},{"lineNumber":94,"author":{"gitId":"swethacool"},"content":"            if (userInput.equalsIgnoreCase(\"Hello\")) {","lastModifiedDate":"2025-02-03","isFullCredit":false},{"lineNumber":95,"author":{"gitId":"swethacool"},"content":"                System.out.println(\"EchoBox: Hey there! 😊 How’s your day?\");","lastModifiedDate":"2025-02-03","isFullCredit":false},{"lineNumber":96,"author":{"gitId":"swethacool"},"content":"            } else if (userInput.equalsIgnoreCase(\"sad\")) {","lastModifiedDate":"2025-02-03","isFullCredit":false},{"lineNumber":97,"author":{"gitId":"swethacool"},"content":"                System.out.println(\"EchoBox: Don\u0027t be sad! Here\u0027s a hug 🤗\");","lastModifiedDate":"2025-02-03","isFullCredit":false},{"lineNumber":98,"author":{"gitId":"swethacool"},"content":"            }","lastModifiedDate":"2025-02-04","isFullCredit":false},{"lineNumber":99,"author":{"gitId":"swethacool"},"content":"            if (userInput.equalsIgnoreCase(\"list\")) {","lastModifiedDate":"2025-02-04","isFullCredit":false},{"lineNumber":100,"author":{"gitId":"swethacool"},"content":"                System.out.println(\"Here are the tasks in your list: \");","lastModifiedDate":"2025-02-03","isFullCredit":false},{"lineNumber":101,"author":{"gitId":"swethacool"},"content":"                for (int i \u003d 0; i \u003c taskCount; i++) { // Display task list","lastModifiedDate":"2025-02-03","isFullCredit":false},{"lineNumber":102,"author":{"gitId":"swethacool"},"content":"                    System.out.println((i + 1) + \".\" + tasks[i].toString());","lastModifiedDate":"2025-02-04","isFullCredit":false},{"lineNumber":103,"author":{"gitId":"swethacool"},"content":"                }","lastModifiedDate":"2025-02-03","isFullCredit":false},{"lineNumber":104,"author":{"gitId":"swethacool"},"content":"                continue;","lastModifiedDate":"2025-02-04","isFullCredit":false},{"lineNumber":105,"author":{"gitId":"swethacool"},"content":"            }","lastModifiedDate":"2025-02-04","isFullCredit":false},{"lineNumber":106,"author":{"gitId":"swethacool"},"content":"","lastModifiedDate":"2025-02-04","isFullCredit":false},{"lineNumber":107,"author":{"gitId":"swethacool"},"content":"            if (userInput.startsWith(\"mark\")) {","lastModifiedDate":"2025-02-04","isFullCredit":false},{"lineNumber":108,"author":{"gitId":"swethacool"},"content":"                int taskNum \u003d Integer.parseInt(userInput.split(\" \")[1]) - 1;","lastModifiedDate":"2025-02-03","isFullCredit":false},{"lineNumber":109,"author":{"gitId":"swethacool"},"content":"                if (taskNum \u003e\u003d 0 \u0026\u0026 taskNum \u003c taskCount) {","lastModifiedDate":"2025-02-03","isFullCredit":false},{"lineNumber":110,"author":{"gitId":"swethacool"},"content":"                    tasks[taskNum].markAsDone();","lastModifiedDate":"2025-02-04","isFullCredit":false},{"lineNumber":111,"author":{"gitId":"swethacool"},"content":"                    System.out.println(\"EchoBox: Nice! I\u0027ve marked this task as done: \");","lastModifiedDate":"2025-02-04","isFullCredit":false},{"lineNumber":112,"author":{"gitId":"swethacool"},"content":"                    System.out.println(tasks[taskNum]); // Use `toString()` to show updated task","lastModifiedDate":"2025-02-04","isFullCredit":false},{"lineNumber":113,"author":{"gitId":"swethacool"},"content":"                } else {","lastModifiedDate":"2025-02-03","isFullCredit":false},{"lineNumber":114,"author":{"gitId":"swethacool"},"content":"                    System.out.println(\"EchoBox: ⚠️ Invalid task number!\");","lastModifiedDate":"2025-02-03","isFullCredit":false},{"lineNumber":115,"author":{"gitId":"swethacool"},"content":"                }","lastModifiedDate":"2025-02-03","isFullCredit":false},{"lineNumber":116,"author":{"gitId":"swethacool"},"content":"                continue;","lastModifiedDate":"2025-02-04","isFullCredit":false},{"lineNumber":117,"author":{"gitId":"swethacool"},"content":"            }","lastModifiedDate":"2025-02-04","isFullCredit":false},{"lineNumber":118,"author":{"gitId":"swethacool"},"content":"","lastModifiedDate":"2025-02-04","isFullCredit":false},{"lineNumber":119,"author":{"gitId":"swethacool"},"content":"            if (userInput.startsWith(\"unmark\")) {","lastModifiedDate":"2025-02-04","isFullCredit":false},{"lineNumber":120,"author":{"gitId":"swethacool"},"content":"                int taskNum \u003d Integer.parseInt(userInput.split(\" \")[1]) - 1;","lastModifiedDate":"2025-02-03","isFullCredit":false},{"lineNumber":121,"author":{"gitId":"swethacool"},"content":"                if (taskNum \u003e\u003d 0 \u0026\u0026 taskNum \u003c taskCount) {","lastModifiedDate":"2025-02-03","isFullCredit":false},{"lineNumber":122,"author":{"gitId":"swethacool"},"content":"                    tasks[taskNum].unmarkAsDone();","lastModifiedDate":"2025-02-04","isFullCredit":false},{"lineNumber":123,"author":{"gitId":"swethacool"},"content":"                    System.out.println(\"EchoBox: OK, I\u0027ve unmarked this task. Let\u0027s get it done soon! 💪\");","lastModifiedDate":"2025-02-04","isFullCredit":false},{"lineNumber":124,"author":{"gitId":"swethacool"},"content":"                    System.out.println(tasks[taskNum]); // Use `toString()` to show updated task","lastModifiedDate":"2025-02-04","isFullCredit":false},{"lineNumber":125,"author":{"gitId":"swethacool"},"content":"                } else {","lastModifiedDate":"2025-02-03","isFullCredit":false},{"lineNumber":126,"author":{"gitId":"swethacool"},"content":"                    System.out.println(\"EchoBox: ⚠️ Invalid task number!\");","lastModifiedDate":"2025-02-03","isFullCredit":false},{"lineNumber":127,"author":{"gitId":"swethacool"},"content":"                }","lastModifiedDate":"2025-02-03","isFullCredit":false},{"lineNumber":128,"author":{"gitId":"swethacool"},"content":"                continue;","lastModifiedDate":"2025-02-04","isFullCredit":false},{"lineNumber":129,"author":{"gitId":"swethacool"},"content":"            }","lastModifiedDate":"2025-02-03","isFullCredit":false},{"lineNumber":130,"author":{"gitId":"swethacool"},"content":"","lastModifiedDate":"2025-02-04","isFullCredit":false},{"lineNumber":131,"author":{"gitId":"swethacool"},"content":"            if (userInput.startsWith(\"todo \")) {","lastModifiedDate":"2025-02-04","isFullCredit":false},{"lineNumber":132,"author":{"gitId":"swethacool"},"content":"                String taskDescription \u003d userInput.substring(5);","lastModifiedDate":"2025-02-04","isFullCredit":false},{"lineNumber":133,"author":{"gitId":"swethacool"},"content":"                tasks[taskCount] \u003d new Todo(taskDescription);","lastModifiedDate":"2025-02-04","isFullCredit":false},{"lineNumber":134,"author":{"gitId":"swethacool"},"content":"                taskCount++;","lastModifiedDate":"2025-02-03","isFullCredit":false},{"lineNumber":135,"author":{"gitId":"swethacool"},"content":"                System.out.println(\"Got it. I\u0027ve added this task: \");","lastModifiedDate":"2025-02-04","isFullCredit":false},{"lineNumber":136,"author":{"gitId":"swethacool"},"content":"                System.out.println(tasks[taskCount - 1]);","lastModifiedDate":"2025-02-04","isFullCredit":false},{"lineNumber":137,"author":{"gitId":"swethacool"},"content":"                System.out.println(\"Now you have \" + taskCount + \" tasks in the list.\");","lastModifiedDate":"2025-02-04","isFullCredit":false},{"lineNumber":138,"author":{"gitId":"swethacool"},"content":"                continue;","lastModifiedDate":"2025-02-04","isFullCredit":false},{"lineNumber":139,"author":{"gitId":"swethacool"},"content":"            }","lastModifiedDate":"2025-02-04","isFullCredit":false},{"lineNumber":140,"author":{"gitId":"swethacool"},"content":"","lastModifiedDate":"2025-02-04","isFullCredit":false},{"lineNumber":141,"author":{"gitId":"swethacool"},"content":"            if (userInput.startsWith(\"deadline\")) {","lastModifiedDate":"2025-02-04","isFullCredit":false},{"lineNumber":142,"author":{"gitId":"swethacool"},"content":"                String[] parts \u003d userInput.substring(9).split(\" /by \");","lastModifiedDate":"2025-02-04","isFullCredit":false},{"lineNumber":143,"author":{"gitId":"swethacool"},"content":"                if (parts.length \u003c 2) {","lastModifiedDate":"2025-02-04","isFullCredit":false},{"lineNumber":144,"author":{"gitId":"swethacool"},"content":"                    System.out.println(\"EchoBox: ⚠️ Incorrect format! Use: deadline \u003cdesc\u003e /by \u003ctime\u003e\");","lastModifiedDate":"2025-02-04","isFullCredit":false},{"lineNumber":145,"author":{"gitId":"swethacool"},"content":"                    continue;","lastModifiedDate":"2025-02-04","isFullCredit":false},{"lineNumber":146,"author":{"gitId":"swethacool"},"content":"                }","lastModifiedDate":"2025-02-03","isFullCredit":false},{"lineNumber":147,"author":{"gitId":"swethacool"},"content":"                tasks[taskCount] \u003d new Deadline(parts[0], parts[1]);","lastModifiedDate":"2025-02-04","isFullCredit":false},{"lineNumber":148,"author":{"gitId":"swethacool"},"content":"                taskCount++;","lastModifiedDate":"2025-02-04","isFullCredit":false},{"lineNumber":149,"author":{"gitId":"swethacool"},"content":"                System.out.println(\"Got it. I\u0027ve added this task:\");","lastModifiedDate":"2025-02-04","isFullCredit":false},{"lineNumber":150,"author":{"gitId":"swethacool"},"content":"                System.out.println(tasks[taskCount - 1]);","lastModifiedDate":"2025-02-04","isFullCredit":false},{"lineNumber":151,"author":{"gitId":"swethacool"},"content":"                System.out.println(\"Now you have \" + taskCount + \" tasks in the list.\");","lastModifiedDate":"2025-02-04","isFullCredit":false},{"lineNumber":152,"author":{"gitId":"swethacool"},"content":"                continue;","lastModifiedDate":"2025-02-04","isFullCredit":false},{"lineNumber":153,"author":{"gitId":"swethacool"},"content":"            }","lastModifiedDate":"2025-02-04","isFullCredit":false},{"lineNumber":154,"author":{"gitId":"swethacool"},"content":"","lastModifiedDate":"2025-02-04","isFullCredit":false},{"lineNumber":155,"author":{"gitId":"swethacool"},"content":"            if (userInput.startsWith(\"event\")) {","lastModifiedDate":"2025-02-04","isFullCredit":false},{"lineNumber":156,"author":{"gitId":"swethacool"},"content":"                String[] parts \u003d userInput.substring(6).split(\" /from | /to \");","lastModifiedDate":"2025-02-04","isFullCredit":false},{"lineNumber":157,"author":{"gitId":"swethacool"},"content":"                if (parts.length \u003c 3) {","lastModifiedDate":"2025-02-04","isFullCredit":false},{"lineNumber":158,"author":{"gitId":"swethacool"},"content":"                    System.out.println(\"EchoBox: ⚠️ Incorrect format! Use: event \u003cdesc\u003e /from \u003cstart\u003e /to \u003cend\u003e\");","lastModifiedDate":"2025-02-04","isFullCredit":false},{"lineNumber":159,"author":{"gitId":"swethacool"},"content":"                    continue;","lastModifiedDate":"2025-02-04","isFullCredit":false},{"lineNumber":160,"author":{"gitId":"swethacool"},"content":"                }","lastModifiedDate":"2025-02-04","isFullCredit":false},{"lineNumber":161,"author":{"gitId":"swethacool"},"content":"                tasks[taskCount] \u003d new Event(parts[0], parts[1], parts[2]);","lastModifiedDate":"2025-02-04","isFullCredit":false},{"lineNumber":162,"author":{"gitId":"swethacool"},"content":"                taskCount++;","lastModifiedDate":"2025-02-04","isFullCredit":false},{"lineNumber":163,"author":{"gitId":"swethacool"},"content":"                System.out.println(\"Got it. I\u0027ve added this task:\");","lastModifiedDate":"2025-02-04","isFullCredit":false},{"lineNumber":164,"author":{"gitId":"swethacool"},"content":"                System.out.println(tasks[taskCount - 1]);","lastModifiedDate":"2025-02-04","isFullCredit":false},{"lineNumber":165,"author":{"gitId":"swethacool"},"content":"                System.out.println(\"Now you have \" + taskCount + \" tasks in the list.\");","lastModifiedDate":"2025-02-04","isFullCredit":false},{"lineNumber":166,"author":{"gitId":"swethacool"},"content":"                continue;","lastModifiedDate":"2025-02-07","isFullCredit":false},{"lineNumber":167,"author":{"gitId":"swethacool"},"content":"            }","lastModifiedDate":"2025-02-03","isFullCredit":false},{"lineNumber":168,"author":{"gitId":"swethacool"},"content":"        }","lastModifiedDate":"2025-02-03","isFullCredit":false},{"lineNumber":169,"author":{"gitId":"swethacool"},"content":"    }","lastModifiedDate":"2025-02-03","isFullCredit":false},{"lineNumber":170,"author":{"gitId":"swethacool"},"content":"}","lastModifiedDate":"2025-02-03","isFullCredit":false}],"authorContributionMap":{"swethacool":170}}]
