{"authorDailyContributionsMap":{"swethacool":[{"date":"2025-02-03","commitResults":[{"hash":"dfc73aecdc55daf2d47dda242ee686d8388d5dd5","isMergeCommit":false,"messageTitle":"list shown","messageBody":"","fileTypesAndContributionMap":{"java":{"insertions":83,"deletions":10}}},{"hash":"97ca3bfd80552b120718335193ddad8a2d1aa43c","isMergeCommit":false,"messageTitle":"Level 2 add and list","messageBody":"","fileTypesAndContributionMap":{"java":{"insertions":12,"deletions":55}}},{"hash":"82eb2d561eea2d91ff1601f9c7610a45ab7fd562","isMergeCommit":false,"messageTitle":"Level 2 add input from users and lists them","messageBody":"","fileTypesAndContributionMap":{"java":{"insertions":0,"deletions":3}}}]},{"date":"2025-02-04","commitResults":[{"hash":"fe9da36695189b30fbbff57ad70b6495635d1fed","isMergeCommit":false,"messageTitle":"Level 0 - Rename, Greet, Exit","messageBody":"","fileTypesAndContributionMap":{"java":{"insertions":7,"deletions":32}}},{"hash":"62bc1f730935b366c40e0b32b2a072c1778a00af","isMergeCommit":false,"messageTitle":"Level 1 - Echo","messageBody":"","fileTypesAndContributionMap":{"java":{"insertions":20,"deletions":6}}},{"hash":"11d5671459317378f2dac7198b521c9639eff1b8","isMergeCommit":false,"messageTitle":"Level 2 - Add, List","messageBody":"","fileTypesAndContributionMap":{"java":{"insertions":19,"deletions":6}}},{"hash":"4472c728add5f1984047b214f1746d2ecd3ae578","isMergeCommit":false,"messageTitle":"Level 3 - Mark as done","messageBody":"","fileTypesAndContributionMap":{"java":{"insertions":56,"deletions":16}}},{"hash":"d1be937bc33d5046ad2266dbdcc1ae17b75cf70e","isMergeCommit":false,"messageTitle":"commit issues","messageBody":"","fileTypesAndContributionMap":{"java":{"insertions":16,"deletions":2}}}]},{"date":"2025-02-07","commitResults":[{"hash":"4cff0bc5690bc0510c3a0f9478f2744eaeb1e072","isMergeCommit":false,"messageTitle":"Todos, Events, Deadlines","messageBody":"","fileTypesAndContributionMap":{"java":{"insertions":114,"deletions":23}}},{"hash":"2ddda2c84bc6dc077b03a0c189ec4f3f2420f2a0","isMergeCommit":false,"messageTitle":"Todos, Events, Deadlines","messageBody":"","fileTypesAndContributionMap":{"java":{"insertions":1,"deletions":1}}},{"hash":"b7adf63d96e93c2e71fbe12cd152602a5a52cc69","isMergeCommit":false,"messageTitle":"Add archive.zip and update EchoBox.java","messageBody":"","fileTypesAndContributionMap":{"java":{"insertions":0,"deletions":1}}},{"hash":"4e4d1b3fa422bc6b3a911e03f88bba5cb2b21bba","isMergeCommit":true,"messageTitle":"Merge branch \u0027master\u0027 of https://github.com/swethacool/ip","messageBody":"","fileTypesAndContributionMap":{}},{"hash":"e481ec8ad0782868c9648f39e87381de1414adc9","isMergeCommit":false,"messageTitle":"todos, events, deadlines","messageBody":"","tags":["level-4"],"fileTypesAndContributionMap":{"java":{"insertions":2,"deletions":1}}}]},{"date":"2025-02-10","commitResults":[{"hash":"79887804b4b1c4f56e2169cd73cdca752fe24db8","isMergeCommit":false,"messageTitle":"A-TextUiTesting","messageBody":"Matching expected output to actual output to verify\n","tags":["A-TextUiTesting"],"fileTypesAndContributionMap":{"java":{"insertions":11,"deletions":8},"bat":{"insertions":10,"deletions":9}}},{"hash":"8cc13f269cbcb84016a11a7227b6ee469859bc2a","isMergeCommit":true,"messageTitle":"Merge branch \u0027master\u0027 of https://github.com/swethacool/ip","messageBody":"","fileTypesAndContributionMap":{}},{"hash":"44ed93896af854c3e0ab8857b0f751beed67c086","isMergeCommit":false,"messageTitle":"A-CodeQuality","messageBody":"-convert to switch statements as nested if-else statements are harder to read\n-break down my main method into smaller sub methods to improve readiblity\n-instead of hardcoding commands/numbers, I replaced it with symbolic constants\n","tags":["A-CodeQuality-branch-Level-5","A-CodeQuality"],"fileTypesAndContributionMap":{"java":{"insertions":129,"deletions":105}}}]},{"date":"2025-02-12","commitResults":[{"hash":"aecaaae2c3279cf0d62f1fd642286756bf3ccc8e","isMergeCommit":false,"messageTitle":"Created EchoBoxException to handle errors","messageBody":"","tags":["EchoBoxException"],"fileTypesAndContributionMap":{"java":{"insertions":6,"deletions":0}}},{"hash":"838f3a401ad4f0b3111b66eb13338dfd6eb73290","isMergeCommit":false,"messageTitle":"-Handle errors","messageBody":"-exceptions included\n-moved the Todo, Event, Deadline, Task methods into separate packages\n","tags":["Level-5"],"fileTypesAndContributionMap":{"java":{"insertions":152,"deletions":114}}},{"hash":"e1ce5b588edee972806f8f1482b95da9fe2daa14","isMergeCommit":true,"messageTitle":"Merge branch-Level-5 into master","messageBody":"","tags":["Increment-Level-5"],"fileTypesAndContributionMap":{}}]},{"date":"2025-02-20","commitResults":[{"hash":"b33a39aebca2b5cbff47a67cc041fb346f15b256","isMergeCommit":false,"messageTitle":"Delete-Add support for deleting tasks from the list Implemented A-Collections Removed unnecessary spacings and added comments","messageBody":"","fileTypesAndContributionMap":{"txt":{"insertions":3,"deletions":0},"java":{"insertions":60,"deletions":59}}},{"hash":"775907a0e4c788303054eb76893a35b9b5398aeb","isMergeCommit":false,"messageTitle":"Level-7: Save","messageBody":"","tags":["Level-7"],"fileTypesAndContributionMap":{"txt":{"insertions":3,"deletions":0},"java":{"insertions":164,"deletions":50}}},{"hash":"2c0a92a0ccc3b3f02e77c47b8b3ba2b788444329","isMergeCommit":true,"messageTitle":"Merge branch \u0027branch-Level-6\u0027 into master","messageBody":"","tags":["Level-6"],"fileTypesAndContributionMap":{}}]},{"date":"2025-02-21","commitResults":[{"hash":"c3b0874406fb40cecc9b43d6ed7c54c70930087b","isMergeCommit":true,"messageTitle":"Merge Level-7 into master","messageBody":"Resolved merge conflicts\n","tags":["v0.1","A-Jar"],"fileTypesAndContributionMap":{}}]}]},"authorFileTypeContributionMap":{"swethacool":{"java":346,"md":0,"fxml":0,"sh":0,"bat":10,"gradle":0,"txt":8}},"authorContributionVariance":{"swethacool":6947.0205},"authorDisplayNameMap":{"swethacool":"SARA..ETHA"}}
