{"authorDailyContributionsMap":{"gavalion":[{"date":"2025-02-04","commitResults":[{"hash":"f6fef8d5f902a7a9d14aeb05415abd85a63bf445","isMergeCommit":false,"messageTitle":"update code to follow up to week 3 instruction","messageBody":"change the chatbot name from duke to bryan (filename is still duke)\ncreate task class for the chatbot\ncreate the checkbox\ncreate setter and getter for description of task\n","fileTypesAndContributionMap":{"java":{"insertions":97,"deletions":6}}}]},{"date":"2025-02-09","commitResults":[{"hash":"1b0ab65e91aa983a138d16391259934f99fd2221","isMergeCommit":false,"messageTitle":"Level 4 commit","messageBody":"Added Todo, Deadline and Event\noverride the toString method\n","tags":["level-4"],"fileTypesAndContributionMap":{"java":{"insertions":147,"deletions":69}}}]},{"date":"2025-02-10","commitResults":[{"hash":"510cc21aa2c037bbbb073297d3dc338340f97abc","isMergeCommit":false,"messageTitle":"level 5 commit","messageBody":"add exception and update deadline, todo, event classes\n","fileTypesAndContributionMap":{"java":{"insertions":20,"deletions":0},"md":{"insertions":38,"deletions":0}}}]},{"date":"2025-02-11","commitResults":[{"hash":"bbdb442d6c192724bd0ef8a05cef90e620a88c7f","isMergeCommit":false,"messageTitle":"level 5 with packages and fixes","messageBody":"update the deadline event todo clases that was not comitted previously\nadd packages\n","tags":["level-5"],"fileTypesAndContributionMap":{"txt":{"insertions":1,"deletions":0},"java":{"insertions":343,"deletions":145},"bat":{"insertions":2,"deletions":2}}}]},{"date":"2025-02-14","commitResults":[{"hash":"1cc082fb4d628cc7f7dbc319940c9461cc1a24d1","isMergeCommit":false,"messageTitle":"level 6 commit","messageBody":"change array to arraylist data type, add delete feature\n","fileTypesAndContributionMap":{"java":{"insertions":55,"deletions":48}}},{"hash":"a4351f284c6caac85c0b348a75fd489b898a4c88","isMergeCommit":false,"messageTitle":"update code, remove comments","messageBody":"","fileTypesAndContributionMap":{"txt":{"insertions":16,"deletions":0},"java":{"insertions":192,"deletions":25},"md":{"insertions":1,"deletions":1}}},{"hash":"86b5f531cd9ab0478a9bd4dafe5549b935ecb83e","isMergeCommit":false,"messageTitle":"level-7 commit","messageBody":"add txt file and save feature\n","fileTypesAndContributionMap":{"txt":{"insertions":9,"deletions":0},"java":{"insertions":239,"deletions":65}}},{"hash":"3a419ec829e4fe5a205f357c24dd623597b03137","isMergeCommit":true,"messageTitle":"Merge branch \u0027branch-level-6\u0027","messageBody":"# Conflicts:\n#\tdata1/bryan1.txt\n#\tsrc/main/java/bryan/exception/InvalidTextFormatException.java\n","fileTypesAndContributionMap":{}}]},{"date":"2025-02-19","commitResults":[{"hash":"edfedbe4f3c24c4c412d736cea381b63da5416f5","isMergeCommit":false,"messageTitle":"fix delete function","messageBody":"previously delete has a bug where it remove the task from the list and append the rest of task to the txt file instead of removing it\n","fileTypesAndContributionMap":{"txt":{"insertions":2,"deletions":4},"java":{"insertions":26,"deletions":13}}}]},{"date":"2025-03-12","commitResults":[{"hash":"c66346ce52c65b2ca73a7bbdac7efe5f8b52efaa","isMergeCommit":false,"messageTitle":"Added more OOP classes","messageBody":"added TaskList\nadded Parser\nadded Ui\nadded Storage\n","fileTypesAndContributionMap":{"txt":{"insertions":9,"deletions":5},"java":{"insertions":410,"deletions":265}}},{"hash":"81f6cd6688e3443461ae20a358dfc4162601ca27","isMergeCommit":false,"messageTitle":"add level 9","messageBody":"add find function, add say bye\n","fileTypesAndContributionMap":{"txt":{"insertions":1,"deletions":0},"java":{"insertions":37,"deletions":12}}}]},{"date":"2025-03-13","commitResults":[{"hash":"e055be90b10090231df339b2124088e951011b59","isMergeCommit":false,"messageTitle":"add level 8","messageBody":"change date time data to deadline\nadd after and before feature to filter deadline before and after desired date\n","fileTypesAndContributionMap":{"txt":{"insertions":3,"deletions":4},"java":{"insertions":95,"deletions":16}}},{"hash":"3e6f127d43aaf4d1caeabf0c87f6da5314fce24c","isMergeCommit":false,"messageTitle":"Add Java-doc","messageBody":"add some java documentation to some methods\n","fileTypesAndContributionMap":{"java":{"insertions":119,"deletions":21}}},{"hash":"9795c4db63064da76a9f8af174578ec4a04e938f","isMergeCommit":true,"messageTitle":"Merge pull request #1 from Gavalion/branch-level-8","messageBody":"add level 8","fileTypesAndContributionMap":{}},{"hash":"115a6d9bff46d79b00064b270f986197d4395358","isMergeCommit":true,"messageTitle":"Merge branch \u0027master\u0027 into branch-level-9","messageBody":"","fileTypesAndContributionMap":{}},{"hash":"84527e7f8cc71ae95f0534babf494fd449abc68f","isMergeCommit":true,"messageTitle":"Merge pull request #2 from Gavalion/branch-level-9","messageBody":"add level 9","fileTypesAndContributionMap":{}},{"hash":"b62e2ea5b77667db1464084e2fdfb89295713f87","isMergeCommit":true,"messageTitle":"Merge branch \u0027master\u0027 into branch-javadoc","messageBody":"","fileTypesAndContributionMap":{}},{"hash":"0519962b5690e222c8d5446673c8973433fcc764","isMergeCommit":true,"messageTitle":"Merge pull request #3 from Gavalion/branch-javadoc","messageBody":"Add Java-doc","fileTypesAndContributionMap":{}},{"hash":"fb566e61ed2be4ccfa6158978343f774df703090","isMergeCommit":false,"messageTitle":"Javadoc updated","messageBody":"update java documentation to almost all methods\n","fileTypesAndContributionMap":{"txt":{"insertions":1,"deletions":0},"java":{"insertions":307,"deletions":123}}}]},{"date":"2025-03-14","commitResults":[{"hash":"bd848cfa11b81b720646cee4024e693c23ed783e","isMergeCommit":false,"messageTitle":"user guide","messageBody":"","fileTypesAndContributionMap":{"txt":{"insertions":1,"deletions":5},"java":{"insertions":7,"deletions":6},"md":{"insertions":174,"deletions":14}}},{"hash":"c6e834db4e45d3d643391e130d6a66b03e7efeff","isMergeCommit":false,"messageTitle":"updated user guide","messageBody":"","fileTypesAndContributionMap":{"md":{"insertions":25,"deletions":12}}},{"hash":"e258fd90be770d9ea2b8e6313282b62c581f1fd9","isMergeCommit":false,"messageTitle":"JAR realease","messageBody":"","fileTypesAndContributionMap":{"txt":{"insertions":5,"deletions":13},"java":{"insertions":1,"deletions":1},"md":{"insertions":6,"deletions":30}}}]}]},"authorFileTypeContributionMap":{"gavalion":{"java":1126,"md":224,"fxml":0,"sh":0,"bat":2,"gradle":0,"txt":6}},"authorContributionVariance":{"gavalion":26106.385},"authorDisplayNameMap":{"gavalion":"CS2113-W11-3 BRYA..ALIM"}}
