[{"path":"src/main/java/Deadline.java","fileType":"java","lines":[{"lineNumber":1,"author":{"gitId":"LEESY02"},"content":"public class Deadline extends Task {","lastModifiedDate":"2025-02-01","isFullCredit":false},{"lineNumber":2,"author":{"gitId":"LEESY02"},"content":"    private final String deadline;","lastModifiedDate":"2025-02-01","isFullCredit":false},{"lineNumber":3,"author":{"gitId":"LEESY02"},"content":"","lastModifiedDate":"2025-02-01","isFullCredit":false},{"lineNumber":4,"author":{"gitId":"LEESY02"},"content":"    public Deadline(String task, int index, String deadline) {","lastModifiedDate":"2025-02-01","isFullCredit":false},{"lineNumber":5,"author":{"gitId":"LEESY02"},"content":"        super(task, index);","lastModifiedDate":"2025-02-01","isFullCredit":false},{"lineNumber":6,"author":{"gitId":"LEESY02"},"content":"        this.deadline \u003d deadline;","lastModifiedDate":"2025-02-01","isFullCredit":false},{"lineNumber":7,"author":{"gitId":"LEESY02"},"content":"    }","lastModifiedDate":"2025-02-01","isFullCredit":false},{"lineNumber":8,"author":{"gitId":"LEESY02"},"content":"","lastModifiedDate":"2025-02-01","isFullCredit":false},{"lineNumber":9,"author":{"gitId":"LEESY02"},"content":"    @Override","lastModifiedDate":"2025-02-01","isFullCredit":false},{"lineNumber":10,"author":{"gitId":"LEESY02"},"content":"    public String toString() {","lastModifiedDate":"2025-02-01","isFullCredit":false},{"lineNumber":11,"author":{"gitId":"LEESY02"},"content":"        return super.toString().replaceFirst(\"\\\\[\", \"[D][\") + String.format(\" (by: %s)\", deadline);","lastModifiedDate":"2025-02-01","isFullCredit":false},{"lineNumber":12,"author":{"gitId":"LEESY02"},"content":"    }","lastModifiedDate":"2025-02-01","isFullCredit":false},{"lineNumber":13,"author":{"gitId":"LEESY02"},"content":"}","lastModifiedDate":"2025-02-01","isFullCredit":false}],"authorContributionMap":{"LEESY02":13}},{"path":"src/main/java/Event.java","fileType":"java","lines":[{"lineNumber":1,"author":{"gitId":"LEESY02"},"content":"public class Event extends Task {","lastModifiedDate":"2025-02-01","isFullCredit":false},{"lineNumber":2,"author":{"gitId":"LEESY02"},"content":"    private final String startDate;","lastModifiedDate":"2025-02-01","isFullCredit":false},{"lineNumber":3,"author":{"gitId":"LEESY02"},"content":"    private final String endDate;","lastModifiedDate":"2025-02-01","isFullCredit":false},{"lineNumber":4,"author":{"gitId":"LEESY02"},"content":"","lastModifiedDate":"2025-02-01","isFullCredit":false},{"lineNumber":5,"author":{"gitId":"LEESY02"},"content":"    public Event(String task, int index, String startDate, String endDate) {","lastModifiedDate":"2025-02-01","isFullCredit":false},{"lineNumber":6,"author":{"gitId":"LEESY02"},"content":"        super(task, index);","lastModifiedDate":"2025-02-01","isFullCredit":false},{"lineNumber":7,"author":{"gitId":"LEESY02"},"content":"        this.startDate \u003d startDate;","lastModifiedDate":"2025-02-01","isFullCredit":false},{"lineNumber":8,"author":{"gitId":"LEESY02"},"content":"        this.endDate \u003d endDate;","lastModifiedDate":"2025-02-01","isFullCredit":false},{"lineNumber":9,"author":{"gitId":"LEESY02"},"content":"    }","lastModifiedDate":"2025-02-01","isFullCredit":false},{"lineNumber":10,"author":{"gitId":"LEESY02"},"content":"","lastModifiedDate":"2025-02-01","isFullCredit":false},{"lineNumber":11,"author":{"gitId":"LEESY02"},"content":"    @Override","lastModifiedDate":"2025-02-01","isFullCredit":false},{"lineNumber":12,"author":{"gitId":"LEESY02"},"content":"    public String toString() {","lastModifiedDate":"2025-02-01","isFullCredit":false},{"lineNumber":13,"author":{"gitId":"LEESY02"},"content":"        return super.toString().replaceFirst(\"\\\\[\", \"[E][\")","lastModifiedDate":"2025-02-01","isFullCredit":false},{"lineNumber":14,"author":{"gitId":"LEESY02"},"content":"            + String.format(\" (from: %s,\", startDate) + String.format(\" to: %s)\", endDate);","lastModifiedDate":"2025-02-01","isFullCredit":false},{"lineNumber":15,"author":{"gitId":"LEESY02"},"content":"    }","lastModifiedDate":"2025-02-01","isFullCredit":false},{"lineNumber":16,"author":{"gitId":"LEESY02"},"content":"}","lastModifiedDate":"2025-02-01","isFullCredit":false}],"authorContributionMap":{"LEESY02":16}},{"path":"src/main/java/SeungYoon.java","fileType":"java","lines":[{"lineNumber":1,"author":{"gitId":"LEESY02"},"content":"import java.util.Arrays;","lastModifiedDate":"2025-01-26","isFullCredit":false},{"lineNumber":2,"author":{"gitId":"LEESY02"},"content":"import java.util.Scanner;","lastModifiedDate":"2025-01-26","isFullCredit":false},{"lineNumber":3,"author":{"gitId":"LEESY02"},"content":"","lastModifiedDate":"2025-01-26","isFullCredit":false},{"lineNumber":4,"author":{"gitId":"LEESY02"},"content":"public class SeungYoon {","lastModifiedDate":"2025-01-24","isFullCredit":false},{"lineNumber":5,"author":{"gitId":"LEESY02"},"content":"    private static int numberOfTasks \u003d 0;","lastModifiedDate":"2025-02-01","isFullCredit":false},{"lineNumber":6,"author":{"gitId":"LEESY02"},"content":"","lastModifiedDate":"2025-02-01","isFullCredit":false},{"lineNumber":7,"author":{"gitId":"LEESY02"},"content":"    public static final String NEW_LINE \u003d \"____________________________________________________________\\n\";","lastModifiedDate":"2025-02-01","isFullCredit":false},{"lineNumber":8,"author":{"gitId":"LEESY02"},"content":"    public static final String NEW_LINE_TAB \u003d \"\\t____________________________________________________________\\n\";","lastModifiedDate":"2025-02-01","isFullCredit":false},{"lineNumber":9,"author":{"gitId":"LEESY02"},"content":"    public static final String LINE_TAB \u003d \"\\t____________________________________________________________\";","lastModifiedDate":"2025-02-01","isFullCredit":false},{"lineNumber":10,"author":{"gitId":"LEESY02"},"content":"","lastModifiedDate":"2025-02-01","isFullCredit":false},{"lineNumber":11,"author":{"gitId":"LEESY02"},"content":"    // \"list\" command: Print","lastModifiedDate":"2025-02-01","isFullCredit":false},{"lineNumber":12,"author":{"gitId":"LEESY02"},"content":"    private static void printTaskList(Task[] taskList) {","lastModifiedDate":"2025-01-26","isFullCredit":false},{"lineNumber":13,"author":{"gitId":"LEESY02"},"content":"        System.out.print(NEW_LINE_TAB);","lastModifiedDate":"2025-02-01","isFullCredit":false},{"lineNumber":14,"author":{"gitId":"LEESY02"},"content":"        for (int i \u003d 0; i \u003c taskList.length; i +\u003d 1) {","lastModifiedDate":"2025-01-26","isFullCredit":false},{"lineNumber":15,"author":{"gitId":"LEESY02"},"content":"            if (taskList[i] !\u003d null) {","lastModifiedDate":"2025-01-26","isFullCredit":false},{"lineNumber":16,"author":{"gitId":"LEESY02"},"content":"                System.out.println(\"\\t\" + String.format(\"%d.\", i + 1) + taskList[i].toString());","lastModifiedDate":"2025-02-01","isFullCredit":false},{"lineNumber":17,"author":{"gitId":"LEESY02"},"content":"            } else {","lastModifiedDate":"2025-01-26","isFullCredit":false},{"lineNumber":18,"author":{"gitId":"LEESY02"},"content":"                break;","lastModifiedDate":"2025-01-26","isFullCredit":false},{"lineNumber":19,"author":{"gitId":"LEESY02"},"content":"            }","lastModifiedDate":"2025-01-26","isFullCredit":false},{"lineNumber":20,"author":{"gitId":"LEESY02"},"content":"        }","lastModifiedDate":"2025-01-26","isFullCredit":false},{"lineNumber":21,"author":{"gitId":"LEESY02"},"content":"        System.out.println(String.format(\"\\tYou have %d tasks\", numberOfTasks));","lastModifiedDate":"2025-02-01","isFullCredit":false},{"lineNumber":22,"author":{"gitId":"LEESY02"},"content":"        System.out.println(NEW_LINE_TAB);","lastModifiedDate":"2025-02-01","isFullCredit":false},{"lineNumber":23,"author":{"gitId":"LEESY02"},"content":"    }","lastModifiedDate":"2025-01-26","isFullCredit":false},{"lineNumber":24,"author":{"gitId":"LEESY02"},"content":"","lastModifiedDate":"2025-01-26","isFullCredit":false},{"lineNumber":25,"author":{"gitId":"LEESY02"},"content":"    // Add algorithm","lastModifiedDate":"2025-02-01","isFullCredit":false},{"lineNumber":26,"author":{"gitId":"LEESY02"},"content":"    private static Task[] addTask(Task[] taskList, String input) {","lastModifiedDate":"2025-02-01","isFullCredit":false},{"lineNumber":27,"author":{"gitId":"LEESY02"},"content":"        Task newTask \u003d returnCorrectTask(input, numberOfTasks);","lastModifiedDate":"2025-02-01","isFullCredit":false},{"lineNumber":28,"author":{"gitId":"LEESY02"},"content":"        taskList[numberOfTasks] \u003d newTask;","lastModifiedDate":"2025-02-01","isFullCredit":false},{"lineNumber":29,"author":{"gitId":"LEESY02"},"content":"        printAddTaskMessage(newTask);","lastModifiedDate":"2025-02-01","isFullCredit":false},{"lineNumber":30,"author":{"gitId":"LEESY02"},"content":"","lastModifiedDate":"2025-02-01","isFullCredit":false},{"lineNumber":31,"author":{"gitId":"LEESY02"},"content":"        numberOfTasks +\u003d 1;","lastModifiedDate":"2025-02-01","isFullCredit":false},{"lineNumber":32,"author":{"gitId":"LEESY02"},"content":"        return taskList;","lastModifiedDate":"2025-02-01","isFullCredit":false},{"lineNumber":33,"author":{"gitId":"LEESY02"},"content":"    }","lastModifiedDate":"2025-02-01","isFullCredit":false},{"lineNumber":34,"author":{"gitId":"LEESY02"},"content":"","lastModifiedDate":"2025-02-01","isFullCredit":false},{"lineNumber":35,"author":{"gitId":"LEESY02"},"content":"    private static Task returnCorrectTask(String input, int index) {","lastModifiedDate":"2025-02-01","isFullCredit":false},{"lineNumber":36,"author":{"gitId":"LEESY02"},"content":"        Scanner sc \u003d new Scanner(input);","lastModifiedDate":"2025-02-01","isFullCredit":false},{"lineNumber":37,"author":{"gitId":"LEESY02"},"content":"        String taskType \u003d sc.next();","lastModifiedDate":"2025-02-01","isFullCredit":false},{"lineNumber":38,"author":{"gitId":"LEESY02"},"content":"        String task \u003d \"\";","lastModifiedDate":"2025-02-01","isFullCredit":false},{"lineNumber":39,"author":{"gitId":"LEESY02"},"content":"        String currentWord \u003d \"\";","lastModifiedDate":"2025-02-01","isFullCredit":false},{"lineNumber":40,"author":{"gitId":"LEESY02"},"content":"","lastModifiedDate":"2025-02-01","isFullCredit":false},{"lineNumber":41,"author":{"gitId":"LEESY02"},"content":"        switch (taskType) {","lastModifiedDate":"2025-02-01","isFullCredit":false},{"lineNumber":42,"author":{"gitId":"LEESY02"},"content":"        case \"todo\":","lastModifiedDate":"2025-02-01","isFullCredit":false},{"lineNumber":43,"author":{"gitId":"LEESY02"},"content":"            task \u003d sc.nextLine();","lastModifiedDate":"2025-02-01","isFullCredit":false},{"lineNumber":44,"author":{"gitId":"LEESY02"},"content":"            sc.close();","lastModifiedDate":"2025-02-01","isFullCredit":false},{"lineNumber":45,"author":{"gitId":"LEESY02"},"content":"            return new ToDo(task.strip(), index);","lastModifiedDate":"2025-02-01","isFullCredit":false},{"lineNumber":46,"author":{"gitId":"LEESY02"},"content":"        case \"deadline\":","lastModifiedDate":"2025-02-01","isFullCredit":false},{"lineNumber":47,"author":{"gitId":"LEESY02"},"content":"            task \u003d \"\";","lastModifiedDate":"2025-02-01","isFullCredit":false},{"lineNumber":48,"author":{"gitId":"LEESY02"},"content":"            currentWord \u003d \"\";","lastModifiedDate":"2025-02-01","isFullCredit":false},{"lineNumber":49,"author":{"gitId":"LEESY02"},"content":"            while (!currentWord.equals(\"/by\")) {","lastModifiedDate":"2025-02-01","isFullCredit":false},{"lineNumber":50,"author":{"gitId":"LEESY02"},"content":"                task +\u003d \" \" + currentWord;","lastModifiedDate":"2025-02-01","isFullCredit":false},{"lineNumber":51,"author":{"gitId":"LEESY02"},"content":"                currentWord \u003d sc.next();","lastModifiedDate":"2025-02-01","isFullCredit":false},{"lineNumber":52,"author":{"gitId":"LEESY02"},"content":"            }","lastModifiedDate":"2025-02-01","isFullCredit":false},{"lineNumber":53,"author":{"gitId":"LEESY02"},"content":"            String deadline \u003d sc.nextLine();","lastModifiedDate":"2025-02-01","isFullCredit":false},{"lineNumber":54,"author":{"gitId":"LEESY02"},"content":"            sc.close();","lastModifiedDate":"2025-02-01","isFullCredit":false},{"lineNumber":55,"author":{"gitId":"LEESY02"},"content":"            return new Deadline(task.strip(), index, deadline.strip());","lastModifiedDate":"2025-02-01","isFullCredit":false},{"lineNumber":56,"author":{"gitId":"LEESY02"},"content":"        case \"event\":","lastModifiedDate":"2025-02-01","isFullCredit":false},{"lineNumber":57,"author":{"gitId":"LEESY02"},"content":"            task \u003d \"\";","lastModifiedDate":"2025-02-01","isFullCredit":false},{"lineNumber":58,"author":{"gitId":"LEESY02"},"content":"            currentWord \u003d \"\";","lastModifiedDate":"2025-02-01","isFullCredit":false},{"lineNumber":59,"author":{"gitId":"LEESY02"},"content":"            while (!currentWord.equals(\"/from\")) {","lastModifiedDate":"2025-02-01","isFullCredit":false},{"lineNumber":60,"author":{"gitId":"LEESY02"},"content":"                task +\u003d \" \" + currentWord;","lastModifiedDate":"2025-02-01","isFullCredit":false},{"lineNumber":61,"author":{"gitId":"LEESY02"},"content":"                currentWord \u003d sc.next();","lastModifiedDate":"2025-02-01","isFullCredit":false},{"lineNumber":62,"author":{"gitId":"LEESY02"},"content":"            }","lastModifiedDate":"2025-01-26","isFullCredit":false},{"lineNumber":63,"author":{"gitId":"LEESY02"},"content":"            String startDate \u003d \"\";","lastModifiedDate":"2025-02-01","isFullCredit":false},{"lineNumber":64,"author":{"gitId":"LEESY02"},"content":"            currentWord \u003d \"\";","lastModifiedDate":"2025-02-01","isFullCredit":false},{"lineNumber":65,"author":{"gitId":"LEESY02"},"content":"            while (!currentWord.equals(\"/to\")) {","lastModifiedDate":"2025-02-01","isFullCredit":false},{"lineNumber":66,"author":{"gitId":"LEESY02"},"content":"                startDate +\u003d \" \" + currentWord;","lastModifiedDate":"2025-02-01","isFullCredit":false},{"lineNumber":67,"author":{"gitId":"LEESY02"},"content":"                currentWord \u003d sc.next();","lastModifiedDate":"2025-02-01","isFullCredit":false},{"lineNumber":68,"author":{"gitId":"LEESY02"},"content":"            }","lastModifiedDate":"2025-01-26","isFullCredit":false},{"lineNumber":69,"author":{"gitId":"LEESY02"},"content":"            String endDate \u003d sc.nextLine();","lastModifiedDate":"2025-02-01","isFullCredit":false},{"lineNumber":70,"author":{"gitId":"LEESY02"},"content":"            sc.close();","lastModifiedDate":"2025-02-01","isFullCredit":false},{"lineNumber":71,"author":{"gitId":"LEESY02"},"content":"            return new Event(task.strip(), index, startDate.strip(), endDate.strip());","lastModifiedDate":"2025-02-01","isFullCredit":false},{"lineNumber":72,"author":{"gitId":"LEESY02"},"content":"        default:","lastModifiedDate":"2025-02-01","isFullCredit":false},{"lineNumber":73,"author":{"gitId":"LEESY02"},"content":"        }","lastModifiedDate":"2025-02-01","isFullCredit":false},{"lineNumber":74,"author":{"gitId":"LEESY02"},"content":"","lastModifiedDate":"2025-02-01","isFullCredit":false},{"lineNumber":75,"author":{"gitId":"LEESY02"},"content":"        sc.close();","lastModifiedDate":"2025-02-01","isFullCredit":false},{"lineNumber":76,"author":{"gitId":"LEESY02"},"content":"        return new Task(input, index);","lastModifiedDate":"2025-02-01","isFullCredit":false},{"lineNumber":77,"author":{"gitId":"LEESY02"},"content":"    }","lastModifiedDate":"2025-02-01","isFullCredit":false},{"lineNumber":78,"author":{"gitId":"LEESY02"},"content":"","lastModifiedDate":"2025-02-01","isFullCredit":false},{"lineNumber":79,"author":{"gitId":"LEESY02"},"content":"    private static void printAddTaskMessage(Task task) {","lastModifiedDate":"2025-02-01","isFullCredit":false},{"lineNumber":80,"author":{"gitId":"LEESY02"},"content":"        System.out.println(","lastModifiedDate":"2025-01-26","isFullCredit":false},{"lineNumber":81,"author":{"gitId":"LEESY02"},"content":"            NEW_LINE_TAB + \"\\tadded: \" + task.toString() + \"\\n\" + NEW_LINE_TAB","lastModifiedDate":"2025-02-01","isFullCredit":false},{"lineNumber":82,"author":{"gitId":"LEESY02"},"content":"        );","lastModifiedDate":"2025-01-26","isFullCredit":false},{"lineNumber":83,"author":{"gitId":"LEESY02"},"content":"    }","lastModifiedDate":"2025-01-26","isFullCredit":false},{"lineNumber":84,"author":{"gitId":"LEESY02"},"content":"    // end of add algorithm","lastModifiedDate":"2025-02-01","isFullCredit":false},{"lineNumber":85,"author":{"gitId":"LEESY02"},"content":"","lastModifiedDate":"2025-01-26","isFullCredit":false},{"lineNumber":86,"author":{"gitId":"LEESY02"},"content":"    // \"mark\" / \"unmark\" command: Mark as done or undone","lastModifiedDate":"2025-02-01","isFullCredit":false},{"lineNumber":87,"author":{"gitId":"LEESY02"},"content":"    private static void flipCompletionStatus(Task[] taskList, int taskIndex, boolean completionStatus) {","lastModifiedDate":"2025-01-26","isFullCredit":false},{"lineNumber":88,"author":{"gitId":"LEESY02"},"content":"        if (completionStatus) {","lastModifiedDate":"2025-01-26","isFullCredit":false},{"lineNumber":89,"author":{"gitId":"LEESY02"},"content":"            taskList[taskIndex].setComplete();","lastModifiedDate":"2025-01-26","isFullCredit":false},{"lineNumber":90,"author":{"gitId":"LEESY02"},"content":"","lastModifiedDate":"2025-02-01","isFullCredit":false},{"lineNumber":91,"author":{"gitId":"LEESY02"},"content":"            System.out.println(","lastModifiedDate":"2025-01-26","isFullCredit":false},{"lineNumber":92,"author":{"gitId":"LEESY02"},"content":"                NEW_LINE_TAB +","lastModifiedDate":"2025-02-01","isFullCredit":false},{"lineNumber":93,"author":{"gitId":"LEESY02"},"content":"                \"\\tGood work brudda, the deed has been done, make sure to hydrate \\n\" +","lastModifiedDate":"2025-02-01","isFullCredit":false},{"lineNumber":94,"author":{"gitId":"LEESY02"},"content":"                \"\\t\\t\" + taskList[taskIndex].toString() + \"\\n\" +","lastModifiedDate":"2025-01-26","isFullCredit":false},{"lineNumber":95,"author":{"gitId":"LEESY02"},"content":"                NEW_LINE_TAB","lastModifiedDate":"2025-02-01","isFullCredit":false},{"lineNumber":96,"author":{"gitId":"LEESY02"},"content":"            );","lastModifiedDate":"2025-01-26","isFullCredit":false},{"lineNumber":97,"author":{"gitId":"LEESY02"},"content":"        } else {","lastModifiedDate":"2025-01-26","isFullCredit":false},{"lineNumber":98,"author":{"gitId":"LEESY02"},"content":"            taskList[taskIndex].setIncomplete();","lastModifiedDate":"2025-01-26","isFullCredit":false},{"lineNumber":99,"author":{"gitId":"LEESY02"},"content":"","lastModifiedDate":"2025-02-01","isFullCredit":false},{"lineNumber":100,"author":{"gitId":"LEESY02"},"content":"            System.out.println(","lastModifiedDate":"2025-01-26","isFullCredit":false},{"lineNumber":101,"author":{"gitId":"LEESY02"},"content":"                NEW_LINE_TAB +","lastModifiedDate":"2025-02-01","isFullCredit":false},{"lineNumber":102,"author":{"gitId":"LEESY02"},"content":"                \"\\tGet back to work!\\n\" +","lastModifiedDate":"2025-02-01","isFullCredit":false},{"lineNumber":103,"author":{"gitId":"LEESY02"},"content":"                \"\\t\\t\" + taskList[taskIndex].toString() + \"\\n\" +","lastModifiedDate":"2025-01-26","isFullCredit":false},{"lineNumber":104,"author":{"gitId":"LEESY02"},"content":"                NEW_LINE_TAB","lastModifiedDate":"2025-02-01","isFullCredit":false},{"lineNumber":105,"author":{"gitId":"LEESY02"},"content":"            );","lastModifiedDate":"2025-01-26","isFullCredit":false},{"lineNumber":106,"author":{"gitId":"LEESY02"},"content":"        }","lastModifiedDate":"2025-01-26","isFullCredit":false},{"lineNumber":107,"author":{"gitId":"LEESY02"},"content":"    }","lastModifiedDate":"2025-01-26","isFullCredit":false},{"lineNumber":108,"author":{"gitId":"LEESY02"},"content":"","lastModifiedDate":"2025-01-26","isFullCredit":false},{"lineNumber":109,"author":{"gitId":"LEESY02"},"content":"    // Execute commands based on the 1st word of the input","lastModifiedDate":"2025-02-01","isFullCredit":false},{"lineNumber":110,"author":{"gitId":"LEESY02"},"content":"    private static Task[] executeCommand(Task[] taskList, String input) {","lastModifiedDate":"2025-02-01","isFullCredit":false},{"lineNumber":111,"author":{"gitId":"LEESY02"},"content":"        Scanner sc \u003d new Scanner(input);","lastModifiedDate":"2025-02-01","isFullCredit":false},{"lineNumber":112,"author":{"gitId":"LEESY02"},"content":"        String command \u003d sc.next();","lastModifiedDate":"2025-02-01","isFullCredit":false},{"lineNumber":113,"author":{"gitId":"LEESY02"},"content":"        String task \u003d \"\";","lastModifiedDate":"2025-02-01","isFullCredit":false},{"lineNumber":114,"author":{"gitId":"LEESY02"},"content":"        if (sc.hasNextLine()) {","lastModifiedDate":"2025-02-01","isFullCredit":false},{"lineNumber":115,"author":{"gitId":"LEESY02"},"content":"            task \u003d sc.nextLine().strip();","lastModifiedDate":"2025-02-01","isFullCredit":false},{"lineNumber":116,"author":{"gitId":"LEESY02"},"content":"        }","lastModifiedDate":"2025-02-01","isFullCredit":false},{"lineNumber":117,"author":{"gitId":"LEESY02"},"content":"        sc.close();","lastModifiedDate":"2025-02-01","isFullCredit":false},{"lineNumber":118,"author":{"gitId":"LEESY02"},"content":"","lastModifiedDate":"2025-02-01","isFullCredit":false},{"lineNumber":119,"author":{"gitId":"LEESY02"},"content":"        switch (command) {","lastModifiedDate":"2025-02-01","isFullCredit":false},{"lineNumber":120,"author":{"gitId":"LEESY02"},"content":"        case \"list\":","lastModifiedDate":"2025-02-01","isFullCredit":false},{"lineNumber":121,"author":{"gitId":"LEESY02"},"content":"            printTaskList(taskList);","lastModifiedDate":"2025-02-01","isFullCredit":false},{"lineNumber":122,"author":{"gitId":"LEESY02"},"content":"            break;","lastModifiedDate":"2025-02-01","isFullCredit":false},{"lineNumber":123,"author":{"gitId":"LEESY02"},"content":"        case \"mark\":","lastModifiedDate":"2025-02-01","isFullCredit":false},{"lineNumber":124,"author":{"gitId":"LEESY02"},"content":"            if (!task.isBlank()) {","lastModifiedDate":"2025-02-01","isFullCredit":false},{"lineNumber":125,"author":{"gitId":"LEESY02"},"content":"                int index \u003d Integer.parseInt(task) - 1;","lastModifiedDate":"2025-02-01","isFullCredit":false},{"lineNumber":126,"author":{"gitId":"LEESY02"},"content":"                flipCompletionStatus(taskList, index, true);","lastModifiedDate":"2025-02-01","isFullCredit":false},{"lineNumber":127,"author":{"gitId":"LEESY02"},"content":"            }","lastModifiedDate":"2025-02-01","isFullCredit":false},{"lineNumber":128,"author":{"gitId":"LEESY02"},"content":"            break;","lastModifiedDate":"2025-02-01","isFullCredit":false},{"lineNumber":129,"author":{"gitId":"LEESY02"},"content":"        case \"unmark\":","lastModifiedDate":"2025-02-01","isFullCredit":false},{"lineNumber":130,"author":{"gitId":"LEESY02"},"content":"            if (!task.isBlank()) {","lastModifiedDate":"2025-02-01","isFullCredit":false},{"lineNumber":131,"author":{"gitId":"LEESY02"},"content":"                int index \u003d Integer.parseInt(task) - 1;","lastModifiedDate":"2025-02-01","isFullCredit":false},{"lineNumber":132,"author":{"gitId":"LEESY02"},"content":"                flipCompletionStatus(taskList, index, false);","lastModifiedDate":"2025-02-01","isFullCredit":false},{"lineNumber":133,"author":{"gitId":"LEESY02"},"content":"            }","lastModifiedDate":"2025-02-01","isFullCredit":false},{"lineNumber":134,"author":{"gitId":"LEESY02"},"content":"            break;","lastModifiedDate":"2025-02-01","isFullCredit":false},{"lineNumber":135,"author":{"gitId":"LEESY02"},"content":"        default:","lastModifiedDate":"2025-02-01","isFullCredit":false},{"lineNumber":136,"author":{"gitId":"LEESY02"},"content":"            taskList \u003d addTask(taskList, input);","lastModifiedDate":"2025-02-01","isFullCredit":false},{"lineNumber":137,"author":{"gitId":"LEESY02"},"content":"        }","lastModifiedDate":"2025-02-01","isFullCredit":false},{"lineNumber":138,"author":{"gitId":"LEESY02"},"content":"","lastModifiedDate":"2025-02-01","isFullCredit":false},{"lineNumber":139,"author":{"gitId":"LEESY02"},"content":"        return taskList;","lastModifiedDate":"2025-02-01","isFullCredit":false},{"lineNumber":140,"author":{"gitId":"LEESY02"},"content":"    }","lastModifiedDate":"2025-02-01","isFullCredit":false},{"lineNumber":141,"author":{"gitId":"LEESY02"},"content":"","lastModifiedDate":"2025-02-01","isFullCredit":false},{"lineNumber":142,"author":{"gitId":"LEESY02"},"content":"    public static void main(String[] args) {","lastModifiedDate":"2025-01-24","isFullCredit":false},{"lineNumber":143,"author":{"gitId":"LEESY02"},"content":"        printIntroMessage();","lastModifiedDate":"2025-02-01","isFullCredit":false},{"lineNumber":144,"author":{"gitId":"LEESY02"},"content":"","lastModifiedDate":"2025-01-26","isFullCredit":false},{"lineNumber":145,"author":{"gitId":"LEESY02"},"content":"        Scanner sc \u003d new Scanner(System.in);","lastModifiedDate":"2025-01-26","isFullCredit":false},{"lineNumber":146,"author":{"gitId":"LEESY02"},"content":"        String nextLine \u003d sc.nextLine();","lastModifiedDate":"2025-01-26","isFullCredit":false},{"lineNumber":147,"author":{"gitId":"LEESY02"},"content":"","lastModifiedDate":"2025-02-01","isFullCredit":false},{"lineNumber":148,"author":{"gitId":"LEESY02"},"content":"        Task[] taskList \u003d new Task[100];","lastModifiedDate":"2025-01-26","isFullCredit":false},{"lineNumber":149,"author":{"gitId":"LEESY02"},"content":"        while (!nextLine.equals(\"bye\")) {","lastModifiedDate":"2025-01-26","isFullCredit":false},{"lineNumber":150,"author":{"gitId":"LEESY02"},"content":"            taskList \u003d executeCommand(taskList, nextLine);","lastModifiedDate":"2025-02-01","isFullCredit":false},{"lineNumber":151,"author":{"gitId":"LEESY02"},"content":"            nextLine \u003d sc.nextLine();","lastModifiedDate":"2025-01-26","isFullCredit":false},{"lineNumber":152,"author":{"gitId":"LEESY02"},"content":"        }","lastModifiedDate":"2025-01-26","isFullCredit":false},{"lineNumber":153,"author":{"gitId":"LEESY02"},"content":"","lastModifiedDate":"2025-01-26","isFullCredit":false},{"lineNumber":154,"author":{"gitId":"LEESY02"},"content":"        printOutroMessage();","lastModifiedDate":"2025-02-01","isFullCredit":false},{"lineNumber":155,"author":{"gitId":"LEESY02"},"content":"    }","lastModifiedDate":"2025-02-01","isFullCredit":false},{"lineNumber":156,"author":{"gitId":"LEESY02"},"content":"","lastModifiedDate":"2025-02-01","isFullCredit":false},{"lineNumber":157,"author":{"gitId":"LEESY02"},"content":"    private static void printIntroMessage() {","lastModifiedDate":"2025-02-01","isFullCredit":false},{"lineNumber":158,"author":{"gitId":"LEESY02"},"content":"        String message \u003d","lastModifiedDate":"2025-02-01","isFullCredit":false},{"lineNumber":159,"author":{"gitId":"LEESY02"},"content":"            NEW_LINE + \"Hello! I\u0027m Seung Yoon\\n\" + \"What can I do for you?\\n\" + NEW_LINE;","lastModifiedDate":"2025-02-01","isFullCredit":false},{"lineNumber":160,"author":{"gitId":"LEESY02"},"content":"        System.out.println(message);","lastModifiedDate":"2025-02-01","isFullCredit":false},{"lineNumber":161,"author":{"gitId":"LEESY02"},"content":"    }","lastModifiedDate":"2025-02-01","isFullCredit":false},{"lineNumber":162,"author":{"gitId":"LEESY02"},"content":"    private static void printOutroMessage() {","lastModifiedDate":"2025-02-01","isFullCredit":false},{"lineNumber":163,"author":{"gitId":"LEESY02"},"content":"        String message \u003d","lastModifiedDate":"2025-02-01","isFullCredit":false},{"lineNumber":164,"author":{"gitId":"LEESY02"},"content":"            NEW_LINE_TAB + \"\\tBye. Hope to see you again soon!\\n\" + LINE_TAB;","lastModifiedDate":"2025-02-01","isFullCredit":false},{"lineNumber":165,"author":{"gitId":"LEESY02"},"content":"        System.out.print(message);","lastModifiedDate":"2025-02-01","isFullCredit":false},{"lineNumber":166,"author":{"gitId":"LEESY02"},"content":"    }","lastModifiedDate":"2025-01-24","isFullCredit":false},{"lineNumber":167,"author":{"gitId":"LEESY02"},"content":"}","lastModifiedDate":"2025-01-24","isFullCredit":false}],"authorContributionMap":{"LEESY02":167}},{"path":"src/main/java/Task.java","fileType":"java","lines":[{"lineNumber":1,"author":{"gitId":"LEESY02"},"content":"public class Task {","lastModifiedDate":"2025-01-26","isFullCredit":false},{"lineNumber":2,"author":{"gitId":"LEESY02"},"content":"    private final String task;","lastModifiedDate":"2025-01-26","isFullCredit":false},{"lineNumber":3,"author":{"gitId":"LEESY02"},"content":"    private final int index;","lastModifiedDate":"2025-01-26","isFullCredit":false},{"lineNumber":4,"author":{"gitId":"LEESY02"},"content":"    private boolean completionStatus;","lastModifiedDate":"2025-01-26","isFullCredit":false},{"lineNumber":5,"author":{"gitId":"LEESY02"},"content":"","lastModifiedDate":"2025-01-26","isFullCredit":false},{"lineNumber":6,"author":{"gitId":"LEESY02"},"content":"    public Task(String task, int index) {","lastModifiedDate":"2025-01-26","isFullCredit":false},{"lineNumber":7,"author":{"gitId":"LEESY02"},"content":"        this.task \u003d task;","lastModifiedDate":"2025-01-26","isFullCredit":false},{"lineNumber":8,"author":{"gitId":"LEESY02"},"content":"        this.index \u003d index;","lastModifiedDate":"2025-01-26","isFullCredit":false},{"lineNumber":9,"author":{"gitId":"LEESY02"},"content":"        completionStatus \u003d false;","lastModifiedDate":"2025-01-26","isFullCredit":false},{"lineNumber":10,"author":{"gitId":"LEESY02"},"content":"    }","lastModifiedDate":"2025-01-26","isFullCredit":false},{"lineNumber":11,"author":{"gitId":"LEESY02"},"content":"","lastModifiedDate":"2025-01-26","isFullCredit":false},{"lineNumber":12,"author":{"gitId":"LEESY02"},"content":"    public void setComplete() {","lastModifiedDate":"2025-01-26","isFullCredit":false},{"lineNumber":13,"author":{"gitId":"LEESY02"},"content":"        completionStatus \u003d true;","lastModifiedDate":"2025-01-26","isFullCredit":false},{"lineNumber":14,"author":{"gitId":"LEESY02"},"content":"    }","lastModifiedDate":"2025-01-26","isFullCredit":false},{"lineNumber":15,"author":{"gitId":"LEESY02"},"content":"","lastModifiedDate":"2025-01-26","isFullCredit":false},{"lineNumber":16,"author":{"gitId":"LEESY02"},"content":"    public void setIncomplete() {","lastModifiedDate":"2025-01-26","isFullCredit":false},{"lineNumber":17,"author":{"gitId":"LEESY02"},"content":"        completionStatus \u003d false;","lastModifiedDate":"2025-01-26","isFullCredit":false},{"lineNumber":18,"author":{"gitId":"LEESY02"},"content":"    }","lastModifiedDate":"2025-01-26","isFullCredit":false},{"lineNumber":19,"author":{"gitId":"LEESY02"},"content":"","lastModifiedDate":"2025-01-26","isFullCredit":false},{"lineNumber":20,"author":{"gitId":"LEESY02"},"content":"    public boolean getCompletionStatus() {","lastModifiedDate":"2025-01-26","isFullCredit":false},{"lineNumber":21,"author":{"gitId":"LEESY02"},"content":"        return completionStatus;","lastModifiedDate":"2025-01-26","isFullCredit":false},{"lineNumber":22,"author":{"gitId":"LEESY02"},"content":"    }","lastModifiedDate":"2025-01-26","isFullCredit":false},{"lineNumber":23,"author":{"gitId":"LEESY02"},"content":"","lastModifiedDate":"2025-01-26","isFullCredit":false},{"lineNumber":24,"author":{"gitId":"LEESY02"},"content":"    public String getTask() {","lastModifiedDate":"2025-01-26","isFullCredit":false},{"lineNumber":25,"author":{"gitId":"LEESY02"},"content":"        return task;","lastModifiedDate":"2025-01-26","isFullCredit":false},{"lineNumber":26,"author":{"gitId":"LEESY02"},"content":"    }","lastModifiedDate":"2025-01-26","isFullCredit":false},{"lineNumber":27,"author":{"gitId":"LEESY02"},"content":"","lastModifiedDate":"2025-01-26","isFullCredit":false},{"lineNumber":28,"author":{"gitId":"LEESY02"},"content":"    public int getIndex() {","lastModifiedDate":"2025-02-01","isFullCredit":false},{"lineNumber":29,"author":{"gitId":"LEESY02"},"content":"        return index;","lastModifiedDate":"2025-02-01","isFullCredit":false},{"lineNumber":30,"author":{"gitId":"LEESY02"},"content":"    }","lastModifiedDate":"2025-02-01","isFullCredit":false},{"lineNumber":31,"author":{"gitId":"LEESY02"},"content":"","lastModifiedDate":"2025-02-01","isFullCredit":false},{"lineNumber":32,"author":{"gitId":"LEESY02"},"content":"    @Override","lastModifiedDate":"2025-01-26","isFullCredit":false},{"lineNumber":33,"author":{"gitId":"LEESY02"},"content":"    public String toString() {","lastModifiedDate":"2025-01-26","isFullCredit":false},{"lineNumber":34,"author":{"gitId":"LEESY02"},"content":"        String isCompletedCheckMark;","lastModifiedDate":"2025-01-26","isFullCredit":false},{"lineNumber":35,"author":{"gitId":"LEESY02"},"content":"        if (this.getCompletionStatus()) {","lastModifiedDate":"2025-01-26","isFullCredit":false},{"lineNumber":36,"author":{"gitId":"LEESY02"},"content":"            isCompletedCheckMark \u003d \"[X] \";","lastModifiedDate":"2025-02-01","isFullCredit":false},{"lineNumber":37,"author":{"gitId":"LEESY02"},"content":"        } else {","lastModifiedDate":"2025-01-26","isFullCredit":false},{"lineNumber":38,"author":{"gitId":"LEESY02"},"content":"            isCompletedCheckMark \u003d \"[ ] \";","lastModifiedDate":"2025-02-01","isFullCredit":false},{"lineNumber":39,"author":{"gitId":"LEESY02"},"content":"        }","lastModifiedDate":"2025-01-26","isFullCredit":false},{"lineNumber":40,"author":{"gitId":"LEESY02"},"content":"        return isCompletedCheckMark + task;","lastModifiedDate":"2025-02-01","isFullCredit":false},{"lineNumber":41,"author":{"gitId":"LEESY02"},"content":"    }","lastModifiedDate":"2025-01-26","isFullCredit":false},{"lineNumber":42,"author":{"gitId":"LEESY02"},"content":"}","lastModifiedDate":"2025-01-26","isFullCredit":false}],"authorContributionMap":{"LEESY02":42}},{"path":"src/main/java/ToDo.java","fileType":"java","lines":[{"lineNumber":1,"author":{"gitId":"LEESY02"},"content":"public class ToDo extends Task {","lastModifiedDate":"2025-02-01","isFullCredit":false},{"lineNumber":2,"author":{"gitId":"LEESY02"},"content":"","lastModifiedDate":"2025-02-01","isFullCredit":false},{"lineNumber":3,"author":{"gitId":"LEESY02"},"content":"    public ToDo(String task, int index) {","lastModifiedDate":"2025-02-01","isFullCredit":false},{"lineNumber":4,"author":{"gitId":"LEESY02"},"content":"        super(task, index);","lastModifiedDate":"2025-02-01","isFullCredit":false},{"lineNumber":5,"author":{"gitId":"LEESY02"},"content":"    }","lastModifiedDate":"2025-02-01","isFullCredit":false},{"lineNumber":6,"author":{"gitId":"LEESY02"},"content":"","lastModifiedDate":"2025-02-01","isFullCredit":false},{"lineNumber":7,"author":{"gitId":"LEESY02"},"content":"    @Override","lastModifiedDate":"2025-02-01","isFullCredit":false},{"lineNumber":8,"author":{"gitId":"LEESY02"},"content":"    public String toString() {","lastModifiedDate":"2025-02-01","isFullCredit":false},{"lineNumber":9,"author":{"gitId":"LEESY02"},"content":"        return super.toString().replaceFirst(\"\\\\[\", \"[T][\");","lastModifiedDate":"2025-02-01","isFullCredit":false},{"lineNumber":10,"author":{"gitId":"LEESY02"},"content":"    }","lastModifiedDate":"2025-02-01","isFullCredit":false},{"lineNumber":11,"author":{"gitId":"LEESY02"},"content":"}","lastModifiedDate":"2025-02-01","isFullCredit":false}],"authorContributionMap":{"LEESY02":11}},{"path":"text-ui-test/input.txt","fileType":"txt","lines":[{"lineNumber":1,"author":{"gitId":"LEESY02"},"content":"todo borrow book","lastModifiedDate":"2025-02-01","isFullCredit":false},{"lineNumber":2,"author":{"gitId":"LEESY02"},"content":"list","lastModifiedDate":"2025-02-01","isFullCredit":false},{"lineNumber":3,"author":{"gitId":"LEESY02"},"content":"deadline return book /by Sunday","lastModifiedDate":"2025-02-01","isFullCredit":false},{"lineNumber":4,"author":{"gitId":"LEESY02"},"content":"event project meeting /from Mon 2pm /to 4pm","lastModifiedDate":"2025-02-01","isFullCredit":false},{"lineNumber":5,"author":{"gitId":"LEESY02"},"content":"list","lastModifiedDate":"2025-02-01","isFullCredit":false},{"lineNumber":6,"author":{"gitId":"LEESY02"},"content":"unmark 1","lastModifiedDate":"2025-02-01","isFullCredit":false},{"lineNumber":7,"author":{"gitId":"LEESY02"},"content":"list","lastModifiedDate":"2025-02-01","isFullCredit":false},{"lineNumber":8,"author":{"gitId":"LEESY02"},"content":"bye","lastModifiedDate":"2025-02-01","isFullCredit":false}],"authorContributionMap":{"LEESY02":8}},{"path":"text-ui-test/runtest.bat","fileType":"bat","lines":[{"lineNumber":1,"author":{"gitId":"-"},"content":"@ECHO OFF","lastModifiedDate":"2020-05-25","isFullCredit":false},{"lineNumber":2,"author":{"gitId":"-"},"content":"","lastModifiedDate":"2020-05-25","isFullCredit":false},{"lineNumber":3,"author":{"gitId":"-"},"content":"REM create bin directory if it doesn\u0027t exist","lastModifiedDate":"2020-05-25","isFullCredit":false},{"lineNumber":4,"author":{"gitId":"-"},"content":"if not exist ..\\bin mkdir ..\\bin","lastModifiedDate":"2020-05-25","isFullCredit":false},{"lineNumber":5,"author":{"gitId":"-"},"content":"","lastModifiedDate":"2020-05-25","isFullCredit":false},{"lineNumber":6,"author":{"gitId":"-"},"content":"REM delete output from previous run","lastModifiedDate":"2020-05-25","isFullCredit":false},{"lineNumber":7,"author":{"gitId":"-"},"content":"if exist ACTUAL.TXT del ACTUAL.TXT","lastModifiedDate":"2020-08-25","isFullCredit":false},{"lineNumber":8,"author":{"gitId":"-"},"content":"","lastModifiedDate":"2020-05-25","isFullCredit":false},{"lineNumber":9,"author":{"gitId":"-"},"content":"REM compile the code into the bin folder","lastModifiedDate":"2020-05-25","isFullCredit":false},{"lineNumber":10,"author":{"gitId":"-"},"content":"javac  -cp ..\\src\\main\\java -Xlint:none -d ..\\bin ..\\src\\main\\java\\*.java","lastModifiedDate":"2020-08-25","isFullCredit":false},{"lineNumber":11,"author":{"gitId":"-"},"content":"IF ERRORLEVEL 1 (","lastModifiedDate":"2020-05-25","isFullCredit":false},{"lineNumber":12,"author":{"gitId":"-"},"content":"    echo ********** BUILD FAILURE **********","lastModifiedDate":"2020-05-25","isFullCredit":false},{"lineNumber":13,"author":{"gitId":"-"},"content":"    exit /b 1","lastModifiedDate":"2020-05-25","isFullCredit":false},{"lineNumber":14,"author":{"gitId":"-"},"content":")","lastModifiedDate":"2020-05-25","isFullCredit":false},{"lineNumber":15,"author":{"gitId":"-"},"content":"REM no error here, errorlevel \u003d\u003d 0","lastModifiedDate":"2020-05-25","isFullCredit":false},{"lineNumber":16,"author":{"gitId":"-"},"content":"","lastModifiedDate":"2020-05-25","isFullCredit":false},{"lineNumber":17,"author":{"gitId":"-"},"content":"REM run the program, feed commands from input.txt file and redirect the output to the ACTUAL.TXT","lastModifiedDate":"2020-05-25","isFullCredit":false},{"lineNumber":18,"author":{"gitId":"LEESY02"},"content":"java -classpath ..\\bin SeungYoon \u003c input.txt \u003e ACTUAL.TXT","lastModifiedDate":"2025-02-01","isFullCredit":false},{"lineNumber":19,"author":{"gitId":"-"},"content":"","lastModifiedDate":"2020-05-25","isFullCredit":false},{"lineNumber":20,"author":{"gitId":"-"},"content":"REM compare the output to the expected output","lastModifiedDate":"2020-05-25","isFullCredit":false},{"lineNumber":21,"author":{"gitId":"-"},"content":"FC ACTUAL.TXT EXPECTED.TXT","lastModifiedDate":"2020-05-25","isFullCredit":false}],"authorContributionMap":{"LEESY02":1,"-":20}}]
