{"authorDailyContributionsMap":{"thezerohour":[{"date":"2025-01-23","commitResults":[{"hash":"a447b61ce06657c3f810025c3111aa6d3fe83e42","isMergeCommit":false,"messageTitle":"rename Duke to Pixy","messageBody":"","tags":["Level-0"],"fileTypesAndContributionMap":{"java":{"insertions":7,"deletions":10},"md":{"insertions":1,"deletions":1}}}]},{"date":"2025-01-31","commitResults":[{"hash":"38d83cda7ea6f63b86c585d01b64a45181c9fe4f","isMergeCommit":false,"messageTitle":"implement command echo","messageBody":"","tags":["Level-1"],"fileTypesAndContributionMap":{"java":{"insertions":10,"deletions":0}}},{"hash":"b5331c0f561c4aa88c8e9c7a248b112f253196d4","isMergeCommit":false,"messageTitle":"implement add, list commands","messageBody":"","tags":["Level-2"],"fileTypesAndContributionMap":{"java":{"insertions":11,"deletions":2}}},{"hash":"054d37f597bba52c6073f0f8e4249c3602c054a3","isMergeCommit":false,"messageTitle":"create Task class, mark and unmark commands","messageBody":"","tags":["Level-3","A-CodingStandard","A-Classes"],"fileTypesAndContributionMap":{"java":{"insertions":38,"deletions":7}}}]},{"date":"2025-02-13","commitResults":[{"hash":"c43b0db3cebd38afaf4d72691fe94f6edfdebc50","isMergeCommit":false,"messageTitle":"implement task, deadline and event classes, debugged and SLAMed as far as possible","messageBody":"","tags":["Level-4"],"fileTypesAndContributionMap":{"java":{"insertions":109,"deletions":24}}},{"hash":"a245e226c3767905df076703dca947a5349c2433","isMergeCommit":false,"messageTitle":"improved compliance with coding standard","messageBody":"","tags":["A-CodeQuality"],"fileTypesAndContributionMap":{"java":{"insertions":20,"deletions":28}}}]},{"date":"2025-02-20","commitResults":[{"hash":"3688b6150d9141bef2ce9d428d5beaf2f8254a5b","isMergeCommit":false,"messageTitle":"implement exception handling, clean up code","messageBody":"","fileTypesAndContributionMap":{"java":{"insertions":68,"deletions":41}}},{"hash":"799cbc5b9aa0868be56785fb717364c4dae507a7","isMergeCommit":true,"messageTitle":"Merge branch \u0027branch-Level-5\u0027","messageBody":"","tags":["Level-5"],"fileTypesAndContributionMap":{}}]},{"date":"2025-02-21","commitResults":[{"hash":"a71aa3d95d4d12cda647062d21c67ebe09a52a9a","isMergeCommit":false,"messageTitle":"move files into packages","messageBody":"","fileTypesAndContributionMap":{"java":{"insertions":16,"deletions":0},"md":{"insertions":1,"deletions":1}}},{"hash":"b019b1535596de43b3d00c266a1825ad1dab37e9","isMergeCommit":false,"messageTitle":"minor readme edit","messageBody":"","fileTypesAndContributionMap":{"md":{"insertions":1,"deletions":1}}},{"hash":"3f8150e3e136d40c6951ee9d70b372a14a943b0c","isMergeCommit":true,"messageTitle":"Merge branch \u0027branch-A-Packages\u0027","messageBody":"","tags":["A-Packages","A-Exceptions"],"fileTypesAndContributionMap":{}}]},{"date":"2025-03-03","commitResults":[{"hash":"d6c763c56cad689d72dcd937e6e2c9cd7fec89d8","isMergeCommit":false,"messageTitle":"Implement task deletion. Collections class already in use.","messageBody":"","fileTypesAndContributionMap":{"java":{"insertions":8,"deletions":0}}}]},{"date":"2025-03-04","commitResults":[{"hash":"f844cd36a04751862559bc23182dce3fffa3795e","isMergeCommit":false,"messageTitle":"implement data saving to text file","messageBody":"","fileTypesAndContributionMap":{"java":{"insertions":126,"deletions":8}}},{"hash":"c4d8a277b99ef03048319bfd1b52bc4bcea77ddc","isMergeCommit":true,"messageTitle":"Merge branch \u0027branch-Level-6\u0027","messageBody":"","tags":["Level-6","A-Collections"],"fileTypesAndContributionMap":{}},{"hash":"f9dd053a223a3e90751d571a5a891b1aa98ba28b","isMergeCommit":true,"messageTitle":"Merge branch \u0027branch-Level-7\u0027","messageBody":"","tags":["Level-7"],"fileTypesAndContributionMap":{}},{"hash":"26e2a963831469d205ae36640f3b100520c974da","isMergeCommit":false,"messageTitle":"code cleanup","messageBody":"","fileTypesAndContributionMap":{"java":{"insertions":1,"deletions":3}}}]},{"date":"2025-03-13","commitResults":[{"hash":"a03dff7c0353948b416a2a085ecd717aa46a046d","isMergeCommit":false,"messageTitle":"refactored code for \"more OOP\"","messageBody":"","tags":["A-MoreOOP"],"fileTypesAndContributionMap":{"java":{"insertions":236,"deletions":149}}}]},{"date":"2025-03-14","commitResults":[{"hash":"c85090d265babd54dfa0e5637d39de5833e6e9a6","isMergeCommit":false,"messageTitle":"implemented search feature","messageBody":"","fileTypesAndContributionMap":{"java":{"insertions":15,"deletions":0}}},{"hash":"9c4e0d5da3f97a2e06a8bf99e1e4761af87adcde","isMergeCommit":false,"messageTitle":"added javadoc to codebase","messageBody":"","fileTypesAndContributionMap":{"java":{"insertions":180,"deletions":0}}},{"hash":"af1324523af6009aa5025091a515a4ee26a72426","isMergeCommit":true,"messageTitle":"Merge branch \u0027Level-9\u0027","messageBody":"","fileTypesAndContributionMap":{}},{"hash":"092dc855cf7705d8955d9ea39c2036402c7a1b4b","isMergeCommit":true,"messageTitle":"Merge branch \u0027master\u0027 of https://github.com/thezerohour/ip into A-JavaDoc","messageBody":"","fileTypesAndContributionMap":{}},{"hash":"3d62e3583259cf127c3fba4ac79fd77038491b41","isMergeCommit":false,"messageTitle":"added javadoc for search feature","messageBody":"","fileTypesAndContributionMap":{"java":{"insertions":12,"deletions":0}}},{"hash":"474c1dd400b81ec879b47411533f82a7f46735cb","isMergeCommit":true,"messageTitle":"Merge branch \u0027A-JavaDoc\u0027","messageBody":"","fileTypesAndContributionMap":{}},{"hash":"4647575104feb99e471aac2d69a5206f74ed4b71","isMergeCommit":false,"messageTitle":"update README","messageBody":"","tags":["A-UserGuide","A-Release"],"fileTypesAndContributionMap":{"md":{"insertions":72,"deletions":13}}}]}]},"authorFileTypeContributionMap":{"thezerohour":{"java":595,"md":73,"fxml":0,"sh":0,"bat":0,"gradle":0,"txt":0}},"authorContributionVariance":{"thezerohour":4365.1206},"authorDisplayNameMap":{"thezerohour":"CS2113-T11b-2 PIRA..NDER"}}
