{"authorDailyContributionsMap":{"nictzl":[{"date":"2025-01-23","commitResults":[{"hash":"03309370c02d5aab871f90f41cb426a3cee7501b","isMergeCommit":false,"messageTitle":"Created my own Nic chatbot","messageBody":"","tags":["Level-0"],"fileTypesAndContributionMap":{"java":{"insertions":8,"deletions":10}}},{"hash":"b9eca4335b3be503a0434d271c31ace33c79b6db","isMergeCommit":false,"messageTitle":"no message","messageBody":"","fileTypesAndContributionMap":{"java":{"insertions":2,"deletions":0}}}]},{"date":"2025-01-26","commitResults":[{"hash":"3a42fd6ef5b3f1c2d8c3dbfb7070f249d97ccd64","isMergeCommit":false,"messageTitle":"Improved functionality of chatbot to echo out command by user and exit when \u0027bye\u0027 is entered","messageBody":"","tags":["Level-1"],"fileTypesAndContributionMap":{"java":{"insertions":17,"deletions":7}}},{"hash":"bfb304ea29ad93c433890da1e183ce73f90ec7fc","isMergeCommit":false,"messageTitle":"Added functionality that stores user input, and display them once list command is entered","messageBody":"","tags":["Level-2"],"fileTypesAndContributionMap":{"java":{"insertions":27,"deletions":1}}}]},{"date":"2025-01-27","commitResults":[{"hash":"b000df6379e7244f4bedea65d458ea5dfc6d1c46","isMergeCommit":false,"messageTitle":"Added functionality to allow chatbot to mark and unmark tasks","messageBody":"","tags":["Level-3"],"fileTypesAndContributionMap":{"java":{"insertions":39,"deletions":1}}}]},{"date":"2025-01-28","commitResults":[{"hash":"5db0958530fc4923a3495f80c7f06a359de7f3de","isMergeCommit":false,"messageTitle":"Functionality is the same, but code is more modular","messageBody":"","fileTypesAndContributionMap":{"java":{"insertions":44,"deletions":38}}}]},{"date":"2025-02-07","commitResults":[{"hash":"85df11fe6aa04471bb573401bd7b07d2680f32c4","isMergeCommit":false,"messageTitle":"Added functionality of todo, deadline, event","messageBody":"","tags":["Level-4"],"fileTypesAndContributionMap":{"java":{"insertions":139,"deletions":35}}}]},{"date":"2025-02-11","commitResults":[{"hash":"5d34885d7f14dc507a6e94f1ebde2f13e8bc7533","isMergeCommit":false,"messageTitle":"adjusted formatting of code","messageBody":"","fileTypesAndContributionMap":{"java":{"insertions":5,"deletions":10}}}]},{"date":"2025-02-12","commitResults":[{"hash":"17015b3574ca872120b9a2a705d22eaae879cfcd","isMergeCommit":false,"messageTitle":"Refactored code and fixed code to adhere to code quality","messageBody":"","tags":["A-CodingStandard","A-CodeQuality"],"fileTypesAndContributionMap":{"java":{"insertions":131,"deletions":89}}},{"hash":"d191c063fc7bd0a5090033b5c4e4d8bed8f63e27","isMergeCommit":false,"messageTitle":"Added error checking for empty ToDos or wrong formatting of deadlines/events","messageBody":"","tags":["Level-5"],"fileTypesAndContributionMap":{"java":{"insertions":36,"deletions":21}}},{"hash":"b8dee6824970c974a0c8715ba4f5e0581bd08678","isMergeCommit":true,"messageTitle":"Merge branch \u0027branch-Level-5\u0027 into HEAD","messageBody":"Error checking done, refactored code too.\n","fileTypesAndContributionMap":{}}]}]},"authorFileTypeContributionMap":{"nictzl":{"java":246,"md":0,"fxml":0,"sh":0,"bat":0,"gradle":0,"txt":0}},"authorContributionVariance":{"nictzl":3113.1243},"authorDisplayNameMap":{"nictzl":"NICH..ONG)"}}
