[{"path":"src/main/java/Deadline.java","fileType":"java","lines":[{"lineNumber":1,"author":{"gitId":"chuanhuiw"},"content":"public class Deadline extends Task {","lastModifiedDate":"2025-02-06","isFullCredit":false},{"lineNumber":2,"author":{"gitId":"chuanhuiw"},"content":"","lastModifiedDate":"2025-02-06","isFullCredit":false},{"lineNumber":3,"author":{"gitId":"chuanhuiw"},"content":"    protected String by;","lastModifiedDate":"2025-02-06","isFullCredit":false},{"lineNumber":4,"author":{"gitId":"chuanhuiw"},"content":"","lastModifiedDate":"2025-02-06","isFullCredit":false},{"lineNumber":5,"author":{"gitId":"chuanhuiw"},"content":"    public Deadline(String description, String by) {","lastModifiedDate":"2025-02-06","isFullCredit":false},{"lineNumber":6,"author":{"gitId":"chuanhuiw"},"content":"        super(description);","lastModifiedDate":"2025-02-06","isFullCredit":false},{"lineNumber":7,"author":{"gitId":"chuanhuiw"},"content":"        this.by \u003d by;","lastModifiedDate":"2025-02-06","isFullCredit":false},{"lineNumber":8,"author":{"gitId":"chuanhuiw"},"content":"    }","lastModifiedDate":"2025-02-06","isFullCredit":false},{"lineNumber":9,"author":{"gitId":"chuanhuiw"},"content":"","lastModifiedDate":"2025-02-06","isFullCredit":false},{"lineNumber":10,"author":{"gitId":"chuanhuiw"},"content":"    @Override","lastModifiedDate":"2025-02-06","isFullCredit":false},{"lineNumber":11,"author":{"gitId":"chuanhuiw"},"content":"    public String toString() {","lastModifiedDate":"2025-02-06","isFullCredit":false},{"lineNumber":12,"author":{"gitId":"chuanhuiw"},"content":"        return \"[D]\" + super.toString() + \" (by: \" + by + \")\";","lastModifiedDate":"2025-02-06","isFullCredit":false},{"lineNumber":13,"author":{"gitId":"chuanhuiw"},"content":"    }","lastModifiedDate":"2025-02-06","isFullCredit":false},{"lineNumber":14,"author":{"gitId":"chuanhuiw"},"content":"}","lastModifiedDate":"2025-02-06","isFullCredit":false}],"authorContributionMap":{"chuanhuiw":14}},{"path":"src/main/java/Event.java","fileType":"java","lines":[{"lineNumber":1,"author":{"gitId":"chuanhuiw"},"content":"public class Event extends Task{","lastModifiedDate":"2025-02-06","isFullCredit":false},{"lineNumber":2,"author":{"gitId":"chuanhuiw"},"content":"    protected String from;","lastModifiedDate":"2025-02-06","isFullCredit":false},{"lineNumber":3,"author":{"gitId":"chuanhuiw"},"content":"    protected String to;","lastModifiedDate":"2025-02-06","isFullCredit":false},{"lineNumber":4,"author":{"gitId":"chuanhuiw"},"content":"","lastModifiedDate":"2025-02-06","isFullCredit":false},{"lineNumber":5,"author":{"gitId":"chuanhuiw"},"content":"    public Event(String description, String from, String to) {","lastModifiedDate":"2025-02-06","isFullCredit":false},{"lineNumber":6,"author":{"gitId":"chuanhuiw"},"content":"        super(description);","lastModifiedDate":"2025-02-06","isFullCredit":false},{"lineNumber":7,"author":{"gitId":"chuanhuiw"},"content":"        this.from \u003d from;","lastModifiedDate":"2025-02-06","isFullCredit":false},{"lineNumber":8,"author":{"gitId":"chuanhuiw"},"content":"        this.to \u003d to;","lastModifiedDate":"2025-02-06","isFullCredit":false},{"lineNumber":9,"author":{"gitId":"chuanhuiw"},"content":"    }","lastModifiedDate":"2025-02-06","isFullCredit":false},{"lineNumber":10,"author":{"gitId":"chuanhuiw"},"content":"","lastModifiedDate":"2025-02-06","isFullCredit":false},{"lineNumber":11,"author":{"gitId":"chuanhuiw"},"content":"    @Override","lastModifiedDate":"2025-02-06","isFullCredit":false},{"lineNumber":12,"author":{"gitId":"chuanhuiw"},"content":"    public String toString() {","lastModifiedDate":"2025-02-06","isFullCredit":false},{"lineNumber":13,"author":{"gitId":"chuanhuiw"},"content":"        return \"[E]\" + super.toString() + \" (from: \" + from + \" to: \" + to + \")\";","lastModifiedDate":"2025-02-06","isFullCredit":false},{"lineNumber":14,"author":{"gitId":"chuanhuiw"},"content":"    }","lastModifiedDate":"2025-02-06","isFullCredit":false},{"lineNumber":15,"author":{"gitId":"chuanhuiw"},"content":"}","lastModifiedDate":"2025-02-06","isFullCredit":false}],"authorContributionMap":{"chuanhuiw":15}},{"path":"src/main/java/Task.java","fileType":"java","lines":[{"lineNumber":1,"author":{"gitId":"chuanhuiw"},"content":"public class Task {","lastModifiedDate":"2025-02-06","isFullCredit":false},{"lineNumber":2,"author":{"gitId":"chuanhuiw"},"content":"    protected String description;","lastModifiedDate":"2025-02-06","isFullCredit":false},{"lineNumber":3,"author":{"gitId":"chuanhuiw"},"content":"    protected boolean isDone;","lastModifiedDate":"2025-02-06","isFullCredit":false},{"lineNumber":4,"author":{"gitId":"chuanhuiw"},"content":"","lastModifiedDate":"2025-02-06","isFullCredit":false},{"lineNumber":5,"author":{"gitId":"chuanhuiw"},"content":"    public Task(String description) {","lastModifiedDate":"2025-02-06","isFullCredit":false},{"lineNumber":6,"author":{"gitId":"chuanhuiw"},"content":"        this.description \u003d description;","lastModifiedDate":"2025-02-06","isFullCredit":false},{"lineNumber":7,"author":{"gitId":"chuanhuiw"},"content":"        this.isDone \u003d false;","lastModifiedDate":"2025-02-06","isFullCredit":false},{"lineNumber":8,"author":{"gitId":"chuanhuiw"},"content":"    }","lastModifiedDate":"2025-02-06","isFullCredit":false},{"lineNumber":9,"author":{"gitId":"chuanhuiw"},"content":"","lastModifiedDate":"2025-02-06","isFullCredit":false},{"lineNumber":10,"author":{"gitId":"chuanhuiw"},"content":"    public String getStatus() {","lastModifiedDate":"2025-02-06","isFullCredit":false},{"lineNumber":11,"author":{"gitId":"chuanhuiw"},"content":"        return (isDone ? \"X\" : \" \");","lastModifiedDate":"2025-02-06","isFullCredit":false},{"lineNumber":12,"author":{"gitId":"chuanhuiw"},"content":"    }","lastModifiedDate":"2025-02-06","isFullCredit":false},{"lineNumber":13,"author":{"gitId":"chuanhuiw"},"content":"","lastModifiedDate":"2025-02-06","isFullCredit":false},{"lineNumber":14,"author":{"gitId":"chuanhuiw"},"content":"    public void markAsDone() {","lastModifiedDate":"2025-02-06","isFullCredit":false},{"lineNumber":15,"author":{"gitId":"chuanhuiw"},"content":"        this.isDone \u003d true;","lastModifiedDate":"2025-02-06","isFullCredit":false},{"lineNumber":16,"author":{"gitId":"chuanhuiw"},"content":"    }","lastModifiedDate":"2025-02-06","isFullCredit":false},{"lineNumber":17,"author":{"gitId":"chuanhuiw"},"content":"","lastModifiedDate":"2025-02-06","isFullCredit":false},{"lineNumber":18,"author":{"gitId":"chuanhuiw"},"content":"    public void markAsNotDone() {","lastModifiedDate":"2025-02-06","isFullCredit":false},{"lineNumber":19,"author":{"gitId":"chuanhuiw"},"content":"        this.isDone \u003d false;","lastModifiedDate":"2025-02-06","isFullCredit":false},{"lineNumber":20,"author":{"gitId":"chuanhuiw"},"content":"    }","lastModifiedDate":"2025-02-06","isFullCredit":false},{"lineNumber":21,"author":{"gitId":"chuanhuiw"},"content":"","lastModifiedDate":"2025-02-06","isFullCredit":false},{"lineNumber":22,"author":{"gitId":"chuanhuiw"},"content":"    @Override","lastModifiedDate":"2025-02-06","isFullCredit":false},{"lineNumber":23,"author":{"gitId":"chuanhuiw"},"content":"    public String toString() {","lastModifiedDate":"2025-02-06","isFullCredit":false},{"lineNumber":24,"author":{"gitId":"chuanhuiw"},"content":"        return \"[\" + getStatus() + \"] \" + description;","lastModifiedDate":"2025-02-06","isFullCredit":false},{"lineNumber":25,"author":{"gitId":"chuanhuiw"},"content":"    }","lastModifiedDate":"2025-02-06","isFullCredit":false},{"lineNumber":26,"author":{"gitId":"chuanhuiw"},"content":"}","lastModifiedDate":"2025-02-06","isFullCredit":false}],"authorContributionMap":{"chuanhuiw":26}},{"path":"src/main/java/Todo.java","fileType":"java","lines":[{"lineNumber":1,"author":{"gitId":"chuanhuiw"},"content":"public class Todo extends Task {","lastModifiedDate":"2025-02-06","isFullCredit":false},{"lineNumber":2,"author":{"gitId":"chuanhuiw"},"content":"    public Todo(String description) {","lastModifiedDate":"2025-02-06","isFullCredit":false},{"lineNumber":3,"author":{"gitId":"chuanhuiw"},"content":"        super(description);","lastModifiedDate":"2025-02-06","isFullCredit":false},{"lineNumber":4,"author":{"gitId":"chuanhuiw"},"content":"    }","lastModifiedDate":"2025-02-06","isFullCredit":false},{"lineNumber":5,"author":{"gitId":"chuanhuiw"},"content":"","lastModifiedDate":"2025-02-06","isFullCredit":false},{"lineNumber":6,"author":{"gitId":"chuanhuiw"},"content":"    @Override","lastModifiedDate":"2025-02-06","isFullCredit":false},{"lineNumber":7,"author":{"gitId":"chuanhuiw"},"content":"    public String toString() {","lastModifiedDate":"2025-02-06","isFullCredit":false},{"lineNumber":8,"author":{"gitId":"chuanhuiw"},"content":"        return \"[T]\" + super.toString();","lastModifiedDate":"2025-02-06","isFullCredit":false},{"lineNumber":9,"author":{"gitId":"chuanhuiw"},"content":"    }","lastModifiedDate":"2025-02-06","isFullCredit":false},{"lineNumber":10,"author":{"gitId":"chuanhuiw"},"content":"}","lastModifiedDate":"2025-02-06","isFullCredit":false}],"authorContributionMap":{"chuanhuiw":10}},{"path":"src/main/java/macdonald.java","fileType":"java","lines":[{"lineNumber":1,"author":{"gitId":"chuanhuiw"},"content":"import java.util.Scanner;","lastModifiedDate":"2025-02-06","isFullCredit":false},{"lineNumber":2,"author":{"gitId":"chuanhuiw"},"content":"","lastModifiedDate":"2025-02-06","isFullCredit":false},{"lineNumber":3,"author":{"gitId":"chuanhuiw"},"content":"public class macdonald {","lastModifiedDate":"2025-02-06","isFullCredit":false},{"lineNumber":4,"author":{"gitId":"chuanhuiw"},"content":"    private static final int MAX_SIZE \u003d 100;","lastModifiedDate":"2025-02-06","isFullCredit":false},{"lineNumber":5,"author":{"gitId":"chuanhuiw"},"content":"    private static final Task[] tasks \u003d new Task[MAX_SIZE];","lastModifiedDate":"2025-02-06","isFullCredit":false},{"lineNumber":6,"author":{"gitId":"chuanhuiw"},"content":"    private static int taskCount \u003d 0;","lastModifiedDate":"2025-02-06","isFullCredit":false},{"lineNumber":7,"author":{"gitId":"chuanhuiw"},"content":"","lastModifiedDate":"2025-02-06","isFullCredit":false},{"lineNumber":8,"author":{"gitId":"chuanhuiw"},"content":"    public static void listTasks() {","lastModifiedDate":"2025-02-06","isFullCredit":false},{"lineNumber":9,"author":{"gitId":"chuanhuiw"},"content":"        System.out.println(\"___________________________________________________________\");","lastModifiedDate":"2025-02-06","isFullCredit":false},{"lineNumber":10,"author":{"gitId":"chuanhuiw"},"content":"        System.out.println(\"Here are the tasks in your list:\");","lastModifiedDate":"2025-02-06","isFullCredit":false},{"lineNumber":11,"author":{"gitId":"chuanhuiw"},"content":"        for (int i \u003d 0; i \u003c taskCount; i++) {","lastModifiedDate":"2025-02-06","isFullCredit":false},{"lineNumber":12,"author":{"gitId":"chuanhuiw"},"content":"            System.out.println((i + 1) + \". \" + tasks[i]);","lastModifiedDate":"2025-02-06","isFullCredit":false},{"lineNumber":13,"author":{"gitId":"chuanhuiw"},"content":"        }","lastModifiedDate":"2025-02-06","isFullCredit":false},{"lineNumber":14,"author":{"gitId":"chuanhuiw"},"content":"        System.out.println(\"___________________________________________________________\");","lastModifiedDate":"2025-02-06","isFullCredit":false},{"lineNumber":15,"author":{"gitId":"chuanhuiw"},"content":"    }","lastModifiedDate":"2025-02-06","isFullCredit":false},{"lineNumber":16,"author":{"gitId":"chuanhuiw"},"content":"","lastModifiedDate":"2025-02-06","isFullCredit":false},{"lineNumber":17,"author":{"gitId":"chuanhuiw"},"content":"    public static void markTask(int index) {","lastModifiedDate":"2025-02-06","isFullCredit":false},{"lineNumber":18,"author":{"gitId":"chuanhuiw"},"content":"        if (index \u003e\u003d 1 \u0026\u0026 index \u003c\u003d taskCount) {","lastModifiedDate":"2025-02-06","isFullCredit":false},{"lineNumber":19,"author":{"gitId":"chuanhuiw"},"content":"            tasks[index - 1].markAsDone();","lastModifiedDate":"2025-02-06","isFullCredit":false},{"lineNumber":20,"author":{"gitId":"chuanhuiw"},"content":"            System.out.println(\"___________________________________________________________\");","lastModifiedDate":"2025-02-06","isFullCredit":false},{"lineNumber":21,"author":{"gitId":"chuanhuiw"},"content":"            System.out.println(\"Nice! I\u0027ve marked this task as done:\");","lastModifiedDate":"2025-02-06","isFullCredit":false},{"lineNumber":22,"author":{"gitId":"chuanhuiw"},"content":"            System.out.println(\" \" + tasks[index - 1]);","lastModifiedDate":"2025-02-06","isFullCredit":false},{"lineNumber":23,"author":{"gitId":"chuanhuiw"},"content":"            System.out.println(\"___________________________________________________________\");","lastModifiedDate":"2025-02-06","isFullCredit":false},{"lineNumber":24,"author":{"gitId":"chuanhuiw"},"content":"        }","lastModifiedDate":"2025-02-06","isFullCredit":false},{"lineNumber":25,"author":{"gitId":"chuanhuiw"},"content":"    }","lastModifiedDate":"2025-02-06","isFullCredit":false},{"lineNumber":26,"author":{"gitId":"chuanhuiw"},"content":"","lastModifiedDate":"2025-02-06","isFullCredit":false},{"lineNumber":27,"author":{"gitId":"chuanhuiw"},"content":"    public static void unmarkTask(int index) {","lastModifiedDate":"2025-02-06","isFullCredit":false},{"lineNumber":28,"author":{"gitId":"chuanhuiw"},"content":"        if (index \u003e\u003d 1 \u0026\u0026 index \u003c\u003d taskCount) {","lastModifiedDate":"2025-02-06","isFullCredit":false},{"lineNumber":29,"author":{"gitId":"chuanhuiw"},"content":"            tasks[index - 1].markAsNotDone();","lastModifiedDate":"2025-02-06","isFullCredit":false},{"lineNumber":30,"author":{"gitId":"chuanhuiw"},"content":"            System.out.println(\"___________________________________________________________\");","lastModifiedDate":"2025-02-06","isFullCredit":false},{"lineNumber":31,"author":{"gitId":"chuanhuiw"},"content":"            System.out.println(\"Ok, I\u0027ve marked this task as not done yet:\");","lastModifiedDate":"2025-02-06","isFullCredit":false},{"lineNumber":32,"author":{"gitId":"chuanhuiw"},"content":"            System.out.println(\" \" + tasks[index - 1]);","lastModifiedDate":"2025-02-06","isFullCredit":false},{"lineNumber":33,"author":{"gitId":"chuanhuiw"},"content":"            System.out.println(\"___________________________________________________________\");","lastModifiedDate":"2025-02-06","isFullCredit":false},{"lineNumber":34,"author":{"gitId":"chuanhuiw"},"content":"        }","lastModifiedDate":"2025-02-06","isFullCredit":false},{"lineNumber":35,"author":{"gitId":"chuanhuiw"},"content":"    }","lastModifiedDate":"2025-02-06","isFullCredit":false},{"lineNumber":36,"author":{"gitId":"chuanhuiw"},"content":"","lastModifiedDate":"2025-02-06","isFullCredit":false},{"lineNumber":37,"author":{"gitId":"chuanhuiw"},"content":"    public static void addTask(String description) throws macdonaldException {","lastModifiedDate":"2025-02-12","isFullCredit":false},{"lineNumber":38,"author":{"gitId":"chuanhuiw"},"content":"        if (description.isEmpty()) {","lastModifiedDate":"2025-02-12","isFullCredit":false},{"lineNumber":39,"author":{"gitId":"chuanhuiw"},"content":"            throw new macdonaldException(\"Oh no! Your todo order cannot be empty.\");","lastModifiedDate":"2025-02-12","isFullCredit":false},{"lineNumber":40,"author":{"gitId":"chuanhuiw"},"content":"        }","lastModifiedDate":"2025-02-12","isFullCredit":false},{"lineNumber":41,"author":{"gitId":"chuanhuiw"},"content":"        if (taskCount \u003c MAX_SIZE) {","lastModifiedDate":"2025-02-06","isFullCredit":false},{"lineNumber":42,"author":{"gitId":"chuanhuiw"},"content":"            tasks[taskCount++] \u003d new Todo(description);","lastModifiedDate":"2025-02-06","isFullCredit":false},{"lineNumber":43,"author":{"gitId":"chuanhuiw"},"content":"            System.out.println(\"____________________________________________________________\");","lastModifiedDate":"2025-02-06","isFullCredit":false},{"lineNumber":44,"author":{"gitId":"chuanhuiw"},"content":"            System.out.println(\"Got it. I\u0027ve added this task:\");","lastModifiedDate":"2025-02-06","isFullCredit":false},{"lineNumber":45,"author":{"gitId":"chuanhuiw"},"content":"            System.out.println(\"  \" + tasks[taskCount - 1]);","lastModifiedDate":"2025-02-06","isFullCredit":false},{"lineNumber":46,"author":{"gitId":"chuanhuiw"},"content":"            System.out.println(\"____________________________________________________________\");","lastModifiedDate":"2025-02-06","isFullCredit":false},{"lineNumber":47,"author":{"gitId":"chuanhuiw"},"content":"        } else {","lastModifiedDate":"2025-02-06","isFullCredit":false},{"lineNumber":48,"author":{"gitId":"chuanhuiw"},"content":"            throw new macdonaldException(\"Your order Task list is full! No more cheeseburger in stock liao...\");","lastModifiedDate":"2025-02-12","isFullCredit":false},{"lineNumber":49,"author":{"gitId":"chuanhuiw"},"content":"        }","lastModifiedDate":"2025-02-06","isFullCredit":false},{"lineNumber":50,"author":{"gitId":"chuanhuiw"},"content":"    }","lastModifiedDate":"2025-02-06","isFullCredit":false},{"lineNumber":51,"author":{"gitId":"chuanhuiw"},"content":"","lastModifiedDate":"2025-02-06","isFullCredit":false},{"lineNumber":52,"author":{"gitId":"chuanhuiw"},"content":"    public static void addDeadline(String description) throws macdonaldException {","lastModifiedDate":"2025-02-12","isFullCredit":false},{"lineNumber":53,"author":{"gitId":"chuanhuiw"},"content":"        int byIndex \u003d description.indexOf(\"/by\");","lastModifiedDate":"2025-02-06","isFullCredit":false},{"lineNumber":54,"author":{"gitId":"chuanhuiw"},"content":"        if (byIndex \u003d\u003d -1) {","lastModifiedDate":"2025-02-06","isFullCredit":false},{"lineNumber":55,"author":{"gitId":"chuanhuiw"},"content":"            throw new macdonaldException(\"Invalid deadline format! Use: deadline \u003ctask\u003e /by \u003ctime\u003e\");","lastModifiedDate":"2025-02-12","isFullCredit":false},{"lineNumber":56,"author":{"gitId":"chuanhuiw"},"content":"        }","lastModifiedDate":"2025-02-06","isFullCredit":false},{"lineNumber":57,"author":{"gitId":"chuanhuiw"},"content":"        String input \u003d description.substring(9, byIndex).trim();","lastModifiedDate":"2025-02-06","isFullCredit":false},{"lineNumber":58,"author":{"gitId":"chuanhuiw"},"content":"        String by \u003d description.substring(byIndex + 4).trim();","lastModifiedDate":"2025-02-06","isFullCredit":false},{"lineNumber":59,"author":{"gitId":"chuanhuiw"},"content":"        if (input.isEmpty() || by.isEmpty()) {","lastModifiedDate":"2025-02-06","isFullCredit":false},{"lineNumber":60,"author":{"gitId":"chuanhuiw"},"content":"            throw new macdonaldException(\"Invalid deadline format! Your order for Task and date must not be empty.\");","lastModifiedDate":"2025-02-12","isFullCredit":false},{"lineNumber":61,"author":{"gitId":"chuanhuiw"},"content":"        }","lastModifiedDate":"2025-02-06","isFullCredit":false},{"lineNumber":62,"author":{"gitId":"chuanhuiw"},"content":"","lastModifiedDate":"2025-02-06","isFullCredit":false},{"lineNumber":63,"author":{"gitId":"chuanhuiw"},"content":"        if (taskCount \u003c MAX_SIZE) {","lastModifiedDate":"2025-02-06","isFullCredit":false},{"lineNumber":64,"author":{"gitId":"chuanhuiw"},"content":"            tasks[taskCount++] \u003d new Deadline(input, by);","lastModifiedDate":"2025-02-06","isFullCredit":false},{"lineNumber":65,"author":{"gitId":"chuanhuiw"},"content":"            System.out.println(\"____________________________________________________________\");","lastModifiedDate":"2025-02-06","isFullCredit":false},{"lineNumber":66,"author":{"gitId":"chuanhuiw"},"content":"            System.out.println(\"Got it. I\u0027ve added this task:\");","lastModifiedDate":"2025-02-06","isFullCredit":false},{"lineNumber":67,"author":{"gitId":"chuanhuiw"},"content":"            System.out.println(\"  \" + tasks[taskCount - 1]);","lastModifiedDate":"2025-02-06","isFullCredit":false},{"lineNumber":68,"author":{"gitId":"chuanhuiw"},"content":"            System.out.println(\"____________________________________________________________\");","lastModifiedDate":"2025-02-06","isFullCredit":false},{"lineNumber":69,"author":{"gitId":"chuanhuiw"},"content":"        } else {","lastModifiedDate":"2025-02-06","isFullCredit":false},{"lineNumber":70,"author":{"gitId":"chuanhuiw"},"content":"            throw new macdonaldException(\"Your order Task list is full! No more cheeseburger in stock liao...\");","lastModifiedDate":"2025-02-12","isFullCredit":false},{"lineNumber":71,"author":{"gitId":"chuanhuiw"},"content":"        }","lastModifiedDate":"2025-02-06","isFullCredit":false},{"lineNumber":72,"author":{"gitId":"chuanhuiw"},"content":"    }","lastModifiedDate":"2025-02-06","isFullCredit":false},{"lineNumber":73,"author":{"gitId":"chuanhuiw"},"content":"","lastModifiedDate":"2025-02-06","isFullCredit":false},{"lineNumber":74,"author":{"gitId":"chuanhuiw"},"content":"    public static void addEvent(String description) throws macdonaldException {","lastModifiedDate":"2025-02-12","isFullCredit":false},{"lineNumber":75,"author":{"gitId":"chuanhuiw"},"content":"        int fromIndex \u003d description.indexOf(\"/from\");","lastModifiedDate":"2025-02-06","isFullCredit":false},{"lineNumber":76,"author":{"gitId":"chuanhuiw"},"content":"        int toIndex \u003d description.indexOf(\"/to\");","lastModifiedDate":"2025-02-06","isFullCredit":false},{"lineNumber":77,"author":{"gitId":"chuanhuiw"},"content":"","lastModifiedDate":"2025-02-06","isFullCredit":false},{"lineNumber":78,"author":{"gitId":"chuanhuiw"},"content":"        if (fromIndex \u003d\u003d -1 || toIndex \u003d\u003d -1) {","lastModifiedDate":"2025-02-06","isFullCredit":false},{"lineNumber":79,"author":{"gitId":"chuanhuiw"},"content":"            throw new macdonaldException(\"Invalid event format! Use: event \u003ctask\u003e /from \u003cstart\u003e /to \u003cend\u003e\");","lastModifiedDate":"2025-02-12","isFullCredit":false},{"lineNumber":80,"author":{"gitId":"chuanhuiw"},"content":"        }","lastModifiedDate":"2025-02-06","isFullCredit":false},{"lineNumber":81,"author":{"gitId":"chuanhuiw"},"content":"","lastModifiedDate":"2025-02-06","isFullCredit":false},{"lineNumber":82,"author":{"gitId":"chuanhuiw"},"content":"        String input \u003d description.substring(6, fromIndex).trim();","lastModifiedDate":"2025-02-06","isFullCredit":false},{"lineNumber":83,"author":{"gitId":"chuanhuiw"},"content":"        String from \u003d description.substring(fromIndex + 6, toIndex).trim();","lastModifiedDate":"2025-02-06","isFullCredit":false},{"lineNumber":84,"author":{"gitId":"chuanhuiw"},"content":"        String to \u003d description.substring(toIndex + 4).trim();","lastModifiedDate":"2025-02-06","isFullCredit":false},{"lineNumber":85,"author":{"gitId":"chuanhuiw"},"content":"","lastModifiedDate":"2025-02-06","isFullCredit":false},{"lineNumber":86,"author":{"gitId":"chuanhuiw"},"content":"        if (input.isEmpty() || from.isEmpty() || to.isEmpty()) {","lastModifiedDate":"2025-02-06","isFullCredit":false},{"lineNumber":87,"author":{"gitId":"chuanhuiw"},"content":"            throw new macdonaldException(\"Invalid event format! Task, start, and end time must not be empty.\");","lastModifiedDate":"2025-02-12","isFullCredit":false},{"lineNumber":88,"author":{"gitId":"chuanhuiw"},"content":"        }","lastModifiedDate":"2025-02-06","isFullCredit":false},{"lineNumber":89,"author":{"gitId":"chuanhuiw"},"content":"","lastModifiedDate":"2025-02-06","isFullCredit":false},{"lineNumber":90,"author":{"gitId":"chuanhuiw"},"content":"        if (taskCount \u003c MAX_SIZE) {","lastModifiedDate":"2025-02-06","isFullCredit":false},{"lineNumber":91,"author":{"gitId":"chuanhuiw"},"content":"            tasks[taskCount++] \u003d new Event(input, from, to);","lastModifiedDate":"2025-02-06","isFullCredit":false},{"lineNumber":92,"author":{"gitId":"chuanhuiw"},"content":"            System.out.println(\"____________________________________________________________\");","lastModifiedDate":"2025-02-06","isFullCredit":false},{"lineNumber":93,"author":{"gitId":"chuanhuiw"},"content":"            System.out.println(\"Got it. I\u0027ve added this task:\");","lastModifiedDate":"2025-02-06","isFullCredit":false},{"lineNumber":94,"author":{"gitId":"chuanhuiw"},"content":"            System.out.println(\"  \" + tasks[taskCount - 1]);","lastModifiedDate":"2025-02-06","isFullCredit":false},{"lineNumber":95,"author":{"gitId":"chuanhuiw"},"content":"            System.out.println(\"____________________________________________________________\");","lastModifiedDate":"2025-02-06","isFullCredit":false},{"lineNumber":96,"author":{"gitId":"chuanhuiw"},"content":"        } else {","lastModifiedDate":"2025-02-06","isFullCredit":false},{"lineNumber":97,"author":{"gitId":"chuanhuiw"},"content":"            throw new macdonaldException(\"Your order Task list is full! No more cheeseburger in stock liao...\");","lastModifiedDate":"2025-02-12","isFullCredit":false},{"lineNumber":98,"author":{"gitId":"chuanhuiw"},"content":"        }","lastModifiedDate":"2025-02-06","isFullCredit":false},{"lineNumber":99,"author":{"gitId":"chuanhuiw"},"content":"    }","lastModifiedDate":"2025-02-06","isFullCredit":false},{"lineNumber":100,"author":{"gitId":"chuanhuiw"},"content":"","lastModifiedDate":"2025-02-06","isFullCredit":false},{"lineNumber":101,"author":{"gitId":"chuanhuiw"},"content":"    public static void main(String[] args) {","lastModifiedDate":"2025-02-06","isFullCredit":false},{"lineNumber":102,"author":{"gitId":"chuanhuiw"},"content":"        /*","lastModifiedDate":"2025-02-06","isFullCredit":false},{"lineNumber":103,"author":{"gitId":"chuanhuiw"},"content":"         * Prints the introduction message for the macdonald assistant.","lastModifiedDate":"2025-02-06","isFullCredit":false},{"lineNumber":104,"author":{"gitId":"chuanhuiw"},"content":"         *","lastModifiedDate":"2025-02-06","isFullCredit":false},{"lineNumber":105,"author":{"gitId":"chuanhuiw"},"content":"         * @param chatbotName The name of the assistant.","lastModifiedDate":"2025-02-06","isFullCredit":false},{"lineNumber":106,"author":{"gitId":"chuanhuiw"},"content":"         */","lastModifiedDate":"2025-02-06","isFullCredit":false},{"lineNumber":107,"author":{"gitId":"chuanhuiw"},"content":"        String chatbotName \u003d \"macdonald\";","lastModifiedDate":"2025-02-06","isFullCredit":false},{"lineNumber":108,"author":{"gitId":"chuanhuiw"},"content":"        System.out.println(\"Welcome to \" + chatbotName + \", what can I do for you?\");","lastModifiedDate":"2025-02-06","isFullCredit":false},{"lineNumber":109,"author":{"gitId":"chuanhuiw"},"content":"        System.out.println(\"Input \u0027list\u0027 to view existing list or add a new Todo\");","lastModifiedDate":"2025-02-06","isFullCredit":false},{"lineNumber":110,"author":{"gitId":"chuanhuiw"},"content":"        System.out.println(\"____________________________________________________________\");","lastModifiedDate":"2025-02-06","isFullCredit":false},{"lineNumber":111,"author":{"gitId":"chuanhuiw"},"content":"        Scanner in \u003d new Scanner(System.in);","lastModifiedDate":"2025-02-06","isFullCredit":false},{"lineNumber":112,"author":{"gitId":"chuanhuiw"},"content":"","lastModifiedDate":"2025-02-06","isFullCredit":false},{"lineNumber":113,"author":{"gitId":"chuanhuiw"},"content":"        while (true) {","lastModifiedDate":"2025-02-06","isFullCredit":false},{"lineNumber":114,"author":{"gitId":"chuanhuiw"},"content":"            try {","lastModifiedDate":"2025-02-12","isFullCredit":false},{"lineNumber":115,"author":{"gitId":"chuanhuiw"},"content":"                String input \u003d in.nextLine();","lastModifiedDate":"2025-02-06","isFullCredit":false},{"lineNumber":116,"author":{"gitId":"chuanhuiw"},"content":"","lastModifiedDate":"2025-02-06","isFullCredit":false},{"lineNumber":117,"author":{"gitId":"chuanhuiw"},"content":"                if (input.equalsIgnoreCase(\"bye\")) {","lastModifiedDate":"2025-02-06","isFullCredit":false},{"lineNumber":118,"author":{"gitId":"chuanhuiw"},"content":"                    System.out.println(\"____________________________________________________________\");","lastModifiedDate":"2025-02-06","isFullCredit":false},{"lineNumber":119,"author":{"gitId":"chuanhuiw"},"content":"                    System.out.println(\" Have a pleasant day ahead, de de deng deng deng!\");","lastModifiedDate":"2025-02-06","isFullCredit":false},{"lineNumber":120,"author":{"gitId":"chuanhuiw"},"content":"                    System.out.println(\"____________________________________________________________\");","lastModifiedDate":"2025-02-06","isFullCredit":false},{"lineNumber":121,"author":{"gitId":"chuanhuiw"},"content":"                    break;","lastModifiedDate":"2025-02-06","isFullCredit":false},{"lineNumber":122,"author":{"gitId":"chuanhuiw"},"content":"                } else if (input.equalsIgnoreCase(\"list\")) {","lastModifiedDate":"2025-02-06","isFullCredit":false},{"lineNumber":123,"author":{"gitId":"chuanhuiw"},"content":"                    listTasks();","lastModifiedDate":"2025-02-06","isFullCredit":false},{"lineNumber":124,"author":{"gitId":"chuanhuiw"},"content":"                } else if (input.startsWith(\"mark \")) {","lastModifiedDate":"2025-02-06","isFullCredit":false},{"lineNumber":125,"author":{"gitId":"chuanhuiw"},"content":"                    int index \u003d Integer.parseInt(input.substring(5));","lastModifiedDate":"2025-02-06","isFullCredit":false},{"lineNumber":126,"author":{"gitId":"chuanhuiw"},"content":"                    markTask(index);","lastModifiedDate":"2025-02-06","isFullCredit":false},{"lineNumber":127,"author":{"gitId":"chuanhuiw"},"content":"                } else if (input.startsWith(\"unmark \")) {","lastModifiedDate":"2025-02-06","isFullCredit":false},{"lineNumber":128,"author":{"gitId":"chuanhuiw"},"content":"                    int index \u003d Integer.parseInt(input.substring(7));","lastModifiedDate":"2025-02-06","isFullCredit":false},{"lineNumber":129,"author":{"gitId":"chuanhuiw"},"content":"                    unmarkTask(index);","lastModifiedDate":"2025-02-06","isFullCredit":false},{"lineNumber":130,"author":{"gitId":"chuanhuiw"},"content":"                } else if (input.startsWith(\"todo \")) {","lastModifiedDate":"2025-02-06","isFullCredit":false},{"lineNumber":131,"author":{"gitId":"chuanhuiw"},"content":"                    addTask(input.substring(5).trim());","lastModifiedDate":"2025-02-06","isFullCredit":false},{"lineNumber":132,"author":{"gitId":"chuanhuiw"},"content":"                } else if (input.startsWith(\"deadline \")) {","lastModifiedDate":"2025-02-06","isFullCredit":false},{"lineNumber":133,"author":{"gitId":"chuanhuiw"},"content":"                    addDeadline(input);","lastModifiedDate":"2025-02-06","isFullCredit":false},{"lineNumber":134,"author":{"gitId":"chuanhuiw"},"content":"                } else if (input.startsWith(\"event \")) {","lastModifiedDate":"2025-02-06","isFullCredit":false},{"lineNumber":135,"author":{"gitId":"chuanhuiw"},"content":"                    addEvent(input);","lastModifiedDate":"2025-02-06","isFullCredit":false},{"lineNumber":136,"author":{"gitId":"chuanhuiw"},"content":"                } else {","lastModifiedDate":"2025-02-06","isFullCredit":false},{"lineNumber":137,"author":{"gitId":"chuanhuiw"},"content":"                    throw new macdonaldException(\"Unknown order! Try \u0027todo\u0027, \u0027deadline\u0027, \u0027event\u0027, \u0027list\u0027, \u0027mark\u0027, or \u0027unmark\u0027.\");","lastModifiedDate":"2025-02-12","isFullCredit":false},{"lineNumber":138,"author":{"gitId":"chuanhuiw"},"content":"                }","lastModifiedDate":"2025-02-12","isFullCredit":false},{"lineNumber":139,"author":{"gitId":"chuanhuiw"},"content":"            } catch (macdonaldException e) {","lastModifiedDate":"2025-02-12","isFullCredit":false},{"lineNumber":140,"author":{"gitId":"chuanhuiw"},"content":"                System.out.println(\"____________________________________________________________\");","lastModifiedDate":"2025-02-12","isFullCredit":false},{"lineNumber":141,"author":{"gitId":"chuanhuiw"},"content":"                System.out.println(\" ERROR: \" + e.getMessage());","lastModifiedDate":"2025-02-12","isFullCredit":false},{"lineNumber":142,"author":{"gitId":"chuanhuiw"},"content":"                System.out.println(\"____________________________________________________________\");","lastModifiedDate":"2025-02-12","isFullCredit":false},{"lineNumber":143,"author":{"gitId":"chuanhuiw"},"content":"            } catch (NumberFormatException e) {","lastModifiedDate":"2025-02-12","isFullCredit":false},{"lineNumber":144,"author":{"gitId":"chuanhuiw"},"content":"                System.out.println(\"____________________________________________________________\");","lastModifiedDate":"2025-02-12","isFullCredit":false},{"lineNumber":145,"author":{"gitId":"chuanhuiw"},"content":"                System.out.println(\" ERROR: Invalid number format. Please enter a valid task number.\");","lastModifiedDate":"2025-02-12","isFullCredit":false},{"lineNumber":146,"author":{"gitId":"chuanhuiw"},"content":"                System.out.println(\"____________________________________________________________\");","lastModifiedDate":"2025-02-12","isFullCredit":false},{"lineNumber":147,"author":{"gitId":"chuanhuiw"},"content":"            } catch (Exception e) {","lastModifiedDate":"2025-02-12","isFullCredit":false},{"lineNumber":148,"author":{"gitId":"chuanhuiw"},"content":"                System.out.println(\"____________________________________________________________\");","lastModifiedDate":"2025-02-12","isFullCredit":false},{"lineNumber":149,"author":{"gitId":"chuanhuiw"},"content":"                System.out.println(\" ERROR: An unexpected error occurred: \" + e.getMessage());","lastModifiedDate":"2025-02-12","isFullCredit":false},{"lineNumber":150,"author":{"gitId":"chuanhuiw"},"content":"                System.out.println(\"____________________________________________________________\");","lastModifiedDate":"2025-02-12","isFullCredit":false},{"lineNumber":151,"author":{"gitId":"chuanhuiw"},"content":"            }","lastModifiedDate":"2025-02-06","isFullCredit":false},{"lineNumber":152,"author":{"gitId":"chuanhuiw"},"content":"        }","lastModifiedDate":"2025-02-06","isFullCredit":false},{"lineNumber":153,"author":{"gitId":"chuanhuiw"},"content":"","lastModifiedDate":"2025-02-06","isFullCredit":false},{"lineNumber":154,"author":{"gitId":"chuanhuiw"},"content":"        in.close();","lastModifiedDate":"2025-02-06","isFullCredit":false},{"lineNumber":155,"author":{"gitId":"chuanhuiw"},"content":"    }","lastModifiedDate":"2025-02-06","isFullCredit":false},{"lineNumber":156,"author":{"gitId":"chuanhuiw"},"content":"}","lastModifiedDate":"2025-02-06","isFullCredit":false}],"authorContributionMap":{"chuanhuiw":156}},{"path":"src/main/java/macdonaldException.java","fileType":"java","lines":[{"lineNumber":1,"author":{"gitId":"chuanhuiw"},"content":"public class macdonaldException extends Exception{","lastModifiedDate":"2025-02-12","isFullCredit":false},{"lineNumber":2,"author":{"gitId":"chuanhuiw"},"content":"    public macdonaldException(String message) {","lastModifiedDate":"2025-02-12","isFullCredit":false},{"lineNumber":3,"author":{"gitId":"chuanhuiw"},"content":"        super(message);","lastModifiedDate":"2025-02-12","isFullCredit":false},{"lineNumber":4,"author":{"gitId":"chuanhuiw"},"content":"    }","lastModifiedDate":"2025-02-12","isFullCredit":false},{"lineNumber":5,"author":{"gitId":"chuanhuiw"},"content":"}","lastModifiedDate":"2025-02-12","isFullCredit":false}],"authorContributionMap":{"chuanhuiw":5}},{"path":"text-ui-test/input.txt","fileType":"txt","lines":[{"lineNumber":1,"author":{"gitId":"chuanhuiw"},"content":"list","lastModifiedDate":"2025-02-11","isFullCredit":false},{"lineNumber":2,"author":{"gitId":"chuanhuiw"},"content":"todo sleep","lastModifiedDate":"2025-02-11","isFullCredit":false},{"lineNumber":3,"author":{"gitId":"chuanhuiw"},"content":"deadline eat /by 12pm","lastModifiedDate":"2025-02-11","isFullCredit":false},{"lineNumber":4,"author":{"gitId":"chuanhuiw"},"content":"event study /from 2pm /to 6pm","lastModifiedDate":"2025-02-11","isFullCredit":false},{"lineNumber":5,"author":{"gitId":"chuanhuiw"},"content":"list","lastModifiedDate":"2025-02-11","isFullCredit":false},{"lineNumber":6,"author":{"gitId":"chuanhuiw"},"content":"bye","lastModifiedDate":"2025-02-11","isFullCredit":false}],"authorContributionMap":{"chuanhuiw":6}},{"path":"text-ui-test/runtest.bat","fileType":"bat","lines":[{"lineNumber":1,"author":{"gitId":"-"},"content":"@ECHO OFF","lastModifiedDate":"2020-05-25","isFullCredit":false},{"lineNumber":2,"author":{"gitId":"-"},"content":"","lastModifiedDate":"2020-05-25","isFullCredit":false},{"lineNumber":3,"author":{"gitId":"-"},"content":"REM create bin directory if it doesn\u0027t exist","lastModifiedDate":"2020-05-25","isFullCredit":false},{"lineNumber":4,"author":{"gitId":"-"},"content":"if not exist ..\\bin mkdir ..\\bin","lastModifiedDate":"2020-05-25","isFullCredit":false},{"lineNumber":5,"author":{"gitId":"-"},"content":"","lastModifiedDate":"2020-05-25","isFullCredit":false},{"lineNumber":6,"author":{"gitId":"-"},"content":"REM delete output from previous run","lastModifiedDate":"2020-05-25","isFullCredit":false},{"lineNumber":7,"author":{"gitId":"-"},"content":"if exist ACTUAL.TXT del ACTUAL.TXT","lastModifiedDate":"2020-08-25","isFullCredit":false},{"lineNumber":8,"author":{"gitId":"-"},"content":"","lastModifiedDate":"2020-05-25","isFullCredit":false},{"lineNumber":9,"author":{"gitId":"-"},"content":"REM compile the code into the bin folder","lastModifiedDate":"2020-05-25","isFullCredit":false},{"lineNumber":10,"author":{"gitId":"-"},"content":"javac  -cp ..\\src\\main\\java -Xlint:none -d ..\\bin ..\\src\\main\\java\\*.java","lastModifiedDate":"2020-08-25","isFullCredit":false},{"lineNumber":11,"author":{"gitId":"-"},"content":"IF ERRORLEVEL 1 (","lastModifiedDate":"2020-05-25","isFullCredit":false},{"lineNumber":12,"author":{"gitId":"-"},"content":"    echo ********** BUILD FAILURE **********","lastModifiedDate":"2020-05-25","isFullCredit":false},{"lineNumber":13,"author":{"gitId":"-"},"content":"    exit /b 1","lastModifiedDate":"2020-05-25","isFullCredit":false},{"lineNumber":14,"author":{"gitId":"-"},"content":")","lastModifiedDate":"2020-05-25","isFullCredit":false},{"lineNumber":15,"author":{"gitId":"-"},"content":"REM no error here, errorlevel \u003d\u003d 0","lastModifiedDate":"2020-05-25","isFullCredit":false},{"lineNumber":16,"author":{"gitId":"-"},"content":"","lastModifiedDate":"2020-05-25","isFullCredit":false},{"lineNumber":17,"author":{"gitId":"-"},"content":"REM run the program, feed commands from input.txt file and redirect the output to the ACTUAL.TXT","lastModifiedDate":"2020-05-25","isFullCredit":false},{"lineNumber":18,"author":{"gitId":"chuanhuiw"},"content":"java -classpath ..\\bin macdonald \u003c input.txt \u003e ACTUAL.TXT","lastModifiedDate":"2025-02-11","isFullCredit":false},{"lineNumber":19,"author":{"gitId":"-"},"content":"","lastModifiedDate":"2020-05-25","isFullCredit":false},{"lineNumber":20,"author":{"gitId":"-"},"content":"REM compare the output to the expected output","lastModifiedDate":"2020-05-25","isFullCredit":false},{"lineNumber":21,"author":{"gitId":"-"},"content":"FC ACTUAL.TXT EXPECTED.TXT","lastModifiedDate":"2020-05-25","isFullCredit":false},{"lineNumber":22,"author":{"gitId":"chuanhuiw"},"content":"","lastModifiedDate":"2025-02-11","isFullCredit":false},{"lineNumber":23,"author":{"gitId":"chuanhuiw"},"content":"pause","lastModifiedDate":"2025-02-11","isFullCredit":false}],"authorContributionMap":{"chuanhuiw":3,"-":20}}]
