[{"path":"src/main/java/BinlaDan.java","fileType":"java","lines":[{"lineNumber":1,"author":{"gitId":"Roycecodes"},"content":"","lastModifiedDate":"2025-02-05","isFullCredit":false},{"lineNumber":2,"author":{"gitId":"Roycecodes"},"content":"","lastModifiedDate":"2025-02-07","isFullCredit":false},{"lineNumber":3,"author":{"gitId":"Roycecodes"},"content":"","lastModifiedDate":"2025-02-05","isFullCredit":false},{"lineNumber":4,"author":{"gitId":"Roycecodes"},"content":"public class BinlaDan {","lastModifiedDate":"2025-02-05","isFullCredit":false},{"lineNumber":5,"author":{"gitId":"Roycecodes"},"content":"    static final String LINE_DIVIDER \u003d \"_________________________________________________________________________________________\";","lastModifiedDate":"2025-02-07","isFullCredit":false},{"lineNumber":6,"author":{"gitId":"Roycecodes"},"content":"    ","lastModifiedDate":"2025-02-07","isFullCredit":false},{"lineNumber":7,"author":{"gitId":"Roycecodes"},"content":"    static void byeText(){","lastModifiedDate":"2025-02-05","isFullCredit":false},{"lineNumber":8,"author":{"gitId":"Roycecodes"},"content":"        printLineDivider();","lastModifiedDate":"2025-02-07","isFullCredit":false},{"lineNumber":9,"author":{"gitId":"Roycecodes"},"content":"        System.out.println(\"Bye. Hope to see you again soon my brother\"); // exit message","lastModifiedDate":"2025-02-05","isFullCredit":false},{"lineNumber":10,"author":{"gitId":"Roycecodes"},"content":"        printLineDivider();","lastModifiedDate":"2025-02-07","isFullCredit":false},{"lineNumber":11,"author":{"gitId":"Roycecodes"},"content":"    }","lastModifiedDate":"2025-02-05","isFullCredit":false},{"lineNumber":12,"author":{"gitId":"Roycecodes"},"content":"    static void printLineDivider(){","lastModifiedDate":"2025-02-07","isFullCredit":false},{"lineNumber":13,"author":{"gitId":"Roycecodes"},"content":"        System.out.println(LINE_DIVIDER\");","lastModifiedDate":"2025-02-07","isFullCredit":false},{"lineNumber":14,"author":{"gitId":"Roycecodes"},"content":"    }","lastModifiedDate":"2025-02-05","isFullCredit":false},{"lineNumber":15,"author":{"gitId":"Roycecodes"},"content":"    public static void main(String[] args) {","lastModifiedDate":"2025-02-05","isFullCredit":false},{"lineNumber":16,"author":{"gitId":"Roycecodes"},"content":"","lastModifiedDate":"2025-02-05","isFullCredit":false},{"lineNumber":17,"author":{"gitId":"Roycecodes"},"content":"        String logo \u003d \"$$$$$$$\\\\  $$$$$$\\\\ $$\\\\   $$\\\\ $$\\\\        $$$$$$\\\\        $$$$$$$\\\\   $$$$$$\\\\  $$\\\\   $$\\\\  \\n\"","lastModifiedDate":"2025-02-05","isFullCredit":false},{"lineNumber":18,"author":{"gitId":"Roycecodes"},"content":"                + \"$$  __$$\\\\ \\\\_$$  _|$$$\\\\  $$ |$$ |      $$  __$$\\\\       $$  __$$\\\\ $$  __$$\\\\ $$$\\\\  $$ | \\n\"","lastModifiedDate":"2025-02-05","isFullCredit":false},{"lineNumber":19,"author":{"gitId":"Roycecodes"},"content":"                + \"$$ |  $$ |  $$ |  $$$$\\\\ $$ |$$ |      $$ /  $$ |      $$ |  $$ |$$ /  $$ |$$$$\\\\ $$ | \\n\"","lastModifiedDate":"2025-02-05","isFullCredit":false},{"lineNumber":20,"author":{"gitId":"Roycecodes"},"content":"                + \"$$$$$$$\\\\ |  $$ |  $$ $$\\\\$$ |$$ |      $$$$$$$$ |      $$ |  $$ |$$$$$$$$ |$$ $$\\\\$$ | \\n\"","lastModifiedDate":"2025-02-05","isFullCredit":false},{"lineNumber":21,"author":{"gitId":"Roycecodes"},"content":"                + \"$$  __$$\\\\   $$ |  $$ \\\\$$$$ |$$ |      $$  __$$ |      $$ |  $$ |$$  __$$ |$$ \\\\$$$$ | \\n\"","lastModifiedDate":"2025-02-05","isFullCredit":false},{"lineNumber":22,"author":{"gitId":"Roycecodes"},"content":"                + \"$$ |  $$ |  $$ |  $$ |\\\\$$$ |$$ |      $$ |  $$ |      $$ |  $$ |$$ |  $$ |$$ |\\\\$$$ | \\n\"","lastModifiedDate":"2025-02-05","isFullCredit":false},{"lineNumber":23,"author":{"gitId":"Roycecodes"},"content":"                + \"$$$$$$$  |$$$$$$\\\\ $$ | \\\\$$ |$$$$$$$$\\\\ $$ |  $$ |      $$$$$$$  |$$ |  $$ |$$ | \\\\$$ | \\n\"","lastModifiedDate":"2025-02-05","isFullCredit":false},{"lineNumber":24,"author":{"gitId":"Roycecodes"},"content":"                + \"\\\\_______/ \\\\______|\\\\__|  \\\\__|\\\\________|\\\\__|  \\\\__|      \\\\_______/ \\\\__|  \\\\__|\\\\__|  \\\\__| \\n\";","lastModifiedDate":"2025-02-05","isFullCredit":false},{"lineNumber":25,"author":{"gitId":"Roycecodes"},"content":"        // this is my chatbot logo","lastModifiedDate":"2025-02-05","isFullCredit":false},{"lineNumber":26,"author":{"gitId":"Roycecodes"},"content":"","lastModifiedDate":"2025-02-05","isFullCredit":false},{"lineNumber":27,"author":{"gitId":"Roycecodes"},"content":"        System.out.println(logo);","lastModifiedDate":"2025-02-05","isFullCredit":false},{"lineNumber":28,"author":{"gitId":"Roycecodes"},"content":"        printLineDivider();","lastModifiedDate":"2025-02-07","isFullCredit":false},{"lineNumber":29,"author":{"gitId":"Roycecodes"},"content":"        System.out.println(\"Hello brother! I\u0027m Binla dan\");","lastModifiedDate":"2025-02-05","isFullCredit":false},{"lineNumber":30,"author":{"gitId":"Roycecodes"},"content":"        System.out.println(\"What can I do for you?\");// welcome message","lastModifiedDate":"2025-02-05","isFullCredit":false},{"lineNumber":31,"author":{"gitId":"Roycecodes"},"content":"        printLineDivider();","lastModifiedDate":"2025-02-07","isFullCredit":false},{"lineNumber":32,"author":{"gitId":"Roycecodes"},"content":"        ListState.callListState();","lastModifiedDate":"2025-02-05","isFullCredit":false},{"lineNumber":33,"author":{"gitId":"Roycecodes"},"content":"    }","lastModifiedDate":"2025-02-05","isFullCredit":false},{"lineNumber":34,"author":{"gitId":"Roycecodes"},"content":"}","lastModifiedDate":"2025-02-05","isFullCredit":false},{"lineNumber":35,"author":{"gitId":"Roycecodes"},"content":"","lastModifiedDate":"2025-02-05","isFullCredit":false}],"authorContributionMap":{"Roycecodes":35}},{"path":"src/main/java/Deadline.java","fileType":"java","lines":[{"lineNumber":1,"author":{"gitId":"Roycecodes"},"content":"public class Deadline extends Todo{ // subclass of Todo","lastModifiedDate":"2025-02-07","isFullCredit":false},{"lineNumber":2,"author":{"gitId":"Roycecodes"},"content":"    private String deadline; // to save date","lastModifiedDate":"2025-02-07","isFullCredit":false},{"lineNumber":3,"author":{"gitId":"Roycecodes"},"content":"","lastModifiedDate":"2025-02-07","isFullCredit":false},{"lineNumber":4,"author":{"gitId":"Roycecodes"},"content":"    public Deadline(String description, String deadline){ //new constructor","lastModifiedDate":"2025-02-07","isFullCredit":false},{"lineNumber":5,"author":{"gitId":"Roycecodes"},"content":"        super(description); // uses superclass constructor to deal with description","lastModifiedDate":"2025-02-07","isFullCredit":false},{"lineNumber":6,"author":{"gitId":"Roycecodes"},"content":"        this.deadline \u003d deadline; // saves deadline","lastModifiedDate":"2025-02-07","isFullCredit":false},{"lineNumber":7,"author":{"gitId":"Roycecodes"},"content":"    }","lastModifiedDate":"2025-02-07","isFullCredit":false},{"lineNumber":8,"author":{"gitId":"Roycecodes"},"content":"    public String getDeadline(){ //deadline getter","lastModifiedDate":"2025-02-07","isFullCredit":false},{"lineNumber":9,"author":{"gitId":"Roycecodes"},"content":"        return this.deadline;","lastModifiedDate":"2025-02-07","isFullCredit":false},{"lineNumber":10,"author":{"gitId":"Roycecodes"},"content":"    }","lastModifiedDate":"2025-02-07","isFullCredit":false},{"lineNumber":11,"author":{"gitId":"Roycecodes"},"content":"    public void setDeadline(String deadline){ //deadline setter","lastModifiedDate":"2025-02-07","isFullCredit":false},{"lineNumber":12,"author":{"gitId":"Roycecodes"},"content":"        this.deadline \u003d deadline;","lastModifiedDate":"2025-02-07","isFullCredit":false},{"lineNumber":13,"author":{"gitId":"Roycecodes"},"content":"    }","lastModifiedDate":"2025-02-07","isFullCredit":false},{"lineNumber":14,"author":{"gitId":"Roycecodes"},"content":"","lastModifiedDate":"2025-02-07","isFullCredit":false},{"lineNumber":15,"author":{"gitId":"Roycecodes"},"content":"    @Override public String toString() {","lastModifiedDate":"2025-02-07","isFullCredit":false},{"lineNumber":16,"author":{"gitId":"Roycecodes"},"content":"        String addOutput \u003d \"(by: \" + this.deadline +\")\";","lastModifiedDate":"2025-02-07","isFullCredit":false},{"lineNumber":17,"author":{"gitId":"Roycecodes"},"content":"","lastModifiedDate":"2025-02-07","isFullCredit":false},{"lineNumber":18,"author":{"gitId":"Roycecodes"},"content":"        return super.toString() + \" \" + addOutput;","lastModifiedDate":"2025-02-07","isFullCredit":false},{"lineNumber":19,"author":{"gitId":"Roycecodes"},"content":"    }","lastModifiedDate":"2025-02-07","isFullCredit":false},{"lineNumber":20,"author":{"gitId":"Roycecodes"},"content":"}","lastModifiedDate":"2025-02-07","isFullCredit":false}],"authorContributionMap":{"Roycecodes":20}},{"path":"src/main/java/EventTask.java","fileType":"java","lines":[{"lineNumber":1,"author":{"gitId":"Roycecodes"},"content":"public class EventTask extends Todo{ // subclass of Todo","lastModifiedDate":"2025-02-07","isFullCredit":false},{"lineNumber":2,"author":{"gitId":"Roycecodes"},"content":"    private String startTime; // to save start","lastModifiedDate":"2025-02-07","isFullCredit":false},{"lineNumber":3,"author":{"gitId":"Roycecodes"},"content":"    private String endTime;// to save End","lastModifiedDate":"2025-02-07","isFullCredit":false},{"lineNumber":4,"author":{"gitId":"Roycecodes"},"content":"","lastModifiedDate":"2025-02-07","isFullCredit":false},{"lineNumber":5,"author":{"gitId":"Roycecodes"},"content":"","lastModifiedDate":"2025-02-07","isFullCredit":false},{"lineNumber":6,"author":{"gitId":"Roycecodes"},"content":"    public EventTask(String description, String startTime, String endTime){ //new constructor","lastModifiedDate":"2025-02-07","isFullCredit":false},{"lineNumber":7,"author":{"gitId":"Roycecodes"},"content":"        super(description); // uses superclass constructor to deal with description","lastModifiedDate":"2025-02-07","isFullCredit":false},{"lineNumber":8,"author":{"gitId":"Roycecodes"},"content":"        this.startTime \u003d startTime; // saves deadline","lastModifiedDate":"2025-02-07","isFullCredit":false},{"lineNumber":9,"author":{"gitId":"Roycecodes"},"content":"        this.endTime \u003d endTime;","lastModifiedDate":"2025-02-07","isFullCredit":false},{"lineNumber":10,"author":{"gitId":"Roycecodes"},"content":"    }","lastModifiedDate":"2025-02-07","isFullCredit":false},{"lineNumber":11,"author":{"gitId":"Roycecodes"},"content":"    public String getStartTime(){ //deadline getter","lastModifiedDate":"2025-02-07","isFullCredit":false},{"lineNumber":12,"author":{"gitId":"Roycecodes"},"content":"        return this.startTime;","lastModifiedDate":"2025-02-07","isFullCredit":false},{"lineNumber":13,"author":{"gitId":"Roycecodes"},"content":"    } // start time getter","lastModifiedDate":"2025-02-07","isFullCredit":false},{"lineNumber":14,"author":{"gitId":"Roycecodes"},"content":"    public String getEndTime(){ //deadline getter","lastModifiedDate":"2025-02-07","isFullCredit":false},{"lineNumber":15,"author":{"gitId":"Roycecodes"},"content":"        return this.endTime;","lastModifiedDate":"2025-02-07","isFullCredit":false},{"lineNumber":16,"author":{"gitId":"Roycecodes"},"content":"    }   // end time getter","lastModifiedDate":"2025-02-07","isFullCredit":false},{"lineNumber":17,"author":{"gitId":"Roycecodes"},"content":"    public void setStartTime(String startTime){ //deadline setter","lastModifiedDate":"2025-02-07","isFullCredit":false},{"lineNumber":18,"author":{"gitId":"Roycecodes"},"content":"        this.startTime \u003d startTime;","lastModifiedDate":"2025-02-07","isFullCredit":false},{"lineNumber":19,"author":{"gitId":"Roycecodes"},"content":"    } //start time setter","lastModifiedDate":"2025-02-07","isFullCredit":false},{"lineNumber":20,"author":{"gitId":"Roycecodes"},"content":"    public void setEndTime(String endTime){ //deadline setter","lastModifiedDate":"2025-02-07","isFullCredit":false},{"lineNumber":21,"author":{"gitId":"Roycecodes"},"content":"        this.endTime \u003d endTime;","lastModifiedDate":"2025-02-07","isFullCredit":false},{"lineNumber":22,"author":{"gitId":"Roycecodes"},"content":"    } //end time setter","lastModifiedDate":"2025-02-07","isFullCredit":false},{"lineNumber":23,"author":{"gitId":"Roycecodes"},"content":"    public String toString() {","lastModifiedDate":"2025-02-07","isFullCredit":false},{"lineNumber":24,"author":{"gitId":"Roycecodes"},"content":"        String addOutput \u003d \"(From: \" + this.startTime + \" to \" + this.endTime+\")\";","lastModifiedDate":"2025-02-07","isFullCredit":false},{"lineNumber":25,"author":{"gitId":"Roycecodes"},"content":"","lastModifiedDate":"2025-02-07","isFullCredit":false},{"lineNumber":26,"author":{"gitId":"Roycecodes"},"content":"        return super.toString() + \" \" + addOutput;","lastModifiedDate":"2025-02-07","isFullCredit":false},{"lineNumber":27,"author":{"gitId":"Roycecodes"},"content":"    }","lastModifiedDate":"2025-02-07","isFullCredit":false},{"lineNumber":28,"author":{"gitId":"Roycecodes"},"content":"}","lastModifiedDate":"2025-02-07","isFullCredit":false},{"lineNumber":29,"author":{"gitId":"Roycecodes"},"content":"","lastModifiedDate":"2025-02-07","isFullCredit":false}],"authorContributionMap":{"Roycecodes":29}},{"path":"src/main/java/ListState.java","fileType":"java","lines":[{"lineNumber":1,"author":{"gitId":"Roycecodes"},"content":"import java.util.Scanner;","lastModifiedDate":"2025-02-07","isFullCredit":false},{"lineNumber":2,"author":{"gitId":"Roycecodes"},"content":"public class ListState{","lastModifiedDate":"2025-02-07","isFullCredit":false},{"lineNumber":3,"author":{"gitId":"Roycecodes"},"content":"    static private Task[] myList \u003d new Task[100];","lastModifiedDate":"2025-02-07","isFullCredit":false},{"lineNumber":4,"author":{"gitId":"Roycecodes"},"content":"    static private int listIndex \u003d 0;","lastModifiedDate":"2025-02-07","isFullCredit":false},{"lineNumber":5,"author":{"gitId":"Roycecodes"},"content":"","lastModifiedDate":"2025-02-07","isFullCredit":false},{"lineNumber":6,"author":{"gitId":"Roycecodes"},"content":"","lastModifiedDate":"2025-02-07","isFullCredit":false},{"lineNumber":7,"author":{"gitId":"Roycecodes"},"content":"","lastModifiedDate":"2025-02-07","isFullCredit":false},{"lineNumber":8,"author":{"gitId":"Roycecodes"},"content":"    static void callListState(){","lastModifiedDate":"2025-02-07","isFullCredit":false},{"lineNumber":9,"author":{"gitId":"Roycecodes"},"content":"        Scanner scanner \u003d new Scanner(System.in);","lastModifiedDate":"2025-02-07","isFullCredit":false},{"lineNumber":10,"author":{"gitId":"Roycecodes"},"content":"        String scannedText \u003d \"\";","lastModifiedDate":"2025-02-07","isFullCredit":false},{"lineNumber":11,"author":{"gitId":"Roycecodes"},"content":"        while(!scannedText.equals(\"bye\")) {     //bye breaks the while loop","lastModifiedDate":"2025-02-07","isFullCredit":false},{"lineNumber":12,"author":{"gitId":"Roycecodes"},"content":"            scannedText \u003d scanner.nextLine();   //scanner scans console for strings","lastModifiedDate":"2025-02-07","isFullCredit":false},{"lineNumber":13,"author":{"gitId":"Roycecodes"},"content":"            if( !scannedText.equals(\"bye\")) {","lastModifiedDate":"2025-02-07","isFullCredit":false},{"lineNumber":14,"author":{"gitId":"Roycecodes"},"content":"                decipherCommand(scannedText);","lastModifiedDate":"2025-02-07","isFullCredit":false},{"lineNumber":15,"author":{"gitId":"Roycecodes"},"content":"            }","lastModifiedDate":"2025-02-07","isFullCredit":false},{"lineNumber":16,"author":{"gitId":"Roycecodes"},"content":"        }","lastModifiedDate":"2025-02-07","isFullCredit":false},{"lineNumber":17,"author":{"gitId":"Roycecodes"},"content":"        BinlaDan.byeText();","lastModifiedDate":"2025-02-07","isFullCredit":false},{"lineNumber":18,"author":{"gitId":"Roycecodes"},"content":"","lastModifiedDate":"2025-02-07","isFullCredit":false},{"lineNumber":19,"author":{"gitId":"Roycecodes"},"content":"    }","lastModifiedDate":"2025-02-07","isFullCredit":false},{"lineNumber":20,"author":{"gitId":"Roycecodes"},"content":"    static public void decipherCommand(String receivedText){//method to determine what kind of task to call","lastModifiedDate":"2025-02-07","isFullCredit":false},{"lineNumber":21,"author":{"gitId":"Roycecodes"},"content":"","lastModifiedDate":"2025-02-07","isFullCredit":false},{"lineNumber":22,"author":{"gitId":"Roycecodes"},"content":"        if (receivedText.equals(\"list\")){// show list","lastModifiedDate":"2025-02-07","isFullCredit":false},{"lineNumber":23,"author":{"gitId":"Roycecodes"},"content":"            ListState.displayList();","lastModifiedDate":"2025-02-07","isFullCredit":false},{"lineNumber":24,"author":{"gitId":"Roycecodes"},"content":"        }","lastModifiedDate":"2025-02-07","isFullCredit":false},{"lineNumber":25,"author":{"gitId":"Roycecodes"},"content":"        else if(receivedText.indexOf(\"done\") \u003d\u003d 0){","lastModifiedDate":"2025-02-07","isFullCredit":false},{"lineNumber":26,"author":{"gitId":"Roycecodes"},"content":"            int indexOfDone \u003d receivedText.indexOf(\"done\");","lastModifiedDate":"2025-02-07","isFullCredit":false},{"lineNumber":27,"author":{"gitId":"Roycecodes"},"content":"            String taskNumber \u003d receivedText.substring(indexOfDone+5).trim();","lastModifiedDate":"2025-02-07","isFullCredit":false},{"lineNumber":28,"author":{"gitId":"Roycecodes"},"content":"            markAsDone(Integer.parseInt(taskNumber));","lastModifiedDate":"2025-02-07","isFullCredit":false},{"lineNumber":29,"author":{"gitId":"Roycecodes"},"content":"        }","lastModifiedDate":"2025-02-07","isFullCredit":false},{"lineNumber":30,"author":{"gitId":"Roycecodes"},"content":"        else if(receivedText.indexOf(\"undone\") \u003d\u003d 0){","lastModifiedDate":"2025-02-07","isFullCredit":false},{"lineNumber":31,"author":{"gitId":"Roycecodes"},"content":"            int indexOfUndone \u003d receivedText.indexOf(\"undone\");","lastModifiedDate":"2025-02-07","isFullCredit":false},{"lineNumber":32,"author":{"gitId":"Roycecodes"},"content":"            String taskNumber \u003d receivedText.substring(indexOfUndone+7).trim();","lastModifiedDate":"2025-02-07","isFullCredit":false},{"lineNumber":33,"author":{"gitId":"Roycecodes"},"content":"            markAsUndone(Integer.parseInt(taskNumber));","lastModifiedDate":"2025-02-07","isFullCredit":false},{"lineNumber":34,"author":{"gitId":"Roycecodes"},"content":"        }","lastModifiedDate":"2025-02-07","isFullCredit":false},{"lineNumber":35,"author":{"gitId":"Roycecodes"},"content":"        else if(receivedText.indexOf(\"deadline\") \u003d\u003d 0){//create a deadlineTask","lastModifiedDate":"2025-02-07","isFullCredit":false},{"lineNumber":36,"author":{"gitId":"Roycecodes"},"content":"            String[] parsedDeadline \u003d Parser.parseDeadline(receivedText);","lastModifiedDate":"2025-02-07","isFullCredit":false},{"lineNumber":37,"author":{"gitId":"Roycecodes"},"content":"            addDeadline(parsedDeadline[0],parsedDeadline[1]);","lastModifiedDate":"2025-02-07","isFullCredit":false},{"lineNumber":38,"author":{"gitId":"Roycecodes"},"content":"            printUpdateListText();","lastModifiedDate":"2025-02-07","isFullCredit":false},{"lineNumber":39,"author":{"gitId":"Roycecodes"},"content":"            BinlaDan.printLineDivider();","lastModifiedDate":"2025-02-07","isFullCredit":false},{"lineNumber":40,"author":{"gitId":"Roycecodes"},"content":"        }","lastModifiedDate":"2025-02-07","isFullCredit":false},{"lineNumber":41,"author":{"gitId":"Roycecodes"},"content":"        else if(receivedText.indexOf(\"event\") \u003d\u003d 0){//create a EventTask","lastModifiedDate":"2025-02-07","isFullCredit":false},{"lineNumber":42,"author":{"gitId":"Roycecodes"},"content":"            String[] parsedEvent \u003d Parser.parseEvent(receivedText);","lastModifiedDate":"2025-02-07","isFullCredit":false},{"lineNumber":43,"author":{"gitId":"Roycecodes"},"content":"            addEvent(parsedEvent[0],parsedEvent[1],parsedEvent[2]);","lastModifiedDate":"2025-02-07","isFullCredit":false},{"lineNumber":44,"author":{"gitId":"Roycecodes"},"content":"            printUpdateListText();","lastModifiedDate":"2025-02-07","isFullCredit":false},{"lineNumber":45,"author":{"gitId":"Roycecodes"},"content":"            BinlaDan.printLineDivider();","lastModifiedDate":"2025-02-07","isFullCredit":false},{"lineNumber":46,"author":{"gitId":"Roycecodes"},"content":"        }","lastModifiedDate":"2025-02-07","isFullCredit":false},{"lineNumber":47,"author":{"gitId":"Roycecodes"},"content":"        else if(receivedText.indexOf(\"todo\") \u003d\u003d 0){","lastModifiedDate":"2025-02-07","isFullCredit":false},{"lineNumber":48,"author":{"gitId":"Roycecodes"},"content":"","lastModifiedDate":"2025-02-07","isFullCredit":false},{"lineNumber":49,"author":{"gitId":"Roycecodes"},"content":"            addTodo(Parser.parseTodo(receivedText)); //create Todo task","lastModifiedDate":"2025-02-07","isFullCredit":false},{"lineNumber":50,"author":{"gitId":"Roycecodes"},"content":"            printUpdateListText();","lastModifiedDate":"2025-02-07","isFullCredit":false},{"lineNumber":51,"author":{"gitId":"Roycecodes"},"content":"            BinlaDan.printLineDivider();","lastModifiedDate":"2025-02-07","isFullCredit":false},{"lineNumber":52,"author":{"gitId":"Roycecodes"},"content":"        }","lastModifiedDate":"2025-02-07","isFullCredit":false},{"lineNumber":53,"author":{"gitId":"Roycecodes"},"content":"","lastModifiedDate":"2025-02-07","isFullCredit":false},{"lineNumber":54,"author":{"gitId":"Roycecodes"},"content":"    }","lastModifiedDate":"2025-02-07","isFullCredit":false},{"lineNumber":55,"author":{"gitId":"Roycecodes"},"content":"    static void printUpdateListText(){","lastModifiedDate":"2025-02-07","isFullCredit":false},{"lineNumber":56,"author":{"gitId":"Roycecodes"},"content":"        System.out.println(\"your glorious list has grown to \" + listIndex);","lastModifiedDate":"2025-02-07","isFullCredit":false},{"lineNumber":57,"author":{"gitId":"Roycecodes"},"content":"    }","lastModifiedDate":"2025-02-07","isFullCredit":false},{"lineNumber":58,"author":{"gitId":"Roycecodes"},"content":"","lastModifiedDate":"2025-02-07","isFullCredit":false},{"lineNumber":59,"author":{"gitId":"Roycecodes"},"content":"    static void addTask(String description){","lastModifiedDate":"2025-02-07","isFullCredit":false},{"lineNumber":60,"author":{"gitId":"Roycecodes"},"content":"        Task task \u003d new Task(description); //adds description as normal task","lastModifiedDate":"2025-02-07","isFullCredit":false},{"lineNumber":61,"author":{"gitId":"Roycecodes"},"content":"        myList[listIndex] \u003d task; //adds item to list","lastModifiedDate":"2025-02-07","isFullCredit":false},{"lineNumber":62,"author":{"gitId":"Roycecodes"},"content":"        listIndex +\u003d1;          //increases index","lastModifiedDate":"2025-02-07","isFullCredit":false},{"lineNumber":63,"author":{"gitId":"Roycecodes"},"content":"","lastModifiedDate":"2025-02-07","isFullCredit":false},{"lineNumber":64,"author":{"gitId":"Roycecodes"},"content":"        BinlaDan.printLineDivider();","lastModifiedDate":"2025-02-07","isFullCredit":false},{"lineNumber":65,"author":{"gitId":"Roycecodes"},"content":"        System.out.print(\"Added new target: \");","lastModifiedDate":"2025-02-07","isFullCredit":false},{"lineNumber":66,"author":{"gitId":"Roycecodes"},"content":"        System.out.println(description); // echos what is added to list","lastModifiedDate":"2025-02-07","isFullCredit":false},{"lineNumber":67,"author":{"gitId":"Roycecodes"},"content":"","lastModifiedDate":"2025-02-07","isFullCredit":false},{"lineNumber":68,"author":{"gitId":"Roycecodes"},"content":"    }","lastModifiedDate":"2025-02-07","isFullCredit":false},{"lineNumber":69,"author":{"gitId":"Roycecodes"},"content":"    static void addTodo(String description){","lastModifiedDate":"2025-02-07","isFullCredit":false},{"lineNumber":70,"author":{"gitId":"Roycecodes"},"content":"        Todo todoTask \u003d new Todo(description); //adds description as normal task","lastModifiedDate":"2025-02-07","isFullCredit":false},{"lineNumber":71,"author":{"gitId":"Roycecodes"},"content":"        myList[listIndex] \u003d todoTask; //adds item to list","lastModifiedDate":"2025-02-07","isFullCredit":false},{"lineNumber":72,"author":{"gitId":"Roycecodes"},"content":"        listIndex +\u003d1;          //increases index","lastModifiedDate":"2025-02-07","isFullCredit":false},{"lineNumber":73,"author":{"gitId":"Roycecodes"},"content":"","lastModifiedDate":"2025-02-07","isFullCredit":false},{"lineNumber":74,"author":{"gitId":"Roycecodes"},"content":"        BinlaDan.printLineDivider();","lastModifiedDate":"2025-02-07","isFullCredit":false},{"lineNumber":75,"author":{"gitId":"Roycecodes"},"content":"        System.out.print(\"Added new target: \");","lastModifiedDate":"2025-02-07","isFullCredit":false},{"lineNumber":76,"author":{"gitId":"Roycecodes"},"content":"        System.out.println(description); // echos what is added to list","lastModifiedDate":"2025-02-07","isFullCredit":false},{"lineNumber":77,"author":{"gitId":"Roycecodes"},"content":"","lastModifiedDate":"2025-02-07","isFullCredit":false},{"lineNumber":78,"author":{"gitId":"Roycecodes"},"content":"    }","lastModifiedDate":"2025-02-07","isFullCredit":false},{"lineNumber":79,"author":{"gitId":"Roycecodes"},"content":"    static void addDeadline(String description,String deadline){","lastModifiedDate":"2025-02-07","isFullCredit":false},{"lineNumber":80,"author":{"gitId":"Roycecodes"},"content":"        Deadline deadlineTask \u003d new Deadline(description,deadline); //adds description and deadline as a deadline task","lastModifiedDate":"2025-02-07","isFullCredit":false},{"lineNumber":81,"author":{"gitId":"Roycecodes"},"content":"        myList[listIndex] \u003d deadlineTask; //adds item to list","lastModifiedDate":"2025-02-07","isFullCredit":false},{"lineNumber":82,"author":{"gitId":"Roycecodes"},"content":"        listIndex +\u003d1;          //increases index","lastModifiedDate":"2025-02-07","isFullCredit":false},{"lineNumber":83,"author":{"gitId":"Roycecodes"},"content":"","lastModifiedDate":"2025-02-07","isFullCredit":false},{"lineNumber":84,"author":{"gitId":"Roycecodes"},"content":"        BinlaDan.printLineDivider();","lastModifiedDate":"2025-02-07","isFullCredit":false},{"lineNumber":85,"author":{"gitId":"Roycecodes"},"content":"        System.out.print(\"Added new Mission: \");","lastModifiedDate":"2025-02-07","isFullCredit":false},{"lineNumber":86,"author":{"gitId":"Roycecodes"},"content":"        System.out.println(description); // echos what is added to list","lastModifiedDate":"2025-02-07","isFullCredit":false},{"lineNumber":87,"author":{"gitId":"Roycecodes"},"content":"        System.out.print(\"Mission deadline: \");","lastModifiedDate":"2025-02-07","isFullCredit":false},{"lineNumber":88,"author":{"gitId":"Roycecodes"},"content":"        System.out.println(deadline);","lastModifiedDate":"2025-02-07","isFullCredit":false},{"lineNumber":89,"author":{"gitId":"Roycecodes"},"content":"","lastModifiedDate":"2025-02-07","isFullCredit":false},{"lineNumber":90,"author":{"gitId":"Roycecodes"},"content":"    }","lastModifiedDate":"2025-02-07","isFullCredit":false},{"lineNumber":91,"author":{"gitId":"Roycecodes"},"content":"    static void addEvent(String description,String startTime,String endTime){","lastModifiedDate":"2025-02-07","isFullCredit":false},{"lineNumber":92,"author":{"gitId":"Roycecodes"},"content":"        EventTask eventTask \u003d new EventTask(description,startTime,endTime); //adds description as normal task","lastModifiedDate":"2025-02-07","isFullCredit":false},{"lineNumber":93,"author":{"gitId":"Roycecodes"},"content":"        myList[listIndex] \u003d eventTask; //adds item to list","lastModifiedDate":"2025-02-07","isFullCredit":false},{"lineNumber":94,"author":{"gitId":"Roycecodes"},"content":"        listIndex +\u003d1;          //increases index","lastModifiedDate":"2025-02-07","isFullCredit":false},{"lineNumber":95,"author":{"gitId":"Roycecodes"},"content":"","lastModifiedDate":"2025-02-07","isFullCredit":false},{"lineNumber":96,"author":{"gitId":"Roycecodes"},"content":"        BinlaDan.printLineDivider();","lastModifiedDate":"2025-02-07","isFullCredit":false},{"lineNumber":97,"author":{"gitId":"Roycecodes"},"content":"        System.out.print(\"Added new Campaign: \");","lastModifiedDate":"2025-02-07","isFullCredit":false},{"lineNumber":98,"author":{"gitId":"Roycecodes"},"content":"        System.out.println(description); // echos what is added to list","lastModifiedDate":"2025-02-07","isFullCredit":false},{"lineNumber":99,"author":{"gitId":"Roycecodes"},"content":"        System.out.print(\"Campaign duration: \");","lastModifiedDate":"2025-02-07","isFullCredit":false},{"lineNumber":100,"author":{"gitId":"Roycecodes"},"content":"        System.out.println(startTime + \" to \" + endTime);","lastModifiedDate":"2025-02-07","isFullCredit":false},{"lineNumber":101,"author":{"gitId":"Roycecodes"},"content":"","lastModifiedDate":"2025-02-07","isFullCredit":false},{"lineNumber":102,"author":{"gitId":"Roycecodes"},"content":"    }","lastModifiedDate":"2025-02-07","isFullCredit":false},{"lineNumber":103,"author":{"gitId":"Roycecodes"},"content":"    static void displayList(){","lastModifiedDate":"2025-02-07","isFullCredit":false},{"lineNumber":104,"author":{"gitId":"Roycecodes"},"content":"        char taskType \u003d \u0027T\u0027;","lastModifiedDate":"2025-02-07","isFullCredit":false},{"lineNumber":105,"author":{"gitId":"Roycecodes"},"content":"        BinlaDan.printLineDivider();","lastModifiedDate":"2025-02-07","isFullCredit":false},{"lineNumber":106,"author":{"gitId":"Roycecodes"},"content":"        System.out.println(\"Current targets: \");","lastModifiedDate":"2025-02-07","isFullCredit":false},{"lineNumber":107,"author":{"gitId":"Roycecodes"},"content":"        for (int i\u003d0; i\u003c listIndex; i++){","lastModifiedDate":"2025-02-07","isFullCredit":false},{"lineNumber":108,"author":{"gitId":"Roycecodes"},"content":"            if(myList[i] instanceof Deadline){","lastModifiedDate":"2025-02-07","isFullCredit":false},{"lineNumber":109,"author":{"gitId":"Roycecodes"},"content":"                taskType \u003d \u0027D\u0027;","lastModifiedDate":"2025-02-07","isFullCredit":false},{"lineNumber":110,"author":{"gitId":"Roycecodes"},"content":"            }","lastModifiedDate":"2025-02-07","isFullCredit":false},{"lineNumber":111,"author":{"gitId":"Roycecodes"},"content":"            else if(myList[i] instanceof EventTask){","lastModifiedDate":"2025-02-07","isFullCredit":false},{"lineNumber":112,"author":{"gitId":"Roycecodes"},"content":"                taskType \u003d \u0027E\u0027;","lastModifiedDate":"2025-02-07","isFullCredit":false},{"lineNumber":113,"author":{"gitId":"Roycecodes"},"content":"            }","lastModifiedDate":"2025-02-07","isFullCredit":false},{"lineNumber":114,"author":{"gitId":"Roycecodes"},"content":"            else taskType \u003d \u0027T\u0027;","lastModifiedDate":"2025-02-07","isFullCredit":false},{"lineNumber":115,"author":{"gitId":"Roycecodes"},"content":"","lastModifiedDate":"2025-02-07","isFullCredit":false},{"lineNumber":116,"author":{"gitId":"Roycecodes"},"content":"            System.out.print(i+1 + \": [\"); // index of items","lastModifiedDate":"2025-02-07","isFullCredit":false},{"lineNumber":117,"author":{"gitId":"Roycecodes"},"content":"            System.out.print(taskType + \"] \"); //indicate type of task","lastModifiedDate":"2025-02-07","isFullCredit":false},{"lineNumber":118,"author":{"gitId":"Roycecodes"},"content":"            System.out.println(myList[i]); // print items in list","lastModifiedDate":"2025-02-07","isFullCredit":false},{"lineNumber":119,"author":{"gitId":"Roycecodes"},"content":"","lastModifiedDate":"2025-02-07","isFullCredit":false},{"lineNumber":120,"author":{"gitId":"Roycecodes"},"content":"        }","lastModifiedDate":"2025-02-07","isFullCredit":false},{"lineNumber":121,"author":{"gitId":"Roycecodes"},"content":"        BinlaDan.printLineDivider();","lastModifiedDate":"2025-02-07","isFullCredit":false},{"lineNumber":122,"author":{"gitId":"Roycecodes"},"content":"","lastModifiedDate":"2025-02-07","isFullCredit":false},{"lineNumber":123,"author":{"gitId":"Roycecodes"},"content":"    }","lastModifiedDate":"2025-02-07","isFullCredit":false},{"lineNumber":124,"author":{"gitId":"Roycecodes"},"content":"","lastModifiedDate":"2025-02-07","isFullCredit":false},{"lineNumber":125,"author":{"gitId":"Roycecodes"},"content":"    static void markAsDone(int index){","lastModifiedDate":"2025-02-07","isFullCredit":false},{"lineNumber":126,"author":{"gitId":"Roycecodes"},"content":"        Task task \u003d  myList[index-1];","lastModifiedDate":"2025-02-07","isFullCredit":false},{"lineNumber":127,"author":{"gitId":"Roycecodes"},"content":"        if (index-1 \u003e\u003d listIndex || index-1\u003c0){ //error of out of bounds","lastModifiedDate":"2025-02-07","isFullCredit":false},{"lineNumber":128,"author":{"gitId":"Roycecodes"},"content":"            BinlaDan.printLineDivider();","lastModifiedDate":"2025-02-07","isFullCredit":false},{"lineNumber":129,"author":{"gitId":"Roycecodes"},"content":"            System.out.println(\"You donkey! What have you done? This isn\u0027t one of our targets \");","lastModifiedDate":"2025-02-07","isFullCredit":false},{"lineNumber":130,"author":{"gitId":"Roycecodes"},"content":"            BinlaDan.printLineDivider();","lastModifiedDate":"2025-02-07","isFullCredit":false},{"lineNumber":131,"author":{"gitId":"Roycecodes"},"content":"            return;","lastModifiedDate":"2025-02-07","isFullCredit":false},{"lineNumber":132,"author":{"gitId":"Roycecodes"},"content":"        }","lastModifiedDate":"2025-02-07","isFullCredit":false},{"lineNumber":133,"author":{"gitId":"Roycecodes"},"content":"        if (task.getIsDone()){ //error of calling done twice","lastModifiedDate":"2025-02-07","isFullCredit":false},{"lineNumber":134,"author":{"gitId":"Roycecodes"},"content":"            BinlaDan.printLineDivider();","lastModifiedDate":"2025-02-07","isFullCredit":false},{"lineNumber":135,"author":{"gitId":"Roycecodes"},"content":"            System.out.println(\"You Idiot! This has mission has already been completed! What do you mean you just completed it?\");","lastModifiedDate":"2025-02-07","isFullCredit":false},{"lineNumber":136,"author":{"gitId":"Roycecodes"},"content":"            BinlaDan.printLineDivider();","lastModifiedDate":"2025-02-07","isFullCredit":false},{"lineNumber":137,"author":{"gitId":"Roycecodes"},"content":"            return;","lastModifiedDate":"2025-02-07","isFullCredit":false},{"lineNumber":138,"author":{"gitId":"Roycecodes"},"content":"        }","lastModifiedDate":"2025-02-07","isFullCredit":false},{"lineNumber":139,"author":{"gitId":"Roycecodes"},"content":"        task.setDone(true);","lastModifiedDate":"2025-02-07","isFullCredit":false},{"lineNumber":140,"author":{"gitId":"Roycecodes"},"content":"        BinlaDan.printLineDivider();","lastModifiedDate":"2025-02-07","isFullCredit":false},{"lineNumber":141,"author":{"gitId":"Roycecodes"},"content":"        System.out.println(\"Well Done Brother! The Resistance thanks you\");","lastModifiedDate":"2025-02-07","isFullCredit":false},{"lineNumber":142,"author":{"gitId":"Roycecodes"},"content":"        displayList();","lastModifiedDate":"2025-02-07","isFullCredit":false},{"lineNumber":143,"author":{"gitId":"Roycecodes"},"content":"","lastModifiedDate":"2025-02-07","isFullCredit":false},{"lineNumber":144,"author":{"gitId":"Roycecodes"},"content":"    }","lastModifiedDate":"2025-02-07","isFullCredit":false},{"lineNumber":145,"author":{"gitId":"Roycecodes"},"content":"    static void markAsUndone(int index){","lastModifiedDate":"2025-02-07","isFullCredit":false},{"lineNumber":146,"author":{"gitId":"Roycecodes"},"content":"        Task task \u003d  myList[index-1];","lastModifiedDate":"2025-02-07","isFullCredit":false},{"lineNumber":147,"author":{"gitId":"Roycecodes"},"content":"        if (index-1 \u003e\u003d listIndex || index-1\u003c0){ //error of out of bounds","lastModifiedDate":"2025-02-07","isFullCredit":false},{"lineNumber":148,"author":{"gitId":"Roycecodes"},"content":"            BinlaDan.printLineDivider();","lastModifiedDate":"2025-02-07","isFullCredit":false},{"lineNumber":149,"author":{"gitId":"Roycecodes"},"content":"            System.out.println(\"You donkey! Are you crazy? This isn\u0027t one of our targets \");","lastModifiedDate":"2025-02-07","isFullCredit":false},{"lineNumber":150,"author":{"gitId":"Roycecodes"},"content":"            BinlaDan.printLineDivider();","lastModifiedDate":"2025-02-07","isFullCredit":false},{"lineNumber":151,"author":{"gitId":"Roycecodes"},"content":"            return;","lastModifiedDate":"2025-02-07","isFullCredit":false},{"lineNumber":152,"author":{"gitId":"Roycecodes"},"content":"        }","lastModifiedDate":"2025-02-07","isFullCredit":false},{"lineNumber":153,"author":{"gitId":"Roycecodes"},"content":"        if (!task.getIsDone()){ //error of calling undone twice","lastModifiedDate":"2025-02-07","isFullCredit":false},{"lineNumber":154,"author":{"gitId":"Roycecodes"},"content":"            BinlaDan.printLineDivider();","lastModifiedDate":"2025-02-07","isFullCredit":false},{"lineNumber":155,"author":{"gitId":"Roycecodes"},"content":"            System.out.println(\"You must have smoked too much Shisha! This has mission has not been completed!\");","lastModifiedDate":"2025-02-07","isFullCredit":false},{"lineNumber":156,"author":{"gitId":"Roycecodes"},"content":"            BinlaDan.printLineDivider();","lastModifiedDate":"2025-02-07","isFullCredit":false},{"lineNumber":157,"author":{"gitId":"Roycecodes"},"content":"            return;","lastModifiedDate":"2025-02-07","isFullCredit":false},{"lineNumber":158,"author":{"gitId":"Roycecodes"},"content":"        }","lastModifiedDate":"2025-02-07","isFullCredit":false},{"lineNumber":159,"author":{"gitId":"Roycecodes"},"content":"        task.setDone(false);","lastModifiedDate":"2025-02-07","isFullCredit":false},{"lineNumber":160,"author":{"gitId":"Roycecodes"},"content":"        BinlaDan.printLineDivider();","lastModifiedDate":"2025-02-07","isFullCredit":false},{"lineNumber":161,"author":{"gitId":"Roycecodes"},"content":"        System.out.println(\"The resistance will not allow you to make anymore mistakes. Complete your mission now!\");","lastModifiedDate":"2025-02-07","isFullCredit":false},{"lineNumber":162,"author":{"gitId":"Roycecodes"},"content":"        displayList();","lastModifiedDate":"2025-02-07","isFullCredit":false},{"lineNumber":163,"author":{"gitId":"Roycecodes"},"content":"    }","lastModifiedDate":"2025-02-07","isFullCredit":false},{"lineNumber":164,"author":{"gitId":"Roycecodes"},"content":"","lastModifiedDate":"2025-02-07","isFullCredit":false},{"lineNumber":165,"author":{"gitId":"Roycecodes"},"content":"}","lastModifiedDate":"2025-02-07","isFullCredit":false}],"authorContributionMap":{"Roycecodes":165}},{"path":"src/main/java/Parser.java","fileType":"java","lines":[{"lineNumber":1,"author":{"gitId":"Roycecodes"},"content":"public class Parser {","lastModifiedDate":"2025-02-05","isFullCredit":false},{"lineNumber":2,"author":{"gitId":"Roycecodes"},"content":"static final int LENGTH_OF_DEADLINE \u003d 9;","lastModifiedDate":"2025-02-07","isFullCredit":false},{"lineNumber":3,"author":{"gitId":"Roycecodes"},"content":"static final int LENGTH_OF_TODO \u003d 5;","lastModifiedDate":"2025-02-07","isFullCredit":false},{"lineNumber":4,"author":{"gitId":"Roycecodes"},"content":"static final int LENGTH_OF_EVENT \u003d 6;","lastModifiedDate":"2025-02-07","isFullCredit":false},{"lineNumber":5,"author":{"gitId":"Roycecodes"},"content":"static final int LENGTH_OF_BY \u003d 4;","lastModifiedDate":"2025-02-07","isFullCredit":false},{"lineNumber":6,"author":{"gitId":"Roycecodes"},"content":"static final int LENGTH_OF_TO \u003d 4;","lastModifiedDate":"2025-02-07","isFullCredit":false},{"lineNumber":7,"author":{"gitId":"Roycecodes"},"content":"static final int LENGTH_OF_FROM \u003d 6;","lastModifiedDate":"2025-02-07","isFullCredit":false},{"lineNumber":8,"author":{"gitId":"Roycecodes"},"content":"","lastModifiedDate":"2025-02-05","isFullCredit":false},{"lineNumber":9,"author":{"gitId":"Roycecodes"},"content":"","lastModifiedDate":"2025-02-05","isFullCredit":false},{"lineNumber":10,"author":{"gitId":"Roycecodes"},"content":"    static public String[] parseDeadline(String receivedText){","lastModifiedDate":"2025-02-05","isFullCredit":false},{"lineNumber":11,"author":{"gitId":"Roycecodes"},"content":"        String[] returnedArray\u003d new String[2];","lastModifiedDate":"2025-02-05","isFullCredit":false},{"lineNumber":12,"author":{"gitId":"Roycecodes"},"content":"        int indexOfBy \u003d receivedText.indexOf(\"/by\"); // obtaining index of first /by","lastModifiedDate":"2025-02-05","isFullCredit":false},{"lineNumber":13,"author":{"gitId":"Roycecodes"},"content":"        returnedArray[0] \u003d receivedText.substring(LENGTH_OF_DEADLINE,indexOfBy).trim();","lastModifiedDate":"2025-02-07","isFullCredit":false},{"lineNumber":14,"author":{"gitId":"Roycecodes"},"content":"        // saving text in front of /by as description, starting from after \"deadline\"","lastModifiedDate":"2025-02-07","isFullCredit":false},{"lineNumber":15,"author":{"gitId":"Roycecodes"},"content":"        returnedArray[1] \u003d receivedText.substring(indexOfBy+LENGTH_OF_BY);//saving everything after /by as deadline","lastModifiedDate":"2025-02-07","isFullCredit":false},{"lineNumber":16,"author":{"gitId":"Roycecodes"},"content":"        return returnedArray;","lastModifiedDate":"2025-02-05","isFullCredit":false},{"lineNumber":17,"author":{"gitId":"Roycecodes"},"content":"","lastModifiedDate":"2025-02-05","isFullCredit":false},{"lineNumber":18,"author":{"gitId":"Roycecodes"},"content":"    }","lastModifiedDate":"2025-02-05","isFullCredit":false},{"lineNumber":19,"author":{"gitId":"Roycecodes"},"content":"    static public String[] parseEvent(String receivedText){","lastModifiedDate":"2025-02-05","isFullCredit":false},{"lineNumber":20,"author":{"gitId":"Roycecodes"},"content":"        String[] returnedArray\u003d new String[3];","lastModifiedDate":"2025-02-05","isFullCredit":false},{"lineNumber":21,"author":{"gitId":"Roycecodes"},"content":"        int indexOfFrom \u003d receivedText.indexOf(\"/from\"); // obtaining index of first /from","lastModifiedDate":"2025-02-05","isFullCredit":false},{"lineNumber":22,"author":{"gitId":"Roycecodes"},"content":"        int indexOfTo \u003d   receivedText.indexOf(\"/to\"); // obtaining index of first /to","lastModifiedDate":"2025-02-05","isFullCredit":false},{"lineNumber":23,"author":{"gitId":"Roycecodes"},"content":"        returnedArray[0] \u003d receivedText.substring(LENGTH_OF_EVENT,indexOfFrom).trim();","lastModifiedDate":"2025-02-07","isFullCredit":false},{"lineNumber":24,"author":{"gitId":"Roycecodes"},"content":"        // saving text in front of /from as description after cutting out first word \"event\"","lastModifiedDate":"2025-02-07","isFullCredit":false},{"lineNumber":25,"author":{"gitId":"Roycecodes"},"content":"        returnedArray[1] \u003d receivedText.substring(indexOfFrom+LENGTH_OF_FROM,indexOfTo).trim();","lastModifiedDate":"2025-02-07","isFullCredit":false},{"lineNumber":26,"author":{"gitId":"Roycecodes"},"content":"        //saving everything in between /from and /to as startTime","lastModifiedDate":"2025-02-05","isFullCredit":false},{"lineNumber":27,"author":{"gitId":"Roycecodes"},"content":"        returnedArray[2] \u003d receivedText.substring(indexOfTo+LENGTH_OF_TO).trim();","lastModifiedDate":"2025-02-07","isFullCredit":false},{"lineNumber":28,"author":{"gitId":"Roycecodes"},"content":"        return returnedArray;","lastModifiedDate":"2025-02-05","isFullCredit":false},{"lineNumber":29,"author":{"gitId":"Roycecodes"},"content":"","lastModifiedDate":"2025-02-05","isFullCredit":false},{"lineNumber":30,"author":{"gitId":"Roycecodes"},"content":"    }","lastModifiedDate":"2025-02-05","isFullCredit":false},{"lineNumber":31,"author":{"gitId":"Roycecodes"},"content":"    static public String parseTodo(String receivedText){","lastModifiedDate":"2025-02-06","isFullCredit":false},{"lineNumber":32,"author":{"gitId":"Roycecodes"},"content":"        return receivedText.substring(LENGTH_OF_TODO).trim(); // cut out todo command","lastModifiedDate":"2025-02-07","isFullCredit":false},{"lineNumber":33,"author":{"gitId":"Roycecodes"},"content":"","lastModifiedDate":"2025-02-06","isFullCredit":false},{"lineNumber":34,"author":{"gitId":"Roycecodes"},"content":"    }","lastModifiedDate":"2025-02-06","isFullCredit":false},{"lineNumber":35,"author":{"gitId":"Roycecodes"},"content":"","lastModifiedDate":"2025-02-05","isFullCredit":false},{"lineNumber":36,"author":{"gitId":"Roycecodes"},"content":"}","lastModifiedDate":"2025-02-05","isFullCredit":false}],"authorContributionMap":{"Roycecodes":36}},{"path":"src/main/java/Task.java","fileType":"java","lines":[{"lineNumber":1,"author":{"gitId":"Roycecodes"},"content":"public class Task {","lastModifiedDate":"2025-02-05","isFullCredit":false},{"lineNumber":2,"author":{"gitId":"Roycecodes"},"content":"    protected String description;","lastModifiedDate":"2025-02-05","isFullCredit":false},{"lineNumber":3,"author":{"gitId":"Roycecodes"},"content":"","lastModifiedDate":"2025-02-05","isFullCredit":false},{"lineNumber":4,"author":{"gitId":"Roycecodes"},"content":"    public Task(String description) {","lastModifiedDate":"2025-02-05","isFullCredit":false},{"lineNumber":5,"author":{"gitId":"Roycecodes"},"content":"        this.description \u003d description;","lastModifiedDate":"2025-02-05","isFullCredit":false},{"lineNumber":6,"author":{"gitId":"Roycecodes"},"content":"    }","lastModifiedDate":"2025-02-05","isFullCredit":false},{"lineNumber":7,"author":{"gitId":"Roycecodes"},"content":"","lastModifiedDate":"2025-02-05","isFullCredit":false},{"lineNumber":8,"author":{"gitId":"Roycecodes"},"content":"    public String getDescription() {","lastModifiedDate":"2025-02-05","isFullCredit":false},{"lineNumber":9,"author":{"gitId":"Roycecodes"},"content":"        return description;","lastModifiedDate":"2025-02-05","isFullCredit":false},{"lineNumber":10,"author":{"gitId":"Roycecodes"},"content":"    }","lastModifiedDate":"2025-02-05","isFullCredit":false},{"lineNumber":11,"author":{"gitId":"Roycecodes"},"content":"    public String toString() {","lastModifiedDate":"2025-02-05","isFullCredit":false},{"lineNumber":12,"author":{"gitId":"Roycecodes"},"content":"        return this.description;","lastModifiedDate":"2025-02-05","isFullCredit":false},{"lineNumber":13,"author":{"gitId":"Roycecodes"},"content":"    }","lastModifiedDate":"2025-02-05","isFullCredit":false},{"lineNumber":14,"author":{"gitId":"Roycecodes"},"content":"    public void setDone(boolean done){}","lastModifiedDate":"2025-02-05","isFullCredit":false},{"lineNumber":15,"author":{"gitId":"Roycecodes"},"content":"    public boolean getIsDone(){return false;}","lastModifiedDate":"2025-02-07","isFullCredit":false},{"lineNumber":16,"author":{"gitId":"Roycecodes"},"content":"    public void setStartTime(String startTime){}","lastModifiedDate":"2025-02-05","isFullCredit":false},{"lineNumber":17,"author":{"gitId":"Roycecodes"},"content":"    public void setEndTime(String endTime){}","lastModifiedDate":"2025-02-05","isFullCredit":false},{"lineNumber":18,"author":{"gitId":"Roycecodes"},"content":"    public void setDeadline(String deadline){}","lastModifiedDate":"2025-02-05","isFullCredit":false},{"lineNumber":19,"author":{"gitId":"Roycecodes"},"content":"","lastModifiedDate":"2025-02-05","isFullCredit":false},{"lineNumber":20,"author":{"gitId":"Roycecodes"},"content":"","lastModifiedDate":"2025-02-05","isFullCredit":false},{"lineNumber":21,"author":{"gitId":"Roycecodes"},"content":"}","lastModifiedDate":"2025-02-05","isFullCredit":false},{"lineNumber":22,"author":{"gitId":"Roycecodes"},"content":"","lastModifiedDate":"2025-02-05","isFullCredit":false},{"lineNumber":23,"author":{"gitId":"Roycecodes"},"content":"","lastModifiedDate":"2025-02-05","isFullCredit":false},{"lineNumber":24,"author":{"gitId":"Roycecodes"},"content":"","lastModifiedDate":"2025-02-05","isFullCredit":false}],"authorContributionMap":{"Roycecodes":24}},{"path":"src/main/java/Todo.java","fileType":"java","lines":[{"lineNumber":1,"author":{"gitId":"Roycecodes"},"content":"public class Todo extends Task{ // subclass of Task","lastModifiedDate":"2025-02-07","isFullCredit":false},{"lineNumber":2,"author":{"gitId":"Roycecodes"},"content":"    protected boolean isDone; // to save done value","lastModifiedDate":"2025-02-07","isFullCredit":false},{"lineNumber":3,"author":{"gitId":"Roycecodes"},"content":"    public Todo(String description){","lastModifiedDate":"2025-02-07","isFullCredit":false},{"lineNumber":4,"author":{"gitId":"Roycecodes"},"content":"        // new constructor because constructors are not inherited","lastModifiedDate":"2025-02-07","isFullCredit":false},{"lineNumber":5,"author":{"gitId":"Roycecodes"},"content":"        super(description);","lastModifiedDate":"2025-02-07","isFullCredit":false},{"lineNumber":6,"author":{"gitId":"Roycecodes"},"content":"","lastModifiedDate":"2025-02-07","isFullCredit":false},{"lineNumber":7,"author":{"gitId":"Roycecodes"},"content":"    }","lastModifiedDate":"2025-02-07","isFullCredit":false},{"lineNumber":8,"author":{"gitId":"Roycecodes"},"content":"","lastModifiedDate":"2025-02-07","isFullCredit":false},{"lineNumber":9,"author":{"gitId":"Roycecodes"},"content":"    public boolean getIsDone(){// done value getter","lastModifiedDate":"2025-02-07","isFullCredit":false},{"lineNumber":10,"author":{"gitId":"Roycecodes"},"content":"        return isDone;","lastModifiedDate":"2025-02-07","isFullCredit":false},{"lineNumber":11,"author":{"gitId":"Roycecodes"},"content":"    }","lastModifiedDate":"2025-02-07","isFullCredit":false},{"lineNumber":12,"author":{"gitId":"Roycecodes"},"content":"    public void setDone(boolean args) { // done value setter","lastModifiedDate":"2025-02-07","isFullCredit":false},{"lineNumber":13,"author":{"gitId":"Roycecodes"},"content":"        this.isDone \u003d args;","lastModifiedDate":"2025-02-07","isFullCredit":false},{"lineNumber":14,"author":{"gitId":"Roycecodes"},"content":"    }","lastModifiedDate":"2025-02-07","isFullCredit":false},{"lineNumber":15,"author":{"gitId":"Roycecodes"},"content":"    public String toString() {","lastModifiedDate":"2025-02-07","isFullCredit":false},{"lineNumber":16,"author":{"gitId":"Roycecodes"},"content":"        String addOutput \u003d this.isDone? \"[/]\" : \"[X]\"; //give check if done cross is not","lastModifiedDate":"2025-02-07","isFullCredit":false},{"lineNumber":17,"author":{"gitId":"Roycecodes"},"content":"        return addOutput +\" \" + super.toString();","lastModifiedDate":"2025-02-07","isFullCredit":false},{"lineNumber":18,"author":{"gitId":"Roycecodes"},"content":"    }","lastModifiedDate":"2025-02-07","isFullCredit":false},{"lineNumber":19,"author":{"gitId":"Roycecodes"},"content":"","lastModifiedDate":"2025-02-07","isFullCredit":false},{"lineNumber":20,"author":{"gitId":"Roycecodes"},"content":"}","lastModifiedDate":"2025-02-07","isFullCredit":false}],"authorContributionMap":{"Roycecodes":20}},{"path":"text-ui-test/input.txt","fileType":"txt","lines":[{"lineNumber":1,"author":{"gitId":"Roycecodes"},"content":"todo borrow book","lastModifiedDate":"2025-02-07","isFullCredit":false},{"lineNumber":2,"author":{"gitId":"Roycecodes"},"content":"list","lastModifiedDate":"2025-02-07","isFullCredit":false},{"lineNumber":3,"author":{"gitId":"Roycecodes"},"content":"deadline return book /by Sunday","lastModifiedDate":"2025-02-07","isFullCredit":false},{"lineNumber":4,"author":{"gitId":"Roycecodes"},"content":"list","lastModifiedDate":"2025-02-07","isFullCredit":false},{"lineNumber":5,"author":{"gitId":"Roycecodes"},"content":"event project meeting /from Mon 2pm /to 4pm","lastModifiedDate":"2025-02-07","isFullCredit":false},{"lineNumber":6,"author":{"gitId":"Roycecodes"},"content":"list","lastModifiedDate":"2025-02-07","isFullCredit":false},{"lineNumber":7,"author":{"gitId":"Roycecodes"},"content":"done 2","lastModifiedDate":"2025-02-07","isFullCredit":false},{"lineNumber":8,"author":{"gitId":"Roycecodes"},"content":"list","lastModifiedDate":"2025-02-07","isFullCredit":false},{"lineNumber":9,"author":{"gitId":"Roycecodes"},"content":"undone 2","lastModifiedDate":"2025-02-07","isFullCredit":false},{"lineNumber":10,"author":{"gitId":"Roycecodes"},"content":"bye","lastModifiedDate":"2025-02-07","isFullCredit":false}],"authorContributionMap":{"Roycecodes":10}},{"path":"text-ui-test/runtest.bat","fileType":"bat","lines":[{"lineNumber":1,"author":{"gitId":"-"},"content":"@ECHO OFF","lastModifiedDate":"2020-05-25","isFullCredit":false},{"lineNumber":2,"author":{"gitId":"-"},"content":"","lastModifiedDate":"2020-05-25","isFullCredit":false},{"lineNumber":3,"author":{"gitId":"-"},"content":"REM create bin directory if it doesn\u0027t exist","lastModifiedDate":"2020-05-25","isFullCredit":false},{"lineNumber":4,"author":{"gitId":"-"},"content":"if not exist ..\\bin mkdir ..\\bin","lastModifiedDate":"2020-05-25","isFullCredit":false},{"lineNumber":5,"author":{"gitId":"-"},"content":"","lastModifiedDate":"2020-05-25","isFullCredit":false},{"lineNumber":6,"author":{"gitId":"-"},"content":"REM delete output from previous run","lastModifiedDate":"2020-05-25","isFullCredit":false},{"lineNumber":7,"author":{"gitId":"-"},"content":"if exist ACTUAL.TXT del ACTUAL.TXT","lastModifiedDate":"2020-08-25","isFullCredit":false},{"lineNumber":8,"author":{"gitId":"-"},"content":"","lastModifiedDate":"2020-05-25","isFullCredit":false},{"lineNumber":9,"author":{"gitId":"-"},"content":"REM compile the code into the bin folder","lastModifiedDate":"2020-05-25","isFullCredit":false},{"lineNumber":10,"author":{"gitId":"-"},"content":"javac  -cp ..\\src\\main\\java -Xlint:none -d ..\\bin ..\\src\\main\\java\\*.java","lastModifiedDate":"2020-08-25","isFullCredit":false},{"lineNumber":11,"author":{"gitId":"-"},"content":"IF ERRORLEVEL 1 (","lastModifiedDate":"2020-05-25","isFullCredit":false},{"lineNumber":12,"author":{"gitId":"-"},"content":"    echo ********** BUILD FAILURE **********","lastModifiedDate":"2020-05-25","isFullCredit":false},{"lineNumber":13,"author":{"gitId":"-"},"content":"    exit /b 1","lastModifiedDate":"2020-05-25","isFullCredit":false},{"lineNumber":14,"author":{"gitId":"-"},"content":")","lastModifiedDate":"2020-05-25","isFullCredit":false},{"lineNumber":15,"author":{"gitId":"-"},"content":"REM no error here, errorlevel \u003d\u003d 0","lastModifiedDate":"2020-05-25","isFullCredit":false},{"lineNumber":16,"author":{"gitId":"-"},"content":"","lastModifiedDate":"2020-05-25","isFullCredit":false},{"lineNumber":17,"author":{"gitId":"-"},"content":"REM run the program, feed commands from input.txt file and redirect the output to the ACTUAL.TXT","lastModifiedDate":"2020-05-25","isFullCredit":false},{"lineNumber":18,"author":{"gitId":"Roycecodes"},"content":"java -classpath ..\\bin BinlaDan \u003c input.txt \u003e ACTUAL.TXT","lastModifiedDate":"2025-02-07","isFullCredit":false},{"lineNumber":19,"author":{"gitId":"-"},"content":"","lastModifiedDate":"2020-05-25","isFullCredit":false},{"lineNumber":20,"author":{"gitId":"-"},"content":"REM compare the output to the expected output","lastModifiedDate":"2020-05-25","isFullCredit":false},{"lineNumber":21,"author":{"gitId":"-"},"content":"FC ACTUAL.TXT EXPECTED.TXT","lastModifiedDate":"2020-05-25","isFullCredit":false}],"authorContributionMap":{"Roycecodes":1,"-":20}}]
