{"authorDailyContributionsMap":{"Alaneel":[{"date":"2025-01-15","commitResults":[{"hash":"aefea753c933ab3ca3e2370a5508ccc6b0c66c33","isMergeCommit":false,"messageTitle":"Change bot name, skeletal version (level 0)","messageBody":"","fileTypesAndContributionMap":{"java":{"insertions":10,"deletions":10},"bat":{"insertions":1,"deletions":1},"md":{"insertions":3,"deletions":3}}},{"hash":"fe2f3cc66ca993cb0d7094c855c7cfdfaf7f96aa","isMergeCommit":false,"messageTitle":"Convert divider to constant","messageBody":"","tags":["Level-0"],"fileTypesAndContributionMap":{"java":{"insertions":5,"deletions":3}}}]},{"date":"2025-01-25","commitResults":[{"hash":"c054130d40913234725dc83e486d2e94745faa0c","isMergeCommit":false,"messageTitle":"Level 1, Level 2, Level 3","messageBody":"","tags":["A-CodingStandard"],"fileTypesAndContributionMap":{"java":{"insertions":95,"deletions":3}}}]},{"date":"2025-01-28","commitResults":[{"hash":"8f2be08666abccc4d6b2dedd6233cdc5e04fdc2e","isMergeCommit":false,"messageTitle":"Level 1","messageBody":"","tags":["Level-1"],"fileTypesAndContributionMap":{"java":{"insertions":4,"deletions":46}}},{"hash":"614ad7198290094476206ec879146cdedc8dabc1","isMergeCommit":false,"messageTitle":"Level 2","messageBody":"","tags":["Level-2"],"fileTypesAndContributionMap":{"java":{"insertions":19,"deletions":2}}},{"hash":"b9a44615375360e0616bb071494987f23a039c65","isMergeCommit":false,"messageTitle":"Level 3","messageBody":"","tags":["Level-3"],"fileTypesAndContributionMap":{"java":{"insertions":30,"deletions":5}}}]},{"date":"2025-02-01","commitResults":[{"hash":"381a5fcedc7b6f51591ba25f678d4b9a8f62a79d","isMergeCommit":false,"messageTitle":"Level-4, A-Inheritance","messageBody":"","fileTypesAndContributionMap":{"java":{"insertions":81,"deletions":3}}},{"hash":"beef4915e830f6ddf2889db6ffb0412db4a949f7","isMergeCommit":true,"messageTitle":"Merge pull request #1 from Alaneel/Level-4","messageBody":"Level-4","tags":["Level-4","A-CodeQuality"],"fileTypesAndContributionMap":{}},{"hash":"046c6d23cded75e912acbb061f8ed7b4b65d28d0","isMergeCommit":false,"messageTitle":"A-CodeQuality","messageBody":"","fileTypesAndContributionMap":{"java":{"insertions":164,"deletions":96}}},{"hash":"d0e451621987bc32a4572b5ac67cf1a1c73f1813","isMergeCommit":true,"messageTitle":"Merge pull request #2 from Alaneel/A-CodeQuality","messageBody":"A-CodeQuality","tags":["A-TextUiTesting"],"fileTypesAndContributionMap":{}},{"hash":"d50c7e011028140b9d66a4ddf454d2c6c0d7ad0d","isMergeCommit":false,"messageTitle":"A-TextUiTesting","messageBody":"","fileTypesAndContributionMap":{"txt":{"insertions":14,"deletions":0},"sh":{"insertions":1,"deletions":1}}},{"hash":"998485a3cae061ce0b1a84a34d9759f11072c10c","isMergeCommit":true,"messageTitle":"Merge pull request #3 from Alaneel/A-TextUiTesting","messageBody":"A-TextUiTesting","fileTypesAndContributionMap":{}}]}]},"authorFileTypeContributionMap":{"Alaneel":{"java":250,"md":3,"fxml":0,"sh":1,"bat":1,"gradle":0,"txt":14}},"authorContributionVariance":{"Alaneel":5916.688},"authorDisplayNameMap":{"Alaneel":"WANG..MING"}}
