{"authorDailyContributionsMap":{"yeeern27":[{"date":"2025-01-18","commitResults":[{"hash":"9bbee7860979813efdec040b83a12d02774467c0","isMergeCommit":false,"messageTitle":"Chatbot Renamed, Greeted and Exit","messageBody":"","tags":["Level-0"],"fileTypesAndContributionMap":{"java":{"insertions":19,"deletions":10},"sh":{"insertions":1,"deletions":1}}}]},{"date":"2025-01-30","commitResults":[{"hash":"7958eb2dfaafd327b803a0fee4f7f13bd9610ded","isMergeCommit":false,"messageTitle":"Chatbot Made to Echo Input","messageBody":"","tags":["Level-1"],"fileTypesAndContributionMap":{"java":{"insertions":18,"deletions":2}}},{"hash":"326854be79ef7a8edaae6b81d30455f0fdcb5a27","isMergeCommit":false,"messageTitle":"Level-2 : Chatbot Made to Add List","messageBody":"","tags":["Level-2"],"fileTypesAndContributionMap":{"java":{"insertions":14,"deletions":7}}}]},{"date":"2025-01-31","commitResults":[{"hash":"4a8bf9fb166a4d1d0fd78192bb2b9ac40bf6fe62","isMergeCommit":false,"messageTitle":"Level-3 : Marked as Done","messageBody":"","tags":["Level-3"],"fileTypesAndContributionMap":{"java":{"insertions":61,"deletions":10}}}]}]},"authorFileTypeContributionMap":{"yeeern27":{"java":93,"md":0,"fxml":0,"sh":1,"bat":0,"gradle":0,"txt":0}},"authorContributionVariance":{"yeeern27":306.97726},"authorDisplayNameMap":{"yeeern27":"GOH .. ERN"}}
