[{"path":"README.md","fileType":"md","lines":[{"lineNumber":1,"author":{"gitId":"minhbgn"},"content":"# Main.Roboast project template","lastModifiedDate":"2025-01-22","isFullCredit":false},{"lineNumber":2,"author":{"gitId":"-"},"content":"","lastModifiedDate":"2020-05-25","isFullCredit":false},{"lineNumber":3,"author":{"gitId":"-"},"content":"This is a project template for a greenfield Java project. It\u0027s named after the Java mascot _Duke_. Given below are instructions on how to use it.","lastModifiedDate":"2020-05-25","isFullCredit":false},{"lineNumber":4,"author":{"gitId":"-"},"content":"","lastModifiedDate":"2020-05-25","isFullCredit":false},{"lineNumber":5,"author":{"gitId":"-"},"content":"## Setting up in Intellij","lastModifiedDate":"2020-05-25","isFullCredit":false},{"lineNumber":6,"author":{"gitId":"-"},"content":"","lastModifiedDate":"2020-05-25","isFullCredit":false},{"lineNumber":7,"author":{"gitId":"-"},"content":"Prerequisites: JDK 17, update Intellij to the most recent version.","lastModifiedDate":"2024-07-11","isFullCredit":false},{"lineNumber":8,"author":{"gitId":"-"},"content":"","lastModifiedDate":"2020-05-25","isFullCredit":false},{"lineNumber":9,"author":{"gitId":"-"},"content":"1. Open Intellij (if you are not in the welcome screen, click `File` \u003e `Close Project` to close the existing project first)","lastModifiedDate":"2021-01-17","isFullCredit":false},{"lineNumber":10,"author":{"gitId":"-"},"content":"1. Open the project into Intellij as follows:","lastModifiedDate":"2021-01-17","isFullCredit":false},{"lineNumber":11,"author":{"gitId":"-"},"content":"   1. Click `Open`.","lastModifiedDate":"2021-01-17","isFullCredit":false},{"lineNumber":12,"author":{"gitId":"-"},"content":"   1. Select the project directory, and click `OK`.","lastModifiedDate":"2021-01-17","isFullCredit":false},{"lineNumber":13,"author":{"gitId":"-"},"content":"   1. If there are any further prompts, accept the defaults.","lastModifiedDate":"2020-05-25","isFullCredit":false},{"lineNumber":14,"author":{"gitId":"-"},"content":"1. Configure the project to use **JDK 17** (not other versions) as explained in [here](https://www.jetbrains.com/help/idea/sdk.html#set-up-jdk).\u003cbr\u003e","lastModifiedDate":"2024-07-11","isFullCredit":false},{"lineNumber":15,"author":{"gitId":"-"},"content":"   In the same dialog, set the **Project language level** field to the `SDK default` option.","lastModifiedDate":"2021-07-29","isFullCredit":false},{"lineNumber":16,"author":{"gitId":"minhbgn"},"content":"1. After that, locate the `src/main/java/Main.Roboast.java` file, right-click it, and choose `Run Main.Roboast.main()` (if the code editor is showing compile errors, try restarting the IDE). If the setup is correct, you should see something like the below as the output:","lastModifiedDate":"2025-01-22","isFullCredit":false},{"lineNumber":17,"author":{"gitId":"-"},"content":"   ```","lastModifiedDate":"2020-05-25","isFullCredit":false},{"lineNumber":18,"author":{"gitId":"-"},"content":"   Hello from","lastModifiedDate":"2020-05-25","isFullCredit":false},{"lineNumber":19,"author":{"gitId":"-"},"content":"    ____        _        ","lastModifiedDate":"2020-05-25","isFullCredit":false},{"lineNumber":20,"author":{"gitId":"-"},"content":"   |  _ \\ _   _| | _____ ","lastModifiedDate":"2020-05-25","isFullCredit":false},{"lineNumber":21,"author":{"gitId":"-"},"content":"   | | | | | | | |/ / _ \\","lastModifiedDate":"2020-05-25","isFullCredit":false},{"lineNumber":22,"author":{"gitId":"-"},"content":"   | |_| | |_| |   \u003c  __/","lastModifiedDate":"2020-05-25","isFullCredit":false},{"lineNumber":23,"author":{"gitId":"-"},"content":"   |____/ \\__,_|_|\\_\\___|","lastModifiedDate":"2020-05-25","isFullCredit":false},{"lineNumber":24,"author":{"gitId":"-"},"content":"   ```","lastModifiedDate":"2020-05-25","isFullCredit":false},{"lineNumber":25,"author":{"gitId":"-"},"content":"","lastModifiedDate":"2025-01-04","isFullCredit":false},{"lineNumber":26,"author":{"gitId":"-"},"content":"**Warning:** Keep the `src\\main\\java` folder as the root folder for Java files (i.e., don\u0027t rename those folders or move Java files to another folder outside of this folder path), as this is the default location some tools (e.g., Gradle) expect to find Java files.","lastModifiedDate":"2025-01-04","isFullCredit":false}],"authorContributionMap":{"minhbgn":2,"-":24}},{"path":"docs/README.md","fileType":"md","lines":[{"lineNumber":1,"author":{"gitId":"minhbgn"},"content":"# Main.Roboast User Guide","lastModifiedDate":"2025-01-22","isFullCredit":false},{"lineNumber":2,"author":{"gitId":"-"},"content":"","lastModifiedDate":"2019-07-29","isFullCredit":false},{"lineNumber":3,"author":{"gitId":"-"},"content":"// Update the title above to match the actual product name","lastModifiedDate":"2024-01-07","isFullCredit":false},{"lineNumber":4,"author":{"gitId":"-"},"content":"","lastModifiedDate":"2019-07-29","isFullCredit":false},{"lineNumber":5,"author":{"gitId":"-"},"content":"// Product screenshot goes here","lastModifiedDate":"2024-01-07","isFullCredit":false},{"lineNumber":6,"author":{"gitId":"-"},"content":"","lastModifiedDate":"2021-07-17","isFullCredit":false},{"lineNumber":7,"author":{"gitId":"-"},"content":"// Product intro goes here","lastModifiedDate":"2024-01-07","isFullCredit":false},{"lineNumber":8,"author":{"gitId":"-"},"content":"","lastModifiedDate":"2021-07-17","isFullCredit":false},{"lineNumber":9,"author":{"gitId":"-"},"content":"## Adding deadlines","lastModifiedDate":"2024-01-07","isFullCredit":false},{"lineNumber":10,"author":{"gitId":"-"},"content":"","lastModifiedDate":"2021-07-17","isFullCredit":false},{"lineNumber":11,"author":{"gitId":"-"},"content":"// Describe the action and its outcome.","lastModifiedDate":"2024-01-07","isFullCredit":false},{"lineNumber":12,"author":{"gitId":"-"},"content":"","lastModifiedDate":"2019-07-29","isFullCredit":false},{"lineNumber":13,"author":{"gitId":"-"},"content":"// Give examples of usage","lastModifiedDate":"2024-01-07","isFullCredit":false},{"lineNumber":14,"author":{"gitId":"-"},"content":"","lastModifiedDate":"2019-07-29","isFullCredit":false},{"lineNumber":15,"author":{"gitId":"-"},"content":"Example: `keyword (optional arguments)`","lastModifiedDate":"2024-01-07","isFullCredit":false},{"lineNumber":16,"author":{"gitId":"-"},"content":"","lastModifiedDate":"2019-07-29","isFullCredit":false},{"lineNumber":17,"author":{"gitId":"-"},"content":"// A description of the expected outcome goes here","lastModifiedDate":"2024-01-07","isFullCredit":false},{"lineNumber":18,"author":{"gitId":"-"},"content":"","lastModifiedDate":"2019-07-29","isFullCredit":false},{"lineNumber":19,"author":{"gitId":"-"},"content":"```","lastModifiedDate":"2024-01-07","isFullCredit":false},{"lineNumber":20,"author":{"gitId":"-"},"content":"expected output","lastModifiedDate":"2024-01-07","isFullCredit":false},{"lineNumber":21,"author":{"gitId":"-"},"content":"```","lastModifiedDate":"2024-01-07","isFullCredit":false},{"lineNumber":22,"author":{"gitId":"-"},"content":"","lastModifiedDate":"2019-07-29","isFullCredit":false},{"lineNumber":23,"author":{"gitId":"-"},"content":"## Feature ABC","lastModifiedDate":"2024-01-07","isFullCredit":false},{"lineNumber":24,"author":{"gitId":"-"},"content":"","lastModifiedDate":"2019-07-29","isFullCredit":false},{"lineNumber":25,"author":{"gitId":"-"},"content":"// Feature details","lastModifiedDate":"2024-01-07","isFullCredit":false},{"lineNumber":26,"author":{"gitId":"-"},"content":"","lastModifiedDate":"2019-07-29","isFullCredit":false},{"lineNumber":27,"author":{"gitId":"-"},"content":"","lastModifiedDate":"2021-07-17","isFullCredit":false},{"lineNumber":28,"author":{"gitId":"-"},"content":"## Feature XYZ","lastModifiedDate":"2024-01-07","isFullCredit":false},{"lineNumber":29,"author":{"gitId":"-"},"content":"","lastModifiedDate":"2024-01-07","isFullCredit":false},{"lineNumber":30,"author":{"gitId":"-"},"content":"// Feature details","lastModifiedDate":"2024-01-07","isFullCredit":false}],"authorContributionMap":{"minhbgn":1,"-":29}},{"path":"src/main/java/Item/Deadline.java","fileType":"java","lines":[{"lineNumber":1,"author":{"gitId":"minhbgn"},"content":"package Item;","lastModifiedDate":"2025-02-06","isFullCredit":false},{"lineNumber":2,"author":{"gitId":"minhbgn"},"content":"","lastModifiedDate":"2025-02-06","isFullCredit":false},{"lineNumber":3,"author":{"gitId":"minhbgn"},"content":"public class Deadline extends Item{","lastModifiedDate":"2025-02-06","isFullCredit":false},{"lineNumber":4,"author":{"gitId":"minhbgn"},"content":"","lastModifiedDate":"2025-02-06","isFullCredit":false},{"lineNumber":5,"author":{"gitId":"minhbgn"},"content":"    public Deadline(){","lastModifiedDate":"2025-02-06","isFullCredit":false},{"lineNumber":6,"author":{"gitId":"minhbgn"},"content":"        super();","lastModifiedDate":"2025-02-06","isFullCredit":false},{"lineNumber":7,"author":{"gitId":"minhbgn"},"content":"    }","lastModifiedDate":"2025-02-06","isFullCredit":false},{"lineNumber":8,"author":{"gitId":"minhbgn"},"content":"","lastModifiedDate":"2025-02-06","isFullCredit":false},{"lineNumber":9,"author":{"gitId":"minhbgn"},"content":"    public Deadline(String name, boolean done){","lastModifiedDate":"2025-02-06","isFullCredit":false},{"lineNumber":10,"author":{"gitId":"minhbgn"},"content":"        super(name, done);","lastModifiedDate":"2025-02-06","isFullCredit":false},{"lineNumber":11,"author":{"gitId":"minhbgn"},"content":"        String newname \u003d name.replace(\"/by\",\"(by:\");","lastModifiedDate":"2025-02-06","isFullCredit":false},{"lineNumber":12,"author":{"gitId":"minhbgn"},"content":"        if (!name.equals(newname)){","lastModifiedDate":"2025-02-06","isFullCredit":false},{"lineNumber":13,"author":{"gitId":"minhbgn"},"content":"            newname \u003d newname + \")\";","lastModifiedDate":"2025-02-06","isFullCredit":false},{"lineNumber":14,"author":{"gitId":"minhbgn"},"content":"        }","lastModifiedDate":"2025-02-06","isFullCredit":false},{"lineNumber":15,"author":{"gitId":"minhbgn"},"content":"        super.setName(newname);","lastModifiedDate":"2025-02-06","isFullCredit":false},{"lineNumber":16,"author":{"gitId":"minhbgn"},"content":"    }","lastModifiedDate":"2025-02-06","isFullCredit":false},{"lineNumber":17,"author":{"gitId":"minhbgn"},"content":"","lastModifiedDate":"2025-02-06","isFullCredit":false},{"lineNumber":18,"author":{"gitId":"minhbgn"},"content":"    @Override","lastModifiedDate":"2025-02-06","isFullCredit":false},{"lineNumber":19,"author":{"gitId":"minhbgn"},"content":"    public String toString(){","lastModifiedDate":"2025-02-06","isFullCredit":false},{"lineNumber":20,"author":{"gitId":"minhbgn"},"content":"        if (super.done){","lastModifiedDate":"2025-02-06","isFullCredit":false},{"lineNumber":21,"author":{"gitId":"minhbgn"},"content":"            return \"[D][X] \" + super.name;","lastModifiedDate":"2025-02-06","isFullCredit":false},{"lineNumber":22,"author":{"gitId":"minhbgn"},"content":"        }","lastModifiedDate":"2025-02-06","isFullCredit":false},{"lineNumber":23,"author":{"gitId":"minhbgn"},"content":"        else{","lastModifiedDate":"2025-02-06","isFullCredit":false},{"lineNumber":24,"author":{"gitId":"minhbgn"},"content":"            return \"[D][ ] \" + super.name;","lastModifiedDate":"2025-02-06","isFullCredit":false},{"lineNumber":25,"author":{"gitId":"minhbgn"},"content":"        }","lastModifiedDate":"2025-02-06","isFullCredit":false},{"lineNumber":26,"author":{"gitId":"minhbgn"},"content":"    }","lastModifiedDate":"2025-02-06","isFullCredit":false},{"lineNumber":27,"author":{"gitId":"minhbgn"},"content":"","lastModifiedDate":"2025-02-06","isFullCredit":false},{"lineNumber":28,"author":{"gitId":"minhbgn"},"content":"}","lastModifiedDate":"2025-02-06","isFullCredit":false}],"authorContributionMap":{"minhbgn":28}},{"path":"src/main/java/Item/Event.java","fileType":"java","lines":[{"lineNumber":1,"author":{"gitId":"minhbgn"},"content":"package Item;","lastModifiedDate":"2025-02-06","isFullCredit":false},{"lineNumber":2,"author":{"gitId":"minhbgn"},"content":"","lastModifiedDate":"2025-02-06","isFullCredit":false},{"lineNumber":3,"author":{"gitId":"minhbgn"},"content":"public class Event extends Item{","lastModifiedDate":"2025-02-06","isFullCredit":false},{"lineNumber":4,"author":{"gitId":"minhbgn"},"content":"","lastModifiedDate":"2025-02-06","isFullCredit":false},{"lineNumber":5,"author":{"gitId":"minhbgn"},"content":"    public Event(){","lastModifiedDate":"2025-02-06","isFullCredit":false},{"lineNumber":6,"author":{"gitId":"minhbgn"},"content":"        super();","lastModifiedDate":"2025-02-06","isFullCredit":false},{"lineNumber":7,"author":{"gitId":"minhbgn"},"content":"    }","lastModifiedDate":"2025-02-06","isFullCredit":false},{"lineNumber":8,"author":{"gitId":"minhbgn"},"content":"","lastModifiedDate":"2025-02-06","isFullCredit":false},{"lineNumber":9,"author":{"gitId":"minhbgn"},"content":"    public Event(String name, boolean done){","lastModifiedDate":"2025-02-06","isFullCredit":false},{"lineNumber":10,"author":{"gitId":"minhbgn"},"content":"        super(name, done);","lastModifiedDate":"2025-02-06","isFullCredit":false},{"lineNumber":11,"author":{"gitId":"minhbgn"},"content":"        String newname;","lastModifiedDate":"2025-02-06","isFullCredit":false},{"lineNumber":12,"author":{"gitId":"minhbgn"},"content":"        newname \u003d name.replace(\"/from\",\"(from:\")","lastModifiedDate":"2025-02-06","isFullCredit":false},{"lineNumber":13,"author":{"gitId":"minhbgn"},"content":"                      .replace(\"/to\",\"to:\");","lastModifiedDate":"2025-02-06","isFullCredit":false},{"lineNumber":14,"author":{"gitId":"minhbgn"},"content":"        if (!newname.equals(name)){","lastModifiedDate":"2025-02-06","isFullCredit":false},{"lineNumber":15,"author":{"gitId":"minhbgn"},"content":"            newname \u003d newname + \")\";","lastModifiedDate":"2025-02-06","isFullCredit":false},{"lineNumber":16,"author":{"gitId":"minhbgn"},"content":"        }","lastModifiedDate":"2025-02-06","isFullCredit":false},{"lineNumber":17,"author":{"gitId":"minhbgn"},"content":"        super.setName(newname);","lastModifiedDate":"2025-02-06","isFullCredit":false},{"lineNumber":18,"author":{"gitId":"minhbgn"},"content":"    }","lastModifiedDate":"2025-02-06","isFullCredit":false},{"lineNumber":19,"author":{"gitId":"minhbgn"},"content":"","lastModifiedDate":"2025-02-06","isFullCredit":false},{"lineNumber":20,"author":{"gitId":"minhbgn"},"content":"    @Override","lastModifiedDate":"2025-02-06","isFullCredit":false},{"lineNumber":21,"author":{"gitId":"minhbgn"},"content":"    public String toString(){","lastModifiedDate":"2025-02-06","isFullCredit":false},{"lineNumber":22,"author":{"gitId":"minhbgn"},"content":"        if (super.done){","lastModifiedDate":"2025-02-06","isFullCredit":false},{"lineNumber":23,"author":{"gitId":"minhbgn"},"content":"            return \"[E][X] \" + super.name;","lastModifiedDate":"2025-02-06","isFullCredit":false},{"lineNumber":24,"author":{"gitId":"minhbgn"},"content":"        }","lastModifiedDate":"2025-02-06","isFullCredit":false},{"lineNumber":25,"author":{"gitId":"minhbgn"},"content":"        else{","lastModifiedDate":"2025-02-06","isFullCredit":false},{"lineNumber":26,"author":{"gitId":"minhbgn"},"content":"            return \"[E][ ] \" + super.name;","lastModifiedDate":"2025-02-06","isFullCredit":false},{"lineNumber":27,"author":{"gitId":"minhbgn"},"content":"        }","lastModifiedDate":"2025-02-06","isFullCredit":false},{"lineNumber":28,"author":{"gitId":"minhbgn"},"content":"    }","lastModifiedDate":"2025-02-06","isFullCredit":false},{"lineNumber":29,"author":{"gitId":"minhbgn"},"content":"","lastModifiedDate":"2025-02-06","isFullCredit":false},{"lineNumber":30,"author":{"gitId":"minhbgn"},"content":"}","lastModifiedDate":"2025-02-06","isFullCredit":false}],"authorContributionMap":{"minhbgn":30}},{"path":"src/main/java/Item/Item.java","fileType":"java","lines":[{"lineNumber":1,"author":{"gitId":"minhbgn"},"content":"package Item;","lastModifiedDate":"2025-02-06","isFullCredit":false},{"lineNumber":2,"author":{"gitId":"minhbgn"},"content":"","lastModifiedDate":"2025-02-06","isFullCredit":false},{"lineNumber":3,"author":{"gitId":"minhbgn"},"content":"public class Item {","lastModifiedDate":"2025-02-06","isFullCredit":false},{"lineNumber":4,"author":{"gitId":"minhbgn"},"content":"    protected String name;","lastModifiedDate":"2025-02-06","isFullCredit":false},{"lineNumber":5,"author":{"gitId":"minhbgn"},"content":"    protected boolean done;","lastModifiedDate":"2025-02-06","isFullCredit":false},{"lineNumber":6,"author":{"gitId":"minhbgn"},"content":"","lastModifiedDate":"2025-02-06","isFullCredit":false},{"lineNumber":7,"author":{"gitId":"minhbgn"},"content":"    public Item(){","lastModifiedDate":"2025-02-06","isFullCredit":false},{"lineNumber":8,"author":{"gitId":"minhbgn"},"content":"        name \u003d \"NO NAME\";","lastModifiedDate":"2025-02-06","isFullCredit":false},{"lineNumber":9,"author":{"gitId":"minhbgn"},"content":"        done \u003d false;","lastModifiedDate":"2025-02-06","isFullCredit":false},{"lineNumber":10,"author":{"gitId":"minhbgn"},"content":"    }","lastModifiedDate":"2025-02-06","isFullCredit":false},{"lineNumber":11,"author":{"gitId":"minhbgn"},"content":"","lastModifiedDate":"2025-02-06","isFullCredit":false},{"lineNumber":12,"author":{"gitId":"minhbgn"},"content":"    public Item(String name, boolean done) {","lastModifiedDate":"2025-02-06","isFullCredit":false},{"lineNumber":13,"author":{"gitId":"minhbgn"},"content":"        this.name \u003d name;","lastModifiedDate":"2025-02-06","isFullCredit":false},{"lineNumber":14,"author":{"gitId":"minhbgn"},"content":"        this.done \u003d done;","lastModifiedDate":"2025-02-06","isFullCredit":false},{"lineNumber":15,"author":{"gitId":"minhbgn"},"content":"    }","lastModifiedDate":"2025-02-06","isFullCredit":false},{"lineNumber":16,"author":{"gitId":"minhbgn"},"content":"","lastModifiedDate":"2025-02-06","isFullCredit":false},{"lineNumber":17,"author":{"gitId":"minhbgn"},"content":"    public String getName() {","lastModifiedDate":"2025-02-06","isFullCredit":false},{"lineNumber":18,"author":{"gitId":"minhbgn"},"content":"        return name;","lastModifiedDate":"2025-02-06","isFullCredit":false},{"lineNumber":19,"author":{"gitId":"minhbgn"},"content":"    }","lastModifiedDate":"2025-02-06","isFullCredit":false},{"lineNumber":20,"author":{"gitId":"minhbgn"},"content":"","lastModifiedDate":"2025-02-06","isFullCredit":false},{"lineNumber":21,"author":{"gitId":"minhbgn"},"content":"    public void setName(String name) {","lastModifiedDate":"2025-02-06","isFullCredit":false},{"lineNumber":22,"author":{"gitId":"minhbgn"},"content":"        this.name \u003d name;","lastModifiedDate":"2025-02-06","isFullCredit":false},{"lineNumber":23,"author":{"gitId":"minhbgn"},"content":"    }","lastModifiedDate":"2025-02-06","isFullCredit":false},{"lineNumber":24,"author":{"gitId":"minhbgn"},"content":"","lastModifiedDate":"2025-02-06","isFullCredit":false},{"lineNumber":25,"author":{"gitId":"minhbgn"},"content":"    public boolean isDone() {","lastModifiedDate":"2025-02-06","isFullCredit":false},{"lineNumber":26,"author":{"gitId":"minhbgn"},"content":"        return done;","lastModifiedDate":"2025-02-06","isFullCredit":false},{"lineNumber":27,"author":{"gitId":"minhbgn"},"content":"    }","lastModifiedDate":"2025-02-06","isFullCredit":false},{"lineNumber":28,"author":{"gitId":"minhbgn"},"content":"","lastModifiedDate":"2025-02-06","isFullCredit":false},{"lineNumber":29,"author":{"gitId":"minhbgn"},"content":"    public void setDone(boolean done) {","lastModifiedDate":"2025-02-06","isFullCredit":false},{"lineNumber":30,"author":{"gitId":"minhbgn"},"content":"        this.done \u003d done;","lastModifiedDate":"2025-02-06","isFullCredit":false},{"lineNumber":31,"author":{"gitId":"minhbgn"},"content":"    }","lastModifiedDate":"2025-02-06","isFullCredit":false},{"lineNumber":32,"author":{"gitId":"minhbgn"},"content":"","lastModifiedDate":"2025-02-06","isFullCredit":false},{"lineNumber":33,"author":{"gitId":"minhbgn"},"content":"    @Override","lastModifiedDate":"2025-02-06","isFullCredit":false},{"lineNumber":34,"author":{"gitId":"minhbgn"},"content":"    public String toString() {","lastModifiedDate":"2025-02-06","isFullCredit":false},{"lineNumber":35,"author":{"gitId":"minhbgn"},"content":"        if (done){","lastModifiedDate":"2025-02-06","isFullCredit":false},{"lineNumber":36,"author":{"gitId":"minhbgn"},"content":"            return \"[X] \" + name;","lastModifiedDate":"2025-02-06","isFullCredit":false},{"lineNumber":37,"author":{"gitId":"minhbgn"},"content":"        }","lastModifiedDate":"2025-02-06","isFullCredit":false},{"lineNumber":38,"author":{"gitId":"minhbgn"},"content":"        else{","lastModifiedDate":"2025-02-06","isFullCredit":false},{"lineNumber":39,"author":{"gitId":"minhbgn"},"content":"            return \"[ ] \" + name;","lastModifiedDate":"2025-02-06","isFullCredit":false},{"lineNumber":40,"author":{"gitId":"minhbgn"},"content":"        }","lastModifiedDate":"2025-02-06","isFullCredit":false},{"lineNumber":41,"author":{"gitId":"minhbgn"},"content":"    }","lastModifiedDate":"2025-02-06","isFullCredit":false},{"lineNumber":42,"author":{"gitId":"minhbgn"},"content":"}","lastModifiedDate":"2025-02-06","isFullCredit":false}],"authorContributionMap":{"minhbgn":42}},{"path":"src/main/java/Item/Todo.java","fileType":"java","lines":[{"lineNumber":1,"author":{"gitId":"minhbgn"},"content":"package Item;","lastModifiedDate":"2025-02-06","isFullCredit":false},{"lineNumber":2,"author":{"gitId":"minhbgn"},"content":"","lastModifiedDate":"2025-02-06","isFullCredit":false},{"lineNumber":3,"author":{"gitId":"minhbgn"},"content":"public class Todo extends Item{","lastModifiedDate":"2025-02-06","isFullCredit":false},{"lineNumber":4,"author":{"gitId":"minhbgn"},"content":"","lastModifiedDate":"2025-02-06","isFullCredit":false},{"lineNumber":5,"author":{"gitId":"minhbgn"},"content":"    public Todo(){","lastModifiedDate":"2025-02-06","isFullCredit":false},{"lineNumber":6,"author":{"gitId":"minhbgn"},"content":"","lastModifiedDate":"2025-02-06","isFullCredit":false},{"lineNumber":7,"author":{"gitId":"minhbgn"},"content":"    }","lastModifiedDate":"2025-02-06","isFullCredit":false},{"lineNumber":8,"author":{"gitId":"minhbgn"},"content":"","lastModifiedDate":"2025-02-06","isFullCredit":false},{"lineNumber":9,"author":{"gitId":"minhbgn"},"content":"    public Todo(String name, boolean done){","lastModifiedDate":"2025-02-06","isFullCredit":false},{"lineNumber":10,"author":{"gitId":"minhbgn"},"content":"        super(name, done);","lastModifiedDate":"2025-02-06","isFullCredit":false},{"lineNumber":11,"author":{"gitId":"minhbgn"},"content":"    }","lastModifiedDate":"2025-02-06","isFullCredit":false},{"lineNumber":12,"author":{"gitId":"minhbgn"},"content":"","lastModifiedDate":"2025-02-06","isFullCredit":false},{"lineNumber":13,"author":{"gitId":"minhbgn"},"content":"    @Override","lastModifiedDate":"2025-02-06","isFullCredit":false},{"lineNumber":14,"author":{"gitId":"minhbgn"},"content":"    public String toString(){","lastModifiedDate":"2025-02-06","isFullCredit":false},{"lineNumber":15,"author":{"gitId":"minhbgn"},"content":"        if (super.done){","lastModifiedDate":"2025-02-06","isFullCredit":false},{"lineNumber":16,"author":{"gitId":"minhbgn"},"content":"            return \"[T][X] \" + super.name;","lastModifiedDate":"2025-02-06","isFullCredit":false},{"lineNumber":17,"author":{"gitId":"minhbgn"},"content":"        }","lastModifiedDate":"2025-02-06","isFullCredit":false},{"lineNumber":18,"author":{"gitId":"minhbgn"},"content":"        else{","lastModifiedDate":"2025-02-06","isFullCredit":false},{"lineNumber":19,"author":{"gitId":"minhbgn"},"content":"            return \"[T][ ] \" + super.name;","lastModifiedDate":"2025-02-06","isFullCredit":false},{"lineNumber":20,"author":{"gitId":"minhbgn"},"content":"        }","lastModifiedDate":"2025-02-06","isFullCredit":false},{"lineNumber":21,"author":{"gitId":"minhbgn"},"content":"    }","lastModifiedDate":"2025-02-06","isFullCredit":false},{"lineNumber":22,"author":{"gitId":"minhbgn"},"content":"","lastModifiedDate":"2025-02-06","isFullCredit":false},{"lineNumber":23,"author":{"gitId":"minhbgn"},"content":"}","lastModifiedDate":"2025-02-06","isFullCredit":false}],"authorContributionMap":{"minhbgn":23}},{"path":"src/main/java/Main/Roboast.java","fileType":"java","lines":[{"lineNumber":1,"author":{"gitId":"minhbgn"},"content":"package Main;","lastModifiedDate":"2025-01-22","isFullCredit":false},{"lineNumber":2,"author":{"gitId":"minhbgn"},"content":"import java.util.ArrayList;","lastModifiedDate":"2025-02-06","isFullCredit":false},{"lineNumber":3,"author":{"gitId":"minhbgn"},"content":"import java.util.Arrays;","lastModifiedDate":"2025-02-06","isFullCredit":false},{"lineNumber":4,"author":{"gitId":"minhbgn"},"content":"import java.util.Scanner;","lastModifiedDate":"2025-02-06","isFullCredit":false},{"lineNumber":5,"author":{"gitId":"minhbgn"},"content":"import Item.Item;","lastModifiedDate":"2025-02-06","isFullCredit":false},{"lineNumber":6,"author":{"gitId":"minhbgn"},"content":"import Item.Todo;","lastModifiedDate":"2025-02-06","isFullCredit":false},{"lineNumber":7,"author":{"gitId":"minhbgn"},"content":"import Item.Event;","lastModifiedDate":"2025-02-06","isFullCredit":false},{"lineNumber":8,"author":{"gitId":"minhbgn"},"content":"import Item.Deadline;","lastModifiedDate":"2025-02-06","isFullCredit":false},{"lineNumber":9,"author":{"gitId":"minhbgn"},"content":"","lastModifiedDate":"2025-01-22","isFullCredit":false},{"lineNumber":10,"author":{"gitId":"minhbgn"},"content":"public class Roboast {","lastModifiedDate":"2025-01-22","isFullCredit":false},{"lineNumber":11,"author":{"gitId":"minhbgn"},"content":"    private static final String BOT_NAME \u003d \"Roboast\";","lastModifiedDate":"2025-01-22","isFullCredit":false},{"lineNumber":12,"author":{"gitId":"minhbgn"},"content":"    private static final String LINE \u003d \"_\".repeat(50);","lastModifiedDate":"2025-01-22","isFullCredit":false},{"lineNumber":13,"author":{"gitId":"minhbgn"},"content":"    private static final String[] COMMAND_LIST \u003d {\"list\",\"setDone\",\"unmark\",\"todo\",\"deadline\",\"event\",\"deleteAll\"};","lastModifiedDate":"2025-02-06","isFullCredit":false},{"lineNumber":14,"author":{"gitId":"minhbgn"},"content":"","lastModifiedDate":"2025-01-22","isFullCredit":false},{"lineNumber":15,"author":{"gitId":"minhbgn"},"content":"    private final ArrayList\u003cItem\u003e itemList \u003d new ArrayList\u003cItem\u003e();","lastModifiedDate":"2025-02-06","isFullCredit":false},{"lineNumber":16,"author":{"gitId":"minhbgn"},"content":"","lastModifiedDate":"2025-02-06","isFullCredit":false},{"lineNumber":17,"author":{"gitId":"minhbgn"},"content":"    public void start() {","lastModifiedDate":"2025-02-06","isFullCredit":false},{"lineNumber":18,"author":{"gitId":"minhbgn"},"content":"        printHello();","lastModifiedDate":"2025-01-22","isFullCredit":false},{"lineNumber":19,"author":{"gitId":"minhbgn"},"content":"        itemManage();","lastModifiedDate":"2025-02-06","isFullCredit":false},{"lineNumber":20,"author":{"gitId":"minhbgn"},"content":"        printGoodbye();","lastModifiedDate":"2025-01-22","isFullCredit":false},{"lineNumber":21,"author":{"gitId":"minhbgn"},"content":"    }","lastModifiedDate":"2025-01-22","isFullCredit":false},{"lineNumber":22,"author":{"gitId":"minhbgn"},"content":"","lastModifiedDate":"2025-01-22","isFullCredit":false},{"lineNumber":23,"author":{"gitId":"minhbgn"},"content":"    public void printHello(){","lastModifiedDate":"2025-02-06","isFullCredit":false},{"lineNumber":24,"author":{"gitId":"minhbgn"},"content":"        System.out.println(LINE);","lastModifiedDate":"2025-01-22","isFullCredit":false},{"lineNumber":25,"author":{"gitId":"minhbgn"},"content":"        System.out.println(\"Hello! I\u0027m \" + BOT_NAME + \"!\");","lastModifiedDate":"2025-01-22","isFullCredit":false},{"lineNumber":26,"author":{"gitId":"minhbgn"},"content":"        System.out.println(\"What can I do for you?\");","lastModifiedDate":"2025-01-22","isFullCredit":false},{"lineNumber":27,"author":{"gitId":"minhbgn"},"content":"        System.out.println(LINE);","lastModifiedDate":"2025-01-22","isFullCredit":false},{"lineNumber":28,"author":{"gitId":"minhbgn"},"content":"    }","lastModifiedDate":"2025-01-22","isFullCredit":false},{"lineNumber":29,"author":{"gitId":"minhbgn"},"content":"","lastModifiedDate":"2025-01-22","isFullCredit":false},{"lineNumber":30,"author":{"gitId":"minhbgn"},"content":"    public void printGoodbye(){","lastModifiedDate":"2025-02-06","isFullCredit":false},{"lineNumber":31,"author":{"gitId":"minhbgn"},"content":"        System.out.println(\"Bye. Hope to see you again soon!\");","lastModifiedDate":"2025-01-22","isFullCredit":false},{"lineNumber":32,"author":{"gitId":"minhbgn"},"content":"        System.out.println(LINE);","lastModifiedDate":"2025-01-22","isFullCredit":false},{"lineNumber":33,"author":{"gitId":"minhbgn"},"content":"    }","lastModifiedDate":"2025-01-22","isFullCredit":false},{"lineNumber":34,"author":{"gitId":"minhbgn"},"content":"","lastModifiedDate":"2025-01-22","isFullCredit":false},{"lineNumber":35,"author":{"gitId":"minhbgn"},"content":"    public void itemManage(){","lastModifiedDate":"2025-02-06","isFullCredit":false},{"lineNumber":36,"author":{"gitId":"minhbgn"},"content":"        Scanner sc \u003d new Scanner(System.in);","lastModifiedDate":"2025-02-06","isFullCredit":false},{"lineNumber":37,"author":{"gitId":"minhbgn"},"content":"        String input \u003d sc.nextLine();","lastModifiedDate":"2025-02-06","isFullCredit":false},{"lineNumber":38,"author":{"gitId":"minhbgn"},"content":"","lastModifiedDate":"2025-02-06","isFullCredit":false},{"lineNumber":39,"author":{"gitId":"minhbgn"},"content":"        while (!input.equals(\"bye\")) {","lastModifiedDate":"2025-02-06","isFullCredit":false},{"lineNumber":40,"author":{"gitId":"minhbgn"},"content":"","lastModifiedDate":"2025-02-06","isFullCredit":false},{"lineNumber":41,"author":{"gitId":"minhbgn"},"content":"            int space \u003d input.indexOf(\u0027 \u0027);","lastModifiedDate":"2025-02-06","isFullCredit":false},{"lineNumber":42,"author":{"gitId":"minhbgn"},"content":"            boolean foundSpace \u003d (space \u003e 0);","lastModifiedDate":"2025-02-06","isFullCredit":false},{"lineNumber":43,"author":{"gitId":"minhbgn"},"content":"            boolean isSpaceAtEnd \u003d (space \u003d\u003d input.length() - 1);","lastModifiedDate":"2025-02-06","isFullCredit":false},{"lineNumber":44,"author":{"gitId":"minhbgn"},"content":"","lastModifiedDate":"2025-02-06","isFullCredit":false},{"lineNumber":45,"author":{"gitId":"minhbgn"},"content":"            if (foundSpace \u0026\u0026 !isSpaceAtEnd) {","lastModifiedDate":"2025-02-06","isFullCredit":false},{"lineNumber":46,"author":{"gitId":"minhbgn"},"content":"                String command \u003d input.substring(0, space);","lastModifiedDate":"2025-02-06","isFullCredit":false},{"lineNumber":47,"author":{"gitId":"minhbgn"},"content":"                String content \u003d input.substring(space+1);","lastModifiedDate":"2025-02-06","isFullCredit":false},{"lineNumber":48,"author":{"gitId":"minhbgn"},"content":"                if (command.equals(\"setDone\")){","lastModifiedDate":"2025-02-06","isFullCredit":false},{"lineNumber":49,"author":{"gitId":"minhbgn"},"content":"                    mark(content, true);","lastModifiedDate":"2025-02-06","isFullCredit":false},{"lineNumber":50,"author":{"gitId":"minhbgn"},"content":"                }","lastModifiedDate":"2025-02-06","isFullCredit":false},{"lineNumber":51,"author":{"gitId":"minhbgn"},"content":"                else if (command.equals(\"unmark\")){","lastModifiedDate":"2025-02-06","isFullCredit":false},{"lineNumber":52,"author":{"gitId":"minhbgn"},"content":"                    mark(content, false);","lastModifiedDate":"2025-02-06","isFullCredit":false},{"lineNumber":53,"author":{"gitId":"minhbgn"},"content":"                }","lastModifiedDate":"2025-02-06","isFullCredit":false},{"lineNumber":54,"author":{"gitId":"minhbgn"},"content":"                else if (command.equals(\"todo\")){","lastModifiedDate":"2025-02-06","isFullCredit":false},{"lineNumber":55,"author":{"gitId":"minhbgn"},"content":"                    addTodo(content);","lastModifiedDate":"2025-02-06","isFullCredit":false},{"lineNumber":56,"author":{"gitId":"minhbgn"},"content":"                }","lastModifiedDate":"2025-02-06","isFullCredit":false},{"lineNumber":57,"author":{"gitId":"minhbgn"},"content":"                else if (command.equals(\"deadline\")){","lastModifiedDate":"2025-02-06","isFullCredit":false},{"lineNumber":58,"author":{"gitId":"minhbgn"},"content":"                    addDeadlines(content);","lastModifiedDate":"2025-02-06","isFullCredit":false},{"lineNumber":59,"author":{"gitId":"minhbgn"},"content":"                }","lastModifiedDate":"2025-02-06","isFullCredit":false},{"lineNumber":60,"author":{"gitId":"minhbgn"},"content":"                else if (command.equals(\"event\")){","lastModifiedDate":"2025-02-06","isFullCredit":false},{"lineNumber":61,"author":{"gitId":"minhbgn"},"content":"                    addEvents(content);","lastModifiedDate":"2025-02-06","isFullCredit":false},{"lineNumber":62,"author":{"gitId":"minhbgn"},"content":"                }","lastModifiedDate":"2025-02-06","isFullCredit":false},{"lineNumber":63,"author":{"gitId":"minhbgn"},"content":"                else{","lastModifiedDate":"2025-02-06","isFullCredit":false},{"lineNumber":64,"author":{"gitId":"minhbgn"},"content":"                    showCommandError();","lastModifiedDate":"2025-02-06","isFullCredit":false},{"lineNumber":65,"author":{"gitId":"minhbgn"},"content":"                }","lastModifiedDate":"2025-02-06","isFullCredit":false},{"lineNumber":66,"author":{"gitId":"minhbgn"},"content":"            }","lastModifiedDate":"2025-02-06","isFullCredit":false},{"lineNumber":67,"author":{"gitId":"minhbgn"},"content":"","lastModifiedDate":"2025-02-06","isFullCredit":false},{"lineNumber":68,"author":{"gitId":"minhbgn"},"content":"            else{","lastModifiedDate":"2025-02-06","isFullCredit":false},{"lineNumber":69,"author":{"gitId":"minhbgn"},"content":"                if (input.equals(\"list\")) {","lastModifiedDate":"2025-02-06","isFullCredit":false},{"lineNumber":70,"author":{"gitId":"minhbgn"},"content":"                    showItemList();","lastModifiedDate":"2025-02-06","isFullCredit":false},{"lineNumber":71,"author":{"gitId":"minhbgn"},"content":"                }","lastModifiedDate":"2025-02-06","isFullCredit":false},{"lineNumber":72,"author":{"gitId":"minhbgn"},"content":"                else if (input.equals(\"deleteAll\")){","lastModifiedDate":"2025-02-06","isFullCredit":false},{"lineNumber":73,"author":{"gitId":"minhbgn"},"content":"                    deleteAll();","lastModifiedDate":"2025-02-06","isFullCredit":false},{"lineNumber":74,"author":{"gitId":"minhbgn"},"content":"                }","lastModifiedDate":"2025-02-06","isFullCredit":false},{"lineNumber":75,"author":{"gitId":"minhbgn"},"content":"                else{","lastModifiedDate":"2025-02-06","isFullCredit":false},{"lineNumber":76,"author":{"gitId":"minhbgn"},"content":"                    showCommandError();","lastModifiedDate":"2025-02-06","isFullCredit":false},{"lineNumber":77,"author":{"gitId":"minhbgn"},"content":"                }","lastModifiedDate":"2025-02-06","isFullCredit":false},{"lineNumber":78,"author":{"gitId":"minhbgn"},"content":"            }","lastModifiedDate":"2025-02-06","isFullCredit":false},{"lineNumber":79,"author":{"gitId":"minhbgn"},"content":"","lastModifiedDate":"2025-02-06","isFullCredit":false},{"lineNumber":80,"author":{"gitId":"minhbgn"},"content":"            input \u003d sc.nextLine();","lastModifiedDate":"2025-02-06","isFullCredit":false},{"lineNumber":81,"author":{"gitId":"minhbgn"},"content":"        }","lastModifiedDate":"2025-02-06","isFullCredit":false},{"lineNumber":82,"author":{"gitId":"minhbgn"},"content":"","lastModifiedDate":"2025-02-06","isFullCredit":false},{"lineNumber":83,"author":{"gitId":"minhbgn"},"content":"        System.out.println(LINE);","lastModifiedDate":"2025-02-06","isFullCredit":false},{"lineNumber":84,"author":{"gitId":"minhbgn"},"content":"    }","lastModifiedDate":"2025-02-06","isFullCredit":false},{"lineNumber":85,"author":{"gitId":"minhbgn"},"content":"","lastModifiedDate":"2025-02-06","isFullCredit":false},{"lineNumber":86,"author":{"gitId":"minhbgn"},"content":"    public void mark(String content, boolean isDone){","lastModifiedDate":"2025-02-06","isFullCredit":false},{"lineNumber":87,"author":{"gitId":"minhbgn"},"content":"        try{","lastModifiedDate":"2025-02-06","isFullCredit":false},{"lineNumber":88,"author":{"gitId":"minhbgn"},"content":"            int posInt \u003d Integer.parseInt(content);","lastModifiedDate":"2025-02-06","isFullCredit":false},{"lineNumber":89,"author":{"gitId":"minhbgn"},"content":"            Item item \u003d itemList.get(posInt-1);","lastModifiedDate":"2025-02-06","isFullCredit":false},{"lineNumber":90,"author":{"gitId":"minhbgn"},"content":"","lastModifiedDate":"2025-02-06","isFullCredit":false},{"lineNumber":91,"author":{"gitId":"minhbgn"},"content":"            if (isDone){","lastModifiedDate":"2025-02-06","isFullCredit":false},{"lineNumber":92,"author":{"gitId":"minhbgn"},"content":"                item.setDone(true);","lastModifiedDate":"2025-02-06","isFullCredit":false},{"lineNumber":93,"author":{"gitId":"minhbgn"},"content":"                System.out.println(LINE);","lastModifiedDate":"2025-02-06","isFullCredit":false},{"lineNumber":94,"author":{"gitId":"minhbgn"},"content":"                System.out.println(\"setDone: \" + item.getName() + \"\\n\" + LINE);","lastModifiedDate":"2025-02-06","isFullCredit":false},{"lineNumber":95,"author":{"gitId":"minhbgn"},"content":"            }","lastModifiedDate":"2025-02-06","isFullCredit":false},{"lineNumber":96,"author":{"gitId":"minhbgn"},"content":"            else{","lastModifiedDate":"2025-02-06","isFullCredit":false},{"lineNumber":97,"author":{"gitId":"minhbgn"},"content":"                item.setDone(false);","lastModifiedDate":"2025-02-06","isFullCredit":false},{"lineNumber":98,"author":{"gitId":"minhbgn"},"content":"                System.out.println(LINE);","lastModifiedDate":"2025-02-06","isFullCredit":false},{"lineNumber":99,"author":{"gitId":"minhbgn"},"content":"                System.out.println(\"unmarked: \" + item.getName() + \"\\n\" + LINE);","lastModifiedDate":"2025-02-06","isFullCredit":false},{"lineNumber":100,"author":{"gitId":"minhbgn"},"content":"            }","lastModifiedDate":"2025-02-06","isFullCredit":false},{"lineNumber":101,"author":{"gitId":"minhbgn"},"content":"        }","lastModifiedDate":"2025-02-06","isFullCredit":false},{"lineNumber":102,"author":{"gitId":"minhbgn"},"content":"","lastModifiedDate":"2025-02-06","isFullCredit":false},{"lineNumber":103,"author":{"gitId":"minhbgn"},"content":"        catch (Exception e){","lastModifiedDate":"2025-02-06","isFullCredit":false},{"lineNumber":104,"author":{"gitId":"minhbgn"},"content":"            if (itemList.isEmpty()){","lastModifiedDate":"2025-02-06","isFullCredit":false},{"lineNumber":105,"author":{"gitId":"minhbgn"},"content":"                System.out.println(LINE);","lastModifiedDate":"2025-02-06","isFullCredit":false},{"lineNumber":106,"author":{"gitId":"minhbgn"},"content":"                System.out.println(\"Please add an item before marking!\");","lastModifiedDate":"2025-02-06","isFullCredit":false},{"lineNumber":107,"author":{"gitId":"minhbgn"},"content":"                System.out.println(\"What else do you want to do?\");","lastModifiedDate":"2025-02-06","isFullCredit":false},{"lineNumber":108,"author":{"gitId":"minhbgn"},"content":"                System.out.println(LINE);","lastModifiedDate":"2025-02-06","isFullCredit":false},{"lineNumber":109,"author":{"gitId":"minhbgn"},"content":"                return;","lastModifiedDate":"2025-02-06","isFullCredit":false},{"lineNumber":110,"author":{"gitId":"minhbgn"},"content":"            }","lastModifiedDate":"2025-02-06","isFullCredit":false},{"lineNumber":111,"author":{"gitId":"minhbgn"},"content":"","lastModifiedDate":"2025-02-06","isFullCredit":false},{"lineNumber":112,"author":{"gitId":"minhbgn"},"content":"            System.out.println(LINE);","lastModifiedDate":"2025-02-06","isFullCredit":false},{"lineNumber":113,"author":{"gitId":"minhbgn"},"content":"            System.out.println(\"Incorrect format for command \\\"setDone\\\" or \\\"unmark\\\"\");","lastModifiedDate":"2025-02-06","isFullCredit":false},{"lineNumber":114,"author":{"gitId":"minhbgn"},"content":"            System.out.println(\"Correct format for command \\\"setDone\\\" is \\\"setDone {Positive Integer}\\\", max \u003d \" + (itemList.size()));","lastModifiedDate":"2025-02-06","isFullCredit":false},{"lineNumber":115,"author":{"gitId":"minhbgn"},"content":"            System.out.println(\"Correct format for command \\\"unmark\\\" is \\\"unmark {Positive Integer}\\\", max \u003d \" + (itemList.size()));","lastModifiedDate":"2025-02-06","isFullCredit":false},{"lineNumber":116,"author":{"gitId":"minhbgn"},"content":"            System.out.println(\"What else do you want to do?\");","lastModifiedDate":"2025-02-06","isFullCredit":false},{"lineNumber":117,"author":{"gitId":"minhbgn"},"content":"        }","lastModifiedDate":"2025-02-06","isFullCredit":false},{"lineNumber":118,"author":{"gitId":"minhbgn"},"content":"    }","lastModifiedDate":"2025-02-06","isFullCredit":false},{"lineNumber":119,"author":{"gitId":"minhbgn"},"content":"","lastModifiedDate":"2025-02-06","isFullCredit":false},{"lineNumber":120,"author":{"gitId":"minhbgn"},"content":"    public void addTodo(String content){","lastModifiedDate":"2025-02-06","isFullCredit":false},{"lineNumber":121,"author":{"gitId":"minhbgn"},"content":"        System.out.println(LINE);","lastModifiedDate":"2025-02-06","isFullCredit":false},{"lineNumber":122,"author":{"gitId":"minhbgn"},"content":"        Item item \u003d new Todo(content, false);","lastModifiedDate":"2025-02-06","isFullCredit":false},{"lineNumber":123,"author":{"gitId":"minhbgn"},"content":"        itemList.add(item);","lastModifiedDate":"2025-02-06","isFullCredit":false},{"lineNumber":124,"author":{"gitId":"minhbgn"},"content":"        System.out.println(\"added: \" + item.getName() + \"\\n\" +","lastModifiedDate":"2025-02-06","isFullCredit":false},{"lineNumber":125,"author":{"gitId":"minhbgn"},"content":"                \"You now have \" + itemList.size() + \" tasks\\n\" + LINE);","lastModifiedDate":"2025-02-06","isFullCredit":false},{"lineNumber":126,"author":{"gitId":"minhbgn"},"content":"    }","lastModifiedDate":"2025-02-06","isFullCredit":false},{"lineNumber":127,"author":{"gitId":"minhbgn"},"content":"","lastModifiedDate":"2025-02-06","isFullCredit":false},{"lineNumber":128,"author":{"gitId":"minhbgn"},"content":"    public void addDeadlines(String content){","lastModifiedDate":"2025-02-06","isFullCredit":false},{"lineNumber":129,"author":{"gitId":"minhbgn"},"content":"        System.out.println(LINE);","lastModifiedDate":"2025-02-06","isFullCredit":false},{"lineNumber":130,"author":{"gitId":"minhbgn"},"content":"        Item item \u003d new Deadline(content, false);","lastModifiedDate":"2025-02-06","isFullCredit":false},{"lineNumber":131,"author":{"gitId":"minhbgn"},"content":"        itemList.add(item);","lastModifiedDate":"2025-02-06","isFullCredit":false},{"lineNumber":132,"author":{"gitId":"minhbgn"},"content":"        System.out.println(\"added: \" + item.getName() + \"\\n\" +","lastModifiedDate":"2025-02-06","isFullCredit":false},{"lineNumber":133,"author":{"gitId":"minhbgn"},"content":"                \"You now have \" + itemList.size() + \" tasks\\n\" + LINE);","lastModifiedDate":"2025-02-06","isFullCredit":false},{"lineNumber":134,"author":{"gitId":"minhbgn"},"content":"    }","lastModifiedDate":"2025-02-06","isFullCredit":false},{"lineNumber":135,"author":{"gitId":"minhbgn"},"content":"","lastModifiedDate":"2025-02-06","isFullCredit":false},{"lineNumber":136,"author":{"gitId":"minhbgn"},"content":"    public void addEvents(String content){","lastModifiedDate":"2025-02-06","isFullCredit":false},{"lineNumber":137,"author":{"gitId":"minhbgn"},"content":"        System.out.println(LINE);","lastModifiedDate":"2025-02-06","isFullCredit":false},{"lineNumber":138,"author":{"gitId":"minhbgn"},"content":"        Item item \u003d new Event(content, false);","lastModifiedDate":"2025-02-06","isFullCredit":false},{"lineNumber":139,"author":{"gitId":"minhbgn"},"content":"        itemList.add(item);","lastModifiedDate":"2025-02-06","isFullCredit":false},{"lineNumber":140,"author":{"gitId":"minhbgn"},"content":"        System.out.println(\"added: \" + item.getName() + \"\\n\" +","lastModifiedDate":"2025-02-06","isFullCredit":false},{"lineNumber":141,"author":{"gitId":"minhbgn"},"content":"                \"You now have \" + itemList.size() + \" tasks\\n\" + LINE);","lastModifiedDate":"2025-02-06","isFullCredit":false},{"lineNumber":142,"author":{"gitId":"minhbgn"},"content":"    }","lastModifiedDate":"2025-02-06","isFullCredit":false},{"lineNumber":143,"author":{"gitId":"minhbgn"},"content":"","lastModifiedDate":"2025-02-06","isFullCredit":false},{"lineNumber":144,"author":{"gitId":"minhbgn"},"content":"    public void showCommandError(){","lastModifiedDate":"2025-02-06","isFullCredit":false},{"lineNumber":145,"author":{"gitId":"minhbgn"},"content":"        System.out.println(LINE);","lastModifiedDate":"2025-02-06","isFullCredit":false},{"lineNumber":146,"author":{"gitId":"minhbgn"},"content":"        System.out.println(\"I don\u0027t understand this command\");","lastModifiedDate":"2025-02-06","isFullCredit":false},{"lineNumber":147,"author":{"gitId":"minhbgn"},"content":"        System.out.println(\"Please choose from the following commands: \");","lastModifiedDate":"2025-02-06","isFullCredit":false},{"lineNumber":148,"author":{"gitId":"minhbgn"},"content":"        System.out.println(Arrays.toString(COMMAND_LIST));","lastModifiedDate":"2025-02-06","isFullCredit":false},{"lineNumber":149,"author":{"gitId":"minhbgn"},"content":"        System.out.println(LINE);","lastModifiedDate":"2025-02-06","isFullCredit":false},{"lineNumber":150,"author":{"gitId":"minhbgn"},"content":"    }","lastModifiedDate":"2025-02-06","isFullCredit":false},{"lineNumber":151,"author":{"gitId":"minhbgn"},"content":"","lastModifiedDate":"2025-02-06","isFullCredit":false},{"lineNumber":152,"author":{"gitId":"minhbgn"},"content":"    public void showItemList(){","lastModifiedDate":"2025-02-06","isFullCredit":false},{"lineNumber":153,"author":{"gitId":"minhbgn"},"content":"        System.out.println(LINE);","lastModifiedDate":"2025-02-06","isFullCredit":false},{"lineNumber":154,"author":{"gitId":"minhbgn"},"content":"        for (int i \u003d 0; i \u003c itemList.size(); i++) {","lastModifiedDate":"2025-02-06","isFullCredit":false},{"lineNumber":155,"author":{"gitId":"minhbgn"},"content":"            System.out.println(i + 1 + \". \" + itemList.get(i));","lastModifiedDate":"2025-02-06","isFullCredit":false},{"lineNumber":156,"author":{"gitId":"minhbgn"},"content":"        }","lastModifiedDate":"2025-02-06","isFullCredit":false},{"lineNumber":157,"author":{"gitId":"minhbgn"},"content":"        System.out.println(LINE);","lastModifiedDate":"2025-02-06","isFullCredit":false},{"lineNumber":158,"author":{"gitId":"minhbgn"},"content":"    }","lastModifiedDate":"2025-02-06","isFullCredit":false},{"lineNumber":159,"author":{"gitId":"minhbgn"},"content":"","lastModifiedDate":"2025-02-06","isFullCredit":false},{"lineNumber":160,"author":{"gitId":"minhbgn"},"content":"    public void deleteAll(){","lastModifiedDate":"2025-02-06","isFullCredit":false},{"lineNumber":161,"author":{"gitId":"minhbgn"},"content":"        int i \u003d 0;","lastModifiedDate":"2025-02-06","isFullCredit":false},{"lineNumber":162,"author":{"gitId":"minhbgn"},"content":"        while (i \u003c itemList.size()) {","lastModifiedDate":"2025-02-06","isFullCredit":false},{"lineNumber":163,"author":{"gitId":"minhbgn"},"content":"            if (itemList.get(i).isDone()){","lastModifiedDate":"2025-02-06","isFullCredit":false},{"lineNumber":164,"author":{"gitId":"minhbgn"},"content":"                itemList.remove(i);","lastModifiedDate":"2025-02-06","isFullCredit":false},{"lineNumber":165,"author":{"gitId":"minhbgn"},"content":"            }","lastModifiedDate":"2025-02-06","isFullCredit":false},{"lineNumber":166,"author":{"gitId":"minhbgn"},"content":"            else{","lastModifiedDate":"2025-02-06","isFullCredit":false},{"lineNumber":167,"author":{"gitId":"minhbgn"},"content":"                i \u003d i + 1;","lastModifiedDate":"2025-02-06","isFullCredit":false},{"lineNumber":168,"author":{"gitId":"minhbgn"},"content":"            }","lastModifiedDate":"2025-02-06","isFullCredit":false},{"lineNumber":169,"author":{"gitId":"minhbgn"},"content":"        }","lastModifiedDate":"2025-02-06","isFullCredit":false},{"lineNumber":170,"author":{"gitId":"minhbgn"},"content":"","lastModifiedDate":"2025-02-06","isFullCredit":false},{"lineNumber":171,"author":{"gitId":"minhbgn"},"content":"        System.out.println(LINE);","lastModifiedDate":"2025-02-06","isFullCredit":false},{"lineNumber":172,"author":{"gitId":"minhbgn"},"content":"        System.out.println(\"All setDone items have been deleted\");","lastModifiedDate":"2025-02-06","isFullCredit":false},{"lineNumber":173,"author":{"gitId":"minhbgn"},"content":"        System.out.println(LINE);","lastModifiedDate":"2025-02-06","isFullCredit":false},{"lineNumber":174,"author":{"gitId":"minhbgn"},"content":"    }","lastModifiedDate":"2025-02-06","isFullCredit":false},{"lineNumber":175,"author":{"gitId":"minhbgn"},"content":"}","lastModifiedDate":"2025-01-22","isFullCredit":false}],"authorContributionMap":{"minhbgn":175}},{"path":"src/main/java/Main/Start.java","fileType":"java","lines":[{"lineNumber":1,"author":{"gitId":"minhbgn"},"content":"package Main;","lastModifiedDate":"2025-02-06","isFullCredit":false},{"lineNumber":2,"author":{"gitId":"minhbgn"},"content":"","lastModifiedDate":"2025-02-06","isFullCredit":false},{"lineNumber":3,"author":{"gitId":"minhbgn"},"content":"public class Start {","lastModifiedDate":"2025-02-06","isFullCredit":false},{"lineNumber":4,"author":{"gitId":"minhbgn"},"content":"    public static void main(String[] args) {","lastModifiedDate":"2025-02-06","isFullCredit":false},{"lineNumber":5,"author":{"gitId":"minhbgn"},"content":"        Roboast roboast \u003d new Roboast();","lastModifiedDate":"2025-02-06","isFullCredit":false},{"lineNumber":6,"author":{"gitId":"minhbgn"},"content":"        roboast.start();","lastModifiedDate":"2025-02-06","isFullCredit":false},{"lineNumber":7,"author":{"gitId":"minhbgn"},"content":"    }","lastModifiedDate":"2025-02-06","isFullCredit":false},{"lineNumber":8,"author":{"gitId":"minhbgn"},"content":"}","lastModifiedDate":"2025-02-06","isFullCredit":false}],"authorContributionMap":{"minhbgn":8}},{"path":"text-ui-test/runtest.bat","fileType":"bat","lines":[{"lineNumber":1,"author":{"gitId":"-"},"content":"@ECHO OFF","lastModifiedDate":"2020-05-25","isFullCredit":false},{"lineNumber":2,"author":{"gitId":"-"},"content":"","lastModifiedDate":"2020-05-25","isFullCredit":false},{"lineNumber":3,"author":{"gitId":"-"},"content":"REM create bin directory if it doesn\u0027t exist","lastModifiedDate":"2020-05-25","isFullCredit":false},{"lineNumber":4,"author":{"gitId":"-"},"content":"if not exist ..\\bin mkdir ..\\bin","lastModifiedDate":"2020-05-25","isFullCredit":false},{"lineNumber":5,"author":{"gitId":"-"},"content":"","lastModifiedDate":"2020-05-25","isFullCredit":false},{"lineNumber":6,"author":{"gitId":"-"},"content":"REM delete output from previous run","lastModifiedDate":"2020-05-25","isFullCredit":false},{"lineNumber":7,"author":{"gitId":"-"},"content":"if exist ACTUAL.TXT del ACTUAL.TXT","lastModifiedDate":"2020-08-25","isFullCredit":false},{"lineNumber":8,"author":{"gitId":"-"},"content":"","lastModifiedDate":"2020-05-25","isFullCredit":false},{"lineNumber":9,"author":{"gitId":"-"},"content":"REM compile the code into the bin folder","lastModifiedDate":"2020-05-25","isFullCredit":false},{"lineNumber":10,"author":{"gitId":"-"},"content":"javac  -cp ..\\src\\main\\java -Xlint:none -d ..\\bin ..\\src\\main\\java\\*.java","lastModifiedDate":"2020-08-25","isFullCredit":false},{"lineNumber":11,"author":{"gitId":"-"},"content":"IF ERRORLEVEL 1 (","lastModifiedDate":"2020-05-25","isFullCredit":false},{"lineNumber":12,"author":{"gitId":"-"},"content":"    echo ********** BUILD FAILURE **********","lastModifiedDate":"2020-05-25","isFullCredit":false},{"lineNumber":13,"author":{"gitId":"-"},"content":"    exit /b 1","lastModifiedDate":"2020-05-25","isFullCredit":false},{"lineNumber":14,"author":{"gitId":"-"},"content":")","lastModifiedDate":"2020-05-25","isFullCredit":false},{"lineNumber":15,"author":{"gitId":"-"},"content":"REM no error here, errorlevel \u003d\u003d 0","lastModifiedDate":"2020-05-25","isFullCredit":false},{"lineNumber":16,"author":{"gitId":"-"},"content":"","lastModifiedDate":"2020-05-25","isFullCredit":false},{"lineNumber":17,"author":{"gitId":"-"},"content":"REM run the program, feed commands from input.txt file and redirect the output to the ACTUAL.TXT","lastModifiedDate":"2020-05-25","isFullCredit":false},{"lineNumber":18,"author":{"gitId":"minhbgn"},"content":"java -classpath ..\\bin Main.Roboast \u003c input.txt \u003e ACTUAL.TXT","lastModifiedDate":"2025-01-22","isFullCredit":false},{"lineNumber":19,"author":{"gitId":"-"},"content":"","lastModifiedDate":"2020-05-25","isFullCredit":false},{"lineNumber":20,"author":{"gitId":"-"},"content":"REM compare the output to the expected output","lastModifiedDate":"2020-05-25","isFullCredit":false},{"lineNumber":21,"author":{"gitId":"-"},"content":"FC ACTUAL.TXT EXPECTED.TXT","lastModifiedDate":"2020-05-25","isFullCredit":false}],"authorContributionMap":{"minhbgn":1,"-":20}}]
