{"authorDailyContributionsMap":{"Cheng-Zhiyuan":[{"date":"2025-01-30","commitResults":[{"hash":"4af94dc19cc1479fe2c8ed0446b2b30fe60fee12","isMergeCommit":false,"messageTitle":"Rename Duke to Thoth","messageBody":"","fileTypesAndContributionMap":{"bat":{"insertions":1,"deletions":1},"md":{"insertions":3,"deletions":3}}},{"hash":"ac9118b5c611edf48c97972b1d8d42102bf301d8","isMergeCommit":false,"messageTitle":"Add greet and exit","messageBody":"","tags":["Level-0"],"fileTypesAndContributionMap":{"java":{"insertions":7,"deletions":10}}},{"hash":"f5166821abf31ae0178c5804f3cbb378c5204e63","isMergeCommit":false,"messageTitle":"Improve Thoth to echo command and exit when user input bye","messageBody":"","tags":["Level-1"],"fileTypesAndContributionMap":{"java":{"insertions":14,"deletions":1}}},{"hash":"1b3cf44b3128d49a2d940a15a0439d392b0b6125","isMergeCommit":false,"messageTitle":"Add the ability to store text entered by the user and display them back when requested.","messageBody":"","tags":["Level-2"],"fileTypesAndContributionMap":{"java":{"insertions":18,"deletions":5}}},{"hash":"5b73d7d3d8f107572b01d080344b8851ce9bafc9","isMergeCommit":false,"messageTitle":"Add the ability to mark tasks status as done and revert the status","messageBody":"","tags":["Level-3"],"fileTypesAndContributionMap":{"java":{"insertions":25,"deletions":3}}}]},{"date":"2025-02-01","commitResults":[{"hash":"b0187dc74b3ecdcc9a17ad265863a4a7406cc308","isMergeCommit":false,"messageTitle":"Add a Task class to reperesent tasks","messageBody":"","tags":["A-Classes"],"fileTypesAndContributionMap":{"java":{"insertions":28,"deletions":0}}},{"hash":"41bc78c0571899f7b05fafda4cd23c26bc40b29f","isMergeCommit":false,"messageTitle":"Integrate Task class with Thoto class","messageBody":"","tags":["A-CodingStandard"],"fileTypesAndContributionMap":{"java":{"insertions":23,"deletions":18}}},{"hash":"9eaa586acc0cd8942a1ef480503d6ab121c4d7f9","isMergeCommit":false,"messageTitle":"Integrate Task class with Thoth class","messageBody":"","fileTypesAndContributionMap":{"java":{"insertions":23,"deletions":18}}}]},{"date":"2025-02-06","commitResults":[{"hash":"c0e76798f30057ae4564a588e5bde33a1b6e8cd6","isMergeCommit":false,"messageTitle":"Add taskManager class to refactor main code","messageBody":"","fileTypesAndContributionMap":{"java":{"insertions":29,"deletions":0}}},{"hash":"b87b63b29285d3e3ca69a7622c4f87e8189ba12a","isMergeCommit":false,"messageTitle":"Add UserInterface class to refactor code","messageBody":"","fileTypesAndContributionMap":{"java":{"insertions":30,"deletions":1}}},{"hash":"c6821dc9afbacc44956b5c339701bcd2f89025da","isMergeCommit":false,"messageTitle":"Update Getter function to get task description","messageBody":"","fileTypesAndContributionMap":{"java":{"insertions":13,"deletions":1}}},{"hash":"d6a64d9cc8f5dfed881a7f3203315d5300f88b98","isMergeCommit":false,"messageTitle":"Add getter funtion to get task Description","messageBody":"","fileTypesAndContributionMap":{"java":{"insertions":3,"deletions":1}}},{"hash":"04602e6852a3091c2ad2663e65f98fee6f6ca9cb","isMergeCommit":false,"messageTitle":"Add getter function to get tasklist, taskcount Add method to mark task as not done","messageBody":"","fileTypesAndContributionMap":{"java":{"insertions":8,"deletions":6}}},{"hash":"b10d51224e94922841a8821b726e409d1ee05afd","isMergeCommit":false,"messageTitle":"Refactor code with userinterface class and taskmanager class","messageBody":"","fileTypesAndContributionMap":{"java":{"insertions":22,"deletions":32}}}]},{"date":"2025-02-07","commitResults":[{"hash":"082dc2c86ded57093e4f32e08c44470ef5425512","isMergeCommit":false,"messageTitle":"Add in Todo, Deadline and Event class for week 4","messageBody":"","fileTypesAndContributionMap":{"java":{"insertions":12,"deletions":0}}},{"hash":"302434811e0b855db81efb8fbad49703ab68974d","isMergeCommit":false,"messageTitle":"Add in Dealine, Todo and Event Class for week 4","messageBody":"","fileTypesAndContributionMap":{"java":{"insertions":37,"deletions":6}}},{"hash":"bee16afd44a275b06ca2c2cdf01c1d0143a9ddd2","isMergeCommit":false,"messageTitle":"Add in mthod to print added tasks","messageBody":"","fileTypesAndContributionMap":{"java":{"insertions":7,"deletions":5}}},{"hash":"e73ef0e95b551a6fc0d0cb1d950ab5ca8e4fb734","isMergeCommit":false,"messageTitle":"Update the overide to correctly overrides the correct parent method","messageBody":"","fileTypesAndContributionMap":{"java":{"insertions":2,"deletions":2}}},{"hash":"ccf30e709a2dfb512d8d579c24b8ec78dd258463","isMergeCommit":false,"messageTitle":"Add method to print added tasks","messageBody":"","fileTypesAndContributionMap":{"java":{"insertions":5,"deletions":0}}},{"hash":"ea9d7af461909829e0216c3efd4c0bf8b40a91b9","isMergeCommit":false,"messageTitle":"Revert \"Add in mthod to print added tasks\"","messageBody":"This reverts commit bee16afd44a275b06ca2c2cdf01c1d0143a9ddd2.\n","fileTypesAndContributionMap":{"java":{"insertions":5,"deletions":7}}},{"hash":"73f6bd33d6986f29c77abdc2fa9390730b6e91b3","isMergeCommit":false,"messageTitle":"Integrate Todo, Deadline and Event Class with Thoth","messageBody":"","tags":["Level-4"],"fileTypesAndContributionMap":{"java":{"insertions":32,"deletions":1}}},{"hash":"dc2ded15e60b3189a418ef1ff03f4b978eca9760","isMergeCommit":false,"messageTitle":"Clean up code formats","messageBody":"","tags":["A-CodeQuality"],"fileTypesAndContributionMap":{"java":{"insertions":8,"deletions":8}}},{"hash":"965019d5e56ed9f581bdf8b134691c1cb2de6ec6","isMergeCommit":false,"messageTitle":"COrrect wrong method used in event","messageBody":"","fileTypesAndContributionMap":{"java":{"insertions":10,"deletions":7}}},{"hash":"19b5c20c7633f722706a2ead58b87106cf8f8cd8","isMergeCommit":false,"messageTitle":"Revert \"COrrect wrong method used in event\"","messageBody":"This reverts commit 965019d5e56ed9f581bdf8b134691c1cb2de6ec6.\n","fileTypesAndContributionMap":{"java":{"insertions":7,"deletions":10}}},{"hash":"8515036e463eeed686fa7048447d91f6f7d3bbe0","isMergeCommit":false,"messageTitle":"Reapply \"COrrect wrong method used in event\"","messageBody":"This reverts commit 19b5c20c7633f722706a2ead58b87106cf8f8cd8.\n","fileTypesAndContributionMap":{"java":{"insertions":10,"deletions":7}}}]},{"date":"2025-02-15","commitResults":[{"hash":"f23118b5f80a405c6a14d763e011b6afec081031","isMergeCommit":false,"messageTitle":"Add in excpetion for mark and unmark","messageBody":"","fileTypesAndContributionMap":{"java":{"insertions":45,"deletions":12}}},{"hash":"59a61c8a0ec5a8cf770b2ed28102415342faa95d","isMergeCommit":false,"messageTitle":"Add in condition checks for dealine, event and todo","messageBody":"","tags":["Level-5","A-Exceptions"],"fileTypesAndContributionMap":{"java":{"insertions":46,"deletions":18}}},{"hash":"b09ddb273f530fddea7ed138cab302af1ae1da7c","isMergeCommit":false,"messageTitle":"Orgnize project strucutre","messageBody":"","tags":["A-Packages"],"fileTypesAndContributionMap":{"java":{"insertions":25,"deletions":0}}}]},{"date":"2025-02-20","commitResults":[{"hash":"437ecc3f8810b5d3e570b88cb13f531418ac7a8f","isMergeCommit":false,"messageTitle":"Add command class and parser class Refactor thoth class code into command and parser","messageBody":"","fileTypesAndContributionMap":{"java":{"insertions":260,"deletions":120}}},{"hash":"d02632dd1cca2215487c5b2bc289c18e99e2a78b","isMergeCommit":false,"messageTitle":"Delete redundent imports","messageBody":"","fileTypesAndContributionMap":{"java":{"insertions":3,"deletions":5}}},{"hash":"3fb4e7e79a62ff6de1420ab4da48596f56a459f1","isMergeCommit":false,"messageTitle":"Change tasklist to arraylist","messageBody":"","fileTypesAndContributionMap":{"java":{"insertions":26,"deletions":15}}},{"hash":"4ac766b8f2849882e49d72e0651fb086fb7c9670","isMergeCommit":false,"messageTitle":"Add parser coditon to get command for delete Add deleteCommand class to delete tasks","messageBody":"","tags":["Level-6","A-Collections"],"fileTypesAndContributionMap":{"java":{"insertions":26,"deletions":11}}},{"hash":"3e2ea062565e1fedf718ef273fd2777d7a9810bb","isMergeCommit":false,"messageTitle":"Add abillity to write to data.txt file","messageBody":"","fileTypesAndContributionMap":{"java":{"insertions":29,"deletions":0}}},{"hash":"dcf7392bbd6a08b837efa25c1c8b199457d05869","isMergeCommit":false,"messageTitle":"Add ability to rewrite data.txt file after modification","messageBody":"","fileTypesAndContributionMap":{"txt":{"insertions":3,"deletions":0},"java":{"insertions":24,"deletions":0}}},{"hash":"2860ae816a66aad08f2dcce06c98ce83ae0525fa","isMergeCommit":false,"messageTitle":"Add methods to create file, wirte file, savetasks and loadtasks with praseing logic from txt to task","messageBody":"","fileTypesAndContributionMap":{"java":{"insertions":145,"deletions":0}}},{"hash":"112a61f2799a8e1afb06c7dadf3f8b07fd112e32","isMergeCommit":false,"messageTitle":"Remove unused code","messageBody":"","fileTypesAndContributionMap":{"java":{"insertions":0,"deletions":18}}},{"hash":"4e3f1f5d881d3a26696e1a9d80a940219edf2eaf","isMergeCommit":false,"messageTitle":"Update parser to only handle tasks remove default condition","messageBody":"","fileTypesAndContributionMap":{"java":{"insertions":1,"deletions":1}}},{"hash":"c65277229561b284dab2ca5511ecd3e3208b99f9","isMergeCommit":false,"messageTitle":"Add remove task method","messageBody":"","fileTypesAndContributionMap":{"java":{"insertions":2,"deletions":2}}},{"hash":"a9e399f7fa53e35c14d57517819f098c8e031ed2","isMergeCommit":false,"messageTitle":"Add data file creation and load data from data file on startup","messageBody":"","fileTypesAndContributionMap":{"java":{"insertions":18,"deletions":0}}}]},{"date":"2025-02-21","commitResults":[{"hash":"754d130be017112099b6102171500b06abd5d9c5","isMergeCommit":false,"messageTitle":"Change file path to absolute path","messageBody":"","fileTypesAndContributionMap":{"java":{"insertions":1,"deletions":1}}},{"hash":"8ec23495d59c182d4a8ca25ae44b23179b4bcb65","isMergeCommit":false,"messageTitle":"Input data","messageBody":"","tags":["Level-7"],"fileTypesAndContributionMap":{"txt":{"insertions":5,"deletions":2}}}]},{"date":"2025-03-06","commitResults":[{"hash":"d05461cee8b4b61017ab7dae2c007b67fde74279","isMergeCommit":false,"messageTitle":"Formate code to follow correct spacing","messageBody":"","fileTypesAndContributionMap":{"java":{"insertions":31,"deletions":19}}},{"hash":"ce91da0ebb3af2ac16eeac8fbd07ca53e2c740bc","isMergeCommit":false,"messageTitle":"Add final else statment to catch unwated errors Remove magic literals","messageBody":"","fileTypesAndContributionMap":{"java":{"insertions":7,"deletions":4}}},{"hash":"618ce95718dec7f19b0753d67490b054927bc8f9","isMergeCommit":false,"messageTitle":"Add FindCommand class Update Parser Class with FindCommand","messageBody":"","fileTypesAndContributionMap":{"java":{"insertions":44,"deletions":2}}},{"hash":"370cc3f97fd4b55d0ef809bc63141f2eb6bdb026","isMergeCommit":false,"messageTitle":"Update Absolute path to relative path","messageBody":"","fileTypesAndContributionMap":{"txt":{"insertions":2,"deletions":5},"java":{"insertions":1,"deletions":1}}},{"hash":"f82483d1f7341520e62e7dc42bbbe1fa6ee1ffad","isMergeCommit":false,"messageTitle":"Remove unused import","messageBody":"","tags":["Level-9"],"fileTypesAndContributionMap":{"java":{"insertions":0,"deletions":1}}}]}]},"authorFileTypeContributionMap":{"Cheng-Zhiyuan":{"java":738,"md":3,"fxml":0,"sh":0,"bat":1,"gradle":0,"txt":3}},"authorContributionVariance":{"Cheng-Zhiyuan":10245.854},"authorDisplayNameMap":{"Cheng-Zhiyuan":"CS2113-F14-4 CHEN..YUAN"}}
