[{"path":"src/main/java/hachi/DataManager.java","fileType":"java","lines":[{"lineNumber":1,"author":{"gitId":"jenmarieng"},"content":"package hachi;","lastModifiedDate":"2025-02-19","isFullCredit":false},{"lineNumber":2,"author":{"gitId":"jenmarieng"},"content":"","lastModifiedDate":"2025-02-19","isFullCredit":false},{"lineNumber":3,"author":{"gitId":"jenmarieng"},"content":"import hachi.task.Deadline;","lastModifiedDate":"2025-02-19","isFullCredit":false},{"lineNumber":4,"author":{"gitId":"jenmarieng"},"content":"import hachi.task.Event;","lastModifiedDate":"2025-02-19","isFullCredit":false},{"lineNumber":5,"author":{"gitId":"jenmarieng"},"content":"import hachi.task.Task;","lastModifiedDate":"2025-02-19","isFullCredit":false},{"lineNumber":6,"author":{"gitId":"jenmarieng"},"content":"import hachi.task.Todo;","lastModifiedDate":"2025-02-19","isFullCredit":false},{"lineNumber":7,"author":{"gitId":"jenmarieng"},"content":"","lastModifiedDate":"2025-02-27","isFullCredit":false},{"lineNumber":8,"author":{"gitId":"jenmarieng"},"content":"import java.io.File;","lastModifiedDate":"2025-02-19","isFullCredit":false},{"lineNumber":9,"author":{"gitId":"jenmarieng"},"content":"import java.io.FileNotFoundException;","lastModifiedDate":"2025-02-19","isFullCredit":false},{"lineNumber":10,"author":{"gitId":"jenmarieng"},"content":"import java.io.FileWriter;","lastModifiedDate":"2025-02-19","isFullCredit":false},{"lineNumber":11,"author":{"gitId":"jenmarieng"},"content":"import java.io.IOException;","lastModifiedDate":"2025-02-19","isFullCredit":false},{"lineNumber":12,"author":{"gitId":"jenmarieng"},"content":"import java.util.ArrayList;","lastModifiedDate":"2025-02-19","isFullCredit":false},{"lineNumber":13,"author":{"gitId":"jenmarieng"},"content":"import java.util.Scanner;","lastModifiedDate":"2025-02-19","isFullCredit":false},{"lineNumber":14,"author":{"gitId":"jenmarieng"},"content":"","lastModifiedDate":"2025-02-19","isFullCredit":false},{"lineNumber":15,"author":{"gitId":"jenmarieng"},"content":"public class DataManager {","lastModifiedDate":"2025-02-19","isFullCredit":false},{"lineNumber":16,"author":{"gitId":"jenmarieng"},"content":"    private static final String DIRECTORY_PATH \u003d \"./data\";","lastModifiedDate":"2025-02-19","isFullCredit":false},{"lineNumber":17,"author":{"gitId":"jenmarieng"},"content":"    public static final int TASK_TYPE_INDEX \u003d 1;","lastModifiedDate":"2025-02-19","isFullCredit":false},{"lineNumber":18,"author":{"gitId":"jenmarieng"},"content":"    public static final int TASK_STATUS_INDEX \u003d 4;","lastModifiedDate":"2025-02-19","isFullCredit":false},{"lineNumber":19,"author":{"gitId":"jenmarieng"},"content":"    public static final int TASK_INFO_INDEX \u003d 7;","lastModifiedDate":"2025-02-19","isFullCredit":false},{"lineNumber":20,"author":{"gitId":"jenmarieng"},"content":"    public static final int BY_PREFIX_INDEX \u003d \"(by :\".length();","lastModifiedDate":"2025-02-19","isFullCredit":false},{"lineNumber":21,"author":{"gitId":"jenmarieng"},"content":"    public static final int FROM_PREFIX_INDEX \u003d \"(from: \".length();","lastModifiedDate":"2025-02-19","isFullCredit":false},{"lineNumber":22,"author":{"gitId":"jenmarieng"},"content":"    public static final int TO_PREFIX_INDEX \u003d \" to: \".length();","lastModifiedDate":"2025-02-19","isFullCredit":false},{"lineNumber":23,"author":{"gitId":"jenmarieng"},"content":"","lastModifiedDate":"2025-02-19","isFullCredit":false},{"lineNumber":24,"author":{"gitId":"jenmarieng"},"content":"    private final String filePath;","lastModifiedDate":"2025-02-27","isFullCredit":false},{"lineNumber":25,"author":{"gitId":"jenmarieng"},"content":"","lastModifiedDate":"2025-02-27","isFullCredit":false},{"lineNumber":26,"author":{"gitId":"jenmarieng"},"content":"    public DataManager(String filePath) {","lastModifiedDate":"2025-02-27","isFullCredit":false},{"lineNumber":27,"author":{"gitId":"jenmarieng"},"content":"        this.filePath \u003d filePath;","lastModifiedDate":"2025-02-27","isFullCredit":false},{"lineNumber":28,"author":{"gitId":"jenmarieng"},"content":"    }","lastModifiedDate":"2025-02-27","isFullCredit":false},{"lineNumber":29,"author":{"gitId":"jenmarieng"},"content":"","lastModifiedDate":"2025-02-27","isFullCredit":false},{"lineNumber":30,"author":{"gitId":"jenmarieng"},"content":"    public void saveTasksData(ArrayList\u003cTask\u003e tasks) {","lastModifiedDate":"2025-02-27","isFullCredit":false},{"lineNumber":31,"author":{"gitId":"jenmarieng"},"content":"        try {","lastModifiedDate":"2025-02-27","isFullCredit":false},{"lineNumber":32,"author":{"gitId":"jenmarieng"},"content":"            File directory \u003d new File(DIRECTORY_PATH);","lastModifiedDate":"2025-02-27","isFullCredit":false},{"lineNumber":33,"author":{"gitId":"jenmarieng"},"content":"            if (!directory.exists()) {","lastModifiedDate":"2025-02-27","isFullCredit":false},{"lineNumber":34,"author":{"gitId":"jenmarieng"},"content":"                directory.mkdirs();","lastModifiedDate":"2025-02-27","isFullCredit":false},{"lineNumber":35,"author":{"gitId":"jenmarieng"},"content":"            }","lastModifiedDate":"2025-02-27","isFullCredit":false},{"lineNumber":36,"author":{"gitId":"jenmarieng"},"content":"","lastModifiedDate":"2025-02-27","isFullCredit":false},{"lineNumber":37,"author":{"gitId":"jenmarieng"},"content":"            FileWriter fw \u003d new FileWriter(filePath);","lastModifiedDate":"2025-02-27","isFullCredit":false},{"lineNumber":38,"author":{"gitId":"jenmarieng"},"content":"            for (Task task : tasks) {","lastModifiedDate":"2025-02-27","isFullCredit":false},{"lineNumber":39,"author":{"gitId":"jenmarieng"},"content":"                fw.write(task + System.lineSeparator());","lastModifiedDate":"2025-02-27","isFullCredit":false},{"lineNumber":40,"author":{"gitId":"jenmarieng"},"content":"            }","lastModifiedDate":"2025-02-27","isFullCredit":false},{"lineNumber":41,"author":{"gitId":"jenmarieng"},"content":"            fw.close();","lastModifiedDate":"2025-02-27","isFullCredit":false},{"lineNumber":42,"author":{"gitId":"jenmarieng"},"content":"        } catch (IOException e) {","lastModifiedDate":"2025-02-27","isFullCredit":false},{"lineNumber":43,"author":{"gitId":"jenmarieng"},"content":"            System.out.println(\"Woooof! Failed to save tasks: \" + e.getMessage());","lastModifiedDate":"2025-02-27","isFullCredit":false},{"lineNumber":44,"author":{"gitId":"jenmarieng"},"content":"        }","lastModifiedDate":"2025-02-27","isFullCredit":false},{"lineNumber":45,"author":{"gitId":"jenmarieng"},"content":"    }","lastModifiedDate":"2025-02-27","isFullCredit":false},{"lineNumber":46,"author":{"gitId":"jenmarieng"},"content":"","lastModifiedDate":"2025-02-27","isFullCredit":false},{"lineNumber":47,"author":{"gitId":"jenmarieng"},"content":"    public ArrayList\u003cTask\u003e loadTasksData() {","lastModifiedDate":"2025-02-27","isFullCredit":false},{"lineNumber":48,"author":{"gitId":"jenmarieng"},"content":"        ArrayList\u003cTask\u003e tasks \u003d new ArrayList\u003c\u003e();","lastModifiedDate":"2025-02-19","isFullCredit":false},{"lineNumber":49,"author":{"gitId":"jenmarieng"},"content":"        File file \u003d new File(filePath);","lastModifiedDate":"2025-02-27","isFullCredit":false},{"lineNumber":50,"author":{"gitId":"jenmarieng"},"content":"        if (!file.exists()) {","lastModifiedDate":"2025-02-19","isFullCredit":false},{"lineNumber":51,"author":{"gitId":"jenmarieng"},"content":"            return tasks;","lastModifiedDate":"2025-02-19","isFullCredit":false},{"lineNumber":52,"author":{"gitId":"jenmarieng"},"content":"        }","lastModifiedDate":"2025-02-19","isFullCredit":false},{"lineNumber":53,"author":{"gitId":"jenmarieng"},"content":"","lastModifiedDate":"2025-02-19","isFullCredit":false},{"lineNumber":54,"author":{"gitId":"jenmarieng"},"content":"        try {","lastModifiedDate":"2025-02-19","isFullCredit":false},{"lineNumber":55,"author":{"gitId":"jenmarieng"},"content":"            Scanner scanner \u003d new Scanner(file);","lastModifiedDate":"2025-02-19","isFullCredit":false},{"lineNumber":56,"author":{"gitId":"jenmarieng"},"content":"            while (scanner.hasNextLine()) {","lastModifiedDate":"2025-02-19","isFullCredit":false},{"lineNumber":57,"author":{"gitId":"jenmarieng"},"content":"                String line \u003d scanner.nextLine();","lastModifiedDate":"2025-02-19","isFullCredit":false},{"lineNumber":58,"author":{"gitId":"jenmarieng"},"content":"                Task task \u003d formatTasksData(line);","lastModifiedDate":"2025-02-19","isFullCredit":false},{"lineNumber":59,"author":{"gitId":"jenmarieng"},"content":"                if (task !\u003d null) {","lastModifiedDate":"2025-02-19","isFullCredit":false},{"lineNumber":60,"author":{"gitId":"jenmarieng"},"content":"                    tasks.add(task);","lastModifiedDate":"2025-02-19","isFullCredit":false},{"lineNumber":61,"author":{"gitId":"jenmarieng"},"content":"                }","lastModifiedDate":"2025-02-19","isFullCredit":false},{"lineNumber":62,"author":{"gitId":"jenmarieng"},"content":"            }","lastModifiedDate":"2025-02-19","isFullCredit":false},{"lineNumber":63,"author":{"gitId":"jenmarieng"},"content":"            scanner.close();","lastModifiedDate":"2025-02-19","isFullCredit":false},{"lineNumber":64,"author":{"gitId":"jenmarieng"},"content":"        } catch (FileNotFoundException e) {","lastModifiedDate":"2025-02-19","isFullCredit":false},{"lineNumber":65,"author":{"gitId":"jenmarieng"},"content":"            System.out.println(\"Woooof! Failed to load tasks: \" + e.getMessage());","lastModifiedDate":"2025-02-19","isFullCredit":false},{"lineNumber":66,"author":{"gitId":"jenmarieng"},"content":"        }","lastModifiedDate":"2025-02-19","isFullCredit":false},{"lineNumber":67,"author":{"gitId":"jenmarieng"},"content":"        return tasks;","lastModifiedDate":"2025-02-19","isFullCredit":false},{"lineNumber":68,"author":{"gitId":"jenmarieng"},"content":"    }","lastModifiedDate":"2025-02-19","isFullCredit":false},{"lineNumber":69,"author":{"gitId":"jenmarieng"},"content":"","lastModifiedDate":"2025-02-19","isFullCredit":false},{"lineNumber":70,"author":{"gitId":"jenmarieng"},"content":"    private static Task formatTasksData(String line) {","lastModifiedDate":"2025-02-19","isFullCredit":false},{"lineNumber":71,"author":{"gitId":"jenmarieng"},"content":"        char taskType \u003d line.charAt(TASK_TYPE_INDEX);","lastModifiedDate":"2025-02-19","isFullCredit":false},{"lineNumber":72,"author":{"gitId":"jenmarieng"},"content":"        boolean isDone \u003d line.charAt(TASK_STATUS_INDEX) \u003d\u003d \u0027X\u0027;","lastModifiedDate":"2025-02-19","isFullCredit":false},{"lineNumber":73,"author":{"gitId":"jenmarieng"},"content":"        String taskInfo \u003d line.substring(TASK_INFO_INDEX);","lastModifiedDate":"2025-02-19","isFullCredit":false},{"lineNumber":74,"author":{"gitId":"jenmarieng"},"content":"","lastModifiedDate":"2025-02-19","isFullCredit":false},{"lineNumber":75,"author":{"gitId":"jenmarieng"},"content":"        Task task;","lastModifiedDate":"2025-02-19","isFullCredit":false},{"lineNumber":76,"author":{"gitId":"jenmarieng"},"content":"        switch (taskType) {","lastModifiedDate":"2025-02-19","isFullCredit":false},{"lineNumber":77,"author":{"gitId":"jenmarieng"},"content":"        case \u0027T\u0027:","lastModifiedDate":"2025-02-19","isFullCredit":false},{"lineNumber":78,"author":{"gitId":"jenmarieng"},"content":"            task \u003d new Todo(taskInfo);","lastModifiedDate":"2025-02-19","isFullCredit":false},{"lineNumber":79,"author":{"gitId":"jenmarieng"},"content":"            break;","lastModifiedDate":"2025-02-19","isFullCredit":false},{"lineNumber":80,"author":{"gitId":"jenmarieng"},"content":"        case \u0027D\u0027: {","lastModifiedDate":"2025-02-19","isFullCredit":false},{"lineNumber":81,"author":{"gitId":"jenmarieng"},"content":"            int byIndex \u003d taskInfo.indexOf(\"(by: \");","lastModifiedDate":"2025-02-19","isFullCredit":false},{"lineNumber":82,"author":{"gitId":"jenmarieng"},"content":"            String description \u003d taskInfo.substring(0, byIndex).trim();","lastModifiedDate":"2025-02-19","isFullCredit":false},{"lineNumber":83,"author":{"gitId":"jenmarieng"},"content":"            String by \u003d taskInfo.substring(byIndex + BY_PREFIX_INDEX, taskInfo.length() - 1).trim();","lastModifiedDate":"2025-02-19","isFullCredit":false},{"lineNumber":84,"author":{"gitId":"jenmarieng"},"content":"            task \u003d new Deadline(description, by);","lastModifiedDate":"2025-02-19","isFullCredit":false},{"lineNumber":85,"author":{"gitId":"jenmarieng"},"content":"            break;","lastModifiedDate":"2025-02-19","isFullCredit":false},{"lineNumber":86,"author":{"gitId":"jenmarieng"},"content":"        }","lastModifiedDate":"2025-02-19","isFullCredit":false},{"lineNumber":87,"author":{"gitId":"jenmarieng"},"content":"        case \u0027E\u0027: {","lastModifiedDate":"2025-02-19","isFullCredit":false},{"lineNumber":88,"author":{"gitId":"jenmarieng"},"content":"            int fromIndex \u003d taskInfo.indexOf(\"(from: \");","lastModifiedDate":"2025-02-19","isFullCredit":false},{"lineNumber":89,"author":{"gitId":"jenmarieng"},"content":"            int toIndex \u003d taskInfo.indexOf(\" to: \");","lastModifiedDate":"2025-02-19","isFullCredit":false},{"lineNumber":90,"author":{"gitId":"jenmarieng"},"content":"            String description \u003d taskInfo.substring(0, fromIndex).trim();","lastModifiedDate":"2025-02-19","isFullCredit":false},{"lineNumber":91,"author":{"gitId":"jenmarieng"},"content":"            String from \u003d taskInfo.substring(fromIndex + FROM_PREFIX_INDEX, toIndex).trim();","lastModifiedDate":"2025-02-19","isFullCredit":false},{"lineNumber":92,"author":{"gitId":"jenmarieng"},"content":"            String to \u003d taskInfo.substring(toIndex + TO_PREFIX_INDEX, taskInfo.length() - 1).trim();","lastModifiedDate":"2025-02-19","isFullCredit":false},{"lineNumber":93,"author":{"gitId":"jenmarieng"},"content":"            task \u003d new Event(description, from, to);","lastModifiedDate":"2025-02-19","isFullCredit":false},{"lineNumber":94,"author":{"gitId":"jenmarieng"},"content":"            break;","lastModifiedDate":"2025-02-19","isFullCredit":false},{"lineNumber":95,"author":{"gitId":"jenmarieng"},"content":"        }","lastModifiedDate":"2025-02-19","isFullCredit":false},{"lineNumber":96,"author":{"gitId":"jenmarieng"},"content":"        default:","lastModifiedDate":"2025-02-19","isFullCredit":false},{"lineNumber":97,"author":{"gitId":"jenmarieng"},"content":"            System.out.println(\"Woof? Invalid task format in saved file: \" + line);","lastModifiedDate":"2025-02-19","isFullCredit":false},{"lineNumber":98,"author":{"gitId":"jenmarieng"},"content":"            return null;","lastModifiedDate":"2025-02-19","isFullCredit":false},{"lineNumber":99,"author":{"gitId":"jenmarieng"},"content":"        }","lastModifiedDate":"2025-02-19","isFullCredit":false},{"lineNumber":100,"author":{"gitId":"jenmarieng"},"content":"","lastModifiedDate":"2025-02-19","isFullCredit":false},{"lineNumber":101,"author":{"gitId":"jenmarieng"},"content":"        if (isDone) {","lastModifiedDate":"2025-02-19","isFullCredit":false},{"lineNumber":102,"author":{"gitId":"jenmarieng"},"content":"            task.markAsDone();","lastModifiedDate":"2025-02-19","isFullCredit":false},{"lineNumber":103,"author":{"gitId":"jenmarieng"},"content":"        }","lastModifiedDate":"2025-02-19","isFullCredit":false},{"lineNumber":104,"author":{"gitId":"jenmarieng"},"content":"        return task;","lastModifiedDate":"2025-02-19","isFullCredit":false},{"lineNumber":105,"author":{"gitId":"jenmarieng"},"content":"    }","lastModifiedDate":"2025-02-19","isFullCredit":false},{"lineNumber":106,"author":{"gitId":"jenmarieng"},"content":"}","lastModifiedDate":"2025-02-19","isFullCredit":false}],"authorContributionMap":{"jenmarieng":106}},{"path":"src/main/java/hachi/Parser.java","fileType":"java","lines":[{"lineNumber":1,"author":{"gitId":"jenmarieng"},"content":"package hachi;","lastModifiedDate":"2025-02-27","isFullCredit":false},{"lineNumber":2,"author":{"gitId":"jenmarieng"},"content":"","lastModifiedDate":"2025-02-27","isFullCredit":false},{"lineNumber":3,"author":{"gitId":"jenmarieng"},"content":"import hachi.command.AddCommand;","lastModifiedDate":"2025-02-27","isFullCredit":false},{"lineNumber":4,"author":{"gitId":"jenmarieng"},"content":"import hachi.command.ByeCommand;","lastModifiedDate":"2025-02-27","isFullCredit":false},{"lineNumber":5,"author":{"gitId":"jenmarieng"},"content":"import hachi.command.Command;","lastModifiedDate":"2025-02-27","isFullCredit":false},{"lineNumber":6,"author":{"gitId":"jenmarieng"},"content":"import hachi.command.DeleteCommand;","lastModifiedDate":"2025-02-27","isFullCredit":false},{"lineNumber":7,"author":{"gitId":"jenmarieng"},"content":"import hachi.command.ListCommand;","lastModifiedDate":"2025-02-27","isFullCredit":false},{"lineNumber":8,"author":{"gitId":"jenmarieng"},"content":"import hachi.command.MarkCommand;","lastModifiedDate":"2025-02-27","isFullCredit":false},{"lineNumber":9,"author":{"gitId":"jenmarieng"},"content":"import hachi.command.UnmarkCommand;","lastModifiedDate":"2025-02-27","isFullCredit":false},{"lineNumber":10,"author":{"gitId":"jenmarieng"},"content":"import hachi.main.HachiException;","lastModifiedDate":"2025-02-27","isFullCredit":false},{"lineNumber":11,"author":{"gitId":"jenmarieng"},"content":"","lastModifiedDate":"2025-02-27","isFullCredit":false},{"lineNumber":12,"author":{"gitId":"jenmarieng"},"content":"public class Parser {","lastModifiedDate":"2025-02-27","isFullCredit":false},{"lineNumber":13,"author":{"gitId":"jenmarieng"},"content":"","lastModifiedDate":"2025-02-27","isFullCredit":false},{"lineNumber":14,"author":{"gitId":"jenmarieng"},"content":"    public static final String BYE \u003d \"bye\";","lastModifiedDate":"2025-02-27","isFullCredit":false},{"lineNumber":15,"author":{"gitId":"jenmarieng"},"content":"    public static final String LIST \u003d \"list\";","lastModifiedDate":"2025-02-27","isFullCredit":false},{"lineNumber":16,"author":{"gitId":"jenmarieng"},"content":"    public static final String MARK \u003d \"mark\";","lastModifiedDate":"2025-02-27","isFullCredit":false},{"lineNumber":17,"author":{"gitId":"jenmarieng"},"content":"    public static final String UNMARK \u003d \"unmark\";","lastModifiedDate":"2025-02-27","isFullCredit":false},{"lineNumber":18,"author":{"gitId":"jenmarieng"},"content":"    public static final String DELETE \u003d \"delete\";","lastModifiedDate":"2025-02-27","isFullCredit":false},{"lineNumber":19,"author":{"gitId":"jenmarieng"},"content":"    public static final String TODO \u003d \"todo\";","lastModifiedDate":"2025-02-27","isFullCredit":false},{"lineNumber":20,"author":{"gitId":"jenmarieng"},"content":"    public static final String DEADLINE \u003d \"deadline\";","lastModifiedDate":"2025-02-27","isFullCredit":false},{"lineNumber":21,"author":{"gitId":"jenmarieng"},"content":"    public static final String EVENT \u003d \"event\";","lastModifiedDate":"2025-02-27","isFullCredit":false},{"lineNumber":22,"author":{"gitId":"jenmarieng"},"content":"","lastModifiedDate":"2025-02-27","isFullCredit":false},{"lineNumber":23,"author":{"gitId":"jenmarieng"},"content":"    public static Command parse(String userInput) throws HachiException {","lastModifiedDate":"2025-02-27","isFullCredit":false},{"lineNumber":24,"author":{"gitId":"jenmarieng"},"content":"        String[] fullInput \u003d userInput.split(\" \");","lastModifiedDate":"2025-02-27","isFullCredit":false},{"lineNumber":25,"author":{"gitId":"jenmarieng"},"content":"        String commandType \u003d fullInput[0].toLowerCase();","lastModifiedDate":"2025-02-27","isFullCredit":false},{"lineNumber":26,"author":{"gitId":"jenmarieng"},"content":"","lastModifiedDate":"2025-02-27","isFullCredit":false},{"lineNumber":27,"author":{"gitId":"jenmarieng"},"content":"        try {","lastModifiedDate":"2025-02-27","isFullCredit":false},{"lineNumber":28,"author":{"gitId":"jenmarieng"},"content":"            switch (commandType) {","lastModifiedDate":"2025-02-27","isFullCredit":false},{"lineNumber":29,"author":{"gitId":"jenmarieng"},"content":"            case BYE:","lastModifiedDate":"2025-02-27","isFullCredit":false},{"lineNumber":30,"author":{"gitId":"jenmarieng"},"content":"                return new ByeCommand();","lastModifiedDate":"2025-02-27","isFullCredit":false},{"lineNumber":31,"author":{"gitId":"jenmarieng"},"content":"            case LIST:","lastModifiedDate":"2025-02-27","isFullCredit":false},{"lineNumber":32,"author":{"gitId":"jenmarieng"},"content":"                return new ListCommand();","lastModifiedDate":"2025-02-27","isFullCredit":false},{"lineNumber":33,"author":{"gitId":"jenmarieng"},"content":"            case MARK:","lastModifiedDate":"2025-02-27","isFullCredit":false},{"lineNumber":34,"author":{"gitId":"jenmarieng"},"content":"                return new MarkCommand(userInput);","lastModifiedDate":"2025-02-27","isFullCredit":false},{"lineNumber":35,"author":{"gitId":"jenmarieng"},"content":"            case UNMARK:","lastModifiedDate":"2025-02-27","isFullCredit":false},{"lineNumber":36,"author":{"gitId":"jenmarieng"},"content":"                return new UnmarkCommand(userInput);","lastModifiedDate":"2025-02-27","isFullCredit":false},{"lineNumber":37,"author":{"gitId":"jenmarieng"},"content":"            case DELETE:","lastModifiedDate":"2025-02-27","isFullCredit":false},{"lineNumber":38,"author":{"gitId":"jenmarieng"},"content":"                return new DeleteCommand(userInput);","lastModifiedDate":"2025-02-27","isFullCredit":false},{"lineNumber":39,"author":{"gitId":"jenmarieng"},"content":"            case TODO, DEADLINE, EVENT:","lastModifiedDate":"2025-02-27","isFullCredit":false},{"lineNumber":40,"author":{"gitId":"jenmarieng"},"content":"                return new AddCommand(commandType, userInput);","lastModifiedDate":"2025-02-27","isFullCredit":false},{"lineNumber":41,"author":{"gitId":"jenmarieng"},"content":"            default:","lastModifiedDate":"2025-02-27","isFullCredit":false},{"lineNumber":42,"author":{"gitId":"jenmarieng"},"content":"                throw new HachiException(\"Woof? I don\u0027t understand. Try starting with list, todo, deadline, event, delete, mark or unmark!\");","lastModifiedDate":"2025-02-27","isFullCredit":false},{"lineNumber":43,"author":{"gitId":"jenmarieng"},"content":"            }","lastModifiedDate":"2025-02-27","isFullCredit":false},{"lineNumber":44,"author":{"gitId":"jenmarieng"},"content":"        } catch (HachiException e) {","lastModifiedDate":"2025-02-27","isFullCredit":false},{"lineNumber":45,"author":{"gitId":"jenmarieng"},"content":"            throw new HachiException(e.getMessage());","lastModifiedDate":"2025-02-27","isFullCredit":false},{"lineNumber":46,"author":{"gitId":"jenmarieng"},"content":"        }","lastModifiedDate":"2025-02-27","isFullCredit":false},{"lineNumber":47,"author":{"gitId":"jenmarieng"},"content":"    }","lastModifiedDate":"2025-02-27","isFullCredit":false},{"lineNumber":48,"author":{"gitId":"jenmarieng"},"content":"}","lastModifiedDate":"2025-02-27","isFullCredit":false}],"authorContributionMap":{"jenmarieng":48}},{"path":"src/main/java/hachi/Ui.java","fileType":"java","lines":[{"lineNumber":1,"author":{"gitId":"jenmarieng"},"content":"package hachi;","lastModifiedDate":"2025-02-27","isFullCredit":false},{"lineNumber":2,"author":{"gitId":"jenmarieng"},"content":"","lastModifiedDate":"2025-02-27","isFullCredit":false},{"lineNumber":3,"author":{"gitId":"jenmarieng"},"content":"import java.util.Scanner;","lastModifiedDate":"2025-02-27","isFullCredit":false},{"lineNumber":4,"author":{"gitId":"jenmarieng"},"content":"","lastModifiedDate":"2025-02-27","isFullCredit":false},{"lineNumber":5,"author":{"gitId":"jenmarieng"},"content":"public class Ui {","lastModifiedDate":"2025-02-27","isFullCredit":false},{"lineNumber":6,"author":{"gitId":"jenmarieng"},"content":"    private final Scanner scanner;","lastModifiedDate":"2025-02-27","isFullCredit":false},{"lineNumber":7,"author":{"gitId":"jenmarieng"},"content":"","lastModifiedDate":"2025-02-27","isFullCredit":false},{"lineNumber":8,"author":{"gitId":"jenmarieng"},"content":"    public Ui() {","lastModifiedDate":"2025-02-27","isFullCredit":false},{"lineNumber":9,"author":{"gitId":"jenmarieng"},"content":"        this.scanner \u003d new Scanner(System.in);","lastModifiedDate":"2025-02-27","isFullCredit":false},{"lineNumber":10,"author":{"gitId":"jenmarieng"},"content":"    }","lastModifiedDate":"2025-02-27","isFullCredit":false},{"lineNumber":11,"author":{"gitId":"jenmarieng"},"content":"","lastModifiedDate":"2025-02-27","isFullCredit":false},{"lineNumber":12,"author":{"gitId":"jenmarieng"},"content":"    public void printHello() {","lastModifiedDate":"2025-02-27","isFullCredit":false},{"lineNumber":13,"author":{"gitId":"jenmarieng"},"content":"        System.out.println(\"\"\"","lastModifiedDate":"2025-02-27","isFullCredit":false},{"lineNumber":14,"author":{"gitId":"jenmarieng"},"content":"                Hello! I\u0027m Hachi","lastModifiedDate":"2025-02-27","isFullCredit":false},{"lineNumber":15,"author":{"gitId":"jenmarieng"},"content":"                          __","lastModifiedDate":"2025-02-27","isFullCredit":false},{"lineNumber":16,"author":{"gitId":"jenmarieng"},"content":"                 \\\\ ______/ U`-,    (WOOF!)","lastModifiedDate":"2025-02-27","isFullCredit":false},{"lineNumber":17,"author":{"gitId":"jenmarieng"},"content":"                  (        /~~","lastModifiedDate":"2025-02-27","isFullCredit":false},{"lineNumber":18,"author":{"gitId":"jenmarieng"},"content":"                 /_)^ --,/\u0027","lastModifiedDate":"2025-02-27","isFullCredit":false},{"lineNumber":19,"author":{"gitId":"jenmarieng"},"content":"                |_      |_","lastModifiedDate":"2025-02-27","isFullCredit":false},{"lineNumber":20,"author":{"gitId":"jenmarieng"},"content":"                What can I do for you?\"\"\");","lastModifiedDate":"2025-02-27","isFullCredit":false},{"lineNumber":21,"author":{"gitId":"jenmarieng"},"content":"    }","lastModifiedDate":"2025-02-27","isFullCredit":false},{"lineNumber":22,"author":{"gitId":"jenmarieng"},"content":"","lastModifiedDate":"2025-02-27","isFullCredit":false},{"lineNumber":23,"author":{"gitId":"jenmarieng"},"content":"    public void printBye() {","lastModifiedDate":"2025-02-27","isFullCredit":false},{"lineNumber":24,"author":{"gitId":"jenmarieng"},"content":"        System.out.println(\"Bye. Hope to see you again soon!\");","lastModifiedDate":"2025-02-27","isFullCredit":false},{"lineNumber":25,"author":{"gitId":"jenmarieng"},"content":"    }","lastModifiedDate":"2025-02-27","isFullCredit":false},{"lineNumber":26,"author":{"gitId":"jenmarieng"},"content":"","lastModifiedDate":"2025-02-27","isFullCredit":false},{"lineNumber":27,"author":{"gitId":"jenmarieng"},"content":"    public void printError(Exception e) {","lastModifiedDate":"2025-02-27","isFullCredit":false},{"lineNumber":28,"author":{"gitId":"jenmarieng"},"content":"        System.out.println(e.getMessage());","lastModifiedDate":"2025-02-27","isFullCredit":false},{"lineNumber":29,"author":{"gitId":"jenmarieng"},"content":"    }","lastModifiedDate":"2025-02-27","isFullCredit":false},{"lineNumber":30,"author":{"gitId":"jenmarieng"},"content":"","lastModifiedDate":"2025-02-27","isFullCredit":false},{"lineNumber":31,"author":{"gitId":"jenmarieng"},"content":"    public String readUserInput() {","lastModifiedDate":"2025-02-27","isFullCredit":false},{"lineNumber":32,"author":{"gitId":"jenmarieng"},"content":"        return scanner.nextLine();","lastModifiedDate":"2025-02-27","isFullCredit":false},{"lineNumber":33,"author":{"gitId":"jenmarieng"},"content":"    }","lastModifiedDate":"2025-02-27","isFullCredit":false},{"lineNumber":34,"author":{"gitId":"jenmarieng"},"content":"","lastModifiedDate":"2025-02-27","isFullCredit":false},{"lineNumber":35,"author":{"gitId":"jenmarieng"},"content":"    public void printCommandOutput(String output) {","lastModifiedDate":"2025-02-27","isFullCredit":false},{"lineNumber":36,"author":{"gitId":"jenmarieng"},"content":"        System.out.println(output);","lastModifiedDate":"2025-02-27","isFullCredit":false},{"lineNumber":37,"author":{"gitId":"jenmarieng"},"content":"    }","lastModifiedDate":"2025-02-27","isFullCredit":false},{"lineNumber":38,"author":{"gitId":"jenmarieng"},"content":"}","lastModifiedDate":"2025-02-27","isFullCredit":false}],"authorContributionMap":{"jenmarieng":38}},{"path":"src/main/java/hachi/command/AddCommand.java","fileType":"java","lines":[{"lineNumber":1,"author":{"gitId":"jenmarieng"},"content":"package hachi.command;","lastModifiedDate":"2025-02-27","isFullCredit":false},{"lineNumber":2,"author":{"gitId":"jenmarieng"},"content":"","lastModifiedDate":"2025-02-27","isFullCredit":false},{"lineNumber":3,"author":{"gitId":"jenmarieng"},"content":"import hachi.DataManager;","lastModifiedDate":"2025-02-27","isFullCredit":false},{"lineNumber":4,"author":{"gitId":"jenmarieng"},"content":"import hachi.Ui;","lastModifiedDate":"2025-02-27","isFullCredit":false},{"lineNumber":5,"author":{"gitId":"jenmarieng"},"content":"import hachi.task.TaskManager;","lastModifiedDate":"2025-02-27","isFullCredit":false},{"lineNumber":6,"author":{"gitId":"jenmarieng"},"content":"","lastModifiedDate":"2025-02-27","isFullCredit":false},{"lineNumber":7,"author":{"gitId":"jenmarieng"},"content":"public class AddCommand extends Command {","lastModifiedDate":"2025-02-27","isFullCredit":false},{"lineNumber":8,"author":{"gitId":"jenmarieng"},"content":"    private final String taskType;","lastModifiedDate":"2025-02-27","isFullCredit":false},{"lineNumber":9,"author":{"gitId":"jenmarieng"},"content":"    private final String taskInfo;","lastModifiedDate":"2025-02-27","isFullCredit":false},{"lineNumber":10,"author":{"gitId":"jenmarieng"},"content":"","lastModifiedDate":"2025-02-27","isFullCredit":false},{"lineNumber":11,"author":{"gitId":"jenmarieng"},"content":"    public AddCommand(String taskType, String taskInfo) {","lastModifiedDate":"2025-02-27","isFullCredit":false},{"lineNumber":12,"author":{"gitId":"jenmarieng"},"content":"        this.taskType \u003d taskType;","lastModifiedDate":"2025-02-27","isFullCredit":false},{"lineNumber":13,"author":{"gitId":"jenmarieng"},"content":"        this.taskInfo \u003d taskInfo;","lastModifiedDate":"2025-02-27","isFullCredit":false},{"lineNumber":14,"author":{"gitId":"jenmarieng"},"content":"    }","lastModifiedDate":"2025-02-27","isFullCredit":false},{"lineNumber":15,"author":{"gitId":"jenmarieng"},"content":"","lastModifiedDate":"2025-02-27","isFullCredit":false},{"lineNumber":16,"author":{"gitId":"jenmarieng"},"content":"    @Override","lastModifiedDate":"2025-02-27","isFullCredit":false},{"lineNumber":17,"author":{"gitId":"jenmarieng"},"content":"    public void execute(TaskManager taskManager, Ui ui, DataManager dataManager) {","lastModifiedDate":"2025-02-27","isFullCredit":false},{"lineNumber":18,"author":{"gitId":"jenmarieng"},"content":"        String output \u003d taskManager.addTask(taskType, taskInfo);","lastModifiedDate":"2025-02-27","isFullCredit":false},{"lineNumber":19,"author":{"gitId":"jenmarieng"},"content":"        ui.printCommandOutput(output);","lastModifiedDate":"2025-02-27","isFullCredit":false},{"lineNumber":20,"author":{"gitId":"jenmarieng"},"content":"        dataManager.saveTasksData(taskManager.getTasks());","lastModifiedDate":"2025-02-27","isFullCredit":false},{"lineNumber":21,"author":{"gitId":"jenmarieng"},"content":"    }","lastModifiedDate":"2025-02-27","isFullCredit":false},{"lineNumber":22,"author":{"gitId":"jenmarieng"},"content":"}","lastModifiedDate":"2025-02-27","isFullCredit":false}],"authorContributionMap":{"jenmarieng":22}},{"path":"src/main/java/hachi/command/ByeCommand.java","fileType":"java","lines":[{"lineNumber":1,"author":{"gitId":"jenmarieng"},"content":"package hachi.command;","lastModifiedDate":"2025-02-27","isFullCredit":false},{"lineNumber":2,"author":{"gitId":"jenmarieng"},"content":"","lastModifiedDate":"2025-02-27","isFullCredit":false},{"lineNumber":3,"author":{"gitId":"jenmarieng"},"content":"import hachi.DataManager;","lastModifiedDate":"2025-02-27","isFullCredit":false},{"lineNumber":4,"author":{"gitId":"jenmarieng"},"content":"import hachi.Ui;","lastModifiedDate":"2025-02-27","isFullCredit":false},{"lineNumber":5,"author":{"gitId":"jenmarieng"},"content":"import hachi.task.TaskManager;","lastModifiedDate":"2025-02-27","isFullCredit":false},{"lineNumber":6,"author":{"gitId":"jenmarieng"},"content":"","lastModifiedDate":"2025-02-27","isFullCredit":false},{"lineNumber":7,"author":{"gitId":"jenmarieng"},"content":"public class ByeCommand extends Command {","lastModifiedDate":"2025-02-27","isFullCredit":false},{"lineNumber":8,"author":{"gitId":"jenmarieng"},"content":"    @Override","lastModifiedDate":"2025-02-27","isFullCredit":false},{"lineNumber":9,"author":{"gitId":"jenmarieng"},"content":"    public void execute(TaskManager taskManager, Ui ui, DataManager dataManager) {","lastModifiedDate":"2025-02-27","isFullCredit":false},{"lineNumber":10,"author":{"gitId":"jenmarieng"},"content":"    }","lastModifiedDate":"2025-02-27","isFullCredit":false},{"lineNumber":11,"author":{"gitId":"jenmarieng"},"content":"","lastModifiedDate":"2025-02-27","isFullCredit":false},{"lineNumber":12,"author":{"gitId":"jenmarieng"},"content":"    public boolean isExit() {","lastModifiedDate":"2025-02-27","isFullCredit":false},{"lineNumber":13,"author":{"gitId":"jenmarieng"},"content":"        return true;","lastModifiedDate":"2025-02-27","isFullCredit":false},{"lineNumber":14,"author":{"gitId":"jenmarieng"},"content":"    }","lastModifiedDate":"2025-02-27","isFullCredit":false},{"lineNumber":15,"author":{"gitId":"jenmarieng"},"content":"}","lastModifiedDate":"2025-02-27","isFullCredit":false}],"authorContributionMap":{"jenmarieng":15}},{"path":"src/main/java/hachi/command/Command.java","fileType":"java","lines":[{"lineNumber":1,"author":{"gitId":"jenmarieng"},"content":"package hachi.command;","lastModifiedDate":"2025-02-27","isFullCredit":false},{"lineNumber":2,"author":{"gitId":"jenmarieng"},"content":"","lastModifiedDate":"2025-02-27","isFullCredit":false},{"lineNumber":3,"author":{"gitId":"jenmarieng"},"content":"import hachi.DataManager;","lastModifiedDate":"2025-02-27","isFullCredit":false},{"lineNumber":4,"author":{"gitId":"jenmarieng"},"content":"import hachi.Ui;","lastModifiedDate":"2025-02-27","isFullCredit":false},{"lineNumber":5,"author":{"gitId":"jenmarieng"},"content":"import hachi.task.TaskManager;","lastModifiedDate":"2025-02-27","isFullCredit":false},{"lineNumber":6,"author":{"gitId":"jenmarieng"},"content":"","lastModifiedDate":"2025-02-27","isFullCredit":false},{"lineNumber":7,"author":{"gitId":"jenmarieng"},"content":"public abstract class Command {","lastModifiedDate":"2025-02-27","isFullCredit":false},{"lineNumber":8,"author":{"gitId":"jenmarieng"},"content":"    public abstract void execute(TaskManager taskManager, Ui ui, DataManager dataManager);","lastModifiedDate":"2025-02-27","isFullCredit":false},{"lineNumber":9,"author":{"gitId":"jenmarieng"},"content":"","lastModifiedDate":"2025-02-27","isFullCredit":false},{"lineNumber":10,"author":{"gitId":"jenmarieng"},"content":"    public boolean isExit() {","lastModifiedDate":"2025-02-27","isFullCredit":false},{"lineNumber":11,"author":{"gitId":"jenmarieng"},"content":"        return false;","lastModifiedDate":"2025-02-27","isFullCredit":false},{"lineNumber":12,"author":{"gitId":"jenmarieng"},"content":"    }","lastModifiedDate":"2025-02-27","isFullCredit":false},{"lineNumber":13,"author":{"gitId":"jenmarieng"},"content":"}","lastModifiedDate":"2025-02-27","isFullCredit":false}],"authorContributionMap":{"jenmarieng":13}},{"path":"src/main/java/hachi/command/DeleteCommand.java","fileType":"java","lines":[{"lineNumber":1,"author":{"gitId":"jenmarieng"},"content":"package hachi.command;","lastModifiedDate":"2025-02-27","isFullCredit":false},{"lineNumber":2,"author":{"gitId":"jenmarieng"},"content":"","lastModifiedDate":"2025-02-27","isFullCredit":false},{"lineNumber":3,"author":{"gitId":"jenmarieng"},"content":"import hachi.DataManager;","lastModifiedDate":"2025-02-27","isFullCredit":false},{"lineNumber":4,"author":{"gitId":"jenmarieng"},"content":"import hachi.Ui;","lastModifiedDate":"2025-02-27","isFullCredit":false},{"lineNumber":5,"author":{"gitId":"jenmarieng"},"content":"import hachi.task.TaskManager;","lastModifiedDate":"2025-02-27","isFullCredit":false},{"lineNumber":6,"author":{"gitId":"jenmarieng"},"content":"","lastModifiedDate":"2025-02-27","isFullCredit":false},{"lineNumber":7,"author":{"gitId":"jenmarieng"},"content":"public class DeleteCommand extends Command {","lastModifiedDate":"2025-02-27","isFullCredit":false},{"lineNumber":8,"author":{"gitId":"jenmarieng"},"content":"    private final String taskIndex;","lastModifiedDate":"2025-02-27","isFullCredit":false},{"lineNumber":9,"author":{"gitId":"jenmarieng"},"content":"","lastModifiedDate":"2025-02-27","isFullCredit":false},{"lineNumber":10,"author":{"gitId":"jenmarieng"},"content":"    public DeleteCommand(String taskIndex) {","lastModifiedDate":"2025-02-27","isFullCredit":false},{"lineNumber":11,"author":{"gitId":"jenmarieng"},"content":"        this.taskIndex \u003d taskIndex;","lastModifiedDate":"2025-02-27","isFullCredit":false},{"lineNumber":12,"author":{"gitId":"jenmarieng"},"content":"","lastModifiedDate":"2025-02-27","isFullCredit":false},{"lineNumber":13,"author":{"gitId":"jenmarieng"},"content":"    }","lastModifiedDate":"2025-02-27","isFullCredit":false},{"lineNumber":14,"author":{"gitId":"jenmarieng"},"content":"","lastModifiedDate":"2025-02-27","isFullCredit":false},{"lineNumber":15,"author":{"gitId":"jenmarieng"},"content":"    @Override","lastModifiedDate":"2025-02-27","isFullCredit":false},{"lineNumber":16,"author":{"gitId":"jenmarieng"},"content":"    public void execute(TaskManager taskManager, Ui ui, DataManager dataManager) {","lastModifiedDate":"2025-02-27","isFullCredit":false},{"lineNumber":17,"author":{"gitId":"jenmarieng"},"content":"        String output \u003d taskManager.deleteTask(taskIndex);","lastModifiedDate":"2025-02-27","isFullCredit":false},{"lineNumber":18,"author":{"gitId":"jenmarieng"},"content":"        ui.printCommandOutput(output);","lastModifiedDate":"2025-02-27","isFullCredit":false},{"lineNumber":19,"author":{"gitId":"jenmarieng"},"content":"        dataManager.saveTasksData(taskManager.getTasks());","lastModifiedDate":"2025-02-27","isFullCredit":false},{"lineNumber":20,"author":{"gitId":"jenmarieng"},"content":"    }","lastModifiedDate":"2025-02-27","isFullCredit":false},{"lineNumber":21,"author":{"gitId":"jenmarieng"},"content":"}","lastModifiedDate":"2025-02-27","isFullCredit":false}],"authorContributionMap":{"jenmarieng":21}},{"path":"src/main/java/hachi/command/ListCommand.java","fileType":"java","lines":[{"lineNumber":1,"author":{"gitId":"jenmarieng"},"content":"package hachi.command;","lastModifiedDate":"2025-02-27","isFullCredit":false},{"lineNumber":2,"author":{"gitId":"jenmarieng"},"content":"","lastModifiedDate":"2025-02-27","isFullCredit":false},{"lineNumber":3,"author":{"gitId":"jenmarieng"},"content":"import hachi.DataManager;","lastModifiedDate":"2025-02-27","isFullCredit":false},{"lineNumber":4,"author":{"gitId":"jenmarieng"},"content":"import hachi.Ui;","lastModifiedDate":"2025-02-27","isFullCredit":false},{"lineNumber":5,"author":{"gitId":"jenmarieng"},"content":"import hachi.task.TaskManager;","lastModifiedDate":"2025-02-27","isFullCredit":false},{"lineNumber":6,"author":{"gitId":"jenmarieng"},"content":"","lastModifiedDate":"2025-02-27","isFullCredit":false},{"lineNumber":7,"author":{"gitId":"jenmarieng"},"content":"public class ListCommand extends Command {","lastModifiedDate":"2025-02-27","isFullCredit":false},{"lineNumber":8,"author":{"gitId":"jenmarieng"},"content":"","lastModifiedDate":"2025-02-27","isFullCredit":false},{"lineNumber":9,"author":{"gitId":"jenmarieng"},"content":"    @Override","lastModifiedDate":"2025-02-27","isFullCredit":false},{"lineNumber":10,"author":{"gitId":"jenmarieng"},"content":"    public void execute(TaskManager taskManager, Ui ui, DataManager dataManager) {","lastModifiedDate":"2025-02-27","isFullCredit":false},{"lineNumber":11,"author":{"gitId":"jenmarieng"},"content":"        String output \u003d taskManager.listTasks();","lastModifiedDate":"2025-02-27","isFullCredit":false},{"lineNumber":12,"author":{"gitId":"jenmarieng"},"content":"        ui.printCommandOutput(output);","lastModifiedDate":"2025-02-27","isFullCredit":false},{"lineNumber":13,"author":{"gitId":"jenmarieng"},"content":"    }","lastModifiedDate":"2025-02-27","isFullCredit":false},{"lineNumber":14,"author":{"gitId":"jenmarieng"},"content":"}","lastModifiedDate":"2025-02-27","isFullCredit":false}],"authorContributionMap":{"jenmarieng":14}},{"path":"src/main/java/hachi/command/MarkCommand.java","fileType":"java","lines":[{"lineNumber":1,"author":{"gitId":"jenmarieng"},"content":"package hachi.command;","lastModifiedDate":"2025-02-27","isFullCredit":false},{"lineNumber":2,"author":{"gitId":"jenmarieng"},"content":"","lastModifiedDate":"2025-02-27","isFullCredit":false},{"lineNumber":3,"author":{"gitId":"jenmarieng"},"content":"import hachi.DataManager;","lastModifiedDate":"2025-02-27","isFullCredit":false},{"lineNumber":4,"author":{"gitId":"jenmarieng"},"content":"import hachi.Ui;","lastModifiedDate":"2025-02-27","isFullCredit":false},{"lineNumber":5,"author":{"gitId":"jenmarieng"},"content":"import hachi.task.TaskManager;","lastModifiedDate":"2025-02-27","isFullCredit":false},{"lineNumber":6,"author":{"gitId":"jenmarieng"},"content":"","lastModifiedDate":"2025-02-27","isFullCredit":false},{"lineNumber":7,"author":{"gitId":"jenmarieng"},"content":"public class MarkCommand extends Command {","lastModifiedDate":"2025-02-27","isFullCredit":false},{"lineNumber":8,"author":{"gitId":"jenmarieng"},"content":"    private final String taskIndex;","lastModifiedDate":"2025-02-27","isFullCredit":false},{"lineNumber":9,"author":{"gitId":"jenmarieng"},"content":"","lastModifiedDate":"2025-02-27","isFullCredit":false},{"lineNumber":10,"author":{"gitId":"jenmarieng"},"content":"    public MarkCommand(String taskIndex) {","lastModifiedDate":"2025-02-27","isFullCredit":false},{"lineNumber":11,"author":{"gitId":"jenmarieng"},"content":"        this.taskIndex \u003d taskIndex;","lastModifiedDate":"2025-02-27","isFullCredit":false},{"lineNumber":12,"author":{"gitId":"jenmarieng"},"content":"    }","lastModifiedDate":"2025-02-27","isFullCredit":false},{"lineNumber":13,"author":{"gitId":"jenmarieng"},"content":"","lastModifiedDate":"2025-02-27","isFullCredit":false},{"lineNumber":14,"author":{"gitId":"jenmarieng"},"content":"    @Override","lastModifiedDate":"2025-02-27","isFullCredit":false},{"lineNumber":15,"author":{"gitId":"jenmarieng"},"content":"    public void execute(TaskManager taskManager, Ui ui, DataManager dataManager) {","lastModifiedDate":"2025-02-27","isFullCredit":false},{"lineNumber":16,"author":{"gitId":"jenmarieng"},"content":"        String output \u003d taskManager.markTaskAsDone(taskIndex);","lastModifiedDate":"2025-02-27","isFullCredit":false},{"lineNumber":17,"author":{"gitId":"jenmarieng"},"content":"        ui.printCommandOutput(output);","lastModifiedDate":"2025-02-27","isFullCredit":false},{"lineNumber":18,"author":{"gitId":"jenmarieng"},"content":"        dataManager.saveTasksData(taskManager.getTasks());","lastModifiedDate":"2025-02-27","isFullCredit":false},{"lineNumber":19,"author":{"gitId":"jenmarieng"},"content":"    }","lastModifiedDate":"2025-02-27","isFullCredit":false},{"lineNumber":20,"author":{"gitId":"jenmarieng"},"content":"}","lastModifiedDate":"2025-02-27","isFullCredit":false}],"authorContributionMap":{"jenmarieng":20}},{"path":"src/main/java/hachi/command/UnmarkCommand.java","fileType":"java","lines":[{"lineNumber":1,"author":{"gitId":"jenmarieng"},"content":"package hachi.command;","lastModifiedDate":"2025-02-27","isFullCredit":false},{"lineNumber":2,"author":{"gitId":"jenmarieng"},"content":"","lastModifiedDate":"2025-02-27","isFullCredit":false},{"lineNumber":3,"author":{"gitId":"jenmarieng"},"content":"import hachi.DataManager;","lastModifiedDate":"2025-02-27","isFullCredit":false},{"lineNumber":4,"author":{"gitId":"jenmarieng"},"content":"import hachi.Ui;","lastModifiedDate":"2025-02-27","isFullCredit":false},{"lineNumber":5,"author":{"gitId":"jenmarieng"},"content":"import hachi.task.TaskManager;","lastModifiedDate":"2025-02-27","isFullCredit":false},{"lineNumber":6,"author":{"gitId":"jenmarieng"},"content":"","lastModifiedDate":"2025-02-27","isFullCredit":false},{"lineNumber":7,"author":{"gitId":"jenmarieng"},"content":"public class UnmarkCommand extends Command {","lastModifiedDate":"2025-02-27","isFullCredit":false},{"lineNumber":8,"author":{"gitId":"jenmarieng"},"content":"    private final String taskIndex;","lastModifiedDate":"2025-02-27","isFullCredit":false},{"lineNumber":9,"author":{"gitId":"jenmarieng"},"content":"","lastModifiedDate":"2025-02-27","isFullCredit":false},{"lineNumber":10,"author":{"gitId":"jenmarieng"},"content":"    public UnmarkCommand(String taskIndex) {","lastModifiedDate":"2025-02-27","isFullCredit":false},{"lineNumber":11,"author":{"gitId":"jenmarieng"},"content":"        this.taskIndex \u003d taskIndex;","lastModifiedDate":"2025-02-27","isFullCredit":false},{"lineNumber":12,"author":{"gitId":"jenmarieng"},"content":"    }","lastModifiedDate":"2025-02-27","isFullCredit":false},{"lineNumber":13,"author":{"gitId":"jenmarieng"},"content":"","lastModifiedDate":"2025-02-27","isFullCredit":false},{"lineNumber":14,"author":{"gitId":"jenmarieng"},"content":"    @Override","lastModifiedDate":"2025-02-27","isFullCredit":false},{"lineNumber":15,"author":{"gitId":"jenmarieng"},"content":"    public void execute(TaskManager taskManager, Ui ui, DataManager dataManager) {","lastModifiedDate":"2025-02-27","isFullCredit":false},{"lineNumber":16,"author":{"gitId":"jenmarieng"},"content":"        String output \u003d taskManager.markTaskAsNotDone(taskIndex);","lastModifiedDate":"2025-02-27","isFullCredit":false},{"lineNumber":17,"author":{"gitId":"jenmarieng"},"content":"        ui.printCommandOutput(output);","lastModifiedDate":"2025-02-27","isFullCredit":false},{"lineNumber":18,"author":{"gitId":"jenmarieng"},"content":"        dataManager.saveTasksData(taskManager.getTasks());","lastModifiedDate":"2025-02-27","isFullCredit":false},{"lineNumber":19,"author":{"gitId":"jenmarieng"},"content":"    }","lastModifiedDate":"2025-02-27","isFullCredit":false},{"lineNumber":20,"author":{"gitId":"jenmarieng"},"content":"}","lastModifiedDate":"2025-02-27","isFullCredit":false}],"authorContributionMap":{"jenmarieng":20}},{"path":"src/main/java/hachi/main/Hachi.java","fileType":"java","lines":[{"lineNumber":1,"author":{"gitId":"jenmarieng"},"content":"package hachi.main;","lastModifiedDate":"2025-02-14","isFullCredit":false},{"lineNumber":2,"author":{"gitId":"jenmarieng"},"content":"","lastModifiedDate":"2025-02-14","isFullCredit":false},{"lineNumber":3,"author":{"gitId":"jenmarieng"},"content":"import java.util.Scanner;","lastModifiedDate":"2025-01-30","isFullCredit":false},{"lineNumber":4,"author":{"gitId":"jenmarieng"},"content":"","lastModifiedDate":"2025-02-27","isFullCredit":false},{"lineNumber":5,"author":{"gitId":"jenmarieng"},"content":"import hachi.Ui;","lastModifiedDate":"2025-02-27","isFullCredit":false},{"lineNumber":6,"author":{"gitId":"jenmarieng"},"content":"import hachi.DataManager;","lastModifiedDate":"2025-02-27","isFullCredit":false},{"lineNumber":7,"author":{"gitId":"jenmarieng"},"content":"import hachi.command.Command;","lastModifiedDate":"2025-02-27","isFullCredit":false},{"lineNumber":8,"author":{"gitId":"jenmarieng"},"content":"import hachi.task.TaskManager;","lastModifiedDate":"2025-02-14","isFullCredit":false},{"lineNumber":9,"author":{"gitId":"jenmarieng"},"content":"import hachi.Parser;","lastModifiedDate":"2025-02-27","isFullCredit":false},{"lineNumber":10,"author":{"gitId":"jenmarieng"},"content":"","lastModifiedDate":"2025-01-30","isFullCredit":false},{"lineNumber":11,"author":{"gitId":"jenmarieng"},"content":"public class Hachi {","lastModifiedDate":"2025-01-23","isFullCredit":false},{"lineNumber":12,"author":{"gitId":"jenmarieng"},"content":"","lastModifiedDate":"2025-01-30","isFullCredit":false},{"lineNumber":13,"author":{"gitId":"jenmarieng"},"content":"    private final Ui ui;","lastModifiedDate":"2025-02-27","isFullCredit":false},{"lineNumber":14,"author":{"gitId":"jenmarieng"},"content":"    private final TaskManager taskManager;","lastModifiedDate":"2025-02-27","isFullCredit":false},{"lineNumber":15,"author":{"gitId":"jenmarieng"},"content":"    private final DataManager dataManager;","lastModifiedDate":"2025-02-27","isFullCredit":false},{"lineNumber":16,"author":{"gitId":"jenmarieng"},"content":"","lastModifiedDate":"2025-01-30","isFullCredit":false},{"lineNumber":17,"author":{"gitId":"jenmarieng"},"content":"    public Hachi(String filePath) {","lastModifiedDate":"2025-02-27","isFullCredit":false},{"lineNumber":18,"author":{"gitId":"jenmarieng"},"content":"        this.ui \u003d new Ui();","lastModifiedDate":"2025-02-27","isFullCredit":false},{"lineNumber":19,"author":{"gitId":"jenmarieng"},"content":"        this.dataManager \u003d new DataManager(filePath);","lastModifiedDate":"2025-02-27","isFullCredit":false},{"lineNumber":20,"author":{"gitId":"jenmarieng"},"content":"        this.taskManager \u003d new TaskManager(dataManager.loadTasksData());","lastModifiedDate":"2025-02-27","isFullCredit":false},{"lineNumber":21,"author":{"gitId":"jenmarieng"},"content":"    }","lastModifiedDate":"2025-02-27","isFullCredit":false},{"lineNumber":22,"author":{"gitId":"jenmarieng"},"content":"","lastModifiedDate":"2025-01-30","isFullCredit":false},{"lineNumber":23,"author":{"gitId":"jenmarieng"},"content":"    public void run() {","lastModifiedDate":"2025-02-27","isFullCredit":false},{"lineNumber":24,"author":{"gitId":"jenmarieng"},"content":"        ui.printHello();","lastModifiedDate":"2025-02-27","isFullCredit":false},{"lineNumber":25,"author":{"gitId":"jenmarieng"},"content":"        String userInput;","lastModifiedDate":"2025-02-27","isFullCredit":false},{"lineNumber":26,"author":{"gitId":"jenmarieng"},"content":"","lastModifiedDate":"2025-02-06","isFullCredit":false},{"lineNumber":27,"author":{"gitId":"jenmarieng"},"content":"        boolean isExit \u003d false;","lastModifiedDate":"2025-02-27","isFullCredit":false},{"lineNumber":28,"author":{"gitId":"jenmarieng"},"content":"        while (!isExit) {","lastModifiedDate":"2025-02-27","isFullCredit":false},{"lineNumber":29,"author":{"gitId":"jenmarieng"},"content":"            try {","lastModifiedDate":"2025-02-12","isFullCredit":false},{"lineNumber":30,"author":{"gitId":"jenmarieng"},"content":"                userInput \u003d ui.readUserInput();","lastModifiedDate":"2025-02-27","isFullCredit":false},{"lineNumber":31,"author":{"gitId":"jenmarieng"},"content":"                Command command \u003d Parser.parse(userInput);","lastModifiedDate":"2025-02-27","isFullCredit":false},{"lineNumber":32,"author":{"gitId":"jenmarieng"},"content":"                command.execute(taskManager, ui, dataManager);","lastModifiedDate":"2025-02-27","isFullCredit":false},{"lineNumber":33,"author":{"gitId":"jenmarieng"},"content":"                isExit \u003d command.isExit();","lastModifiedDate":"2025-02-27","isFullCredit":false},{"lineNumber":34,"author":{"gitId":"jenmarieng"},"content":"            } catch (HachiException e) {","lastModifiedDate":"2025-02-12","isFullCredit":false},{"lineNumber":35,"author":{"gitId":"jenmarieng"},"content":"                ui.printError(e);","lastModifiedDate":"2025-02-27","isFullCredit":false},{"lineNumber":36,"author":{"gitId":"jenmarieng"},"content":"            }","lastModifiedDate":"2025-02-12","isFullCredit":false},{"lineNumber":37,"author":{"gitId":"jenmarieng"},"content":"        }","lastModifiedDate":"2025-01-30","isFullCredit":false},{"lineNumber":38,"author":{"gitId":"jenmarieng"},"content":"        ui.printBye();","lastModifiedDate":"2025-02-27","isFullCredit":false},{"lineNumber":39,"author":{"gitId":"jenmarieng"},"content":"    }","lastModifiedDate":"2025-02-27","isFullCredit":false},{"lineNumber":40,"author":{"gitId":"jenmarieng"},"content":"","lastModifiedDate":"2025-02-27","isFullCredit":false},{"lineNumber":41,"author":{"gitId":"jenmarieng"},"content":"    public static void main(String[] args) {","lastModifiedDate":"2025-02-27","isFullCredit":false},{"lineNumber":42,"author":{"gitId":"jenmarieng"},"content":"        new Hachi(\"./data/hachi.txt\").run();","lastModifiedDate":"2025-02-27","isFullCredit":false},{"lineNumber":43,"author":{"gitId":"jenmarieng"},"content":"    }","lastModifiedDate":"2025-01-23","isFullCredit":false},{"lineNumber":44,"author":{"gitId":"jenmarieng"},"content":"}","lastModifiedDate":"2025-01-23","isFullCredit":false}],"authorContributionMap":{"jenmarieng":44}},{"path":"src/main/java/hachi/main/HachiException.java","fileType":"java","lines":[{"lineNumber":1,"author":{"gitId":"jenmarieng"},"content":"package hachi.main;","lastModifiedDate":"2025-02-14","isFullCredit":false},{"lineNumber":2,"author":{"gitId":"jenmarieng"},"content":"","lastModifiedDate":"2025-02-14","isFullCredit":false},{"lineNumber":3,"author":{"gitId":"jenmarieng"},"content":"public class HachiException extends Exception {","lastModifiedDate":"2025-02-12","isFullCredit":false},{"lineNumber":4,"author":{"gitId":"jenmarieng"},"content":"    public HachiException(String message) {","lastModifiedDate":"2025-02-12","isFullCredit":false},{"lineNumber":5,"author":{"gitId":"jenmarieng"},"content":"        super(message);","lastModifiedDate":"2025-02-12","isFullCredit":false},{"lineNumber":6,"author":{"gitId":"jenmarieng"},"content":"    }","lastModifiedDate":"2025-02-12","isFullCredit":false},{"lineNumber":7,"author":{"gitId":"jenmarieng"},"content":"}","lastModifiedDate":"2025-02-12","isFullCredit":false}],"authorContributionMap":{"jenmarieng":7}},{"path":"src/main/java/hachi/task/Deadline.java","fileType":"java","lines":[{"lineNumber":1,"author":{"gitId":"jenmarieng"},"content":"package hachi.task;","lastModifiedDate":"2025-02-14","isFullCredit":false},{"lineNumber":2,"author":{"gitId":"jenmarieng"},"content":"","lastModifiedDate":"2025-02-14","isFullCredit":false},{"lineNumber":3,"author":{"gitId":"jenmarieng"},"content":"public class Deadline extends Task {","lastModifiedDate":"2025-02-06","isFullCredit":false},{"lineNumber":4,"author":{"gitId":"jenmarieng"},"content":"","lastModifiedDate":"2025-02-06","isFullCredit":false},{"lineNumber":5,"author":{"gitId":"jenmarieng"},"content":"    protected String by;","lastModifiedDate":"2025-02-06","isFullCredit":false},{"lineNumber":6,"author":{"gitId":"jenmarieng"},"content":"","lastModifiedDate":"2025-02-06","isFullCredit":false},{"lineNumber":7,"author":{"gitId":"jenmarieng"},"content":"    public Deadline(String description, String by) {","lastModifiedDate":"2025-02-06","isFullCredit":false},{"lineNumber":8,"author":{"gitId":"jenmarieng"},"content":"        super(description);","lastModifiedDate":"2025-02-06","isFullCredit":false},{"lineNumber":9,"author":{"gitId":"jenmarieng"},"content":"        this.by \u003d by;","lastModifiedDate":"2025-02-06","isFullCredit":false},{"lineNumber":10,"author":{"gitId":"jenmarieng"},"content":"    }","lastModifiedDate":"2025-02-06","isFullCredit":false},{"lineNumber":11,"author":{"gitId":"jenmarieng"},"content":"","lastModifiedDate":"2025-02-06","isFullCredit":false},{"lineNumber":12,"author":{"gitId":"jenmarieng"},"content":"    @Override","lastModifiedDate":"2025-02-06","isFullCredit":false},{"lineNumber":13,"author":{"gitId":"jenmarieng"},"content":"    public String toString() {","lastModifiedDate":"2025-02-06","isFullCredit":false},{"lineNumber":14,"author":{"gitId":"jenmarieng"},"content":"        return \"[D]\" + super.toString() + \" (by: \" + by + \")\";","lastModifiedDate":"2025-02-06","isFullCredit":false},{"lineNumber":15,"author":{"gitId":"jenmarieng"},"content":"    }","lastModifiedDate":"2025-02-06","isFullCredit":false},{"lineNumber":16,"author":{"gitId":"jenmarieng"},"content":"}","lastModifiedDate":"2025-02-06","isFullCredit":false}],"authorContributionMap":{"jenmarieng":16}},{"path":"src/main/java/hachi/task/Event.java","fileType":"java","lines":[{"lineNumber":1,"author":{"gitId":"jenmarieng"},"content":"package hachi.task;","lastModifiedDate":"2025-02-14","isFullCredit":false},{"lineNumber":2,"author":{"gitId":"jenmarieng"},"content":"","lastModifiedDate":"2025-02-14","isFullCredit":false},{"lineNumber":3,"author":{"gitId":"jenmarieng"},"content":"public class Event extends Task {","lastModifiedDate":"2025-02-06","isFullCredit":false},{"lineNumber":4,"author":{"gitId":"jenmarieng"},"content":"","lastModifiedDate":"2025-02-06","isFullCredit":false},{"lineNumber":5,"author":{"gitId":"jenmarieng"},"content":"    protected String from;","lastModifiedDate":"2025-02-06","isFullCredit":false},{"lineNumber":6,"author":{"gitId":"jenmarieng"},"content":"    protected String to;","lastModifiedDate":"2025-02-06","isFullCredit":false},{"lineNumber":7,"author":{"gitId":"jenmarieng"},"content":"","lastModifiedDate":"2025-02-06","isFullCredit":false},{"lineNumber":8,"author":{"gitId":"jenmarieng"},"content":"    public Event(String description, String from, String to) {","lastModifiedDate":"2025-02-06","isFullCredit":false},{"lineNumber":9,"author":{"gitId":"jenmarieng"},"content":"        super(description);","lastModifiedDate":"2025-02-06","isFullCredit":false},{"lineNumber":10,"author":{"gitId":"jenmarieng"},"content":"        this.from \u003d from;","lastModifiedDate":"2025-02-06","isFullCredit":false},{"lineNumber":11,"author":{"gitId":"jenmarieng"},"content":"        this.to \u003d to;","lastModifiedDate":"2025-02-06","isFullCredit":false},{"lineNumber":12,"author":{"gitId":"jenmarieng"},"content":"    }","lastModifiedDate":"2025-02-06","isFullCredit":false},{"lineNumber":13,"author":{"gitId":"jenmarieng"},"content":"","lastModifiedDate":"2025-02-06","isFullCredit":false},{"lineNumber":14,"author":{"gitId":"jenmarieng"},"content":"    @Override","lastModifiedDate":"2025-02-06","isFullCredit":false},{"lineNumber":15,"author":{"gitId":"jenmarieng"},"content":"    public String toString() {","lastModifiedDate":"2025-02-06","isFullCredit":false},{"lineNumber":16,"author":{"gitId":"jenmarieng"},"content":"        return \"[E]\" + super.toString() + \" (from: \" + from + \" to: \" + to + \")\";","lastModifiedDate":"2025-02-06","isFullCredit":false},{"lineNumber":17,"author":{"gitId":"jenmarieng"},"content":"    }","lastModifiedDate":"2025-02-06","isFullCredit":false},{"lineNumber":18,"author":{"gitId":"jenmarieng"},"content":"}","lastModifiedDate":"2025-02-06","isFullCredit":false},{"lineNumber":19,"author":{"gitId":"jenmarieng"},"content":"","lastModifiedDate":"2025-02-06","isFullCredit":false}],"authorContributionMap":{"jenmarieng":19}},{"path":"src/main/java/hachi/task/Task.java","fileType":"java","lines":[{"lineNumber":1,"author":{"gitId":"jenmarieng"},"content":"package hachi.task;","lastModifiedDate":"2025-02-14","isFullCredit":false},{"lineNumber":2,"author":{"gitId":"jenmarieng"},"content":"","lastModifiedDate":"2025-02-14","isFullCredit":false},{"lineNumber":3,"author":{"gitId":"jenmarieng"},"content":"public class Task {","lastModifiedDate":"2025-01-30","isFullCredit":false},{"lineNumber":4,"author":{"gitId":"jenmarieng"},"content":"    protected String description;","lastModifiedDate":"2025-01-30","isFullCredit":false},{"lineNumber":5,"author":{"gitId":"jenmarieng"},"content":"    protected boolean isDone;","lastModifiedDate":"2025-01-30","isFullCredit":false},{"lineNumber":6,"author":{"gitId":"jenmarieng"},"content":"","lastModifiedDate":"2025-01-30","isFullCredit":false},{"lineNumber":7,"author":{"gitId":"jenmarieng"},"content":"    public Task(String description) {","lastModifiedDate":"2025-01-30","isFullCredit":false},{"lineNumber":8,"author":{"gitId":"jenmarieng"},"content":"        this.description \u003d description;","lastModifiedDate":"2025-01-30","isFullCredit":false},{"lineNumber":9,"author":{"gitId":"jenmarieng"},"content":"        this.isDone \u003d false;","lastModifiedDate":"2025-01-30","isFullCredit":false},{"lineNumber":10,"author":{"gitId":"jenmarieng"},"content":"    }","lastModifiedDate":"2025-01-30","isFullCredit":false},{"lineNumber":11,"author":{"gitId":"jenmarieng"},"content":"","lastModifiedDate":"2025-01-30","isFullCredit":false},{"lineNumber":12,"author":{"gitId":"jenmarieng"},"content":"    public void markAsDone() {","lastModifiedDate":"2025-01-30","isFullCredit":false},{"lineNumber":13,"author":{"gitId":"jenmarieng"},"content":"        isDone \u003d true;","lastModifiedDate":"2025-01-30","isFullCredit":false},{"lineNumber":14,"author":{"gitId":"jenmarieng"},"content":"    }","lastModifiedDate":"2025-01-30","isFullCredit":false},{"lineNumber":15,"author":{"gitId":"jenmarieng"},"content":"","lastModifiedDate":"2025-01-30","isFullCredit":false},{"lineNumber":16,"author":{"gitId":"jenmarieng"},"content":"    public void markAsNotDone() {","lastModifiedDate":"2025-01-30","isFullCredit":false},{"lineNumber":17,"author":{"gitId":"jenmarieng"},"content":"        isDone \u003d false;","lastModifiedDate":"2025-01-30","isFullCredit":false},{"lineNumber":18,"author":{"gitId":"jenmarieng"},"content":"    }","lastModifiedDate":"2025-01-30","isFullCredit":false},{"lineNumber":19,"author":{"gitId":"jenmarieng"},"content":"","lastModifiedDate":"2025-01-30","isFullCredit":false},{"lineNumber":20,"author":{"gitId":"jenmarieng"},"content":"    public boolean isTaskDone() {","lastModifiedDate":"2025-02-02","isFullCredit":false},{"lineNumber":21,"author":{"gitId":"jenmarieng"},"content":"        return isDone;","lastModifiedDate":"2025-02-02","isFullCredit":false},{"lineNumber":22,"author":{"gitId":"jenmarieng"},"content":"    }","lastModifiedDate":"2025-02-02","isFullCredit":false},{"lineNumber":23,"author":{"gitId":"jenmarieng"},"content":"","lastModifiedDate":"2025-02-02","isFullCredit":false},{"lineNumber":24,"author":{"gitId":"jenmarieng"},"content":"    public String getStatusIcon() {","lastModifiedDate":"2025-01-30","isFullCredit":false},{"lineNumber":25,"author":{"gitId":"jenmarieng"},"content":"        return (isDone ? \"[X] \" : \"[ ] \");","lastModifiedDate":"2025-01-30","isFullCredit":false},{"lineNumber":26,"author":{"gitId":"jenmarieng"},"content":"    }","lastModifiedDate":"2025-01-30","isFullCredit":false},{"lineNumber":27,"author":{"gitId":"jenmarieng"},"content":"","lastModifiedDate":"2025-01-30","isFullCredit":false},{"lineNumber":28,"author":{"gitId":"jenmarieng"},"content":"    public String toString() {","lastModifiedDate":"2025-02-06","isFullCredit":false},{"lineNumber":29,"author":{"gitId":"jenmarieng"},"content":"        return getStatusIcon() + description;","lastModifiedDate":"2025-01-30","isFullCredit":false},{"lineNumber":30,"author":{"gitId":"jenmarieng"},"content":"    }","lastModifiedDate":"2025-01-30","isFullCredit":false},{"lineNumber":31,"author":{"gitId":"jenmarieng"},"content":"}","lastModifiedDate":"2025-01-30","isFullCredit":false}],"authorContributionMap":{"jenmarieng":31}},{"path":"src/main/java/hachi/task/TaskManager.java","fileType":"java","lines":[{"lineNumber":1,"author":{"gitId":"jenmarieng"},"content":"package hachi.task;","lastModifiedDate":"2025-02-14","isFullCredit":false},{"lineNumber":2,"author":{"gitId":"jenmarieng"},"content":"","lastModifiedDate":"2025-02-14","isFullCredit":false},{"lineNumber":3,"author":{"gitId":"jenmarieng"},"content":"import hachi.main.HachiException;","lastModifiedDate":"2025-02-14","isFullCredit":false},{"lineNumber":4,"author":{"gitId":"jenmarieng"},"content":"","lastModifiedDate":"2025-02-27","isFullCredit":false},{"lineNumber":5,"author":{"gitId":"jenmarieng"},"content":"import java.util.ArrayList;","lastModifiedDate":"2025-02-18","isFullCredit":false},{"lineNumber":6,"author":{"gitId":"jenmarieng"},"content":"","lastModifiedDate":"2025-02-27","isFullCredit":false},{"lineNumber":7,"author":{"gitId":"jenmarieng"},"content":"","lastModifiedDate":"2025-02-18","isFullCredit":false},{"lineNumber":8,"author":{"gitId":"jenmarieng"},"content":"public class TaskManager {","lastModifiedDate":"2025-01-30","isFullCredit":false},{"lineNumber":9,"author":{"gitId":"jenmarieng"},"content":"    public static final String TODO \u003d \"todo\";","lastModifiedDate":"2025-02-27","isFullCredit":false},{"lineNumber":10,"author":{"gitId":"jenmarieng"},"content":"    public static final String DEADLINE \u003d \"deadline\";","lastModifiedDate":"2025-02-27","isFullCredit":false},{"lineNumber":11,"author":{"gitId":"jenmarieng"},"content":"    public static final String EVENT \u003d \"event\";","lastModifiedDate":"2025-02-27","isFullCredit":false},{"lineNumber":12,"author":{"gitId":"jenmarieng"},"content":"    public static final int TODO_PREFIX_LENGTH \u003d \"todo \".length();","lastModifiedDate":"2025-02-12","isFullCredit":false},{"lineNumber":13,"author":{"gitId":"jenmarieng"},"content":"    public static final int DEADLINE_PREFIX_LENGTH \u003d \"deadline \".length();","lastModifiedDate":"2025-02-12","isFullCredit":false},{"lineNumber":14,"author":{"gitId":"jenmarieng"},"content":"    public static final int EVENT_PREFIX_LENGTH \u003d \"event \".length();","lastModifiedDate":"2025-02-12","isFullCredit":false},{"lineNumber":15,"author":{"gitId":"jenmarieng"},"content":"    public static final int BY_PREFIX_LENGTH \u003d \"/by\".length();","lastModifiedDate":"2025-02-12","isFullCredit":false},{"lineNumber":16,"author":{"gitId":"jenmarieng"},"content":"    public static final int FROM_PREFIX_LENGTH \u003d \"/from\".length();","lastModifiedDate":"2025-02-12","isFullCredit":false},{"lineNumber":17,"author":{"gitId":"jenmarieng"},"content":"    public static final int TO_PREFIX_LENGTH \u003d \"/to\".length();","lastModifiedDate":"2025-02-12","isFullCredit":false},{"lineNumber":18,"author":{"gitId":"jenmarieng"},"content":"    public static final int MARK_PREFIX_LENGTH \u003d \"mark\".length();","lastModifiedDate":"2025-02-12","isFullCredit":false},{"lineNumber":19,"author":{"gitId":"jenmarieng"},"content":"    public static final int UNMARK_PREFIX_LENGTH \u003d \"unmark\".length();","lastModifiedDate":"2025-02-12","isFullCredit":false},{"lineNumber":20,"author":{"gitId":"jenmarieng"},"content":"    public static final int DELETE_PREFIX_LENGTH \u003d \"delete\".length();","lastModifiedDate":"2025-02-18","isFullCredit":false},{"lineNumber":21,"author":{"gitId":"jenmarieng"},"content":"","lastModifiedDate":"2025-02-12","isFullCredit":false},{"lineNumber":22,"author":{"gitId":"jenmarieng"},"content":"    private final ArrayList\u003cTask\u003e tasks;","lastModifiedDate":"2025-02-27","isFullCredit":false},{"lineNumber":23,"author":{"gitId":"jenmarieng"},"content":"","lastModifiedDate":"2025-02-27","isFullCredit":false},{"lineNumber":24,"author":{"gitId":"jenmarieng"},"content":"    public TaskManager(ArrayList\u003cTask\u003e tasks) {","lastModifiedDate":"2025-02-27","isFullCredit":false},{"lineNumber":25,"author":{"gitId":"jenmarieng"},"content":"        this.tasks \u003d tasks;","lastModifiedDate":"2025-02-27","isFullCredit":false},{"lineNumber":26,"author":{"gitId":"jenmarieng"},"content":"    }","lastModifiedDate":"2025-02-27","isFullCredit":false},{"lineNumber":27,"author":{"gitId":"jenmarieng"},"content":"","lastModifiedDate":"2025-02-19","isFullCredit":false},{"lineNumber":28,"author":{"gitId":"jenmarieng"},"content":"    public ArrayList\u003cTask\u003e getTasks() {","lastModifiedDate":"2025-02-27","isFullCredit":false},{"lineNumber":29,"author":{"gitId":"jenmarieng"},"content":"        return tasks;","lastModifiedDate":"2025-02-27","isFullCredit":false},{"lineNumber":30,"author":{"gitId":"jenmarieng"},"content":"    }","lastModifiedDate":"2025-02-19","isFullCredit":false},{"lineNumber":31,"author":{"gitId":"jenmarieng"},"content":"","lastModifiedDate":"2025-01-30","isFullCredit":false},{"lineNumber":32,"author":{"gitId":"jenmarieng"},"content":"    public String addTask(String taskType, String taskInfo) {","lastModifiedDate":"2025-02-27","isFullCredit":false},{"lineNumber":33,"author":{"gitId":"jenmarieng"},"content":"        Task task;","lastModifiedDate":"2025-02-06","isFullCredit":false},{"lineNumber":34,"author":{"gitId":"jenmarieng"},"content":"","lastModifiedDate":"2025-02-06","isFullCredit":false},{"lineNumber":35,"author":{"gitId":"jenmarieng"},"content":"        try {","lastModifiedDate":"2025-02-27","isFullCredit":false},{"lineNumber":36,"author":{"gitId":"jenmarieng"},"content":"            switch (taskType) {","lastModifiedDate":"2025-02-06","isFullCredit":false},{"lineNumber":37,"author":{"gitId":"jenmarieng"},"content":"            case TODO:","lastModifiedDate":"2025-02-27","isFullCredit":false},{"lineNumber":38,"author":{"gitId":"jenmarieng"},"content":"                task \u003d addTodo(taskInfo);","lastModifiedDate":"2025-02-07","isFullCredit":false},{"lineNumber":39,"author":{"gitId":"jenmarieng"},"content":"                break;","lastModifiedDate":"2025-02-06","isFullCredit":false},{"lineNumber":40,"author":{"gitId":"jenmarieng"},"content":"            case DEADLINE:","lastModifiedDate":"2025-02-27","isFullCredit":false},{"lineNumber":41,"author":{"gitId":"jenmarieng"},"content":"                task \u003d addDeadline(taskInfo);","lastModifiedDate":"2025-02-07","isFullCredit":false},{"lineNumber":42,"author":{"gitId":"jenmarieng"},"content":"                break;","lastModifiedDate":"2025-02-07","isFullCredit":false},{"lineNumber":43,"author":{"gitId":"jenmarieng"},"content":"            case EVENT:","lastModifiedDate":"2025-02-27","isFullCredit":false},{"lineNumber":44,"author":{"gitId":"jenmarieng"},"content":"                task \u003d addEvent(taskInfo);","lastModifiedDate":"2025-02-07","isFullCredit":false},{"lineNumber":45,"author":{"gitId":"jenmarieng"},"content":"                break;","lastModifiedDate":"2025-02-07","isFullCredit":false},{"lineNumber":46,"author":{"gitId":"jenmarieng"},"content":"            default:","lastModifiedDate":"2025-02-07","isFullCredit":false},{"lineNumber":47,"author":{"gitId":"jenmarieng"},"content":"                return (\"Woof? I don\u0027t understand. Try starting with todo, deadline or event!\");","lastModifiedDate":"2025-02-27","isFullCredit":false},{"lineNumber":48,"author":{"gitId":"jenmarieng"},"content":"            }","lastModifiedDate":"2025-02-07","isFullCredit":false},{"lineNumber":49,"author":{"gitId":"jenmarieng"},"content":"            tasks.add(task);","lastModifiedDate":"2025-02-18","isFullCredit":false},{"lineNumber":50,"author":{"gitId":"jenmarieng"},"content":"            return (\"Arf! I\u0027ve added this task:\\n  \" + task + \"\\nNow you have \" + tasks.size() + \" tasks in the list.\");","lastModifiedDate":"2025-02-27","isFullCredit":false},{"lineNumber":51,"author":{"gitId":"jenmarieng"},"content":"        } catch (HachiException e) {","lastModifiedDate":"2025-02-27","isFullCredit":false},{"lineNumber":52,"author":{"gitId":"jenmarieng"},"content":"            return e.getMessage();","lastModifiedDate":"2025-02-27","isFullCredit":false},{"lineNumber":53,"author":{"gitId":"jenmarieng"},"content":"        }","lastModifiedDate":"2025-02-27","isFullCredit":false},{"lineNumber":54,"author":{"gitId":"jenmarieng"},"content":"    }","lastModifiedDate":"2025-02-12","isFullCredit":false},{"lineNumber":55,"author":{"gitId":"jenmarieng"},"content":"","lastModifiedDate":"2025-02-12","isFullCredit":false},{"lineNumber":56,"author":{"gitId":"jenmarieng"},"content":"    public Task addTodo(String taskInfo) throws HachiException {","lastModifiedDate":"2025-02-12","isFullCredit":false},{"lineNumber":57,"author":{"gitId":"jenmarieng"},"content":"        if (taskInfo.length() \u003c\u003d TODO_PREFIX_LENGTH) {","lastModifiedDate":"2025-02-12","isFullCredit":false},{"lineNumber":58,"author":{"gitId":"jenmarieng"},"content":"            throw new HachiException(\"Woof? So, what do you want to do?\");","lastModifiedDate":"2025-02-12","isFullCredit":false},{"lineNumber":59,"author":{"gitId":"jenmarieng"},"content":"        }","lastModifiedDate":"2025-02-07","isFullCredit":false},{"lineNumber":60,"author":{"gitId":"jenmarieng"},"content":"","lastModifiedDate":"2025-02-07","isFullCredit":false},{"lineNumber":61,"author":{"gitId":"jenmarieng"},"content":"        String description \u003d taskInfo.substring(TODO_PREFIX_LENGTH).trim();","lastModifiedDate":"2025-02-12","isFullCredit":false},{"lineNumber":62,"author":{"gitId":"jenmarieng"},"content":"        return new Todo(description);","lastModifiedDate":"2025-02-07","isFullCredit":false},{"lineNumber":63,"author":{"gitId":"jenmarieng"},"content":"    }","lastModifiedDate":"2025-02-07","isFullCredit":false},{"lineNumber":64,"author":{"gitId":"jenmarieng"},"content":"","lastModifiedDate":"2025-02-07","isFullCredit":false},{"lineNumber":65,"author":{"gitId":"jenmarieng"},"content":"    public Task addDeadline(String taskInfo) throws HachiException {","lastModifiedDate":"2025-02-12","isFullCredit":false},{"lineNumber":66,"author":{"gitId":"jenmarieng"},"content":"        if (taskInfo.length() \u003c\u003d DEADLINE_PREFIX_LENGTH) {","lastModifiedDate":"2025-02-12","isFullCredit":false},{"lineNumber":67,"author":{"gitId":"jenmarieng"},"content":"            throw new HachiException(\"Woof? So, what do you want to do?\");","lastModifiedDate":"2025-02-12","isFullCredit":false},{"lineNumber":68,"author":{"gitId":"jenmarieng"},"content":"        }","lastModifiedDate":"2025-02-12","isFullCredit":false},{"lineNumber":69,"author":{"gitId":"jenmarieng"},"content":"","lastModifiedDate":"2025-02-12","isFullCredit":false},{"lineNumber":70,"author":{"gitId":"jenmarieng"},"content":"        int byIndex \u003d taskInfo.indexOf(\"/by\");","lastModifiedDate":"2025-02-06","isFullCredit":false},{"lineNumber":71,"author":{"gitId":"jenmarieng"},"content":"        if (byIndex \u003d\u003d -1 || byIndex \u003d\u003d taskInfo.length() - BY_PREFIX_LENGTH) {","lastModifiedDate":"2025-02-12","isFullCredit":false},{"lineNumber":72,"author":{"gitId":"jenmarieng"},"content":"            throw new HachiException(\"Ruff! Invalid deadline format :( it should be \u0027deadline (task name) /by (deadline)\u0027.\");","lastModifiedDate":"2025-02-12","isFullCredit":false},{"lineNumber":73,"author":{"gitId":"jenmarieng"},"content":"        }","lastModifiedDate":"2025-02-12","isFullCredit":false},{"lineNumber":74,"author":{"gitId":"jenmarieng"},"content":"        String description \u003d taskInfo.substring(DEADLINE_PREFIX_LENGTH, byIndex).trim();","lastModifiedDate":"2025-02-12","isFullCredit":false},{"lineNumber":75,"author":{"gitId":"jenmarieng"},"content":"        String by \u003d taskInfo.substring(byIndex + BY_PREFIX_LENGTH).trim();","lastModifiedDate":"2025-02-12","isFullCredit":false},{"lineNumber":76,"author":{"gitId":"jenmarieng"},"content":"        if (by.isEmpty() || description.isEmpty()) {","lastModifiedDate":"2025-02-12","isFullCredit":false},{"lineNumber":77,"author":{"gitId":"jenmarieng"},"content":"            throw new HachiException(\"Woof woof... Deadline needs a description and date.\");","lastModifiedDate":"2025-02-12","isFullCredit":false},{"lineNumber":78,"author":{"gitId":"jenmarieng"},"content":"        }","lastModifiedDate":"2025-02-06","isFullCredit":false},{"lineNumber":79,"author":{"gitId":"jenmarieng"},"content":"        return new Deadline(description, by);","lastModifiedDate":"2025-02-07","isFullCredit":false},{"lineNumber":80,"author":{"gitId":"jenmarieng"},"content":"    }","lastModifiedDate":"2025-02-07","isFullCredit":false},{"lineNumber":81,"author":{"gitId":"jenmarieng"},"content":"","lastModifiedDate":"2025-02-07","isFullCredit":false},{"lineNumber":82,"author":{"gitId":"jenmarieng"},"content":"    public Task addEvent(String taskInfo) throws HachiException {","lastModifiedDate":"2025-02-12","isFullCredit":false},{"lineNumber":83,"author":{"gitId":"jenmarieng"},"content":"        if (taskInfo.length() \u003c\u003d EVENT_PREFIX_LENGTH) {","lastModifiedDate":"2025-02-12","isFullCredit":false},{"lineNumber":84,"author":{"gitId":"jenmarieng"},"content":"            throw new HachiException(\"Woof? So, what do you want to do?\");","lastModifiedDate":"2025-02-12","isFullCredit":false},{"lineNumber":85,"author":{"gitId":"jenmarieng"},"content":"        }","lastModifiedDate":"2025-02-12","isFullCredit":false},{"lineNumber":86,"author":{"gitId":"jenmarieng"},"content":"","lastModifiedDate":"2025-02-12","isFullCredit":false},{"lineNumber":87,"author":{"gitId":"jenmarieng"},"content":"        int fromIndex \u003d taskInfo.indexOf(\"/from\");","lastModifiedDate":"2025-02-06","isFullCredit":false},{"lineNumber":88,"author":{"gitId":"jenmarieng"},"content":"        int toIndex \u003d taskInfo.indexOf(\"/to\");","lastModifiedDate":"2025-02-06","isFullCredit":false},{"lineNumber":89,"author":{"gitId":"jenmarieng"},"content":"        if (fromIndex \u003d\u003d -1 || toIndex \u003d\u003d -1 || fromIndex \u003d\u003d taskInfo.length() - FROM_PREFIX_LENGTH","lastModifiedDate":"2025-02-12","isFullCredit":false},{"lineNumber":90,"author":{"gitId":"jenmarieng"},"content":"                || toIndex \u003d\u003d taskInfo.length() - TO_PREFIX_LENGTH) {","lastModifiedDate":"2025-02-12","isFullCredit":false},{"lineNumber":91,"author":{"gitId":"jenmarieng"},"content":"            throw new HachiException(\"Ruff! Invalid event format :( it should be \u0027event (task name) /from (start date) /to (end date)\u0027.\");","lastModifiedDate":"2025-02-12","isFullCredit":false},{"lineNumber":92,"author":{"gitId":"jenmarieng"},"content":"        }","lastModifiedDate":"2025-02-12","isFullCredit":false},{"lineNumber":93,"author":{"gitId":"jenmarieng"},"content":"        String description \u003d taskInfo.substring(EVENT_PREFIX_LENGTH, fromIndex).trim();","lastModifiedDate":"2025-02-12","isFullCredit":false},{"lineNumber":94,"author":{"gitId":"jenmarieng"},"content":"        String from \u003d taskInfo.substring(fromIndex + FROM_PREFIX_LENGTH, toIndex).trim();","lastModifiedDate":"2025-02-12","isFullCredit":false},{"lineNumber":95,"author":{"gitId":"jenmarieng"},"content":"        String to \u003d taskInfo.substring(toIndex + TO_PREFIX_LENGTH).trim();","lastModifiedDate":"2025-02-12","isFullCredit":false},{"lineNumber":96,"author":{"gitId":"jenmarieng"},"content":"        if (from.isEmpty() || to.isEmpty() || description.isEmpty()) {","lastModifiedDate":"2025-02-12","isFullCredit":false},{"lineNumber":97,"author":{"gitId":"jenmarieng"},"content":"            throw new HachiException(\"Woof woof... Event needs a description, start and end dates.\");","lastModifiedDate":"2025-02-12","isFullCredit":false},{"lineNumber":98,"author":{"gitId":"jenmarieng"},"content":"        }","lastModifiedDate":"2025-02-06","isFullCredit":false},{"lineNumber":99,"author":{"gitId":"jenmarieng"},"content":"        return new Event(description, from, to);","lastModifiedDate":"2025-02-07","isFullCredit":false},{"lineNumber":100,"author":{"gitId":"jenmarieng"},"content":"    }","lastModifiedDate":"2025-01-30","isFullCredit":false},{"lineNumber":101,"author":{"gitId":"jenmarieng"},"content":"","lastModifiedDate":"2025-01-30","isFullCredit":false},{"lineNumber":102,"author":{"gitId":"jenmarieng"},"content":"    public String deleteTask(String userInput) {","lastModifiedDate":"2025-02-27","isFullCredit":false},{"lineNumber":103,"author":{"gitId":"jenmarieng"},"content":"        try {","lastModifiedDate":"2025-02-18","isFullCredit":false},{"lineNumber":104,"author":{"gitId":"jenmarieng"},"content":"            int taskIndex \u003d Integer.parseInt(userInput.substring(DELETE_PREFIX_LENGTH).trim()) - 1;","lastModifiedDate":"2025-02-27","isFullCredit":false},{"lineNumber":105,"author":{"gitId":"jenmarieng"},"content":"            Task removedTask \u003d tasks.get(taskIndex);","lastModifiedDate":"2025-02-27","isFullCredit":false},{"lineNumber":106,"author":{"gitId":"jenmarieng"},"content":"            tasks.remove(taskIndex);","lastModifiedDate":"2025-02-27","isFullCredit":false},{"lineNumber":107,"author":{"gitId":"jenmarieng"},"content":"            return (\"Ruff. Task deleted:\\n  \" + removedTask.toString() + \"\\nNow you have \" + tasks.size() + \" tasks in the list.\");","lastModifiedDate":"2025-02-27","isFullCredit":false},{"lineNumber":108,"author":{"gitId":"jenmarieng"},"content":"        } catch (NullPointerException | IndexOutOfBoundsException e) {","lastModifiedDate":"2025-02-18","isFullCredit":false},{"lineNumber":109,"author":{"gitId":"jenmarieng"},"content":"            return (\"That\u0027s im-paw-sible... there is no such task...\");","lastModifiedDate":"2025-02-27","isFullCredit":false},{"lineNumber":110,"author":{"gitId":"jenmarieng"},"content":"        } catch (NumberFormatException e) {","lastModifiedDate":"2025-02-18","isFullCredit":false},{"lineNumber":111,"author":{"gitId":"jenmarieng"},"content":"            return (\"It\u0027s im-paw-sible for that to be a number! It should be \u0027delete (task index)\u0027.\");","lastModifiedDate":"2025-02-27","isFullCredit":false},{"lineNumber":112,"author":{"gitId":"jenmarieng"},"content":"        }","lastModifiedDate":"2025-02-18","isFullCredit":false},{"lineNumber":113,"author":{"gitId":"jenmarieng"},"content":"    }","lastModifiedDate":"2025-02-18","isFullCredit":false},{"lineNumber":114,"author":{"gitId":"jenmarieng"},"content":"","lastModifiedDate":"2025-02-18","isFullCredit":false},{"lineNumber":115,"author":{"gitId":"jenmarieng"},"content":"    public String listTasks() {","lastModifiedDate":"2025-02-27","isFullCredit":false},{"lineNumber":116,"author":{"gitId":"jenmarieng"},"content":"        if (tasks.isEmpty()) {","lastModifiedDate":"2025-02-18","isFullCredit":false},{"lineNumber":117,"author":{"gitId":"jenmarieng"},"content":"            return (\"Woof? No tasks added yet.\");","lastModifiedDate":"2025-02-27","isFullCredit":false},{"lineNumber":118,"author":{"gitId":"jenmarieng"},"content":"        } else {","lastModifiedDate":"2025-01-30","isFullCredit":false},{"lineNumber":119,"author":{"gitId":"jenmarieng"},"content":"            StringBuilder output \u003d new StringBuilder(\"Woof! I\u0027ve fetched the tasks in your list:\\n\");","lastModifiedDate":"2025-02-27","isFullCredit":false},{"lineNumber":120,"author":{"gitId":"jenmarieng"},"content":"            for (int i \u003d 0; i \u003c tasks.size(); i++) {","lastModifiedDate":"2025-02-18","isFullCredit":false},{"lineNumber":121,"author":{"gitId":"jenmarieng"},"content":"                output.append(i + 1).append(\". \").append(tasks.get(i).toString()).append(\"\\n\");","lastModifiedDate":"2025-02-27","isFullCredit":false},{"lineNumber":122,"author":{"gitId":"jenmarieng"},"content":"            }","lastModifiedDate":"2025-01-30","isFullCredit":false},{"lineNumber":123,"author":{"gitId":"jenmarieng"},"content":"            return output.toString();","lastModifiedDate":"2025-02-27","isFullCredit":false},{"lineNumber":124,"author":{"gitId":"jenmarieng"},"content":"        }","lastModifiedDate":"2025-01-30","isFullCredit":false},{"lineNumber":125,"author":{"gitId":"jenmarieng"},"content":"    }","lastModifiedDate":"2025-01-30","isFullCredit":false},{"lineNumber":126,"author":{"gitId":"jenmarieng"},"content":"","lastModifiedDate":"2025-01-30","isFullCredit":false},{"lineNumber":127,"author":{"gitId":"jenmarieng"},"content":"    public String markTaskAsDone(String userInput) {","lastModifiedDate":"2025-02-27","isFullCredit":false},{"lineNumber":128,"author":{"gitId":"jenmarieng"},"content":"        try {","lastModifiedDate":"2025-02-12","isFullCredit":false},{"lineNumber":129,"author":{"gitId":"jenmarieng"},"content":"            int taskIndex \u003d Integer.parseInt(userInput.substring(MARK_PREFIX_LENGTH).trim()) - 1;","lastModifiedDate":"2025-02-27","isFullCredit":false},{"lineNumber":130,"author":{"gitId":"jenmarieng"},"content":"            if (!tasks.get(taskIndex).isTaskDone()) {","lastModifiedDate":"2025-02-27","isFullCredit":false},{"lineNumber":131,"author":{"gitId":"jenmarieng"},"content":"                tasks.get(taskIndex).markAsDone();","lastModifiedDate":"2025-02-27","isFullCredit":false},{"lineNumber":132,"author":{"gitId":"jenmarieng"},"content":"                return (\"Proud of you! I\u0027ve marked this task as done:\\n  \" + tasks.get(taskIndex).toString());","lastModifiedDate":"2025-02-27","isFullCredit":false},{"lineNumber":133,"author":{"gitId":"jenmarieng"},"content":"            } else {","lastModifiedDate":"2025-01-30","isFullCredit":false},{"lineNumber":134,"author":{"gitId":"jenmarieng"},"content":"                return (\"You\u0027ve already done this task!\");","lastModifiedDate":"2025-02-27","isFullCredit":false},{"lineNumber":135,"author":{"gitId":"jenmarieng"},"content":"            }","lastModifiedDate":"2025-01-30","isFullCredit":false},{"lineNumber":136,"author":{"gitId":"jenmarieng"},"content":"        } catch (NullPointerException | IndexOutOfBoundsException e) {","lastModifiedDate":"2025-02-18","isFullCredit":false},{"lineNumber":137,"author":{"gitId":"jenmarieng"},"content":"            return (\"That\u0027s im-paw-sible... there is no such task...\");","lastModifiedDate":"2025-02-27","isFullCredit":false},{"lineNumber":138,"author":{"gitId":"jenmarieng"},"content":"        } catch (NumberFormatException e) {","lastModifiedDate":"2025-02-12","isFullCredit":false},{"lineNumber":139,"author":{"gitId":"jenmarieng"},"content":"            return (\"It\u0027s im-paw-sible for that to be a number! It should be \u0027mark (task index)\u0027.\");","lastModifiedDate":"2025-02-27","isFullCredit":false},{"lineNumber":140,"author":{"gitId":"jenmarieng"},"content":"        }","lastModifiedDate":"2025-01-30","isFullCredit":false},{"lineNumber":141,"author":{"gitId":"jenmarieng"},"content":"    }","lastModifiedDate":"2025-01-30","isFullCredit":false},{"lineNumber":142,"author":{"gitId":"jenmarieng"},"content":"","lastModifiedDate":"2025-01-30","isFullCredit":false},{"lineNumber":143,"author":{"gitId":"jenmarieng"},"content":"    public String markTaskAsNotDone(String userInput) {","lastModifiedDate":"2025-02-27","isFullCredit":false},{"lineNumber":144,"author":{"gitId":"jenmarieng"},"content":"        try {","lastModifiedDate":"2025-02-12","isFullCredit":false},{"lineNumber":145,"author":{"gitId":"jenmarieng"},"content":"            int taskIndex \u003d Integer.parseInt(userInput.substring(UNMARK_PREFIX_LENGTH).trim()) - 1;","lastModifiedDate":"2025-02-27","isFullCredit":false},{"lineNumber":146,"author":{"gitId":"jenmarieng"},"content":"            if (tasks.get(taskIndex).isTaskDone()) {","lastModifiedDate":"2025-02-27","isFullCredit":false},{"lineNumber":147,"author":{"gitId":"jenmarieng"},"content":"                tasks.get(taskIndex).markAsNotDone();","lastModifiedDate":"2025-02-27","isFullCredit":false},{"lineNumber":148,"author":{"gitId":"jenmarieng"},"content":"                return (\"Okay, I\u0027ve marked this task as not done yet:\\n  \" + tasks.get(taskIndex).toString());","lastModifiedDate":"2025-02-27","isFullCredit":false},{"lineNumber":149,"author":{"gitId":"jenmarieng"},"content":"            } else {","lastModifiedDate":"2025-01-30","isFullCredit":false},{"lineNumber":150,"author":{"gitId":"jenmarieng"},"content":"                return (\"The task is already marked as not done!\");","lastModifiedDate":"2025-02-27","isFullCredit":false},{"lineNumber":151,"author":{"gitId":"jenmarieng"},"content":"            }","lastModifiedDate":"2025-01-30","isFullCredit":false},{"lineNumber":152,"author":{"gitId":"jenmarieng"},"content":"        } catch (NullPointerException | IndexOutOfBoundsException e) {","lastModifiedDate":"2025-02-18","isFullCredit":false},{"lineNumber":153,"author":{"gitId":"jenmarieng"},"content":"            return (\"That\u0027s im-paw-sible... there is no such task...\");","lastModifiedDate":"2025-02-27","isFullCredit":false},{"lineNumber":154,"author":{"gitId":"jenmarieng"},"content":"        } catch (NumberFormatException e) {","lastModifiedDate":"2025-02-12","isFullCredit":false},{"lineNumber":155,"author":{"gitId":"jenmarieng"},"content":"            return (\"It\u0027s im-paw-sible for that to be a number! It should be \u0027unmark (task index)\u0027.\");","lastModifiedDate":"2025-02-27","isFullCredit":false},{"lineNumber":156,"author":{"gitId":"jenmarieng"},"content":"        }","lastModifiedDate":"2025-01-30","isFullCredit":false},{"lineNumber":157,"author":{"gitId":"jenmarieng"},"content":"    }","lastModifiedDate":"2025-01-30","isFullCredit":false},{"lineNumber":158,"author":{"gitId":"jenmarieng"},"content":"}","lastModifiedDate":"2025-01-30","isFullCredit":false}],"authorContributionMap":{"jenmarieng":158}},{"path":"src/main/java/hachi/task/Todo.java","fileType":"java","lines":[{"lineNumber":1,"author":{"gitId":"jenmarieng"},"content":"package hachi.task;","lastModifiedDate":"2025-02-14","isFullCredit":false},{"lineNumber":2,"author":{"gitId":"jenmarieng"},"content":"","lastModifiedDate":"2025-02-14","isFullCredit":false},{"lineNumber":3,"author":{"gitId":"jenmarieng"},"content":"public class Todo extends Task {","lastModifiedDate":"2025-02-06","isFullCredit":false},{"lineNumber":4,"author":{"gitId":"jenmarieng"},"content":"    public Todo(String description) {","lastModifiedDate":"2025-02-06","isFullCredit":false},{"lineNumber":5,"author":{"gitId":"jenmarieng"},"content":"        super(description);","lastModifiedDate":"2025-02-06","isFullCredit":false},{"lineNumber":6,"author":{"gitId":"jenmarieng"},"content":"    }","lastModifiedDate":"2025-02-06","isFullCredit":false},{"lineNumber":7,"author":{"gitId":"jenmarieng"},"content":"","lastModifiedDate":"2025-02-06","isFullCredit":false},{"lineNumber":8,"author":{"gitId":"jenmarieng"},"content":"    @Override","lastModifiedDate":"2025-02-06","isFullCredit":false},{"lineNumber":9,"author":{"gitId":"jenmarieng"},"content":"    public String toString() {","lastModifiedDate":"2025-02-06","isFullCredit":false},{"lineNumber":10,"author":{"gitId":"jenmarieng"},"content":"        return \"[T]\" + super.toString();","lastModifiedDate":"2025-02-06","isFullCredit":false},{"lineNumber":11,"author":{"gitId":"jenmarieng"},"content":"    }","lastModifiedDate":"2025-02-06","isFullCredit":false},{"lineNumber":12,"author":{"gitId":"jenmarieng"},"content":"}","lastModifiedDate":"2025-02-06","isFullCredit":false}],"authorContributionMap":{"jenmarieng":12}},{"path":"text-ui-test/input.txt","fileType":"txt","lines":[{"lineNumber":1,"author":{"gitId":"jenmarieng"},"content":"todo answer CS2113 tutorial questions","lastModifiedDate":"2025-02-06","isFullCredit":false},{"lineNumber":2,"author":{"gitId":"jenmarieng"},"content":"deadline weekly CS2113 quiz /by Monday 9pm","lastModifiedDate":"2025-02-06","isFullCredit":false},{"lineNumber":3,"author":{"gitId":"jenmarieng"},"content":"list","lastModifiedDate":"2025-02-06","isFullCredit":false},{"lineNumber":4,"author":{"gitId":"jenmarieng"},"content":"event CS2113 lecture /from Friday 4pm /to 6pm","lastModifiedDate":"2025-02-06","isFullCredit":false},{"lineNumber":5,"author":{"gitId":"jenmarieng"},"content":"mark 3","lastModifiedDate":"2025-02-06","isFullCredit":false},{"lineNumber":6,"author":{"gitId":"jenmarieng"},"content":"list","lastModifiedDate":"2025-02-06","isFullCredit":false},{"lineNumber":7,"author":{"gitId":"jenmarieng"},"content":"unmark 3","lastModifiedDate":"2025-02-06","isFullCredit":false},{"lineNumber":8,"author":{"gitId":"jenmarieng"},"content":"list","lastModifiedDate":"2025-02-06","isFullCredit":false},{"lineNumber":9,"author":{"gitId":"jenmarieng"},"content":"mark 5","lastModifiedDate":"2025-02-06","isFullCredit":false},{"lineNumber":10,"author":{"gitId":"jenmarieng"},"content":"event hotpot /from tomorrow","lastModifiedDate":"2025-02-06","isFullCredit":false}],"authorContributionMap":{"jenmarieng":10}},{"path":"text-ui-test/runtest.bat","fileType":"bat","lines":[{"lineNumber":1,"author":{"gitId":"-"},"content":"@ECHO OFF","lastModifiedDate":"2020-05-25","isFullCredit":false},{"lineNumber":2,"author":{"gitId":"-"},"content":"","lastModifiedDate":"2020-05-25","isFullCredit":false},{"lineNumber":3,"author":{"gitId":"-"},"content":"REM create bin directory if it doesn\u0027t exist","lastModifiedDate":"2020-05-25","isFullCredit":false},{"lineNumber":4,"author":{"gitId":"-"},"content":"if not exist ..\\bin mkdir ..\\bin","lastModifiedDate":"2020-05-25","isFullCredit":false},{"lineNumber":5,"author":{"gitId":"-"},"content":"","lastModifiedDate":"2020-05-25","isFullCredit":false},{"lineNumber":6,"author":{"gitId":"-"},"content":"REM delete output from previous run","lastModifiedDate":"2020-05-25","isFullCredit":false},{"lineNumber":7,"author":{"gitId":"-"},"content":"if exist ACTUAL.TXT del ACTUAL.TXT","lastModifiedDate":"2020-08-25","isFullCredit":false},{"lineNumber":8,"author":{"gitId":"-"},"content":"","lastModifiedDate":"2020-05-25","isFullCredit":false},{"lineNumber":9,"author":{"gitId":"-"},"content":"REM compile the code into the bin folder","lastModifiedDate":"2020-05-25","isFullCredit":false},{"lineNumber":10,"author":{"gitId":"-"},"content":"javac  -cp ..\\src\\main\\java -Xlint:none -d ..\\bin ..\\src\\main\\java\\*.java","lastModifiedDate":"2020-08-25","isFullCredit":false},{"lineNumber":11,"author":{"gitId":"-"},"content":"IF ERRORLEVEL 1 (","lastModifiedDate":"2020-05-25","isFullCredit":false},{"lineNumber":12,"author":{"gitId":"-"},"content":"    echo ********** BUILD FAILURE **********","lastModifiedDate":"2020-05-25","isFullCredit":false},{"lineNumber":13,"author":{"gitId":"-"},"content":"    exit /b 1","lastModifiedDate":"2020-05-25","isFullCredit":false},{"lineNumber":14,"author":{"gitId":"-"},"content":")","lastModifiedDate":"2020-05-25","isFullCredit":false},{"lineNumber":15,"author":{"gitId":"-"},"content":"REM no error here, errorlevel \u003d\u003d 0","lastModifiedDate":"2020-05-25","isFullCredit":false},{"lineNumber":16,"author":{"gitId":"-"},"content":"","lastModifiedDate":"2020-05-25","isFullCredit":false},{"lineNumber":17,"author":{"gitId":"-"},"content":"REM run the program, feed commands from input.txt file and redirect the output to the ACTUAL.TXT","lastModifiedDate":"2020-05-25","isFullCredit":false},{"lineNumber":18,"author":{"gitId":"jenmarieng"},"content":"java -classpath ..\\bin Hachi \u003c input.txt \u003e ACTUAL.TXT","lastModifiedDate":"2025-02-06","isFullCredit":false},{"lineNumber":19,"author":{"gitId":"-"},"content":"","lastModifiedDate":"2020-05-25","isFullCredit":false},{"lineNumber":20,"author":{"gitId":"-"},"content":"REM compare the output to the expected output","lastModifiedDate":"2020-05-25","isFullCredit":false},{"lineNumber":21,"author":{"gitId":"-"},"content":"FC ACTUAL.TXT EXPECTED.TXT","lastModifiedDate":"2020-05-25","isFullCredit":false}],"authorContributionMap":{"-":20,"jenmarieng":1}}]
