{"authorDailyContributionsMap":{"xiaohan28":[{"date":"2025-01-22","commitResults":[{"hash":"535e6583462acd8e137c67dc5e39be8d5c25e458","isMergeCommit":false,"messageTitle":"Replaced Duke.java with Eepy.java; complete level-0","messageBody":"","tags":["Level-0"],"fileTypesAndContributionMap":{"java":{"insertions":12,"deletions":10}}}]},{"date":"2025-02-01","commitResults":[{"hash":"05e55d183ce0f8bf44862be144e97b66364e9605","isMergeCommit":false,"messageTitle":"Add echo user\u0027s command function","messageBody":"","tags":["Level-1"],"fileTypesAndContributionMap":{"java":{"insertions":17,"deletions":4}}},{"hash":"dcc00012123552cccc55a84e5441447e164bccfb","isMergeCommit":false,"messageTitle":"Changed Echo to To-Do Tracker","messageBody":"","tags":["Level-2"],"fileTypesAndContributionMap":{"java":{"insertions":18,"deletions":6}}},{"hash":"2b56d98e059062737e7da6e6ebb066382c369672","isMergeCommit":false,"messageTitle":"Add ability to mark and unmark tasks in To-Do Tracker","messageBody":"","tags":["Level-3"],"fileTypesAndContributionMap":{"java":{"insertions":65,"deletions":7}}}]},{"date":"2025-02-02","commitResults":[{"hash":"cad971a64d400a6bdec304f734bc5c0804159b43","isMergeCommit":false,"messageTitle":"Update to A-CodingStandard","messageBody":"","tags":["A-CodingStandard"],"fileTypesAndContributionMap":{"java":{"insertions":62,"deletions":49}}}]},{"date":"2025-02-06","commitResults":[{"hash":"5843221a58dcb34c5089c48bae451dd54df53904","isMergeCommit":false,"messageTitle":"Add Deadline, Event, ToDo classes; update Eepy to implement polymorphism","messageBody":"","tags":["Level-4"],"fileTypesAndContributionMap":{"java":{"insertions":138,"deletions":14}}}]},{"date":"2025-02-07","commitResults":[{"hash":"b9c874c65548c06173e21d7f02c76f3d7a2c93ae","isMergeCommit":false,"messageTitle":"Refactor: reduce nesting and improve readability","messageBody":"","tags":["A-CodeQuality"],"fileTypesAndContributionMap":{"java":{"insertions":26,"deletions":16}}}]},{"date":"2025-02-14","commitResults":[{"hash":"c1dfb6b80bce2a5b74bdee8f33eef343c5f04eb5","isMergeCommit":false,"messageTitle":"Rearrange ip directory structure","messageBody":"","fileTypesAndContributionMap":{"java":{"insertions":0,"deletions":10}}},{"hash":"aac4095f58a4e584a281ac4e76b75fd77f1a4959","isMergeCommit":false,"messageTitle":"Implement automated Text UI Testing","messageBody":"","tags":["A-TextUiTesting"],"fileTypesAndContributionMap":{"txt":{"insertions":5,"deletions":0},"bat":{"insertions":2,"deletions":2}}},{"hash":"07e5e9b86abf9d031f414f80aaffcc6cc29963d8","isMergeCommit":false,"messageTitle":"Implement EepyException in Eepy to catch errors","messageBody":"","tags":["A-Exceptions"],"fileTypesAndContributionMap":{"java":{"insertions":46,"deletions":32}}},{"hash":"f7ddc47ca3993f26c1b720c4f17e09ff6c92197d","isMergeCommit":false,"messageTitle":"Remove unecessary throwing of exceptions","messageBody":"","fileTypesAndContributionMap":{"java":{"insertions":7,"deletions":5}}},{"hash":"83b90043792db41637a0d66da16f463f38ae3309","isMergeCommit":true,"messageTitle":"Merge handle errors feature branch into master","messageBody":"","tags":["Level-5"],"fileTypesAndContributionMap":{}},{"hash":"b023ccf8aee200bd9470721f6cebd5628a1d24da","isMergeCommit":false,"messageTitle":"Organize Eepy, tasks, and exceptions into packages","messageBody":"","fileTypesAndContributionMap":{"java":{"insertions":23,"deletions":8},"bat":{"insertions":1,"deletions":1}}},{"hash":"d6336106e890bd5b7b46c93a5d5f78727a8fa0cb","isMergeCommit":true,"messageTitle":"Merge feature: organise Java files into packages","messageBody":"","tags":["A-Packages"],"fileTypesAndContributionMap":{}},{"hash":"2b9c0e447e2f7203cb44d1eca634aac22c48064d","isMergeCommit":false,"messageTitle":"Refine UI output responses","messageBody":"","fileTypesAndContributionMap":{"java":{"insertions":2,"deletions":2}}}]},{"date":"2025-02-19","commitResults":[{"hash":"fb480f3ac812c5061db4c23c7a52db223d3358e4","isMergeCommit":false,"messageTitle":"Implement remove task feature","messageBody":"","tags":["A-Collections"],"fileTypesAndContributionMap":{"java":{"insertions":10,"deletions":1}}}]},{"date":"2025-02-20","commitResults":[{"hash":"b5279201434aa8e7c9cde3576e4618a2fe82fc85","isMergeCommit":false,"messageTitle":"Add function to save user input to a text file","messageBody":"","fileTypesAndContributionMap":{"txt":{"insertions":0,"deletions":0},"java":{"insertions":47,"deletions":1}}},{"hash":"e06d26b139d1184b416d500f3204e7393f691738","isMergeCommit":false,"messageTitle":"Add isDone status of user input to text file","messageBody":"","fileTypesAndContributionMap":{"java":{"insertions":39,"deletions":12}}},{"hash":"b5df13d7cc0bb9b323b1a5c1c008fafeb9f8040d","isMergeCommit":false,"messageTitle":"Add task type of user input to text file; complete level-7","messageBody":"","fileTypesAndContributionMap":{"java":{"insertions":62,"deletions":8}}},{"hash":"01cfa862e52f8eb041f877a756db6f081512ffb7","isMergeCommit":true,"messageTitle":"Merge feature: add remove function","messageBody":"","tags":["Level-6"],"fileTypesAndContributionMap":{}},{"hash":"c1e2280bc841c80849c77a9efa51bd2fb6362feb","isMergeCommit":true,"messageTitle":"Merge feature: save task list to hard disk","messageBody":"","tags":["Level-7"],"fileTypesAndContributionMap":{}}]},{"date":"2025-03-05","commitResults":[{"hash":"7857a409b7bfa2bbb93d8079b76ac0f0b253eb27","isMergeCommit":false,"messageTitle":"Extract Command class from Eepy into command package","messageBody":"","fileTypesAndContributionMap":{"txt":{"insertions":3,"deletions":0},"java":{"insertions":84,"deletions":37}}}]},{"date":"2025-03-06","commitResults":[{"hash":"998658fa03808d846af496aa8f786776aac7c868","isMergeCommit":false,"messageTitle":"Refactor formatters in Eepy and place them in Command package under \u0027task\u0027Command","messageBody":"","fileTypesAndContributionMap":{"txt":{"insertions":3,"deletions":1},"java":{"insertions":159,"deletions":55}}},{"hash":"c146eddbaee62fd59d12fbf026d74b0241daab7b","isMergeCommit":false,"messageTitle":"Fix issue where some commands did not save updates into database","messageBody":"","fileTypesAndContributionMap":{"java":{"insertions":73,"deletions":29}}}]},{"date":"2025-03-11","commitResults":[{"hash":"6a407b635014c973fd3a6a721f290a10766caa50","isMergeCommit":false,"messageTitle":"Refactor code to extract Parser class from Eepy","messageBody":"","fileTypesAndContributionMap":{"java":{"insertions":43,"deletions":53}}},{"hash":"1cb061a827142d505eac2bd475aac203f9d11830","isMergeCommit":false,"messageTitle":"Refactor code to extract out Ui from Eepy","messageBody":"","fileTypesAndContributionMap":{"java":{"insertions":57,"deletions":58}}},{"hash":"4d56c16f56f9bbb16a5a86b713c0088d944c6f02","isMergeCommit":false,"messageTitle":"Refactor code to extract out TaskList class","messageBody":"","fileTypesAndContributionMap":{"java":{"insertions":136,"deletions":52}}},{"hash":"bcf9407c7096a0195bf7b524c6113fbb21a9401b","isMergeCommit":false,"messageTitle":"Enhance code to include new classes","messageBody":"","fileTypesAndContributionMap":{"java":{"insertions":30,"deletions":43}}},{"hash":"0f12436b6433de997eab9263cdf874d5daf1be4e","isMergeCommit":false,"messageTitle":"Refactor: Cleaned up code and removed warnings","messageBody":"","tags":["A-MoreOOP"],"fileTypesAndContributionMap":{"java":{"insertions":24,"deletions":49}}}]},{"date":"2025-03-12","commitResults":[{"hash":"90199b3728920483dc5e7af4dae50b669c1d741d","isMergeCommit":false,"messageTitle":"Add function to find words in To-Do List","messageBody":"","fileTypesAndContributionMap":{"txt":{"insertions":7,"deletions":4},"java":{"insertions":65,"deletions":16}}},{"hash":"a34828823fac9209ceaa2ce5974deba09d052a2c","isMergeCommit":false,"messageTitle":"Add JavaDoc comments in eepy.ui package","messageBody":"","fileTypesAndContributionMap":{"java":{"insertions":27,"deletions":3}}},{"hash":"98979ec31e0a341c0c9833ed36ad992b749cf9cb","isMergeCommit":false,"messageTitle":"Add JavaDoc comments in eepy.task package","messageBody":"","fileTypesAndContributionMap":{"java":{"insertions":192,"deletions":37}}},{"hash":"d5101b046e3b0c4dfcf39044491998d3024af935","isMergeCommit":false,"messageTitle":"Add JavaDoc comments in eepy.exception package","messageBody":"","fileTypesAndContributionMap":{"java":{"insertions":10,"deletions":0}}},{"hash":"0c0403be585ca603d5abffe4bfece28710fd1bbd","isMergeCommit":false,"messageTitle":"Add JavaDoc comments in eepy.database package","messageBody":"","fileTypesAndContributionMap":{"java":{"insertions":19,"deletions":1}}},{"hash":"ba756be9beaf892fd91b14bc19bbac90ab7929a3","isMergeCommit":false,"messageTitle":"Add JavaDoc comments in eepy.command package","messageBody":"","fileTypesAndContributionMap":{"java":{"insertions":139,"deletions":10}}},{"hash":"c96a84ff69c259c1919d29fb213d7db7b0ccd13f","isMergeCommit":true,"messageTitle":"Merge pull request #1 from xiaohan28/branch-Level-9","messageBody":"Level-9: Add function to find words in To-Do List","tags":["Level-9"],"fileTypesAndContributionMap":{}},{"hash":"2973e9c480810d8bbd3a2d27a45716eab3a6ad99","isMergeCommit":true,"messageTitle":"Merge branch \u0027master\u0027 into branch-A-JavaDoc","messageBody":"","fileTypesAndContributionMap":{}},{"hash":"68d15d34eb62a9bf27c9248ba73942baba00e16c","isMergeCommit":true,"messageTitle":"Merge pull request #2 from xiaohan28/branch-A-JavaDoc","messageBody":"A-JavaDoc: Add JavaDoc comments to all files","tags":["A-JavaDoc"],"fileTypesAndContributionMap":{}},{"hash":"44eff3474568eecef91adff7f17cb04004f48521","isMergeCommit":false,"messageTitle":"Update list of to do items","messageBody":"","fileTypesAndContributionMap":{"txt":{"insertions":1,"deletions":0}}},{"hash":"5fc03514e3c31404cc01e9a9687baa602e551719","isMergeCommit":true,"messageTitle":"Merge branch \u0027origin/master\u0027 into master - resolved conflicts in data/eepy.txt","messageBody":"","fileTypesAndContributionMap":{}},{"hash":"6943d87087a96d806a04e51a63364082c001e398","isMergeCommit":false,"messageTitle":"Remove repeated functions found in TaskList","messageBody":"","fileTypesAndContributionMap":{"java":{"insertions":6,"deletions":23}}}]}]},"authorFileTypeContributionMap":{"xiaohan28":{"java":1021,"md":0,"fxml":0,"sh":0,"bat":1,"gradle":0,"txt":10}},"authorContributionVariance":{"xiaohan28":11984.241},"authorDisplayNameMap":{"xiaohan28":"CS2113-T13-2 ZHAN..OHAN"}}
