{"authorDailyContributionsMap":{"tzqgav10":[{"date":"2025-01-23","commitResults":[{"hash":"e1f5e61ad5038dd2437975b8cac6ba548e3b01da","isMergeCommit":false,"messageTitle":"rename chatbot and add greeting and exit messages","messageBody":"","fileTypesAndContributionMap":{"java":{"insertions":10,"deletions":10}}}]},{"date":"2025-01-29","commitResults":[{"hash":"ea57ea174522da112b8b8f799096df3217b44d3d","isMergeCommit":false,"messageTitle":"Add scanner to take in user input","messageBody":"User can give input to Chatbot and it will respond according to the\ninput. It can either add task, print the list of tasks or exit when\n\"bye\" is entered as input.\n","fileTypesAndContributionMap":{"java":{"insertions":27,"deletions":6}}},{"hash":"9db15a89635882780d5ab9ed7d4aab2dfc33aa3f","isMergeCommit":false,"messageTitle":"Add Task class to handle list of tasks","messageBody":"The Task class allows us to add tasks to a list. There is a method that\nprints the tasks in order.\n","fileTypesAndContributionMap":{"java":{"insertions":27,"deletions":0}}},{"hash":"788989c9e38d21ad8e2bec955162068fbde5e398","isMergeCommit":false,"messageTitle":"Change if-else statements to switch statements, add new cases","messageBody":"Using switch statements look much easier for us to understand and\nhandle each of the cases depending on user input. Two new cases, mark\nand unmark would have an index behind the input which is why an if\nstatement is used to check for the specific input first.\n","fileTypesAndContributionMap":{"java":{"insertions":26,"deletions":4}}},{"hash":"4a9c186c329aabb6c90f1c8d59f3e39f5da5fb33","isMergeCommit":false,"messageTitle":"Add task completion status and method to change status","messageBody":"The two new methods are able to change the status of the tasks if\nneeded.\n","fileTypesAndContributionMap":{"java":{"insertions":33,"deletions":8}}}]}]},"authorFileTypeContributionMap":{"tzqgav10":{"java":105,"md":0,"fxml":0,"sh":0,"bat":0,"gradle":0,"txt":0}},"authorContributionVariance":{"tzqgav10":821.0475},"authorDisplayNameMap":{"tzqgav10":"TEO ..AVIN"}}
