[{"path":"src/main/java/Meow.java","fileType":"java","lines":[{"lineNumber":1,"author":{"gitId":"KashfyZul"},"content":"import java.util.Scanner;","lastModifiedDate":"2025-02-04","isFullCredit":false},{"lineNumber":2,"author":{"gitId":"KashfyZul"},"content":"","lastModifiedDate":"2025-02-04","isFullCredit":false},{"lineNumber":3,"author":{"gitId":"KashfyZul"},"content":"public class Meow {","lastModifiedDate":"2025-02-04","isFullCredit":false},{"lineNumber":4,"author":{"gitId":"KashfyZul"},"content":"    public static void echo(String line, Scanner in) {","lastModifiedDate":"2025-02-04","isFullCredit":false},{"lineNumber":5,"author":{"gitId":"KashfyZul"},"content":"        while (!line.equals(\"bye\")) {","lastModifiedDate":"2025-02-04","isFullCredit":false},{"lineNumber":6,"author":{"gitId":"KashfyZul"},"content":"            System.out.println(\"_____________________________________\");","lastModifiedDate":"2025-02-04","isFullCredit":false},{"lineNumber":7,"author":{"gitId":"KashfyZul"},"content":"            System.out.println(line);","lastModifiedDate":"2025-02-04","isFullCredit":false},{"lineNumber":8,"author":{"gitId":"KashfyZul"},"content":"            System.out.println(\"_____________________________________\");","lastModifiedDate":"2025-02-04","isFullCredit":false},{"lineNumber":9,"author":{"gitId":"KashfyZul"},"content":"            line \u003d in.nextLine();","lastModifiedDate":"2025-02-04","isFullCredit":false},{"lineNumber":10,"author":{"gitId":"KashfyZul"},"content":"        }","lastModifiedDate":"2025-02-04","isFullCredit":false},{"lineNumber":11,"author":{"gitId":"KashfyZul"},"content":"    }","lastModifiedDate":"2025-02-04","isFullCredit":false},{"lineNumber":12,"author":{"gitId":"KashfyZul"},"content":"    public static void addList(Task[] list) {","lastModifiedDate":"2025-02-05","isFullCredit":false},{"lineNumber":13,"author":{"gitId":"KashfyZul"},"content":"        System.out.println(\"Type to add items to the list! add tuna to exit!\");","lastModifiedDate":"2025-02-04","isFullCredit":false},{"lineNumber":14,"author":{"gitId":"KashfyZul"},"content":"","lastModifiedDate":"2025-02-04","isFullCredit":false},{"lineNumber":15,"author":{"gitId":"KashfyZul"},"content":"//        int listCount \u003d 0;","lastModifiedDate":"2025-02-05","isFullCredit":false},{"lineNumber":16,"author":{"gitId":"KashfyZul"},"content":"        String line;","lastModifiedDate":"2025-02-04","isFullCredit":false},{"lineNumber":17,"author":{"gitId":"KashfyZul"},"content":"        Scanner in \u003d new Scanner(System.in);","lastModifiedDate":"2025-02-04","isFullCredit":false},{"lineNumber":18,"author":{"gitId":"KashfyZul"},"content":"        line \u003d in.nextLine();","lastModifiedDate":"2025-02-04","isFullCredit":false},{"lineNumber":19,"author":{"gitId":"KashfyZul"},"content":"        Task currTask \u003d new Task(line);","lastModifiedDate":"2025-02-05","isFullCredit":false},{"lineNumber":20,"author":{"gitId":"KashfyZul"},"content":"","lastModifiedDate":"2025-02-04","isFullCredit":false},{"lineNumber":21,"author":{"gitId":"KashfyZul"},"content":"        while (!line.equals(\"add tuna\")) { // \"bye\" to exit","lastModifiedDate":"2025-02-04","isFullCredit":false},{"lineNumber":22,"author":{"gitId":"KashfyZul"},"content":"            if (Task.getTaskListSize() \u003e 100) {","lastModifiedDate":"2025-02-05","isFullCredit":false},{"lineNumber":23,"author":{"gitId":"KashfyZul"},"content":"                System.out.println(\"Mreoww! This list is full!\");","lastModifiedDate":"2025-02-04","isFullCredit":false},{"lineNumber":24,"author":{"gitId":"KashfyZul"},"content":"                return;","lastModifiedDate":"2025-02-04","isFullCredit":false},{"lineNumber":25,"author":{"gitId":"KashfyZul"},"content":"            }","lastModifiedDate":"2025-02-04","isFullCredit":false},{"lineNumber":26,"author":{"gitId":"KashfyZul"},"content":"            else if (line.equals(\"list\")) {","lastModifiedDate":"2025-02-04","isFullCredit":false},{"lineNumber":27,"author":{"gitId":"KashfyZul"},"content":"                if (Task.getTaskListSize() \u003d\u003d 0) {","lastModifiedDate":"2025-02-05","isFullCredit":false},{"lineNumber":28,"author":{"gitId":"KashfyZul"},"content":"                    System.out.println(\"This list is empty! YEET\");","lastModifiedDate":"2025-02-04","isFullCredit":false},{"lineNumber":29,"author":{"gitId":"KashfyZul"},"content":"                }","lastModifiedDate":"2025-02-04","isFullCredit":false},{"lineNumber":30,"author":{"gitId":"KashfyZul"},"content":"                else {","lastModifiedDate":"2025-02-04","isFullCredit":false},{"lineNumber":31,"author":{"gitId":"KashfyZul"},"content":"                    System.out.println(\"Here are your tasks!\");","lastModifiedDate":"2025-02-05","isFullCredit":false},{"lineNumber":32,"author":{"gitId":"KashfyZul"},"content":"                    for (Task t: list) {","lastModifiedDate":"2025-02-05","isFullCredit":false},{"lineNumber":33,"author":{"gitId":"KashfyZul"},"content":"                        if (t \u003d\u003d null) {","lastModifiedDate":"2025-02-05","isFullCredit":false},{"lineNumber":34,"author":{"gitId":"KashfyZul"},"content":"                            break;","lastModifiedDate":"2025-02-05","isFullCredit":false},{"lineNumber":35,"author":{"gitId":"KashfyZul"},"content":"                        }","lastModifiedDate":"2025-02-04","isFullCredit":false},{"lineNumber":36,"author":{"gitId":"KashfyZul"},"content":"                        System.out.println(Integer.toString(t.getTaskNumber()) + \".[\" + t.getStatusIcon() + \"] \" + t.getTaskName());","lastModifiedDate":"2025-02-05","isFullCredit":false},{"lineNumber":37,"author":{"gitId":"KashfyZul"},"content":"                    }","lastModifiedDate":"2025-02-04","isFullCredit":false},{"lineNumber":38,"author":{"gitId":"KashfyZul"},"content":"                }","lastModifiedDate":"2025-02-04","isFullCredit":false},{"lineNumber":39,"author":{"gitId":"KashfyZul"},"content":"            }","lastModifiedDate":"2025-02-05","isFullCredit":false},{"lineNumber":40,"author":{"gitId":"KashfyZul"},"content":"            else if (line.startsWith(\"mark\")) {","lastModifiedDate":"2025-02-05","isFullCredit":false},{"lineNumber":41,"author":{"gitId":"KashfyZul"},"content":"                int taskToMark \u003d Integer.parseInt(line.substring(line.length() - 1));","lastModifiedDate":"2025-02-05","isFullCredit":false},{"lineNumber":42,"author":{"gitId":"KashfyZul"},"content":"                list[taskToMark - 1].setDone();","lastModifiedDate":"2025-02-05","isFullCredit":false},{"lineNumber":43,"author":{"gitId":"KashfyZul"},"content":"                System.out.println(\"Meow meow this task is done\");","lastModifiedDate":"2025-02-05","isFullCredit":false},{"lineNumber":44,"author":{"gitId":"KashfyZul"},"content":"                System.out.println(\"[\" + list[taskToMark - 1].getStatusIcon() + \"] \" + list[taskToMark - 1].getTaskName());","lastModifiedDate":"2025-02-05","isFullCredit":false},{"lineNumber":45,"author":{"gitId":"KashfyZul"},"content":"            }","lastModifiedDate":"2025-02-05","isFullCredit":false},{"lineNumber":46,"author":{"gitId":"KashfyZul"},"content":"            else if (line.startsWith(\"unmark\")) {","lastModifiedDate":"2025-02-05","isFullCredit":false},{"lineNumber":47,"author":{"gitId":"KashfyZul"},"content":"                int taskToMark \u003d Integer.parseInt(line.substring(line.length() - 1));","lastModifiedDate":"2025-02-05","isFullCredit":false},{"lineNumber":48,"author":{"gitId":"KashfyZul"},"content":"                list[taskToMark - 1].setNotDone();","lastModifiedDate":"2025-02-05","isFullCredit":false},{"lineNumber":49,"author":{"gitId":"KashfyZul"},"content":"                System.out.println(\"meowwww didn\u0027t you complete this task?\");","lastModifiedDate":"2025-02-05","isFullCredit":false},{"lineNumber":50,"author":{"gitId":"KashfyZul"},"content":"                System.out.println(\"[\" + list[taskToMark - 1].getStatusIcon() + \"] \" + list[taskToMark - 1].getTaskName());","lastModifiedDate":"2025-02-05","isFullCredit":false},{"lineNumber":51,"author":{"gitId":"KashfyZul"},"content":"            }","lastModifiedDate":"2025-02-05","isFullCredit":false},{"lineNumber":52,"author":{"gitId":"KashfyZul"},"content":"            else {","lastModifiedDate":"2025-02-04","isFullCredit":false},{"lineNumber":53,"author":{"gitId":"KashfyZul"},"content":"                System.out.println(\"_____________________________________\");","lastModifiedDate":"2025-02-04","isFullCredit":false},{"lineNumber":54,"author":{"gitId":"KashfyZul"},"content":"                list[Task.getTaskListSize() - 1] \u003d currTask;","lastModifiedDate":"2025-02-05","isFullCredit":false},{"lineNumber":55,"author":{"gitId":"KashfyZul"},"content":"                System.out.println(\"added: \" + line);","lastModifiedDate":"2025-02-04","isFullCredit":false},{"lineNumber":56,"author":{"gitId":"KashfyZul"},"content":"            }","lastModifiedDate":"2025-02-04","isFullCredit":false},{"lineNumber":57,"author":{"gitId":"KashfyZul"},"content":"            System.out.println(\"_____________________________________\");","lastModifiedDate":"2025-02-04","isFullCredit":false},{"lineNumber":58,"author":{"gitId":"KashfyZul"},"content":"            line \u003d in.nextLine();","lastModifiedDate":"2025-02-04","isFullCredit":false},{"lineNumber":59,"author":{"gitId":"KashfyZul"},"content":"            currTask \u003d new Task(line);","lastModifiedDate":"2025-02-05","isFullCredit":false},{"lineNumber":60,"author":{"gitId":"KashfyZul"},"content":"        }","lastModifiedDate":"2025-02-04","isFullCredit":false},{"lineNumber":61,"author":{"gitId":"KashfyZul"},"content":"    }","lastModifiedDate":"2025-02-04","isFullCredit":false},{"lineNumber":62,"author":{"gitId":"KashfyZul"},"content":"    public static void main(String[] args) {","lastModifiedDate":"2025-02-04","isFullCredit":false},{"lineNumber":63,"author":{"gitId":"KashfyZul"},"content":"        String logo \u003d \" ____        _        \\n\"","lastModifiedDate":"2025-02-04","isFullCredit":false},{"lineNumber":64,"author":{"gitId":"KashfyZul"},"content":"                + \"|  _ \\\\ _   _| | _____ \\n\"","lastModifiedDate":"2025-02-04","isFullCredit":false},{"lineNumber":65,"author":{"gitId":"KashfyZul"},"content":"                + \"| | | | | | | |/ / _ \\\\\\n\"","lastModifiedDate":"2025-02-04","isFullCredit":false},{"lineNumber":66,"author":{"gitId":"KashfyZul"},"content":"                + \"| |_| | |_| |   \u003c  __/\\n\"","lastModifiedDate":"2025-02-04","isFullCredit":false},{"lineNumber":67,"author":{"gitId":"KashfyZul"},"content":"                + \"|____/ \\\\__,_|_|\\\\_\\\\___|\\n\";","lastModifiedDate":"2025-02-04","isFullCredit":false},{"lineNumber":68,"author":{"gitId":"KashfyZul"},"content":"","lastModifiedDate":"2025-02-04","isFullCredit":false},{"lineNumber":69,"author":{"gitId":"KashfyZul"},"content":"        String chatbotName \u003d \"Meow\";","lastModifiedDate":"2025-02-04","isFullCredit":false},{"lineNumber":70,"author":{"gitId":"KashfyZul"},"content":"","lastModifiedDate":"2025-02-04","isFullCredit":false},{"lineNumber":71,"author":{"gitId":"KashfyZul"},"content":"        String meow \u003d\" /\\\\_/\\\\ \\n\"","lastModifiedDate":"2025-02-04","isFullCredit":false},{"lineNumber":72,"author":{"gitId":"KashfyZul"},"content":"        + \"( o.o ) \\n\"","lastModifiedDate":"2025-02-04","isFullCredit":false},{"lineNumber":73,"author":{"gitId":"KashfyZul"},"content":"        + \" \u003e ^ \u003c \\n\";","lastModifiedDate":"2025-02-04","isFullCredit":false},{"lineNumber":74,"author":{"gitId":"KashfyZul"},"content":"","lastModifiedDate":"2025-02-04","isFullCredit":false},{"lineNumber":75,"author":{"gitId":"KashfyZul"},"content":"        System.out.println(\"Hello from\\n \\n\" + meow + chatbotName);","lastModifiedDate":"2025-02-04","isFullCredit":false},{"lineNumber":76,"author":{"gitId":"KashfyZul"},"content":"        System.out.println(\"Please leave some tuna before u leave. Meow\");","lastModifiedDate":"2025-02-04","isFullCredit":false},{"lineNumber":77,"author":{"gitId":"KashfyZul"},"content":"        System.out.println(\"_____________________________________\");","lastModifiedDate":"2025-02-04","isFullCredit":false},{"lineNumber":78,"author":{"gitId":"KashfyZul"},"content":"        Task[] list \u003d new Task[100];","lastModifiedDate":"2025-02-05","isFullCredit":false},{"lineNumber":79,"author":{"gitId":"KashfyZul"},"content":"","lastModifiedDate":"2025-02-04","isFullCredit":false},{"lineNumber":80,"author":{"gitId":"KashfyZul"},"content":"","lastModifiedDate":"2025-02-04","isFullCredit":false},{"lineNumber":81,"author":{"gitId":"KashfyZul"},"content":"//        echo(line, in);","lastModifiedDate":"2025-02-04","isFullCredit":false},{"lineNumber":82,"author":{"gitId":"KashfyZul"},"content":"        addList(list);","lastModifiedDate":"2025-02-04","isFullCredit":false},{"lineNumber":83,"author":{"gitId":"KashfyZul"},"content":"","lastModifiedDate":"2025-02-04","isFullCredit":false},{"lineNumber":84,"author":{"gitId":"KashfyZul"},"content":"        System.out.println(\"_____________________________________\");","lastModifiedDate":"2025-02-04","isFullCredit":false},{"lineNumber":85,"author":{"gitId":"KashfyZul"},"content":"        System.out.println(\"Meow. See you!\");","lastModifiedDate":"2025-02-04","isFullCredit":false},{"lineNumber":86,"author":{"gitId":"KashfyZul"},"content":"        System.out.println(\"_____________________________________\");","lastModifiedDate":"2025-02-04","isFullCredit":false},{"lineNumber":87,"author":{"gitId":"KashfyZul"},"content":"    }","lastModifiedDate":"2025-02-04","isFullCredit":false},{"lineNumber":88,"author":{"gitId":"KashfyZul"},"content":"}","lastModifiedDate":"2025-02-04","isFullCredit":false}],"authorContributionMap":{"KashfyZul":88}},{"path":"src/main/java/Task.java","fileType":"java","lines":[{"lineNumber":1,"author":{"gitId":"KashfyZul"},"content":"public class Task {","lastModifiedDate":"2025-02-05","isFullCredit":false},{"lineNumber":2,"author":{"gitId":"KashfyZul"},"content":"    private String taskName;","lastModifiedDate":"2025-02-05","isFullCredit":false},{"lineNumber":3,"author":{"gitId":"KashfyZul"},"content":"    private boolean isDone;","lastModifiedDate":"2025-02-05","isFullCredit":false},{"lineNumber":4,"author":{"gitId":"KashfyZul"},"content":"    private int taskNumber;","lastModifiedDate":"2025-02-05","isFullCredit":false},{"lineNumber":5,"author":{"gitId":"KashfyZul"},"content":"    private static int taskListSize \u003d 0;","lastModifiedDate":"2025-02-05","isFullCredit":false},{"lineNumber":6,"author":{"gitId":"KashfyZul"},"content":"","lastModifiedDate":"2025-02-05","isFullCredit":false},{"lineNumber":7,"author":{"gitId":"KashfyZul"},"content":"    public Task (String taskName) {","lastModifiedDate":"2025-02-05","isFullCredit":false},{"lineNumber":8,"author":{"gitId":"KashfyZul"},"content":"        this.taskName \u003d taskName;","lastModifiedDate":"2025-02-05","isFullCredit":false},{"lineNumber":9,"author":{"gitId":"KashfyZul"},"content":"        this.isDone \u003d false;","lastModifiedDate":"2025-02-05","isFullCredit":false},{"lineNumber":10,"author":{"gitId":"KashfyZul"},"content":"        taskListSize++;","lastModifiedDate":"2025-02-05","isFullCredit":false},{"lineNumber":11,"author":{"gitId":"KashfyZul"},"content":"        taskNumber \u003d taskListSize;","lastModifiedDate":"2025-02-05","isFullCredit":false},{"lineNumber":12,"author":{"gitId":"KashfyZul"},"content":"    }","lastModifiedDate":"2025-02-05","isFullCredit":false},{"lineNumber":13,"author":{"gitId":"KashfyZul"},"content":"","lastModifiedDate":"2025-02-05","isFullCredit":false},{"lineNumber":14,"author":{"gitId":"KashfyZul"},"content":"    public String getTaskName() {","lastModifiedDate":"2025-02-05","isFullCredit":false},{"lineNumber":15,"author":{"gitId":"KashfyZul"},"content":"        return taskName;","lastModifiedDate":"2025-02-05","isFullCredit":false},{"lineNumber":16,"author":{"gitId":"KashfyZul"},"content":"    }","lastModifiedDate":"2025-02-05","isFullCredit":false},{"lineNumber":17,"author":{"gitId":"KashfyZul"},"content":"","lastModifiedDate":"2025-02-05","isFullCredit":false},{"lineNumber":18,"author":{"gitId":"KashfyZul"},"content":"    public String getStatusIcon() {","lastModifiedDate":"2025-02-05","isFullCredit":false},{"lineNumber":19,"author":{"gitId":"KashfyZul"},"content":"        return (isDone ? \"X\" : \" \");","lastModifiedDate":"2025-02-05","isFullCredit":false},{"lineNumber":20,"author":{"gitId":"KashfyZul"},"content":"    }","lastModifiedDate":"2025-02-05","isFullCredit":false},{"lineNumber":21,"author":{"gitId":"KashfyZul"},"content":"","lastModifiedDate":"2025-02-05","isFullCredit":false},{"lineNumber":22,"author":{"gitId":"KashfyZul"},"content":"    public void setDone() {","lastModifiedDate":"2025-02-05","isFullCredit":false},{"lineNumber":23,"author":{"gitId":"KashfyZul"},"content":"        isDone \u003d true;","lastModifiedDate":"2025-02-05","isFullCredit":false},{"lineNumber":24,"author":{"gitId":"KashfyZul"},"content":"    }","lastModifiedDate":"2025-02-05","isFullCredit":false},{"lineNumber":25,"author":{"gitId":"KashfyZul"},"content":"    public void setNotDone() {","lastModifiedDate":"2025-02-05","isFullCredit":false},{"lineNumber":26,"author":{"gitId":"KashfyZul"},"content":"        isDone \u003d false;","lastModifiedDate":"2025-02-05","isFullCredit":false},{"lineNumber":27,"author":{"gitId":"KashfyZul"},"content":"    }","lastModifiedDate":"2025-02-05","isFullCredit":false},{"lineNumber":28,"author":{"gitId":"KashfyZul"},"content":"","lastModifiedDate":"2025-02-05","isFullCredit":false},{"lineNumber":29,"author":{"gitId":"KashfyZul"},"content":"    public int getTaskNumber() {","lastModifiedDate":"2025-02-05","isFullCredit":false},{"lineNumber":30,"author":{"gitId":"KashfyZul"},"content":"        return taskNumber;","lastModifiedDate":"2025-02-05","isFullCredit":false},{"lineNumber":31,"author":{"gitId":"KashfyZul"},"content":"    }","lastModifiedDate":"2025-02-05","isFullCredit":false},{"lineNumber":32,"author":{"gitId":"KashfyZul"},"content":"","lastModifiedDate":"2025-02-05","isFullCredit":false},{"lineNumber":33,"author":{"gitId":"KashfyZul"},"content":"    public static int getTaskListSize() {","lastModifiedDate":"2025-02-05","isFullCredit":false},{"lineNumber":34,"author":{"gitId":"KashfyZul"},"content":"        return taskListSize;","lastModifiedDate":"2025-02-05","isFullCredit":false},{"lineNumber":35,"author":{"gitId":"KashfyZul"},"content":"    }","lastModifiedDate":"2025-02-05","isFullCredit":false},{"lineNumber":36,"author":{"gitId":"KashfyZul"},"content":"}","lastModifiedDate":"2025-02-05","isFullCredit":false}],"authorContributionMap":{"KashfyZul":36}}]
