{"authorDailyContributionsMap":{"KashfyZul":[{"date":"2025-02-04","commitResults":[{"hash":"eed8b58aa19577407b98f22561dcdf61b8287050","isMergeCommit":false,"messageTitle":"Changed \"Duke\" to \"Meow\" Added ASCII art of a cat","messageBody":"","fileTypesAndContributionMap":{"java":{"insertions":20,"deletions":10}}},{"hash":"393ad61556b84fa19a269252f56995b28eb3934a","isMergeCommit":false,"messageTitle":"Added Level 1. Echo","messageBody":"","fileTypesAndContributionMap":{"java":{"insertions":16,"deletions":2}}},{"hash":"0dadf26854ecc95d1f637d3ae83d65fbc46efcb2","isMergeCommit":false,"messageTitle":"Added Level 2. Add, List","messageBody":"","fileTypesAndContributionMap":{"java":{"insertions":48,"deletions":9}}}]},{"date":"2025-02-05","commitResults":[{"hash":"f416d9088f8805f9f0214bb7c9a9c40d292f3431","isMergeCommit":false,"messageTitle":"Added Level 3. Mark as Done Added a Task class","messageBody":"","fileTypesAndContributionMap":{"java":{"insertions":62,"deletions":11}}}]},{"date":"2025-02-08","commitResults":[{"hash":"53de8bd895879245f254b086c7c27092249d571b","isMergeCommit":false,"messageTitle":"Made code more readable, added cases whereby the task is already marked or unmarked to markOrUnmark function","messageBody":"","fileTypesAndContributionMap":{"java":{"insertions":105,"deletions":60}}}]},{"date":"2025-02-09","commitResults":[{"hash":"fae41f292bfb3d7a057f5b54429c80b755917197","isMergeCommit":false,"messageTitle":"Added individual classes for Deadline, Event, ToDo","messageBody":"","fileTypesAndContributionMap":{"java":{"insertions":12,"deletions":0}}},{"hash":"a5df1bec902f09cb19f2acad3d07689c528194b6","isMergeCommit":false,"messageTitle":"Level-4, completed child classes Event, Deadline and ToDo.","messageBody":"","fileTypesAndContributionMap":{"java":{"insertions":133,"deletions":23}}}]}]},"authorFileTypeContributionMap":{"KashfyZul":{"java":291,"md":0,"fxml":0,"sh":0,"bat":0,"gradle":0,"txt":0}},"authorContributionVariance":{"KashfyZul":2044.5079},"authorDisplayNameMap":{"KashfyZul":"KASH..A\u0027IN"}}
