{"authorDailyContributionsMap":{"KashfyZul":[{"date":"2025-02-04","commitResults":[{"hash":"eed8b58aa19577407b98f22561dcdf61b8287050","isMergeCommit":false,"messageTitle":"Changed \"Duke\" to \"Meow\" Added ASCII art of a cat","messageBody":"","fileTypesAndContributionMap":{"java":{"insertions":20,"deletions":10}}},{"hash":"393ad61556b84fa19a269252f56995b28eb3934a","isMergeCommit":false,"messageTitle":"Added Level 1. Echo","messageBody":"","tags":["Level-1"],"fileTypesAndContributionMap":{"java":{"insertions":16,"deletions":2}}},{"hash":"0dadf26854ecc95d1f637d3ae83d65fbc46efcb2","isMergeCommit":false,"messageTitle":"Added Level 2. Add, List","messageBody":"","tags":["Level-2"],"fileTypesAndContributionMap":{"java":{"insertions":48,"deletions":9}}}]},{"date":"2025-02-05","commitResults":[{"hash":"f416d9088f8805f9f0214bb7c9a9c40d292f3431","isMergeCommit":false,"messageTitle":"Added Level 3. Mark as Done Added a Task class","messageBody":"","tags":["Level-3"],"fileTypesAndContributionMap":{"java":{"insertions":62,"deletions":11}}}]},{"date":"2025-02-08","commitResults":[{"hash":"53de8bd895879245f254b086c7c27092249d571b","isMergeCommit":false,"messageTitle":"Made code more readable, added cases whereby the task is already marked or unmarked to markOrUnmark function","messageBody":"","fileTypesAndContributionMap":{"java":{"insertions":105,"deletions":60}}}]},{"date":"2025-02-09","commitResults":[{"hash":"fae41f292bfb3d7a057f5b54429c80b755917197","isMergeCommit":false,"messageTitle":"Added individual classes for Deadline, Event, ToDo","messageBody":"","fileTypesAndContributionMap":{"java":{"insertions":12,"deletions":0}}},{"hash":"a5df1bec902f09cb19f2acad3d07689c528194b6","isMergeCommit":false,"messageTitle":"Level-4, completed child classes Event, Deadline and ToDo.","messageBody":"","tags":["Level-4"],"fileTypesAndContributionMap":{"java":{"insertions":133,"deletions":23}}}]},{"date":"2025-02-19","commitResults":[{"hash":"b9df5cec571dfc3ea1203b5ef586d3b8d2c2a9ac","isMergeCommit":false,"messageTitle":"Added Level-5, included user input error handling using \"checkValidInput()\" and try and catch statement in \"taskList()\"","messageBody":"","fileTypesAndContributionMap":{"java":{"insertions":52,"deletions":4}}},{"hash":"5afe220d2bee3252e71f62cc5e6187de2cd69e1a","isMergeCommit":false,"messageTitle":"Added A-packages, organized task classes into package meow.task","messageBody":"","fileTypesAndContributionMap":{"java":{"insertions":17,"deletions":1}}},{"hash":"365896a439eb102ecda047a2d3ded0d6d3ec44a8","isMergeCommit":true,"messageTitle":"Merge branch \u0027branch-Level-5\u0027","messageBody":"* branch-Level-5:\n  Added A-packages, organized task classes into package meow.task\n  Added Level-5, included user input error handling using \"checkValidInput()\" and try and catch statement in \"taskList()\"\n","tags":["Level-5","A-Exceptions"],"fileTypesAndContributionMap":{}}]},{"date":"2025-02-21","commitResults":[{"hash":"24e071f795b6896536835f10b9f6f94c507a296a","isMergeCommit":false,"messageTitle":"Added Level-6 - user can now delete tasks from list","messageBody":"","fileTypesAndContributionMap":{"java":{"insertions":34,"deletions":1}}},{"hash":"63096ae8024793a6358d64e5bfa2dee97a8a5836","isMergeCommit":false,"messageTitle":"Added Level-7 - Tasks written into the meow chatbot are now automatically saved in meowOutput.txt","messageBody":"","fileTypesAndContributionMap":{"txt":{"insertions":1,"deletions":0},"java":{"insertions":69,"deletions":9}}},{"hash":"3192eadb2f5cb65672c21a52ba1dbbcd2d93b350","isMergeCommit":true,"messageTitle":"Merge branch \u0027branch-Level-6\u0027","messageBody":"* branch-Level-6:\n  Added Level-6 - user can now delete tasks from list\n","tags":["Level-6"],"fileTypesAndContributionMap":{}},{"hash":"b2334fb85fceb8efaab0af34ef41c57b2c2acafb","isMergeCommit":true,"messageTitle":"Merge branch \u0027branch-level-7\u0027","messageBody":"# Conflicts:\n#\tsrc/main/java/Meow.java\n","tags":["Level-7"],"fileTypesAndContributionMap":{}}]}]},"authorFileTypeContributionMap":{"KashfyZul":{"java":456,"md":0,"fxml":0,"sh":0,"bat":0,"gradle":0,"txt":1}},"authorContributionVariance":{"KashfyZul":1835.167},"authorDisplayNameMap":{"KashfyZul":"KASH..A\u0027IN"}}
