[{"path":"src/main/java/Bobby.java","fileType":"java","lines":[{"lineNumber":1,"author":{"gitId":"CRL006"},"content":"import java.util.Scanner;  // Import the Scanner class","lastModifiedDate":"2025-02-05","isFullCredit":false},{"lineNumber":2,"author":{"gitId":"CRL006"},"content":"public class Bobby {","lastModifiedDate":"2025-02-05","isFullCredit":false},{"lineNumber":3,"author":{"gitId":"CRL006"},"content":"    public static void main(String[] args) {","lastModifiedDate":"2025-02-05","isFullCredit":false},{"lineNumber":4,"author":{"gitId":"CRL006"},"content":"        int tasksCounter \u003d 0;","lastModifiedDate":"2025-02-05","isFullCredit":false},{"lineNumber":5,"author":{"gitId":"CRL006"},"content":"        int markIndex;","lastModifiedDate":"2025-02-05","isFullCredit":false},{"lineNumber":6,"author":{"gitId":"CRL006"},"content":"        int stringLength;","lastModifiedDate":"2025-02-06","isFullCredit":false},{"lineNumber":7,"author":{"gitId":"CRL006"},"content":"        String greeting \u003d \"Hello! I\u0027m Bobby! \\nWhat can I do for you? \\n\";","lastModifiedDate":"2025-02-05","isFullCredit":false},{"lineNumber":8,"author":{"gitId":"CRL006"},"content":"        System.out.println(greeting);","lastModifiedDate":"2025-02-05","isFullCredit":false},{"lineNumber":9,"author":{"gitId":"CRL006"},"content":"        String[] tasks \u003d new String[100];","lastModifiedDate":"2025-02-05","isFullCredit":false},{"lineNumber":10,"author":{"gitId":"CRL006"},"content":"        Boolean[] isDone \u003d new Boolean[100];","lastModifiedDate":"2025-02-05","isFullCredit":false},{"lineNumber":11,"author":{"gitId":"CRL006"},"content":"        int[] taskType \u003d new int[100];","lastModifiedDate":"2025-02-06","isFullCredit":false},{"lineNumber":12,"author":{"gitId":"CRL006"},"content":"        Scanner scanner \u003d new Scanner(System.in);  // Create a Scanner object","lastModifiedDate":"2025-02-05","isFullCredit":false},{"lineNumber":13,"author":{"gitId":"CRL006"},"content":"        String userInput \u003d scanner.nextLine();","lastModifiedDate":"2025-02-05","isFullCredit":false},{"lineNumber":14,"author":{"gitId":"CRL006"},"content":"        while (!userInput.equals(\"bye\")) {","lastModifiedDate":"2025-02-05","isFullCredit":false},{"lineNumber":15,"author":{"gitId":"CRL006"},"content":"            if (userInput.equals(\"list\")) {","lastModifiedDate":"2025-02-05","isFullCredit":false},{"lineNumber":16,"author":{"gitId":"CRL006"},"content":"                System.out.println(\"Here are the tasks in your list: \");","lastModifiedDate":"2025-02-05","isFullCredit":false},{"lineNumber":17,"author":{"gitId":"CRL006"},"content":"                for (int i \u003d 0; i \u003c tasksCounter; i++) {","lastModifiedDate":"2025-02-05","isFullCredit":false},{"lineNumber":18,"author":{"gitId":"CRL006"},"content":"                    System.out.print((i + 1) + \". \");","lastModifiedDate":"2025-02-05","isFullCredit":false},{"lineNumber":19,"author":{"gitId":"CRL006"},"content":"                    if (taskType[i] \u003d\u003d 0) {","lastModifiedDate":"2025-02-06","isFullCredit":false},{"lineNumber":20,"author":{"gitId":"CRL006"},"content":"                        System.out.print(\"[T]\");","lastModifiedDate":"2025-02-06","isFullCredit":false},{"lineNumber":21,"author":{"gitId":"CRL006"},"content":"                    } else if (taskType[i] \u003d\u003d 1){","lastModifiedDate":"2025-02-06","isFullCredit":false},{"lineNumber":22,"author":{"gitId":"CRL006"},"content":"                        System.out.print(\"[D]\");","lastModifiedDate":"2025-02-06","isFullCredit":false},{"lineNumber":23,"author":{"gitId":"CRL006"},"content":"                    } else {","lastModifiedDate":"2025-02-06","isFullCredit":false},{"lineNumber":24,"author":{"gitId":"CRL006"},"content":"                        System.out.print(\"[E]\");","lastModifiedDate":"2025-02-06","isFullCredit":false},{"lineNumber":25,"author":{"gitId":"CRL006"},"content":"                    }","lastModifiedDate":"2025-02-06","isFullCredit":false},{"lineNumber":26,"author":{"gitId":"CRL006"},"content":"                    if (isDone[i]) {","lastModifiedDate":"2025-02-05","isFullCredit":false},{"lineNumber":27,"author":{"gitId":"CRL006"},"content":"                        System.out.print(\"[X] \");","lastModifiedDate":"2025-02-05","isFullCredit":false},{"lineNumber":28,"author":{"gitId":"CRL006"},"content":"                    } else {","lastModifiedDate":"2025-02-06","isFullCredit":false},{"lineNumber":29,"author":{"gitId":"CRL006"},"content":"                        System.out.print(\"[ ] \");","lastModifiedDate":"2025-02-05","isFullCredit":false},{"lineNumber":30,"author":{"gitId":"CRL006"},"content":"                    }","lastModifiedDate":"2025-02-05","isFullCredit":false},{"lineNumber":31,"author":{"gitId":"CRL006"},"content":"                    System.out.println(tasks[i]);","lastModifiedDate":"2025-02-05","isFullCredit":false},{"lineNumber":32,"author":{"gitId":"CRL006"},"content":"                }","lastModifiedDate":"2025-02-05","isFullCredit":false},{"lineNumber":33,"author":{"gitId":"CRL006"},"content":"            } else if (userInput.contains(\"todo\")){","lastModifiedDate":"2025-02-06","isFullCredit":false},{"lineNumber":34,"author":{"gitId":"CRL006"},"content":"                stringLength \u003d userInput.length();","lastModifiedDate":"2025-02-06","isFullCredit":false},{"lineNumber":35,"author":{"gitId":"CRL006"},"content":"                System.out.println(\"Got it. I\u0027ve added this task: \\n  [T][ ] \" + userInput.substring(5, stringLength) + \"\\nNow you have \" + (tasksCounter + 1) + \" tasks in the list.\");","lastModifiedDate":"2025-02-06","isFullCredit":false},{"lineNumber":36,"author":{"gitId":"CRL006"},"content":"                tasks[tasksCounter] \u003d userInput.substring(5, stringLength);","lastModifiedDate":"2025-02-06","isFullCredit":false},{"lineNumber":37,"author":{"gitId":"CRL006"},"content":"                isDone[tasksCounter] \u003d false;","lastModifiedDate":"2025-02-06","isFullCredit":false},{"lineNumber":38,"author":{"gitId":"CRL006"},"content":"                taskType[tasksCounter] \u003d 0;","lastModifiedDate":"2025-02-06","isFullCredit":false},{"lineNumber":39,"author":{"gitId":"CRL006"},"content":"                tasksCounter++;","lastModifiedDate":"2025-02-06","isFullCredit":false},{"lineNumber":40,"author":{"gitId":"CRL006"},"content":"            } else if (userInput.contains(\"deadline\")){","lastModifiedDate":"2025-02-06","isFullCredit":false},{"lineNumber":41,"author":{"gitId":"CRL006"},"content":"                stringLength \u003d userInput.length();","lastModifiedDate":"2025-02-06","isFullCredit":false},{"lineNumber":42,"author":{"gitId":"CRL006"},"content":"                int indexOfSlash \u003d userInput.indexOf(\"/\");","lastModifiedDate":"2025-02-06","isFullCredit":false},{"lineNumber":43,"author":{"gitId":"CRL006"},"content":"                tasks[tasksCounter] \u003d userInput.substring(9, indexOfSlash-1) + \" (by: \" + userInput.substring(indexOfSlash+4, stringLength) + \")\";","lastModifiedDate":"2025-02-06","isFullCredit":false},{"lineNumber":44,"author":{"gitId":"CRL006"},"content":"                isDone[tasksCounter] \u003d false;","lastModifiedDate":"2025-02-06","isFullCredit":false},{"lineNumber":45,"author":{"gitId":"CRL006"},"content":"                taskType[tasksCounter] \u003d 1;","lastModifiedDate":"2025-02-06","isFullCredit":false},{"lineNumber":46,"author":{"gitId":"CRL006"},"content":"                System.out.println(\"Got it. I\u0027ve added this task: \\n  [D][ ] \" + tasks[tasksCounter] + \"\\nNow you have \" + (tasksCounter + 1) + \" tasks in the list.\");","lastModifiedDate":"2025-02-06","isFullCredit":false},{"lineNumber":47,"author":{"gitId":"CRL006"},"content":"                tasksCounter++;","lastModifiedDate":"2025-02-06","isFullCredit":false},{"lineNumber":48,"author":{"gitId":"CRL006"},"content":"            } else if (userInput.contains(\"event\")){","lastModifiedDate":"2025-02-06","isFullCredit":false},{"lineNumber":49,"author":{"gitId":"CRL006"},"content":"                stringLength \u003d userInput.length();","lastModifiedDate":"2025-02-06","isFullCredit":false},{"lineNumber":50,"author":{"gitId":"CRL006"},"content":"                int indexOfFirstSlash \u003d userInput.indexOf(\"/\");","lastModifiedDate":"2025-02-06","isFullCredit":false},{"lineNumber":51,"author":{"gitId":"CRL006"},"content":"                int indexOfLastSlash \u003d userInput.lastIndexOf(\"/\");","lastModifiedDate":"2025-02-06","isFullCredit":false},{"lineNumber":52,"author":{"gitId":"CRL006"},"content":"                tasks[tasksCounter] \u003d userInput.substring(6, indexOfFirstSlash-1) + \" (from: \" + userInput.substring(indexOfFirstSlash+6, indexOfLastSlash-1) + \" to: \" + userInput.substring(indexOfLastSlash + 4, stringLength) + \")\";","lastModifiedDate":"2025-02-06","isFullCredit":false},{"lineNumber":53,"author":{"gitId":"CRL006"},"content":"                System.out.println(\"Got it. I\u0027ve added this task: \\n  [E][ ] \" + tasks[tasksCounter] + \"\\nNow you have \" + (tasksCounter + 1) + \" tasks in the list.\");","lastModifiedDate":"2025-02-06","isFullCredit":false},{"lineNumber":54,"author":{"gitId":"CRL006"},"content":"                isDone[tasksCounter] \u003d false;","lastModifiedDate":"2025-02-06","isFullCredit":false},{"lineNumber":55,"author":{"gitId":"CRL006"},"content":"                taskType[tasksCounter] \u003d 2;","lastModifiedDate":"2025-02-06","isFullCredit":false},{"lineNumber":56,"author":{"gitId":"CRL006"},"content":"                tasksCounter++;","lastModifiedDate":"2025-02-06","isFullCredit":false},{"lineNumber":57,"author":{"gitId":"CRL006"},"content":"            } else if (userInput.contains(\"unmark\")) {","lastModifiedDate":"2025-02-05","isFullCredit":false},{"lineNumber":58,"author":{"gitId":"CRL006"},"content":"                String[] splitMark \u003d userInput.split(\" \");","lastModifiedDate":"2025-02-05","isFullCredit":false},{"lineNumber":59,"author":{"gitId":"CRL006"},"content":"                markIndex \u003d Integer.parseInt(splitMark[1]) - 1;","lastModifiedDate":"2025-02-06","isFullCredit":false},{"lineNumber":60,"author":{"gitId":"CRL006"},"content":"                isDone[markIndex] \u003d false;","lastModifiedDate":"2025-02-06","isFullCredit":false},{"lineNumber":61,"author":{"gitId":"CRL006"},"content":"                System.out.println(\"OK, I\u0027ve marked this task as not done yet:\");","lastModifiedDate":"2025-02-06","isFullCredit":false},{"lineNumber":62,"author":{"gitId":"CRL006"},"content":"                if (taskType[markIndex] \u003d\u003d 0) {","lastModifiedDate":"2025-02-06","isFullCredit":false},{"lineNumber":63,"author":{"gitId":"CRL006"},"content":"                    System.out.print(\"[T]\");","lastModifiedDate":"2025-02-06","isFullCredit":false},{"lineNumber":64,"author":{"gitId":"CRL006"},"content":"                } else if (taskType[markIndex] \u003d\u003d 1){","lastModifiedDate":"2025-02-06","isFullCredit":false},{"lineNumber":65,"author":{"gitId":"CRL006"},"content":"                    System.out.print(\"[D]\");","lastModifiedDate":"2025-02-06","isFullCredit":false},{"lineNumber":66,"author":{"gitId":"CRL006"},"content":"                } else {","lastModifiedDate":"2025-02-06","isFullCredit":false},{"lineNumber":67,"author":{"gitId":"CRL006"},"content":"                    System.out.print(\"[E]\");","lastModifiedDate":"2025-02-06","isFullCredit":false},{"lineNumber":68,"author":{"gitId":"CRL006"},"content":"                }","lastModifiedDate":"2025-02-06","isFullCredit":false},{"lineNumber":69,"author":{"gitId":"CRL006"},"content":"                System.out.println(\"[ ] \" + tasks[markIndex]);","lastModifiedDate":"2025-02-06","isFullCredit":false},{"lineNumber":70,"author":{"gitId":"CRL006"},"content":"            } else if (userInput.contains(\"mark\")) {","lastModifiedDate":"2025-02-05","isFullCredit":false},{"lineNumber":71,"author":{"gitId":"CRL006"},"content":"                String[] splitMark \u003d userInput.split(\" \");","lastModifiedDate":"2025-02-05","isFullCredit":false},{"lineNumber":72,"author":{"gitId":"CRL006"},"content":"                markIndex \u003d Integer.parseInt(splitMark[1]) - 1;","lastModifiedDate":"2025-02-06","isFullCredit":false},{"lineNumber":73,"author":{"gitId":"CRL006"},"content":"                isDone[markIndex] \u003d true;","lastModifiedDate":"2025-02-06","isFullCredit":false},{"lineNumber":74,"author":{"gitId":"CRL006"},"content":"                System.out.println(\"Nice! I\u0027ve marked this task as done:\");","lastModifiedDate":"2025-02-06","isFullCredit":false},{"lineNumber":75,"author":{"gitId":"CRL006"},"content":"                if (taskType[markIndex] \u003d\u003d 0) {","lastModifiedDate":"2025-02-06","isFullCredit":false},{"lineNumber":76,"author":{"gitId":"CRL006"},"content":"                    System.out.print(\"[T]\");","lastModifiedDate":"2025-02-06","isFullCredit":false},{"lineNumber":77,"author":{"gitId":"CRL006"},"content":"                } else if (taskType[markIndex] \u003d\u003d 1){","lastModifiedDate":"2025-02-06","isFullCredit":false},{"lineNumber":78,"author":{"gitId":"CRL006"},"content":"                    System.out.print(\"[D]\");","lastModifiedDate":"2025-02-06","isFullCredit":false},{"lineNumber":79,"author":{"gitId":"CRL006"},"content":"                } else {","lastModifiedDate":"2025-02-05","isFullCredit":false},{"lineNumber":80,"author":{"gitId":"CRL006"},"content":"                    System.out.print(\"[E]\");","lastModifiedDate":"2025-02-06","isFullCredit":false},{"lineNumber":81,"author":{"gitId":"CRL006"},"content":"                }","lastModifiedDate":"2025-02-06","isFullCredit":false},{"lineNumber":82,"author":{"gitId":"CRL006"},"content":"                System.out.println(\"[X] \" + tasks[markIndex]);","lastModifiedDate":"2025-02-06","isFullCredit":false},{"lineNumber":83,"author":{"gitId":"CRL006"},"content":"            }","lastModifiedDate":"2025-02-05","isFullCredit":false},{"lineNumber":84,"author":{"gitId":"CRL006"},"content":"            userInput \u003d scanner.nextLine();","lastModifiedDate":"2025-02-05","isFullCredit":false},{"lineNumber":85,"author":{"gitId":"CRL006"},"content":"        }","lastModifiedDate":"2025-02-05","isFullCredit":false},{"lineNumber":86,"author":{"gitId":"CRL006"},"content":"        String endChat \u003d \"Bye. Hope to see you again soon!\";","lastModifiedDate":"2025-02-05","isFullCredit":false},{"lineNumber":87,"author":{"gitId":"CRL006"},"content":"        System.out.println(endChat);","lastModifiedDate":"2025-02-05","isFullCredit":false},{"lineNumber":88,"author":{"gitId":"CRL006"},"content":"    }","lastModifiedDate":"2025-02-05","isFullCredit":false},{"lineNumber":89,"author":{"gitId":"CRL006"},"content":"}","lastModifiedDate":"2025-02-05","isFullCredit":false}],"authorContributionMap":{"CRL006":89}}]
