[{"path":"src/main/java/neura/exception/NeuraException.java","fileType":"java","lines":[{"lineNumber":1,"author":{"gitId":"LeThiHongMinh"},"content":"package neura.exception;","lastModifiedDate":"2025-02-11","isFullCredit":false},{"lineNumber":2,"author":{"gitId":"LeThiHongMinh"},"content":"","lastModifiedDate":"2025-02-11","isFullCredit":false},{"lineNumber":3,"author":{"gitId":"LeThiHongMinh"},"content":"public class NeuraException extends Exception {","lastModifiedDate":"2025-02-11","isFullCredit":false},{"lineNumber":4,"author":{"gitId":"LeThiHongMinh"},"content":"    public NeuraException(String message) {","lastModifiedDate":"2025-02-11","isFullCredit":false},{"lineNumber":5,"author":{"gitId":"LeThiHongMinh"},"content":"        super(message);","lastModifiedDate":"2025-02-11","isFullCredit":false},{"lineNumber":6,"author":{"gitId":"LeThiHongMinh"},"content":"    }","lastModifiedDate":"2025-02-11","isFullCredit":false},{"lineNumber":7,"author":{"gitId":"LeThiHongMinh"},"content":"}","lastModifiedDate":"2025-02-11","isFullCredit":false}],"authorContributionMap":{"LeThiHongMinh":7}},{"path":"src/main/java/neura/task/Deadline.java","fileType":"java","lines":[{"lineNumber":1,"author":{"gitId":"LeThiHongMinh"},"content":"package neura.task;","lastModifiedDate":"2025-02-11","isFullCredit":false},{"lineNumber":2,"author":{"gitId":"LeThiHongMinh"},"content":"","lastModifiedDate":"2025-02-11","isFullCredit":false},{"lineNumber":3,"author":{"gitId":"LeThiHongMinh"},"content":"public class Deadline extends Task {","lastModifiedDate":"2025-02-01","isFullCredit":false},{"lineNumber":4,"author":{"gitId":"LeThiHongMinh"},"content":"    protected String by;","lastModifiedDate":"2025-02-01","isFullCredit":false},{"lineNumber":5,"author":{"gitId":"LeThiHongMinh"},"content":"    public Deadline(String description, String by) {","lastModifiedDate":"2025-02-01","isFullCredit":false},{"lineNumber":6,"author":{"gitId":"LeThiHongMinh"},"content":"        super(description);","lastModifiedDate":"2025-02-01","isFullCredit":false},{"lineNumber":7,"author":{"gitId":"LeThiHongMinh"},"content":"        this.by \u003d by;","lastModifiedDate":"2025-02-01","isFullCredit":false},{"lineNumber":8,"author":{"gitId":"LeThiHongMinh"},"content":"    }","lastModifiedDate":"2025-02-01","isFullCredit":false},{"lineNumber":9,"author":{"gitId":"LeThiHongMinh"},"content":"    @Override","lastModifiedDate":"2025-02-01","isFullCredit":false},{"lineNumber":10,"author":{"gitId":"LeThiHongMinh"},"content":"    public String toString() {","lastModifiedDate":"2025-02-01","isFullCredit":false},{"lineNumber":11,"author":{"gitId":"LeThiHongMinh"},"content":"        return \"[D]\" + super.toString() + \" (by: \" + by + \")\";","lastModifiedDate":"2025-02-01","isFullCredit":false},{"lineNumber":12,"author":{"gitId":"LeThiHongMinh"},"content":"    }","lastModifiedDate":"2025-02-01","isFullCredit":false},{"lineNumber":13,"author":{"gitId":"LeThiHongMinh"},"content":"}","lastModifiedDate":"2025-02-01","isFullCredit":false}],"authorContributionMap":{"LeThiHongMinh":13}},{"path":"src/main/java/neura/task/Event.java","fileType":"java","lines":[{"lineNumber":1,"author":{"gitId":"LeThiHongMinh"},"content":"package neura.task;","lastModifiedDate":"2025-02-11","isFullCredit":false},{"lineNumber":2,"author":{"gitId":"LeThiHongMinh"},"content":"","lastModifiedDate":"2025-02-11","isFullCredit":false},{"lineNumber":3,"author":{"gitId":"LeThiHongMinh"},"content":"public class Event extends Task {","lastModifiedDate":"2025-02-01","isFullCredit":false},{"lineNumber":4,"author":{"gitId":"LeThiHongMinh"},"content":"    protected String from;","lastModifiedDate":"2025-02-01","isFullCredit":false},{"lineNumber":5,"author":{"gitId":"LeThiHongMinh"},"content":"    protected String to;","lastModifiedDate":"2025-02-01","isFullCredit":false},{"lineNumber":6,"author":{"gitId":"LeThiHongMinh"},"content":"    public Event(String description, String from, String to) {","lastModifiedDate":"2025-02-01","isFullCredit":false},{"lineNumber":7,"author":{"gitId":"LeThiHongMinh"},"content":"        super(description);","lastModifiedDate":"2025-02-01","isFullCredit":false},{"lineNumber":8,"author":{"gitId":"LeThiHongMinh"},"content":"        this.from \u003d from;","lastModifiedDate":"2025-02-01","isFullCredit":false},{"lineNumber":9,"author":{"gitId":"LeThiHongMinh"},"content":"        this.to \u003d to;","lastModifiedDate":"2025-02-01","isFullCredit":false},{"lineNumber":10,"author":{"gitId":"LeThiHongMinh"},"content":"    }","lastModifiedDate":"2025-02-01","isFullCredit":false},{"lineNumber":11,"author":{"gitId":"LeThiHongMinh"},"content":"    @Override","lastModifiedDate":"2025-02-01","isFullCredit":false},{"lineNumber":12,"author":{"gitId":"LeThiHongMinh"},"content":"    public String toString() {","lastModifiedDate":"2025-02-01","isFullCredit":false},{"lineNumber":13,"author":{"gitId":"LeThiHongMinh"},"content":"        return \"[E]\" + super.toString() + \"(from: \" + from + \" to:\" + to + \")\";","lastModifiedDate":"2025-02-01","isFullCredit":false},{"lineNumber":14,"author":{"gitId":"LeThiHongMinh"},"content":"    }","lastModifiedDate":"2025-02-01","isFullCredit":false},{"lineNumber":15,"author":{"gitId":"LeThiHongMinh"},"content":"}","lastModifiedDate":"2025-02-01","isFullCredit":false}],"authorContributionMap":{"LeThiHongMinh":15}},{"path":"src/main/java/neura/task/Task.java","fileType":"java","lines":[{"lineNumber":1,"author":{"gitId":"LeThiHongMinh"},"content":"package neura.task;","lastModifiedDate":"2025-02-11","isFullCredit":false},{"lineNumber":2,"author":{"gitId":"LeThiHongMinh"},"content":"","lastModifiedDate":"2025-02-11","isFullCredit":false},{"lineNumber":3,"author":{"gitId":"LeThiHongMinh"},"content":"public class Task {","lastModifiedDate":"2025-01-25","isFullCredit":false},{"lineNumber":4,"author":{"gitId":"LeThiHongMinh"},"content":"    private final String description;","lastModifiedDate":"2025-01-25","isFullCredit":false},{"lineNumber":5,"author":{"gitId":"LeThiHongMinh"},"content":"    private boolean isDone;","lastModifiedDate":"2025-01-25","isFullCredit":false},{"lineNumber":6,"author":{"gitId":"LeThiHongMinh"},"content":"","lastModifiedDate":"2025-01-25","isFullCredit":false},{"lineNumber":7,"author":{"gitId":"LeThiHongMinh"},"content":"    public Task(String description) {","lastModifiedDate":"2025-01-25","isFullCredit":false},{"lineNumber":8,"author":{"gitId":"LeThiHongMinh"},"content":"        this.description \u003d description;","lastModifiedDate":"2025-01-25","isFullCredit":false},{"lineNumber":9,"author":{"gitId":"LeThiHongMinh"},"content":"        this.isDone \u003d false;","lastModifiedDate":"2025-01-25","isFullCredit":false},{"lineNumber":10,"author":{"gitId":"LeThiHongMinh"},"content":"    }","lastModifiedDate":"2025-01-25","isFullCredit":false},{"lineNumber":11,"author":{"gitId":"LeThiHongMinh"},"content":"","lastModifiedDate":"2025-01-25","isFullCredit":false},{"lineNumber":12,"author":{"gitId":"LeThiHongMinh"},"content":"    public void markAsDone() {","lastModifiedDate":"2025-01-25","isFullCredit":false},{"lineNumber":13,"author":{"gitId":"LeThiHongMinh"},"content":"        isDone \u003d true;","lastModifiedDate":"2025-01-25","isFullCredit":false},{"lineNumber":14,"author":{"gitId":"LeThiHongMinh"},"content":"    }","lastModifiedDate":"2025-01-25","isFullCredit":false},{"lineNumber":15,"author":{"gitId":"LeThiHongMinh"},"content":"","lastModifiedDate":"2025-01-25","isFullCredit":false},{"lineNumber":16,"author":{"gitId":"LeThiHongMinh"},"content":"    public void markAsNotDone() {","lastModifiedDate":"2025-01-25","isFullCredit":false},{"lineNumber":17,"author":{"gitId":"LeThiHongMinh"},"content":"        isDone \u003d false;","lastModifiedDate":"2025-01-25","isFullCredit":false},{"lineNumber":18,"author":{"gitId":"LeThiHongMinh"},"content":"    }","lastModifiedDate":"2025-01-25","isFullCredit":false},{"lineNumber":19,"author":{"gitId":"LeThiHongMinh"},"content":"","lastModifiedDate":"2025-01-25","isFullCredit":false},{"lineNumber":20,"author":{"gitId":"LeThiHongMinh"},"content":"    public String getStatusIcon() {","lastModifiedDate":"2025-01-25","isFullCredit":false},{"lineNumber":21,"author":{"gitId":"LeThiHongMinh"},"content":"        return (isDone ? \"X\" : \" \");","lastModifiedDate":"2025-01-25","isFullCredit":false},{"lineNumber":22,"author":{"gitId":"LeThiHongMinh"},"content":"    }","lastModifiedDate":"2025-01-25","isFullCredit":false},{"lineNumber":23,"author":{"gitId":"LeThiHongMinh"},"content":"","lastModifiedDate":"2025-01-25","isFullCredit":false},{"lineNumber":24,"author":{"gitId":"LeThiHongMinh"},"content":"    public String getDescription() {","lastModifiedDate":"2025-01-25","isFullCredit":false},{"lineNumber":25,"author":{"gitId":"LeThiHongMinh"},"content":"        return description;","lastModifiedDate":"2025-01-25","isFullCredit":false},{"lineNumber":26,"author":{"gitId":"LeThiHongMinh"},"content":"    }","lastModifiedDate":"2025-01-25","isFullCredit":false},{"lineNumber":27,"author":{"gitId":"LeThiHongMinh"},"content":"","lastModifiedDate":"2025-02-07","isFullCredit":false},{"lineNumber":28,"author":{"gitId":"LeThiHongMinh"},"content":"    public String toString() {","lastModifiedDate":"2025-02-01","isFullCredit":false},{"lineNumber":29,"author":{"gitId":"LeThiHongMinh"},"content":"        return \"[\" + this.getStatusIcon() + \"] \" + this.getDescription();","lastModifiedDate":"2025-02-01","isFullCredit":false},{"lineNumber":30,"author":{"gitId":"LeThiHongMinh"},"content":"    }","lastModifiedDate":"2025-02-01","isFullCredit":false},{"lineNumber":31,"author":{"gitId":"LeThiHongMinh"},"content":"}","lastModifiedDate":"2025-01-25","isFullCredit":false}],"authorContributionMap":{"LeThiHongMinh":31}},{"path":"src/main/java/neura/task/Todo.java","fileType":"java","lines":[{"lineNumber":1,"author":{"gitId":"LeThiHongMinh"},"content":"package neura.task;","lastModifiedDate":"2025-02-11","isFullCredit":false},{"lineNumber":2,"author":{"gitId":"LeThiHongMinh"},"content":"","lastModifiedDate":"2025-02-11","isFullCredit":false},{"lineNumber":3,"author":{"gitId":"LeThiHongMinh"},"content":"public class Todo extends Task {","lastModifiedDate":"2025-02-01","isFullCredit":false},{"lineNumber":4,"author":{"gitId":"LeThiHongMinh"},"content":"    public Todo(String description) {","lastModifiedDate":"2025-02-01","isFullCredit":false},{"lineNumber":5,"author":{"gitId":"LeThiHongMinh"},"content":"        super(description);","lastModifiedDate":"2025-02-01","isFullCredit":false},{"lineNumber":6,"author":{"gitId":"LeThiHongMinh"},"content":"    }","lastModifiedDate":"2025-02-01","isFullCredit":false},{"lineNumber":7,"author":{"gitId":"LeThiHongMinh"},"content":"","lastModifiedDate":"2025-02-01","isFullCredit":false},{"lineNumber":8,"author":{"gitId":"LeThiHongMinh"},"content":"    public String toString() {","lastModifiedDate":"2025-02-01","isFullCredit":false},{"lineNumber":9,"author":{"gitId":"LeThiHongMinh"},"content":"        return \"[T]\" + super.toString();","lastModifiedDate":"2025-02-01","isFullCredit":false},{"lineNumber":10,"author":{"gitId":"LeThiHongMinh"},"content":"    }","lastModifiedDate":"2025-02-01","isFullCredit":false},{"lineNumber":11,"author":{"gitId":"LeThiHongMinh"},"content":"}","lastModifiedDate":"2025-02-01","isFullCredit":false}],"authorContributionMap":{"LeThiHongMinh":11}},{"path":"src/main/java/neura/ui/Neura.java","fileType":"java","lines":[{"lineNumber":1,"author":{"gitId":"LeThiHongMinh"},"content":"package neura.ui;","lastModifiedDate":"2025-02-11","isFullCredit":false},{"lineNumber":2,"author":{"gitId":"LeThiHongMinh"},"content":"","lastModifiedDate":"2025-02-11","isFullCredit":false},{"lineNumber":3,"author":{"gitId":"LeThiHongMinh"},"content":"import neura.exception.NeuraException;","lastModifiedDate":"2025-02-11","isFullCredit":false},{"lineNumber":4,"author":{"gitId":"LeThiHongMinh"},"content":"import neura.task.Deadline;","lastModifiedDate":"2025-02-11","isFullCredit":false},{"lineNumber":5,"author":{"gitId":"LeThiHongMinh"},"content":"import neura.task.Event;","lastModifiedDate":"2025-02-11","isFullCredit":false},{"lineNumber":6,"author":{"gitId":"LeThiHongMinh"},"content":"import neura.task.Task;","lastModifiedDate":"2025-02-11","isFullCredit":false},{"lineNumber":7,"author":{"gitId":"LeThiHongMinh"},"content":"import neura.task.Todo;","lastModifiedDate":"2025-02-11","isFullCredit":false},{"lineNumber":8,"author":{"gitId":"LeThiHongMinh"},"content":"","lastModifiedDate":"2025-02-11","isFullCredit":false},{"lineNumber":9,"author":{"gitId":"LeThiHongMinh"},"content":"import java.util.Scanner;","lastModifiedDate":"2025-01-25","isFullCredit":false},{"lineNumber":10,"author":{"gitId":"LeThiHongMinh"},"content":"","lastModifiedDate":"2025-01-25","isFullCredit":false},{"lineNumber":11,"author":{"gitId":"LeThiHongMinh"},"content":"public class Neura {","lastModifiedDate":"2025-01-21","isFullCredit":false},{"lineNumber":12,"author":{"gitId":"LeThiHongMinh"},"content":"","lastModifiedDate":"2025-01-25","isFullCredit":false},{"lineNumber":13,"author":{"gitId":"LeThiHongMinh"},"content":"    private static final int MAX_TASKS \u003d 100;  // Maximum number of tasks","lastModifiedDate":"2025-02-07","isFullCredit":false},{"lineNumber":14,"author":{"gitId":"LeThiHongMinh"},"content":"    private static final String EXIT_COMMAND \u003d \"bye\";","lastModifiedDate":"2025-02-07","isFullCredit":false},{"lineNumber":15,"author":{"gitId":"LeThiHongMinh"},"content":"    private static final String LIST_COMMAND \u003d \"list\";","lastModifiedDate":"2025-02-07","isFullCredit":false},{"lineNumber":16,"author":{"gitId":"LeThiHongMinh"},"content":"    private static final String MARK_COMMAND \u003d \"mark\";","lastModifiedDate":"2025-02-07","isFullCredit":false},{"lineNumber":17,"author":{"gitId":"LeThiHongMinh"},"content":"    private static final String UNMARK_COMMAND \u003d \"unmark\";","lastModifiedDate":"2025-02-07","isFullCredit":false},{"lineNumber":18,"author":{"gitId":"LeThiHongMinh"},"content":"    private static final String TODO_COMMAND \u003d \"todo\";","lastModifiedDate":"2025-02-07","isFullCredit":false},{"lineNumber":19,"author":{"gitId":"LeThiHongMinh"},"content":"    private static final String DEADLINE_COMMAND \u003d \"deadline\";","lastModifiedDate":"2025-02-07","isFullCredit":false},{"lineNumber":20,"author":{"gitId":"LeThiHongMinh"},"content":"    private static final String EVENT_COMMAND \u003d \"event\";","lastModifiedDate":"2025-02-07","isFullCredit":false},{"lineNumber":21,"author":{"gitId":"LeThiHongMinh"},"content":"    private static final String TASK_LIST_FULL_MESSAGE \u003d \"Task list is full. Cannot add more tasks.\";","lastModifiedDate":"2025-02-07","isFullCredit":false},{"lineNumber":22,"author":{"gitId":"LeThiHongMinh"},"content":"    private static final String SEPARATOR \u003d \"____________________________________________________________\";  // Constant for separator line","lastModifiedDate":"2025-02-07","isFullCredit":false},{"lineNumber":23,"author":{"gitId":"LeThiHongMinh"},"content":"","lastModifiedDate":"2025-02-07","isFullCredit":false},{"lineNumber":24,"author":{"gitId":"LeThiHongMinh"},"content":"    private Task[] tasks \u003d new Task[MAX_TASKS];","lastModifiedDate":"2025-02-07","isFullCredit":false},{"lineNumber":25,"author":{"gitId":"LeThiHongMinh"},"content":"    private int taskCount \u003d 0;","lastModifiedDate":"2025-02-07","isFullCredit":false},{"lineNumber":26,"author":{"gitId":"LeThiHongMinh"},"content":"","lastModifiedDate":"2025-02-07","isFullCredit":false},{"lineNumber":27,"author":{"gitId":"LeThiHongMinh"},"content":"    public static void main(String[] args) {","lastModifiedDate":"2025-01-21","isFullCredit":false},{"lineNumber":28,"author":{"gitId":"LeThiHongMinh"},"content":"        Neura neura \u003d new Neura();","lastModifiedDate":"2025-02-07","isFullCredit":false},{"lineNumber":29,"author":{"gitId":"LeThiHongMinh"},"content":"        neura.run();","lastModifiedDate":"2025-02-07","isFullCredit":false},{"lineNumber":30,"author":{"gitId":"LeThiHongMinh"},"content":"    }","lastModifiedDate":"2025-02-07","isFullCredit":false},{"lineNumber":31,"author":{"gitId":"LeThiHongMinh"},"content":"","lastModifiedDate":"2025-02-07","isFullCredit":false},{"lineNumber":32,"author":{"gitId":"LeThiHongMinh"},"content":"    private void run() {","lastModifiedDate":"2025-02-07","isFullCredit":false},{"lineNumber":33,"author":{"gitId":"LeThiHongMinh"},"content":"        Scanner scanner \u003d new Scanner(System.in);","lastModifiedDate":"2025-01-25","isFullCredit":false},{"lineNumber":34,"author":{"gitId":"LeThiHongMinh"},"content":"","lastModifiedDate":"2025-01-25","isFullCredit":false},{"lineNumber":35,"author":{"gitId":"LeThiHongMinh"},"content":"        printGreeting();","lastModifiedDate":"2025-02-07","isFullCredit":false},{"lineNumber":36,"author":{"gitId":"LeThiHongMinh"},"content":"","lastModifiedDate":"2025-02-07","isFullCredit":false},{"lineNumber":37,"author":{"gitId":"LeThiHongMinh"},"content":"        while (true) {","lastModifiedDate":"2025-02-07","isFullCredit":false},{"lineNumber":38,"author":{"gitId":"LeThiHongMinh"},"content":"            String userInput \u003d scanner.nextLine().trim(); // Get user input","lastModifiedDate":"2025-02-07","isFullCredit":false},{"lineNumber":39,"author":{"gitId":"LeThiHongMinh"},"content":"","lastModifiedDate":"2025-02-07","isFullCredit":false},{"lineNumber":40,"author":{"gitId":"LeThiHongMinh"},"content":"            if (userInput.equals(EXIT_COMMAND)) {","lastModifiedDate":"2025-02-07","isFullCredit":false},{"lineNumber":41,"author":{"gitId":"LeThiHongMinh"},"content":"                printGoodbye();","lastModifiedDate":"2025-02-07","isFullCredit":false},{"lineNumber":42,"author":{"gitId":"LeThiHongMinh"},"content":"                break;","lastModifiedDate":"2025-02-07","isFullCredit":false},{"lineNumber":43,"author":{"gitId":"LeThiHongMinh"},"content":"            }","lastModifiedDate":"2025-02-07","isFullCredit":false},{"lineNumber":44,"author":{"gitId":"LeThiHongMinh"},"content":"            try {","lastModifiedDate":"2025-02-11","isFullCredit":false},{"lineNumber":45,"author":{"gitId":"LeThiHongMinh"},"content":"                handleCommand(userInput);","lastModifiedDate":"2025-02-07","isFullCredit":false},{"lineNumber":46,"author":{"gitId":"LeThiHongMinh"},"content":"            } catch (NeuraException e) {","lastModifiedDate":"2025-02-11","isFullCredit":false},{"lineNumber":47,"author":{"gitId":"LeThiHongMinh"},"content":"                System.out.println(SEPARATOR);","lastModifiedDate":"2025-02-11","isFullCredit":false},{"lineNumber":48,"author":{"gitId":"LeThiHongMinh"},"content":"                System.out.println(\"OOPS!!! \" + e.getMessage());","lastModifiedDate":"2025-02-11","isFullCredit":false},{"lineNumber":49,"author":{"gitId":"LeThiHongMinh"},"content":"                System.out.println(SEPARATOR);","lastModifiedDate":"2025-02-11","isFullCredit":false},{"lineNumber":50,"author":{"gitId":"LeThiHongMinh"},"content":"            }","lastModifiedDate":"2025-02-11","isFullCredit":false},{"lineNumber":51,"author":{"gitId":"LeThiHongMinh"},"content":"        }","lastModifiedDate":"2025-02-07","isFullCredit":false},{"lineNumber":52,"author":{"gitId":"LeThiHongMinh"},"content":"","lastModifiedDate":"2025-02-07","isFullCredit":false},{"lineNumber":53,"author":{"gitId":"LeThiHongMinh"},"content":"        scanner.close();","lastModifiedDate":"2025-02-07","isFullCredit":false},{"lineNumber":54,"author":{"gitId":"LeThiHongMinh"},"content":"    }","lastModifiedDate":"2025-02-07","isFullCredit":false},{"lineNumber":55,"author":{"gitId":"LeThiHongMinh"},"content":"","lastModifiedDate":"2025-01-25","isFullCredit":false},{"lineNumber":56,"author":{"gitId":"LeThiHongMinh"},"content":"    private void printGreeting() {","lastModifiedDate":"2025-02-07","isFullCredit":false},{"lineNumber":57,"author":{"gitId":"LeThiHongMinh"},"content":"        System.out.println(SEPARATOR);","lastModifiedDate":"2025-02-07","isFullCredit":false},{"lineNumber":58,"author":{"gitId":"LeThiHongMinh"},"content":"        System.out.println(\"Hello! I\u0027m Neura\");","lastModifiedDate":"2025-01-25","isFullCredit":false},{"lineNumber":59,"author":{"gitId":"LeThiHongMinh"},"content":"        System.out.println(\"What can I do for you?\");","lastModifiedDate":"2025-01-21","isFullCredit":false},{"lineNumber":60,"author":{"gitId":"LeThiHongMinh"},"content":"        System.out.println(SEPARATOR);","lastModifiedDate":"2025-02-07","isFullCredit":false},{"lineNumber":61,"author":{"gitId":"LeThiHongMinh"},"content":"    }","lastModifiedDate":"2025-02-07","isFullCredit":false},{"lineNumber":62,"author":{"gitId":"LeThiHongMinh"},"content":"","lastModifiedDate":"2025-01-25","isFullCredit":false},{"lineNumber":63,"author":{"gitId":"LeThiHongMinh"},"content":"    private void printGoodbye() {","lastModifiedDate":"2025-02-07","isFullCredit":false},{"lineNumber":64,"author":{"gitId":"LeThiHongMinh"},"content":"        System.out.println(SEPARATOR);","lastModifiedDate":"2025-02-07","isFullCredit":false},{"lineNumber":65,"author":{"gitId":"LeThiHongMinh"},"content":"        System.out.println(\"Bye. Hope to see you again soon!\");","lastModifiedDate":"2025-01-21","isFullCredit":false},{"lineNumber":66,"author":{"gitId":"LeThiHongMinh"},"content":"        System.out.println(SEPARATOR);","lastModifiedDate":"2025-02-07","isFullCredit":false},{"lineNumber":67,"author":{"gitId":"LeThiHongMinh"},"content":"    }","lastModifiedDate":"2025-02-07","isFullCredit":false},{"lineNumber":68,"author":{"gitId":"LeThiHongMinh"},"content":"","lastModifiedDate":"2025-02-07","isFullCredit":false},{"lineNumber":69,"author":{"gitId":"LeThiHongMinh"},"content":"    private void handleCommand(String userInput) throws NeuraException{","lastModifiedDate":"2025-02-11","isFullCredit":false},{"lineNumber":70,"author":{"gitId":"LeThiHongMinh"},"content":"        if (userInput.equals(LIST_COMMAND)) {","lastModifiedDate":"2025-02-07","isFullCredit":false},{"lineNumber":71,"author":{"gitId":"LeThiHongMinh"},"content":"            displayTasks();","lastModifiedDate":"2025-02-07","isFullCredit":false},{"lineNumber":72,"author":{"gitId":"LeThiHongMinh"},"content":"        } else if (userInput.startsWith(MARK_COMMAND)) {","lastModifiedDate":"2025-02-07","isFullCredit":false},{"lineNumber":73,"author":{"gitId":"LeThiHongMinh"},"content":"            markTaskAsDone(userInput);","lastModifiedDate":"2025-02-07","isFullCredit":false},{"lineNumber":74,"author":{"gitId":"LeThiHongMinh"},"content":"        } else if (userInput.startsWith(UNMARK_COMMAND)) {","lastModifiedDate":"2025-02-07","isFullCredit":false},{"lineNumber":75,"author":{"gitId":"LeThiHongMinh"},"content":"            unmarkTaskAsDone(userInput);","lastModifiedDate":"2025-02-07","isFullCredit":false},{"lineNumber":76,"author":{"gitId":"LeThiHongMinh"},"content":"        } else if (userInput.startsWith(TODO_COMMAND)) {","lastModifiedDate":"2025-02-07","isFullCredit":false},{"lineNumber":77,"author":{"gitId":"LeThiHongMinh"},"content":"            addTodoTask(userInput);","lastModifiedDate":"2025-02-07","isFullCredit":false},{"lineNumber":78,"author":{"gitId":"LeThiHongMinh"},"content":"        } else if (userInput.startsWith(DEADLINE_COMMAND)) {","lastModifiedDate":"2025-02-07","isFullCredit":false},{"lineNumber":79,"author":{"gitId":"LeThiHongMinh"},"content":"            addDeadlineTask(userInput);","lastModifiedDate":"2025-02-07","isFullCredit":false},{"lineNumber":80,"author":{"gitId":"LeThiHongMinh"},"content":"        } else if (userInput.startsWith(EVENT_COMMAND)) {","lastModifiedDate":"2025-02-07","isFullCredit":false},{"lineNumber":81,"author":{"gitId":"LeThiHongMinh"},"content":"            addEventTask(userInput);","lastModifiedDate":"2025-02-07","isFullCredit":false},{"lineNumber":82,"author":{"gitId":"LeThiHongMinh"},"content":"        } else {","lastModifiedDate":"2025-02-07","isFullCredit":false},{"lineNumber":83,"author":{"gitId":"LeThiHongMinh"},"content":"            throw new NeuraException(\"I\u0027m sorry, but I don\u0027t know what that means :-(\");","lastModifiedDate":"2025-02-11","isFullCredit":false},{"lineNumber":84,"author":{"gitId":"LeThiHongMinh"},"content":"        }","lastModifiedDate":"2025-02-07","isFullCredit":false},{"lineNumber":85,"author":{"gitId":"LeThiHongMinh"},"content":"    }","lastModifiedDate":"2025-01-25","isFullCredit":false},{"lineNumber":86,"author":{"gitId":"LeThiHongMinh"},"content":"","lastModifiedDate":"2025-01-25","isFullCredit":false},{"lineNumber":87,"author":{"gitId":"LeThiHongMinh"},"content":"    private void displayTasks() {","lastModifiedDate":"2025-02-07","isFullCredit":false},{"lineNumber":88,"author":{"gitId":"LeThiHongMinh"},"content":"        System.out.println(SEPARATOR);","lastModifiedDate":"2025-02-07","isFullCredit":false},{"lineNumber":89,"author":{"gitId":"LeThiHongMinh"},"content":"        System.out.println(\"Here are the tasks in your list:\");","lastModifiedDate":"2025-01-25","isFullCredit":false},{"lineNumber":90,"author":{"gitId":"LeThiHongMinh"},"content":"        for (int i \u003d 0; i \u003c taskCount; i++) {","lastModifiedDate":"2025-01-25","isFullCredit":false},{"lineNumber":91,"author":{"gitId":"LeThiHongMinh"},"content":"            System.out.println(tasks[i]);","lastModifiedDate":"2025-02-07","isFullCredit":false},{"lineNumber":92,"author":{"gitId":"LeThiHongMinh"},"content":"        }","lastModifiedDate":"2025-01-25","isFullCredit":false},{"lineNumber":93,"author":{"gitId":"LeThiHongMinh"},"content":"        System.out.println(SEPARATOR);","lastModifiedDate":"2025-02-07","isFullCredit":false},{"lineNumber":94,"author":{"gitId":"LeThiHongMinh"},"content":"    }","lastModifiedDate":"2025-01-25","isFullCredit":false},{"lineNumber":95,"author":{"gitId":"LeThiHongMinh"},"content":"","lastModifiedDate":"2025-02-07","isFullCredit":false},{"lineNumber":96,"author":{"gitId":"LeThiHongMinh"},"content":"    private void markTaskAsDone(String userInput) throws NeuraException{","lastModifiedDate":"2025-02-11","isFullCredit":false},{"lineNumber":97,"author":{"gitId":"LeThiHongMinh"},"content":"        int taskIndex \u003d getTaskIndex(userInput);","lastModifiedDate":"2025-02-07","isFullCredit":false},{"lineNumber":98,"author":{"gitId":"LeThiHongMinh"},"content":"        if (isValidTaskIndex(taskIndex)) {","lastModifiedDate":"2025-02-07","isFullCredit":false},{"lineNumber":99,"author":{"gitId":"LeThiHongMinh"},"content":"            tasks[taskIndex].markAsDone();","lastModifiedDate":"2025-01-25","isFullCredit":false},{"lineNumber":100,"author":{"gitId":"LeThiHongMinh"},"content":"            printTaskStatus(\"Nice! I\u0027ve marked this task as done:\", taskIndex);","lastModifiedDate":"2025-02-07","isFullCredit":false},{"lineNumber":101,"author":{"gitId":"LeThiHongMinh"},"content":"        } else {","lastModifiedDate":"2025-02-11","isFullCredit":false},{"lineNumber":102,"author":{"gitId":"LeThiHongMinh"},"content":"            throw new NeuraException(\"Invalid task number.\");","lastModifiedDate":"2025-02-11","isFullCredit":false},{"lineNumber":103,"author":{"gitId":"LeThiHongMinh"},"content":"        }","lastModifiedDate":"2025-01-25","isFullCredit":false},{"lineNumber":104,"author":{"gitId":"LeThiHongMinh"},"content":"    }","lastModifiedDate":"2025-01-25","isFullCredit":false},{"lineNumber":105,"author":{"gitId":"LeThiHongMinh"},"content":"","lastModifiedDate":"2025-02-07","isFullCredit":false},{"lineNumber":106,"author":{"gitId":"LeThiHongMinh"},"content":"    private void unmarkTaskAsDone(String userInput) throws NeuraException{","lastModifiedDate":"2025-02-11","isFullCredit":false},{"lineNumber":107,"author":{"gitId":"LeThiHongMinh"},"content":"        int taskIndex \u003d getTaskIndex(userInput);","lastModifiedDate":"2025-02-07","isFullCredit":false},{"lineNumber":108,"author":{"gitId":"LeThiHongMinh"},"content":"        if (isValidTaskIndex(taskIndex)) {","lastModifiedDate":"2025-02-07","isFullCredit":false},{"lineNumber":109,"author":{"gitId":"LeThiHongMinh"},"content":"            tasks[taskIndex].markAsNotDone();","lastModifiedDate":"2025-01-25","isFullCredit":false},{"lineNumber":110,"author":{"gitId":"LeThiHongMinh"},"content":"            printTaskStatus(\"OK, I\u0027ve marked this task as not done yet:\", taskIndex);","lastModifiedDate":"2025-02-07","isFullCredit":false},{"lineNumber":111,"author":{"gitId":"LeThiHongMinh"},"content":"        } else {","lastModifiedDate":"2025-02-11","isFullCredit":false},{"lineNumber":112,"author":{"gitId":"LeThiHongMinh"},"content":"            throw new NeuraException(\"Invalid task number.\");","lastModifiedDate":"2025-02-11","isFullCredit":false},{"lineNumber":113,"author":{"gitId":"LeThiHongMinh"},"content":"        }","lastModifiedDate":"2025-02-07","isFullCredit":false},{"lineNumber":114,"author":{"gitId":"LeThiHongMinh"},"content":"    }","lastModifiedDate":"2025-02-01","isFullCredit":false},{"lineNumber":115,"author":{"gitId":"LeThiHongMinh"},"content":"","lastModifiedDate":"2025-02-07","isFullCredit":false},{"lineNumber":116,"author":{"gitId":"LeThiHongMinh"},"content":"    private int getTaskIndex(String userInput) throws NeuraException{","lastModifiedDate":"2025-02-11","isFullCredit":false},{"lineNumber":117,"author":{"gitId":"LeThiHongMinh"},"content":"        try {","lastModifiedDate":"2025-02-11","isFullCredit":false},{"lineNumber":118,"author":{"gitId":"LeThiHongMinh"},"content":"            return Integer.parseInt(userInput.split(\" \")[1]) - 1;","lastModifiedDate":"2025-02-11","isFullCredit":false},{"lineNumber":119,"author":{"gitId":"LeThiHongMinh"},"content":"        } catch (NumberFormatException | ArrayIndexOutOfBoundsException e) {","lastModifiedDate":"2025-02-11","isFullCredit":false},{"lineNumber":120,"author":{"gitId":"LeThiHongMinh"},"content":"            throw new NeuraException(\"Invalid task number format.\");","lastModifiedDate":"2025-02-11","isFullCredit":false},{"lineNumber":121,"author":{"gitId":"LeThiHongMinh"},"content":"        }","lastModifiedDate":"2025-02-11","isFullCredit":false},{"lineNumber":122,"author":{"gitId":"LeThiHongMinh"},"content":"    }","lastModifiedDate":"2025-02-01","isFullCredit":false},{"lineNumber":123,"author":{"gitId":"LeThiHongMinh"},"content":"","lastModifiedDate":"2025-02-01","isFullCredit":false},{"lineNumber":124,"author":{"gitId":"LeThiHongMinh"},"content":"    private boolean isValidTaskIndex(int index) {","lastModifiedDate":"2025-02-07","isFullCredit":false},{"lineNumber":125,"author":{"gitId":"LeThiHongMinh"},"content":"        return index \u003e\u003d 0 \u0026\u0026 index \u003c taskCount;","lastModifiedDate":"2025-02-07","isFullCredit":false},{"lineNumber":126,"author":{"gitId":"LeThiHongMinh"},"content":"    }","lastModifiedDate":"2025-02-07","isFullCredit":false},{"lineNumber":127,"author":{"gitId":"LeThiHongMinh"},"content":"","lastModifiedDate":"2025-02-01","isFullCredit":false},{"lineNumber":128,"author":{"gitId":"LeThiHongMinh"},"content":"    private void printTaskStatus(String message, int taskIndex) {","lastModifiedDate":"2025-02-07","isFullCredit":false},{"lineNumber":129,"author":{"gitId":"LeThiHongMinh"},"content":"        System.out.println(SEPARATOR);","lastModifiedDate":"2025-02-07","isFullCredit":false},{"lineNumber":130,"author":{"gitId":"LeThiHongMinh"},"content":"        System.out.println(message);","lastModifiedDate":"2025-02-07","isFullCredit":false},{"lineNumber":131,"author":{"gitId":"LeThiHongMinh"},"content":"        System.out.println(tasks[taskIndex]);","lastModifiedDate":"2025-02-07","isFullCredit":false},{"lineNumber":132,"author":{"gitId":"LeThiHongMinh"},"content":"        System.out.println(SEPARATOR);","lastModifiedDate":"2025-02-07","isFullCredit":false},{"lineNumber":133,"author":{"gitId":"LeThiHongMinh"},"content":"    }","lastModifiedDate":"2025-02-07","isFullCredit":false},{"lineNumber":134,"author":{"gitId":"LeThiHongMinh"},"content":"","lastModifiedDate":"2025-02-07","isFullCredit":false},{"lineNumber":135,"author":{"gitId":"LeThiHongMinh"},"content":"    private void addTodoTask(String userInput) throws NeuraException{","lastModifiedDate":"2025-02-11","isFullCredit":false},{"lineNumber":136,"author":{"gitId":"LeThiHongMinh"},"content":"        if (userInput.trim().equals(TODO_COMMAND)) {","lastModifiedDate":"2025-02-11","isFullCredit":false},{"lineNumber":137,"author":{"gitId":"LeThiHongMinh"},"content":"            throw new NeuraException(\"The description of a todo cannot be empty.\");","lastModifiedDate":"2025-02-11","isFullCredit":false},{"lineNumber":138,"author":{"gitId":"LeThiHongMinh"},"content":"        }","lastModifiedDate":"2025-02-11","isFullCredit":false},{"lineNumber":139,"author":{"gitId":"LeThiHongMinh"},"content":"        if (taskCount \u003c MAX_TASKS) {","lastModifiedDate":"2025-02-07","isFullCredit":false},{"lineNumber":140,"author":{"gitId":"LeThiHongMinh"},"content":"            tasks[taskCount++] \u003d new Todo(userInput);  // Create a new Todo task","lastModifiedDate":"2025-02-07","isFullCredit":false},{"lineNumber":141,"author":{"gitId":"LeThiHongMinh"},"content":"            printTaskAddedMessage();","lastModifiedDate":"2025-02-07","isFullCredit":false},{"lineNumber":142,"author":{"gitId":"LeThiHongMinh"},"content":"        } else {","lastModifiedDate":"2025-02-01","isFullCredit":false},{"lineNumber":143,"author":{"gitId":"LeThiHongMinh"},"content":"            printTaskListFullMessage();","lastModifiedDate":"2025-02-07","isFullCredit":false},{"lineNumber":144,"author":{"gitId":"LeThiHongMinh"},"content":"        }","lastModifiedDate":"2025-02-01","isFullCredit":false},{"lineNumber":145,"author":{"gitId":"LeThiHongMinh"},"content":"    }","lastModifiedDate":"2025-02-01","isFullCredit":false},{"lineNumber":146,"author":{"gitId":"LeThiHongMinh"},"content":"","lastModifiedDate":"2025-02-01","isFullCredit":false},{"lineNumber":147,"author":{"gitId":"LeThiHongMinh"},"content":"    private void addDeadlineTask(String userInput) throws NeuraException{","lastModifiedDate":"2025-02-11","isFullCredit":false},{"lineNumber":148,"author":{"gitId":"LeThiHongMinh"},"content":"        try {","lastModifiedDate":"2025-02-11","isFullCredit":false},{"lineNumber":149,"author":{"gitId":"LeThiHongMinh"},"content":"            String taskDetails \u003d userInput.substring(9).trim();","lastModifiedDate":"2025-02-11","isFullCredit":false},{"lineNumber":150,"author":{"gitId":"LeThiHongMinh"},"content":"            String[] details \u003d taskDetails.split(\" /by \", 2);","lastModifiedDate":"2025-02-07","isFullCredit":false},{"lineNumber":151,"author":{"gitId":"LeThiHongMinh"},"content":"            if (details.length \u003c 2) throw new NeuraException(\"Invalid deadline format. Use: deadline [task] /by [time]\");","lastModifiedDate":"2025-02-11","isFullCredit":false},{"lineNumber":152,"author":{"gitId":"LeThiHongMinh"},"content":"            if (taskCount \u003c MAX_TASKS) {","lastModifiedDate":"2025-02-11","isFullCredit":false},{"lineNumber":153,"author":{"gitId":"LeThiHongMinh"},"content":"                tasks[taskCount++] \u003d new Deadline(details[0], details[1]);","lastModifiedDate":"2025-02-11","isFullCredit":false},{"lineNumber":154,"author":{"gitId":"LeThiHongMinh"},"content":"                printTaskAddedMessage();","lastModifiedDate":"2025-02-07","isFullCredit":false},{"lineNumber":155,"author":{"gitId":"LeThiHongMinh"},"content":"            } else {","lastModifiedDate":"2025-02-07","isFullCredit":false},{"lineNumber":156,"author":{"gitId":"LeThiHongMinh"},"content":"                printTaskListFullMessage();","lastModifiedDate":"2025-02-07","isFullCredit":false},{"lineNumber":157,"author":{"gitId":"LeThiHongMinh"},"content":"            }","lastModifiedDate":"2025-02-07","isFullCredit":false},{"lineNumber":158,"author":{"gitId":"LeThiHongMinh"},"content":"        } catch (IndexOutOfBoundsException e) {","lastModifiedDate":"2025-02-11","isFullCredit":false},{"lineNumber":159,"author":{"gitId":"LeThiHongMinh"},"content":"            throw new NeuraException(\"Invalid deadline format. Use: deadline [task] /by [time]\");","lastModifiedDate":"2025-02-11","isFullCredit":false},{"lineNumber":160,"author":{"gitId":"LeThiHongMinh"},"content":"        }","lastModifiedDate":"2025-02-11","isFullCredit":false},{"lineNumber":161,"author":{"gitId":"LeThiHongMinh"},"content":"    }","lastModifiedDate":"2025-02-07","isFullCredit":false},{"lineNumber":162,"author":{"gitId":"LeThiHongMinh"},"content":"","lastModifiedDate":"2025-02-01","isFullCredit":false},{"lineNumber":163,"author":{"gitId":"LeThiHongMinh"},"content":"    private void addEventTask(String userInput) throws NeuraException{","lastModifiedDate":"2025-02-11","isFullCredit":false},{"lineNumber":164,"author":{"gitId":"LeThiHongMinh"},"content":"        try {","lastModifiedDate":"2025-02-11","isFullCredit":false},{"lineNumber":165,"author":{"gitId":"LeThiHongMinh"},"content":"            String taskDetails \u003d userInput.substring(6).trim();","lastModifiedDate":"2025-02-11","isFullCredit":false},{"lineNumber":166,"author":{"gitId":"LeThiHongMinh"},"content":"            String[] details \u003d taskDetails.split(\" /from \", 2);","lastModifiedDate":"2025-02-01","isFullCredit":false},{"lineNumber":167,"author":{"gitId":"LeThiHongMinh"},"content":"            if (details.length \u003c 2) throw new NeuraException(\"Invalid event format. Use: event [task] /from [start] /to [end]\");","lastModifiedDate":"2025-02-11","isFullCredit":false},{"lineNumber":168,"author":{"gitId":"LeThiHongMinh"},"content":"            String[] dateDetails \u003d details[1].split(\" /to \", 2);","lastModifiedDate":"2025-02-07","isFullCredit":false},{"lineNumber":169,"author":{"gitId":"LeThiHongMinh"},"content":"            if (dateDetails.length \u003c 2) throw new NeuraException(\"Invalid event format. Use: event [task] /from [start] /to [end]\");","lastModifiedDate":"2025-02-11","isFullCredit":false},{"lineNumber":170,"author":{"gitId":"LeThiHongMinh"},"content":"            if (taskCount \u003c MAX_TASKS) {","lastModifiedDate":"2025-02-11","isFullCredit":false},{"lineNumber":171,"author":{"gitId":"LeThiHongMinh"},"content":"                tasks[taskCount++] \u003d new Event(details[0], dateDetails[0], dateDetails[1]);","lastModifiedDate":"2025-02-11","isFullCredit":false},{"lineNumber":172,"author":{"gitId":"LeThiHongMinh"},"content":"                printTaskAddedMessage();","lastModifiedDate":"2025-02-07","isFullCredit":false},{"lineNumber":173,"author":{"gitId":"LeThiHongMinh"},"content":"            } else {","lastModifiedDate":"2025-01-25","isFullCredit":false},{"lineNumber":174,"author":{"gitId":"LeThiHongMinh"},"content":"                printTaskListFullMessage();","lastModifiedDate":"2025-02-07","isFullCredit":false},{"lineNumber":175,"author":{"gitId":"LeThiHongMinh"},"content":"            }","lastModifiedDate":"2025-01-25","isFullCredit":false},{"lineNumber":176,"author":{"gitId":"LeThiHongMinh"},"content":"        } catch (IndexOutOfBoundsException e) {","lastModifiedDate":"2025-02-11","isFullCredit":false},{"lineNumber":177,"author":{"gitId":"LeThiHongMinh"},"content":"            throw new NeuraException(\"Invalid event format. Use: event [task] /from [start] /to [end]\");","lastModifiedDate":"2025-02-11","isFullCredit":false},{"lineNumber":178,"author":{"gitId":"LeThiHongMinh"},"content":"        }","lastModifiedDate":"2025-02-11","isFullCredit":false},{"lineNumber":179,"author":{"gitId":"LeThiHongMinh"},"content":"    }","lastModifiedDate":"2025-01-25","isFullCredit":false},{"lineNumber":180,"author":{"gitId":"LeThiHongMinh"},"content":"","lastModifiedDate":"2025-02-01","isFullCredit":false},{"lineNumber":181,"author":{"gitId":"LeThiHongMinh"},"content":"    private void printTaskAddedMessage() {","lastModifiedDate":"2025-02-07","isFullCredit":false},{"lineNumber":182,"author":{"gitId":"LeThiHongMinh"},"content":"        System.out.println(SEPARATOR);","lastModifiedDate":"2025-02-07","isFullCredit":false},{"lineNumber":183,"author":{"gitId":"LeThiHongMinh"},"content":"        System.out.println(\"Got it. I\u0027ve added this task:\");","lastModifiedDate":"2025-02-07","isFullCredit":false},{"lineNumber":184,"author":{"gitId":"LeThiHongMinh"},"content":"        System.out.println(tasks[taskCount - 1]);","lastModifiedDate":"2025-02-07","isFullCredit":false},{"lineNumber":185,"author":{"gitId":"LeThiHongMinh"},"content":"        System.out.println(\"Now you have \" + taskCount + \" tasks in the list\");","lastModifiedDate":"2025-02-07","isFullCredit":false},{"lineNumber":186,"author":{"gitId":"LeThiHongMinh"},"content":"        System.out.println(SEPARATOR);","lastModifiedDate":"2025-02-07","isFullCredit":false},{"lineNumber":187,"author":{"gitId":"LeThiHongMinh"},"content":"    }","lastModifiedDate":"2025-01-25","isFullCredit":false},{"lineNumber":188,"author":{"gitId":"LeThiHongMinh"},"content":"","lastModifiedDate":"2025-01-25","isFullCredit":false},{"lineNumber":189,"author":{"gitId":"LeThiHongMinh"},"content":"    private void printTaskListFullMessage() {","lastModifiedDate":"2025-02-07","isFullCredit":false},{"lineNumber":190,"author":{"gitId":"LeThiHongMinh"},"content":"        System.out.println(SEPARATOR);","lastModifiedDate":"2025-02-07","isFullCredit":false},{"lineNumber":191,"author":{"gitId":"LeThiHongMinh"},"content":"        System.out.println(TASK_LIST_FULL_MESSAGE);","lastModifiedDate":"2025-02-07","isFullCredit":false},{"lineNumber":192,"author":{"gitId":"LeThiHongMinh"},"content":"        System.out.println(SEPARATOR);","lastModifiedDate":"2025-02-07","isFullCredit":false},{"lineNumber":193,"author":{"gitId":"LeThiHongMinh"},"content":"    }","lastModifiedDate":"2025-01-21","isFullCredit":false},{"lineNumber":194,"author":{"gitId":"LeThiHongMinh"},"content":"}","lastModifiedDate":"2025-01-21","isFullCredit":false}],"authorContributionMap":{"LeThiHongMinh":194}}]
