{"authorDailyContributionsMap":{"vihaan27":[{"date":"2025-02-05","commitResults":[{"hash":"9ad60e9667b3b2a1f180d58ac8e06dbf70e34cd7","isMergeCommit":false,"messageTitle":"Add greeting and exit messages.","messageBody":"","tags":["Level-0"],"fileTypesAndContributionMap":{"java":{"insertions":9,"deletions":10}}}]},{"date":"2025-02-06","commitResults":[{"hash":"a6062212c3f32e2eaeb87d4b16fc352fda893d99","isMergeCommit":false,"messageTitle":"Add functionality to \u0027echo\u0027 user commands.","messageBody":"","tags":["Level-1"],"fileTypesAndContributionMap":{"java":{"insertions":13,"deletions":2}}},{"hash":"229ee608730c97e19fda90b84d63de0860a4122c","isMergeCommit":false,"messageTitle":"Add ability to store user inputs in list.","messageBody":"","tags":["Level-2"],"fileTypesAndContributionMap":{"java":{"insertions":15,"deletions":3}}},{"hash":"dd2db526d02afa4f5966022e52ce77f169375fc7","isMergeCommit":false,"messageTitle":"Add task class, ability to mark as done.","messageBody":"","tags":["Level-3"],"fileTypesAndContributionMap":{"java":{"insertions":59,"deletions":8}}}]},{"date":"2025-02-07","commitResults":[{"hash":"10530260e243fe52535d87249426ef0f380708aa","isMergeCommit":false,"messageTitle":"Implemented todo, event and deadline task types.","messageBody":"","tags":["Level-4"],"fileTypesAndContributionMap":{"java":{"insertions":133,"deletions":49},"md":{"insertions":1,"deletions":1}}},{"hash":"c57e2b7d10910c696f08166da83959bbda1d8aa6","isMergeCommit":false,"messageTitle":"Modify to adhere to java coding standard.","messageBody":"","tags":["A-CodingStandard"],"fileTypesAndContributionMap":{"java":{"insertions":7,"deletions":5}}},{"hash":"35d13d59123a55da10d441584b0ce5bae51711d4","isMergeCommit":false,"messageTitle":"Refactor to improve readability.","messageBody":"","tags":["A-CodeQuality"],"fileTypesAndContributionMap":{"java":{"insertions":14,"deletions":14}}}]},{"date":"2025-02-14","commitResults":[{"hash":"0fe3382e4c48cd95714dd120faeaad16e36a8112","isMergeCommit":false,"messageTitle":"Change exit message.","messageBody":"","fileTypesAndContributionMap":{"java":{"insertions":1,"deletions":1}}},{"hash":"9d1e90d390f6cb81634d382b0a85dd7b46714ae8","isMergeCommit":false,"messageTitle":"Refactor into separate functions per task type for modularity.","messageBody":"","fileTypesAndContributionMap":{"java":{"insertions":96,"deletions":63}}},{"hash":"78e9ea4362f26cd405872fd7b2e4e02d84197998","isMergeCommit":false,"messageTitle":"Add ChipException class and InvalidCommandException to handle unknown command.","messageBody":"","fileTypesAndContributionMap":{"java":{"insertions":20,"deletions":10}}},{"hash":"c51c49233ea57498a2e6d4cc2cb9f93b3a30c295","isMergeCommit":false,"messageTitle":"Add EmptyDescriptionException and check for empty to-do description.","messageBody":"","fileTypesAndContributionMap":{"java":{"insertions":16,"deletions":4}}},{"hash":"068d898eb5e4dcc1f7703819b2cb394475f1d018","isMergeCommit":false,"messageTitle":"Add InvalidTaskIndexException and error handling for mark and unmark task.","messageBody":"","tags":["A-Exceptions"],"fileTypesAndContributionMap":{"java":{"insertions":36,"deletions":25}}},{"hash":"aab0ea4ad6a1c2448d9f95d4a6eb5891c814d050","isMergeCommit":false,"messageTitle":"Reformat to improve code quality.","messageBody":"","fileTypesAndContributionMap":{"java":{"insertions":7,"deletions":7}}},{"hash":"bf4d4ba1ec5300e68f41919deaa11acd8e20b34c","isMergeCommit":true,"messageTitle":"Merge branch \u0027master\u0027 into branch-Level-5","messageBody":"","tags":["Level-5"],"fileTypesAndContributionMap":{}}]},{"date":"2025-02-15","commitResults":[{"hash":"3a09a9fc36ed24c7da51ca05ca5d16db19ca0f53","isMergeCommit":true,"messageTitle":"Merge branch \u0027branch-Level-5\u0027","messageBody":"","fileTypesAndContributionMap":{}}]},{"date":"2025-02-21","commitResults":[{"hash":"7ca82bef66675a1f19d3bf0d66f7a97cd13c36f5","isMergeCommit":false,"messageTitle":"Refactor functions to implement ArrayList.","messageBody":"","tags":["A-Collections"],"fileTypesAndContributionMap":{"java":{"insertions":10,"deletions":9}}},{"hash":"592b329cdc9a84a5bd0b3c64982d729bf14d3096","isMergeCommit":false,"messageTitle":"Add support for deleting tasks from list.","messageBody":"","fileTypesAndContributionMap":{"java":{"insertions":25,"deletions":0}}},{"hash":"28476be5176c8f2bda80f4b05e398c74a5b378b9","isMergeCommit":false,"messageTitle":"Add support for saving and loading tasks from file.","messageBody":"","fileTypesAndContributionMap":{"java":{"insertions":109,"deletions":2}}},{"hash":"737ef10a986a3af5f03ceefa5e1516d481d12425","isMergeCommit":true,"messageTitle":"Merge branch \u0027branch-Level-6\u0027","messageBody":"","tags":["Level-6"],"fileTypesAndContributionMap":{}},{"hash":"2aa2a42511837246b0fea986edbefd04b10bb920","isMergeCommit":true,"messageTitle":"Merge branch \u0027branch-Level-7\u0027","messageBody":"# Conflicts:\n#\tsrc/main/java/Chip.java\n","tags":["Level-7","A-Jar"],"fileTypesAndContributionMap":{}}]}]},"authorFileTypeContributionMap":{"vihaan27":{"java":369,"md":1,"fxml":0,"sh":0,"bat":0,"gradle":0,"txt":0}},"authorContributionVariance":{"vihaan27":3536.364},"authorDisplayNameMap":{"vihaan27":"CS2113-T12-3 ASTH..HAAN"}}
