{"authorDailyContributionsMap":{"TiangSoonYong":[{"date":"2025-01-27","commitResults":[{"hash":"2baba26f3e00d2ffbf95f0c15e012b4e7e41e2e1","isMergeCommit":false,"messageTitle":"Rename, Greet, Exit","messageBody":"Renamed Duke to Doraemon\nImplemented initial skeletal version\nRemoved traces of Duke from source code\n","tags":["Level-0"],"fileTypesAndContributionMap":{"java":{"insertions":11,"deletions":10}}}]},{"date":"2025-02-02","commitResults":[{"hash":"b8718e9608df999adccf3716cedb9f3af81a0f1f","isMergeCommit":false,"messageTitle":"Echo","messageBody":"Improved skeletal version by adding Echo capability\nAdded Scanner library\nCreated printOut method for printing output\n","tags":["Level-1"],"fileTypesAndContributionMap":{"java":{"insertions":20,"deletions":6}}},{"hash":"1c7471e090a091d4314d00f59991c4f91b6ab167","isMergeCommit":false,"messageTitle":"Add, List","messageBody":"Renamed printOut to echo\nImplemented basic if-else interface to respond to commands\nAdded List.java to create List class\n- Created addTask method\n- Created printTasks method\n- Fixed to maximum of 100 tasks in the list\n","tags":["Level-2"],"fileTypesAndContributionMap":{"java":{"insertions":29,"deletions":5}}},{"hash":"6301811c48f07c0bf57c1e2c63f8e3ea741e3367","isMergeCommit":false,"messageTitle":"Mark as Done","messageBody":"Added Task class\nImplemented marking and unmarking methods\nRenamed to description from task\nNote: Can add sanity check\n","tags":["Level-3","A-Classes"],"fileTypesAndContributionMap":{"java":{"insertions":51,"deletions":8}}}]},{"date":"2025-02-03","commitResults":[{"hash":"1174f8baccfcbb726f061e94fa6fa23ca0bac521","isMergeCommit":false,"messageTitle":"Follow the Coding Standard","messageBody":"Reformatted the code\nRenamed taskNumber to taskIndex, to be clearer\nRealigned certain prints\n","tags":["A-CodingStandard"],"fileTypesAndContributionMap":{"java":{"insertions":14,"deletions":13}}}]},{"date":"2025-02-06","commitResults":[{"hash":"113fe7daca52d4ea52ce6e6e10f73f871b827dc1","isMergeCommit":false,"messageTitle":"ToDos, Events, Deadlines","messageBody":"Renamed List.java to TaskManager for code clarity\nCombined marking methods into single markDone method\nAdded ToDo, Deadline, Event classes inherited from Task class\nDeveloped addTask to add every type of tasks\nAdded enum TaskType to handle different types of Task available\nPrepared Formatter and Parser classes to handle inputs and outputs in future development\n","tags":["Level-4","A-Inheritance"],"fileTypesAndContributionMap":{"java":{"insertions":191,"deletions":66}}},{"hash":"0c7ef292e836b085b18c23c8db59cba2aa8c2f58","isMergeCommit":false,"messageTitle":"Resolving PR Comments","messageBody":"Fixed minor formatting of the output in Doraemon.java\nAdjusted code line neatness in TaskManager.addEvent\nRenamed argument in TaskManager, done to isDone, to follow coding standard\nRenamed markDone method to TaskManager.setIsDone, for code clarity\nSeperated the if-else statement in TaskManager.setIsDone, for code clarity\n","tags":["A-CodeQuality"],"fileTypesAndContributionMap":{"java":{"insertions":26,"deletions":18}}}]},{"date":"2025-02-07","commitResults":[{"hash":"ad987678ef13105ebb247ba4560d2e46ce8cd19c","isMergeCommit":false,"messageTitle":"Automated Text UI Testing","messageBody":"Edited input and runtest files\nCopied output from ACTUAL to EXPECTED\nExtracted invalid message into a constant\n","tags":["A-TextUiTesting"],"fileTypesAndContributionMap":{"txt":{"insertions":11,"deletions":0},"java":{"insertions":2,"deletions":1},"bat":{"insertions":1,"deletions":1}}}]},{"date":"2025-02-12","commitResults":[{"hash":"b6f7f9acb9774b98feb308d2fcea8ddb567a0571","isMergeCommit":false,"messageTitle":"Handle Errors","messageBody":"Added various application-specific exceptions as well as its handler\nExtracted magic literal, max tasks size, and declared as a constant\nSeparated if-else expression in splitCommandAndArgs for code clarity\n","tags":["A-Exceptions"],"fileTypesAndContributionMap":{"java":{"insertions":132,"deletions":44}}},{"hash":"39aaacd790587f899baa7a7251847f8a55375e52","isMergeCommit":false,"messageTitle":"Adding help command","messageBody":"Added \"help\" command and its printing\nReformatted the code\n","fileTypesAndContributionMap":{"java":{"insertions":37,"deletions":10}}},{"hash":"e42acba9ff2232e7f54471258fd0252422323a6b","isMergeCommit":false,"messageTitle":"Updated input text files to include exception testings Updated actual text files according to new input","messageBody":"","fileTypesAndContributionMap":{"txt":{"insertions":13,"deletions":0}}},{"hash":"8cfbed733c5f55f2badf1f1a9af5ebd8206d9102","isMergeCommit":true,"messageTitle":"Merge branch \u0027branch-Level-5\u0027","messageBody":"","tags":["Level-5"],"fileTypesAndContributionMap":{}},{"hash":"adca9e1c95c6614e124cef5cae9df7bb8fa8da41","isMergeCommit":false,"messageTitle":"Organize into Packages","messageBody":"Separated classes into different packages, exceptions and task packages\nUpdated runtest.bat to work with new directory\n","fileTypesAndContributionMap":{"java":{"insertions":43,"deletions":0},"bat":{"insertions":2,"deletions":2}}},{"hash":"cd98ea4079908c948929611e5a7098b5f623ce5f","isMergeCommit":true,"messageTitle":"Merge branch \u0027branch-A-Packages\u0027","messageBody":"","tags":["A-Packages"],"fileTypesAndContributionMap":{}}]},{"date":"2025-02-19","commitResults":[{"hash":"f69fdcb0ef4daf2b8b03341bac4e571d541ac019","isMergeCommit":false,"messageTitle":"Use Java Collections classes","messageBody":"Changed Tasks array into a Tasks ArrayList\nSplit help messages into individual usage info for each commands\n","tags":["A-Collections"],"fileTypesAndContributionMap":{"java":{"insertions":44,"deletions":27}}},{"hash":"5cdad0d9cfdae6a37644fb536aa14f49db1139c2","isMergeCommit":false,"messageTitle":"Delete","messageBody":"Add support for deleting tasks from the list\nUpdated automated testing files to reflect delete process\n","tags":["Level-6"],"fileTypesAndContributionMap":{"txt":{"insertions":3,"deletions":0},"java":{"insertions":17,"deletions":0}}},{"hash":"df7ca41502ac56dd80e4d6478ecfbba5043e20b2","isMergeCommit":false,"messageTitle":"Save","messageBody":"Added support for saving tasks into a tasks.txt in a relative path from project\nAdded skeleton for reading tasks from /data/tasks.txt, still require parser\n","tags":["Level-7"],"fileTypesAndContributionMap":{"txt":{"insertions":4,"deletions":0},"java":{"insertions":106,"deletions":6}}},{"hash":"788bce01d4444f2e685c4e80e3bcf4ab46923e5a","isMergeCommit":false,"messageTitle":"Read","messageBody":"Added support for reading from text file inclusive of parser\n","fileTypesAndContributionMap":{"txt":{"insertions":1,"deletions":0},"java":{"insertions":28,"deletions":14}}},{"hash":"dd5037bf834c495a1744fe2bea8974c69f782081","isMergeCommit":true,"messageTitle":"Merge branch \u0027branch-Level-6\u0027","messageBody":"","fileTypesAndContributionMap":{}},{"hash":"62179487e5863b78a56244d20edac3932f2e97bb","isMergeCommit":true,"messageTitle":"Merge branch \u0027branch-Level-7\u0027","messageBody":"# Conflicts:\n#\tsrc/main/java/doraemon/task/TaskManager.java\n","fileTypesAndContributionMap":{}},{"hash":"e65f6f978933addc03a36e5afbf7c5b59a216c11","isMergeCommit":false,"messageTitle":"Exception Handling","messageBody":"Added exception handler for incorrect format during file reading\nAdded usage info for delete, save and clear\nReformatted code to use ArrayList methods\nUpdated automated testing\n","fileTypesAndContributionMap":{"txt":{"insertions":8,"deletions":5},"java":{"insertions":89,"deletions":39}}}]},{"date":"2025-02-21","commitResults":[{"hash":"617ad3b75d392eede40707bbb6034c65594a075b","isMergeCommit":false,"messageTitle":"AddTaskException","messageBody":"Created new abstract class AddTaskException which all relevant exceptions inherits from and must implement a getErrorMessage method\nSimplified the codes surrounding exceptions\nCreated local variable selectedTask for better code clarity\n","fileTypesAndContributionMap":{"java":{"insertions":110,"deletions":92}}}]}]},"authorFileTypeContributionMap":{"TiangSoonYong":{"java":601,"md":0,"fxml":0,"sh":0,"bat":2,"gradle":0,"txt":35}},"authorContributionVariance":{"TiangSoonYong":7836.002},"authorDisplayNameMap":{"TiangSoonYong":"CS2113-T13-4 TIAN..YONG"}}
