{"authorDailyContributionsMap":{"yx-tzzz":[{"date":"2025-01-31","commitResults":[{"hash":"e37dc3f77cc3f25db39cb907d17d0d047000b041","isMergeCommit":false,"messageTitle":"Added Level 0: Rename, Greet, Exit","messageBody":"","fileTypesAndContributionMap":{"java":{"insertions":16,"deletions":10}}},{"hash":"c085f7fceaac2c63013c9dcad68d70c461f0273a","isMergeCommit":false,"messageTitle":"Added Level 1: SleepyVoid echos user inputs and exits when commanded","messageBody":"","tags":["v1.10"],"fileTypesAndContributionMap":{"java":{"insertions":20,"deletions":2}}},{"hash":"e3e6acaa4dda18e3a08c29a839070633a266705b","isMergeCommit":false,"messageTitle":"Added Level 2: SleepyVoid can store and list tasks entered by user","messageBody":"","tags":["v1.20"],"fileTypesAndContributionMap":{"java":{"insertions":11,"deletions":1}}},{"hash":"97ea8ae7ef847b600d2df4ab59d4e1aed7a5a29d","isMergeCommit":false,"messageTitle":"Added Level 3: User able to mark task as done, and changed SleepyVoid icons","messageBody":"","tags":["v1.30"],"fileTypesAndContributionMap":{"java":{"insertions":47,"deletions":21}}}]},{"date":"2025-02-07","commitResults":[{"hash":"b574edeb99d8b055a1b391063b232f82109d917f","isMergeCommit":false,"messageTitle":"Added Level 4: User able to categorise tasks into Todo, Event and Deadline","messageBody":"","tags":["v1.40"],"fileTypesAndContributionMap":{"java":{"insertions":130,"deletions":23}}},{"hash":"9d77a2477183ffd00054a75f3c557a004dc7c5b6","isMergeCommit":false,"messageTitle":"Made minor adjustments and refactored code","messageBody":"","tags":["v1.4.1"],"fileTypesAndContributionMap":{"java":{"insertions":16,"deletions":19}}},{"hash":"76d00a958a183d4620094d7107e659c2bc0ac3d8","isMergeCommit":false,"messageTitle":"Added UI testing","messageBody":"","tags":["1.4.2"],"fileTypesAndContributionMap":{"txt":{"insertions":6,"deletions":0},"bat":{"insertions":5,"deletions":2},"sh":{"insertions":1,"deletions":1}}}]},{"date":"2025-02-13","commitResults":[{"hash":"597bb49cdd0d123030febafe1600e00d65a16a1c","isMergeCommit":false,"messageTitle":"Refactored code: Tasks now uses ArrayList class","messageBody":"","fileTypesAndContributionMap":{"java":{"insertions":10,"deletions":9}}},{"hash":"8ee366a8513110cc02b9f444a694daa663dcb5d1","isMergeCommit":false,"messageTitle":"Changed access level modifiers of some variables and methods for the classes","messageBody":"","fileTypesAndContributionMap":{"java":{"insertions":5,"deletions":5}}}]},{"date":"2025-02-14","commitResults":[{"hash":"41b1695ff5d3f933f6d4832973d7299de19ecb3d","isMergeCommit":false,"messageTitle":"Added Level 5: Error handling","messageBody":"","tags":["v1.5.0"],"fileTypesAndContributionMap":{"java":{"insertions":105,"deletions":22}}},{"hash":"e47fc14cc14cc5537e2cdff40f4f08415b1e6fb9","isMergeCommit":true,"messageTitle":"Merging branch-Level-5 to master branch","messageBody":"","tags":["Level-5"],"fileTypesAndContributionMap":{}}]}]},"authorFileTypeContributionMap":{"yx-tzzz":{"java":258,"md":0,"fxml":0,"sh":1,"bat":5,"gradle":0,"txt":6}},"authorContributionVariance":{"yx-tzzz":1888.1934},"authorDisplayNameMap":{"yx-tzzz":"TAN .. XIN"}}
