[{"path":"src/main/java/Koya.java","fileType":"java","lines":[{"lineNumber":1,"author":{"gitId":"je-nnyt"},"content":"import java.util.Scanner;","lastModifiedDate":"2025-01-30","isFullCredit":false},{"lineNumber":2,"author":{"gitId":"je-nnyt"},"content":"","lastModifiedDate":"2025-01-30","isFullCredit":false},{"lineNumber":3,"author":{"gitId":"je-nnyt"},"content":"class Task {","lastModifiedDate":"2025-01-30","isFullCredit":false},{"lineNumber":4,"author":{"gitId":"je-nnyt"},"content":"    protected String description;","lastModifiedDate":"2025-01-30","isFullCredit":false},{"lineNumber":5,"author":{"gitId":"je-nnyt"},"content":"    protected boolean isDone;","lastModifiedDate":"2025-01-30","isFullCredit":false},{"lineNumber":6,"author":{"gitId":"je-nnyt"},"content":"","lastModifiedDate":"2025-01-30","isFullCredit":false},{"lineNumber":7,"author":{"gitId":"je-nnyt"},"content":"    public Task(String description) {","lastModifiedDate":"2025-01-30","isFullCredit":false},{"lineNumber":8,"author":{"gitId":"je-nnyt"},"content":"        this.description \u003d description;","lastModifiedDate":"2025-01-30","isFullCredit":false},{"lineNumber":9,"author":{"gitId":"je-nnyt"},"content":"        this.isDone \u003d false;","lastModifiedDate":"2025-01-30","isFullCredit":false},{"lineNumber":10,"author":{"gitId":"je-nnyt"},"content":"    }","lastModifiedDate":"2025-01-30","isFullCredit":false},{"lineNumber":11,"author":{"gitId":"je-nnyt"},"content":"","lastModifiedDate":"2025-01-30","isFullCredit":false},{"lineNumber":12,"author":{"gitId":"je-nnyt"},"content":"    public String getStatusIcon() {","lastModifiedDate":"2025-01-30","isFullCredit":false},{"lineNumber":13,"author":{"gitId":"je-nnyt"},"content":"        return (isDone ? \"[X]\" : \"[ ]\"); // mark done task with X","lastModifiedDate":"2025-01-30","isFullCredit":false},{"lineNumber":14,"author":{"gitId":"je-nnyt"},"content":"    }","lastModifiedDate":"2025-01-30","isFullCredit":false},{"lineNumber":15,"author":{"gitId":"je-nnyt"},"content":"","lastModifiedDate":"2025-01-30","isFullCredit":false},{"lineNumber":16,"author":{"gitId":"je-nnyt"},"content":"    public String getTaskTypeIcon() {","lastModifiedDate":"2025-02-05","isFullCredit":false},{"lineNumber":17,"author":{"gitId":"je-nnyt"},"content":"        return \" \";//leave empty, overridden by subclass","lastModifiedDate":"2025-02-05","isFullCredit":false},{"lineNumber":18,"author":{"gitId":"je-nnyt"},"content":"    }","lastModifiedDate":"2025-02-05","isFullCredit":false},{"lineNumber":19,"author":{"gitId":"je-nnyt"},"content":"","lastModifiedDate":"2025-02-05","isFullCredit":false},{"lineNumber":20,"author":{"gitId":"je-nnyt"},"content":"    public void markAsDone() {","lastModifiedDate":"2025-01-30","isFullCredit":false},{"lineNumber":21,"author":{"gitId":"je-nnyt"},"content":"        this.isDone \u003d true;","lastModifiedDate":"2025-01-30","isFullCredit":false},{"lineNumber":22,"author":{"gitId":"je-nnyt"},"content":"    }","lastModifiedDate":"2025-01-30","isFullCredit":false},{"lineNumber":23,"author":{"gitId":"je-nnyt"},"content":"","lastModifiedDate":"2025-02-05","isFullCredit":false},{"lineNumber":24,"author":{"gitId":"je-nnyt"},"content":"    public String toString() {","lastModifiedDate":"2025-02-05","isFullCredit":false},{"lineNumber":25,"author":{"gitId":"je-nnyt"},"content":"        return getTaskTypeIcon() + getStatusIcon() + \" \" + description;","lastModifiedDate":"2025-02-05","isFullCredit":false},{"lineNumber":26,"author":{"gitId":"je-nnyt"},"content":"    }","lastModifiedDate":"2025-02-05","isFullCredit":false},{"lineNumber":27,"author":{"gitId":"je-nnyt"},"content":"}","lastModifiedDate":"2025-02-05","isFullCredit":false},{"lineNumber":28,"author":{"gitId":"je-nnyt"},"content":"","lastModifiedDate":"2025-02-05","isFullCredit":false},{"lineNumber":29,"author":{"gitId":"je-nnyt"},"content":"class Todo extends Task {","lastModifiedDate":"2025-02-05","isFullCredit":false},{"lineNumber":30,"author":{"gitId":"je-nnyt"},"content":"","lastModifiedDate":"2025-02-05","isFullCredit":false},{"lineNumber":31,"author":{"gitId":"je-nnyt"},"content":"    public Todo(String description) {","lastModifiedDate":"2025-02-05","isFullCredit":false},{"lineNumber":32,"author":{"gitId":"je-nnyt"},"content":"        super(description);","lastModifiedDate":"2025-02-05","isFullCredit":false},{"lineNumber":33,"author":{"gitId":"je-nnyt"},"content":"    }","lastModifiedDate":"2025-02-05","isFullCredit":false},{"lineNumber":34,"author":{"gitId":"je-nnyt"},"content":"","lastModifiedDate":"2025-02-05","isFullCredit":false},{"lineNumber":35,"author":{"gitId":"je-nnyt"},"content":"    @Override","lastModifiedDate":"2025-02-05","isFullCredit":false},{"lineNumber":36,"author":{"gitId":"je-nnyt"},"content":"    public String getTaskTypeIcon() {","lastModifiedDate":"2025-02-05","isFullCredit":false},{"lineNumber":37,"author":{"gitId":"je-nnyt"},"content":"        return \"[T]\";","lastModifiedDate":"2025-02-05","isFullCredit":false},{"lineNumber":38,"author":{"gitId":"je-nnyt"},"content":"    }","lastModifiedDate":"2025-01-30","isFullCredit":false},{"lineNumber":39,"author":{"gitId":"je-nnyt"},"content":"","lastModifiedDate":"2025-01-30","isFullCredit":false},{"lineNumber":40,"author":{"gitId":"je-nnyt"},"content":"    @Override","lastModifiedDate":"2025-02-05","isFullCredit":false},{"lineNumber":41,"author":{"gitId":"je-nnyt"},"content":"    public String toString() {","lastModifiedDate":"2025-02-05","isFullCredit":false},{"lineNumber":42,"author":{"gitId":"je-nnyt"},"content":"        return super.toString();","lastModifiedDate":"2025-02-05","isFullCredit":false},{"lineNumber":43,"author":{"gitId":"je-nnyt"},"content":"    }","lastModifiedDate":"2025-02-05","isFullCredit":false},{"lineNumber":44,"author":{"gitId":"je-nnyt"},"content":"}","lastModifiedDate":"2025-02-05","isFullCredit":false},{"lineNumber":45,"author":{"gitId":"je-nnyt"},"content":"","lastModifiedDate":"2025-02-05","isFullCredit":false},{"lineNumber":46,"author":{"gitId":"je-nnyt"},"content":"class Deadline extends Task {","lastModifiedDate":"2025-02-05","isFullCredit":false},{"lineNumber":47,"author":{"gitId":"je-nnyt"},"content":"","lastModifiedDate":"2025-02-05","isFullCredit":false},{"lineNumber":48,"author":{"gitId":"je-nnyt"},"content":"    protected String by;","lastModifiedDate":"2025-02-05","isFullCredit":false},{"lineNumber":49,"author":{"gitId":"je-nnyt"},"content":"","lastModifiedDate":"2025-02-05","isFullCredit":false},{"lineNumber":50,"author":{"gitId":"je-nnyt"},"content":"    public Deadline(String description, String by) {","lastModifiedDate":"2025-02-05","isFullCredit":false},{"lineNumber":51,"author":{"gitId":"je-nnyt"},"content":"        super(description);","lastModifiedDate":"2025-02-05","isFullCredit":false},{"lineNumber":52,"author":{"gitId":"je-nnyt"},"content":"        this.by \u003d by;","lastModifiedDate":"2025-02-05","isFullCredit":false},{"lineNumber":53,"author":{"gitId":"je-nnyt"},"content":"    }","lastModifiedDate":"2025-02-05","isFullCredit":false},{"lineNumber":54,"author":{"gitId":"je-nnyt"},"content":"","lastModifiedDate":"2025-02-05","isFullCredit":false},{"lineNumber":55,"author":{"gitId":"je-nnyt"},"content":"    @Override","lastModifiedDate":"2025-02-05","isFullCredit":false},{"lineNumber":56,"author":{"gitId":"je-nnyt"},"content":"    public String getTaskTypeIcon() {","lastModifiedDate":"2025-02-05","isFullCredit":false},{"lineNumber":57,"author":{"gitId":"je-nnyt"},"content":"        return \"[D]\";","lastModifiedDate":"2025-02-05","isFullCredit":false},{"lineNumber":58,"author":{"gitId":"je-nnyt"},"content":"    }","lastModifiedDate":"2025-02-05","isFullCredit":false},{"lineNumber":59,"author":{"gitId":"je-nnyt"},"content":"","lastModifiedDate":"2025-02-05","isFullCredit":false},{"lineNumber":60,"author":{"gitId":"je-nnyt"},"content":"    @Override","lastModifiedDate":"2025-02-05","isFullCredit":false},{"lineNumber":61,"author":{"gitId":"je-nnyt"},"content":"    public String toString() {","lastModifiedDate":"2025-02-05","isFullCredit":false},{"lineNumber":62,"author":{"gitId":"je-nnyt"},"content":"        return super.toString() + \" (by: \" + by + \")\";","lastModifiedDate":"2025-02-05","isFullCredit":false},{"lineNumber":63,"author":{"gitId":"je-nnyt"},"content":"    }","lastModifiedDate":"2025-02-05","isFullCredit":false},{"lineNumber":64,"author":{"gitId":"je-nnyt"},"content":"","lastModifiedDate":"2025-02-05","isFullCredit":false},{"lineNumber":65,"author":{"gitId":"je-nnyt"},"content":"}","lastModifiedDate":"2025-02-05","isFullCredit":false},{"lineNumber":66,"author":{"gitId":"je-nnyt"},"content":"","lastModifiedDate":"2025-02-05","isFullCredit":false},{"lineNumber":67,"author":{"gitId":"je-nnyt"},"content":"","lastModifiedDate":"2025-02-05","isFullCredit":false},{"lineNumber":68,"author":{"gitId":"je-nnyt"},"content":"class Event extends Task {","lastModifiedDate":"2025-02-05","isFullCredit":false},{"lineNumber":69,"author":{"gitId":"je-nnyt"},"content":"","lastModifiedDate":"2025-02-05","isFullCredit":false},{"lineNumber":70,"author":{"gitId":"je-nnyt"},"content":"    protected String from;","lastModifiedDate":"2025-02-05","isFullCredit":false},{"lineNumber":71,"author":{"gitId":"je-nnyt"},"content":"    protected String to;","lastModifiedDate":"2025-02-05","isFullCredit":false},{"lineNumber":72,"author":{"gitId":"je-nnyt"},"content":"","lastModifiedDate":"2025-02-05","isFullCredit":false},{"lineNumber":73,"author":{"gitId":"je-nnyt"},"content":"    public Event(String description, String from, String to) {","lastModifiedDate":"2025-02-05","isFullCredit":false},{"lineNumber":74,"author":{"gitId":"je-nnyt"},"content":"        super(description);","lastModifiedDate":"2025-02-05","isFullCredit":false},{"lineNumber":75,"author":{"gitId":"je-nnyt"},"content":"        this.from \u003d from;","lastModifiedDate":"2025-02-05","isFullCredit":false},{"lineNumber":76,"author":{"gitId":"je-nnyt"},"content":"        this.to \u003d to;","lastModifiedDate":"2025-02-05","isFullCredit":false},{"lineNumber":77,"author":{"gitId":"je-nnyt"},"content":"    }","lastModifiedDate":"2025-02-05","isFullCredit":false},{"lineNumber":78,"author":{"gitId":"je-nnyt"},"content":"","lastModifiedDate":"2025-02-05","isFullCredit":false},{"lineNumber":79,"author":{"gitId":"je-nnyt"},"content":"    @Override","lastModifiedDate":"2025-02-05","isFullCredit":false},{"lineNumber":80,"author":{"gitId":"je-nnyt"},"content":"    public String getTaskTypeIcon() {","lastModifiedDate":"2025-02-05","isFullCredit":false},{"lineNumber":81,"author":{"gitId":"je-nnyt"},"content":"        return \"[E]\";","lastModifiedDate":"2025-02-05","isFullCredit":false},{"lineNumber":82,"author":{"gitId":"je-nnyt"},"content":"    }","lastModifiedDate":"2025-02-05","isFullCredit":false},{"lineNumber":83,"author":{"gitId":"je-nnyt"},"content":"","lastModifiedDate":"2025-02-05","isFullCredit":false},{"lineNumber":84,"author":{"gitId":"je-nnyt"},"content":"    @Override","lastModifiedDate":"2025-02-05","isFullCredit":false},{"lineNumber":85,"author":{"gitId":"je-nnyt"},"content":"    public String toString() {","lastModifiedDate":"2025-02-05","isFullCredit":false},{"lineNumber":86,"author":{"gitId":"je-nnyt"},"content":"        return super.toString() +","lastModifiedDate":"2025-02-05","isFullCredit":false},{"lineNumber":87,"author":{"gitId":"je-nnyt"},"content":"                \" (from: \" + from + \" to: \" + to + \")\";","lastModifiedDate":"2025-02-05","isFullCredit":false},{"lineNumber":88,"author":{"gitId":"je-nnyt"},"content":"    }","lastModifiedDate":"2025-02-05","isFullCredit":false},{"lineNumber":89,"author":{"gitId":"je-nnyt"},"content":"}","lastModifiedDate":"2025-02-05","isFullCredit":false},{"lineNumber":90,"author":{"gitId":"je-nnyt"},"content":"","lastModifiedDate":"2025-02-05","isFullCredit":false},{"lineNumber":91,"author":{"gitId":"je-nnyt"},"content":"","lastModifiedDate":"2025-02-05","isFullCredit":false},{"lineNumber":92,"author":{"gitId":"je-nnyt"},"content":"public class Koya {","lastModifiedDate":"2025-01-21","isFullCredit":false},{"lineNumber":93,"author":{"gitId":"je-nnyt"},"content":"","lastModifiedDate":"2025-01-30","isFullCredit":false},{"lineNumber":94,"author":{"gitId":"je-nnyt"},"content":"    private static int taskCount \u003d 0;","lastModifiedDate":"2025-02-05","isFullCredit":false},{"lineNumber":95,"author":{"gitId":"je-nnyt"},"content":"    private static final int MAX_TASKS \u003d 100;","lastModifiedDate":"2025-02-05","isFullCredit":false},{"lineNumber":96,"author":{"gitId":"je-nnyt"},"content":"    private static Task[] list \u003d new Task[MAX_TASKS];","lastModifiedDate":"2025-02-05","isFullCredit":false},{"lineNumber":97,"author":{"gitId":"je-nnyt"},"content":"","lastModifiedDate":"2025-01-30","isFullCredit":false},{"lineNumber":98,"author":{"gitId":"je-nnyt"},"content":"    public static void main(String[] args) {","lastModifiedDate":"2025-02-05","isFullCredit":false},{"lineNumber":99,"author":{"gitId":"je-nnyt"},"content":"","lastModifiedDate":"2025-01-30","isFullCredit":false},{"lineNumber":100,"author":{"gitId":"je-nnyt"},"content":"        System.out.println(\"Hello! I\u0027m Koya\");","lastModifiedDate":"2025-02-05","isFullCredit":false},{"lineNumber":101,"author":{"gitId":"je-nnyt"},"content":"        String input;","lastModifiedDate":"2025-01-30","isFullCredit":false},{"lineNumber":102,"author":{"gitId":"je-nnyt"},"content":"","lastModifiedDate":"2025-02-05","isFullCredit":false},{"lineNumber":103,"author":{"gitId":"je-nnyt"},"content":"        Scanner in \u003d new Scanner(System.in);","lastModifiedDate":"2025-01-30","isFullCredit":false},{"lineNumber":104,"author":{"gitId":"je-nnyt"},"content":"        System.out.println(\"What can I do for you?\");","lastModifiedDate":"2025-01-21","isFullCredit":false},{"lineNumber":105,"author":{"gitId":"je-nnyt"},"content":"","lastModifiedDate":"2025-01-30","isFullCredit":false},{"lineNumber":106,"author":{"gitId":"je-nnyt"},"content":"        while (true) {","lastModifiedDate":"2025-02-05","isFullCredit":false},{"lineNumber":107,"author":{"gitId":"je-nnyt"},"content":"            input \u003d in.nextLine();","lastModifiedDate":"2025-01-30","isFullCredit":false},{"lineNumber":108,"author":{"gitId":"je-nnyt"},"content":"","lastModifiedDate":"2025-01-30","isFullCredit":false},{"lineNumber":109,"author":{"gitId":"je-nnyt"},"content":"            if (input.equals(\"bye\")) {","lastModifiedDate":"2025-01-30","isFullCredit":false},{"lineNumber":110,"author":{"gitId":"je-nnyt"},"content":"                break;","lastModifiedDate":"2025-01-30","isFullCredit":false},{"lineNumber":111,"author":{"gitId":"je-nnyt"},"content":"            } else if (input.equals(\"list\")) {","lastModifiedDate":"2025-01-30","isFullCredit":false},{"lineNumber":112,"author":{"gitId":"je-nnyt"},"content":"                System.out.println(\"Here are the tasks in your list:\");","lastModifiedDate":"2025-01-30","isFullCredit":false},{"lineNumber":113,"author":{"gitId":"je-nnyt"},"content":"                listTasks(list);","lastModifiedDate":"2025-02-05","isFullCredit":false},{"lineNumber":114,"author":{"gitId":"je-nnyt"},"content":"","lastModifiedDate":"2025-02-05","isFullCredit":false},{"lineNumber":115,"author":{"gitId":"je-nnyt"},"content":"            } else if (input.startsWith(\"mark\")) {","lastModifiedDate":"2025-01-30","isFullCredit":false},{"lineNumber":116,"author":{"gitId":"je-nnyt"},"content":"                //indexes to obtain number next to mark","lastModifiedDate":"2025-02-05","isFullCredit":false},{"lineNumber":117,"author":{"gitId":"je-nnyt"},"content":"                int spaceIndex \u003d input.indexOf(\" \");","lastModifiedDate":"2025-01-30","isFullCredit":false},{"lineNumber":118,"author":{"gitId":"je-nnyt"},"content":"                int taskIndex \u003d Integer.parseInt(input.substring(spaceIndex + 1)) - 1;","lastModifiedDate":"2025-01-30","isFullCredit":false},{"lineNumber":119,"author":{"gitId":"je-nnyt"},"content":"                //-1 to adjust for zero-based index array (e.g. mark 2 should be at index 1 in the array)","lastModifiedDate":"2025-02-05","isFullCredit":false},{"lineNumber":120,"author":{"gitId":"je-nnyt"},"content":"","lastModifiedDate":"2025-01-30","isFullCredit":false},{"lineNumber":121,"author":{"gitId":"je-nnyt"},"content":"                list[taskIndex].markAsDone();","lastModifiedDate":"2025-01-30","isFullCredit":false},{"lineNumber":122,"author":{"gitId":"je-nnyt"},"content":"                confirmMarkDone(list[taskIndex]);","lastModifiedDate":"2025-02-05","isFullCredit":false},{"lineNumber":123,"author":{"gitId":"je-nnyt"},"content":"","lastModifiedDate":"2025-02-05","isFullCredit":false},{"lineNumber":124,"author":{"gitId":"je-nnyt"},"content":"            } else if (input.startsWith(\"todo\")) {","lastModifiedDate":"2025-02-05","isFullCredit":false},{"lineNumber":125,"author":{"gitId":"je-nnyt"},"content":"                String description \u003d input.substring(5);","lastModifiedDate":"2025-02-05","isFullCredit":false},{"lineNumber":126,"author":{"gitId":"je-nnyt"},"content":"","lastModifiedDate":"2025-02-05","isFullCredit":false},{"lineNumber":127,"author":{"gitId":"je-nnyt"},"content":"                list[taskCount] \u003d new Todo(description);","lastModifiedDate":"2025-02-05","isFullCredit":false},{"lineNumber":128,"author":{"gitId":"je-nnyt"},"content":"                confirmAddTask(list);","lastModifiedDate":"2025-02-05","isFullCredit":false},{"lineNumber":129,"author":{"gitId":"je-nnyt"},"content":"","lastModifiedDate":"2025-02-05","isFullCredit":false},{"lineNumber":130,"author":{"gitId":"je-nnyt"},"content":"            } else if (input.startsWith(\"deadline\")) {","lastModifiedDate":"2025-02-05","isFullCredit":false},{"lineNumber":131,"author":{"gitId":"je-nnyt"},"content":"                //Parsing index to obtain description and by","lastModifiedDate":"2025-02-05","isFullCredit":false},{"lineNumber":132,"author":{"gitId":"je-nnyt"},"content":"                int dividerPosition \u003d input.indexOf(\" /by \");","lastModifiedDate":"2025-02-05","isFullCredit":false},{"lineNumber":133,"author":{"gitId":"je-nnyt"},"content":"","lastModifiedDate":"2025-02-05","isFullCredit":false},{"lineNumber":134,"author":{"gitId":"je-nnyt"},"content":"                String description \u003d input.substring(9, dividerPosition);","lastModifiedDate":"2025-02-05","isFullCredit":false},{"lineNumber":135,"author":{"gitId":"je-nnyt"},"content":"                String by \u003d input.substring(dividerPosition + 5);","lastModifiedDate":"2025-02-05","isFullCredit":false},{"lineNumber":136,"author":{"gitId":"je-nnyt"},"content":"","lastModifiedDate":"2025-02-05","isFullCredit":false},{"lineNumber":137,"author":{"gitId":"je-nnyt"},"content":"                list[taskCount] \u003d new Deadline(description, by);","lastModifiedDate":"2025-02-05","isFullCredit":false},{"lineNumber":138,"author":{"gitId":"je-nnyt"},"content":"                confirmAddTask(list);","lastModifiedDate":"2025-02-05","isFullCredit":false},{"lineNumber":139,"author":{"gitId":"je-nnyt"},"content":"","lastModifiedDate":"2025-02-05","isFullCredit":false},{"lineNumber":140,"author":{"gitId":"je-nnyt"},"content":"            } else if (input.startsWith(\"event\")) {","lastModifiedDate":"2025-02-05","isFullCredit":false},{"lineNumber":141,"author":{"gitId":"je-nnyt"},"content":"                //index to obtain description, from and to","lastModifiedDate":"2025-02-05","isFullCredit":false},{"lineNumber":142,"author":{"gitId":"je-nnyt"},"content":"                int fromDividerPosition \u003d input.indexOf(\" /from \");","lastModifiedDate":"2025-02-05","isFullCredit":false},{"lineNumber":143,"author":{"gitId":"je-nnyt"},"content":"                int toDividerPosition \u003d input.indexOf(\" /to \");","lastModifiedDate":"2025-02-05","isFullCredit":false},{"lineNumber":144,"author":{"gitId":"je-nnyt"},"content":"","lastModifiedDate":"2025-02-05","isFullCredit":false},{"lineNumber":145,"author":{"gitId":"je-nnyt"},"content":"                String description \u003d input.substring(6, fromDividerPosition);","lastModifiedDate":"2025-02-05","isFullCredit":false},{"lineNumber":146,"author":{"gitId":"je-nnyt"},"content":"                String from \u003d input.substring(fromDividerPosition + 7, toDividerPosition);","lastModifiedDate":"2025-02-05","isFullCredit":false},{"lineNumber":147,"author":{"gitId":"je-nnyt"},"content":"                String to \u003d input.substring(toDividerPosition + 5);","lastModifiedDate":"2025-02-05","isFullCredit":false},{"lineNumber":148,"author":{"gitId":"je-nnyt"},"content":"","lastModifiedDate":"2025-02-05","isFullCredit":false},{"lineNumber":149,"author":{"gitId":"je-nnyt"},"content":"                list[taskCount] \u003d new Event(description, from, to);","lastModifiedDate":"2025-02-05","isFullCredit":false},{"lineNumber":150,"author":{"gitId":"je-nnyt"},"content":"                confirmAddTask(list);","lastModifiedDate":"2025-02-05","isFullCredit":false},{"lineNumber":151,"author":{"gitId":"je-nnyt"},"content":"            } else {","lastModifiedDate":"2025-02-05","isFullCredit":false},{"lineNumber":152,"author":{"gitId":"je-nnyt"},"content":"                System.out.println(\"Action unsupported. Try again.\");","lastModifiedDate":"2025-02-05","isFullCredit":false},{"lineNumber":153,"author":{"gitId":"je-nnyt"},"content":"            }","lastModifiedDate":"2025-01-30","isFullCredit":false},{"lineNumber":154,"author":{"gitId":"je-nnyt"},"content":"","lastModifiedDate":"2025-01-30","isFullCredit":false},{"lineNumber":155,"author":{"gitId":"je-nnyt"},"content":"        }","lastModifiedDate":"2025-02-05","isFullCredit":false},{"lineNumber":156,"author":{"gitId":"je-nnyt"},"content":"","lastModifiedDate":"2025-01-30","isFullCredit":false},{"lineNumber":157,"author":{"gitId":"je-nnyt"},"content":"        System.out.println(\"Bye Bye! See you soon!\");","lastModifiedDate":"2025-01-30","isFullCredit":false},{"lineNumber":158,"author":{"gitId":"je-nnyt"},"content":"    }","lastModifiedDate":"2025-01-21","isFullCredit":false},{"lineNumber":159,"author":{"gitId":"je-nnyt"},"content":"","lastModifiedDate":"2025-02-05","isFullCredit":false},{"lineNumber":160,"author":{"gitId":"je-nnyt"},"content":"    private static void confirmMarkDone(Task list) {","lastModifiedDate":"2025-02-05","isFullCredit":false},{"lineNumber":161,"author":{"gitId":"je-nnyt"},"content":"        System.out.println(\"Nice! I\u0027ve marked this as done:\");","lastModifiedDate":"2025-02-05","isFullCredit":false},{"lineNumber":162,"author":{"gitId":"je-nnyt"},"content":"        System.out.println(list.toString());","lastModifiedDate":"2025-02-05","isFullCredit":false},{"lineNumber":163,"author":{"gitId":"je-nnyt"},"content":"    }","lastModifiedDate":"2025-02-05","isFullCredit":false},{"lineNumber":164,"author":{"gitId":"je-nnyt"},"content":"","lastModifiedDate":"2025-02-05","isFullCredit":false},{"lineNumber":165,"author":{"gitId":"je-nnyt"},"content":"    private static void listTasks(Task[] list) {","lastModifiedDate":"2025-02-05","isFullCredit":false},{"lineNumber":166,"author":{"gitId":"je-nnyt"},"content":"        for (int i \u003d 0; i \u003c taskCount; i++) {","lastModifiedDate":"2025-02-05","isFullCredit":false},{"lineNumber":167,"author":{"gitId":"je-nnyt"},"content":"            System.out.println((i + 1) + \". \" + \" \" + list[i].toString());","lastModifiedDate":"2025-02-05","isFullCredit":false},{"lineNumber":168,"author":{"gitId":"je-nnyt"},"content":"        }","lastModifiedDate":"2025-02-05","isFullCredit":false},{"lineNumber":169,"author":{"gitId":"je-nnyt"},"content":"    }","lastModifiedDate":"2025-01-21","isFullCredit":false},{"lineNumber":170,"author":{"gitId":"je-nnyt"},"content":"","lastModifiedDate":"2025-01-30","isFullCredit":false},{"lineNumber":171,"author":{"gitId":"je-nnyt"},"content":"    private static void confirmAddTask(Task[] list) {","lastModifiedDate":"2025-02-05","isFullCredit":false},{"lineNumber":172,"author":{"gitId":"je-nnyt"},"content":"        System.out.println(\"Got it. I\u0027ve added this task:\");","lastModifiedDate":"2025-02-05","isFullCredit":false},{"lineNumber":173,"author":{"gitId":"je-nnyt"},"content":"        System.out.println(list[taskCount].toString());","lastModifiedDate":"2025-02-05","isFullCredit":false},{"lineNumber":174,"author":{"gitId":"je-nnyt"},"content":"        taskCount++;","lastModifiedDate":"2025-02-05","isFullCredit":false},{"lineNumber":175,"author":{"gitId":"je-nnyt"},"content":"        System.out.println(\"Now you have \" + taskCount + \" tasks in the list.\");","lastModifiedDate":"2025-02-05","isFullCredit":false},{"lineNumber":176,"author":{"gitId":"je-nnyt"},"content":"    }","lastModifiedDate":"2025-02-05","isFullCredit":false},{"lineNumber":177,"author":{"gitId":"je-nnyt"},"content":"}","lastModifiedDate":"2025-02-05","isFullCredit":false},{"lineNumber":178,"author":{"gitId":"je-nnyt"},"content":"","lastModifiedDate":"2025-02-05","isFullCredit":false}],"authorContributionMap":{"je-nnyt":178}}]
