[{"path":"README.md","fileType":"md","lines":[{"lineNumber":1,"author":{"gitId":"je-nnyt"},"content":"# User Guide ","lastModifiedDate":"2025-03-07","isFullCredit":false},{"lineNumber":2,"author":{"gitId":"je-nnyt"},"content":"","lastModifiedDate":"2025-03-07","isFullCredit":false},{"lineNumber":3,"author":{"gitId":"je-nnyt"},"content":"Koya is a personnal assistant chatbot that keeps track of the user\u0027s task via Command Line Interface (CLI)","lastModifiedDate":"2025-03-07","isFullCredit":false},{"lineNumber":4,"author":{"gitId":"je-nnyt"},"content":"","lastModifiedDate":"2025-03-07","isFullCredit":false},{"lineNumber":5,"author":{"gitId":"je-nnyt"},"content":"","lastModifiedDate":"2025-03-07","isFullCredit":false},{"lineNumber":6,"author":{"gitId":"je-nnyt"},"content":"","lastModifiedDate":"2025-03-07","isFullCredit":false},{"lineNumber":7,"author":{"gitId":"je-nnyt"},"content":"## Features","lastModifiedDate":"2025-03-07","isFullCredit":false},{"lineNumber":8,"author":{"gitId":"je-nnyt"},"content":"","lastModifiedDate":"2025-03-07","isFullCredit":false},{"lineNumber":9,"author":{"gitId":"je-nnyt"},"content":"_**Adding a todo task: todo**_","lastModifiedDate":"2025-03-07","isFullCredit":false},{"lineNumber":10,"author":{"gitId":"je-nnyt"},"content":"","lastModifiedDate":"2025-03-07","isFullCredit":false},{"lineNumber":11,"author":{"gitId":"je-nnyt"},"content":"Adds a todo task to the list of task","lastModifiedDate":"2025-03-07","isFullCredit":false},{"lineNumber":12,"author":{"gitId":"je-nnyt"},"content":"","lastModifiedDate":"2025-03-07","isFullCredit":false},{"lineNumber":13,"author":{"gitId":"je-nnyt"},"content":"Format: todo n/description","lastModifiedDate":"2025-03-07","isFullCredit":false},{"lineNumber":14,"author":{"gitId":"je-nnyt"},"content":"","lastModifiedDate":"2025-03-07","isFullCredit":false},{"lineNumber":15,"author":{"gitId":"je-nnyt"},"content":"","lastModifiedDate":"2025-03-07","isFullCredit":false},{"lineNumber":16,"author":{"gitId":"je-nnyt"},"content":"_**Adding an event task: event**_","lastModifiedDate":"2025-03-07","isFullCredit":false},{"lineNumber":17,"author":{"gitId":"je-nnyt"},"content":"","lastModifiedDate":"2025-03-07","isFullCredit":false},{"lineNumber":18,"author":{"gitId":"je-nnyt"},"content":"Adds an event to the list of task","lastModifiedDate":"2025-03-07","isFullCredit":false},{"lineNumber":19,"author":{"gitId":"je-nnyt"},"content":"","lastModifiedDate":"2025-03-07","isFullCredit":false},{"lineNumber":20,"author":{"gitId":"je-nnyt"},"content":"Format: event n/description /from start /to end","lastModifiedDate":"2025-03-07","isFullCredit":false},{"lineNumber":21,"author":{"gitId":"je-nnyt"},"content":"","lastModifiedDate":"2025-03-07","isFullCredit":false},{"lineNumber":22,"author":{"gitId":"je-nnyt"},"content":"","lastModifiedDate":"2025-03-07","isFullCredit":false},{"lineNumber":23,"author":{"gitId":"je-nnyt"},"content":"_**Adding a deadline task: deadline**_","lastModifiedDate":"2025-03-07","isFullCredit":false},{"lineNumber":24,"author":{"gitId":"je-nnyt"},"content":"","lastModifiedDate":"2025-03-07","isFullCredit":false},{"lineNumber":25,"author":{"gitId":"je-nnyt"},"content":"Adds a deadline to the list of task","lastModifiedDate":"2025-03-07","isFullCredit":false},{"lineNumber":26,"author":{"gitId":"je-nnyt"},"content":"","lastModifiedDate":"2025-03-07","isFullCredit":false},{"lineNumber":27,"author":{"gitId":"je-nnyt"},"content":"Format: deadline n/description by n/date or time","lastModifiedDate":"2025-03-07","isFullCredit":false},{"lineNumber":28,"author":{"gitId":"je-nnyt"},"content":"","lastModifiedDate":"2025-03-07","isFullCredit":false},{"lineNumber":29,"author":{"gitId":"je-nnyt"},"content":"_**Deleting a task: delete**_","lastModifiedDate":"2025-03-07","isFullCredit":false},{"lineNumber":30,"author":{"gitId":"je-nnyt"},"content":"","lastModifiedDate":"2025-03-07","isFullCredit":false},{"lineNumber":31,"author":{"gitId":"je-nnyt"},"content":"Deletes a task from the list","lastModifiedDate":"2025-03-07","isFullCredit":false},{"lineNumber":32,"author":{"gitId":"je-nnyt"},"content":"","lastModifiedDate":"2025-03-07","isFullCredit":false},{"lineNumber":33,"author":{"gitId":"je-nnyt"},"content":"Format: remove n/task index","lastModifiedDate":"2025-03-07","isFullCredit":false},{"lineNumber":34,"author":{"gitId":"je-nnyt"},"content":"","lastModifiedDate":"2025-03-07","isFullCredit":false},{"lineNumber":35,"author":{"gitId":"je-nnyt"},"content":"_**Marking a task as done: mark**_","lastModifiedDate":"2025-03-07","isFullCredit":false},{"lineNumber":36,"author":{"gitId":"je-nnyt"},"content":"","lastModifiedDate":"2025-03-07","isFullCredit":false},{"lineNumber":37,"author":{"gitId":"je-nnyt"},"content":"Marks a task as done","lastModifiedDate":"2025-03-07","isFullCredit":false},{"lineNumber":38,"author":{"gitId":"je-nnyt"},"content":"","lastModifiedDate":"2025-03-07","isFullCredit":false},{"lineNumber":39,"author":{"gitId":"je-nnyt"},"content":"Format: mark n/index of the task","lastModifiedDate":"2025-03-07","isFullCredit":false},{"lineNumber":40,"author":{"gitId":"je-nnyt"},"content":"","lastModifiedDate":"2025-03-07","isFullCredit":false},{"lineNumber":41,"author":{"gitId":"je-nnyt"},"content":"_**Finding tasks given its description: find**_","lastModifiedDate":"2025-03-07","isFullCredit":false},{"lineNumber":42,"author":{"gitId":"je-nnyt"},"content":"","lastModifiedDate":"2025-03-07","isFullCredit":false},{"lineNumber":43,"author":{"gitId":"je-nnyt"},"content":"List all task which has the given description","lastModifiedDate":"2025-03-07","isFullCredit":false},{"lineNumber":44,"author":{"gitId":"je-nnyt"},"content":"","lastModifiedDate":"2025-03-07","isFullCredit":false},{"lineNumber":45,"author":{"gitId":"je-nnyt"},"content":"format: find n/description","lastModifiedDate":"2025-03-07","isFullCredit":false},{"lineNumber":46,"author":{"gitId":"je-nnyt"},"content":"","lastModifiedDate":"2025-03-07","isFullCredit":false},{"lineNumber":47,"author":{"gitId":"je-nnyt"},"content":"_**Listing all the tasks from the list: list**_","lastModifiedDate":"2025-03-07","isFullCredit":false},{"lineNumber":48,"author":{"gitId":"je-nnyt"},"content":"","lastModifiedDate":"2025-03-07","isFullCredit":false},{"lineNumber":49,"author":{"gitId":"je-nnyt"},"content":"List all the tasks from the list","lastModifiedDate":"2025-03-07","isFullCredit":false},{"lineNumber":50,"author":{"gitId":"je-nnyt"},"content":"","lastModifiedDate":"2025-03-07","isFullCredit":false},{"lineNumber":51,"author":{"gitId":"je-nnyt"},"content":"format: list","lastModifiedDate":"2025-03-07","isFullCredit":false},{"lineNumber":52,"author":{"gitId":"je-nnyt"},"content":"","lastModifiedDate":"2025-03-07","isFullCredit":false},{"lineNumber":53,"author":{"gitId":"je-nnyt"},"content":"","lastModifiedDate":"2025-03-07","isFullCredit":false},{"lineNumber":54,"author":{"gitId":"je-nnyt"},"content":"","lastModifiedDate":"2025-03-07","isFullCredit":false},{"lineNumber":55,"author":{"gitId":"je-nnyt"},"content":"","lastModifiedDate":"2025-03-07","isFullCredit":false},{"lineNumber":56,"author":{"gitId":"je-nnyt"},"content":"","lastModifiedDate":"2025-03-07","isFullCredit":false}],"authorContributionMap":{"je-nnyt":56}},{"path":"data/koya.txt","fileType":"txt","lines":[{"lineNumber":1,"author":{"gitId":"je-nnyt"},"content":"T | 1 | homework","lastModifiedDate":"2025-02-20","isFullCredit":false},{"lineNumber":2,"author":{"gitId":"je-nnyt"},"content":"T | 0 | cs2113","lastModifiedDate":"2025-03-07","isFullCredit":false},{"lineNumber":3,"author":{"gitId":"je-nnyt"},"content":"T | 0 | homeword","lastModifiedDate":"2025-03-07","isFullCredit":false},{"lineNumber":4,"author":{"gitId":"je-nnyt"},"content":"T | 0 | Assignment","lastModifiedDate":"2025-03-07","isFullCredit":false},{"lineNumber":5,"author":{"gitId":"je-nnyt"},"content":"T | 0 | homework","lastModifiedDate":"2025-03-07","isFullCredit":false},{"lineNumber":6,"author":{"gitId":"je-nnyt"},"content":"D | 0 | homework | Monday","lastModifiedDate":"2025-03-07","isFullCredit":false},{"lineNumber":7,"author":{"gitId":"je-nnyt"},"content":"E | 0 | homework | null | null","lastModifiedDate":"2025-03-07","isFullCredit":false}],"authorContributionMap":{"je-nnyt":7}},{"path":"docs/README.md","fileType":"md","lines":[{"lineNumber":1,"author":{"gitId":"je-nnyt"},"content":"# Koya User Guide","lastModifiedDate":"2025-03-10","isFullCredit":false},{"lineNumber":2,"author":{"gitId":"-"},"content":"","lastModifiedDate":"2019-07-29","isFullCredit":false},{"lineNumber":3,"author":{"gitId":"je-nnyt"},"content":"Koya is a personnal assistant chatbot that keeps track of the user\u0027s task via Command Line Interface (CLI)","lastModifiedDate":"2025-03-10","isFullCredit":false},{"lineNumber":4,"author":{"gitId":"-"},"content":"","lastModifiedDate":"2025-03-10","isFullCredit":false},{"lineNumber":5,"author":{"gitId":"je-nnyt"},"content":"## Quick Start","lastModifiedDate":"2025-03-10","isFullCredit":false},{"lineNumber":6,"author":{"gitId":"je-nnyt"},"content":"In order to use the chatbot, make sure to carefully follow the steps below:","lastModifiedDate":"2025-03-10","isFullCredit":false},{"lineNumber":7,"author":{"gitId":"je-nnyt"},"content":"1. Have Java 17 installed on your laptop","lastModifiedDate":"2025-03-10","isFullCredit":false},{"lineNumber":8,"author":{"gitId":"je-nnyt"},"content":", you can verify the java version by running the following command in your terminal: java -version","lastModifiedDate":"2025-03-10","isFullCredit":false},{"lineNumber":9,"author":{"gitId":"je-nnyt"},"content":"2. Download the .jar file","lastModifiedDate":"2025-03-10","isFullCredit":false},{"lineNumber":10,"author":{"gitId":"je-nnyt"},"content":"4. Open a terminal and cd to where the .jar file is located","lastModifiedDate":"2025-03-10","isFullCredit":false},{"lineNumber":11,"author":{"gitId":"je-nnyt"},"content":"5. Run the following command java -jar \"JAR_FILE_NAME\"","lastModifiedDate":"2025-03-10","isFullCredit":false},{"lineNumber":12,"author":{"gitId":"je-nnyt"},"content":"6. Type the desired command in the command box (select any commands from the Features section below) and press enter","lastModifiedDate":"2025-03-10","isFullCredit":false},{"lineNumber":13,"author":{"gitId":"-"},"content":"","lastModifiedDate":"2025-03-10","isFullCredit":false},{"lineNumber":14,"author":{"gitId":"je-nnyt"},"content":"## Features","lastModifiedDate":"2025-03-10","isFullCredit":false},{"lineNumber":15,"author":{"gitId":"je-nnyt"},"content":"Notes about the command format:","lastModifiedDate":"2025-03-10","isFullCredit":false},{"lineNumber":16,"author":{"gitId":"-"},"content":"","lastModifiedDate":"2025-03-10","isFullCredit":false},{"lineNumber":17,"author":{"gitId":"je-nnyt"},"content":"All parameters that must be input by the user are CAPITALIZED. Carefully follow the format for each feature.","lastModifiedDate":"2025-03-10","isFullCredit":false},{"lineNumber":18,"author":{"gitId":"-"},"content":"","lastModifiedDate":"2025-03-10","isFullCredit":false},{"lineNumber":19,"author":{"gitId":"je-nnyt"},"content":"e.g. deadline /by DESCRIPTION , DESCRIPTION is the parameter. The user may for instance input: deadline /by Monday 3PM","lastModifiedDate":"2025-03-10","isFullCredit":false},{"lineNumber":20,"author":{"gitId":"-"},"content":"","lastModifiedDate":"2025-03-10","isFullCredit":false},{"lineNumber":21,"author":{"gitId":"je-nnyt"},"content":"### Adding a deadline: deadline","lastModifiedDate":"2025-03-10","isFullCredit":false},{"lineNumber":22,"author":{"gitId":"-"},"content":"","lastModifiedDate":"2025-03-10","isFullCredit":false},{"lineNumber":23,"author":{"gitId":"je-nnyt"},"content":"Adds a deadline task to the list","lastModifiedDate":"2025-03-10","isFullCredit":false},{"lineNumber":24,"author":{"gitId":"je-nnyt"},"content":"","lastModifiedDate":"2025-03-10","isFullCredit":false},{"lineNumber":25,"author":{"gitId":"je-nnyt"},"content":"Format: deadline /by DESCRIPTION","lastModifiedDate":"2025-03-10","isFullCredit":false},{"lineNumber":26,"author":{"gitId":"je-nnyt"},"content":"","lastModifiedDate":"2025-03-10","isFullCredit":false},{"lineNumber":27,"author":{"gitId":"je-nnyt"},"content":"Example: deadline homework /by Monday 3PM","lastModifiedDate":"2025-03-10","isFullCredit":false},{"lineNumber":28,"author":{"gitId":"je-nnyt"},"content":"","lastModifiedDate":"2025-03-10","isFullCredit":false},{"lineNumber":29,"author":{"gitId":"je-nnyt"},"content":"// A description of the expected outcome goes here","lastModifiedDate":"2025-03-10","isFullCredit":false},{"lineNumber":30,"author":{"gitId":"je-nnyt"},"content":"","lastModifiedDate":"2025-03-10","isFullCredit":false},{"lineNumber":31,"author":{"gitId":"je-nnyt"},"content":"```","lastModifiedDate":"2025-03-10","isFullCredit":false},{"lineNumber":32,"author":{"gitId":"je-nnyt"},"content":"Got it. I\u0027ve added this task:","lastModifiedDate":"2025-03-10","isFullCredit":false},{"lineNumber":33,"author":{"gitId":"je-nnyt"},"content":" [D][ ] homework (by: Monday 3PM)","lastModifiedDate":"2025-03-10","isFullCredit":false},{"lineNumber":34,"author":{"gitId":"je-nnyt"},"content":"Now you have 4 tasks in the list.","lastModifiedDate":"2025-03-10","isFullCredit":false},{"lineNumber":35,"author":{"gitId":"je-nnyt"},"content":"```","lastModifiedDate":"2025-03-10","isFullCredit":false},{"lineNumber":36,"author":{"gitId":"je-nnyt"},"content":"","lastModifiedDate":"2025-03-10","isFullCredit":false},{"lineNumber":37,"author":{"gitId":"je-nnyt"},"content":"### Adding a todo: todo","lastModifiedDate":"2025-03-10","isFullCredit":false},{"lineNumber":38,"author":{"gitId":"je-nnyt"},"content":"","lastModifiedDate":"2025-03-10","isFullCredit":false},{"lineNumber":39,"author":{"gitId":"je-nnyt"},"content":"Adds a todo task to the list","lastModifiedDate":"2025-03-10","isFullCredit":false},{"lineNumber":40,"author":{"gitId":"je-nnyt"},"content":"","lastModifiedDate":"2025-03-10","isFullCredit":false},{"lineNumber":41,"author":{"gitId":"je-nnyt"},"content":"Format: todo DESCRIPTION","lastModifiedDate":"2025-03-10","isFullCredit":false},{"lineNumber":42,"author":{"gitId":"je-nnyt"},"content":"","lastModifiedDate":"2025-03-10","isFullCredit":false},{"lineNumber":43,"author":{"gitId":"je-nnyt"},"content":"Example: todo dishes ","lastModifiedDate":"2025-03-10","isFullCredit":false},{"lineNumber":44,"author":{"gitId":"je-nnyt"},"content":"","lastModifiedDate":"2025-03-10","isFullCredit":false},{"lineNumber":45,"author":{"gitId":"je-nnyt"},"content":"// A description of the expected outcome goes here","lastModifiedDate":"2025-03-10","isFullCredit":false},{"lineNumber":46,"author":{"gitId":"je-nnyt"},"content":"","lastModifiedDate":"2025-03-10","isFullCredit":false},{"lineNumber":47,"author":{"gitId":"je-nnyt"},"content":"```","lastModifiedDate":"2025-03-10","isFullCredit":false},{"lineNumber":48,"author":{"gitId":"je-nnyt"},"content":"todo dishes","lastModifiedDate":"2025-03-10","isFullCredit":false},{"lineNumber":49,"author":{"gitId":"je-nnyt"},"content":"Got it. I\u0027ve added this task:","lastModifiedDate":"2025-03-10","isFullCredit":false},{"lineNumber":50,"author":{"gitId":"je-nnyt"},"content":" [T][ ] dishes","lastModifiedDate":"2025-03-10","isFullCredit":false},{"lineNumber":51,"author":{"gitId":"je-nnyt"},"content":"Now you have 8 tasks in the list.","lastModifiedDate":"2025-03-10","isFullCredit":false},{"lineNumber":52,"author":{"gitId":"je-nnyt"},"content":"```","lastModifiedDate":"2025-03-10","isFullCredit":false},{"lineNumber":53,"author":{"gitId":"je-nnyt"},"content":"","lastModifiedDate":"2025-03-10","isFullCredit":false},{"lineNumber":54,"author":{"gitId":"je-nnyt"},"content":"### Adding an event: event","lastModifiedDate":"2025-03-10","isFullCredit":false},{"lineNumber":55,"author":{"gitId":"je-nnyt"},"content":"Adds an event to the list","lastModifiedDate":"2025-03-10","isFullCredit":false},{"lineNumber":56,"author":{"gitId":"je-nnyt"},"content":"","lastModifiedDate":"2025-03-10","isFullCredit":false},{"lineNumber":57,"author":{"gitId":"je-nnyt"},"content":"Format: event DESCRIPTION /from START /to END","lastModifiedDate":"2025-03-10","isFullCredit":false},{"lineNumber":58,"author":{"gitId":"je-nnyt"},"content":"","lastModifiedDate":"2025-03-10","isFullCredit":false},{"lineNumber":59,"author":{"gitId":"je-nnyt"},"content":"Example: event gala /from Monday 3PM /to Monday 6PM","lastModifiedDate":"2025-03-10","isFullCredit":false},{"lineNumber":60,"author":{"gitId":"-"},"content":"","lastModifiedDate":"2021-07-17","isFullCredit":false},{"lineNumber":61,"author":{"gitId":"je-nnyt"},"content":"// A description of the expected outcome goes here","lastModifiedDate":"2025-03-10","isFullCredit":false},{"lineNumber":62,"author":{"gitId":"je-nnyt"},"content":"","lastModifiedDate":"2025-03-10","isFullCredit":false},{"lineNumber":63,"author":{"gitId":"je-nnyt"},"content":"```","lastModifiedDate":"2025-03-10","isFullCredit":false},{"lineNumber":64,"author":{"gitId":"je-nnyt"},"content":"event gala /from Monday 3PM /to Monday 6PM","lastModifiedDate":"2025-03-10","isFullCredit":false},{"lineNumber":65,"author":{"gitId":"je-nnyt"},"content":"Got it. I\u0027ve added this task:","lastModifiedDate":"2025-03-10","isFullCredit":false},{"lineNumber":66,"author":{"gitId":"je-nnyt"},"content":" [E][ ] gala (from: Monday 3PM to: Monday 6PM)","lastModifiedDate":"2025-03-10","isFullCredit":false},{"lineNumber":67,"author":{"gitId":"je-nnyt"},"content":"Now you have 2 tasks in the list.","lastModifiedDate":"2025-03-10","isFullCredit":false},{"lineNumber":68,"author":{"gitId":"je-nnyt"},"content":"```","lastModifiedDate":"2025-03-10","isFullCredit":false},{"lineNumber":69,"author":{"gitId":"je-nnyt"},"content":"","lastModifiedDate":"2025-03-10","isFullCredit":false},{"lineNumber":70,"author":{"gitId":"je-nnyt"},"content":"### Deleting a task: delete","lastModifiedDate":"2025-03-10","isFullCredit":false},{"lineNumber":71,"author":{"gitId":"je-nnyt"},"content":"","lastModifiedDate":"2025-03-10","isFullCredit":false},{"lineNumber":72,"author":{"gitId":"je-nnyt"},"content":"Deletes a task from the list","lastModifiedDate":"2025-03-10","isFullCredit":false},{"lineNumber":73,"author":{"gitId":"je-nnyt"},"content":"","lastModifiedDate":"2025-03-10","isFullCredit":false},{"lineNumber":74,"author":{"gitId":"je-nnyt"},"content":"Format: remove TASK_INDEX","lastModifiedDate":"2025-03-10","isFullCredit":false},{"lineNumber":75,"author":{"gitId":"je-nnyt"},"content":"","lastModifiedDate":"2025-03-10","isFullCredit":false},{"lineNumber":76,"author":{"gitId":"je-nnyt"},"content":"Example: delete 1","lastModifiedDate":"2025-03-10","isFullCredit":false},{"lineNumber":77,"author":{"gitId":"-"},"content":"","lastModifiedDate":"2025-03-10","isFullCredit":false},{"lineNumber":78,"author":{"gitId":"-"},"content":"// A description of the expected outcome goes here","lastModifiedDate":"2025-03-10","isFullCredit":false},{"lineNumber":79,"author":{"gitId":"-"},"content":"","lastModifiedDate":"2025-03-10","isFullCredit":false},{"lineNumber":80,"author":{"gitId":"-"},"content":"```","lastModifiedDate":"2025-03-10","isFullCredit":false},{"lineNumber":81,"author":{"gitId":"je-nnyt"},"content":"delete 1","lastModifiedDate":"2025-03-10","isFullCredit":false},{"lineNumber":82,"author":{"gitId":"je-nnyt"},"content":"Noted! I\u0027ve removed this task:","lastModifiedDate":"2025-03-10","isFullCredit":false},{"lineNumber":83,"author":{"gitId":"je-nnyt"},"content":" [E][ ] gala (from: a to: b)","lastModifiedDate":"2025-03-10","isFullCredit":false},{"lineNumber":84,"author":{"gitId":"je-nnyt"},"content":"You only have 1 tasks in your list","lastModifiedDate":"2025-03-10","isFullCredit":false},{"lineNumber":85,"author":{"gitId":"je-nnyt"},"content":"```","lastModifiedDate":"2025-03-10","isFullCredit":false},{"lineNumber":86,"author":{"gitId":"-"},"content":"","lastModifiedDate":"2021-07-17","isFullCredit":false},{"lineNumber":87,"author":{"gitId":"je-nnyt"},"content":"### Marking a task as done: mark","lastModifiedDate":"2025-03-10","isFullCredit":false},{"lineNumber":88,"author":{"gitId":"-"},"content":"","lastModifiedDate":"2019-07-29","isFullCredit":false},{"lineNumber":89,"author":{"gitId":"je-nnyt"},"content":"Marks a task as done","lastModifiedDate":"2025-03-10","isFullCredit":false},{"lineNumber":90,"author":{"gitId":"-"},"content":"","lastModifiedDate":"2019-07-29","isFullCredit":false},{"lineNumber":91,"author":{"gitId":"je-nnyt"},"content":"Format: mark TASK_INDEX","lastModifiedDate":"2025-03-10","isFullCredit":false},{"lineNumber":92,"author":{"gitId":"je-nnyt"},"content":"","lastModifiedDate":"2025-03-10","isFullCredit":false},{"lineNumber":93,"author":{"gitId":"je-nnyt"},"content":"Example: mark 1","lastModifiedDate":"2025-03-10","isFullCredit":false},{"lineNumber":94,"author":{"gitId":"je-nnyt"},"content":"","lastModifiedDate":"2025-03-10","isFullCredit":false},{"lineNumber":95,"author":{"gitId":"je-nnyt"},"content":"```","lastModifiedDate":"2025-03-10","isFullCredit":false},{"lineNumber":96,"author":{"gitId":"je-nnyt"},"content":"Nice! I\u0027ve marked this as done:","lastModifiedDate":"2025-03-10","isFullCredit":false},{"lineNumber":97,"author":{"gitId":"je-nnyt"},"content":"[E][X] gala (from: Monday 3PM to: Monday 6PM)","lastModifiedDate":"2025-03-10","isFullCredit":false},{"lineNumber":98,"author":{"gitId":"je-nnyt"},"content":"```","lastModifiedDate":"2025-03-10","isFullCredit":false},{"lineNumber":99,"author":{"gitId":"je-nnyt"},"content":"","lastModifiedDate":"2025-03-10","isFullCredit":false},{"lineNumber":100,"author":{"gitId":"je-nnyt"},"content":"### Finding tasks given its description: find","lastModifiedDate":"2025-03-10","isFullCredit":false},{"lineNumber":101,"author":{"gitId":"je-nnyt"},"content":"","lastModifiedDate":"2025-03-10","isFullCredit":false},{"lineNumber":102,"author":{"gitId":"je-nnyt"},"content":"List all task which has the given description","lastModifiedDate":"2025-03-10","isFullCredit":false},{"lineNumber":103,"author":{"gitId":"je-nnyt"},"content":"","lastModifiedDate":"2025-03-10","isFullCredit":false},{"lineNumber":104,"author":{"gitId":"je-nnyt"},"content":"Format: find DESCRIPTION","lastModifiedDate":"2025-03-10","isFullCredit":false},{"lineNumber":105,"author":{"gitId":"je-nnyt"},"content":"","lastModifiedDate":"2025-03-10","isFullCredit":false},{"lineNumber":106,"author":{"gitId":"je-nnyt"},"content":"Example: find homework","lastModifiedDate":"2025-03-10","isFullCredit":false},{"lineNumber":107,"author":{"gitId":"-"},"content":"","lastModifiedDate":"2019-07-29","isFullCredit":false},{"lineNumber":108,"author":{"gitId":"-"},"content":"","lastModifiedDate":"2019-07-29","isFullCredit":false},{"lineNumber":109,"author":{"gitId":"-"},"content":"```","lastModifiedDate":"2024-01-07","isFullCredit":false},{"lineNumber":110,"author":{"gitId":"je-nnyt"},"content":"Here are the matching tasks in your list:","lastModifiedDate":"2025-03-10","isFullCredit":false},{"lineNumber":111,"author":{"gitId":"je-nnyt"},"content":"1.  [T][ ] read book","lastModifiedDate":"2025-03-10","isFullCredit":false},{"lineNumber":112,"author":{"gitId":"je-nnyt"},"content":"2.  [D][ ] return book (by: June 6th)","lastModifiedDate":"2025-03-10","isFullCredit":false},{"lineNumber":113,"author":{"gitId":"-"},"content":"```","lastModifiedDate":"2025-03-10","isFullCredit":false},{"lineNumber":114,"author":{"gitId":"-"},"content":"","lastModifiedDate":"2025-03-10","isFullCredit":false},{"lineNumber":115,"author":{"gitId":"je-nnyt"},"content":"### Exit the chatbot:  bye","lastModifiedDate":"2025-03-10","isFullCredit":false},{"lineNumber":116,"author":{"gitId":"-"},"content":"","lastModifiedDate":"2025-03-10","isFullCredit":false},{"lineNumber":117,"author":{"gitId":"je-nnyt"},"content":"Exit the chatbot","lastModifiedDate":"2025-03-10","isFullCredit":false},{"lineNumber":118,"author":{"gitId":"-"},"content":"","lastModifiedDate":"2025-03-10","isFullCredit":false},{"lineNumber":119,"author":{"gitId":"je-nnyt"},"content":"Format: bye","lastModifiedDate":"2025-03-10","isFullCredit":false},{"lineNumber":120,"author":{"gitId":"-"},"content":"","lastModifiedDate":"2025-03-10","isFullCredit":false},{"lineNumber":121,"author":{"gitId":"je-nnyt"},"content":"Example: bye","lastModifiedDate":"2025-03-10","isFullCredit":false},{"lineNumber":122,"author":{"gitId":"je-nnyt"},"content":"","lastModifiedDate":"2025-03-10","isFullCredit":false},{"lineNumber":123,"author":{"gitId":"je-nnyt"},"content":"```","lastModifiedDate":"2025-03-10","isFullCredit":false},{"lineNumber":124,"author":{"gitId":"je-nnyt"},"content":"list","lastModifiedDate":"2025-03-10","isFullCredit":false},{"lineNumber":125,"author":{"gitId":"je-nnyt"},"content":"Here are the tasks in your list:","lastModifiedDate":"2025-03-10","isFullCredit":false},{"lineNumber":126,"author":{"gitId":"je-nnyt"},"content":"1.  [E][X] gala (from: Monday 3PM to: Monday 6PM)","lastModifiedDate":"2025-03-10","isFullCredit":false},{"lineNumber":127,"author":{"gitId":"je-nnyt"},"content":"2.  [T][ ] homework CS2113","lastModifiedDate":"2025-03-10","isFullCredit":false},{"lineNumber":128,"author":{"gitId":"je-nnyt"},"content":"3.  [D][X] homework (by: Friday 14th)","lastModifiedDate":"2025-03-10","isFullCredit":false},{"lineNumber":129,"author":{"gitId":"je-nnyt"},"content":"4.  [T][ ] read book","lastModifiedDate":"2025-03-10","isFullCredit":false},{"lineNumber":130,"author":{"gitId":"je-nnyt"},"content":"5.  [D][ ] return book (by: June 6th)```","lastModifiedDate":"2025-03-10","isFullCredit":false},{"lineNumber":131,"author":{"gitId":"-"},"content":"```","lastModifiedDate":"2024-01-07","isFullCredit":false},{"lineNumber":132,"author":{"gitId":"-"},"content":"","lastModifiedDate":"2019-07-29","isFullCredit":false},{"lineNumber":133,"author":{"gitId":"je-nnyt"},"content":"### Listing all the tasks from the list: list","lastModifiedDate":"2025-03-10","isFullCredit":false},{"lineNumber":134,"author":{"gitId":"je-nnyt"},"content":"","lastModifiedDate":"2025-03-10","isFullCredit":false},{"lineNumber":135,"author":{"gitId":"je-nnyt"},"content":"List all the tasks from the list","lastModifiedDate":"2025-03-10","isFullCredit":false},{"lineNumber":136,"author":{"gitId":"-"},"content":"","lastModifiedDate":"2019-07-29","isFullCredit":false},{"lineNumber":137,"author":{"gitId":"je-nnyt"},"content":"Format: list","lastModifiedDate":"2025-03-10","isFullCredit":false},{"lineNumber":138,"author":{"gitId":"-"},"content":"","lastModifiedDate":"2019-07-29","isFullCredit":false},{"lineNumber":139,"author":{"gitId":"je-nnyt"},"content":"Example: list","lastModifiedDate":"2025-03-10","isFullCredit":false},{"lineNumber":140,"author":{"gitId":"-"},"content":"","lastModifiedDate":"2021-07-17","isFullCredit":false},{"lineNumber":141,"author":{"gitId":"je-nnyt"},"content":"```","lastModifiedDate":"2025-03-10","isFullCredit":false},{"lineNumber":142,"author":{"gitId":"je-nnyt"},"content":"bye","lastModifiedDate":"2025-03-10","isFullCredit":false},{"lineNumber":143,"author":{"gitId":"je-nnyt"},"content":"```","lastModifiedDate":"2025-03-10","isFullCredit":false}],"authorContributionMap":{"je-nnyt":115,"-":28}},{"path":"src/main/java/koya/Koya.java","fileType":"java","lines":[{"lineNumber":1,"author":{"gitId":"je-nnyt"},"content":"package koya;","lastModifiedDate":"2025-02-13","isFullCredit":false},{"lineNumber":2,"author":{"gitId":"je-nnyt"},"content":"","lastModifiedDate":"2025-02-13","isFullCredit":false},{"lineNumber":3,"author":{"gitId":"je-nnyt"},"content":"import java.util.Scanner;","lastModifiedDate":"2025-01-30","isFullCredit":false},{"lineNumber":4,"author":{"gitId":"je-nnyt"},"content":"import java.util.ArrayList;","lastModifiedDate":"2025-02-19","isFullCredit":false},{"lineNumber":5,"author":{"gitId":"je-nnyt"},"content":"","lastModifiedDate":"2025-02-20","isFullCredit":false},{"lineNumber":6,"author":{"gitId":"je-nnyt"},"content":"import koya.task.Task;","lastModifiedDate":"2025-02-13","isFullCredit":false},{"lineNumber":7,"author":{"gitId":"je-nnyt"},"content":"","lastModifiedDate":"2025-02-05","isFullCredit":false},{"lineNumber":8,"author":{"gitId":"je-nnyt"},"content":"public class Koya {","lastModifiedDate":"2025-01-21","isFullCredit":false},{"lineNumber":9,"author":{"gitId":"je-nnyt"},"content":"","lastModifiedDate":"2025-01-30","isFullCredit":false},{"lineNumber":10,"author":{"gitId":"je-nnyt"},"content":"    public static int taskCount \u003d 0;","lastModifiedDate":"2025-03-06","isFullCredit":false},{"lineNumber":11,"author":{"gitId":"je-nnyt"},"content":"    public static ArrayList\u003cTask\u003e list \u003d new ArrayList\u003c\u003e();","lastModifiedDate":"2025-03-06","isFullCredit":false},{"lineNumber":12,"author":{"gitId":"je-nnyt"},"content":"    private static final int TODO_CHAR_COUNT \u003d 5;","lastModifiedDate":"2025-02-13","isFullCredit":false},{"lineNumber":13,"author":{"gitId":"je-nnyt"},"content":"    public static Parser parser \u003d new Parser();","lastModifiedDate":"2025-03-07","isFullCredit":false},{"lineNumber":14,"author":{"gitId":"je-nnyt"},"content":"","lastModifiedDate":"2025-01-30","isFullCredit":false},{"lineNumber":15,"author":{"gitId":"je-nnyt"},"content":"    public static void main(String[] args) {","lastModifiedDate":"2025-02-05","isFullCredit":false},{"lineNumber":16,"author":{"gitId":"je-nnyt"},"content":"","lastModifiedDate":"2025-01-30","isFullCredit":false},{"lineNumber":17,"author":{"gitId":"je-nnyt"},"content":"        String input;","lastModifiedDate":"2025-02-06","isFullCredit":false},{"lineNumber":18,"author":{"gitId":"je-nnyt"},"content":"        Scanner in \u003d new Scanner(System.in);","lastModifiedDate":"2025-01-30","isFullCredit":false},{"lineNumber":19,"author":{"gitId":"je-nnyt"},"content":"","lastModifiedDate":"2025-01-30","isFullCredit":false},{"lineNumber":20,"author":{"gitId":"je-nnyt"},"content":"        Ui.printIntroMessage();","lastModifiedDate":"2025-03-06","isFullCredit":false},{"lineNumber":21,"author":{"gitId":"je-nnyt"},"content":"        //check if folder exists","lastModifiedDate":"2025-02-20","isFullCredit":false},{"lineNumber":22,"author":{"gitId":"je-nnyt"},"content":"        Storage.checkFolderExists();","lastModifiedDate":"2025-03-06","isFullCredit":false},{"lineNumber":23,"author":{"gitId":"je-nnyt"},"content":"        //create or load task","lastModifiedDate":"2025-02-20","isFullCredit":false},{"lineNumber":24,"author":{"gitId":"je-nnyt"},"content":"        Storage.createLoadFile();","lastModifiedDate":"2025-03-06","isFullCredit":false},{"lineNumber":25,"author":{"gitId":"je-nnyt"},"content":"","lastModifiedDate":"2025-02-20","isFullCredit":false},{"lineNumber":26,"author":{"gitId":"je-nnyt"},"content":"","lastModifiedDate":"2025-03-07","isFullCredit":false},{"lineNumber":27,"author":{"gitId":"je-nnyt"},"content":"        while (true) {","lastModifiedDate":"2025-02-05","isFullCredit":false},{"lineNumber":28,"author":{"gitId":"je-nnyt"},"content":"            try {","lastModifiedDate":"2025-02-13","isFullCredit":false},{"lineNumber":29,"author":{"gitId":"je-nnyt"},"content":"                input \u003d in.nextLine();","lastModifiedDate":"2025-01-30","isFullCredit":false},{"lineNumber":30,"author":{"gitId":"je-nnyt"},"content":"","lastModifiedDate":"2025-01-30","isFullCredit":false},{"lineNumber":31,"author":{"gitId":"je-nnyt"},"content":"                if (input.equals(\"bye\")) {","lastModifiedDate":"2025-01-30","isFullCredit":false},{"lineNumber":32,"author":{"gitId":"je-nnyt"},"content":"                    break;","lastModifiedDate":"2025-01-30","isFullCredit":false},{"lineNumber":33,"author":{"gitId":"je-nnyt"},"content":"                } else if (input.equals(\"list\")) {","lastModifiedDate":"2025-01-30","isFullCredit":false},{"lineNumber":34,"author":{"gitId":"je-nnyt"},"content":"                    System.out.println(\"Here are the tasks in your list:\");","lastModifiedDate":"2025-01-30","isFullCredit":false},{"lineNumber":35,"author":{"gitId":"je-nnyt"},"content":"                    TaskList.listTasks(list);","lastModifiedDate":"2025-03-06","isFullCredit":false},{"lineNumber":36,"author":{"gitId":"je-nnyt"},"content":"","lastModifiedDate":"2025-02-05","isFullCredit":false},{"lineNumber":37,"author":{"gitId":"je-nnyt"},"content":"                } else if (input.startsWith(\"mark\")) {","lastModifiedDate":"2025-01-30","isFullCredit":false},{"lineNumber":38,"author":{"gitId":"je-nnyt"},"content":"                    //obtain number next to mark","lastModifiedDate":"2025-02-20","isFullCredit":false},{"lineNumber":39,"author":{"gitId":"je-nnyt"},"content":"                    int taskIndex \u003d TaskList.getTaskIndex(input);","lastModifiedDate":"2025-03-06","isFullCredit":false},{"lineNumber":40,"author":{"gitId":"je-nnyt"},"content":"","lastModifiedDate":"2025-01-30","isFullCredit":false},{"lineNumber":41,"author":{"gitId":"je-nnyt"},"content":"                    list.get(taskIndex).markAsDone();","lastModifiedDate":"2025-02-19","isFullCredit":false},{"lineNumber":42,"author":{"gitId":"je-nnyt"},"content":"                    Ui.confirmMarkDone(list.get(taskIndex));","lastModifiedDate":"2025-03-06","isFullCredit":false},{"lineNumber":43,"author":{"gitId":"je-nnyt"},"content":"                    Storage.updateFile();","lastModifiedDate":"2025-03-06","isFullCredit":false},{"lineNumber":44,"author":{"gitId":"je-nnyt"},"content":"","lastModifiedDate":"2025-02-05","isFullCredit":false},{"lineNumber":45,"author":{"gitId":"je-nnyt"},"content":"                } else if (input.startsWith(\"todo\")) {","lastModifiedDate":"2025-02-05","isFullCredit":false},{"lineNumber":46,"author":{"gitId":"je-nnyt"},"content":"                    if (input.length() \u003c\u003d TODO_CHAR_COUNT) {","lastModifiedDate":"2025-02-13","isFullCredit":false},{"lineNumber":47,"author":{"gitId":"je-nnyt"},"content":"                        throw new KoyaException(\"OOH OH! The description of a todo cannot be left empty...\");","lastModifiedDate":"2025-02-13","isFullCredit":false},{"lineNumber":48,"author":{"gitId":"je-nnyt"},"content":"                    }","lastModifiedDate":"2025-02-13","isFullCredit":false},{"lineNumber":49,"author":{"gitId":"je-nnyt"},"content":"                    TaskList.addToListToDo(input);","lastModifiedDate":"2025-03-06","isFullCredit":false},{"lineNumber":50,"author":{"gitId":"je-nnyt"},"content":"                    Ui.confirmAddTask(list);","lastModifiedDate":"2025-03-06","isFullCredit":false},{"lineNumber":51,"author":{"gitId":"je-nnyt"},"content":"","lastModifiedDate":"2025-02-05","isFullCredit":false},{"lineNumber":52,"author":{"gitId":"je-nnyt"},"content":"                } else if (input.startsWith(\"deadline\")) {","lastModifiedDate":"2025-02-05","isFullCredit":false},{"lineNumber":53,"author":{"gitId":"je-nnyt"},"content":"                    parser \u003d parser.parseDeadline(input);","lastModifiedDate":"2025-03-07","isFullCredit":false},{"lineNumber":54,"author":{"gitId":"je-nnyt"},"content":"","lastModifiedDate":"2025-02-13","isFullCredit":false},{"lineNumber":55,"author":{"gitId":"je-nnyt"},"content":"                    TaskList.addToListDeadline(parser.description, parser.by);","lastModifiedDate":"2025-03-07","isFullCredit":false},{"lineNumber":56,"author":{"gitId":"je-nnyt"},"content":"                    Ui.confirmAddTask(list);","lastModifiedDate":"2025-03-06","isFullCredit":false},{"lineNumber":57,"author":{"gitId":"je-nnyt"},"content":"","lastModifiedDate":"2025-02-20","isFullCredit":false},{"lineNumber":58,"author":{"gitId":"je-nnyt"},"content":"                } else if (input.startsWith(\"event\")) {","lastModifiedDate":"2025-02-05","isFullCredit":false},{"lineNumber":59,"author":{"gitId":"je-nnyt"},"content":"                   parser\u003dparser.parseEvent(input);","lastModifiedDate":"2025-03-10","isFullCredit":false},{"lineNumber":60,"author":{"gitId":"je-nnyt"},"content":"","lastModifiedDate":"2025-02-05","isFullCredit":false},{"lineNumber":61,"author":{"gitId":"je-nnyt"},"content":"                    TaskList.addToListEvent(parser.description, parser.from, parser.to);","lastModifiedDate":"2025-03-07","isFullCredit":false},{"lineNumber":62,"author":{"gitId":"je-nnyt"},"content":"                    Ui.confirmAddTask(list);","lastModifiedDate":"2025-03-06","isFullCredit":false},{"lineNumber":63,"author":{"gitId":"je-nnyt"},"content":"","lastModifiedDate":"2025-02-20","isFullCredit":false},{"lineNumber":64,"author":{"gitId":"je-nnyt"},"content":"                } else if (input.startsWith(\"delete\")) {","lastModifiedDate":"2025-02-20","isFullCredit":false},{"lineNumber":65,"author":{"gitId":"je-nnyt"},"content":"                    int taskIndex \u003d TaskList.getTaskIndex(input);","lastModifiedDate":"2025-03-06","isFullCredit":false},{"lineNumber":66,"author":{"gitId":"je-nnyt"},"content":"                    TaskList.removeTask(taskIndex);","lastModifiedDate":"2025-03-06","isFullCredit":false},{"lineNumber":67,"author":{"gitId":"je-nnyt"},"content":"","lastModifiedDate":"2025-02-20","isFullCredit":false},{"lineNumber":68,"author":{"gitId":"je-nnyt"},"content":"                } else if (input.startsWith(\"find\")) {","lastModifiedDate":"2025-03-07","isFullCredit":false},{"lineNumber":69,"author":{"gitId":"je-nnyt"},"content":"                    TaskList.findMatchingTask(input);","lastModifiedDate":"2025-03-07","isFullCredit":false},{"lineNumber":70,"author":{"gitId":"je-nnyt"},"content":"                } else {","lastModifiedDate":"2025-02-05","isFullCredit":false},{"lineNumber":71,"author":{"gitId":"je-nnyt"},"content":"                    throw new KoyaException(\"OOH OH! I don\u0027t know what that means :/ \");","lastModifiedDate":"2025-02-13","isFullCredit":false},{"lineNumber":72,"author":{"gitId":"je-nnyt"},"content":"                }","lastModifiedDate":"2025-02-13","isFullCredit":false},{"lineNumber":73,"author":{"gitId":"je-nnyt"},"content":"            } catch (NumberFormatException e) {","lastModifiedDate":"2025-02-13","isFullCredit":false},{"lineNumber":74,"author":{"gitId":"je-nnyt"},"content":"                throw new RuntimeException(e);","lastModifiedDate":"2025-02-13","isFullCredit":false},{"lineNumber":75,"author":{"gitId":"je-nnyt"},"content":"            } catch (KoyaException e) {","lastModifiedDate":"2025-02-13","isFullCredit":false},{"lineNumber":76,"author":{"gitId":"je-nnyt"},"content":"                System.out.println(e);","lastModifiedDate":"2025-02-13","isFullCredit":false},{"lineNumber":77,"author":{"gitId":"je-nnyt"},"content":"            }","lastModifiedDate":"2025-01-30","isFullCredit":false},{"lineNumber":78,"author":{"gitId":"je-nnyt"},"content":"","lastModifiedDate":"2025-01-30","isFullCredit":false},{"lineNumber":79,"author":{"gitId":"je-nnyt"},"content":"        }","lastModifiedDate":"2025-02-05","isFullCredit":false},{"lineNumber":80,"author":{"gitId":"je-nnyt"},"content":"        Ui.goodbyeMessage();","lastModifiedDate":"2025-03-07","isFullCredit":false},{"lineNumber":81,"author":{"gitId":"je-nnyt"},"content":"    }","lastModifiedDate":"2025-01-21","isFullCredit":false},{"lineNumber":82,"author":{"gitId":"je-nnyt"},"content":"","lastModifiedDate":"2025-02-05","isFullCredit":false},{"lineNumber":83,"author":{"gitId":"je-nnyt"},"content":"}","lastModifiedDate":"2025-02-05","isFullCredit":false}],"authorContributionMap":{"je-nnyt":83}},{"path":"src/main/java/koya/KoyaException.java","fileType":"java","lines":[{"lineNumber":1,"author":{"gitId":"je-nnyt"},"content":"package koya;","lastModifiedDate":"2025-02-13","isFullCredit":false},{"lineNumber":2,"author":{"gitId":"je-nnyt"},"content":"","lastModifiedDate":"2025-02-13","isFullCredit":false},{"lineNumber":3,"author":{"gitId":"je-nnyt"},"content":"public class KoyaException extends Exception {","lastModifiedDate":"2025-02-13","isFullCredit":false},{"lineNumber":4,"author":{"gitId":"je-nnyt"},"content":"    public KoyaException(String message) {","lastModifiedDate":"2025-02-13","isFullCredit":false},{"lineNumber":5,"author":{"gitId":"je-nnyt"},"content":"        super(message);","lastModifiedDate":"2025-02-13","isFullCredit":false},{"lineNumber":6,"author":{"gitId":"je-nnyt"},"content":"    }","lastModifiedDate":"2025-02-13","isFullCredit":false},{"lineNumber":7,"author":{"gitId":"je-nnyt"},"content":"}","lastModifiedDate":"2025-02-13","isFullCredit":false}],"authorContributionMap":{"je-nnyt":7}},{"path":"src/main/java/koya/Parser.java","fileType":"java","lines":[{"lineNumber":1,"author":{"gitId":"je-nnyt"},"content":"package koya;","lastModifiedDate":"2025-03-07","isFullCredit":false},{"lineNumber":2,"author":{"gitId":"je-nnyt"},"content":"","lastModifiedDate":"2025-03-07","isFullCredit":false},{"lineNumber":3,"author":{"gitId":"je-nnyt"},"content":"public class Parser {","lastModifiedDate":"2025-03-07","isFullCredit":false},{"lineNumber":4,"author":{"gitId":"je-nnyt"},"content":"    String description;","lastModifiedDate":"2025-03-07","isFullCredit":false},{"lineNumber":5,"author":{"gitId":"je-nnyt"},"content":"    String by;","lastModifiedDate":"2025-03-07","isFullCredit":false},{"lineNumber":6,"author":{"gitId":"je-nnyt"},"content":"    String from;","lastModifiedDate":"2025-03-07","isFullCredit":false},{"lineNumber":7,"author":{"gitId":"je-nnyt"},"content":"    String to;","lastModifiedDate":"2025-03-07","isFullCredit":false},{"lineNumber":8,"author":{"gitId":"je-nnyt"},"content":"","lastModifiedDate":"2025-03-07","isFullCredit":false},{"lineNumber":9,"author":{"gitId":"je-nnyt"},"content":"    public Parser() {","lastModifiedDate":"2025-03-07","isFullCredit":false},{"lineNumber":10,"author":{"gitId":"je-nnyt"},"content":"","lastModifiedDate":"2025-03-07","isFullCredit":false},{"lineNumber":11,"author":{"gitId":"je-nnyt"},"content":"    }","lastModifiedDate":"2025-03-07","isFullCredit":false},{"lineNumber":12,"author":{"gitId":"je-nnyt"},"content":"","lastModifiedDate":"2025-03-07","isFullCredit":false},{"lineNumber":13,"author":{"gitId":"je-nnyt"},"content":"    public Parser(String description, String by) {","lastModifiedDate":"2025-03-07","isFullCredit":false},{"lineNumber":14,"author":{"gitId":"je-nnyt"},"content":"        this.description \u003d description;","lastModifiedDate":"2025-03-07","isFullCredit":false},{"lineNumber":15,"author":{"gitId":"je-nnyt"},"content":"        this.by \u003d by;","lastModifiedDate":"2025-03-07","isFullCredit":false},{"lineNumber":16,"author":{"gitId":"je-nnyt"},"content":"    }","lastModifiedDate":"2025-03-07","isFullCredit":false},{"lineNumber":17,"author":{"gitId":"je-nnyt"},"content":"","lastModifiedDate":"2025-03-07","isFullCredit":false},{"lineNumber":18,"author":{"gitId":"je-nnyt"},"content":"    public Parser(String description, String from, String to) {","lastModifiedDate":"2025-03-10","isFullCredit":false},{"lineNumber":19,"author":{"gitId":"je-nnyt"},"content":"        this.description \u003d description;","lastModifiedDate":"2025-03-07","isFullCredit":false},{"lineNumber":20,"author":{"gitId":"je-nnyt"},"content":"        this.from \u003d from;","lastModifiedDate":"2025-03-07","isFullCredit":false},{"lineNumber":21,"author":{"gitId":"je-nnyt"},"content":"        this.to \u003d to;","lastModifiedDate":"2025-03-07","isFullCredit":false},{"lineNumber":22,"author":{"gitId":"je-nnyt"},"content":"    }","lastModifiedDate":"2025-03-07","isFullCredit":false},{"lineNumber":23,"author":{"gitId":"je-nnyt"},"content":"","lastModifiedDate":"2025-03-07","isFullCredit":false},{"lineNumber":24,"author":{"gitId":"je-nnyt"},"content":"    public Parser parseDeadline(String input) {","lastModifiedDate":"2025-03-07","isFullCredit":false},{"lineNumber":25,"author":{"gitId":"je-nnyt"},"content":"        int dividerPosition \u003d input.indexOf(\" /by \");","lastModifiedDate":"2025-03-07","isFullCredit":false},{"lineNumber":26,"author":{"gitId":"je-nnyt"},"content":"","lastModifiedDate":"2025-03-07","isFullCredit":false},{"lineNumber":27,"author":{"gitId":"je-nnyt"},"content":"        String description \u003d input.substring(9, dividerPosition); // 9: 8 for deadline + 1 for the space","lastModifiedDate":"2025-03-07","isFullCredit":false},{"lineNumber":28,"author":{"gitId":"je-nnyt"},"content":"        String by \u003d input.substring(dividerPosition + 5); // 5 for the number of characters in \" /by \"}","lastModifiedDate":"2025-03-07","isFullCredit":false},{"lineNumber":29,"author":{"gitId":"je-nnyt"},"content":"","lastModifiedDate":"2025-03-07","isFullCredit":false},{"lineNumber":30,"author":{"gitId":"je-nnyt"},"content":"        return new Parser(description, by);","lastModifiedDate":"2025-03-07","isFullCredit":false},{"lineNumber":31,"author":{"gitId":"je-nnyt"},"content":"    }","lastModifiedDate":"2025-03-07","isFullCredit":false},{"lineNumber":32,"author":{"gitId":"je-nnyt"},"content":"","lastModifiedDate":"2025-03-07","isFullCredit":false},{"lineNumber":33,"author":{"gitId":"je-nnyt"},"content":"    public Parser parseEvent(String input) {","lastModifiedDate":"2025-03-07","isFullCredit":false},{"lineNumber":34,"author":{"gitId":"je-nnyt"},"content":"","lastModifiedDate":"2025-03-07","isFullCredit":false},{"lineNumber":35,"author":{"gitId":"je-nnyt"},"content":"        //index to obtain description, from and to","lastModifiedDate":"2025-03-07","isFullCredit":false},{"lineNumber":36,"author":{"gitId":"je-nnyt"},"content":"        int fromDividerPosition \u003d input.indexOf(\" /from \");","lastModifiedDate":"2025-03-07","isFullCredit":false},{"lineNumber":37,"author":{"gitId":"je-nnyt"},"content":"        int toDividerPosition \u003d input.indexOf(\" /to \");","lastModifiedDate":"2025-03-07","isFullCredit":false},{"lineNumber":38,"author":{"gitId":"je-nnyt"},"content":"","lastModifiedDate":"2025-03-07","isFullCredit":false},{"lineNumber":39,"author":{"gitId":"je-nnyt"},"content":"        String description \u003d input.substring(6, fromDividerPosition);","lastModifiedDate":"2025-03-07","isFullCredit":false},{"lineNumber":40,"author":{"gitId":"je-nnyt"},"content":"        String from \u003d input.substring(fromDividerPosition + 7, toDividerPosition);","lastModifiedDate":"2025-03-07","isFullCredit":false},{"lineNumber":41,"author":{"gitId":"je-nnyt"},"content":"        String to \u003d input.substring(toDividerPosition + 5);","lastModifiedDate":"2025-03-07","isFullCredit":false},{"lineNumber":42,"author":{"gitId":"je-nnyt"},"content":"","lastModifiedDate":"2025-03-07","isFullCredit":false},{"lineNumber":43,"author":{"gitId":"je-nnyt"},"content":"        return new Parser(description, from, to);","lastModifiedDate":"2025-03-10","isFullCredit":false},{"lineNumber":44,"author":{"gitId":"je-nnyt"},"content":"    }","lastModifiedDate":"2025-03-07","isFullCredit":false},{"lineNumber":45,"author":{"gitId":"je-nnyt"},"content":"","lastModifiedDate":"2025-03-07","isFullCredit":false},{"lineNumber":46,"author":{"gitId":"je-nnyt"},"content":"","lastModifiedDate":"2025-03-07","isFullCredit":false},{"lineNumber":47,"author":{"gitId":"je-nnyt"},"content":"}","lastModifiedDate":"2025-03-07","isFullCredit":false}],"authorContributionMap":{"je-nnyt":47}},{"path":"src/main/java/koya/Storage.java","fileType":"java","lines":[{"lineNumber":1,"author":{"gitId":"je-nnyt"},"content":"package koya;","lastModifiedDate":"2025-03-06","isFullCredit":false},{"lineNumber":2,"author":{"gitId":"je-nnyt"},"content":"","lastModifiedDate":"2025-03-06","isFullCredit":false},{"lineNumber":3,"author":{"gitId":"je-nnyt"},"content":"import static koya.task.Task.loadTaskToList;","lastModifiedDate":"2025-03-06","isFullCredit":false},{"lineNumber":4,"author":{"gitId":"je-nnyt"},"content":"","lastModifiedDate":"2025-03-06","isFullCredit":false},{"lineNumber":5,"author":{"gitId":"je-nnyt"},"content":"import java.io.File;","lastModifiedDate":"2025-03-06","isFullCredit":false},{"lineNumber":6,"author":{"gitId":"je-nnyt"},"content":"import java.io.FileWriter;","lastModifiedDate":"2025-03-06","isFullCredit":false},{"lineNumber":7,"author":{"gitId":"je-nnyt"},"content":"import java.io.IOException;","lastModifiedDate":"2025-03-06","isFullCredit":false},{"lineNumber":8,"author":{"gitId":"je-nnyt"},"content":"import java.util.Scanner;","lastModifiedDate":"2025-03-06","isFullCredit":false},{"lineNumber":9,"author":{"gitId":"je-nnyt"},"content":"","lastModifiedDate":"2025-03-06","isFullCredit":false},{"lineNumber":10,"author":{"gitId":"je-nnyt"},"content":"import koya.task.Task;","lastModifiedDate":"2025-03-06","isFullCredit":false},{"lineNumber":11,"author":{"gitId":"je-nnyt"},"content":"","lastModifiedDate":"2025-03-06","isFullCredit":false},{"lineNumber":12,"author":{"gitId":"je-nnyt"},"content":"public class Storage {","lastModifiedDate":"2025-03-06","isFullCredit":false},{"lineNumber":13,"author":{"gitId":"je-nnyt"},"content":"    static final String FOLDER_PATH \u003d \"data\";","lastModifiedDate":"2025-03-06","isFullCredit":false},{"lineNumber":14,"author":{"gitId":"je-nnyt"},"content":"    static final String FILE_PATH \u003d \"./data/koya.txt\";","lastModifiedDate":"2025-03-06","isFullCredit":false},{"lineNumber":15,"author":{"gitId":"je-nnyt"},"content":"","lastModifiedDate":"2025-03-06","isFullCredit":false},{"lineNumber":16,"author":{"gitId":"je-nnyt"},"content":"    public static void updateFile() {","lastModifiedDate":"2025-03-06","isFullCredit":false},{"lineNumber":17,"author":{"gitId":"je-nnyt"},"content":"        try {","lastModifiedDate":"2025-03-06","isFullCredit":false},{"lineNumber":18,"author":{"gitId":"je-nnyt"},"content":"            rewriteFile(FILE_PATH);","lastModifiedDate":"2025-03-06","isFullCredit":false},{"lineNumber":19,"author":{"gitId":"je-nnyt"},"content":"        } catch (IOException e) {","lastModifiedDate":"2025-03-06","isFullCredit":false},{"lineNumber":20,"author":{"gitId":"je-nnyt"},"content":"            throw new RuntimeException(e);","lastModifiedDate":"2025-03-06","isFullCredit":false},{"lineNumber":21,"author":{"gitId":"je-nnyt"},"content":"        }","lastModifiedDate":"2025-03-06","isFullCredit":false},{"lineNumber":22,"author":{"gitId":"je-nnyt"},"content":"    }","lastModifiedDate":"2025-03-06","isFullCredit":false},{"lineNumber":23,"author":{"gitId":"je-nnyt"},"content":"","lastModifiedDate":"2025-03-06","isFullCredit":false},{"lineNumber":24,"author":{"gitId":"je-nnyt"},"content":"    public static void rewriteFile(String filePath) throws IOException {","lastModifiedDate":"2025-03-06","isFullCredit":false},{"lineNumber":25,"author":{"gitId":"je-nnyt"},"content":"        FileWriter fw \u003d new FileWriter(filePath);","lastModifiedDate":"2025-03-06","isFullCredit":false},{"lineNumber":26,"author":{"gitId":"je-nnyt"},"content":"        for (Task task : Koya.list) {","lastModifiedDate":"2025-03-06","isFullCredit":false},{"lineNumber":27,"author":{"gitId":"je-nnyt"},"content":"            fw.write(task.toTextFile() + \"\\n\");","lastModifiedDate":"2025-03-06","isFullCredit":false},{"lineNumber":28,"author":{"gitId":"je-nnyt"},"content":"        }","lastModifiedDate":"2025-03-06","isFullCredit":false},{"lineNumber":29,"author":{"gitId":"je-nnyt"},"content":"        fw.close();","lastModifiedDate":"2025-03-06","isFullCredit":false},{"lineNumber":30,"author":{"gitId":"je-nnyt"},"content":"    }","lastModifiedDate":"2025-03-06","isFullCredit":false},{"lineNumber":31,"author":{"gitId":"je-nnyt"},"content":"","lastModifiedDate":"2025-03-06","isFullCredit":false},{"lineNumber":32,"author":{"gitId":"je-nnyt"},"content":"    public static void appendToFile(String filePath, Task taskToAdd) throws IOException {","lastModifiedDate":"2025-03-06","isFullCredit":false},{"lineNumber":33,"author":{"gitId":"je-nnyt"},"content":"        FileWriter fw \u003d new FileWriter(filePath, true);","lastModifiedDate":"2025-03-06","isFullCredit":false},{"lineNumber":34,"author":{"gitId":"je-nnyt"},"content":"        fw.write(taskToAdd.toTextFile() + \"\\n\");","lastModifiedDate":"2025-03-06","isFullCredit":false},{"lineNumber":35,"author":{"gitId":"je-nnyt"},"content":"        fw.close();","lastModifiedDate":"2025-03-06","isFullCredit":false},{"lineNumber":36,"author":{"gitId":"je-nnyt"},"content":"    }","lastModifiedDate":"2025-03-06","isFullCredit":false},{"lineNumber":37,"author":{"gitId":"je-nnyt"},"content":"","lastModifiedDate":"2025-03-06","isFullCredit":false},{"lineNumber":38,"author":{"gitId":"je-nnyt"},"content":"    public static void createLoadFile() {","lastModifiedDate":"2025-03-06","isFullCredit":false},{"lineNumber":39,"author":{"gitId":"je-nnyt"},"content":"        File file \u003d new File(FILE_PATH);","lastModifiedDate":"2025-03-06","isFullCredit":false},{"lineNumber":40,"author":{"gitId":"je-nnyt"},"content":"        try {","lastModifiedDate":"2025-03-06","isFullCredit":false},{"lineNumber":41,"author":{"gitId":"je-nnyt"},"content":"            if (!file.exists()) {","lastModifiedDate":"2025-03-06","isFullCredit":false},{"lineNumber":42,"author":{"gitId":"je-nnyt"},"content":"                file.createNewFile();","lastModifiedDate":"2025-03-06","isFullCredit":false},{"lineNumber":43,"author":{"gitId":"je-nnyt"},"content":"            } else {","lastModifiedDate":"2025-03-06","isFullCredit":false},{"lineNumber":44,"author":{"gitId":"je-nnyt"},"content":"                Scanner s \u003d new Scanner(file);","lastModifiedDate":"2025-03-06","isFullCredit":false},{"lineNumber":45,"author":{"gitId":"je-nnyt"},"content":"                while (s.hasNextLine()) {","lastModifiedDate":"2025-03-06","isFullCredit":false},{"lineNumber":46,"author":{"gitId":"je-nnyt"},"content":"                    String line \u003d s.nextLine().trim();","lastModifiedDate":"2025-03-06","isFullCredit":false},{"lineNumber":47,"author":{"gitId":"je-nnyt"},"content":"                    if (line.isEmpty()) {","lastModifiedDate":"2025-03-06","isFullCredit":false},{"lineNumber":48,"author":{"gitId":"je-nnyt"},"content":"                        continue;","lastModifiedDate":"2025-03-06","isFullCredit":false},{"lineNumber":49,"author":{"gitId":"je-nnyt"},"content":"                    }","lastModifiedDate":"2025-03-06","isFullCredit":false},{"lineNumber":50,"author":{"gitId":"je-nnyt"},"content":"                    Koya.list.add(loadTaskToList(line));","lastModifiedDate":"2025-03-06","isFullCredit":false},{"lineNumber":51,"author":{"gitId":"je-nnyt"},"content":"                    Koya.taskCount++;","lastModifiedDate":"2025-03-06","isFullCredit":false},{"lineNumber":52,"author":{"gitId":"je-nnyt"},"content":"                }","lastModifiedDate":"2025-03-06","isFullCredit":false},{"lineNumber":53,"author":{"gitId":"je-nnyt"},"content":"            }","lastModifiedDate":"2025-03-06","isFullCredit":false},{"lineNumber":54,"author":{"gitId":"je-nnyt"},"content":"        } catch (IOException e) {","lastModifiedDate":"2025-03-06","isFullCredit":false},{"lineNumber":55,"author":{"gitId":"je-nnyt"},"content":"            throw new RuntimeException(e);","lastModifiedDate":"2025-03-06","isFullCredit":false},{"lineNumber":56,"author":{"gitId":"je-nnyt"},"content":"        }","lastModifiedDate":"2025-03-06","isFullCredit":false},{"lineNumber":57,"author":{"gitId":"je-nnyt"},"content":"    }","lastModifiedDate":"2025-03-06","isFullCredit":false},{"lineNumber":58,"author":{"gitId":"je-nnyt"},"content":"","lastModifiedDate":"2025-03-06","isFullCredit":false},{"lineNumber":59,"author":{"gitId":"je-nnyt"},"content":"    public static void checkFolderExists() {","lastModifiedDate":"2025-03-06","isFullCredit":false},{"lineNumber":60,"author":{"gitId":"je-nnyt"},"content":"        File folder \u003d new File(FOLDER_PATH);","lastModifiedDate":"2025-03-06","isFullCredit":false},{"lineNumber":61,"author":{"gitId":"je-nnyt"},"content":"        try {","lastModifiedDate":"2025-03-06","isFullCredit":false},{"lineNumber":62,"author":{"gitId":"je-nnyt"},"content":"            if (!folder.exists()) {","lastModifiedDate":"2025-03-06","isFullCredit":false},{"lineNumber":63,"author":{"gitId":"je-nnyt"},"content":"                folder.mkdirs();","lastModifiedDate":"2025-03-06","isFullCredit":false},{"lineNumber":64,"author":{"gitId":"je-nnyt"},"content":"            }","lastModifiedDate":"2025-03-06","isFullCredit":false},{"lineNumber":65,"author":{"gitId":"je-nnyt"},"content":"        } catch (Exception e) {","lastModifiedDate":"2025-03-06","isFullCredit":false},{"lineNumber":66,"author":{"gitId":"je-nnyt"},"content":"            throw new RuntimeException(e);","lastModifiedDate":"2025-03-06","isFullCredit":false},{"lineNumber":67,"author":{"gitId":"je-nnyt"},"content":"        }","lastModifiedDate":"2025-03-06","isFullCredit":false},{"lineNumber":68,"author":{"gitId":"je-nnyt"},"content":"    }","lastModifiedDate":"2025-03-06","isFullCredit":false},{"lineNumber":69,"author":{"gitId":"je-nnyt"},"content":"}","lastModifiedDate":"2025-03-06","isFullCredit":false}],"authorContributionMap":{"je-nnyt":69}},{"path":"src/main/java/koya/TaskList.java","fileType":"java","lines":[{"lineNumber":1,"author":{"gitId":"je-nnyt"},"content":"package koya;","lastModifiedDate":"2025-03-06","isFullCredit":false},{"lineNumber":2,"author":{"gitId":"je-nnyt"},"content":"","lastModifiedDate":"2025-03-06","isFullCredit":false},{"lineNumber":3,"author":{"gitId":"je-nnyt"},"content":"import java.util.ArrayList;","lastModifiedDate":"2025-03-06","isFullCredit":false},{"lineNumber":4,"author":{"gitId":"je-nnyt"},"content":"","lastModifiedDate":"2025-03-06","isFullCredit":false},{"lineNumber":5,"author":{"gitId":"je-nnyt"},"content":"import koya.task.Deadline;","lastModifiedDate":"2025-03-06","isFullCredit":false},{"lineNumber":6,"author":{"gitId":"je-nnyt"},"content":"import koya.task.Event;","lastModifiedDate":"2025-03-06","isFullCredit":false},{"lineNumber":7,"author":{"gitId":"je-nnyt"},"content":"import koya.task.Task;","lastModifiedDate":"2025-03-06","isFullCredit":false},{"lineNumber":8,"author":{"gitId":"je-nnyt"},"content":"import koya.task.ToDo;","lastModifiedDate":"2025-03-06","isFullCredit":false},{"lineNumber":9,"author":{"gitId":"je-nnyt"},"content":"","lastModifiedDate":"2025-03-06","isFullCredit":false},{"lineNumber":10,"author":{"gitId":"je-nnyt"},"content":"/**","lastModifiedDate":"2025-03-07","isFullCredit":false},{"lineNumber":11,"author":{"gitId":"je-nnyt"},"content":" * Contains all methods relevant to the tasks in a list, such as adding a Deadline, ToDo and Event","lastModifiedDate":"2025-03-07","isFullCredit":false},{"lineNumber":12,"author":{"gitId":"je-nnyt"},"content":" * to the list of task. It also allows to remove a task from the list, to list all the tasks","lastModifiedDate":"2025-03-07","isFullCredit":false},{"lineNumber":13,"author":{"gitId":"je-nnyt"},"content":" * and to retrieve the associated task\u0027s index.","lastModifiedDate":"2025-03-07","isFullCredit":false},{"lineNumber":14,"author":{"gitId":"je-nnyt"},"content":" */","lastModifiedDate":"2025-03-07","isFullCredit":false},{"lineNumber":15,"author":{"gitId":"je-nnyt"},"content":"public class TaskList {","lastModifiedDate":"2025-03-06","isFullCredit":false},{"lineNumber":16,"author":{"gitId":"je-nnyt"},"content":"    public static void addToListDeadline(String description, String by) {","lastModifiedDate":"2025-03-06","isFullCredit":false},{"lineNumber":17,"author":{"gitId":"je-nnyt"},"content":"        Koya.list.add(new Deadline(description, by));","lastModifiedDate":"2025-03-06","isFullCredit":false},{"lineNumber":18,"author":{"gitId":"je-nnyt"},"content":"        try {","lastModifiedDate":"2025-03-06","isFullCredit":false},{"lineNumber":19,"author":{"gitId":"je-nnyt"},"content":"            Storage.appendToFile(Storage.FILE_PATH, Koya.list.get(Koya.taskCount));","lastModifiedDate":"2025-03-06","isFullCredit":false},{"lineNumber":20,"author":{"gitId":"je-nnyt"},"content":"        } catch (Exception e) {","lastModifiedDate":"2025-03-06","isFullCredit":false},{"lineNumber":21,"author":{"gitId":"je-nnyt"},"content":"            throw new RuntimeException(e);","lastModifiedDate":"2025-03-06","isFullCredit":false},{"lineNumber":22,"author":{"gitId":"je-nnyt"},"content":"        }","lastModifiedDate":"2025-03-06","isFullCredit":false},{"lineNumber":23,"author":{"gitId":"je-nnyt"},"content":"    }","lastModifiedDate":"2025-03-06","isFullCredit":false},{"lineNumber":24,"author":{"gitId":"je-nnyt"},"content":"","lastModifiedDate":"2025-03-06","isFullCredit":false},{"lineNumber":25,"author":{"gitId":"je-nnyt"},"content":"    public static void removeTask(int taskIndex) {","lastModifiedDate":"2025-03-06","isFullCredit":false},{"lineNumber":26,"author":{"gitId":"je-nnyt"},"content":"        Task removedTask \u003d Koya.list.remove(taskIndex);","lastModifiedDate":"2025-03-06","isFullCredit":false},{"lineNumber":27,"author":{"gitId":"je-nnyt"},"content":"        Koya.taskCount--;","lastModifiedDate":"2025-03-06","isFullCredit":false},{"lineNumber":28,"author":{"gitId":"je-nnyt"},"content":"        Ui.confirmRemoveTask(removedTask);","lastModifiedDate":"2025-03-06","isFullCredit":false},{"lineNumber":29,"author":{"gitId":"je-nnyt"},"content":"        Storage.updateFile();","lastModifiedDate":"2025-03-06","isFullCredit":false},{"lineNumber":30,"author":{"gitId":"je-nnyt"},"content":"    }","lastModifiedDate":"2025-03-06","isFullCredit":false},{"lineNumber":31,"author":{"gitId":"je-nnyt"},"content":"","lastModifiedDate":"2025-03-06","isFullCredit":false},{"lineNumber":32,"author":{"gitId":"je-nnyt"},"content":"    public static void listTasks(ArrayList\u003cTask\u003e list) {","lastModifiedDate":"2025-03-06","isFullCredit":false},{"lineNumber":33,"author":{"gitId":"je-nnyt"},"content":"        int taskIndex \u003d 0;","lastModifiedDate":"2025-03-06","isFullCredit":false},{"lineNumber":34,"author":{"gitId":"je-nnyt"},"content":"        for (Task task : list) {","lastModifiedDate":"2025-03-06","isFullCredit":false},{"lineNumber":35,"author":{"gitId":"je-nnyt"},"content":"            System.out.println((taskIndex + 1) + \". \" + \" \" + list.get(taskIndex));","lastModifiedDate":"2025-03-06","isFullCredit":false},{"lineNumber":36,"author":{"gitId":"je-nnyt"},"content":"            taskIndex++;","lastModifiedDate":"2025-03-06","isFullCredit":false},{"lineNumber":37,"author":{"gitId":"je-nnyt"},"content":"        }","lastModifiedDate":"2025-03-06","isFullCredit":false},{"lineNumber":38,"author":{"gitId":"je-nnyt"},"content":"    }","lastModifiedDate":"2025-03-06","isFullCredit":false},{"lineNumber":39,"author":{"gitId":"je-nnyt"},"content":"","lastModifiedDate":"2025-03-06","isFullCredit":false},{"lineNumber":40,"author":{"gitId":"je-nnyt"},"content":"    public static void addToListToDo(String input) {","lastModifiedDate":"2025-03-06","isFullCredit":false},{"lineNumber":41,"author":{"gitId":"je-nnyt"},"content":"        String description \u003d input.substring(5);","lastModifiedDate":"2025-03-06","isFullCredit":false},{"lineNumber":42,"author":{"gitId":"je-nnyt"},"content":"        Koya.list.add(new ToDo(description));","lastModifiedDate":"2025-03-06","isFullCredit":false},{"lineNumber":43,"author":{"gitId":"je-nnyt"},"content":"        try {","lastModifiedDate":"2025-03-06","isFullCredit":false},{"lineNumber":44,"author":{"gitId":"je-nnyt"},"content":"            Storage.appendToFile(Storage.FILE_PATH, Koya.list.get(Koya.taskCount));","lastModifiedDate":"2025-03-06","isFullCredit":false},{"lineNumber":45,"author":{"gitId":"je-nnyt"},"content":"        } catch (Exception e) {","lastModifiedDate":"2025-03-06","isFullCredit":false},{"lineNumber":46,"author":{"gitId":"je-nnyt"},"content":"            throw new RuntimeException(e);","lastModifiedDate":"2025-03-06","isFullCredit":false},{"lineNumber":47,"author":{"gitId":"je-nnyt"},"content":"        }","lastModifiedDate":"2025-03-06","isFullCredit":false},{"lineNumber":48,"author":{"gitId":"je-nnyt"},"content":"    }","lastModifiedDate":"2025-03-06","isFullCredit":false},{"lineNumber":49,"author":{"gitId":"je-nnyt"},"content":"","lastModifiedDate":"2025-03-06","isFullCredit":false},{"lineNumber":50,"author":{"gitId":"je-nnyt"},"content":"    public static int getTaskIndex(String input) {","lastModifiedDate":"2025-03-06","isFullCredit":false},{"lineNumber":51,"author":{"gitId":"je-nnyt"},"content":"        //indexes to obtain number next to delete","lastModifiedDate":"2025-03-06","isFullCredit":false},{"lineNumber":52,"author":{"gitId":"je-nnyt"},"content":"        int spaceIndex \u003d input.indexOf(\" \");","lastModifiedDate":"2025-03-06","isFullCredit":false},{"lineNumber":53,"author":{"gitId":"je-nnyt"},"content":"        int taskIndex \u003d Integer.parseInt(input.substring(spaceIndex + 1)) - 1;","lastModifiedDate":"2025-03-06","isFullCredit":false},{"lineNumber":54,"author":{"gitId":"je-nnyt"},"content":"        //-1 to adjust for zero-based index array (e.g. mark 2 should be at index 1 in the array)","lastModifiedDate":"2025-03-06","isFullCredit":false},{"lineNumber":55,"author":{"gitId":"je-nnyt"},"content":"        return taskIndex;","lastModifiedDate":"2025-03-06","isFullCredit":false},{"lineNumber":56,"author":{"gitId":"je-nnyt"},"content":"    }","lastModifiedDate":"2025-03-06","isFullCredit":false},{"lineNumber":57,"author":{"gitId":"je-nnyt"},"content":"","lastModifiedDate":"2025-03-06","isFullCredit":false},{"lineNumber":58,"author":{"gitId":"je-nnyt"},"content":"    public static void addToListEvent(String description, String from, String to) {","lastModifiedDate":"2025-03-06","isFullCredit":false},{"lineNumber":59,"author":{"gitId":"je-nnyt"},"content":"        Koya.list.add(new Event(description, from, to));","lastModifiedDate":"2025-03-06","isFullCredit":false},{"lineNumber":60,"author":{"gitId":"je-nnyt"},"content":"        try {","lastModifiedDate":"2025-03-06","isFullCredit":false},{"lineNumber":61,"author":{"gitId":"je-nnyt"},"content":"            Storage.appendToFile(Storage.FILE_PATH, Koya.list.get(Koya.taskCount));","lastModifiedDate":"2025-03-06","isFullCredit":false},{"lineNumber":62,"author":{"gitId":"je-nnyt"},"content":"        } catch (Exception e) {","lastModifiedDate":"2025-03-06","isFullCredit":false},{"lineNumber":63,"author":{"gitId":"je-nnyt"},"content":"            throw new RuntimeException(e);","lastModifiedDate":"2025-03-06","isFullCredit":false},{"lineNumber":64,"author":{"gitId":"je-nnyt"},"content":"        }","lastModifiedDate":"2025-03-06","isFullCredit":false},{"lineNumber":65,"author":{"gitId":"je-nnyt"},"content":"    }","lastModifiedDate":"2025-03-06","isFullCredit":false},{"lineNumber":66,"author":{"gitId":"je-nnyt"},"content":"","lastModifiedDate":"2025-03-07","isFullCredit":false},{"lineNumber":67,"author":{"gitId":"je-nnyt"},"content":"    public static void findMatchingTask(String input) {","lastModifiedDate":"2025-03-07","isFullCredit":false},{"lineNumber":68,"author":{"gitId":"je-nnyt"},"content":"        int findDividerPosition \u003d 5; //find takes 5 char","lastModifiedDate":"2025-03-07","isFullCredit":false},{"lineNumber":69,"author":{"gitId":"je-nnyt"},"content":"        ArrayList\u003cTask\u003e matchingTaskList \u003d new ArrayList\u003c\u003e();","lastModifiedDate":"2025-03-07","isFullCredit":false},{"lineNumber":70,"author":{"gitId":"je-nnyt"},"content":"","lastModifiedDate":"2025-03-10","isFullCredit":false},{"lineNumber":71,"author":{"gitId":"je-nnyt"},"content":"        for (Task task : Koya.list) {","lastModifiedDate":"2025-03-07","isFullCredit":false},{"lineNumber":72,"author":{"gitId":"je-nnyt"},"content":"            String[] taskDescriptionSplit \u003d task.getDescription().split(\" \");","lastModifiedDate":"2025-03-10","isFullCredit":false},{"lineNumber":73,"author":{"gitId":"je-nnyt"},"content":"            for (String words : taskDescriptionSplit) {","lastModifiedDate":"2025-03-10","isFullCredit":false},{"lineNumber":74,"author":{"gitId":"je-nnyt"},"content":"                if (words.equals(input.substring(findDividerPosition))) {","lastModifiedDate":"2025-03-10","isFullCredit":false},{"lineNumber":75,"author":{"gitId":"je-nnyt"},"content":"                    matchingTaskList.add(task);","lastModifiedDate":"2025-03-07","isFullCredit":false},{"lineNumber":76,"author":{"gitId":"je-nnyt"},"content":"                }","lastModifiedDate":"2025-03-07","isFullCredit":false},{"lineNumber":77,"author":{"gitId":"je-nnyt"},"content":"            }","lastModifiedDate":"2025-03-07","isFullCredit":false},{"lineNumber":78,"author":{"gitId":"je-nnyt"},"content":"        }","lastModifiedDate":"2025-03-10","isFullCredit":false},{"lineNumber":79,"author":{"gitId":"je-nnyt"},"content":"        if (matchingTaskList.size() \u003e 0) {","lastModifiedDate":"2025-03-07","isFullCredit":false},{"lineNumber":80,"author":{"gitId":"je-nnyt"},"content":"            System.out.println(\"Here are the matching tasks in your list:\");","lastModifiedDate":"2025-03-07","isFullCredit":false},{"lineNumber":81,"author":{"gitId":"je-nnyt"},"content":"            listTasks(matchingTaskList);","lastModifiedDate":"2025-03-07","isFullCredit":false},{"lineNumber":82,"author":{"gitId":"je-nnyt"},"content":"        } else {","lastModifiedDate":"2025-03-07","isFullCredit":false},{"lineNumber":83,"author":{"gitId":"je-nnyt"},"content":"            System.out.println(\"No matching tasks in your list.\");","lastModifiedDate":"2025-03-07","isFullCredit":false},{"lineNumber":84,"author":{"gitId":"je-nnyt"},"content":"        }","lastModifiedDate":"2025-03-07","isFullCredit":false},{"lineNumber":85,"author":{"gitId":"je-nnyt"},"content":"","lastModifiedDate":"2025-03-07","isFullCredit":false},{"lineNumber":86,"author":{"gitId":"je-nnyt"},"content":"    }","lastModifiedDate":"2025-03-07","isFullCredit":false},{"lineNumber":87,"author":{"gitId":"je-nnyt"},"content":"}","lastModifiedDate":"2025-03-06","isFullCredit":false}],"authorContributionMap":{"je-nnyt":87}},{"path":"src/main/java/koya/Ui.java","fileType":"java","lines":[{"lineNumber":1,"author":{"gitId":"je-nnyt"},"content":"package koya;","lastModifiedDate":"2025-03-06","isFullCredit":false},{"lineNumber":2,"author":{"gitId":"je-nnyt"},"content":"","lastModifiedDate":"2025-03-06","isFullCredit":false},{"lineNumber":3,"author":{"gitId":"je-nnyt"},"content":"import java.util.ArrayList;","lastModifiedDate":"2025-03-06","isFullCredit":false},{"lineNumber":4,"author":{"gitId":"je-nnyt"},"content":"","lastModifiedDate":"2025-03-06","isFullCredit":false},{"lineNumber":5,"author":{"gitId":"je-nnyt"},"content":"import koya.task.Task;","lastModifiedDate":"2025-03-06","isFullCredit":false},{"lineNumber":6,"author":{"gitId":"je-nnyt"},"content":"","lastModifiedDate":"2025-03-06","isFullCredit":false},{"lineNumber":7,"author":{"gitId":"je-nnyt"},"content":"/**","lastModifiedDate":"2025-03-07","isFullCredit":false},{"lineNumber":8,"author":{"gitId":"je-nnyt"},"content":" * \u003ccode\u003eUi\u003c/code\u003e contains all methods that interacts with the user such as","lastModifiedDate":"2025-03-07","isFullCredit":false},{"lineNumber":9,"author":{"gitId":"je-nnyt"},"content":" * printing the intro and the outro message, confirms that a task has been added and removed,","lastModifiedDate":"2025-03-07","isFullCredit":false},{"lineNumber":10,"author":{"gitId":"je-nnyt"},"content":" * and confirms that a task has been marked as done.","lastModifiedDate":"2025-03-07","isFullCredit":false},{"lineNumber":11,"author":{"gitId":"je-nnyt"},"content":" */","lastModifiedDate":"2025-03-07","isFullCredit":false},{"lineNumber":12,"author":{"gitId":"je-nnyt"},"content":"public class Ui {","lastModifiedDate":"2025-03-06","isFullCredit":false},{"lineNumber":13,"author":{"gitId":"je-nnyt"},"content":"    public static void confirmRemoveTask(Task removedTask) {","lastModifiedDate":"2025-03-06","isFullCredit":false},{"lineNumber":14,"author":{"gitId":"je-nnyt"},"content":"        System.out.println(\"Noted! I\u0027ve removed this task:\");","lastModifiedDate":"2025-03-06","isFullCredit":false},{"lineNumber":15,"author":{"gitId":"je-nnyt"},"content":"        System.out.println(\" \" + removedTask.toString());","lastModifiedDate":"2025-03-06","isFullCredit":false},{"lineNumber":16,"author":{"gitId":"je-nnyt"},"content":"        System.out.println(\"You only have \" + Koya.taskCount + \" tasks in your list\");","lastModifiedDate":"2025-03-06","isFullCredit":false},{"lineNumber":17,"author":{"gitId":"je-nnyt"},"content":"    }","lastModifiedDate":"2025-03-06","isFullCredit":false},{"lineNumber":18,"author":{"gitId":"je-nnyt"},"content":"","lastModifiedDate":"2025-03-06","isFullCredit":false},{"lineNumber":19,"author":{"gitId":"je-nnyt"},"content":"    public static void printIntroMessage() {","lastModifiedDate":"2025-03-06","isFullCredit":false},{"lineNumber":20,"author":{"gitId":"je-nnyt"},"content":"        System.out.println(\"Hello! I\u0027m Koya\");","lastModifiedDate":"2025-03-06","isFullCredit":false},{"lineNumber":21,"author":{"gitId":"je-nnyt"},"content":"        System.out.println(\"What can I do for you?\");","lastModifiedDate":"2025-03-06","isFullCredit":false},{"lineNumber":22,"author":{"gitId":"je-nnyt"},"content":"    }","lastModifiedDate":"2025-03-06","isFullCredit":false},{"lineNumber":23,"author":{"gitId":"je-nnyt"},"content":"","lastModifiedDate":"2025-03-06","isFullCredit":false},{"lineNumber":24,"author":{"gitId":"je-nnyt"},"content":"    public static void confirmMarkDone(Task task) {","lastModifiedDate":"2025-03-06","isFullCredit":false},{"lineNumber":25,"author":{"gitId":"je-nnyt"},"content":"        System.out.println(\"Nice! I\u0027ve marked this as done:\");","lastModifiedDate":"2025-03-06","isFullCredit":false},{"lineNumber":26,"author":{"gitId":"je-nnyt"},"content":"        System.out.println(task.toString());","lastModifiedDate":"2025-03-06","isFullCredit":false},{"lineNumber":27,"author":{"gitId":"je-nnyt"},"content":"    }","lastModifiedDate":"2025-03-06","isFullCredit":false},{"lineNumber":28,"author":{"gitId":"je-nnyt"},"content":"","lastModifiedDate":"2025-03-06","isFullCredit":false},{"lineNumber":29,"author":{"gitId":"je-nnyt"},"content":"    public static void confirmAddTask(ArrayList\u003cTask\u003e list) {","lastModifiedDate":"2025-03-06","isFullCredit":false},{"lineNumber":30,"author":{"gitId":"je-nnyt"},"content":"        System.out.println(\"Got it. I\u0027ve added this task:\");","lastModifiedDate":"2025-03-06","isFullCredit":false},{"lineNumber":31,"author":{"gitId":"je-nnyt"},"content":"        System.out.println(\" \" + list.get(Koya.taskCount).toString());","lastModifiedDate":"2025-03-06","isFullCredit":false},{"lineNumber":32,"author":{"gitId":"je-nnyt"},"content":"        Koya.taskCount++;","lastModifiedDate":"2025-03-06","isFullCredit":false},{"lineNumber":33,"author":{"gitId":"je-nnyt"},"content":"        System.out.println(\"Now you have \" + Koya.taskCount + \" tasks in the list.\");","lastModifiedDate":"2025-03-06","isFullCredit":false},{"lineNumber":34,"author":{"gitId":"je-nnyt"},"content":"    }","lastModifiedDate":"2025-03-06","isFullCredit":false},{"lineNumber":35,"author":{"gitId":"je-nnyt"},"content":"","lastModifiedDate":"2025-03-07","isFullCredit":false},{"lineNumber":36,"author":{"gitId":"je-nnyt"},"content":"    static void goodbyeMessage() {","lastModifiedDate":"2025-03-07","isFullCredit":false},{"lineNumber":37,"author":{"gitId":"je-nnyt"},"content":"        System.out.println(\"Bye Bye! See you soon!\");","lastModifiedDate":"2025-03-07","isFullCredit":false},{"lineNumber":38,"author":{"gitId":"je-nnyt"},"content":"    }","lastModifiedDate":"2025-03-07","isFullCredit":false},{"lineNumber":39,"author":{"gitId":"je-nnyt"},"content":"}","lastModifiedDate":"2025-03-06","isFullCredit":false}],"authorContributionMap":{"je-nnyt":39}},{"path":"src/main/java/koya/task/Deadline.java","fileType":"java","lines":[{"lineNumber":1,"author":{"gitId":"je-nnyt"},"content":"package koya.task;","lastModifiedDate":"2025-02-13","isFullCredit":false},{"lineNumber":2,"author":{"gitId":"je-nnyt"},"content":"","lastModifiedDate":"2025-02-06","isFullCredit":false},{"lineNumber":3,"author":{"gitId":"je-nnyt"},"content":"import java.util.ArrayList;","lastModifiedDate":"2025-03-10","isFullCredit":false},{"lineNumber":4,"author":{"gitId":"je-nnyt"},"content":"","lastModifiedDate":"2025-03-10","isFullCredit":false},{"lineNumber":5,"author":{"gitId":"je-nnyt"},"content":"/**","lastModifiedDate":"2025-03-07","isFullCredit":false},{"lineNumber":6,"author":{"gitId":"je-nnyt"},"content":" * Represents a deadline task. A \u003ccode\u003eDeadline\u003c/code\u003e object","lastModifiedDate":"2025-03-07","isFullCredit":false},{"lineNumber":7,"author":{"gitId":"je-nnyt"},"content":" * contains a description and the date and/or time by which it should be completed","lastModifiedDate":"2025-03-07","isFullCredit":false},{"lineNumber":8,"author":{"gitId":"je-nnyt"},"content":" * e.g., \u003ccode\u003edeadline by Monday 3PM\u003c/code\u003e","lastModifiedDate":"2025-03-07","isFullCredit":false},{"lineNumber":9,"author":{"gitId":"je-nnyt"},"content":" */","lastModifiedDate":"2025-03-07","isFullCredit":false},{"lineNumber":10,"author":{"gitId":"je-nnyt"},"content":"public class Deadline extends Task {","lastModifiedDate":"2025-02-06","isFullCredit":false},{"lineNumber":11,"author":{"gitId":"je-nnyt"},"content":"","lastModifiedDate":"2025-02-06","isFullCredit":false},{"lineNumber":12,"author":{"gitId":"je-nnyt"},"content":"    protected String by;","lastModifiedDate":"2025-02-06","isFullCredit":false},{"lineNumber":13,"author":{"gitId":"je-nnyt"},"content":"","lastModifiedDate":"2025-02-06","isFullCredit":false},{"lineNumber":14,"author":{"gitId":"je-nnyt"},"content":"    public Deadline(String description, String by) {","lastModifiedDate":"2025-02-06","isFullCredit":false},{"lineNumber":15,"author":{"gitId":"je-nnyt"},"content":"        super(description);","lastModifiedDate":"2025-02-06","isFullCredit":false},{"lineNumber":16,"author":{"gitId":"je-nnyt"},"content":"        this.by \u003d by;","lastModifiedDate":"2025-02-06","isFullCredit":false},{"lineNumber":17,"author":{"gitId":"je-nnyt"},"content":"    }","lastModifiedDate":"2025-02-06","isFullCredit":false},{"lineNumber":18,"author":{"gitId":"je-nnyt"},"content":"","lastModifiedDate":"2025-02-06","isFullCredit":false},{"lineNumber":19,"author":{"gitId":"je-nnyt"},"content":"    public Deadline(String description, String byDeadline, Boolean isTaskDone) {","lastModifiedDate":"2025-02-20","isFullCredit":false},{"lineNumber":20,"author":{"gitId":"je-nnyt"},"content":"        super(description);","lastModifiedDate":"2025-02-20","isFullCredit":false},{"lineNumber":21,"author":{"gitId":"je-nnyt"},"content":"        this.by \u003d byDeadline;","lastModifiedDate":"2025-02-20","isFullCredit":false},{"lineNumber":22,"author":{"gitId":"je-nnyt"},"content":"        this.isDone \u003d isTaskDone;","lastModifiedDate":"2025-02-20","isFullCredit":false},{"lineNumber":23,"author":{"gitId":"je-nnyt"},"content":"    }","lastModifiedDate":"2025-02-20","isFullCredit":false},{"lineNumber":24,"author":{"gitId":"je-nnyt"},"content":"","lastModifiedDate":"2025-02-20","isFullCredit":false},{"lineNumber":25,"author":{"gitId":"je-nnyt"},"content":"    @Override","lastModifiedDate":"2025-02-06","isFullCredit":false},{"lineNumber":26,"author":{"gitId":"je-nnyt"},"content":"    public String getTaskTypeIcon() {","lastModifiedDate":"2025-02-06","isFullCredit":false},{"lineNumber":27,"author":{"gitId":"je-nnyt"},"content":"        return \"D\";","lastModifiedDate":"2025-02-20","isFullCredit":false},{"lineNumber":28,"author":{"gitId":"je-nnyt"},"content":"    }","lastModifiedDate":"2025-02-06","isFullCredit":false},{"lineNumber":29,"author":{"gitId":"je-nnyt"},"content":"","lastModifiedDate":"2025-02-06","isFullCredit":false},{"lineNumber":30,"author":{"gitId":"je-nnyt"},"content":"    @Override","lastModifiedDate":"2025-02-06","isFullCredit":false},{"lineNumber":31,"author":{"gitId":"je-nnyt"},"content":"    public String toString() {","lastModifiedDate":"2025-02-06","isFullCredit":false},{"lineNumber":32,"author":{"gitId":"je-nnyt"},"content":"        return super.toString() + \" (by: \" + by + \")\";","lastModifiedDate":"2025-02-06","isFullCredit":false},{"lineNumber":33,"author":{"gitId":"je-nnyt"},"content":"    }","lastModifiedDate":"2025-02-06","isFullCredit":false},{"lineNumber":34,"author":{"gitId":"je-nnyt"},"content":"","lastModifiedDate":"2025-02-06","isFullCredit":false},{"lineNumber":35,"author":{"gitId":"je-nnyt"},"content":"    @Override","lastModifiedDate":"2025-02-20","isFullCredit":false},{"lineNumber":36,"author":{"gitId":"je-nnyt"},"content":"    public String toTextFile() {","lastModifiedDate":"2025-02-20","isFullCredit":false},{"lineNumber":37,"author":{"gitId":"je-nnyt"},"content":"        return super.toTextFile() + \" | \" + by;","lastModifiedDate":"2025-02-20","isFullCredit":false},{"lineNumber":38,"author":{"gitId":"je-nnyt"},"content":"    }","lastModifiedDate":"2025-02-20","isFullCredit":false},{"lineNumber":39,"author":{"gitId":"je-nnyt"},"content":"}","lastModifiedDate":"2025-02-06","isFullCredit":false}],"authorContributionMap":{"je-nnyt":39}},{"path":"src/main/java/koya/task/Event.java","fileType":"java","lines":[{"lineNumber":1,"author":{"gitId":"je-nnyt"},"content":"package koya.task;","lastModifiedDate":"2025-02-13","isFullCredit":false},{"lineNumber":2,"author":{"gitId":"je-nnyt"},"content":"","lastModifiedDate":"2025-02-06","isFullCredit":false},{"lineNumber":3,"author":{"gitId":"je-nnyt"},"content":"/**","lastModifiedDate":"2025-03-07","isFullCredit":false},{"lineNumber":4,"author":{"gitId":"je-nnyt"},"content":" * Represents an Event task. An \u003ccode\u003eEvent\u003c/code\u003e object","lastModifiedDate":"2025-03-07","isFullCredit":false},{"lineNumber":5,"author":{"gitId":"je-nnyt"},"content":" * contains a description and the duration from its starting to its ending time","lastModifiedDate":"2025-03-07","isFullCredit":false},{"lineNumber":6,"author":{"gitId":"je-nnyt"},"content":" * e.g., \u003ccode\u003eevent from Monday 3PM to 5pm","lastModifiedDate":"2025-03-07","isFullCredit":false},{"lineNumber":7,"author":{"gitId":"je-nnyt"},"content":" */","lastModifiedDate":"2025-03-07","isFullCredit":false},{"lineNumber":8,"author":{"gitId":"je-nnyt"},"content":"public class Event extends Task {","lastModifiedDate":"2025-02-06","isFullCredit":false},{"lineNumber":9,"author":{"gitId":"je-nnyt"},"content":"","lastModifiedDate":"2025-02-06","isFullCredit":false},{"lineNumber":10,"author":{"gitId":"je-nnyt"},"content":"    protected String from;","lastModifiedDate":"2025-02-06","isFullCredit":false},{"lineNumber":11,"author":{"gitId":"je-nnyt"},"content":"    protected String to;","lastModifiedDate":"2025-02-06","isFullCredit":false},{"lineNumber":12,"author":{"gitId":"je-nnyt"},"content":"","lastModifiedDate":"2025-02-06","isFullCredit":false},{"lineNumber":13,"author":{"gitId":"je-nnyt"},"content":"    public Event(String description, String from, String to) {","lastModifiedDate":"2025-02-06","isFullCredit":false},{"lineNumber":14,"author":{"gitId":"je-nnyt"},"content":"        super(description);","lastModifiedDate":"2025-02-06","isFullCredit":false},{"lineNumber":15,"author":{"gitId":"je-nnyt"},"content":"        this.from \u003d from;","lastModifiedDate":"2025-02-06","isFullCredit":false},{"lineNumber":16,"author":{"gitId":"je-nnyt"},"content":"        this.to \u003d to;","lastModifiedDate":"2025-02-06","isFullCredit":false},{"lineNumber":17,"author":{"gitId":"je-nnyt"},"content":"    }","lastModifiedDate":"2025-02-06","isFullCredit":false},{"lineNumber":18,"author":{"gitId":"je-nnyt"},"content":"","lastModifiedDate":"2025-02-06","isFullCredit":false},{"lineNumber":19,"author":{"gitId":"je-nnyt"},"content":"    public Event(String description, String from, String to, Boolean isEventDone) {","lastModifiedDate":"2025-02-20","isFullCredit":false},{"lineNumber":20,"author":{"gitId":"je-nnyt"},"content":"        super(description);","lastModifiedDate":"2025-02-20","isFullCredit":false},{"lineNumber":21,"author":{"gitId":"je-nnyt"},"content":"        this.from \u003d from;","lastModifiedDate":"2025-02-20","isFullCredit":false},{"lineNumber":22,"author":{"gitId":"je-nnyt"},"content":"        this.to \u003d to;","lastModifiedDate":"2025-02-20","isFullCredit":false},{"lineNumber":23,"author":{"gitId":"je-nnyt"},"content":"        this.isDone \u003d isEventDone;","lastModifiedDate":"2025-02-20","isFullCredit":false},{"lineNumber":24,"author":{"gitId":"je-nnyt"},"content":"    }","lastModifiedDate":"2025-02-20","isFullCredit":false},{"lineNumber":25,"author":{"gitId":"je-nnyt"},"content":"","lastModifiedDate":"2025-02-20","isFullCredit":false},{"lineNumber":26,"author":{"gitId":"je-nnyt"},"content":"    @Override","lastModifiedDate":"2025-02-06","isFullCredit":false},{"lineNumber":27,"author":{"gitId":"je-nnyt"},"content":"    public String getTaskTypeIcon() {","lastModifiedDate":"2025-02-06","isFullCredit":false},{"lineNumber":28,"author":{"gitId":"je-nnyt"},"content":"        return \"E\";","lastModifiedDate":"2025-02-20","isFullCredit":false},{"lineNumber":29,"author":{"gitId":"je-nnyt"},"content":"    }","lastModifiedDate":"2025-02-06","isFullCredit":false},{"lineNumber":30,"author":{"gitId":"je-nnyt"},"content":"","lastModifiedDate":"2025-02-06","isFullCredit":false},{"lineNumber":31,"author":{"gitId":"je-nnyt"},"content":"    @Override","lastModifiedDate":"2025-02-06","isFullCredit":false},{"lineNumber":32,"author":{"gitId":"je-nnyt"},"content":"    public String toString() {","lastModifiedDate":"2025-02-06","isFullCredit":false},{"lineNumber":33,"author":{"gitId":"je-nnyt"},"content":"        return super.toString() +","lastModifiedDate":"2025-02-06","isFullCredit":false},{"lineNumber":34,"author":{"gitId":"je-nnyt"},"content":"                \" (from: \" + from + \" to: \" + to + \")\";","lastModifiedDate":"2025-02-06","isFullCredit":false},{"lineNumber":35,"author":{"gitId":"je-nnyt"},"content":"    }","lastModifiedDate":"2025-02-06","isFullCredit":false},{"lineNumber":36,"author":{"gitId":"je-nnyt"},"content":"","lastModifiedDate":"2025-02-20","isFullCredit":false},{"lineNumber":37,"author":{"gitId":"je-nnyt"},"content":"    @Override","lastModifiedDate":"2025-02-20","isFullCredit":false},{"lineNumber":38,"author":{"gitId":"je-nnyt"},"content":"    public String toTextFile() {","lastModifiedDate":"2025-02-20","isFullCredit":false},{"lineNumber":39,"author":{"gitId":"je-nnyt"},"content":"        return super.toTextFile() + \" | \" + from + \" | \" + to;","lastModifiedDate":"2025-02-20","isFullCredit":false},{"lineNumber":40,"author":{"gitId":"je-nnyt"},"content":"    }","lastModifiedDate":"2025-02-20","isFullCredit":false},{"lineNumber":41,"author":{"gitId":"je-nnyt"},"content":"}","lastModifiedDate":"2025-02-06","isFullCredit":false}],"authorContributionMap":{"je-nnyt":41}},{"path":"src/main/java/koya/task/Task.java","fileType":"java","lines":[{"lineNumber":1,"author":{"gitId":"je-nnyt"},"content":"package koya.task;","lastModifiedDate":"2025-02-13","isFullCredit":false},{"lineNumber":2,"author":{"gitId":"je-nnyt"},"content":"","lastModifiedDate":"2025-02-06","isFullCredit":false},{"lineNumber":3,"author":{"gitId":"je-nnyt"},"content":"public class Task {","lastModifiedDate":"2025-02-06","isFullCredit":false},{"lineNumber":4,"author":{"gitId":"je-nnyt"},"content":"    protected String description;","lastModifiedDate":"2025-02-06","isFullCredit":false},{"lineNumber":5,"author":{"gitId":"je-nnyt"},"content":"    protected boolean isDone;","lastModifiedDate":"2025-02-06","isFullCredit":false},{"lineNumber":6,"author":{"gitId":"je-nnyt"},"content":"","lastModifiedDate":"2025-02-06","isFullCredit":false},{"lineNumber":7,"author":{"gitId":"je-nnyt"},"content":"    public Task(String description) {","lastModifiedDate":"2025-02-06","isFullCredit":false},{"lineNumber":8,"author":{"gitId":"je-nnyt"},"content":"        this.description \u003d description;","lastModifiedDate":"2025-02-06","isFullCredit":false},{"lineNumber":9,"author":{"gitId":"je-nnyt"},"content":"        this.isDone \u003d false;","lastModifiedDate":"2025-02-06","isFullCredit":false},{"lineNumber":10,"author":{"gitId":"je-nnyt"},"content":"    }","lastModifiedDate":"2025-02-06","isFullCredit":false},{"lineNumber":11,"author":{"gitId":"je-nnyt"},"content":"","lastModifiedDate":"2025-02-06","isFullCredit":false},{"lineNumber":12,"author":{"gitId":"je-nnyt"},"content":"    public String getStatusIcon() {","lastModifiedDate":"2025-02-06","isFullCredit":false},{"lineNumber":13,"author":{"gitId":"je-nnyt"},"content":"        return (isDone ? \"[X]\" : \"[ ]\"); // mark done task with X","lastModifiedDate":"2025-02-06","isFullCredit":false},{"lineNumber":14,"author":{"gitId":"je-nnyt"},"content":"    }","lastModifiedDate":"2025-02-06","isFullCredit":false},{"lineNumber":15,"author":{"gitId":"je-nnyt"},"content":"","lastModifiedDate":"2025-02-06","isFullCredit":false},{"lineNumber":16,"author":{"gitId":"je-nnyt"},"content":"    public String getTaskTypeIcon() {","lastModifiedDate":"2025-02-06","isFullCredit":false},{"lineNumber":17,"author":{"gitId":"je-nnyt"},"content":"        return \" \";//leave empty, overridden by subclass","lastModifiedDate":"2025-02-06","isFullCredit":false},{"lineNumber":18,"author":{"gitId":"je-nnyt"},"content":"    }","lastModifiedDate":"2025-02-06","isFullCredit":false},{"lineNumber":19,"author":{"gitId":"je-nnyt"},"content":"","lastModifiedDate":"2025-02-06","isFullCredit":false},{"lineNumber":20,"author":{"gitId":"je-nnyt"},"content":"    public void markAsDone() {","lastModifiedDate":"2025-02-06","isFullCredit":false},{"lineNumber":21,"author":{"gitId":"je-nnyt"},"content":"        this.isDone \u003d true;","lastModifiedDate":"2025-02-06","isFullCredit":false},{"lineNumber":22,"author":{"gitId":"je-nnyt"},"content":"    }","lastModifiedDate":"2025-02-06","isFullCredit":false},{"lineNumber":23,"author":{"gitId":"je-nnyt"},"content":"","lastModifiedDate":"2025-02-06","isFullCredit":false},{"lineNumber":24,"author":{"gitId":"je-nnyt"},"content":"    public String getDescription() {","lastModifiedDate":"2025-03-07","isFullCredit":false},{"lineNumber":25,"author":{"gitId":"je-nnyt"},"content":"        return description;","lastModifiedDate":"2025-03-07","isFullCredit":false},{"lineNumber":26,"author":{"gitId":"je-nnyt"},"content":"    }","lastModifiedDate":"2025-03-07","isFullCredit":false},{"lineNumber":27,"author":{"gitId":"je-nnyt"},"content":"","lastModifiedDate":"2025-03-07","isFullCredit":false},{"lineNumber":28,"author":{"gitId":"je-nnyt"},"content":"    public String toString() {","lastModifiedDate":"2025-02-06","isFullCredit":false},{"lineNumber":29,"author":{"gitId":"je-nnyt"},"content":"        return \"[\" + getTaskTypeIcon() + \"]\" + getStatusIcon() + \" \" + description;","lastModifiedDate":"2025-02-20","isFullCredit":false},{"lineNumber":30,"author":{"gitId":"je-nnyt"},"content":"    }","lastModifiedDate":"2025-02-06","isFullCredit":false},{"lineNumber":31,"author":{"gitId":"je-nnyt"},"content":"","lastModifiedDate":"2025-02-20","isFullCredit":false},{"lineNumber":32,"author":{"gitId":"je-nnyt"},"content":"    public String toTextFile() {","lastModifiedDate":"2025-02-20","isFullCredit":false},{"lineNumber":33,"author":{"gitId":"je-nnyt"},"content":"        return getTaskTypeIcon() + \" | \" + (this.isDone ? \"1\" : \"0\") + \" | \" + description;","lastModifiedDate":"2025-02-20","isFullCredit":false},{"lineNumber":34,"author":{"gitId":"je-nnyt"},"content":"    }","lastModifiedDate":"2025-02-06","isFullCredit":false},{"lineNumber":35,"author":{"gitId":"je-nnyt"},"content":"","lastModifiedDate":"2025-02-20","isFullCredit":false},{"lineNumber":36,"author":{"gitId":"je-nnyt"},"content":"    public static Task loadTaskToList(String line) {","lastModifiedDate":"2025-02-20","isFullCredit":false},{"lineNumber":37,"author":{"gitId":"je-nnyt"},"content":"        String[] parts \u003d line.split(\"\\\\|\");","lastModifiedDate":"2025-02-20","isFullCredit":false},{"lineNumber":38,"author":{"gitId":"je-nnyt"},"content":"","lastModifiedDate":"2025-02-20","isFullCredit":false},{"lineNumber":39,"author":{"gitId":"je-nnyt"},"content":"        String taskType \u003d parts[0].trim();","lastModifiedDate":"2025-02-20","isFullCredit":false},{"lineNumber":40,"author":{"gitId":"je-nnyt"},"content":"        if (parts[0].isEmpty()) {","lastModifiedDate":"2025-02-20","isFullCredit":false},{"lineNumber":41,"author":{"gitId":"je-nnyt"},"content":"","lastModifiedDate":"2025-02-20","isFullCredit":false},{"lineNumber":42,"author":{"gitId":"je-nnyt"},"content":"        }","lastModifiedDate":"2025-02-20","isFullCredit":false},{"lineNumber":43,"author":{"gitId":"je-nnyt"},"content":"        boolean isTaskDone \u003d parts[1].trim().equals(\"1\");","lastModifiedDate":"2025-02-20","isFullCredit":false},{"lineNumber":44,"author":{"gitId":"je-nnyt"},"content":"        String taskDescription \u003d parts[2].trim();","lastModifiedDate":"2025-02-20","isFullCredit":false},{"lineNumber":45,"author":{"gitId":"je-nnyt"},"content":"        String taskByOrFrom \u003d parts.length \u003e 3 ? parts[3].trim() : \" \";","lastModifiedDate":"2025-02-20","isFullCredit":false},{"lineNumber":46,"author":{"gitId":"je-nnyt"},"content":"        // if array length \u003e3, then a Deadline or Event must have been parsed","lastModifiedDate":"2025-02-20","isFullCredit":false},{"lineNumber":47,"author":{"gitId":"je-nnyt"},"content":"        String taskTo \u003d parts.length \u003e 4 ? parts[4].trim() : \" \";","lastModifiedDate":"2025-02-20","isFullCredit":false},{"lineNumber":48,"author":{"gitId":"je-nnyt"},"content":"        // if array length \u003e4, then an Event must have been parsed","lastModifiedDate":"2025-02-20","isFullCredit":false},{"lineNumber":49,"author":{"gitId":"je-nnyt"},"content":"","lastModifiedDate":"2025-02-20","isFullCredit":false},{"lineNumber":50,"author":{"gitId":"je-nnyt"},"content":"        switch (taskType) {","lastModifiedDate":"2025-02-20","isFullCredit":false},{"lineNumber":51,"author":{"gitId":"je-nnyt"},"content":"        case \"T\":","lastModifiedDate":"2025-02-20","isFullCredit":false},{"lineNumber":52,"author":{"gitId":"je-nnyt"},"content":"            return new ToDo(taskDescription, isTaskDone);","lastModifiedDate":"2025-02-20","isFullCredit":false},{"lineNumber":53,"author":{"gitId":"je-nnyt"},"content":"        case \"D\":","lastModifiedDate":"2025-02-20","isFullCredit":false},{"lineNumber":54,"author":{"gitId":"je-nnyt"},"content":"            return new Deadline(taskDescription, taskByOrFrom, isTaskDone);","lastModifiedDate":"2025-02-20","isFullCredit":false},{"lineNumber":55,"author":{"gitId":"je-nnyt"},"content":"        case \"E\":","lastModifiedDate":"2025-02-20","isFullCredit":false},{"lineNumber":56,"author":{"gitId":"je-nnyt"},"content":"            return new Event(taskDescription, taskByOrFrom, taskTo, isTaskDone);","lastModifiedDate":"2025-02-20","isFullCredit":false},{"lineNumber":57,"author":{"gitId":"je-nnyt"},"content":"","lastModifiedDate":"2025-02-20","isFullCredit":false},{"lineNumber":58,"author":{"gitId":"je-nnyt"},"content":"        default:","lastModifiedDate":"2025-02-20","isFullCredit":false},{"lineNumber":59,"author":{"gitId":"je-nnyt"},"content":"            throw new IllegalArgumentException(\"Invalid Task\");","lastModifiedDate":"2025-02-20","isFullCredit":false},{"lineNumber":60,"author":{"gitId":"je-nnyt"},"content":"        }","lastModifiedDate":"2025-02-20","isFullCredit":false},{"lineNumber":61,"author":{"gitId":"je-nnyt"},"content":"    }","lastModifiedDate":"2025-02-06","isFullCredit":false},{"lineNumber":62,"author":{"gitId":"je-nnyt"},"content":"}","lastModifiedDate":"2025-02-06","isFullCredit":false},{"lineNumber":63,"author":{"gitId":"je-nnyt"},"content":"","lastModifiedDate":"2025-02-20","isFullCredit":false}],"authorContributionMap":{"je-nnyt":63}},{"path":"src/main/java/koya/task/ToDo.java","fileType":"java","lines":[{"lineNumber":1,"author":{"gitId":"je-nnyt"},"content":"package koya.task;","lastModifiedDate":"2025-02-13","isFullCredit":false},{"lineNumber":2,"author":{"gitId":"je-nnyt"},"content":"","lastModifiedDate":"2025-02-06","isFullCredit":false},{"lineNumber":3,"author":{"gitId":"je-nnyt"},"content":"/**","lastModifiedDate":"2025-03-07","isFullCredit":false},{"lineNumber":4,"author":{"gitId":"je-nnyt"},"content":" * Represents a ToDo task. A \u003ccode\u003eToDo\u003c/code\u003e object","lastModifiedDate":"2025-03-07","isFullCredit":false},{"lineNumber":5,"author":{"gitId":"je-nnyt"},"content":" * contains the description of the task that must be completed","lastModifiedDate":"2025-03-07","isFullCredit":false},{"lineNumber":6,"author":{"gitId":"je-nnyt"},"content":" * e.g., \u003ccode\u003e todo level-9","lastModifiedDate":"2025-03-07","isFullCredit":false},{"lineNumber":7,"author":{"gitId":"je-nnyt"},"content":" */","lastModifiedDate":"2025-03-07","isFullCredit":false},{"lineNumber":8,"author":{"gitId":"je-nnyt"},"content":"public class ToDo extends Task {","lastModifiedDate":"2025-02-06","isFullCredit":false},{"lineNumber":9,"author":{"gitId":"je-nnyt"},"content":"","lastModifiedDate":"2025-02-06","isFullCredit":false},{"lineNumber":10,"author":{"gitId":"je-nnyt"},"content":"    public ToDo(String description) {","lastModifiedDate":"2025-02-06","isFullCredit":false},{"lineNumber":11,"author":{"gitId":"je-nnyt"},"content":"        super(description);","lastModifiedDate":"2025-02-06","isFullCredit":false},{"lineNumber":12,"author":{"gitId":"je-nnyt"},"content":"    }","lastModifiedDate":"2025-02-06","isFullCredit":false},{"lineNumber":13,"author":{"gitId":"je-nnyt"},"content":"","lastModifiedDate":"2025-02-06","isFullCredit":false},{"lineNumber":14,"author":{"gitId":"je-nnyt"},"content":"    public ToDo(String description, Boolean isTaskDone) {","lastModifiedDate":"2025-02-20","isFullCredit":false},{"lineNumber":15,"author":{"gitId":"je-nnyt"},"content":"        super(description);","lastModifiedDate":"2025-02-20","isFullCredit":false},{"lineNumber":16,"author":{"gitId":"je-nnyt"},"content":"        this.isDone \u003d isTaskDone;","lastModifiedDate":"2025-02-20","isFullCredit":false},{"lineNumber":17,"author":{"gitId":"je-nnyt"},"content":"    }","lastModifiedDate":"2025-02-20","isFullCredit":false},{"lineNumber":18,"author":{"gitId":"je-nnyt"},"content":"","lastModifiedDate":"2025-02-20","isFullCredit":false},{"lineNumber":19,"author":{"gitId":"je-nnyt"},"content":"    @Override","lastModifiedDate":"2025-02-06","isFullCredit":false},{"lineNumber":20,"author":{"gitId":"je-nnyt"},"content":"    public String getTaskTypeIcon() {","lastModifiedDate":"2025-02-06","isFullCredit":false},{"lineNumber":21,"author":{"gitId":"je-nnyt"},"content":"        return \"T\";","lastModifiedDate":"2025-02-20","isFullCredit":false},{"lineNumber":22,"author":{"gitId":"je-nnyt"},"content":"    }","lastModifiedDate":"2025-02-06","isFullCredit":false},{"lineNumber":23,"author":{"gitId":"je-nnyt"},"content":"","lastModifiedDate":"2025-02-06","isFullCredit":false},{"lineNumber":24,"author":{"gitId":"je-nnyt"},"content":"    @Override","lastModifiedDate":"2025-02-06","isFullCredit":false},{"lineNumber":25,"author":{"gitId":"je-nnyt"},"content":"    public String toString() {","lastModifiedDate":"2025-02-06","isFullCredit":false},{"lineNumber":26,"author":{"gitId":"je-nnyt"},"content":"        return super.toString();","lastModifiedDate":"2025-02-06","isFullCredit":false},{"lineNumber":27,"author":{"gitId":"je-nnyt"},"content":"    }","lastModifiedDate":"2025-02-06","isFullCredit":false},{"lineNumber":28,"author":{"gitId":"je-nnyt"},"content":"}","lastModifiedDate":"2025-02-06","isFullCredit":false}],"authorContributionMap":{"je-nnyt":28}}]
