{"authorDailyContributionsMap":{"je-nnyt":[{"date":"2025-01-21","commitResults":[{"hash":"03e44c407304474a1653839eb91397b5dc36e7b0","isMergeCommit":false,"messageTitle":"Level-0","messageBody":"","tags":["Level-0"],"fileTypesAndContributionMap":{"java":{"insertions":8,"deletions":10}}}]},{"date":"2025-01-30","commitResults":[{"hash":"012fbbcdd60d9547722477f25c0db077dcfc1c4e","isMergeCommit":false,"messageTitle":"Changed name to koya, add greetings and exit","messageBody":"","fileTypesAndContributionMap":{"java":{"insertions":8,"deletions":10}}},{"hash":"8e24459ee9bb01f41086628cde5925b810773d37","isMergeCommit":false,"messageTitle":"echos commands entered by user","messageBody":"and exits when user enters \"bye\" in the command\n","tags":["Level-1"],"fileTypesAndContributionMap":{"java":{"insertions":10,"deletions":0}}},{"hash":"b235581bf8922cea9a285ac424f646d261d34f4b","isMergeCommit":false,"messageTitle":"add ability to store information entered by the user and to list them back in order when requested","messageBody":"","tags":["Level-2"],"fileTypesAndContributionMap":{"java":{"insertions":26,"deletions":5}}},{"hash":"5bfbfec78cd5b3c38a50bbd0ab84567e52faadea","isMergeCommit":false,"messageTitle":"added the class Task and the ability to mark tasks as done by displaying a status icon","messageBody":"","tags":["Level-3","A-Classes"],"fileTypesAndContributionMap":{"java":{"insertions":37,"deletions":6}}},{"hash":"6ede3c6677b7e6f3e18879ed505ff3dfc45d25a5","isMergeCommit":false,"messageTitle":"Tweaked code and IDE settings to follow coding standards","messageBody":"Modified the if-else statements and variables name\n","tags":["A-CodingStandard"],"fileTypesAndContributionMap":{"java":{"insertions":13,"deletions":19}}}]},{"date":"2025-02-05","commitResults":[{"hash":"cbdbea4379b55fe7f2f9640b4dc2c809f9b837ee","isMergeCommit":false,"messageTitle":"Add Todo, Deadline, Event subclass Tested Todo in main","messageBody":"","fileTypesAndContributionMap":{"java":{"insertions":85,"deletions":5}}},{"hash":"80af992f3cd6d8efb66ed50181bc36b28261ad7e","isMergeCommit":false,"messageTitle":"Added and tested methods to deal with deadline objects in main","messageBody":"","fileTypesAndContributionMap":{"java":{"insertions":16,"deletions":2}}},{"hash":"5af8a7c13f587ce16de0d5fd8fcbb9dc943adfa3","isMergeCommit":false,"messageTitle":"Added and tested methods to deal with Event objects in main","messageBody":"","tags":["Level-4","A-Inheritance"],"fileTypesAndContributionMap":{"java":{"insertions":15,"deletions":1}}},{"hash":"5da7e4b3fa8ead4987871394fc12744b8deae124","isMergeCommit":false,"messageTitle":"Extracted methods: confirmMarkDone, listTasks, confirmAddTask Set taskCount as a global variable to fix taskCount not incrementing after the task has been added to list Add comments, reformatting code","messageBody":"","fileTypesAndContributionMap":{"java":{"insertions":56,"deletions":50}}}]},{"date":"2025-02-06","commitResults":[{"hash":"ab85f0cdd6560837a7a0962cf2ca7d873f7dca87","isMergeCommit":false,"messageTitle":"Refactor project to follow Java coding standards","messageBody":"- Move each class to its own Java file\n- Rename class \u0027Todo\u0027 to \u0027ToDo\u0027\n- Create package \u0027ip.task\u0027 to organize Task and its subclasses (ToDo, Deadline, Event)\n","tags":["A-CodeQuality"],"fileTypesAndContributionMap":{"java":{"insertions":97,"deletions":90}}}]},{"date":"2025-02-13","commitResults":[{"hash":"baed2bcc2ce551e85f4b7c65908698bea0b8ab56","isMergeCommit":false,"messageTitle":"Adjust code based on PR\u0027s review feedback - Extract the printIntroMessage() method - Add comments for magic indexing numbers","messageBody":"","fileTypesAndContributionMap":{"java":{"insertions":10,"deletions":7}}},{"hash":"ad1977561f49759cecda082c861b6cc1a88b9ed6","isMergeCommit":false,"messageTitle":"Add class KoyaException","messageBody":"","tags":["A-Exceptions"],"fileTypesAndContributionMap":{"java":{"insertions":7,"deletions":0}}},{"hash":"9a2867a5725cc44c3e58357361d97c5f220c1e8b","isMergeCommit":false,"messageTitle":"Add try-catch block to handle exceptions - Try-catch block handles the empty to do description and the unknown input","messageBody":"","fileTypesAndContributionMap":{"java":{"insertions":60,"deletions":46}}},{"hash":"e243c56ee5a4ec80b851d765a9cda188725acfce","isMergeCommit":false,"messageTitle":"Add Package","messageBody":"","tags":["Level-5","A-Packages"],"fileTypesAndContributionMap":{"java":{"insertions":11,"deletions":10}}},{"hash":"4f640cadad9c8ba9b8fea2182797fb22d7f44bd6","isMergeCommit":false,"messageTitle":"Reformat after adding packages","messageBody":"","fileTypesAndContributionMap":{"java":{"insertions":1,"deletions":1}}}]},{"date":"2025-02-19","commitResults":[{"hash":"cc97700f4b422873d1f0ed1d32c0cf82715f95af","isMergeCommit":false,"messageTitle":"Replace Task[] with ArrayList\u003cTask\u003e to store the tasks and modify methods accordingly","messageBody":"","fileTypesAndContributionMap":{"java":{"insertions":15,"deletions":12}}}]},{"date":"2025-02-20","commitResults":[{"hash":"087155cd761471b9bd0a8b77e960ec290900d0d4","isMergeCommit":false,"messageTitle":"Add removeTask method","messageBody":"","fileTypesAndContributionMap":{"java":{"insertions":23,"deletions":2}}},{"hash":"34184fbfa09fde15ee4d5a9d59ac954fea4b27b0","isMergeCommit":false,"messageTitle":"Add appendtoFile method - check if folder and file exists - load task from txt file to list array - only toDo task can be added to list","messageBody":"","fileTypesAndContributionMap":{"txt":{"insertions":3,"deletions":0},"java":{"insertions":92,"deletions":6}}},{"hash":"d6f8fbcea6df1f1c44e19a1ee7d62a8f8936d8d6","isMergeCommit":false,"messageTitle":"Add ability to load Deadline task from txt file back to list","messageBody":"","fileTypesAndContributionMap":{"txt":{"insertions":0,"deletions":3},"java":{"insertions":16,"deletions":4}}},{"hash":"ac907c0f719d60b14810ff6db0000e8f34af7951","isMergeCommit":false,"messageTitle":"Add ability to load Deadline and Event task into the list array","messageBody":"","fileTypesAndContributionMap":{"txt":{"insertions":5,"deletions":0},"java":{"insertions":22,"deletions":4}}},{"hash":"3c501d4cf9803c09e139d7d60ca0cf762dd31256","isMergeCommit":false,"messageTitle":"reformat the code","messageBody":"","fileTypesAndContributionMap":{"java":{"insertions":17,"deletions":22}}},{"hash":"1c6bc3b439d6fd7f3814823561ccfa83ff869466","isMergeCommit":true,"messageTitle":"Resolve conflicts after merging  \u0027branch-Level-6\u0027 and branch-Level-7\u0027","messageBody":"","tags":["Level-7","Level-6","A-Collections"],"fileTypesAndContributionMap":{}},{"hash":"f05db7e368d825461a3c953a7db4b246920ea50a","isMergeCommit":false,"messageTitle":"Fix delete Task bug - txt file now updates when task is deleted","messageBody":"","fileTypesAndContributionMap":{"txt":{"insertions":3,"deletions":7},"java":{"insertions":119,"deletions":77}}},{"hash":"c46293c3d56c516fda3a91aaf73804f43d0e8067","isMergeCommit":false,"messageTitle":"Fix bug display of mark as done in \u0027list\u0027 - add trim to parts[1] to remove trailing spaces - list method now properly displays [X] when loading data from file","messageBody":"","tags":["A-Jar"],"fileTypesAndContributionMap":{"java":{"insertions":23,"deletions":23}}}]},{"date":"2025-03-06","commitResults":[{"hash":"6929e2bd3f2e30d22054684b05cb7776187f5c9f","isMergeCommit":false,"messageTitle":"Extract class UI","messageBody":"","fileTypesAndContributionMap":{"java":{"insertions":38,"deletions":33}}},{"hash":"5d125df79f6b288bac0a44a90f47802c235f6273","isMergeCommit":false,"messageTitle":"Extract class Storage","messageBody":"","fileTypesAndContributionMap":{"java":{"insertions":77,"deletions":67}}},{"hash":"c1a6973598a8cd9484f6d2a72553200ae82b2326","isMergeCommit":false,"messageTitle":"Extract class TaskList","messageBody":"","fileTypesAndContributionMap":{"java":{"insertions":74,"deletions":66}}}]},{"date":"2025-03-07","commitResults":[{"hash":"6a84aa1122673e58963d48338a7c641249b43786","isMergeCommit":false,"messageTitle":"Extract class Parser","messageBody":"","tags":["A-MoreOOP"],"fileTypesAndContributionMap":{"java":{"insertions":59,"deletions":19}}},{"hash":"901b0f0eeac549812e92b7462fda20b72c8a3e56","isMergeCommit":false,"messageTitle":"Add function findMatchingTask - Fix bug of printing null for \u0027description\u0027, \u0027by\u0027, \u0027to\u0027, \u0027from\u0027 for Event and Deadline tasks","messageBody":"","fileTypesAndContributionMap":{"txt":{"insertions":6,"deletions":2},"java":{"insertions":25,"deletions":1}}},{"hash":"ae8091d531261f0db578b2957c95e687d7ff329c","isMergeCommit":false,"messageTitle":"Add JavaDoc comment for Storage, TaskList, Ui, Deadline, Event, ToDo","messageBody":"","fileTypesAndContributionMap":{"java":{"insertions":30,"deletions":5}}},{"hash":"9795484e593167ed99e6690b3afca570ab07c5f9","isMergeCommit":true,"messageTitle":"Merge pull request #1 from je-nnyt/branch-Level-9","messageBody":"Add function findMatchingTask","tags":["Level-9"],"fileTypesAndContributionMap":{}},{"hash":"948b4ec84704df62830638db66aed29059ed49b7","isMergeCommit":true,"messageTitle":"Merge branch \u0027branch-A-JavaDoc\u0027","messageBody":"","tags":["A-JavaDoc"],"fileTypesAndContributionMap":{}},{"hash":"433a5a76d5216e713c9bdfe010c8dd721473d983","isMergeCommit":false,"messageTitle":"Add a draft User Guide - contains information on the important features - missing the quick start and formatting","messageBody":"","tags":["A-UserGuide"],"fileTypesAndContributionMap":{"md":{"insertions":57,"deletions":26}}}]},{"date":"2025-03-10","commitResults":[{"hash":"00a1448c707a255c4884a3a43702b4f59d118bea","isMergeCommit":false,"messageTitle":"Fix README.md not showing up properly - fix display bug of event","messageBody":"","fileTypesAndContributionMap":{"java":{"insertions":5,"deletions":4},"md":{"insertions":99,"deletions":13}}}]}]},"authorFileTypeContributionMap":{"je-nnyt":{"java":500,"md":155,"fxml":0,"sh":0,"bat":0,"gradle":0,"txt":7}},"authorContributionVariance":{"je-nnyt":8064.488},"authorDisplayNameMap":{"je-nnyt":"CS2113-F14-3 TAN ..ENNY"}}
