[{"path":"README.md","fileType":"md","lines":[{"lineNumber":1,"author":{"gitId":"H-ZhanHao"},"content":"# Eelyon project template","lastModifiedDate":"2025-02-06","isFullCredit":false},{"lineNumber":2,"author":{"gitId":"-"},"content":"","lastModifiedDate":"2020-05-25","isFullCredit":false},{"lineNumber":3,"author":{"gitId":"-"},"content":"This is a project template for a greenfield Java project. It\u0027s named after the Java mascot _Duke_. Given below are instructions on how to use it.","lastModifiedDate":"2020-05-25","isFullCredit":false},{"lineNumber":4,"author":{"gitId":"-"},"content":"","lastModifiedDate":"2020-05-25","isFullCredit":false},{"lineNumber":5,"author":{"gitId":"-"},"content":"## Setting up in Intellij","lastModifiedDate":"2020-05-25","isFullCredit":false},{"lineNumber":6,"author":{"gitId":"-"},"content":"","lastModifiedDate":"2020-05-25","isFullCredit":false},{"lineNumber":7,"author":{"gitId":"-"},"content":"Prerequisites: JDK 17, update Intellij to the most recent version.","lastModifiedDate":"2024-07-11","isFullCredit":false},{"lineNumber":8,"author":{"gitId":"-"},"content":"","lastModifiedDate":"2020-05-25","isFullCredit":false},{"lineNumber":9,"author":{"gitId":"-"},"content":"1. Open Intellij (if you are not in the welcome screen, click `File` \u003e `Close Project` to close the existing project first)","lastModifiedDate":"2021-01-17","isFullCredit":false},{"lineNumber":10,"author":{"gitId":"-"},"content":"1. Open the project into Intellij as follows:","lastModifiedDate":"2021-01-17","isFullCredit":false},{"lineNumber":11,"author":{"gitId":"-"},"content":"   1. Click `Open`.","lastModifiedDate":"2021-01-17","isFullCredit":false},{"lineNumber":12,"author":{"gitId":"-"},"content":"   1. Select the project directory, and click `OK`.","lastModifiedDate":"2021-01-17","isFullCredit":false},{"lineNumber":13,"author":{"gitId":"-"},"content":"   1. If there are any further prompts, accept the defaults.","lastModifiedDate":"2020-05-25","isFullCredit":false},{"lineNumber":14,"author":{"gitId":"-"},"content":"1. Configure the project to use **JDK 17** (not other versions) as explained in [here](https://www.jetbrains.com/help/idea/sdk.html#set-up-jdk).\u003cbr\u003e","lastModifiedDate":"2024-07-11","isFullCredit":false},{"lineNumber":15,"author":{"gitId":"-"},"content":"   In the same dialog, set the **Project language level** field to the `SDK default` option.","lastModifiedDate":"2021-07-29","isFullCredit":false},{"lineNumber":16,"author":{"gitId":"H-ZhanHao"},"content":"1. After that, locate the `src/main/java/Eelyon.java` file, right-click it, and choose `Run Eelyon.main()` (if the code editor is showing compile errors, try restarting the IDE). If the setup is correct, you should see something like the below as the output:","lastModifiedDate":"2025-02-06","isFullCredit":false},{"lineNumber":17,"author":{"gitId":"-"},"content":"   ```","lastModifiedDate":"2020-05-25","isFullCredit":false},{"lineNumber":18,"author":{"gitId":"-"},"content":"   Hello from","lastModifiedDate":"2020-05-25","isFullCredit":false},{"lineNumber":19,"author":{"gitId":"-"},"content":"    ____        _        ","lastModifiedDate":"2020-05-25","isFullCredit":false},{"lineNumber":20,"author":{"gitId":"-"},"content":"   |  _ \\ _   _| | _____ ","lastModifiedDate":"2020-05-25","isFullCredit":false},{"lineNumber":21,"author":{"gitId":"-"},"content":"   | | | | | | | |/ / _ \\","lastModifiedDate":"2020-05-25","isFullCredit":false},{"lineNumber":22,"author":{"gitId":"-"},"content":"   | |_| | |_| |   \u003c  __/","lastModifiedDate":"2020-05-25","isFullCredit":false},{"lineNumber":23,"author":{"gitId":"-"},"content":"   |____/ \\__,_|_|\\_\\___|","lastModifiedDate":"2020-05-25","isFullCredit":false},{"lineNumber":24,"author":{"gitId":"-"},"content":"   ```","lastModifiedDate":"2020-05-25","isFullCredit":false},{"lineNumber":25,"author":{"gitId":"-"},"content":"","lastModifiedDate":"2025-01-04","isFullCredit":false},{"lineNumber":26,"author":{"gitId":"-"},"content":"**Warning:** Keep the `src\\main\\java` folder as the root folder for Java files (i.e., don\u0027t rename those folders or move Java files to another folder outside of this folder path), as this is the default location some tools (e.g., Gradle) expect to find Java files.","lastModifiedDate":"2025-01-04","isFullCredit":false}],"authorContributionMap":{"H-ZhanHao":2,"-":24}},{"path":"docs/README.md","fileType":"md","lines":[{"lineNumber":1,"author":{"gitId":"H-ZhanHao"},"content":"# Eelyon User Guide","lastModifiedDate":"2025-02-06","isFullCredit":false},{"lineNumber":2,"author":{"gitId":"-"},"content":"","lastModifiedDate":"2019-07-29","isFullCredit":false},{"lineNumber":3,"author":{"gitId":"-"},"content":"// Update the title above to match the actual product name","lastModifiedDate":"2024-01-07","isFullCredit":false},{"lineNumber":4,"author":{"gitId":"-"},"content":"","lastModifiedDate":"2019-07-29","isFullCredit":false},{"lineNumber":5,"author":{"gitId":"-"},"content":"// Product screenshot goes here","lastModifiedDate":"2024-01-07","isFullCredit":false},{"lineNumber":6,"author":{"gitId":"-"},"content":"","lastModifiedDate":"2021-07-17","isFullCredit":false},{"lineNumber":7,"author":{"gitId":"-"},"content":"// Product intro goes here","lastModifiedDate":"2024-01-07","isFullCredit":false},{"lineNumber":8,"author":{"gitId":"-"},"content":"","lastModifiedDate":"2021-07-17","isFullCredit":false},{"lineNumber":9,"author":{"gitId":"-"},"content":"## Adding deadlines","lastModifiedDate":"2024-01-07","isFullCredit":false},{"lineNumber":10,"author":{"gitId":"-"},"content":"","lastModifiedDate":"2021-07-17","isFullCredit":false},{"lineNumber":11,"author":{"gitId":"-"},"content":"// Describe the action and its outcome.","lastModifiedDate":"2024-01-07","isFullCredit":false},{"lineNumber":12,"author":{"gitId":"-"},"content":"","lastModifiedDate":"2019-07-29","isFullCredit":false},{"lineNumber":13,"author":{"gitId":"-"},"content":"// Give examples of usage","lastModifiedDate":"2024-01-07","isFullCredit":false},{"lineNumber":14,"author":{"gitId":"-"},"content":"","lastModifiedDate":"2019-07-29","isFullCredit":false},{"lineNumber":15,"author":{"gitId":"-"},"content":"Example: `keyword (optional arguments)`","lastModifiedDate":"2024-01-07","isFullCredit":false},{"lineNumber":16,"author":{"gitId":"-"},"content":"","lastModifiedDate":"2019-07-29","isFullCredit":false},{"lineNumber":17,"author":{"gitId":"-"},"content":"// A description of the expected outcome goes here","lastModifiedDate":"2024-01-07","isFullCredit":false},{"lineNumber":18,"author":{"gitId":"-"},"content":"","lastModifiedDate":"2019-07-29","isFullCredit":false},{"lineNumber":19,"author":{"gitId":"-"},"content":"```","lastModifiedDate":"2024-01-07","isFullCredit":false},{"lineNumber":20,"author":{"gitId":"-"},"content":"expected output","lastModifiedDate":"2024-01-07","isFullCredit":false},{"lineNumber":21,"author":{"gitId":"-"},"content":"```","lastModifiedDate":"2024-01-07","isFullCredit":false},{"lineNumber":22,"author":{"gitId":"-"},"content":"","lastModifiedDate":"2019-07-29","isFullCredit":false},{"lineNumber":23,"author":{"gitId":"-"},"content":"## Feature ABC","lastModifiedDate":"2024-01-07","isFullCredit":false},{"lineNumber":24,"author":{"gitId":"-"},"content":"","lastModifiedDate":"2019-07-29","isFullCredit":false},{"lineNumber":25,"author":{"gitId":"-"},"content":"// Feature details","lastModifiedDate":"2024-01-07","isFullCredit":false},{"lineNumber":26,"author":{"gitId":"-"},"content":"","lastModifiedDate":"2019-07-29","isFullCredit":false},{"lineNumber":27,"author":{"gitId":"-"},"content":"","lastModifiedDate":"2021-07-17","isFullCredit":false},{"lineNumber":28,"author":{"gitId":"-"},"content":"## Feature XYZ","lastModifiedDate":"2024-01-07","isFullCredit":false},{"lineNumber":29,"author":{"gitId":"-"},"content":"","lastModifiedDate":"2024-01-07","isFullCredit":false},{"lineNumber":30,"author":{"gitId":"-"},"content":"// Feature details","lastModifiedDate":"2024-01-07","isFullCredit":false}],"authorContributionMap":{"H-ZhanHao":1,"-":29}},{"path":"src/main/java/Eelyon/Commands/CommandType.java","fileType":"java","lines":[{"lineNumber":1,"author":{"gitId":"H-ZhanHao"},"content":"package Eelyon.Commands;","lastModifiedDate":"2025-02-15","isFullCredit":false},{"lineNumber":2,"author":{"gitId":"H-ZhanHao"},"content":"","lastModifiedDate":"2025-02-15","isFullCredit":false},{"lineNumber":3,"author":{"gitId":"H-ZhanHao"},"content":"public class CommandType {","lastModifiedDate":"2025-02-15","isFullCredit":false},{"lineNumber":4,"author":{"gitId":"H-ZhanHao"},"content":"    private String commandType;","lastModifiedDate":"2025-02-15","isFullCredit":false},{"lineNumber":5,"author":{"gitId":"H-ZhanHao"},"content":"    private boolean isValid;","lastModifiedDate":"2025-02-15","isFullCredit":false},{"lineNumber":6,"author":{"gitId":"H-ZhanHao"},"content":"","lastModifiedDate":"2025-02-15","isFullCredit":false},{"lineNumber":7,"author":{"gitId":"H-ZhanHao"},"content":"    public String getCommandType() {","lastModifiedDate":"2025-02-15","isFullCredit":false},{"lineNumber":8,"author":{"gitId":"H-ZhanHao"},"content":"        return commandType;","lastModifiedDate":"2025-02-15","isFullCredit":false},{"lineNumber":9,"author":{"gitId":"H-ZhanHao"},"content":"    }","lastModifiedDate":"2025-02-15","isFullCredit":false},{"lineNumber":10,"author":{"gitId":"H-ZhanHao"},"content":"","lastModifiedDate":"2025-02-15","isFullCredit":false},{"lineNumber":11,"author":{"gitId":"H-ZhanHao"},"content":"    public void setCommandType(String commandType) {","lastModifiedDate":"2025-02-15","isFullCredit":false},{"lineNumber":12,"author":{"gitId":"H-ZhanHao"},"content":"        switch(commandType) {","lastModifiedDate":"2025-02-15","isFullCredit":false},{"lineNumber":13,"author":{"gitId":"H-ZhanHao"},"content":"        case \"deadline\":","lastModifiedDate":"2025-02-15","isFullCredit":false},{"lineNumber":14,"author":{"gitId":"H-ZhanHao"},"content":"        case \"event\":","lastModifiedDate":"2025-02-15","isFullCredit":false},{"lineNumber":15,"author":{"gitId":"H-ZhanHao"},"content":"        case \"todo\":","lastModifiedDate":"2025-02-15","isFullCredit":false},{"lineNumber":16,"author":{"gitId":"H-ZhanHao"},"content":"        case \"mark\":","lastModifiedDate":"2025-02-15","isFullCredit":false},{"lineNumber":17,"author":{"gitId":"H-ZhanHao"},"content":"        case \"unmark\":","lastModifiedDate":"2025-02-15","isFullCredit":false},{"lineNumber":18,"author":{"gitId":"H-ZhanHao"},"content":"        case \"list\":","lastModifiedDate":"2025-02-15","isFullCredit":false},{"lineNumber":19,"author":{"gitId":"H-ZhanHao"},"content":"        case \"bye\": this.commandType \u003d commandType; break;","lastModifiedDate":"2025-02-15","isFullCredit":false},{"lineNumber":20,"author":{"gitId":"H-ZhanHao"},"content":"        default: throw new IllegalArgumentException(\"Invalid Command! Try again.\");","lastModifiedDate":"2025-02-15","isFullCredit":false},{"lineNumber":21,"author":{"gitId":"H-ZhanHao"},"content":"        }","lastModifiedDate":"2025-02-15","isFullCredit":false},{"lineNumber":22,"author":{"gitId":"H-ZhanHao"},"content":"    }","lastModifiedDate":"2025-02-15","isFullCredit":false},{"lineNumber":23,"author":{"gitId":"H-ZhanHao"},"content":"","lastModifiedDate":"2025-02-15","isFullCredit":false},{"lineNumber":24,"author":{"gitId":"H-ZhanHao"},"content":"    public String getEndCommand() {","lastModifiedDate":"2025-02-15","isFullCredit":false},{"lineNumber":25,"author":{"gitId":"H-ZhanHao"},"content":"        switch (commandType) {","lastModifiedDate":"2025-02-15","isFullCredit":false},{"lineNumber":26,"author":{"gitId":"H-ZhanHao"},"content":"        case \"deadline\":","lastModifiedDate":"2025-02-15","isFullCredit":false},{"lineNumber":27,"author":{"gitId":"H-ZhanHao"},"content":"            return(\"/by\");","lastModifiedDate":"2025-02-15","isFullCredit":false},{"lineNumber":28,"author":{"gitId":"H-ZhanHao"},"content":"        case \"event\":","lastModifiedDate":"2025-02-15","isFullCredit":false},{"lineNumber":29,"author":{"gitId":"H-ZhanHao"},"content":"            return(\"/from\");","lastModifiedDate":"2025-02-15","isFullCredit":false},{"lineNumber":30,"author":{"gitId":"H-ZhanHao"},"content":"        case \"todo\":","lastModifiedDate":"2025-02-15","isFullCredit":false},{"lineNumber":31,"author":{"gitId":"H-ZhanHao"},"content":"            return(\"\");","lastModifiedDate":"2025-02-15","isFullCredit":false},{"lineNumber":32,"author":{"gitId":"H-ZhanHao"},"content":"        default: return (\" \");","lastModifiedDate":"2025-02-15","isFullCredit":false},{"lineNumber":33,"author":{"gitId":"H-ZhanHao"},"content":"        }","lastModifiedDate":"2025-02-15","isFullCredit":false},{"lineNumber":34,"author":{"gitId":"H-ZhanHao"},"content":"    }","lastModifiedDate":"2025-02-15","isFullCredit":false},{"lineNumber":35,"author":{"gitId":"H-ZhanHao"},"content":"","lastModifiedDate":"2025-02-15","isFullCredit":false},{"lineNumber":36,"author":{"gitId":"H-ZhanHao"},"content":"    public boolean isValid() {","lastModifiedDate":"2025-02-15","isFullCredit":false},{"lineNumber":37,"author":{"gitId":"H-ZhanHao"},"content":"        return isValid;","lastModifiedDate":"2025-02-15","isFullCredit":false},{"lineNumber":38,"author":{"gitId":"H-ZhanHao"},"content":"    }","lastModifiedDate":"2025-02-15","isFullCredit":false},{"lineNumber":39,"author":{"gitId":"H-ZhanHao"},"content":"","lastModifiedDate":"2025-02-15","isFullCredit":false},{"lineNumber":40,"author":{"gitId":"H-ZhanHao"},"content":"    public void setValid(boolean valid) {","lastModifiedDate":"2025-02-15","isFullCredit":false},{"lineNumber":41,"author":{"gitId":"H-ZhanHao"},"content":"        isValid \u003d valid;","lastModifiedDate":"2025-02-15","isFullCredit":false},{"lineNumber":42,"author":{"gitId":"H-ZhanHao"},"content":"    }","lastModifiedDate":"2025-02-15","isFullCredit":false},{"lineNumber":43,"author":{"gitId":"H-ZhanHao"},"content":"}","lastModifiedDate":"2025-02-15","isFullCredit":false}],"authorContributionMap":{"H-ZhanHao":43}},{"path":"src/main/java/Eelyon/Commands/Deadline.java","fileType":"java","lines":[{"lineNumber":1,"author":{"gitId":"H-ZhanHao"},"content":"package Eelyon.Commands;","lastModifiedDate":"2025-02-15","isFullCredit":false},{"lineNumber":2,"author":{"gitId":"H-ZhanHao"},"content":"","lastModifiedDate":"2025-02-15","isFullCredit":false},{"lineNumber":3,"author":{"gitId":"H-ZhanHao"},"content":"public class Deadline extends Task {","lastModifiedDate":"2025-02-06","isFullCredit":false},{"lineNumber":4,"author":{"gitId":"H-ZhanHao"},"content":"    protected String by;","lastModifiedDate":"2025-02-06","isFullCredit":false},{"lineNumber":5,"author":{"gitId":"H-ZhanHao"},"content":"","lastModifiedDate":"2025-02-06","isFullCredit":false},{"lineNumber":6,"author":{"gitId":"H-ZhanHao"},"content":"    public Deadline(String description, String by) {","lastModifiedDate":"2025-02-06","isFullCredit":false},{"lineNumber":7,"author":{"gitId":"H-ZhanHao"},"content":"        super(description);","lastModifiedDate":"2025-02-06","isFullCredit":false},{"lineNumber":8,"author":{"gitId":"H-ZhanHao"},"content":"        this.by \u003d by;","lastModifiedDate":"2025-02-06","isFullCredit":false},{"lineNumber":9,"author":{"gitId":"H-ZhanHao"},"content":"    }","lastModifiedDate":"2025-02-06","isFullCredit":false},{"lineNumber":10,"author":{"gitId":"H-ZhanHao"},"content":"","lastModifiedDate":"2025-02-06","isFullCredit":false},{"lineNumber":11,"author":{"gitId":"H-ZhanHao"},"content":"    @Override","lastModifiedDate":"2025-02-06","isFullCredit":false},{"lineNumber":12,"author":{"gitId":"H-ZhanHao"},"content":"    public String toString() {","lastModifiedDate":"2025-02-06","isFullCredit":false},{"lineNumber":13,"author":{"gitId":"H-ZhanHao"},"content":"        return \"[D]\" + super.toString() + \" (by: \" + by + \")\";","lastModifiedDate":"2025-02-06","isFullCredit":false},{"lineNumber":14,"author":{"gitId":"H-ZhanHao"},"content":"    }","lastModifiedDate":"2025-02-06","isFullCredit":false},{"lineNumber":15,"author":{"gitId":"H-ZhanHao"},"content":"","lastModifiedDate":"2025-02-06","isFullCredit":false},{"lineNumber":16,"author":{"gitId":"H-ZhanHao"},"content":"}","lastModifiedDate":"2025-02-06","isFullCredit":false}],"authorContributionMap":{"H-ZhanHao":16}},{"path":"src/main/java/Eelyon/Commands/Event.java","fileType":"java","lines":[{"lineNumber":1,"author":{"gitId":"H-ZhanHao"},"content":"package Eelyon.Commands;","lastModifiedDate":"2025-02-15","isFullCredit":false},{"lineNumber":2,"author":{"gitId":"H-ZhanHao"},"content":"","lastModifiedDate":"2025-02-15","isFullCredit":false},{"lineNumber":3,"author":{"gitId":"H-ZhanHao"},"content":"public class Event extends Task {","lastModifiedDate":"2025-02-06","isFullCredit":false},{"lineNumber":4,"author":{"gitId":"H-ZhanHao"},"content":"","lastModifiedDate":"2025-02-06","isFullCredit":false},{"lineNumber":5,"author":{"gitId":"H-ZhanHao"},"content":"    private String from;","lastModifiedDate":"2025-02-06","isFullCredit":false},{"lineNumber":6,"author":{"gitId":"H-ZhanHao"},"content":"    private String to;","lastModifiedDate":"2025-02-06","isFullCredit":false},{"lineNumber":7,"author":{"gitId":"H-ZhanHao"},"content":"","lastModifiedDate":"2025-02-06","isFullCredit":false},{"lineNumber":8,"author":{"gitId":"H-ZhanHao"},"content":"    public Event(String description, String from, String to) {","lastModifiedDate":"2025-02-06","isFullCredit":false},{"lineNumber":9,"author":{"gitId":"H-ZhanHao"},"content":"        super(description);","lastModifiedDate":"2025-02-06","isFullCredit":false},{"lineNumber":10,"author":{"gitId":"H-ZhanHao"},"content":"        this.from \u003d from;","lastModifiedDate":"2025-02-06","isFullCredit":false},{"lineNumber":11,"author":{"gitId":"H-ZhanHao"},"content":"        this.to \u003d to;","lastModifiedDate":"2025-02-06","isFullCredit":false},{"lineNumber":12,"author":{"gitId":"H-ZhanHao"},"content":"    }","lastModifiedDate":"2025-02-06","isFullCredit":false},{"lineNumber":13,"author":{"gitId":"H-ZhanHao"},"content":"","lastModifiedDate":"2025-02-06","isFullCredit":false},{"lineNumber":14,"author":{"gitId":"H-ZhanHao"},"content":"    @Override","lastModifiedDate":"2025-02-06","isFullCredit":false},{"lineNumber":15,"author":{"gitId":"H-ZhanHao"},"content":"    public String toString() {","lastModifiedDate":"2025-02-06","isFullCredit":false},{"lineNumber":16,"author":{"gitId":"H-ZhanHao"},"content":"        return \"[E]\" + super.toString() + \"(from: \" + from + \" to: \" + to + \")\";","lastModifiedDate":"2025-02-06","isFullCredit":false},{"lineNumber":17,"author":{"gitId":"H-ZhanHao"},"content":"    }","lastModifiedDate":"2025-02-06","isFullCredit":false},{"lineNumber":18,"author":{"gitId":"H-ZhanHao"},"content":"}","lastModifiedDate":"2025-02-06","isFullCredit":false}],"authorContributionMap":{"H-ZhanHao":18}},{"path":"src/main/java/Eelyon/Commands/Task.java","fileType":"java","lines":[{"lineNumber":1,"author":{"gitId":"H-ZhanHao"},"content":"package Eelyon.Commands;","lastModifiedDate":"2025-02-15","isFullCredit":false},{"lineNumber":2,"author":{"gitId":"H-ZhanHao"},"content":"","lastModifiedDate":"2025-02-15","isFullCredit":false},{"lineNumber":3,"author":{"gitId":"H-ZhanHao"},"content":"import Eelyon.Exceptions.EmptyDescriptionException;","lastModifiedDate":"2025-02-15","isFullCredit":false},{"lineNumber":4,"author":{"gitId":"H-ZhanHao"},"content":"","lastModifiedDate":"2025-02-15","isFullCredit":false},{"lineNumber":5,"author":{"gitId":"H-ZhanHao"},"content":"public abstract class Task {","lastModifiedDate":"2025-02-15","isFullCredit":false},{"lineNumber":6,"author":{"gitId":"H-ZhanHao"},"content":"    protected String description;","lastModifiedDate":"2025-02-15","isFullCredit":false},{"lineNumber":7,"author":{"gitId":"H-ZhanHao"},"content":"    protected boolean isDone;","lastModifiedDate":"2025-02-15","isFullCredit":false},{"lineNumber":8,"author":{"gitId":"H-ZhanHao"},"content":"","lastModifiedDate":"2025-02-15","isFullCredit":false},{"lineNumber":9,"author":{"gitId":"H-ZhanHao"},"content":"    public Task(String description) {","lastModifiedDate":"2025-02-15","isFullCredit":false},{"lineNumber":10,"author":{"gitId":"H-ZhanHao"},"content":"        if (description \u003d\u003d null || description.trim().isEmpty()) {","lastModifiedDate":"2025-02-15","isFullCredit":false},{"lineNumber":11,"author":{"gitId":"H-ZhanHao"},"content":"            throw new EmptyDescriptionException(\"HEY! DESCRIPTION IS EMPTY!\");","lastModifiedDate":"2025-02-15","isFullCredit":false},{"lineNumber":12,"author":{"gitId":"H-ZhanHao"},"content":"        } else {","lastModifiedDate":"2025-02-15","isFullCredit":false},{"lineNumber":13,"author":{"gitId":"H-ZhanHao"},"content":"            this.description \u003d description;","lastModifiedDate":"2025-02-15","isFullCredit":false},{"lineNumber":14,"author":{"gitId":"H-ZhanHao"},"content":"            this.isDone \u003d false;","lastModifiedDate":"2025-02-15","isFullCredit":false},{"lineNumber":15,"author":{"gitId":"H-ZhanHao"},"content":"        }","lastModifiedDate":"2025-02-15","isFullCredit":false},{"lineNumber":16,"author":{"gitId":"H-ZhanHao"},"content":"    }","lastModifiedDate":"2025-02-15","isFullCredit":false},{"lineNumber":17,"author":{"gitId":"H-ZhanHao"},"content":"","lastModifiedDate":"2025-02-15","isFullCredit":false},{"lineNumber":18,"author":{"gitId":"H-ZhanHao"},"content":"    public String getStatusIcon() {","lastModifiedDate":"2025-02-15","isFullCredit":false},{"lineNumber":19,"author":{"gitId":"H-ZhanHao"},"content":"        return (isDone ? \"X\" : \" \");","lastModifiedDate":"2025-02-15","isFullCredit":false},{"lineNumber":20,"author":{"gitId":"H-ZhanHao"},"content":"    }","lastModifiedDate":"2025-02-15","isFullCredit":false},{"lineNumber":21,"author":{"gitId":"H-ZhanHao"},"content":"","lastModifiedDate":"2025-02-15","isFullCredit":false},{"lineNumber":22,"author":{"gitId":"H-ZhanHao"},"content":"    public String toString() {","lastModifiedDate":"2025-02-15","isFullCredit":false},{"lineNumber":23,"author":{"gitId":"H-ZhanHao"},"content":"        return \"[\" + getStatusIcon() + \"] \" + description;","lastModifiedDate":"2025-02-15","isFullCredit":false},{"lineNumber":24,"author":{"gitId":"H-ZhanHao"},"content":"    }","lastModifiedDate":"2025-02-15","isFullCredit":false},{"lineNumber":25,"author":{"gitId":"H-ZhanHao"},"content":"","lastModifiedDate":"2025-02-15","isFullCredit":false},{"lineNumber":26,"author":{"gitId":"H-ZhanHao"},"content":"    public boolean isDone() {","lastModifiedDate":"2025-02-15","isFullCredit":false},{"lineNumber":27,"author":{"gitId":"H-ZhanHao"},"content":"        return isDone;","lastModifiedDate":"2025-02-15","isFullCredit":false},{"lineNumber":28,"author":{"gitId":"H-ZhanHao"},"content":"    }","lastModifiedDate":"2025-02-15","isFullCredit":false},{"lineNumber":29,"author":{"gitId":"H-ZhanHao"},"content":"","lastModifiedDate":"2025-02-15","isFullCredit":false},{"lineNumber":30,"author":{"gitId":"H-ZhanHao"},"content":"    public void setDone(boolean done) {","lastModifiedDate":"2025-02-15","isFullCredit":false},{"lineNumber":31,"author":{"gitId":"H-ZhanHao"},"content":"        isDone \u003d done;","lastModifiedDate":"2025-02-15","isFullCredit":false},{"lineNumber":32,"author":{"gitId":"H-ZhanHao"},"content":"    }","lastModifiedDate":"2025-02-15","isFullCredit":false},{"lineNumber":33,"author":{"gitId":"H-ZhanHao"},"content":"","lastModifiedDate":"2025-02-15","isFullCredit":false},{"lineNumber":34,"author":{"gitId":"H-ZhanHao"},"content":"    public String getDescription() {","lastModifiedDate":"2025-02-15","isFullCredit":false},{"lineNumber":35,"author":{"gitId":"H-ZhanHao"},"content":"        return description;","lastModifiedDate":"2025-02-15","isFullCredit":false},{"lineNumber":36,"author":{"gitId":"H-ZhanHao"},"content":"    }","lastModifiedDate":"2025-02-15","isFullCredit":false},{"lineNumber":37,"author":{"gitId":"H-ZhanHao"},"content":"","lastModifiedDate":"2025-02-15","isFullCredit":false},{"lineNumber":38,"author":{"gitId":"H-ZhanHao"},"content":"    public void setDescription(String description) {","lastModifiedDate":"2025-02-15","isFullCredit":false},{"lineNumber":39,"author":{"gitId":"H-ZhanHao"},"content":"        this.description \u003d description;","lastModifiedDate":"2025-02-15","isFullCredit":false},{"lineNumber":40,"author":{"gitId":"H-ZhanHao"},"content":"    }","lastModifiedDate":"2025-02-15","isFullCredit":false},{"lineNumber":41,"author":{"gitId":"H-ZhanHao"},"content":"}","lastModifiedDate":"2025-02-15","isFullCredit":false}],"authorContributionMap":{"H-ZhanHao":41}},{"path":"src/main/java/Eelyon/Commands/Todo.java","fileType":"java","lines":[{"lineNumber":1,"author":{"gitId":"H-ZhanHao"},"content":"package Eelyon.Commands;","lastModifiedDate":"2025-02-15","isFullCredit":false},{"lineNumber":2,"author":{"gitId":"H-ZhanHao"},"content":"","lastModifiedDate":"2025-02-15","isFullCredit":false},{"lineNumber":3,"author":{"gitId":"H-ZhanHao"},"content":"public class Todo extends Task {","lastModifiedDate":"2025-02-06","isFullCredit":false},{"lineNumber":4,"author":{"gitId":"H-ZhanHao"},"content":"","lastModifiedDate":"2025-02-06","isFullCredit":false},{"lineNumber":5,"author":{"gitId":"H-ZhanHao"},"content":"    public Todo(String description) {","lastModifiedDate":"2025-02-06","isFullCredit":false},{"lineNumber":6,"author":{"gitId":"H-ZhanHao"},"content":"        super(description);","lastModifiedDate":"2025-02-06","isFullCredit":false},{"lineNumber":7,"author":{"gitId":"H-ZhanHao"},"content":"    }","lastModifiedDate":"2025-02-06","isFullCredit":false},{"lineNumber":8,"author":{"gitId":"H-ZhanHao"},"content":"","lastModifiedDate":"2025-02-06","isFullCredit":false},{"lineNumber":9,"author":{"gitId":"H-ZhanHao"},"content":"    @Override","lastModifiedDate":"2025-02-06","isFullCredit":false},{"lineNumber":10,"author":{"gitId":"H-ZhanHao"},"content":"    public String toString() {","lastModifiedDate":"2025-02-06","isFullCredit":false},{"lineNumber":11,"author":{"gitId":"H-ZhanHao"},"content":"        return \"[T]\" + super.toString();","lastModifiedDate":"2025-02-06","isFullCredit":false},{"lineNumber":12,"author":{"gitId":"H-ZhanHao"},"content":"    }","lastModifiedDate":"2025-02-06","isFullCredit":false},{"lineNumber":13,"author":{"gitId":"H-ZhanHao"},"content":"","lastModifiedDate":"2025-02-15","isFullCredit":false},{"lineNumber":14,"author":{"gitId":"H-ZhanHao"},"content":"","lastModifiedDate":"2025-02-15","isFullCredit":false},{"lineNumber":15,"author":{"gitId":"H-ZhanHao"},"content":"}","lastModifiedDate":"2025-02-06","isFullCredit":false}],"authorContributionMap":{"H-ZhanHao":15}},{"path":"src/main/java/Eelyon/Eelyon.java","fileType":"java","lines":[{"lineNumber":1,"author":{"gitId":"H-ZhanHao"},"content":"package Eelyon;","lastModifiedDate":"2025-02-15","isFullCredit":false},{"lineNumber":2,"author":{"gitId":"H-ZhanHao"},"content":"","lastModifiedDate":"2025-02-15","isFullCredit":false},{"lineNumber":3,"author":{"gitId":"H-ZhanHao"},"content":"import Eelyon.Commands.*;","lastModifiedDate":"2025-02-15","isFullCredit":false},{"lineNumber":4,"author":{"gitId":"H-ZhanHao"},"content":"import Eelyon.Exceptions.EmptyDescriptionException;","lastModifiedDate":"2025-02-15","isFullCredit":false},{"lineNumber":5,"author":{"gitId":"H-ZhanHao"},"content":"import Eelyon.Exceptions.InvalidFormatException;","lastModifiedDate":"2025-02-15","isFullCredit":false},{"lineNumber":6,"author":{"gitId":"H-ZhanHao"},"content":"","lastModifiedDate":"2025-02-15","isFullCredit":false},{"lineNumber":7,"author":{"gitId":"H-ZhanHao"},"content":"import java.util.Scanner;","lastModifiedDate":"2025-02-15","isFullCredit":false},{"lineNumber":8,"author":{"gitId":"H-ZhanHao"},"content":"","lastModifiedDate":"2025-02-15","isFullCredit":false},{"lineNumber":9,"author":{"gitId":"H-ZhanHao"},"content":"","lastModifiedDate":"2025-02-15","isFullCredit":false},{"lineNumber":10,"author":{"gitId":"H-ZhanHao"},"content":"public class Eelyon {","lastModifiedDate":"2025-02-15","isFullCredit":false},{"lineNumber":11,"author":{"gitId":"H-ZhanHao"},"content":"    static final int NUMBER_OF_TASKS \u003d 100;","lastModifiedDate":"2025-02-15","isFullCredit":false},{"lineNumber":12,"author":{"gitId":"H-ZhanHao"},"content":"    static Task[] list \u003d new Task[NUMBER_OF_TASKS];","lastModifiedDate":"2025-02-15","isFullCredit":false},{"lineNumber":13,"author":{"gitId":"H-ZhanHao"},"content":"    static int listIndex \u003d 0;","lastModifiedDate":"2025-02-15","isFullCredit":false},{"lineNumber":14,"author":{"gitId":"H-ZhanHao"},"content":"    static final String LINE \u003d \"____________________________________________________________\\n\";","lastModifiedDate":"2025-02-15","isFullCredit":false},{"lineNumber":15,"author":{"gitId":"H-ZhanHao"},"content":"","lastModifiedDate":"2025-02-15","isFullCredit":false},{"lineNumber":16,"author":{"gitId":"H-ZhanHao"},"content":"    public static void printList() {","lastModifiedDate":"2025-02-15","isFullCredit":false},{"lineNumber":17,"author":{"gitId":"H-ZhanHao"},"content":"        System.out.println(LINE);","lastModifiedDate":"2025-02-15","isFullCredit":false},{"lineNumber":18,"author":{"gitId":"H-ZhanHao"},"content":"        if (listIndex \u003d\u003d 0) {","lastModifiedDate":"2025-02-15","isFullCredit":false},{"lineNumber":19,"author":{"gitId":"H-ZhanHao"},"content":"            System.out.println(\"List is empty\");","lastModifiedDate":"2025-02-15","isFullCredit":false},{"lineNumber":20,"author":{"gitId":"H-ZhanHao"},"content":"        } else {","lastModifiedDate":"2025-02-15","isFullCredit":false},{"lineNumber":21,"author":{"gitId":"H-ZhanHao"},"content":"            for (int i \u003d 0; i \u003c listIndex; i++) {","lastModifiedDate":"2025-02-15","isFullCredit":false},{"lineNumber":22,"author":{"gitId":"H-ZhanHao"},"content":"                int index \u003d i + 1;","lastModifiedDate":"2025-02-15","isFullCredit":false},{"lineNumber":23,"author":{"gitId":"H-ZhanHao"},"content":"                System.out.print(index + \".\");","lastModifiedDate":"2025-02-15","isFullCredit":false},{"lineNumber":24,"author":{"gitId":"H-ZhanHao"},"content":"                System.out.println(list[i]);","lastModifiedDate":"2025-02-15","isFullCredit":false},{"lineNumber":25,"author":{"gitId":"H-ZhanHao"},"content":"            }","lastModifiedDate":"2025-02-15","isFullCredit":false},{"lineNumber":26,"author":{"gitId":"H-ZhanHao"},"content":"        }","lastModifiedDate":"2025-02-15","isFullCredit":false},{"lineNumber":27,"author":{"gitId":"H-ZhanHao"},"content":"        System.out.println(LINE);","lastModifiedDate":"2025-02-15","isFullCredit":false},{"lineNumber":28,"author":{"gitId":"H-ZhanHao"},"content":"    }","lastModifiedDate":"2025-02-15","isFullCredit":false},{"lineNumber":29,"author":{"gitId":"H-ZhanHao"},"content":"","lastModifiedDate":"2025-02-15","isFullCredit":false},{"lineNumber":30,"author":{"gitId":"H-ZhanHao"},"content":"    public static void setMarked(int index) {","lastModifiedDate":"2025-02-15","isFullCredit":false},{"lineNumber":31,"author":{"gitId":"H-ZhanHao"},"content":"        if (index \u003e\u003d listIndex || index \u003c 0) {","lastModifiedDate":"2025-02-15","isFullCredit":false},{"lineNumber":32,"author":{"gitId":"H-ZhanHao"},"content":"            System.out.println(LINE);","lastModifiedDate":"2025-02-15","isFullCredit":false},{"lineNumber":33,"author":{"gitId":"H-ZhanHao"},"content":"            System.out.println(\"Invalid index\");","lastModifiedDate":"2025-02-15","isFullCredit":false},{"lineNumber":34,"author":{"gitId":"H-ZhanHao"},"content":"            System.out.println(LINE);","lastModifiedDate":"2025-02-15","isFullCredit":false},{"lineNumber":35,"author":{"gitId":"H-ZhanHao"},"content":"            return;","lastModifiedDate":"2025-02-15","isFullCredit":false},{"lineNumber":36,"author":{"gitId":"H-ZhanHao"},"content":"        } else {","lastModifiedDate":"2025-02-15","isFullCredit":false},{"lineNumber":37,"author":{"gitId":"H-ZhanHao"},"content":"            list[index].setDone(true);","lastModifiedDate":"2025-02-15","isFullCredit":false},{"lineNumber":38,"author":{"gitId":"H-ZhanHao"},"content":"            System.out.println(LINE);","lastModifiedDate":"2025-02-15","isFullCredit":false},{"lineNumber":39,"author":{"gitId":"H-ZhanHao"},"content":"            System.out.println(\"Nice! I\u0027ve marked this task as done:\\n\" + \"[\" + list[index].getStatusIcon() + \"] \" + list[index].getDescription());","lastModifiedDate":"2025-02-15","isFullCredit":false},{"lineNumber":40,"author":{"gitId":"H-ZhanHao"},"content":"            System.out.println(LINE);","lastModifiedDate":"2025-02-15","isFullCredit":false},{"lineNumber":41,"author":{"gitId":"H-ZhanHao"},"content":"        }","lastModifiedDate":"2025-02-15","isFullCredit":false},{"lineNumber":42,"author":{"gitId":"H-ZhanHao"},"content":"    }","lastModifiedDate":"2025-02-15","isFullCredit":false},{"lineNumber":43,"author":{"gitId":"H-ZhanHao"},"content":"","lastModifiedDate":"2025-02-15","isFullCredit":false},{"lineNumber":44,"author":{"gitId":"H-ZhanHao"},"content":"    public static void setUnmarked(int index) {","lastModifiedDate":"2025-02-15","isFullCredit":false},{"lineNumber":45,"author":{"gitId":"H-ZhanHao"},"content":"        if (index \u003e\u003d listIndex || index \u003c 0) {","lastModifiedDate":"2025-02-15","isFullCredit":false},{"lineNumber":46,"author":{"gitId":"H-ZhanHao"},"content":"            System.out.println(LINE);","lastModifiedDate":"2025-02-15","isFullCredit":false},{"lineNumber":47,"author":{"gitId":"H-ZhanHao"},"content":"            System.out.println(\"Invalid index\");","lastModifiedDate":"2025-02-15","isFullCredit":false},{"lineNumber":48,"author":{"gitId":"H-ZhanHao"},"content":"            System.out.println(LINE);","lastModifiedDate":"2025-02-15","isFullCredit":false},{"lineNumber":49,"author":{"gitId":"H-ZhanHao"},"content":"        } else {","lastModifiedDate":"2025-02-15","isFullCredit":false},{"lineNumber":50,"author":{"gitId":"H-ZhanHao"},"content":"            list[index].setDone(false);","lastModifiedDate":"2025-02-15","isFullCredit":false},{"lineNumber":51,"author":{"gitId":"H-ZhanHao"},"content":"            System.out.println(LINE);","lastModifiedDate":"2025-02-15","isFullCredit":false},{"lineNumber":52,"author":{"gitId":"H-ZhanHao"},"content":"            System.out.println(\"Ok, I\u0027ve marked this task as not done yet:\\n\" + \"[\" + list[index].getStatusIcon() + \"] \" + list[index].getDescription());","lastModifiedDate":"2025-02-15","isFullCredit":false},{"lineNumber":53,"author":{"gitId":"H-ZhanHao"},"content":"            System.out.println(LINE);","lastModifiedDate":"2025-02-15","isFullCredit":false},{"lineNumber":54,"author":{"gitId":"H-ZhanHao"},"content":"        }","lastModifiedDate":"2025-02-15","isFullCredit":false},{"lineNumber":55,"author":{"gitId":"H-ZhanHao"},"content":"    }","lastModifiedDate":"2025-02-15","isFullCredit":false},{"lineNumber":56,"author":{"gitId":"H-ZhanHao"},"content":"","lastModifiedDate":"2025-02-15","isFullCredit":false},{"lineNumber":57,"author":{"gitId":"H-ZhanHao"},"content":"    public static void addTask(Task task) {","lastModifiedDate":"2025-02-15","isFullCredit":false},{"lineNumber":58,"author":{"gitId":"H-ZhanHao"},"content":"        list[listIndex] \u003d task;","lastModifiedDate":"2025-02-15","isFullCredit":false},{"lineNumber":59,"author":{"gitId":"H-ZhanHao"},"content":"        System.out.println(LINE + \"added: \" + list[listIndex].getDescription() + \"\\n\");","lastModifiedDate":"2025-02-15","isFullCredit":false},{"lineNumber":60,"author":{"gitId":"H-ZhanHao"},"content":"        listIndex++;","lastModifiedDate":"2025-02-15","isFullCredit":false},{"lineNumber":61,"author":{"gitId":"H-ZhanHao"},"content":"        System.out.printf(\"You now have %d tasks in the list\\n\", listIndex);","lastModifiedDate":"2025-02-15","isFullCredit":false},{"lineNumber":62,"author":{"gitId":"H-ZhanHao"},"content":"        System.out.println(LINE);","lastModifiedDate":"2025-02-15","isFullCredit":false},{"lineNumber":63,"author":{"gitId":"H-ZhanHao"},"content":"    }","lastModifiedDate":"2025-02-15","isFullCredit":false},{"lineNumber":64,"author":{"gitId":"H-ZhanHao"},"content":"","lastModifiedDate":"2025-02-15","isFullCredit":false},{"lineNumber":65,"author":{"gitId":"H-ZhanHao"},"content":"    public static void checkDescription(CommandType commandType, String input) {","lastModifiedDate":"2025-02-15","isFullCredit":false},{"lineNumber":66,"author":{"gitId":"H-ZhanHao"},"content":"        if (commandType.getCommandType().equals(\"todo\")) {","lastModifiedDate":"2025-02-15","isFullCredit":false},{"lineNumber":67,"author":{"gitId":"H-ZhanHao"},"content":"            if(input.substring(input.indexOf(\"todo\") + \"todo\".length()).trim().length() \u003c\u003d 0) {","lastModifiedDate":"2025-02-15","isFullCredit":false},{"lineNumber":68,"author":{"gitId":"H-ZhanHao"},"content":"                throw new EmptyDescriptionException(\"No empty descriptions allowed dawg. Try again.\");","lastModifiedDate":"2025-02-15","isFullCredit":false},{"lineNumber":69,"author":{"gitId":"H-ZhanHao"},"content":"            }","lastModifiedDate":"2025-02-15","isFullCredit":false},{"lineNumber":70,"author":{"gitId":"H-ZhanHao"},"content":"        } else if (input.substring(input.indexOf(commandType.getCommandType()) + commandType.getCommandType().length(), input.indexOf(commandType.getEndCommand())).trim().length() \u003c\u003d 0) {","lastModifiedDate":"2025-02-15","isFullCredit":false},{"lineNumber":71,"author":{"gitId":"H-ZhanHao"},"content":"            throw new EmptyDescriptionException(\"No empty descriptions allowed dawg. Try again.\");","lastModifiedDate":"2025-02-15","isFullCredit":false},{"lineNumber":72,"author":{"gitId":"H-ZhanHao"},"content":"        }","lastModifiedDate":"2025-02-15","isFullCredit":false},{"lineNumber":73,"author":{"gitId":"H-ZhanHao"},"content":"    }","lastModifiedDate":"2025-02-15","isFullCredit":false},{"lineNumber":74,"author":{"gitId":"H-ZhanHao"},"content":"","lastModifiedDate":"2025-02-15","isFullCredit":false},{"lineNumber":75,"author":{"gitId":"H-ZhanHao"},"content":"    public static void checkFormat(CommandType commandType, String input) {","lastModifiedDate":"2025-02-15","isFullCredit":false},{"lineNumber":76,"author":{"gitId":"H-ZhanHao"},"content":"        if (!input.contains(commandType.getEndCommand())) {","lastModifiedDate":"2025-02-15","isFullCredit":false},{"lineNumber":77,"author":{"gitId":"H-ZhanHao"},"content":"            throw new InvalidFormatException(\"Input is kinda sus. Try again.\");","lastModifiedDate":"2025-02-15","isFullCredit":false},{"lineNumber":78,"author":{"gitId":"H-ZhanHao"},"content":"        }","lastModifiedDate":"2025-02-15","isFullCredit":false},{"lineNumber":79,"author":{"gitId":"H-ZhanHao"},"content":"    }","lastModifiedDate":"2025-02-15","isFullCredit":false},{"lineNumber":80,"author":{"gitId":"H-ZhanHao"},"content":"","lastModifiedDate":"2025-02-15","isFullCredit":false},{"lineNumber":81,"author":{"gitId":"H-ZhanHao"},"content":"    public static CommandType inputCheck(String command, String input) {","lastModifiedDate":"2025-02-15","isFullCredit":false},{"lineNumber":82,"author":{"gitId":"H-ZhanHao"},"content":"        CommandType commandType \u003d new CommandType();","lastModifiedDate":"2025-02-15","isFullCredit":false},{"lineNumber":83,"author":{"gitId":"H-ZhanHao"},"content":"        try {","lastModifiedDate":"2025-02-15","isFullCredit":false},{"lineNumber":84,"author":{"gitId":"H-ZhanHao"},"content":"            commandType.setCommandType(command); //Checks for valid command","lastModifiedDate":"2025-02-15","isFullCredit":false},{"lineNumber":85,"author":{"gitId":"H-ZhanHao"},"content":"            if (!commandType.getCommandType().equals(\"mark\") \u0026\u0026 !commandType.getCommandType().equals(\"unmark\") \u0026\u0026 !commandType.getCommandType().equals(\"list\") \u0026\u0026 !commandType.getCommandType().equals(\"bye\")) {","lastModifiedDate":"2025-02-15","isFullCredit":false},{"lineNumber":86,"author":{"gitId":"H-ZhanHao"},"content":"                checkFormat(commandType, input);","lastModifiedDate":"2025-02-15","isFullCredit":false},{"lineNumber":87,"author":{"gitId":"H-ZhanHao"},"content":"                checkDescription(commandType, input);","lastModifiedDate":"2025-02-15","isFullCredit":false},{"lineNumber":88,"author":{"gitId":"H-ZhanHao"},"content":"            }","lastModifiedDate":"2025-02-15","isFullCredit":false},{"lineNumber":89,"author":{"gitId":"H-ZhanHao"},"content":"        } catch (EmptyDescriptionException | InvalidFormatException | IllegalArgumentException error) {","lastModifiedDate":"2025-02-15","isFullCredit":false},{"lineNumber":90,"author":{"gitId":"H-ZhanHao"},"content":"            System.out.println(LINE);","lastModifiedDate":"2025-02-15","isFullCredit":false},{"lineNumber":91,"author":{"gitId":"H-ZhanHao"},"content":"            System.out.println(error.getMessage());","lastModifiedDate":"2025-02-15","isFullCredit":false},{"lineNumber":92,"author":{"gitId":"H-ZhanHao"},"content":"            System.out.println(LINE);","lastModifiedDate":"2025-02-15","isFullCredit":false},{"lineNumber":93,"author":{"gitId":"H-ZhanHao"},"content":"            commandType.setValid(false);","lastModifiedDate":"2025-02-15","isFullCredit":false},{"lineNumber":94,"author":{"gitId":"H-ZhanHao"},"content":"            return commandType;","lastModifiedDate":"2025-02-15","isFullCredit":false},{"lineNumber":95,"author":{"gitId":"H-ZhanHao"},"content":"        }","lastModifiedDate":"2025-02-15","isFullCredit":false},{"lineNumber":96,"author":{"gitId":"H-ZhanHao"},"content":"        commandType.setValid(true);","lastModifiedDate":"2025-02-15","isFullCredit":false},{"lineNumber":97,"author":{"gitId":"H-ZhanHao"},"content":"        return commandType;","lastModifiedDate":"2025-02-15","isFullCredit":false},{"lineNumber":98,"author":{"gitId":"H-ZhanHao"},"content":"    }","lastModifiedDate":"2025-02-15","isFullCredit":false},{"lineNumber":99,"author":{"gitId":"H-ZhanHao"},"content":"","lastModifiedDate":"2025-02-15","isFullCredit":false},{"lineNumber":100,"author":{"gitId":"H-ZhanHao"},"content":"    public static void main(String[] args) {","lastModifiedDate":"2025-02-15","isFullCredit":false},{"lineNumber":101,"author":{"gitId":"H-ZhanHao"},"content":"        boolean isFinished \u003d false;","lastModifiedDate":"2025-02-15","isFullCredit":false},{"lineNumber":102,"author":{"gitId":"H-ZhanHao"},"content":"        boolean isInputValid \u003d false;","lastModifiedDate":"2025-02-15","isFullCredit":false},{"lineNumber":103,"author":{"gitId":"H-ZhanHao"},"content":"        String input;","lastModifiedDate":"2025-02-15","isFullCredit":false},{"lineNumber":104,"author":{"gitId":"H-ZhanHao"},"content":"        String[] separatedInput \u003d new String[0];","lastModifiedDate":"2025-02-15","isFullCredit":false},{"lineNumber":105,"author":{"gitId":"H-ZhanHao"},"content":"        Scanner in \u003d new Scanner(System.in);","lastModifiedDate":"2025-02-15","isFullCredit":false},{"lineNumber":106,"author":{"gitId":"H-ZhanHao"},"content":"","lastModifiedDate":"2025-02-15","isFullCredit":false},{"lineNumber":107,"author":{"gitId":"H-ZhanHao"},"content":"        System.out.println(LINE + \"Hello! I\u0027m Eelyon\\n\" + \"What can I do for you?\\n\" + LINE);","lastModifiedDate":"2025-02-15","isFullCredit":false},{"lineNumber":108,"author":{"gitId":"H-ZhanHao"},"content":"","lastModifiedDate":"2025-02-15","isFullCredit":false},{"lineNumber":109,"author":{"gitId":"H-ZhanHao"},"content":"        while (!isFinished) {","lastModifiedDate":"2025-02-15","isFullCredit":false},{"lineNumber":110,"author":{"gitId":"H-ZhanHao"},"content":"            input \u003d in.nextLine();","lastModifiedDate":"2025-02-15","isFullCredit":false},{"lineNumber":111,"author":{"gitId":"H-ZhanHao"},"content":"            separatedInput \u003d input.trim().split(\" \");","lastModifiedDate":"2025-02-15","isFullCredit":false},{"lineNumber":112,"author":{"gitId":"H-ZhanHao"},"content":"            CommandType commandType \u003d null;","lastModifiedDate":"2025-02-15","isFullCredit":false},{"lineNumber":113,"author":{"gitId":"H-ZhanHao"},"content":"            try {","lastModifiedDate":"2025-02-15","isFullCredit":false},{"lineNumber":114,"author":{"gitId":"H-ZhanHao"},"content":"                commandType \u003d inputCheck(separatedInput[0],input);","lastModifiedDate":"2025-02-15","isFullCredit":false},{"lineNumber":115,"author":{"gitId":"H-ZhanHao"},"content":"            } catch (IllegalArgumentException error) { //Check for valid command","lastModifiedDate":"2025-02-15","isFullCredit":false},{"lineNumber":116,"author":{"gitId":"H-ZhanHao"},"content":"                System.out.println(LINE);","lastModifiedDate":"2025-02-15","isFullCredit":false},{"lineNumber":117,"author":{"gitId":"H-ZhanHao"},"content":"                System.out.println(error.getMessage());","lastModifiedDate":"2025-02-15","isFullCredit":false},{"lineNumber":118,"author":{"gitId":"H-ZhanHao"},"content":"                System.out.println(LINE);","lastModifiedDate":"2025-02-15","isFullCredit":false},{"lineNumber":119,"author":{"gitId":"H-ZhanHao"},"content":"            }","lastModifiedDate":"2025-02-15","isFullCredit":false},{"lineNumber":120,"author":{"gitId":"H-ZhanHao"},"content":"","lastModifiedDate":"2025-02-15","isFullCredit":false},{"lineNumber":121,"author":{"gitId":"H-ZhanHao"},"content":"            assert commandType !\u003d null;","lastModifiedDate":"2025-02-15","isFullCredit":false},{"lineNumber":122,"author":{"gitId":"H-ZhanHao"},"content":"            if (commandType.isValid()) {","lastModifiedDate":"2025-02-15","isFullCredit":false},{"lineNumber":123,"author":{"gitId":"H-ZhanHao"},"content":"                switch (separatedInput[0]) {","lastModifiedDate":"2025-02-15","isFullCredit":false},{"lineNumber":124,"author":{"gitId":"H-ZhanHao"},"content":"                case \"mark\":","lastModifiedDate":"2025-02-15","isFullCredit":false},{"lineNumber":125,"author":{"gitId":"H-ZhanHao"},"content":"                    setMarked(Integer.parseInt(separatedInput[1]) - 1);","lastModifiedDate":"2025-02-15","isFullCredit":false},{"lineNumber":126,"author":{"gitId":"H-ZhanHao"},"content":"                    break;","lastModifiedDate":"2025-02-15","isFullCredit":false},{"lineNumber":127,"author":{"gitId":"H-ZhanHao"},"content":"                case \"unmark\":","lastModifiedDate":"2025-02-15","isFullCredit":false},{"lineNumber":128,"author":{"gitId":"H-ZhanHao"},"content":"                    setUnmarked(Integer.parseInt(separatedInput[1]) - 1);","lastModifiedDate":"2025-02-15","isFullCredit":false},{"lineNumber":129,"author":{"gitId":"H-ZhanHao"},"content":"                    break;","lastModifiedDate":"2025-02-15","isFullCredit":false},{"lineNumber":130,"author":{"gitId":"H-ZhanHao"},"content":"                case \"list\":","lastModifiedDate":"2025-02-15","isFullCredit":false},{"lineNumber":131,"author":{"gitId":"H-ZhanHao"},"content":"                    printList();","lastModifiedDate":"2025-02-15","isFullCredit":false},{"lineNumber":132,"author":{"gitId":"H-ZhanHao"},"content":"                    break;","lastModifiedDate":"2025-02-15","isFullCredit":false},{"lineNumber":133,"author":{"gitId":"H-ZhanHao"},"content":"                case \"bye\":","lastModifiedDate":"2025-02-15","isFullCredit":false},{"lineNumber":134,"author":{"gitId":"H-ZhanHao"},"content":"                    isFinished \u003d true;","lastModifiedDate":"2025-02-15","isFullCredit":false},{"lineNumber":135,"author":{"gitId":"H-ZhanHao"},"content":"                    break;","lastModifiedDate":"2025-02-15","isFullCredit":false},{"lineNumber":136,"author":{"gitId":"H-ZhanHao"},"content":"                case \"deadline\":","lastModifiedDate":"2025-02-15","isFullCredit":false},{"lineNumber":137,"author":{"gitId":"H-ZhanHao"},"content":"                    String deadlineTask \u003d input.substring(input.indexOf(\"deadline\") + \"deadline\".length(), input.indexOf(\"/by\")).trim();","lastModifiedDate":"2025-02-15","isFullCredit":false},{"lineNumber":138,"author":{"gitId":"H-ZhanHao"},"content":"                    String by \u003d input.substring(input.indexOf(\"by\") + \"by\".length()).trim();","lastModifiedDate":"2025-02-15","isFullCredit":false},{"lineNumber":139,"author":{"gitId":"H-ZhanHao"},"content":"                    Deadline newDeadline \u003d new Deadline(deadlineTask, by);","lastModifiedDate":"2025-02-15","isFullCredit":false},{"lineNumber":140,"author":{"gitId":"H-ZhanHao"},"content":"                    addTask(newDeadline);","lastModifiedDate":"2025-02-15","isFullCredit":false},{"lineNumber":141,"author":{"gitId":"H-ZhanHao"},"content":"                    break;","lastModifiedDate":"2025-02-15","isFullCredit":false},{"lineNumber":142,"author":{"gitId":"H-ZhanHao"},"content":"                case \"event\":","lastModifiedDate":"2025-02-15","isFullCredit":false},{"lineNumber":143,"author":{"gitId":"H-ZhanHao"},"content":"                    String eventTask \u003d input.substring(input.indexOf(\"event\") + \"event\".length(), input.indexOf(\"/from\")).trim();","lastModifiedDate":"2025-02-15","isFullCredit":false},{"lineNumber":144,"author":{"gitId":"H-ZhanHao"},"content":"                    String from \u003d input.substring(input.indexOf(\"from\") + \"from\".length(), input.indexOf(\"/to\")).trim();","lastModifiedDate":"2025-02-15","isFullCredit":false},{"lineNumber":145,"author":{"gitId":"H-ZhanHao"},"content":"                    String to \u003d input.substring(input.indexOf(\"to\") + \"to\".length()).trim();","lastModifiedDate":"2025-02-15","isFullCredit":false},{"lineNumber":146,"author":{"gitId":"H-ZhanHao"},"content":"                    Event newEvent \u003d new Event(eventTask, from, to);","lastModifiedDate":"2025-02-15","isFullCredit":false},{"lineNumber":147,"author":{"gitId":"H-ZhanHao"},"content":"                    addTask(newEvent);","lastModifiedDate":"2025-02-15","isFullCredit":false},{"lineNumber":148,"author":{"gitId":"H-ZhanHao"},"content":"                    break;","lastModifiedDate":"2025-02-15","isFullCredit":false},{"lineNumber":149,"author":{"gitId":"H-ZhanHao"},"content":"                case \"todo\":","lastModifiedDate":"2025-02-15","isFullCredit":false},{"lineNumber":150,"author":{"gitId":"H-ZhanHao"},"content":"                    String todoTask \u003d input.substring(input.indexOf(\"todo\") + \"todo\".length()).trim();","lastModifiedDate":"2025-02-15","isFullCredit":false},{"lineNumber":151,"author":{"gitId":"H-ZhanHao"},"content":"                    Todo newTodo \u003d new Todo(todoTask);","lastModifiedDate":"2025-02-15","isFullCredit":false},{"lineNumber":152,"author":{"gitId":"H-ZhanHao"},"content":"                    addTask(newTodo);","lastModifiedDate":"2025-02-15","isFullCredit":false},{"lineNumber":153,"author":{"gitId":"H-ZhanHao"},"content":"                    break;","lastModifiedDate":"2025-02-15","isFullCredit":false},{"lineNumber":154,"author":{"gitId":"H-ZhanHao"},"content":"                default:","lastModifiedDate":"2025-02-15","isFullCredit":false},{"lineNumber":155,"author":{"gitId":"H-ZhanHao"},"content":"                    System.out.println(\"Invalid input\");","lastModifiedDate":"2025-02-15","isFullCredit":false},{"lineNumber":156,"author":{"gitId":"H-ZhanHao"},"content":"                    break;","lastModifiedDate":"2025-02-15","isFullCredit":false},{"lineNumber":157,"author":{"gitId":"H-ZhanHao"},"content":"                }","lastModifiedDate":"2025-02-15","isFullCredit":false},{"lineNumber":158,"author":{"gitId":"H-ZhanHao"},"content":"            }","lastModifiedDate":"2025-02-15","isFullCredit":false},{"lineNumber":159,"author":{"gitId":"H-ZhanHao"},"content":"        }","lastModifiedDate":"2025-02-15","isFullCredit":false},{"lineNumber":160,"author":{"gitId":"H-ZhanHao"},"content":"        System.out.println(LINE + \"Bye. Hope to see you soon!\\n\" + LINE);","lastModifiedDate":"2025-02-15","isFullCredit":false},{"lineNumber":161,"author":{"gitId":"H-ZhanHao"},"content":"    }","lastModifiedDate":"2025-02-15","isFullCredit":false},{"lineNumber":162,"author":{"gitId":"H-ZhanHao"},"content":"}","lastModifiedDate":"2025-02-15","isFullCredit":false},{"lineNumber":163,"author":{"gitId":"H-ZhanHao"},"content":"","lastModifiedDate":"2025-02-15","isFullCredit":false}],"authorContributionMap":{"H-ZhanHao":163}},{"path":"src/main/java/Eelyon/Exceptions/EmptyDescriptionException.java","fileType":"java","lines":[{"lineNumber":1,"author":{"gitId":"H-ZhanHao"},"content":"package Eelyon.Exceptions;","lastModifiedDate":"2025-02-15","isFullCredit":false},{"lineNumber":2,"author":{"gitId":"H-ZhanHao"},"content":"","lastModifiedDate":"2025-02-15","isFullCredit":false},{"lineNumber":3,"author":{"gitId":"H-ZhanHao"},"content":"public class EmptyDescriptionException extends RuntimeException {","lastModifiedDate":"2025-02-15","isFullCredit":false},{"lineNumber":4,"author":{"gitId":"H-ZhanHao"},"content":"  public EmptyDescriptionException(String message) {","lastModifiedDate":"2025-02-15","isFullCredit":false},{"lineNumber":5,"author":{"gitId":"H-ZhanHao"},"content":"    super(message);","lastModifiedDate":"2025-02-15","isFullCredit":false},{"lineNumber":6,"author":{"gitId":"H-ZhanHao"},"content":"  }","lastModifiedDate":"2025-02-15","isFullCredit":false},{"lineNumber":7,"author":{"gitId":"H-ZhanHao"},"content":"}","lastModifiedDate":"2025-02-15","isFullCredit":false}],"authorContributionMap":{"H-ZhanHao":7}},{"path":"src/main/java/Eelyon/Exceptions/InvalidFormatException.java","fileType":"java","lines":[{"lineNumber":1,"author":{"gitId":"H-ZhanHao"},"content":"package Eelyon.Exceptions;","lastModifiedDate":"2025-02-15","isFullCredit":false},{"lineNumber":2,"author":{"gitId":"H-ZhanHao"},"content":"","lastModifiedDate":"2025-02-15","isFullCredit":false},{"lineNumber":3,"author":{"gitId":"H-ZhanHao"},"content":"public class InvalidFormatException extends RuntimeException {","lastModifiedDate":"2025-02-15","isFullCredit":false},{"lineNumber":4,"author":{"gitId":"H-ZhanHao"},"content":"    public InvalidFormatException(String message) {","lastModifiedDate":"2025-02-15","isFullCredit":false},{"lineNumber":5,"author":{"gitId":"H-ZhanHao"},"content":"        super(message);","lastModifiedDate":"2025-02-15","isFullCredit":false},{"lineNumber":6,"author":{"gitId":"H-ZhanHao"},"content":"    }","lastModifiedDate":"2025-02-15","isFullCredit":false},{"lineNumber":7,"author":{"gitId":"H-ZhanHao"},"content":"}","lastModifiedDate":"2025-02-15","isFullCredit":false}],"authorContributionMap":{"H-ZhanHao":7}},{"path":"text-ui-test/runtest.bat","fileType":"bat","lines":[{"lineNumber":1,"author":{"gitId":"-"},"content":"@ECHO OFF","lastModifiedDate":"2020-05-25","isFullCredit":false},{"lineNumber":2,"author":{"gitId":"-"},"content":"","lastModifiedDate":"2020-05-25","isFullCredit":false},{"lineNumber":3,"author":{"gitId":"-"},"content":"REM create bin directory if it doesn\u0027t exist","lastModifiedDate":"2020-05-25","isFullCredit":false},{"lineNumber":4,"author":{"gitId":"-"},"content":"if not exist ..\\bin mkdir ..\\bin","lastModifiedDate":"2020-05-25","isFullCredit":false},{"lineNumber":5,"author":{"gitId":"-"},"content":"","lastModifiedDate":"2020-05-25","isFullCredit":false},{"lineNumber":6,"author":{"gitId":"-"},"content":"REM delete output from previous run","lastModifiedDate":"2020-05-25","isFullCredit":false},{"lineNumber":7,"author":{"gitId":"-"},"content":"if exist ACTUAL.TXT del ACTUAL.TXT","lastModifiedDate":"2020-08-25","isFullCredit":false},{"lineNumber":8,"author":{"gitId":"-"},"content":"","lastModifiedDate":"2020-05-25","isFullCredit":false},{"lineNumber":9,"author":{"gitId":"-"},"content":"REM compile the code into the bin folder","lastModifiedDate":"2020-05-25","isFullCredit":false},{"lineNumber":10,"author":{"gitId":"-"},"content":"javac  -cp ..\\src\\main\\java -Xlint:none -d ..\\bin ..\\src\\main\\java\\*.java","lastModifiedDate":"2020-08-25","isFullCredit":false},{"lineNumber":11,"author":{"gitId":"-"},"content":"IF ERRORLEVEL 1 (","lastModifiedDate":"2020-05-25","isFullCredit":false},{"lineNumber":12,"author":{"gitId":"-"},"content":"    echo ********** BUILD FAILURE **********","lastModifiedDate":"2020-05-25","isFullCredit":false},{"lineNumber":13,"author":{"gitId":"-"},"content":"    exit /b 1","lastModifiedDate":"2020-05-25","isFullCredit":false},{"lineNumber":14,"author":{"gitId":"-"},"content":")","lastModifiedDate":"2020-05-25","isFullCredit":false},{"lineNumber":15,"author":{"gitId":"-"},"content":"REM no error here, errorlevel \u003d\u003d 0","lastModifiedDate":"2020-05-25","isFullCredit":false},{"lineNumber":16,"author":{"gitId":"-"},"content":"","lastModifiedDate":"2020-05-25","isFullCredit":false},{"lineNumber":17,"author":{"gitId":"-"},"content":"REM run the program, feed commands from input.txt file and redirect the output to the ACTUAL.TXT","lastModifiedDate":"2020-05-25","isFullCredit":false},{"lineNumber":18,"author":{"gitId":"H-ZhanHao"},"content":"java -classpath ..\\bin Eelyon \u003c input.txt \u003e ACTUAL.TXT","lastModifiedDate":"2025-02-06","isFullCredit":false},{"lineNumber":19,"author":{"gitId":"-"},"content":"","lastModifiedDate":"2020-05-25","isFullCredit":false},{"lineNumber":20,"author":{"gitId":"-"},"content":"REM compare the output to the expected output","lastModifiedDate":"2020-05-25","isFullCredit":false},{"lineNumber":21,"author":{"gitId":"-"},"content":"FC ACTUAL.TXT EXPECTED.TXT","lastModifiedDate":"2020-05-25","isFullCredit":false}],"authorContributionMap":{"H-ZhanHao":1,"-":20}}]
