{"authorDailyContributionsMap":{"H-ZhanHao":[{"date":"2025-01-24","commitResults":[{"hash":"0b6e6ef5d54d9dc476a071610548068ae6e119e5","isMergeCommit":false,"messageTitle":"Change Duke to Eelyon","messageBody":"","tags":["Level-0"],"fileTypesAndContributionMap":{"java":{"insertions":7,"deletions":0}}}]},{"date":"2025-01-29","commitResults":[{"hash":"48159c17a9c1b0b77dbe143882da95aced8e9998","isMergeCommit":false,"messageTitle":"Update Eelyon to add echo feature","messageBody":"","tags":["Level-1"],"fileTypesAndContributionMap":{"java":{"insertions":22,"deletions":12}}},{"hash":"1dbccf2fcd64a810c40166cef642616a08445db9","isMergeCommit":false,"messageTitle":"Update Eelyon: Add ability to store text into list","messageBody":"","tags":["Level-2"],"fileTypesAndContributionMap":{"java":{"insertions":12,"deletions":1}}},{"hash":"5a2fe690cefdb73c09274fcfacccc63b52cd1ed2","isMergeCommit":false,"messageTitle":"Add Task.java Update Eelyon: Add ability to unmark and mark as done","messageBody":"","tags":["Level-3","A-CodingStandard"],"fileTypesAndContributionMap":{"java":{"insertions":85,"deletions":20}}}]},{"date":"2025-02-06","commitResults":[{"hash":"4bc0181cdf4d3cf0296f57974d886f71193e604f","isMergeCommit":false,"messageTitle":"Add Deadline.java, Event.java, Todo.java.","messageBody":"Eelyon updated to handle deadlines, events, and todos\n","fileTypesAndContributionMap":{"java":{"insertions":70,"deletions":5},"bat":{"insertions":1,"deletions":1},"md":{"insertions":3,"deletions":3}}}]},{"date":"2025-02-07","commitResults":[{"hash":"18d446902586c2d296f391c0f1515233cf57175f","isMergeCommit":false,"messageTitle":"Bug Fix: Can now view mark and unmarked tasks","messageBody":"","tags":["Level-4","A-CodeQuality"],"fileTypesAndContributionMap":{"java":{"insertions":9,"deletions":7}}}]},{"date":"2025-02-15","commitResults":[{"hash":"340f0aebb45d2654cf82a84d78aa0f41ad698fe7","isMergeCommit":false,"messageTitle":"Add CammandType.java Main.java: Add error handling","messageBody":"System would crash whenever an input was unknown or format was incorrect\n\nImplemented a new function called inputCheck to check for any descriptions present as well as correct formatting.\nCommandType class was created to abstract the different formats of commands.\n\nUsing objects made the code cleaner and reduced repetitive code.\n","tags":["Level-5","A-Packages","A-Exceptions"],"fileTypesAndContributionMap":{"java":{"insertions":269,"deletions":129}}},{"hash":"dddffd9701daf9cc6ac516aa5129fc5a18e15f30","isMergeCommit":true,"messageTitle":"Merge branch \u0027branch-Level-5\u0027","messageBody":"","fileTypesAndContributionMap":{}}]},{"date":"2025-02-21","commitResults":[{"hash":"8c869881e9f1153b7703fbddb87c890fe209863f","isMergeCommit":false,"messageTitle":"Update Eelyon: add delete task function","messageBody":"","fileTypesAndContributionMap":{"java":{"insertions":36,"deletions":17}}}]},{"date":"2025-02-22","commitResults":[{"hash":"778ce82f5f0c7ea9ae9c6c521d7948ae779bbdc3","isMergeCommit":false,"messageTitle":"Update Eelyon: add saving and loading","messageBody":"","fileTypesAndContributionMap":{"txt":{"insertions":0,"deletions":0},"java":{"insertions":127,"deletions":2}}},{"hash":"4d2a5f5d6c4020587a8b733c856ca2ab6b4cc946","isMergeCommit":true,"messageTitle":"Merge branch \u0027branch-Level-6\u0027","messageBody":"","fileTypesAndContributionMap":{}},{"hash":"0cada8c2053d545e2dd59676839249747f36be17","isMergeCommit":false,"messageTitle":"Merge branch \u0027branch-Level-7\u0027","messageBody":"# Conflicts:\n#\tsrc/main/java/Eelyon/Eelyon.java\n","fileTypesAndContributionMap":{"txt":{"insertions":2,"deletions":0},"java":{"insertions":125,"deletions":5}}},{"hash":"6e4bfd082c0254a71120c595081fa6ba92319317","isMergeCommit":false,"messageTitle":"Fix bugs: Merge conflict solved","messageBody":"","tags":["Level-7","Level-6","A-Collections"],"fileTypesAndContributionMap":{"java":{"insertions":3,"deletions":0}}},{"hash":"5258e35ef3cadd862fc57f091250a7c357d38ed3","isMergeCommit":false,"messageTitle":"Bug fix: Directory now created if it doesn\u0027t exist","messageBody":"","tags":["A-Jar"],"fileTypesAndContributionMap":{"java":{"insertions":8,"deletions":4}}}]},{"date":"2025-03-06","commitResults":[{"hash":"0eb8062fa39140dee68ef29d18bb49670c256bea","isMergeCommit":false,"messageTitle":"Update Eelyon to be more OOP","messageBody":"","tags":["A-MoreOOP"],"fileTypesAndContributionMap":{"java":{"insertions":543,"deletions":291}}}]},{"date":"2025-03-08","commitResults":[{"hash":"ede664c1d1fff9e3104b3903e8d0cb760719b53e","isMergeCommit":false,"messageTitle":"Add findCommand","messageBody":"Users can now search for items in the list\n","fileTypesAndContributionMap":{"txt":{"insertions":0,"deletions":2},"java":{"insertions":46,"deletions":2}}},{"hash":"85fe493b237435e41f652fe54d720a450eda8d83","isMergeCommit":false,"messageTitle":"Add Javadoc documentation","messageBody":"","fileTypesAndContributionMap":{"java":{"insertions":431,"deletions":35}}},{"hash":"5a4fbe34091e35e5e18b3d752a15e18f8f20c78d","isMergeCommit":true,"messageTitle":"Merge pull request #1 from H-ZhanHao/branch-A-JavaDoc","messageBody":"Add Javadoc documentation","tags":["A-JavaDoc"],"fileTypesAndContributionMap":{}},{"hash":"35035a229441b9283c3eb4f20f8ac803700e266a","isMergeCommit":true,"messageTitle":"Merge branch \u0027master\u0027 into branch-Level-9","messageBody":"# Conflicts:\n#\tsrc/main/java/Eelyon/control/Ui.java\n","fileTypesAndContributionMap":{}},{"hash":"1b2c000aa43f8fc70086958d62651eff580192b4","isMergeCommit":true,"messageTitle":"Merge pull request #2 from H-ZhanHao/branch-Level-9","messageBody":"Branch level 9","tags":["Level-9"],"fileTypesAndContributionMap":{}}]},{"date":"2025-03-09","commitResults":[{"hash":"63e6c1c2fd8e1cc4b03c887c617cab17028c726c","isMergeCommit":false,"messageTitle":"Update README bug fix: Fix spacing issue for event tasks and parsing issue","messageBody":"README now includes all the important commands users need to operate Eelyon\n","tags":["A-UserGuide"],"fileTypesAndContributionMap":{"java":{"insertions":27,"deletions":8},"md":{"insertions":104,"deletions":13}}}]},{"date":"2025-03-12","commitResults":[{"hash":"f563e23c4f921f879b5d61a809d7562bebf83a1c","isMergeCommit":false,"messageTitle":"Fix code format issues","messageBody":"","fileTypesAndContributionMap":{"java":{"insertions":32,"deletions":24}}},{"hash":"d496e6d3df7236fa440d4acfee53d0dd6b573c71","isMergeCommit":true,"messageTitle":"Merge branch \u0027branch-Level-7\u0027","messageBody":"# Conflicts:\n#\tsrc/main/java/Eelyon/Commands/Deadline.java\n#\tsrc/main/java/Eelyon/Commands/Event.java\n#\tsrc/main/java/Eelyon/Eelyon.java\n","fileTypesAndContributionMap":{}},{"hash":"fbb05d9a30875a5345d03c012bfdf2e1f106f26d","isMergeCommit":false,"messageTitle":"Bug fix: Parsing issue with event tasks","messageBody":"","tags":["A-Release"],"fileTypesAndContributionMap":{"java":{"insertions":2,"deletions":2}}}]},{"date":"2025-03-13","commitResults":[{"hash":"0a0efed9c2a70e683047c84188962a5f26d025d8","isMergeCommit":false,"messageTitle":"Update Eelyon: fixed coding style issue","messageBody":"","fileTypesAndContributionMap":{"java":{"insertions":3,"deletions":3}}}]}]},"authorFileTypeContributionMap":{"H-ZhanHao":{"java":1175,"md":107,"fxml":0,"sh":0,"bat":1,"gradle":0,"txt":0}},"authorContributionVariance":{"H-ZhanHao":18298.123},"authorDisplayNameMap":{"H-ZhanHao":"CS2113-F11-3 HOE .. HAO"}}
