{"authorDailyContributionsMap":{"Rishi7830":[{"date":"2025-01-21","commitResults":[{"hash":"6dbfcc6955ade7a441344fcd435623fca0fb0271","isMergeCommit":false,"messageTitle":"Incement Level 0. Rename, Greet, Exit","messageBody":"","fileTypesAndContributionMap":{"java":{"insertions":14,"deletions":0}}}]},{"date":"2025-02-03","commitResults":[{"hash":"f4c9b70001c17d09a171d18701addb0cb8684f0c","isMergeCommit":false,"messageTitle":"Level 1. Echo","messageBody":"","tags":["Level-1"],"fileTypesAndContributionMap":{"java":{"insertions":28,"deletions":6}}},{"hash":"8e576fcddbf7c39cee56e0e67bdf97c80315f5f7","isMergeCommit":false,"messageTitle":"Increment Level 2. Add, List","messageBody":"","tags":["Level-2"],"fileTypesAndContributionMap":{"java":{"insertions":22,"deletions":3}}},{"hash":"ab19b7ea91f41239dc7d6b0bb7f05f3ab3256274","isMergeCommit":false,"messageTitle":"Increment Level 3. Mark as Done","messageBody":"","tags":["Level-3"],"fileTypesAndContributionMap":{"java":{"insertions":41,"deletions":8}}},{"hash":"2228728cb9f6aff7f1ac60558436a7dd6bd14513","isMergeCommit":false,"messageTitle":"Task.java","messageBody":"","fileTypesAndContributionMap":{"java":{"insertions":4,"deletions":0}}},{"hash":"95846cbaf61dbc522491d9109aaa16ee96f38aad","isMergeCommit":false,"messageTitle":"New increment level 3 with task.java implementation","messageBody":"","tags":["A-CodingStandard"],"fileTypesAndContributionMap":{"java":{"insertions":19,"deletions":40}}},{"hash":"daa8245ad496418b68228008dc9701b08710505f","isMergeCommit":false,"messageTitle":"no message","messageBody":"","fileTypesAndContributionMap":{"java":{"insertions":25,"deletions":2}}},{"hash":"7a0c5e9df0e263cd59c2d14990dd56f7fe4d5cfd","isMergeCommit":false,"messageTitle":"delete Duke.java","messageBody":"","fileTypesAndContributionMap":{"java":{"insertions":1,"deletions":10}}},{"hash":"430c524e82adbaa31970af17ee16eb0385625215","isMergeCommit":false,"messageTitle":"Removed Error","messageBody":"","fileTypesAndContributionMap":{"java":{"insertions":0,"deletions":1}}},{"hash":"590cfdeed29b50fcef1230ee6a97dd7e02de9612","isMergeCommit":false,"messageTitle":"Update Task.java","messageBody":"","fileTypesAndContributionMap":{"java":{"insertions":0,"deletions":1}}},{"hash":"ecf9aa16e6907d1c3bdedac14ff39d1dd731bd5c","isMergeCommit":false,"messageTitle":"Added Design :)","messageBody":"","tags":["A-CodeQuality"],"fileTypesAndContributionMap":{"java":{"insertions":26,"deletions":14}}},{"hash":"65c24a45ef8732b56ed1c8d8dbcd661560eeb183","isMergeCommit":false,"messageTitle":"Revert \"Update Task.java\"","messageBody":"This reverts commit 590cfdeed29b50fcef1230ee6a97dd7e02de9612.\n","fileTypesAndContributionMap":{"java":{"insertions":1,"deletions":0}}},{"hash":"fa9f02fd545cf2f65654db9b5d5ac7e7e127d087","isMergeCommit":true,"messageTitle":"Merge remote-tracking branch \u0027origin/master\u0027","messageBody":"","fileTypesAndContributionMap":{}}]},{"date":"2025-02-04","commitResults":[{"hash":"e43edb590177c78a85aa39360b14432b570f8d68","isMergeCommit":false,"messageTitle":"Update README.md","messageBody":"","fileTypesAndContributionMap":{"md":{"insertions":2,"deletions":2}}}]},{"date":"2025-02-07","commitResults":[{"hash":"cfd2738c2c279492e4b1fc875efae6924e0fb2fc","isMergeCommit":false,"messageTitle":"Level 4. ToDos, Events, Deadlines","messageBody":"","tags":["Level-4"],"fileTypesAndContributionMap":{"java":{"insertions":101,"deletions":32}}},{"hash":"b2ab9228f0fae62193117986c233db254f27ff6d","isMergeCommit":true,"messageTitle":"Merge remote-tracking branch \u0027origin/add-gradle-support\u0027","messageBody":"","fileTypesAndContributionMap":{}},{"hash":"59522f153be9dc2084d432c15075bd783b816747","isMergeCommit":false,"messageTitle":"Kohli Package","messageBody":"","fileTypesAndContributionMap":{"java":{"insertions":0,"deletions":1}}},{"hash":"52b2cdbdf49ea75b681b56e677a36d9ab2dc8baa","isMergeCommit":false,"messageTitle":"Rectify issue","messageBody":"","fileTypesAndContributionMap":{"java":{"insertions":20,"deletions":9},"bat":{"insertions":1,"deletions":1},"md":{"insertions":3,"deletions":3}}},{"hash":"a67bca121d45cd723f9c17c5ce5f25c6da6421eb","isMergeCommit":false,"messageTitle":"Merge branch \u0027master\u0027 of https://github.com/Rishi7830/ip","messageBody":"# Conflicts:\n#\tREADME.md\n","fileTypesAndContributionMap":{"md":{"insertions":5,"deletions":1}}},{"hash":"a5f0c1b69e5d27b563ea7b202c856a44d276e663","isMergeCommit":false,"messageTitle":"fixing issue tutorial 1","messageBody":"","fileTypesAndContributionMap":{"md":{"insertions":3,"deletions":7}}},{"hash":"4eb17948d1f635bdf3509078c1556f64bbecbfe3","isMergeCommit":true,"messageTitle":"Merge remote-tracking branch \u0027origin/master\u0027","messageBody":"","fileTypesAndContributionMap":{}}]},{"date":"2025-02-13","commitResults":[{"hash":"86d8a1ba6cc6307176d63faa562dd133563e9a4b","isMergeCommit":false,"messageTitle":"Level 5. Handle Errors (Pass 1)","messageBody":"","fileTypesAndContributionMap":{"java":{"insertions":74,"deletions":46}}},{"hash":"5309d84bce3bd86cc02315dd4e54fe58e9bf4e41","isMergeCommit":false,"messageTitle":"Bug Fixes","messageBody":"","fileTypesAndContributionMap":{"java":{"insertions":2,"deletions":3}}},{"hash":"26e831ef8484cd20bffb09ac18d68eb3d33346f0","isMergeCommit":false,"messageTitle":"Level 5. Handle Errors (With Main Menu and list of Possible Errors)","messageBody":"","tags":["A-Exceptions"],"fileTypesAndContributionMap":{"java":{"insertions":2,"deletions":1}}},{"hash":"242afc5237454b01d2e519c61c57f2266b60e5c8","isMergeCommit":true,"messageTitle":"Merge branch \u0027master\u0027 into branch-Level-5","messageBody":"# Conflicts:\n#\tsrc/main/java/Kohli/Kohli.java\n","tags":["Level-5"],"fileTypesAndContributionMap":{}},{"hash":"d28eab81d6f3769a57da2cef368f459fb002c756","isMergeCommit":false,"messageTitle":"Level 5 Final","messageBody":"","fileTypesAndContributionMap":{"java":{"insertions":3,"deletions":25}}},{"hash":"0828ff62089e16ed8b523327a55dec07639bb562","isMergeCommit":false,"messageTitle":"Add Increment: A-Packages","messageBody":"","tags":["A-Packages"],"fileTypesAndContributionMap":{"java":{"insertions":0,"deletions":0}}},{"hash":"878ea792eae5a66874878f73f7c29c6e8878d199","isMergeCommit":false,"messageTitle":"Staging","messageBody":"","fileTypesAndContributionMap":{"java":{"insertions":6,"deletions":7},"bat":{"insertions":1,"deletions":1},"md":{"insertions":1,"deletions":1}}}]},{"date":"2025-02-14","commitResults":[{"hash":"af5108aad46c7dffbe1fdb82b7627f2febe4619c","isMergeCommit":false,"messageTitle":"New changes to formatting (tutorial 2)","messageBody":"","tags":["Level-0"],"fileTypesAndContributionMap":{"java":{"insertions":9,"deletions":9}}}]},{"date":"2025-02-20","commitResults":[{"hash":"b6ef972d0889485879cfe943ec2d0627eb553e3a","isMergeCommit":false,"messageTitle":"Level 6. Delete","messageBody":"","tags":["Level-6","!Level-6"],"fileTypesAndContributionMap":{"java":{"insertions":51,"deletions":51}}}]},{"date":"2025-02-21","commitResults":[{"hash":"16d90e791514a4967fbd7969c0fac2cf0f9d1061","isMergeCommit":false,"messageTitle":"Level 7. Save","messageBody":"","tags":["Level-7","!Level-7"],"fileTypesAndContributionMap":{"txt":{"insertions":5,"deletions":0},"java":{"insertions":138,"deletions":44}}},{"hash":"81fab2982aa213a0bfc9dce250ab48501bdd7773","isMergeCommit":true,"messageTitle":"Merge branch \u0027branch-Level-7\u0027","messageBody":"# Conflicts:\n#\tsrc/main/java/Kohli/Maincode/Kohli.java\n","fileTypesAndContributionMap":{}},{"hash":"99832ddd1757e72dcd91bf92b8969d71e6134485","isMergeCommit":false,"messageTitle":"New Changes (Bug Fixing) 21-2-2025","messageBody":"","tags":["A-Collections","!A-Collections"],"fileTypesAndContributionMap":{"txt":{"insertions":1,"deletions":0},"java":{"insertions":1,"deletions":15}}}]},{"date":"2025-02-23","commitResults":[{"hash":"79e3334d272d6cd24d5293dd621d9d2d7776eb2e","isMergeCommit":false,"messageTitle":"IA-Jar (commit)","messageBody":"","tags":["!A-Jar"],"fileTypesAndContributionMap":{"txt":{"insertions":2,"deletions":0}}}]},{"date":"2025-02-27","commitResults":[{"hash":"7c298d7dbf141cffde3948589fb2e67d7f486b97","isMergeCommit":false,"messageTitle":"Add Increment: A-MoreOOP","messageBody":"","tags":["A-MoreOOP","!A-MoreOOP"],"fileTypesAndContributionMap":{"txt":{"insertions":1,"deletions":2},"java":{"insertions":512,"deletions":196},"bat":{"insertions":1,"deletions":1},"md":{"insertions":1,"deletions":1}}},{"hash":"38c9b898e2597a7dab8584985e5b75a9d29fb998","isMergeCommit":false,"messageTitle":"Level 8. Dates and Times","messageBody":"","tags":["Level-8","!Level-8"],"fileTypesAndContributionMap":{"txt":{"insertions":4,"deletions":6},"java":{"insertions":118,"deletions":30}}}]},{"date":"2025-02-28","commitResults":[{"hash":"65a76c22e6e745170dae09775224b03229f0baf4","isMergeCommit":false,"messageTitle":"Level 9. Find","messageBody":"","tags":["Level-9"],"fileTypesAndContributionMap":{"java":{"insertions":55,"deletions":7}}},{"hash":"a3577823380e688fd9d25781e8d2223e3f433396","isMergeCommit":false,"messageTitle":"A-JavaDoc","messageBody":"","fileTypesAndContributionMap":{"java":{"insertions":5,"deletions":5}}}]},{"date":"2025-03-03","commitResults":[{"hash":"738d9797f0e47190fc15e076e8c72a92f997858c","isMergeCommit":false,"messageTitle":"Duke A-JavaDoc: JavaDoc (Comments)","messageBody":"","fileTypesAndContributionMap":{"txt":{"insertions":1,"deletions":1},"java":{"insertions":207,"deletions":22}}}]},{"date":"2025-03-07","commitResults":[{"hash":"50e2c6b24d4e5562a9cb9acc18807909eb3c291a","isMergeCommit":true,"messageTitle":"Merge pull request #1 from Rishi7830/branch-A-JavaDoc","messageBody":"Branch a java doc","fileTypesAndContributionMap":{}},{"hash":"d70b0de2b91bdd6711fffa83eb928feaada78f33","isMergeCommit":true,"messageTitle":"Merge branch \u0027branch-Level-9\u0027","messageBody":"","fileTypesAndContributionMap":{}},{"hash":"01785804114aff5f55f487bb6731c98230bfdb2f","isMergeCommit":true,"messageTitle":"Merge branch \u0027branch-Level-8\u0027","messageBody":"# Conflicts:\n#\tsrc/main/java/Kohli/Kohli.java\n#\tsrc/main/java/Kohli/TaskList.java\n","fileTypesAndContributionMap":{}},{"hash":"f6bf7214fe94441f2242d68b7662da774facca51","isMergeCommit":true,"messageTitle":"Merge branch \u0027branch-A-JavaDoc\u0027","messageBody":"# Conflicts:\n#\tsrc/main/java/Kohli/Kohli.java\n#\tsrc/main/java/Kohli/data/kohli.txt\n#\tsrc/main/java/Kohli/tasks/Deadline.java\n#\tsrc/main/java/Kohli/tasks/Event.java\n#\tsrc/main/java/Kohli/tasks/Task.java\n","fileTypesAndContributionMap":{}},{"hash":"9c7d0599fdb4ff823292cc3d3d14580f42befa5c","isMergeCommit":true,"messageTitle":"Merge branch \u0027master\u0027 into branch-Level-8","messageBody":"","fileTypesAndContributionMap":{}},{"hash":"aefcaa0b698438c857ce85701b79e836133cd680","isMergeCommit":true,"messageTitle":"Merge pull request #2 from Rishi7830/branch-Level-8","messageBody":"Level 8. Dates and Times","fileTypesAndContributionMap":{}},{"hash":"cdc708e52644d67f9bfb1c7e05b01716714de806","isMergeCommit":true,"messageTitle":"Merge branch \u0027master\u0027 into branch-Level-9","messageBody":"","fileTypesAndContributionMap":{}},{"hash":"397cfaf78f906e487f1c206b5aeabf340d66e883","isMergeCommit":true,"messageTitle":"Merge pull request #3 from Rishi7830/branch-Level-9","messageBody":"Level 9. Find","fileTypesAndContributionMap":{}},{"hash":"67be55c73cf2220ee62dac2c71e7745a12aaebf4","isMergeCommit":true,"messageTitle":"Merge branch \u0027master\u0027 of https://github.com/Rishi7830/ip","messageBody":"# Conflicts:\n#\tsrc/main/java/Kohli/Kohli.java\n#\tsrc/main/java/Kohli/TaskList.java\n#\tsrc/main/java/Kohli/data/kohli.txt\n#\tsrc/main/java/Kohli/tasks/Deadline.java\n#\tsrc/main/java/Kohli/tasks/Event.java\n#\tsrc/main/java/Kohli/tasks/Task.java\n","fileTypesAndContributionMap":{}},{"hash":"2dec9b99ce3a9cbea74978ad1e18e709aa5db976","isMergeCommit":true,"messageTitle":"Merge branch \u0027branch-Level-8\u0027 of https://github.com/Rishi7830/ip into branch-Level-8","messageBody":"","fileTypesAndContributionMap":{}},{"hash":"ed36e5bf2bbba4df53203e70199d2d3915dd8cd9","isMergeCommit":true,"messageTitle":"Merge branch \u0027branch-Level-9\u0027 of https://github.com/Rishi7830/ip into branch-Level-9","messageBody":"","fileTypesAndContributionMap":{}},{"hash":"650f2e8adf669c90e6f26d47647b1032b006e596","isMergeCommit":false,"messageTitle":"no message","messageBody":"","fileTypesAndContributionMap":{"java":{"insertions":3,"deletions":4}}},{"hash":"6cd20cc55b5afe1ac9e75ba3c8087cb682af38dd","isMergeCommit":true,"messageTitle":"Merge branch \u0027branch-Level-9\u0027","messageBody":"","fileTypesAndContributionMap":{}},{"hash":"3e7303d8e5de4e8283e486cb86975acde8582976","isMergeCommit":true,"messageTitle":"Merge branch \u0027branch-Level-8\u0027","messageBody":"# Conflicts:\n#\tsrc/main/java/Kohli/tasks/Deadline.java\n","fileTypesAndContributionMap":{}}]},{"date":"2025-03-08","commitResults":[{"hash":"e2570d5067e4d8ece47b33b005ea6d4bfae3c7a2","isMergeCommit":false,"messageTitle":"Fixing all the errors in the branch (merge conflicts)","messageBody":"","fileTypesAndContributionMap":{"txt":{"insertions":1,"deletions":11},"java":{"insertions":24,"deletions":147}}},{"hash":"1762381702a93f33b52c0044bd7719c4a3436d7c","isMergeCommit":true,"messageTitle":"Merge branch \u0027FIXconflicts\u0027","messageBody":"","fileTypesAndContributionMap":{}},{"hash":"a1cf88e117e07e6dbfd1bef20876738455e047a9","isMergeCommit":false,"messageTitle":"Edited the \"Possible Errors\" text (UI Part)","messageBody":"","fileTypesAndContributionMap":{"txt":{"insertions":1,"deletions":0},"java":{"insertions":0,"deletions":5}}},{"hash":"bb755d4789f2e013e2a9ed2a3da343952408037a","isMergeCommit":false,"messageTitle":"Removed warnings and added comments :)","messageBody":"","tags":["A-JavaDoc"],"fileTypesAndContributionMap":{"txt":{"insertions":5,"deletions":12},"java":{"insertions":53,"deletions":44}}}]},{"date":"2025-03-13","commitResults":[{"hash":"8f01444c260eb4e0af2b952e97fdb040583e2682","isMergeCommit":false,"messageTitle":"A-UserGuide: User Guide","messageBody":"Kohli User Guide","tags":["A-UserGuide","!A-UserGuide"],"fileTypesAndContributionMap":{"md":{"insertions":147,"deletions":21}}}]},{"date":"2025-03-14","commitResults":[{"hash":"d07f3c684c50df92a52c0582b657676e072159d6","isMergeCommit":false,"messageTitle":"!JAR released","messageBody":"","tags":["v0.2","!JARreleased"],"fileTypesAndContributionMap":{"txt":{"insertions":0,"deletions":1}}}]}]},"authorFileTypeContributionMap":{"Rishi7830":{"java":932,"md":144,"fxml":0,"sh":0,"bat":1,"gradle":0,"txt":6}},"authorContributionVariance":{"Rishi7830":15862.475},"authorDisplayNameMap":{"Rishi7830":"CS2113-F14-2 RISH..RTHY"}}
