{"authorDailyContributionsMap":{"Rishi7830":[{"date":"2025-01-21","commitResults":[{"hash":"6dbfcc6955ade7a441344fcd435623fca0fb0271","isMergeCommit":false,"messageTitle":"Incement Level 0. Rename, Greet, Exit","messageBody":"","fileTypesAndContributionMap":{"java":{"insertions":14,"deletions":0}}}]},{"date":"2025-02-03","commitResults":[{"hash":"f4c9b70001c17d09a171d18701addb0cb8684f0c","isMergeCommit":false,"messageTitle":"Level 1. Echo","messageBody":"","tags":["Level-1"],"fileTypesAndContributionMap":{"java":{"insertions":28,"deletions":6}}},{"hash":"8e576fcddbf7c39cee56e0e67bdf97c80315f5f7","isMergeCommit":false,"messageTitle":"Increment Level 2. Add, List","messageBody":"","tags":["Level-2"],"fileTypesAndContributionMap":{"java":{"insertions":22,"deletions":3}}},{"hash":"ab19b7ea91f41239dc7d6b0bb7f05f3ab3256274","isMergeCommit":false,"messageTitle":"Increment Level 3. Mark as Done","messageBody":"","tags":["Level-3"],"fileTypesAndContributionMap":{"java":{"insertions":41,"deletions":8}}},{"hash":"2228728cb9f6aff7f1ac60558436a7dd6bd14513","isMergeCommit":false,"messageTitle":"Task.java","messageBody":"","fileTypesAndContributionMap":{"java":{"insertions":4,"deletions":0}}},{"hash":"95846cbaf61dbc522491d9109aaa16ee96f38aad","isMergeCommit":false,"messageTitle":"New increment level 3 with task.java implementation","messageBody":"","tags":["A-CodingStandard"],"fileTypesAndContributionMap":{"java":{"insertions":19,"deletions":40}}},{"hash":"daa8245ad496418b68228008dc9701b08710505f","isMergeCommit":false,"messageTitle":"no message","messageBody":"","fileTypesAndContributionMap":{"java":{"insertions":25,"deletions":2}}},{"hash":"7a0c5e9df0e263cd59c2d14990dd56f7fe4d5cfd","isMergeCommit":false,"messageTitle":"delete Duke.java","messageBody":"","fileTypesAndContributionMap":{"java":{"insertions":1,"deletions":10}}},{"hash":"430c524e82adbaa31970af17ee16eb0385625215","isMergeCommit":false,"messageTitle":"Removed Error","messageBody":"","fileTypesAndContributionMap":{"java":{"insertions":0,"deletions":1}}},{"hash":"590cfdeed29b50fcef1230ee6a97dd7e02de9612","isMergeCommit":false,"messageTitle":"Update Task.java","messageBody":"","fileTypesAndContributionMap":{"java":{"insertions":0,"deletions":1}}},{"hash":"ecf9aa16e6907d1c3bdedac14ff39d1dd731bd5c","isMergeCommit":false,"messageTitle":"Added Design :)","messageBody":"","tags":["A-CodeQuality"],"fileTypesAndContributionMap":{"java":{"insertions":26,"deletions":14}}},{"hash":"65c24a45ef8732b56ed1c8d8dbcd661560eeb183","isMergeCommit":false,"messageTitle":"Revert \"Update Task.java\"","messageBody":"This reverts commit 590cfdeed29b50fcef1230ee6a97dd7e02de9612.\n","fileTypesAndContributionMap":{"java":{"insertions":1,"deletions":0}}},{"hash":"fa9f02fd545cf2f65654db9b5d5ac7e7e127d087","isMergeCommit":true,"messageTitle":"Merge remote-tracking branch \u0027origin/master\u0027","messageBody":"","fileTypesAndContributionMap":{}}]},{"date":"2025-02-04","commitResults":[{"hash":"e43edb590177c78a85aa39360b14432b570f8d68","isMergeCommit":false,"messageTitle":"Update README.md","messageBody":"","fileTypesAndContributionMap":{"md":{"insertions":2,"deletions":2}}}]},{"date":"2025-02-07","commitResults":[{"hash":"cfd2738c2c279492e4b1fc875efae6924e0fb2fc","isMergeCommit":false,"messageTitle":"Level 4. ToDos, Events, Deadlines","messageBody":"","tags":["Level-4"],"fileTypesAndContributionMap":{"java":{"insertions":101,"deletions":32}}},{"hash":"b2ab9228f0fae62193117986c233db254f27ff6d","isMergeCommit":true,"messageTitle":"Merge remote-tracking branch \u0027origin/add-gradle-support\u0027","messageBody":"","fileTypesAndContributionMap":{}},{"hash":"59522f153be9dc2084d432c15075bd783b816747","isMergeCommit":false,"messageTitle":"Kohli Package","messageBody":"","fileTypesAndContributionMap":{"java":{"insertions":0,"deletions":1}}},{"hash":"52b2cdbdf49ea75b681b56e677a36d9ab2dc8baa","isMergeCommit":false,"messageTitle":"Rectify issue","messageBody":"","fileTypesAndContributionMap":{"java":{"insertions":20,"deletions":9},"bat":{"insertions":1,"deletions":1},"md":{"insertions":3,"deletions":3}}},{"hash":"a67bca121d45cd723f9c17c5ce5f25c6da6421eb","isMergeCommit":false,"messageTitle":"Merge branch \u0027master\u0027 of https://github.com/Rishi7830/ip","messageBody":"# Conflicts:\n#\tREADME.md\n","fileTypesAndContributionMap":{"md":{"insertions":5,"deletions":1}}},{"hash":"a5f0c1b69e5d27b563ea7b202c856a44d276e663","isMergeCommit":false,"messageTitle":"fixing issue tutorial 1","messageBody":"","fileTypesAndContributionMap":{"md":{"insertions":3,"deletions":7}}},{"hash":"4eb17948d1f635bdf3509078c1556f64bbecbfe3","isMergeCommit":true,"messageTitle":"Merge remote-tracking branch \u0027origin/master\u0027","messageBody":"","fileTypesAndContributionMap":{}}]},{"date":"2025-02-13","commitResults":[{"hash":"86d8a1ba6cc6307176d63faa562dd133563e9a4b","isMergeCommit":false,"messageTitle":"Level 5. Handle Errors (Pass 1)","messageBody":"","fileTypesAndContributionMap":{"java":{"insertions":74,"deletions":46}}},{"hash":"5309d84bce3bd86cc02315dd4e54fe58e9bf4e41","isMergeCommit":false,"messageTitle":"Bug Fixes","messageBody":"","fileTypesAndContributionMap":{"java":{"insertions":2,"deletions":3}}},{"hash":"26e831ef8484cd20bffb09ac18d68eb3d33346f0","isMergeCommit":false,"messageTitle":"Level 5. Handle Errors (With Main Menu and list of Possible Errors)","messageBody":"","tags":["A-Exceptions"],"fileTypesAndContributionMap":{"java":{"insertions":2,"deletions":1}}},{"hash":"242afc5237454b01d2e519c61c57f2266b60e5c8","isMergeCommit":true,"messageTitle":"Merge branch \u0027master\u0027 into branch-Level-5","messageBody":"# Conflicts:\n#\tsrc/main/java/Kohli/Kohli.java\n","tags":["Level-5"],"fileTypesAndContributionMap":{}},{"hash":"d28eab81d6f3769a57da2cef368f459fb002c756","isMergeCommit":false,"messageTitle":"Level 5 Final","messageBody":"","fileTypesAndContributionMap":{"java":{"insertions":3,"deletions":25}}},{"hash":"0828ff62089e16ed8b523327a55dec07639bb562","isMergeCommit":false,"messageTitle":"Add Increment: A-Packages","messageBody":"","tags":["A-Packages"],"fileTypesAndContributionMap":{"java":{"insertions":0,"deletions":0}}},{"hash":"878ea792eae5a66874878f73f7c29c6e8878d199","isMergeCommit":false,"messageTitle":"Staging","messageBody":"","fileTypesAndContributionMap":{"java":{"insertions":6,"deletions":7},"bat":{"insertions":1,"deletions":1},"md":{"insertions":1,"deletions":1}}}]},{"date":"2025-02-14","commitResults":[{"hash":"af5108aad46c7dffbe1fdb82b7627f2febe4619c","isMergeCommit":false,"messageTitle":"New changes to formatting (tutorial 2)","messageBody":"","tags":["Level-0"],"fileTypesAndContributionMap":{"java":{"insertions":9,"deletions":9}}}]},{"date":"2025-02-20","commitResults":[{"hash":"b6ef972d0889485879cfe943ec2d0627eb553e3a","isMergeCommit":false,"messageTitle":"Level 6. Delete","messageBody":"","fileTypesAndContributionMap":{"java":{"insertions":51,"deletions":51}}}]},{"date":"2025-02-21","commitResults":[{"hash":"16d90e791514a4967fbd7969c0fac2cf0f9d1061","isMergeCommit":false,"messageTitle":"Level 7. Save","messageBody":"","fileTypesAndContributionMap":{"txt":{"insertions":5,"deletions":0},"java":{"insertions":138,"deletions":44}}},{"hash":"81fab2982aa213a0bfc9dce250ab48501bdd7773","isMergeCommit":true,"messageTitle":"Merge branch \u0027branch-Level-7\u0027","messageBody":"# Conflicts:\n#\tsrc/main/java/Kohli/Maincode/Kohli.java\n","fileTypesAndContributionMap":{}},{"hash":"99832ddd1757e72dcd91bf92b8969d71e6134485","isMergeCommit":false,"messageTitle":"New Changes (Bug Fixing) 21-2-2025","messageBody":"","fileTypesAndContributionMap":{"txt":{"insertions":1,"deletions":0},"java":{"insertions":1,"deletions":15}}}]}]},"authorFileTypeContributionMap":{"Rishi7830":{"java":308,"md":3,"fxml":0,"sh":0,"bat":1,"gradle":0,"txt":6}},"authorContributionVariance":{"Rishi7830":3716.104},"authorDisplayNameMap":{"Rishi7830":"RISH..RTHY"}}
