{"authorDailyContributionsMap":{"kinneo":[{"date":"2025-01-24","commitResults":[{"hash":"3bfeabbcdfab53bc0eac1f443da9862309ac8e13","isMergeCommit":false,"messageTitle":"Level 0. Rename, Greet, Exit","messageBody":"","fileTypesAndContributionMap":{"java":{"insertions":14,"deletions":10}}},{"hash":"21944f269ac5f91d27a67727dea9d7bb3a914da1","isMergeCommit":false,"messageTitle":"Revert \"Level 0. Rename, Greet, Exit\"","messageBody":"This reverts commit 3bfeabbcdfab53bc0eac1f443da9862309ac8e13.\n","fileTypesAndContributionMap":{"java":{"insertions":10,"deletions":14}}},{"hash":"bd019931ce621e35dc1b1066c9784fcfd155d6de","isMergeCommit":false,"messageTitle":"CS2113 Week 2 ChatBot","messageBody":"","fileTypesAndContributionMap":{"java":{"insertions":5,"deletions":2}}},{"hash":"775823fa3d1cbf2ded067fb464e0036148720a54","isMergeCommit":false,"messageTitle":"Update CS2113 Week 2 ChatBot","messageBody":"","tags":["Level-0"],"fileTypesAndContributionMap":{"java":{"insertions":1,"deletions":1}}}]},{"date":"2025-01-27","commitResults":[{"hash":"273a079f33f9c442b5013c34bd2ce43ac9a3f573","isMergeCommit":false,"messageTitle":"CS2113 Week 3 Echo","messageBody":"","tags":["Level-1"],"fileTypesAndContributionMap":{"java":{"insertions":14,"deletions":8}}},{"hash":"819c8bdf80b36cb98e2dad1c6292d97225b301a8","isMergeCommit":false,"messageTitle":"CS2113 Week 3 Add, List","messageBody":"","tags":["Level-2"],"fileTypesAndContributionMap":{"java":{"insertions":16,"deletions":2}}}]},{"date":"2025-01-28","commitResults":[{"hash":"1a9a768883aefb5fe83e71f1fef5ba0745459726","isMergeCommit":false,"messageTitle":"CS2113 Week 3 Mark as Done","messageBody":"","tags":["Level-3","A-CodingStandard"],"fileTypesAndContributionMap":{"java":{"insertions":41,"deletions":2}}},{"hash":"32dd4ca2b97adb8af6ac99ab1c259602a7662892","isMergeCommit":false,"messageTitle":"CS2113 Week 3 Mark as Done with Task Class","messageBody":"","tags":["Level-3-A-Classes"],"fileTypesAndContributionMap":{"java":{"insertions":38,"deletions":11}}}]},{"date":"2025-02-03","commitResults":[{"hash":"49c29b79fa09f64ce2209c79bf20f159c9e4af76","isMergeCommit":false,"messageTitle":"Week 4 CS2113 ToDos, Events, Deadlines","messageBody":"","tags":["Level-4","A-CodeQuality"],"fileTypesAndContributionMap":{"java":{"insertions":116,"deletions":47}}}]},{"date":"2025-02-04","commitResults":[{"hash":"a9ca64505962618cc3ebc0bf08c4961af9d0427e","isMergeCommit":false,"messageTitle":"Automated Text UI Testing","messageBody":"","tags":["A-TextUiTesting"],"fileTypesAndContributionMap":{"txt":{"insertions":2,"deletions":0},"bat":{"insertions":4,"deletions":2}}}]},{"date":"2025-02-09","commitResults":[{"hash":"af0299ae35ec978270c6f42714016a8d4da87c88","isMergeCommit":false,"messageTitle":"Week 5 CS2113 Handle Errors","messageBody":"","fileTypesAndContributionMap":{"java":{"insertions":110,"deletions":60}}},{"hash":"785fc39837421676b798bdff4416d7bf9cc9c981","isMergeCommit":true,"messageTitle":"Merge branch \u0027branch-Level-5\u0027","messageBody":"","tags":["Level-5"],"fileTypesAndContributionMap":{}},{"hash":"7739ff7b97ab062d127ed835491a11592a76634c","isMergeCommit":false,"messageTitle":"Divide classes into packages, organize the classes into suitable java packages.","messageBody":"","fileTypesAndContributionMap":{"java":{"insertions":12,"deletions":2}}},{"hash":"d19b2eeca6fe511a0ccc4a6d68f4cb4c53f7a7c6","isMergeCommit":false,"messageTitle":"Create packages","messageBody":"","tags":["A-Packages"],"fileTypesAndContributionMap":{"java":{"insertions":5,"deletions":5}}}]},{"date":"2025-02-12","commitResults":[{"hash":"f0c88997ac011a76fdda44a94820bedeafb0bc7e","isMergeCommit":false,"messageTitle":"Week 5 CS2113 Create exception classes specific to ChatBot","messageBody":"","fileTypesAndContributionMap":{"java":{"insertions":0,"deletions":0}}},{"hash":"fd6b783227c33b77810c0cd2862104ae9a5947a1","isMergeCommit":false,"messageTitle":"Week 5 CS2113 Create exception classes for chatbot","messageBody":"","tags":["A-Exceptions"],"fileTypesAndContributionMap":{"java":{"insertions":70,"deletions":56}}}]},{"date":"2025-02-16","commitResults":[{"hash":"fcaa60d89457eaf8082785ce3805829493254e17","isMergeCommit":false,"messageTitle":"add delete to chatbot","messageBody":"","fileTypesAndContributionMap":{"java":{"insertions":64,"deletions":38}}},{"hash":"4b2d89d7c2a5f85be4f187fae86164390fd1694c","isMergeCommit":false,"messageTitle":"added a txt file to save and load data","messageBody":"","fileTypesAndContributionMap":{"txt":{"insertions":2,"deletions":0},"java":{"insertions":147,"deletions":38}}},{"hash":"fc1f2562ef5b5119ff33520b890ec05333b6c401","isMergeCommit":true,"messageTitle":"Merge branch \u0027branch-Level-6\u0027","messageBody":"","tags":["Level-6","A-Collections"],"fileTypesAndContributionMap":{}},{"hash":"6000b7a774eecd97e4adffbd0d276b051a67509e","isMergeCommit":true,"messageTitle":"Merge branch \u0027branch-Level-7\u0027","messageBody":"# Conflicts:\n#\tsrc/main/java/kin/ui/Kin.java\n","tags":["Level-7","A-Jar"],"fileTypesAndContributionMap":{}}]},{"date":"2025-02-17","commitResults":[{"hash":"139df3653083a9a863ff5e9c06e5d5146e666af6","isMergeCommit":false,"messageTitle":"updated code to fix minor english errors","messageBody":"","fileTypesAndContributionMap":{"java":{"insertions":3,"deletions":3}}}]},{"date":"2025-02-20","commitResults":[{"hash":"e247e791ea61b2308777931e1dea91baffce89d4","isMergeCommit":false,"messageTitle":"package FileHandler to data and fixing indentation","messageBody":"","fileTypesAndContributionMap":{"txt":{"insertions":1,"deletions":2},"java":{"insertions":2,"deletions":8}}}]},{"date":"2025-02-21","commitResults":[{"hash":"2e46ecb9c32853503320e8f13eb054b663bd880d","isMergeCommit":false,"messageTitle":"added a TaskManager class","messageBody":"","fileTypesAndContributionMap":{"txt":{"insertions":6,"deletions":0},"java":{"insertions":213,"deletions":172}}}]}]},"authorFileTypeContributionMap":{"kinneo":{"java":409,"md":0,"fxml":0,"sh":0,"bat":4,"gradle":0,"txt":9}},"authorContributionVariance":{"kinneo":6647.46},"authorDisplayNameMap":{"kinneo":"NEO .. KIN"}}
