[{"path":"src/main/java/uncleroger/exception/AlreadyMarkedException.java","fileType":"java","lines":[{"lineNumber":1,"author":{"gitId":"yiyang74"},"content":"package uncleroger.exception;","lastModifiedDate":"2025-02-09","isFullCredit":false},{"lineNumber":2,"author":{"gitId":"yiyang74"},"content":"","lastModifiedDate":"2025-02-09","isFullCredit":false},{"lineNumber":3,"author":{"gitId":"yiyang74"},"content":"public class AlreadyMarkedException extends Exception {","lastModifiedDate":"2025-02-09","isFullCredit":false},{"lineNumber":4,"author":{"gitId":"yiyang74"},"content":"}","lastModifiedDate":"2025-02-09","isFullCredit":false}],"authorContributionMap":{"yiyang74":4}},{"path":"src/main/java/uncleroger/exception/AlreadyUnmarkedException.java","fileType":"java","lines":[{"lineNumber":1,"author":{"gitId":"yiyang74"},"content":"package uncleroger.exception;","lastModifiedDate":"2025-02-09","isFullCredit":false},{"lineNumber":2,"author":{"gitId":"yiyang74"},"content":"","lastModifiedDate":"2025-02-09","isFullCredit":false},{"lineNumber":3,"author":{"gitId":"yiyang74"},"content":"public class AlreadyUnmarkedException extends Exception {","lastModifiedDate":"2025-02-09","isFullCredit":false},{"lineNumber":4,"author":{"gitId":"yiyang74"},"content":"}","lastModifiedDate":"2025-02-09","isFullCredit":false}],"authorContributionMap":{"yiyang74":4}},{"path":"src/main/java/uncleroger/exception/EmptyListException.java","fileType":"java","lines":[{"lineNumber":1,"author":{"gitId":"yiyang74"},"content":"package uncleroger.exception;","lastModifiedDate":"2025-02-09","isFullCredit":false},{"lineNumber":2,"author":{"gitId":"yiyang74"},"content":"","lastModifiedDate":"2025-02-09","isFullCredit":false},{"lineNumber":3,"author":{"gitId":"yiyang74"},"content":"public class EmptyListException extends Exception {","lastModifiedDate":"2025-02-09","isFullCredit":false},{"lineNumber":4,"author":{"gitId":"yiyang74"},"content":"}","lastModifiedDate":"2025-02-09","isFullCredit":false}],"authorContributionMap":{"yiyang74":4}},{"path":"src/main/java/uncleroger/exception/InvalidCommandException.java","fileType":"java","lines":[{"lineNumber":1,"author":{"gitId":"yiyang74"},"content":"package uncleroger.exception;","lastModifiedDate":"2025-02-09","isFullCredit":false},{"lineNumber":2,"author":{"gitId":"yiyang74"},"content":"","lastModifiedDate":"2025-02-09","isFullCredit":false},{"lineNumber":3,"author":{"gitId":"yiyang74"},"content":"public class InvalidCommandException extends Exception {","lastModifiedDate":"2025-02-09","isFullCredit":false},{"lineNumber":4,"author":{"gitId":"yiyang74"},"content":"}","lastModifiedDate":"2025-02-09","isFullCredit":false}],"authorContributionMap":{"yiyang74":4}},{"path":"src/main/java/uncleroger/exception/InvalidDeadlineException.java","fileType":"java","lines":[{"lineNumber":1,"author":{"gitId":"yiyang74"},"content":"package uncleroger.exception;","lastModifiedDate":"2025-02-09","isFullCredit":false},{"lineNumber":2,"author":{"gitId":"yiyang74"},"content":"","lastModifiedDate":"2025-02-09","isFullCredit":false},{"lineNumber":3,"author":{"gitId":"yiyang74"},"content":"public class InvalidDeadlineException extends Exception {","lastModifiedDate":"2025-02-09","isFullCredit":false},{"lineNumber":4,"author":{"gitId":"yiyang74"},"content":"}","lastModifiedDate":"2025-02-09","isFullCredit":false}],"authorContributionMap":{"yiyang74":4}},{"path":"src/main/java/uncleroger/exception/InvalidEventFieldOrderException.java","fileType":"java","lines":[{"lineNumber":1,"author":{"gitId":"yiyang74"},"content":"package uncleroger.exception;","lastModifiedDate":"2025-02-09","isFullCredit":false},{"lineNumber":2,"author":{"gitId":"yiyang74"},"content":"","lastModifiedDate":"2025-02-09","isFullCredit":false},{"lineNumber":3,"author":{"gitId":"yiyang74"},"content":"public class InvalidEventFieldOrderException extends Exception {","lastModifiedDate":"2025-02-09","isFullCredit":false},{"lineNumber":4,"author":{"gitId":"yiyang74"},"content":"}","lastModifiedDate":"2025-02-09","isFullCredit":false}],"authorContributionMap":{"yiyang74":4}},{"path":"src/main/java/uncleroger/exception/MissingEventFieldsException.java","fileType":"java","lines":[{"lineNumber":1,"author":{"gitId":"yiyang74"},"content":"package uncleroger.exception;","lastModifiedDate":"2025-02-09","isFullCredit":false},{"lineNumber":2,"author":{"gitId":"yiyang74"},"content":"","lastModifiedDate":"2025-02-09","isFullCredit":false},{"lineNumber":3,"author":{"gitId":"yiyang74"},"content":"public class MissingEventFieldsException extends Exception {","lastModifiedDate":"2025-02-09","isFullCredit":false},{"lineNumber":4,"author":{"gitId":"yiyang74"},"content":"}","lastModifiedDate":"2025-02-09","isFullCredit":false}],"authorContributionMap":{"yiyang74":4}},{"path":"src/main/java/uncleroger/exception/NoDescriptionException.java","fileType":"java","lines":[{"lineNumber":1,"author":{"gitId":"yiyang74"},"content":"package uncleroger.exception;","lastModifiedDate":"2025-02-09","isFullCredit":false},{"lineNumber":2,"author":{"gitId":"yiyang74"},"content":"","lastModifiedDate":"2025-02-09","isFullCredit":false},{"lineNumber":3,"author":{"gitId":"yiyang74"},"content":"public class NoDescriptionException extends Exception {","lastModifiedDate":"2025-02-09","isFullCredit":false},{"lineNumber":4,"author":{"gitId":"yiyang74"},"content":"}","lastModifiedDate":"2025-02-09","isFullCredit":false}],"authorContributionMap":{"yiyang74":4}},{"path":"src/main/java/uncleroger/exception/NoEntryYetException.java","fileType":"java","lines":[{"lineNumber":1,"author":{"gitId":"yiyang74"},"content":"package uncleroger.exception;","lastModifiedDate":"2025-02-09","isFullCredit":false},{"lineNumber":2,"author":{"gitId":"yiyang74"},"content":"","lastModifiedDate":"2025-02-09","isFullCredit":false},{"lineNumber":3,"author":{"gitId":"yiyang74"},"content":"public class NoEntryYetException extends Exception {","lastModifiedDate":"2025-02-09","isFullCredit":false},{"lineNumber":4,"author":{"gitId":"yiyang74"},"content":"}","lastModifiedDate":"2025-02-09","isFullCredit":false}],"authorContributionMap":{"yiyang74":4}},{"path":"src/main/java/uncleroger/exception/NonPositiveIndexException.java","fileType":"java","lines":[{"lineNumber":1,"author":{"gitId":"yiyang74"},"content":"package uncleroger.exception;","lastModifiedDate":"2025-02-09","isFullCredit":false},{"lineNumber":2,"author":{"gitId":"yiyang74"},"content":"","lastModifiedDate":"2025-02-09","isFullCredit":false},{"lineNumber":3,"author":{"gitId":"yiyang74"},"content":"public class NonPositiveIndexException extends Exception {","lastModifiedDate":"2025-02-09","isFullCredit":false},{"lineNumber":4,"author":{"gitId":"yiyang74"},"content":"}","lastModifiedDate":"2025-02-09","isFullCredit":false}],"authorContributionMap":{"yiyang74":4}},{"path":"src/main/java/uncleroger/task/Deadline.java","fileType":"java","lines":[{"lineNumber":1,"author":{"gitId":"yiyang74"},"content":"package uncleroger.task;","lastModifiedDate":"2025-02-09","isFullCredit":false},{"lineNumber":2,"author":{"gitId":"yiyang74"},"content":"","lastModifiedDate":"2025-02-09","isFullCredit":false},{"lineNumber":3,"author":{"gitId":"yiyang74"},"content":"public class Deadline extends Todo {","lastModifiedDate":"2025-02-04","isFullCredit":false},{"lineNumber":4,"author":{"gitId":"yiyang74"},"content":"    protected String by;","lastModifiedDate":"2025-02-04","isFullCredit":false},{"lineNumber":5,"author":{"gitId":"yiyang74"},"content":"","lastModifiedDate":"2025-02-04","isFullCredit":false},{"lineNumber":6,"author":{"gitId":"yiyang74"},"content":"    public Deadline(String by, String description) {","lastModifiedDate":"2025-02-04","isFullCredit":false},{"lineNumber":7,"author":{"gitId":"yiyang74"},"content":"        super(description);","lastModifiedDate":"2025-02-04","isFullCredit":false},{"lineNumber":8,"author":{"gitId":"yiyang74"},"content":"        this.by \u003d by;","lastModifiedDate":"2025-02-04","isFullCredit":false},{"lineNumber":9,"author":{"gitId":"yiyang74"},"content":"    }","lastModifiedDate":"2025-02-04","isFullCredit":false},{"lineNumber":10,"author":{"gitId":"yiyang74"},"content":"","lastModifiedDate":"2025-02-04","isFullCredit":false},{"lineNumber":11,"author":{"gitId":"yiyang74"},"content":"    @Override","lastModifiedDate":"2025-02-04","isFullCredit":false},{"lineNumber":12,"author":{"gitId":"yiyang74"},"content":"    public String toString() {","lastModifiedDate":"2025-02-04","isFullCredit":false},{"lineNumber":13,"author":{"gitId":"yiyang74"},"content":"        return String.format(\"[D][%s] %s (by: %s)\", getStatusIcon(), description, by);","lastModifiedDate":"2025-02-04","isFullCredit":false},{"lineNumber":14,"author":{"gitId":"yiyang74"},"content":"    }","lastModifiedDate":"2025-02-04","isFullCredit":false},{"lineNumber":15,"author":{"gitId":"yiyang74"},"content":"}","lastModifiedDate":"2025-02-04","isFullCredit":false}],"authorContributionMap":{"yiyang74":15}},{"path":"src/main/java/uncleroger/task/Event.java","fileType":"java","lines":[{"lineNumber":1,"author":{"gitId":"yiyang74"},"content":"package uncleroger.task;","lastModifiedDate":"2025-02-09","isFullCredit":false},{"lineNumber":2,"author":{"gitId":"yiyang74"},"content":"","lastModifiedDate":"2025-02-09","isFullCredit":false},{"lineNumber":3,"author":{"gitId":"yiyang74"},"content":"public class Event extends Todo {","lastModifiedDate":"2025-02-04","isFullCredit":false},{"lineNumber":4,"author":{"gitId":"yiyang74"},"content":"    protected String from;","lastModifiedDate":"2025-02-04","isFullCredit":false},{"lineNumber":5,"author":{"gitId":"yiyang74"},"content":"    protected String to;","lastModifiedDate":"2025-02-04","isFullCredit":false},{"lineNumber":6,"author":{"gitId":"yiyang74"},"content":"","lastModifiedDate":"2025-02-04","isFullCredit":false},{"lineNumber":7,"author":{"gitId":"yiyang74"},"content":"    public Event(String from, String to, String description) {","lastModifiedDate":"2025-02-04","isFullCredit":false},{"lineNumber":8,"author":{"gitId":"yiyang74"},"content":"        super(description);","lastModifiedDate":"2025-02-04","isFullCredit":false},{"lineNumber":9,"author":{"gitId":"yiyang74"},"content":"        this.from \u003d from;","lastModifiedDate":"2025-02-04","isFullCredit":false},{"lineNumber":10,"author":{"gitId":"yiyang74"},"content":"        this.to \u003d to;","lastModifiedDate":"2025-02-04","isFullCredit":false},{"lineNumber":11,"author":{"gitId":"yiyang74"},"content":"    }","lastModifiedDate":"2025-02-04","isFullCredit":false},{"lineNumber":12,"author":{"gitId":"yiyang74"},"content":"","lastModifiedDate":"2025-02-04","isFullCredit":false},{"lineNumber":13,"author":{"gitId":"yiyang74"},"content":"    @Override","lastModifiedDate":"2025-02-04","isFullCredit":false},{"lineNumber":14,"author":{"gitId":"yiyang74"},"content":"    public String toString() {","lastModifiedDate":"2025-02-04","isFullCredit":false},{"lineNumber":15,"author":{"gitId":"yiyang74"},"content":"        return String.format(\"[E][%s] %s (from: %s to: %s)\",","lastModifiedDate":"2025-02-04","isFullCredit":false},{"lineNumber":16,"author":{"gitId":"yiyang74"},"content":"                getStatusIcon(), description, from, to);","lastModifiedDate":"2025-02-04","isFullCredit":false},{"lineNumber":17,"author":{"gitId":"yiyang74"},"content":"    }","lastModifiedDate":"2025-02-04","isFullCredit":false},{"lineNumber":18,"author":{"gitId":"yiyang74"},"content":"}","lastModifiedDate":"2025-02-04","isFullCredit":false}],"authorContributionMap":{"yiyang74":18}},{"path":"src/main/java/uncleroger/task/Task.java","fileType":"java","lines":[{"lineNumber":1,"author":{"gitId":"yiyang74"},"content":"package uncleroger.task;","lastModifiedDate":"2025-02-09","isFullCredit":false},{"lineNumber":2,"author":{"gitId":"yiyang74"},"content":"","lastModifiedDate":"2025-02-09","isFullCredit":false},{"lineNumber":3,"author":{"gitId":"yiyang74"},"content":"public abstract class Task {","lastModifiedDate":"2025-02-08","isFullCredit":false},{"lineNumber":4,"author":{"gitId":"yiyang74"},"content":"    protected static int taskCount \u003d 0;","lastModifiedDate":"2025-02-03","isFullCredit":false},{"lineNumber":5,"author":{"gitId":"yiyang74"},"content":"","lastModifiedDate":"2025-01-30","isFullCredit":false},{"lineNumber":6,"author":{"gitId":"yiyang74"},"content":"    public Task() {","lastModifiedDate":"2025-02-04","isFullCredit":false},{"lineNumber":7,"author":{"gitId":"yiyang74"},"content":"        taskCount++;","lastModifiedDate":"2025-02-03","isFullCredit":false},{"lineNumber":8,"author":{"gitId":"yiyang74"},"content":"    }","lastModifiedDate":"2025-02-03","isFullCredit":false},{"lineNumber":9,"author":{"gitId":"yiyang74"},"content":"","lastModifiedDate":"2025-02-03","isFullCredit":false},{"lineNumber":10,"author":{"gitId":"yiyang74"},"content":"    public static int getTaskCount() {","lastModifiedDate":"2025-02-03","isFullCredit":false},{"lineNumber":11,"author":{"gitId":"yiyang74"},"content":"        return taskCount;","lastModifiedDate":"2025-02-03","isFullCredit":false},{"lineNumber":12,"author":{"gitId":"yiyang74"},"content":"    }","lastModifiedDate":"2025-01-30","isFullCredit":false},{"lineNumber":13,"author":{"gitId":"yiyang74"},"content":"","lastModifiedDate":"2025-01-30","isFullCredit":false},{"lineNumber":14,"author":{"gitId":"yiyang74"},"content":"    public abstract boolean getIsDone();","lastModifiedDate":"2025-02-08","isFullCredit":false},{"lineNumber":15,"author":{"gitId":"yiyang74"},"content":"","lastModifiedDate":"2025-01-30","isFullCredit":false},{"lineNumber":16,"author":{"gitId":"yiyang74"},"content":"    public abstract void setIsDone(boolean isDone);","lastModifiedDate":"2025-02-08","isFullCredit":false},{"lineNumber":17,"author":{"gitId":"yiyang74"},"content":"}","lastModifiedDate":"2025-01-30","isFullCredit":false}],"authorContributionMap":{"yiyang74":17}},{"path":"src/main/java/uncleroger/task/Todo.java","fileType":"java","lines":[{"lineNumber":1,"author":{"gitId":"yiyang74"},"content":"package uncleroger.task;","lastModifiedDate":"2025-02-09","isFullCredit":false},{"lineNumber":2,"author":{"gitId":"yiyang74"},"content":"","lastModifiedDate":"2025-02-09","isFullCredit":false},{"lineNumber":3,"author":{"gitId":"yiyang74"},"content":"public class Todo extends Task {","lastModifiedDate":"2025-02-04","isFullCredit":false},{"lineNumber":4,"author":{"gitId":"yiyang74"},"content":"    protected boolean isDone;","lastModifiedDate":"2025-02-08","isFullCredit":false},{"lineNumber":5,"author":{"gitId":"yiyang74"},"content":"    protected String description;","lastModifiedDate":"2025-02-04","isFullCredit":false},{"lineNumber":6,"author":{"gitId":"yiyang74"},"content":"","lastModifiedDate":"2025-02-04","isFullCredit":false},{"lineNumber":7,"author":{"gitId":"yiyang74"},"content":"    public Todo(String description) {","lastModifiedDate":"2025-02-04","isFullCredit":false},{"lineNumber":8,"author":{"gitId":"yiyang74"},"content":"        super();","lastModifiedDate":"2025-02-04","isFullCredit":false},{"lineNumber":9,"author":{"gitId":"yiyang74"},"content":"        this.description \u003d description;","lastModifiedDate":"2025-02-04","isFullCredit":false},{"lineNumber":10,"author":{"gitId":"yiyang74"},"content":"    }","lastModifiedDate":"2025-02-04","isFullCredit":false},{"lineNumber":11,"author":{"gitId":"yiyang74"},"content":"","lastModifiedDate":"2025-02-04","isFullCredit":false},{"lineNumber":12,"author":{"gitId":"yiyang74"},"content":"    public String getStatusIcon() {","lastModifiedDate":"2025-02-08","isFullCredit":false},{"lineNumber":13,"author":{"gitId":"yiyang74"},"content":"        return (isDone ? \"X\" : \" \"); // mark done task with X","lastModifiedDate":"2025-02-08","isFullCredit":false},{"lineNumber":14,"author":{"gitId":"yiyang74"},"content":"    }","lastModifiedDate":"2025-02-08","isFullCredit":false},{"lineNumber":15,"author":{"gitId":"yiyang74"},"content":"","lastModifiedDate":"2025-02-08","isFullCredit":false},{"lineNumber":16,"author":{"gitId":"yiyang74"},"content":"    public boolean getIsDone() {","lastModifiedDate":"2025-02-08","isFullCredit":false},{"lineNumber":17,"author":{"gitId":"yiyang74"},"content":"        return isDone;","lastModifiedDate":"2025-02-08","isFullCredit":false},{"lineNumber":18,"author":{"gitId":"yiyang74"},"content":"    }","lastModifiedDate":"2025-02-08","isFullCredit":false},{"lineNumber":19,"author":{"gitId":"yiyang74"},"content":"","lastModifiedDate":"2025-02-08","isFullCredit":false},{"lineNumber":20,"author":{"gitId":"yiyang74"},"content":"    public void setIsDone(boolean isDone) {","lastModifiedDate":"2025-02-08","isFullCredit":false},{"lineNumber":21,"author":{"gitId":"yiyang74"},"content":"        this.isDone \u003d isDone;","lastModifiedDate":"2025-02-08","isFullCredit":false},{"lineNumber":22,"author":{"gitId":"yiyang74"},"content":"    }","lastModifiedDate":"2025-02-08","isFullCredit":false},{"lineNumber":23,"author":{"gitId":"yiyang74"},"content":"","lastModifiedDate":"2025-02-08","isFullCredit":false},{"lineNumber":24,"author":{"gitId":"yiyang74"},"content":"    @Override","lastModifiedDate":"2025-02-04","isFullCredit":false},{"lineNumber":25,"author":{"gitId":"yiyang74"},"content":"    public String toString() {","lastModifiedDate":"2025-02-04","isFullCredit":false},{"lineNumber":26,"author":{"gitId":"yiyang74"},"content":"        return String.format(\"[T][%s] %s\", getStatusIcon(), description);","lastModifiedDate":"2025-02-04","isFullCredit":false},{"lineNumber":27,"author":{"gitId":"yiyang74"},"content":"    }","lastModifiedDate":"2025-02-04","isFullCredit":false},{"lineNumber":28,"author":{"gitId":"yiyang74"},"content":"}","lastModifiedDate":"2025-02-04","isFullCredit":false}],"authorContributionMap":{"yiyang74":28}},{"path":"src/main/java/uncleroger/ui/UncleRoger.java","fileType":"java","lines":[{"lineNumber":1,"author":{"gitId":"yiyang74"},"content":"package uncleroger.ui;","lastModifiedDate":"2025-02-09","isFullCredit":false},{"lineNumber":2,"author":{"gitId":"yiyang74"},"content":"","lastModifiedDate":"2025-02-09","isFullCredit":false},{"lineNumber":3,"author":{"gitId":"yiyang74"},"content":"import uncleroger.exception.*;","lastModifiedDate":"2025-02-09","isFullCredit":false},{"lineNumber":4,"author":{"gitId":"yiyang74"},"content":"import uncleroger.task.*;","lastModifiedDate":"2025-02-09","isFullCredit":false},{"lineNumber":5,"author":{"gitId":"yiyang74"},"content":"import java.util.Arrays;","lastModifiedDate":"2025-02-04","isFullCredit":false},{"lineNumber":6,"author":{"gitId":"yiyang74"},"content":"import java.util.Scanner;","lastModifiedDate":"2025-02-02","isFullCredit":false},{"lineNumber":7,"author":{"gitId":"yiyang74"},"content":"","lastModifiedDate":"2025-02-02","isFullCredit":false},{"lineNumber":8,"author":{"gitId":"yiyang74"},"content":"","lastModifiedDate":"2025-02-09","isFullCredit":false},{"lineNumber":9,"author":{"gitId":"yiyang74"},"content":"public class UncleRoger {","lastModifiedDate":"2025-02-09","isFullCredit":false},{"lineNumber":10,"author":{"gitId":"yiyang74"},"content":"","lastModifiedDate":"2025-02-02","isFullCredit":false},{"lineNumber":11,"author":{"gitId":"yiyang74"},"content":"    private static final String LINE_SEPARATOR \u003d","lastModifiedDate":"2025-02-03","isFullCredit":false},{"lineNumber":12,"author":{"gitId":"yiyang74"},"content":"            \"~~~~~~~~~~~~~~~~~~~~~~~~~~~~~~~~~~~~~~~~~~~~~~~~~~~~~~~~~~~~\\n\";","lastModifiedDate":"2025-02-03","isFullCredit":false},{"lineNumber":13,"author":{"gitId":"yiyang74"},"content":"    private static final int MAX_ARRAY_LEN \u003d 100;","lastModifiedDate":"2025-02-03","isFullCredit":false},{"lineNumber":14,"author":{"gitId":"yiyang74"},"content":"","lastModifiedDate":"2025-02-02","isFullCredit":false},{"lineNumber":15,"author":{"gitId":"yiyang74"},"content":"    private static void printList(Task[] tasks) {","lastModifiedDate":"2025-02-03","isFullCredit":false},{"lineNumber":16,"author":{"gitId":"yiyang74"},"content":"        System.out.print(LINE_SEPARATOR);","lastModifiedDate":"2025-02-02","isFullCredit":false},{"lineNumber":17,"author":{"gitId":"yiyang74"},"content":"        System.out.println(\"Come. Uncle Roger remind you what tasks you have: \");","lastModifiedDate":"2025-02-09","isFullCredit":false},{"lineNumber":18,"author":{"gitId":"yiyang74"},"content":"        for (int i \u003d 0; i \u003c Task.getTaskCount(); i++) {","lastModifiedDate":"2025-02-03","isFullCredit":false},{"lineNumber":19,"author":{"gitId":"yiyang74"},"content":"            System.out.println((i + 1) + \".\" + tasks[i]);","lastModifiedDate":"2025-02-04","isFullCredit":false},{"lineNumber":20,"author":{"gitId":"yiyang74"},"content":"        }","lastModifiedDate":"2025-02-02","isFullCredit":false},{"lineNumber":21,"author":{"gitId":"yiyang74"},"content":"        System.out.print(LINE_SEPARATOR);","lastModifiedDate":"2025-02-02","isFullCredit":false},{"lineNumber":22,"author":{"gitId":"yiyang74"},"content":"    }","lastModifiedDate":"2025-02-02","isFullCredit":false},{"lineNumber":23,"author":{"gitId":"yiyang74"},"content":"","lastModifiedDate":"2025-02-02","isFullCredit":false},{"lineNumber":24,"author":{"gitId":"yiyang74"},"content":"    private static void printEmptyList() {","lastModifiedDate":"2025-02-03","isFullCredit":false},{"lineNumber":25,"author":{"gitId":"yiyang74"},"content":"        System.out.print(LINE_SEPARATOR +","lastModifiedDate":"2025-02-03","isFullCredit":false},{"lineNumber":26,"author":{"gitId":"yiyang74"},"content":"                \"Haiya! You haven\u0027t added anything yet.\\n\" + LINE_SEPARATOR);","lastModifiedDate":"2025-02-09","isFullCredit":false},{"lineNumber":27,"author":{"gitId":"yiyang74"},"content":"    }","lastModifiedDate":"2025-02-03","isFullCredit":false},{"lineNumber":28,"author":{"gitId":"yiyang74"},"content":"","lastModifiedDate":"2025-02-03","isFullCredit":false},{"lineNumber":29,"author":{"gitId":"yiyang74"},"content":"    private static void printTaskStatus(Task t) {","lastModifiedDate":"2025-02-02","isFullCredit":false},{"lineNumber":30,"author":{"gitId":"yiyang74"},"content":"        System.out.print(LINE_SEPARATOR);","lastModifiedDate":"2025-02-02","isFullCredit":false},{"lineNumber":31,"author":{"gitId":"yiyang74"},"content":"        if (t.getIsDone()) {","lastModifiedDate":"2025-02-02","isFullCredit":false},{"lineNumber":32,"author":{"gitId":"yiyang74"},"content":"            System.out.println(\"Uncle Roger help you mark this as done:\");","lastModifiedDate":"2025-02-09","isFullCredit":false},{"lineNumber":33,"author":{"gitId":"yiyang74"},"content":"            System.out.println(\"  \" + t);","lastModifiedDate":"2025-02-09","isFullCredit":false},{"lineNumber":34,"author":{"gitId":"yiyang74"},"content":"            System.out.println(\"Uncle Roger proud of you, good job.\");","lastModifiedDate":"2025-02-09","isFullCredit":false},{"lineNumber":35,"author":{"gitId":"yiyang74"},"content":"        } else {","lastModifiedDate":"2025-02-02","isFullCredit":false},{"lineNumber":36,"author":{"gitId":"yiyang74"},"content":"            System.out.println(\"Uncle Roger help you mark this as undone:\");","lastModifiedDate":"2025-02-09","isFullCredit":false},{"lineNumber":37,"author":{"gitId":"yiyang74"},"content":"            System.out.println(\"  \" + t);","lastModifiedDate":"2025-02-04","isFullCredit":false},{"lineNumber":38,"author":{"gitId":"yiyang74"},"content":"            System.out.println(\"Uncle Roger disappointed in you, don\u0027t be lazy!:\");","lastModifiedDate":"2025-02-09","isFullCredit":false},{"lineNumber":39,"author":{"gitId":"yiyang74"},"content":"        }","lastModifiedDate":"2025-02-09","isFullCredit":false},{"lineNumber":40,"author":{"gitId":"yiyang74"},"content":"        System.out.print(LINE_SEPARATOR);","lastModifiedDate":"2025-02-02","isFullCredit":false},{"lineNumber":41,"author":{"gitId":"yiyang74"},"content":"    }","lastModifiedDate":"2025-02-02","isFullCredit":false},{"lineNumber":42,"author":{"gitId":"yiyang74"},"content":"","lastModifiedDate":"2025-02-02","isFullCredit":false},{"lineNumber":43,"author":{"gitId":"yiyang74"},"content":"    private static void printGreeting() {","lastModifiedDate":"2025-02-03","isFullCredit":false},{"lineNumber":44,"author":{"gitId":"yiyang74"},"content":"        System.out.print(LINE_SEPARATOR + \"Hallo, I am Uncle Roger.\\n\" +","lastModifiedDate":"2025-02-09","isFullCredit":false},{"lineNumber":45,"author":{"gitId":"yiyang74"},"content":"                        \"What you want me to do?\\n\" + LINE_SEPARATOR);","lastModifiedDate":"2025-02-09","isFullCredit":false},{"lineNumber":46,"author":{"gitId":"yiyang74"},"content":"    }","lastModifiedDate":"2025-02-03","isFullCredit":false},{"lineNumber":47,"author":{"gitId":"yiyang74"},"content":"","lastModifiedDate":"2025-02-03","isFullCredit":false},{"lineNumber":48,"author":{"gitId":"yiyang74"},"content":"    private static void printGoodbye() {","lastModifiedDate":"2025-02-03","isFullCredit":false},{"lineNumber":49,"author":{"gitId":"yiyang74"},"content":"        System.out.print(LINE_SEPARATOR +","lastModifiedDate":"2025-02-03","isFullCredit":false},{"lineNumber":50,"author":{"gitId":"yiyang74"},"content":"                \"Haiya...Goodbye.\\nDon\u0027t like Uncle Roger just say.\\n\" + LINE_SEPARATOR);","lastModifiedDate":"2025-02-09","isFullCredit":false},{"lineNumber":51,"author":{"gitId":"yiyang74"},"content":"    }","lastModifiedDate":"2025-02-03","isFullCredit":false},{"lineNumber":52,"author":{"gitId":"yiyang74"},"content":"","lastModifiedDate":"2025-02-03","isFullCredit":false},{"lineNumber":53,"author":{"gitId":"yiyang74"},"content":"    private static void printNoEntryYet() {","lastModifiedDate":"2025-02-09","isFullCredit":false},{"lineNumber":54,"author":{"gitId":"yiyang74"},"content":"        System.out.print(LINE_SEPARATOR + \"Aiyoo...don\u0027t even have this task yet!\\n\" +","lastModifiedDate":"2025-02-09","isFullCredit":false},{"lineNumber":55,"author":{"gitId":"yiyang74"},"content":"                \"Kan Cheong Spider!\\n\" + LINE_SEPARATOR);","lastModifiedDate":"2025-02-09","isFullCredit":false},{"lineNumber":56,"author":{"gitId":"yiyang74"},"content":"    }","lastModifiedDate":"2025-02-03","isFullCredit":false},{"lineNumber":57,"author":{"gitId":"yiyang74"},"content":"","lastModifiedDate":"2025-02-03","isFullCredit":false},{"lineNumber":58,"author":{"gitId":"yiyang74"},"content":"    private static void printAlreadyMarked() {","lastModifiedDate":"2025-02-09","isFullCredit":false},{"lineNumber":59,"author":{"gitId":"yiyang74"},"content":"        System.out.print(LINE_SEPARATOR +","lastModifiedDate":"2025-02-02","isFullCredit":false},{"lineNumber":60,"author":{"gitId":"yiyang74"},"content":"                \"Haiya...this task already mark as done.\\n\" +","lastModifiedDate":"2025-02-09","isFullCredit":false},{"lineNumber":61,"author":{"gitId":"yiyang74"},"content":"                \"Go do something else\\n\" + LINE_SEPARATOR);","lastModifiedDate":"2025-02-09","isFullCredit":false},{"lineNumber":62,"author":{"gitId":"yiyang74"},"content":"    }","lastModifiedDate":"2025-02-02","isFullCredit":false},{"lineNumber":63,"author":{"gitId":"yiyang74"},"content":"","lastModifiedDate":"2025-02-03","isFullCredit":false},{"lineNumber":64,"author":{"gitId":"yiyang74"},"content":"    private static void printAlreadyUnmarked() {","lastModifiedDate":"2025-02-03","isFullCredit":false},{"lineNumber":65,"author":{"gitId":"yiyang74"},"content":"        System.out.print(LINE_SEPARATOR +","lastModifiedDate":"2025-02-02","isFullCredit":false},{"lineNumber":66,"author":{"gitId":"yiyang74"},"content":"                \"Haiya...this task is already unmarked.\\n\" +","lastModifiedDate":"2025-02-09","isFullCredit":false},{"lineNumber":67,"author":{"gitId":"yiyang74"},"content":"                \"Stop procrastinating!\\n\" + LINE_SEPARATOR);","lastModifiedDate":"2025-02-09","isFullCredit":false},{"lineNumber":68,"author":{"gitId":"yiyang74"},"content":"    }","lastModifiedDate":"2025-02-03","isFullCredit":false},{"lineNumber":69,"author":{"gitId":"yiyang74"},"content":"","lastModifiedDate":"2025-02-03","isFullCredit":false},{"lineNumber":70,"author":{"gitId":"yiyang74"},"content":"    private static void printTaskEntry(Task[] tasks) {","lastModifiedDate":"2025-02-04","isFullCredit":false},{"lineNumber":71,"author":{"gitId":"yiyang74"},"content":"        System.out.print(LINE_SEPARATOR + \"Ok. Uncle Roger add this task for you:\\n  \" +","lastModifiedDate":"2025-02-09","isFullCredit":false},{"lineNumber":72,"author":{"gitId":"yiyang74"},"content":"                tasks[Task.getTaskCount() - 1] + \"\\nDon\u0027t forget, now you have \" +","lastModifiedDate":"2025-02-09","isFullCredit":false},{"lineNumber":73,"author":{"gitId":"yiyang74"},"content":"                Task.getTaskCount() + \" tasks in your list.\\n\" + LINE_SEPARATOR);","lastModifiedDate":"2025-02-09","isFullCredit":false},{"lineNumber":74,"author":{"gitId":"yiyang74"},"content":"    }","lastModifiedDate":"2025-02-04","isFullCredit":false},{"lineNumber":75,"author":{"gitId":"yiyang74"},"content":"","lastModifiedDate":"2025-02-04","isFullCredit":false},{"lineNumber":76,"author":{"gitId":"yiyang74"},"content":"    private static void printInvalidDeadline() {","lastModifiedDate":"2025-02-04","isFullCredit":false},{"lineNumber":77,"author":{"gitId":"yiyang74"},"content":"        System.out.print(LINE_SEPARATOR +","lastModifiedDate":"2025-02-04","isFullCredit":false},{"lineNumber":78,"author":{"gitId":"yiyang74"},"content":"                \"Haiya...invalid entry for Deadline!\\n\" +","lastModifiedDate":"2025-02-09","isFullCredit":false},{"lineNumber":79,"author":{"gitId":"yiyang74"},"content":"                \"Go include \\\"/by\\\" in your entry!\\n\" + LINE_SEPARATOR);","lastModifiedDate":"2025-02-09","isFullCredit":false},{"lineNumber":80,"author":{"gitId":"yiyang74"},"content":"    }","lastModifiedDate":"2025-02-04","isFullCredit":false},{"lineNumber":81,"author":{"gitId":"yiyang74"},"content":"","lastModifiedDate":"2025-02-04","isFullCredit":false},{"lineNumber":82,"author":{"gitId":"yiyang74"},"content":"    private static void printMissingEventFields() {","lastModifiedDate":"2025-02-04","isFullCredit":false},{"lineNumber":83,"author":{"gitId":"yiyang74"},"content":"        System.out.print(LINE_SEPARATOR +","lastModifiedDate":"2025-02-04","isFullCredit":false},{"lineNumber":84,"author":{"gitId":"yiyang74"},"content":"                \"Haiya...invalid entry for Event!\\n\" +","lastModifiedDate":"2025-02-09","isFullCredit":false},{"lineNumber":85,"author":{"gitId":"yiyang74"},"content":"                \"Go include both \\\"/from\\\" and \\\"/to\\\" in your entry!\\n\" +","lastModifiedDate":"2025-02-09","isFullCredit":false},{"lineNumber":86,"author":{"gitId":"yiyang74"},"content":"                LINE_SEPARATOR);","lastModifiedDate":"2025-02-04","isFullCredit":false},{"lineNumber":87,"author":{"gitId":"yiyang74"},"content":"    }","lastModifiedDate":"2025-02-04","isFullCredit":false},{"lineNumber":88,"author":{"gitId":"yiyang74"},"content":"","lastModifiedDate":"2025-02-04","isFullCredit":false},{"lineNumber":89,"author":{"gitId":"yiyang74"},"content":"    private static void printInvalidEventFieldOrder() {","lastModifiedDate":"2025-02-04","isFullCredit":false},{"lineNumber":90,"author":{"gitId":"yiyang74"},"content":"        System.out.print(LINE_SEPARATOR +","lastModifiedDate":"2025-02-04","isFullCredit":false},{"lineNumber":91,"author":{"gitId":"yiyang74"},"content":"                \"Haiya...wrong entry order for Event!\\n\" +","lastModifiedDate":"2025-02-09","isFullCredit":false},{"lineNumber":92,"author":{"gitId":"yiyang74"},"content":"                \"Go enter \\\"/from\\\" before \\\"/to\\\" in your entry!\\n\" + LINE_SEPARATOR);","lastModifiedDate":"2025-02-09","isFullCredit":false},{"lineNumber":93,"author":{"gitId":"yiyang74"},"content":"    }","lastModifiedDate":"2025-02-04","isFullCredit":false},{"lineNumber":94,"author":{"gitId":"yiyang74"},"content":"","lastModifiedDate":"2025-02-04","isFullCredit":false},{"lineNumber":95,"author":{"gitId":"yiyang74"},"content":"    private static void printNoDescription() {","lastModifiedDate":"2025-02-09","isFullCredit":false},{"lineNumber":96,"author":{"gitId":"yiyang74"},"content":"        System.out.print(LINE_SEPARATOR + \"Haiya...your entry got no description!\\n\" +","lastModifiedDate":"2025-02-09","isFullCredit":false},{"lineNumber":97,"author":{"gitId":"yiyang74"},"content":"                \"Go re-type for Uncle Roger again!\\n\" + LINE_SEPARATOR);","lastModifiedDate":"2025-02-09","isFullCredit":false},{"lineNumber":98,"author":{"gitId":"yiyang74"},"content":"    }","lastModifiedDate":"2025-02-09","isFullCredit":false},{"lineNumber":99,"author":{"gitId":"yiyang74"},"content":"","lastModifiedDate":"2025-02-09","isFullCredit":false},{"lineNumber":100,"author":{"gitId":"yiyang74"},"content":"    private static void printNonPositiveIndex() {","lastModifiedDate":"2025-02-09","isFullCredit":false},{"lineNumber":101,"author":{"gitId":"yiyang74"},"content":"        System.out.print(LINE_SEPARATOR + \"Haiya...Uncle Roger remind you again,\\n\" +","lastModifiedDate":"2025-02-09","isFullCredit":false},{"lineNumber":102,"author":{"gitId":"yiyang74"},"content":"                \"task number entered must be more than 0!\\n\" + LINE_SEPARATOR);","lastModifiedDate":"2025-02-09","isFullCredit":false},{"lineNumber":103,"author":{"gitId":"yiyang74"},"content":"    }","lastModifiedDate":"2025-02-09","isFullCredit":false},{"lineNumber":104,"author":{"gitId":"yiyang74"},"content":"","lastModifiedDate":"2025-02-09","isFullCredit":false},{"lineNumber":105,"author":{"gitId":"yiyang74"},"content":"    private static void handleMarkCommand(Task[] tasks, String[] words)","lastModifiedDate":"2025-02-09","isFullCredit":false},{"lineNumber":106,"author":{"gitId":"yiyang74"},"content":"            throws NoEntryYetException, AlreadyMarkedException, NonPositiveIndexException {","lastModifiedDate":"2025-02-09","isFullCredit":false},{"lineNumber":107,"author":{"gitId":"yiyang74"},"content":"        int userEnteredEntry \u003d Integer.parseInt(words[1]);","lastModifiedDate":"2025-02-03","isFullCredit":false},{"lineNumber":108,"author":{"gitId":"yiyang74"},"content":"        int userEnteredArrIndex \u003d userEnteredEntry - 1;","lastModifiedDate":"2025-02-03","isFullCredit":false},{"lineNumber":109,"author":{"gitId":"yiyang74"},"content":"        if (userEnteredEntry \u003c\u003d 0) {","lastModifiedDate":"2025-02-09","isFullCredit":false},{"lineNumber":110,"author":{"gitId":"yiyang74"},"content":"            throw new NonPositiveIndexException();","lastModifiedDate":"2025-02-09","isFullCredit":false},{"lineNumber":111,"author":{"gitId":"yiyang74"},"content":"        } else if (userEnteredArrIndex \u003e\u003d Task.getTaskCount()) {","lastModifiedDate":"2025-02-09","isFullCredit":false},{"lineNumber":112,"author":{"gitId":"yiyang74"},"content":"            throw new NoEntryYetException();","lastModifiedDate":"2025-02-09","isFullCredit":false},{"lineNumber":113,"author":{"gitId":"yiyang74"},"content":"        } else if (tasks[userEnteredArrIndex].getIsDone()) {","lastModifiedDate":"2025-02-03","isFullCredit":false},{"lineNumber":114,"author":{"gitId":"yiyang74"},"content":"            throw new AlreadyMarkedException();","lastModifiedDate":"2025-02-09","isFullCredit":false},{"lineNumber":115,"author":{"gitId":"yiyang74"},"content":"        } else {","lastModifiedDate":"2025-02-02","isFullCredit":false},{"lineNumber":116,"author":{"gitId":"yiyang74"},"content":"            tasks[userEnteredArrIndex].setIsDone(true);","lastModifiedDate":"2025-02-03","isFullCredit":false},{"lineNumber":117,"author":{"gitId":"yiyang74"},"content":"            printTaskStatus(tasks[userEnteredArrIndex]);","lastModifiedDate":"2025-02-03","isFullCredit":false},{"lineNumber":118,"author":{"gitId":"yiyang74"},"content":"        }","lastModifiedDate":"2025-02-03","isFullCredit":false},{"lineNumber":119,"author":{"gitId":"yiyang74"},"content":"    }","lastModifiedDate":"2025-02-02","isFullCredit":false},{"lineNumber":120,"author":{"gitId":"yiyang74"},"content":"","lastModifiedDate":"2025-02-03","isFullCredit":false},{"lineNumber":121,"author":{"gitId":"yiyang74"},"content":"    private static void handleUnmarkedCommand(Task[] tasks, String[] words)","lastModifiedDate":"2025-02-09","isFullCredit":false},{"lineNumber":122,"author":{"gitId":"yiyang74"},"content":"            throws NoEntryYetException, AlreadyUnmarkedException, NonPositiveIndexException {","lastModifiedDate":"2025-02-09","isFullCredit":false},{"lineNumber":123,"author":{"gitId":"yiyang74"},"content":"        int userEnteredEntry \u003d Integer.parseInt(words[1]);","lastModifiedDate":"2025-02-03","isFullCredit":false},{"lineNumber":124,"author":{"gitId":"yiyang74"},"content":"        int userEnteredArrIndex \u003d userEnteredEntry - 1;","lastModifiedDate":"2025-02-03","isFullCredit":false},{"lineNumber":125,"author":{"gitId":"yiyang74"},"content":"        if (userEnteredEntry \u003c\u003d 0) {","lastModifiedDate":"2025-02-09","isFullCredit":false},{"lineNumber":126,"author":{"gitId":"yiyang74"},"content":"            throw new NonPositiveIndexException();","lastModifiedDate":"2025-02-09","isFullCredit":false},{"lineNumber":127,"author":{"gitId":"yiyang74"},"content":"        } else if (userEnteredArrIndex \u003e\u003d Task.getTaskCount()) {","lastModifiedDate":"2025-02-09","isFullCredit":false},{"lineNumber":128,"author":{"gitId":"yiyang74"},"content":"            throw new NoEntryYetException();","lastModifiedDate":"2025-02-09","isFullCredit":false},{"lineNumber":129,"author":{"gitId":"yiyang74"},"content":"        } else if (!tasks[userEnteredArrIndex].getIsDone()) {","lastModifiedDate":"2025-02-03","isFullCredit":false},{"lineNumber":130,"author":{"gitId":"yiyang74"},"content":"            throw new AlreadyUnmarkedException();","lastModifiedDate":"2025-02-09","isFullCredit":false},{"lineNumber":131,"author":{"gitId":"yiyang74"},"content":"        } else {","lastModifiedDate":"2025-02-02","isFullCredit":false},{"lineNumber":132,"author":{"gitId":"yiyang74"},"content":"            tasks[userEnteredArrIndex].setIsDone(false);","lastModifiedDate":"2025-02-03","isFullCredit":false},{"lineNumber":133,"author":{"gitId":"yiyang74"},"content":"            printTaskStatus(tasks[userEnteredArrIndex]);","lastModifiedDate":"2025-02-03","isFullCredit":false},{"lineNumber":134,"author":{"gitId":"yiyang74"},"content":"        }","lastModifiedDate":"2025-02-02","isFullCredit":false},{"lineNumber":135,"author":{"gitId":"yiyang74"},"content":"    }","lastModifiedDate":"2025-02-02","isFullCredit":false},{"lineNumber":136,"author":{"gitId":"yiyang74"},"content":"","lastModifiedDate":"2025-02-03","isFullCredit":false},{"lineNumber":137,"author":{"gitId":"yiyang74"},"content":"    private static void handleListCommand(Task[] tasks) throws EmptyListException {","lastModifiedDate":"2025-02-09","isFullCredit":false},{"lineNumber":138,"author":{"gitId":"yiyang74"},"content":"        if (Task.getTaskCount() \u003d\u003d 0) {","lastModifiedDate":"2025-02-03","isFullCredit":false},{"lineNumber":139,"author":{"gitId":"yiyang74"},"content":"            throw new EmptyListException();","lastModifiedDate":"2025-02-09","isFullCredit":false},{"lineNumber":140,"author":{"gitId":"yiyang74"},"content":"        } else {","lastModifiedDate":"2025-02-03","isFullCredit":false},{"lineNumber":141,"author":{"gitId":"yiyang74"},"content":"            printList(tasks);","lastModifiedDate":"2025-02-03","isFullCredit":false},{"lineNumber":142,"author":{"gitId":"yiyang74"},"content":"        }","lastModifiedDate":"2025-02-03","isFullCredit":false},{"lineNumber":143,"author":{"gitId":"yiyang74"},"content":"    }","lastModifiedDate":"2025-02-03","isFullCredit":false},{"lineNumber":144,"author":{"gitId":"yiyang74"},"content":"","lastModifiedDate":"2025-02-03","isFullCredit":false},{"lineNumber":145,"author":{"gitId":"yiyang74"},"content":"    private static void handleTodoCommand(Task[] tasks, String[] words)","lastModifiedDate":"2025-02-09","isFullCredit":false},{"lineNumber":146,"author":{"gitId":"yiyang74"},"content":"            throws NoDescriptionException {","lastModifiedDate":"2025-02-09","isFullCredit":false},{"lineNumber":147,"author":{"gitId":"yiyang74"},"content":"        if (words.length \u003c 2) {","lastModifiedDate":"2025-02-09","isFullCredit":false},{"lineNumber":148,"author":{"gitId":"yiyang74"},"content":"            throw new NoDescriptionException();","lastModifiedDate":"2025-02-09","isFullCredit":false},{"lineNumber":149,"author":{"gitId":"yiyang74"},"content":"        }","lastModifiedDate":"2025-02-09","isFullCredit":false},{"lineNumber":150,"author":{"gitId":"yiyang74"},"content":"        String description \u003d combineWordsToSentence(words, 1, words.length);","lastModifiedDate":"2025-02-04","isFullCredit":false},{"lineNumber":151,"author":{"gitId":"yiyang74"},"content":"        tasks[Task.getTaskCount()] \u003d new Todo(description);","lastModifiedDate":"2025-02-04","isFullCredit":false},{"lineNumber":152,"author":{"gitId":"yiyang74"},"content":"        printTaskEntry(tasks);","lastModifiedDate":"2025-02-04","isFullCredit":false},{"lineNumber":153,"author":{"gitId":"yiyang74"},"content":"    }","lastModifiedDate":"2025-02-04","isFullCredit":false},{"lineNumber":154,"author":{"gitId":"yiyang74"},"content":"","lastModifiedDate":"2025-02-04","isFullCredit":false},{"lineNumber":155,"author":{"gitId":"yiyang74"},"content":"    private static void handleDeadlineCommand(Task[] tasks, String[] words)","lastModifiedDate":"2025-02-09","isFullCredit":false},{"lineNumber":156,"author":{"gitId":"yiyang74"},"content":"            throws NoDescriptionException, InvalidDeadlineException {","lastModifiedDate":"2025-02-09","isFullCredit":false},{"lineNumber":157,"author":{"gitId":"yiyang74"},"content":"        if (words.length \u003c 2) {","lastModifiedDate":"2025-02-09","isFullCredit":false},{"lineNumber":158,"author":{"gitId":"yiyang74"},"content":"            throw new NoDescriptionException();","lastModifiedDate":"2025-02-09","isFullCredit":false},{"lineNumber":159,"author":{"gitId":"yiyang74"},"content":"        }","lastModifiedDate":"2025-02-09","isFullCredit":false},{"lineNumber":160,"author":{"gitId":"yiyang74"},"content":"        int indexOfBy \u003d -1;","lastModifiedDate":"2025-02-04","isFullCredit":false},{"lineNumber":161,"author":{"gitId":"yiyang74"},"content":"        for (int i \u003d 0; i \u003c words.length; i++) {","lastModifiedDate":"2025-02-04","isFullCredit":false},{"lineNumber":162,"author":{"gitId":"yiyang74"},"content":"            if (words[i].equalsIgnoreCase(\"/by\")) {","lastModifiedDate":"2025-02-04","isFullCredit":false},{"lineNumber":163,"author":{"gitId":"yiyang74"},"content":"                indexOfBy \u003d i;","lastModifiedDate":"2025-02-04","isFullCredit":false},{"lineNumber":164,"author":{"gitId":"yiyang74"},"content":"                break;","lastModifiedDate":"2025-02-04","isFullCredit":false},{"lineNumber":165,"author":{"gitId":"yiyang74"},"content":"            }","lastModifiedDate":"2025-02-04","isFullCredit":false},{"lineNumber":166,"author":{"gitId":"yiyang74"},"content":"        }","lastModifiedDate":"2025-02-04","isFullCredit":false},{"lineNumber":167,"author":{"gitId":"yiyang74"},"content":"        if (indexOfBy \u003d\u003d -1) {","lastModifiedDate":"2025-02-04","isFullCredit":false},{"lineNumber":168,"author":{"gitId":"yiyang74"},"content":"            throw new InvalidDeadlineException();","lastModifiedDate":"2025-02-09","isFullCredit":false},{"lineNumber":169,"author":{"gitId":"yiyang74"},"content":"        }","lastModifiedDate":"2025-02-04","isFullCredit":false},{"lineNumber":170,"author":{"gitId":"yiyang74"},"content":"        String description \u003d combineWordsToSentence(words, 1, indexOfBy);","lastModifiedDate":"2025-02-04","isFullCredit":false},{"lineNumber":171,"author":{"gitId":"yiyang74"},"content":"        String by \u003d combineWordsToSentence(words, indexOfBy + 1, words.length);","lastModifiedDate":"2025-02-04","isFullCredit":false},{"lineNumber":172,"author":{"gitId":"yiyang74"},"content":"        tasks[Task.getTaskCount()] \u003d new Deadline(by, description);","lastModifiedDate":"2025-02-04","isFullCredit":false},{"lineNumber":173,"author":{"gitId":"yiyang74"},"content":"        printTaskEntry(tasks);","lastModifiedDate":"2025-02-04","isFullCredit":false},{"lineNumber":174,"author":{"gitId":"yiyang74"},"content":"    }","lastModifiedDate":"2025-02-04","isFullCredit":false},{"lineNumber":175,"author":{"gitId":"yiyang74"},"content":"","lastModifiedDate":"2025-02-04","isFullCredit":false},{"lineNumber":176,"author":{"gitId":"yiyang74"},"content":"    private static void handleEventCommand(Task[] tasks, String[] words)","lastModifiedDate":"2025-02-09","isFullCredit":false},{"lineNumber":177,"author":{"gitId":"yiyang74"},"content":"            throws NoDescriptionException, MissingEventFieldsException,","lastModifiedDate":"2025-02-09","isFullCredit":false},{"lineNumber":178,"author":{"gitId":"yiyang74"},"content":"            InvalidEventFieldOrderException {","lastModifiedDate":"2025-02-09","isFullCredit":false},{"lineNumber":179,"author":{"gitId":"yiyang74"},"content":"        if (words.length \u003c 2) {","lastModifiedDate":"2025-02-09","isFullCredit":false},{"lineNumber":180,"author":{"gitId":"yiyang74"},"content":"            throw new NoDescriptionException();","lastModifiedDate":"2025-02-09","isFullCredit":false},{"lineNumber":181,"author":{"gitId":"yiyang74"},"content":"        }","lastModifiedDate":"2025-02-09","isFullCredit":false},{"lineNumber":182,"author":{"gitId":"yiyang74"},"content":"        int indexOfFrom \u003d -1;","lastModifiedDate":"2025-02-04","isFullCredit":false},{"lineNumber":183,"author":{"gitId":"yiyang74"},"content":"        int indexOfTo \u003d -1;","lastModifiedDate":"2025-02-04","isFullCredit":false},{"lineNumber":184,"author":{"gitId":"yiyang74"},"content":"        for (int i \u003d 0; i \u003c words.length; i++) {","lastModifiedDate":"2025-02-04","isFullCredit":false},{"lineNumber":185,"author":{"gitId":"yiyang74"},"content":"            if (words[i].equalsIgnoreCase(\"/from\")) {","lastModifiedDate":"2025-02-04","isFullCredit":false},{"lineNumber":186,"author":{"gitId":"yiyang74"},"content":"                indexOfFrom \u003d i;","lastModifiedDate":"2025-02-04","isFullCredit":false},{"lineNumber":187,"author":{"gitId":"yiyang74"},"content":"            }","lastModifiedDate":"2025-02-04","isFullCredit":false},{"lineNumber":188,"author":{"gitId":"yiyang74"},"content":"            if (words[i].equalsIgnoreCase(\"/to\")) {","lastModifiedDate":"2025-02-04","isFullCredit":false},{"lineNumber":189,"author":{"gitId":"yiyang74"},"content":"                indexOfTo \u003d i;","lastModifiedDate":"2025-02-04","isFullCredit":false},{"lineNumber":190,"author":{"gitId":"yiyang74"},"content":"            }","lastModifiedDate":"2025-02-04","isFullCredit":false},{"lineNumber":191,"author":{"gitId":"yiyang74"},"content":"        }","lastModifiedDate":"2025-02-04","isFullCredit":false},{"lineNumber":192,"author":{"gitId":"yiyang74"},"content":"        if (indexOfFrom \u003d\u003d -1 || indexOfTo \u003d\u003d -1) {","lastModifiedDate":"2025-02-04","isFullCredit":false},{"lineNumber":193,"author":{"gitId":"yiyang74"},"content":"            throw new MissingEventFieldsException();","lastModifiedDate":"2025-02-09","isFullCredit":false},{"lineNumber":194,"author":{"gitId":"yiyang74"},"content":"        }","lastModifiedDate":"2025-02-04","isFullCredit":false},{"lineNumber":195,"author":{"gitId":"yiyang74"},"content":"        if (indexOfFrom \u003e indexOfTo) {","lastModifiedDate":"2025-02-04","isFullCredit":false},{"lineNumber":196,"author":{"gitId":"yiyang74"},"content":"            throw new InvalidEventFieldOrderException();","lastModifiedDate":"2025-02-09","isFullCredit":false},{"lineNumber":197,"author":{"gitId":"yiyang74"},"content":"        }","lastModifiedDate":"2025-02-04","isFullCredit":false},{"lineNumber":198,"author":{"gitId":"yiyang74"},"content":"        String description \u003d combineWordsToSentence(words, 1, indexOfFrom);","lastModifiedDate":"2025-02-04","isFullCredit":false},{"lineNumber":199,"author":{"gitId":"yiyang74"},"content":"        String from \u003d combineWordsToSentence(words, indexOfFrom + 1, indexOfTo);","lastModifiedDate":"2025-02-04","isFullCredit":false},{"lineNumber":200,"author":{"gitId":"yiyang74"},"content":"        String to \u003d combineWordsToSentence(words, indexOfTo + 1, words.length);","lastModifiedDate":"2025-02-04","isFullCredit":false},{"lineNumber":201,"author":{"gitId":"yiyang74"},"content":"        tasks[Task.getTaskCount()] \u003d new Event(from, to, description);","lastModifiedDate":"2025-02-04","isFullCredit":false},{"lineNumber":202,"author":{"gitId":"yiyang74"},"content":"        printTaskEntry(tasks);","lastModifiedDate":"2025-02-04","isFullCredit":false},{"lineNumber":203,"author":{"gitId":"yiyang74"},"content":"    }","lastModifiedDate":"2025-02-04","isFullCredit":false},{"lineNumber":204,"author":{"gitId":"yiyang74"},"content":"","lastModifiedDate":"2025-02-04","isFullCredit":false},{"lineNumber":205,"author":{"gitId":"yiyang74"},"content":"    private static void printInvalidCommand() {","lastModifiedDate":"2025-02-09","isFullCredit":false},{"lineNumber":206,"author":{"gitId":"yiyang74"},"content":"        System.out.print(LINE_SEPARATOR + \"Haiya...Uncle Roger don\u0027t know what you typing!\\n\" +","lastModifiedDate":"2025-02-09","isFullCredit":false},{"lineNumber":207,"author":{"gitId":"yiyang74"},"content":"                \"Uncle Roger remind you again. Begin your entry with:\\n\" +","lastModifiedDate":"2025-02-09","isFullCredit":false},{"lineNumber":208,"author":{"gitId":"yiyang74"},"content":"                \"\\\"list\\\", \\\"mark\\\", \\\"unmark\\\", \\\"todo\\\", \\\"deadline\\\" or \\\"event\\\".\\n\" +","lastModifiedDate":"2025-02-04","isFullCredit":false},{"lineNumber":209,"author":{"gitId":"yiyang74"},"content":"                LINE_SEPARATOR);","lastModifiedDate":"2025-02-04","isFullCredit":false},{"lineNumber":210,"author":{"gitId":"yiyang74"},"content":"    }","lastModifiedDate":"2025-02-04","isFullCredit":false},{"lineNumber":211,"author":{"gitId":"yiyang74"},"content":"","lastModifiedDate":"2025-02-04","isFullCredit":false},{"lineNumber":212,"author":{"gitId":"yiyang74"},"content":"    private static String combineWordsToSentence(String[] words, int start, int end) {","lastModifiedDate":"2025-02-04","isFullCredit":false},{"lineNumber":213,"author":{"gitId":"yiyang74"},"content":"        words \u003d Arrays.copyOfRange(words, start, end);","lastModifiedDate":"2025-02-04","isFullCredit":false},{"lineNumber":214,"author":{"gitId":"yiyang74"},"content":"        return String.join(\" \", words);","lastModifiedDate":"2025-02-04","isFullCredit":false},{"lineNumber":215,"author":{"gitId":"yiyang74"},"content":"    }","lastModifiedDate":"2025-02-04","isFullCredit":false},{"lineNumber":216,"author":{"gitId":"yiyang74"},"content":"","lastModifiedDate":"2025-02-04","isFullCredit":false},{"lineNumber":217,"author":{"gitId":"yiyang74"},"content":"    private static void parseUserSentence(String sentence, Task[] tasks)","lastModifiedDate":"2025-02-09","isFullCredit":false},{"lineNumber":218,"author":{"gitId":"yiyang74"},"content":"            throws InvalidCommandException {","lastModifiedDate":"2025-02-09","isFullCredit":false},{"lineNumber":219,"author":{"gitId":"yiyang74"},"content":"        String[] words \u003d sentence.split(\" \");","lastModifiedDate":"2025-02-03","isFullCredit":false},{"lineNumber":220,"author":{"gitId":"yiyang74"},"content":"        String command \u003d words[0];","lastModifiedDate":"2025-02-03","isFullCredit":false},{"lineNumber":221,"author":{"gitId":"yiyang74"},"content":"        switch (command.toLowerCase()) {","lastModifiedDate":"2025-02-03","isFullCredit":false},{"lineNumber":222,"author":{"gitId":"yiyang74"},"content":"        case \"list\":","lastModifiedDate":"2025-02-03","isFullCredit":false},{"lineNumber":223,"author":{"gitId":"yiyang74"},"content":"            try {","lastModifiedDate":"2025-02-09","isFullCredit":false},{"lineNumber":224,"author":{"gitId":"yiyang74"},"content":"                handleListCommand(tasks);","lastModifiedDate":"2025-02-03","isFullCredit":false},{"lineNumber":225,"author":{"gitId":"yiyang74"},"content":"            } catch (EmptyListException e) {","lastModifiedDate":"2025-02-09","isFullCredit":false},{"lineNumber":226,"author":{"gitId":"yiyang74"},"content":"                printEmptyList();","lastModifiedDate":"2025-02-09","isFullCredit":false},{"lineNumber":227,"author":{"gitId":"yiyang74"},"content":"            }","lastModifiedDate":"2025-02-09","isFullCredit":false},{"lineNumber":228,"author":{"gitId":"yiyang74"},"content":"            break;","lastModifiedDate":"2025-02-03","isFullCredit":false},{"lineNumber":229,"author":{"gitId":"yiyang74"},"content":"        case \"mark\":","lastModifiedDate":"2025-02-03","isFullCredit":false},{"lineNumber":230,"author":{"gitId":"yiyang74"},"content":"            try {","lastModifiedDate":"2025-02-09","isFullCredit":false},{"lineNumber":231,"author":{"gitId":"yiyang74"},"content":"                handleMarkCommand(tasks, words);","lastModifiedDate":"2025-02-03","isFullCredit":false},{"lineNumber":232,"author":{"gitId":"yiyang74"},"content":"            } catch (NoEntryYetException e) {","lastModifiedDate":"2025-02-09","isFullCredit":false},{"lineNumber":233,"author":{"gitId":"yiyang74"},"content":"                printNoEntryYet();","lastModifiedDate":"2025-02-09","isFullCredit":false},{"lineNumber":234,"author":{"gitId":"yiyang74"},"content":"            } catch (AlreadyMarkedException e) {","lastModifiedDate":"2025-02-09","isFullCredit":false},{"lineNumber":235,"author":{"gitId":"yiyang74"},"content":"                printAlreadyMarked();","lastModifiedDate":"2025-02-09","isFullCredit":false},{"lineNumber":236,"author":{"gitId":"yiyang74"},"content":"            } catch (NonPositiveIndexException e) {","lastModifiedDate":"2025-02-09","isFullCredit":false},{"lineNumber":237,"author":{"gitId":"yiyang74"},"content":"                printNonPositiveIndex();","lastModifiedDate":"2025-02-09","isFullCredit":false},{"lineNumber":238,"author":{"gitId":"yiyang74"},"content":"            }","lastModifiedDate":"2025-02-09","isFullCredit":false},{"lineNumber":239,"author":{"gitId":"yiyang74"},"content":"            break;","lastModifiedDate":"2025-02-03","isFullCredit":false},{"lineNumber":240,"author":{"gitId":"yiyang74"},"content":"        case \"unmark\":","lastModifiedDate":"2025-02-03","isFullCredit":false},{"lineNumber":241,"author":{"gitId":"yiyang74"},"content":"            try {","lastModifiedDate":"2025-02-09","isFullCredit":false},{"lineNumber":242,"author":{"gitId":"yiyang74"},"content":"                handleUnmarkedCommand(tasks, words);","lastModifiedDate":"2025-02-03","isFullCredit":false},{"lineNumber":243,"author":{"gitId":"yiyang74"},"content":"            } catch (NoEntryYetException e) {","lastModifiedDate":"2025-02-09","isFullCredit":false},{"lineNumber":244,"author":{"gitId":"yiyang74"},"content":"                printNoEntryYet();","lastModifiedDate":"2025-02-09","isFullCredit":false},{"lineNumber":245,"author":{"gitId":"yiyang74"},"content":"            } catch (AlreadyUnmarkedException e) {","lastModifiedDate":"2025-02-09","isFullCredit":false},{"lineNumber":246,"author":{"gitId":"yiyang74"},"content":"                printAlreadyUnmarked();","lastModifiedDate":"2025-02-09","isFullCredit":false},{"lineNumber":247,"author":{"gitId":"yiyang74"},"content":"            } catch (NonPositiveIndexException e) {","lastModifiedDate":"2025-02-09","isFullCredit":false},{"lineNumber":248,"author":{"gitId":"yiyang74"},"content":"                printNonPositiveIndex();","lastModifiedDate":"2025-02-09","isFullCredit":false},{"lineNumber":249,"author":{"gitId":"yiyang74"},"content":"            }","lastModifiedDate":"2025-02-09","isFullCredit":false},{"lineNumber":250,"author":{"gitId":"yiyang74"},"content":"            break;","lastModifiedDate":"2025-02-03","isFullCredit":false},{"lineNumber":251,"author":{"gitId":"yiyang74"},"content":"        case \"todo\":","lastModifiedDate":"2025-02-04","isFullCredit":false},{"lineNumber":252,"author":{"gitId":"yiyang74"},"content":"            try {","lastModifiedDate":"2025-02-09","isFullCredit":false},{"lineNumber":253,"author":{"gitId":"yiyang74"},"content":"                handleTodoCommand(tasks, words);","lastModifiedDate":"2025-02-04","isFullCredit":false},{"lineNumber":254,"author":{"gitId":"yiyang74"},"content":"            } catch (NoDescriptionException e) {","lastModifiedDate":"2025-02-09","isFullCredit":false},{"lineNumber":255,"author":{"gitId":"yiyang74"},"content":"                printNoDescription();","lastModifiedDate":"2025-02-09","isFullCredit":false},{"lineNumber":256,"author":{"gitId":"yiyang74"},"content":"            }","lastModifiedDate":"2025-02-09","isFullCredit":false},{"lineNumber":257,"author":{"gitId":"yiyang74"},"content":"            break;","lastModifiedDate":"2025-02-04","isFullCredit":false},{"lineNumber":258,"author":{"gitId":"yiyang74"},"content":"        case \"deadline\":","lastModifiedDate":"2025-02-04","isFullCredit":false},{"lineNumber":259,"author":{"gitId":"yiyang74"},"content":"            try {","lastModifiedDate":"2025-02-09","isFullCredit":false},{"lineNumber":260,"author":{"gitId":"yiyang74"},"content":"                handleDeadlineCommand(tasks, words);","lastModifiedDate":"2025-02-04","isFullCredit":false},{"lineNumber":261,"author":{"gitId":"yiyang74"},"content":"            } catch (NoDescriptionException e) {","lastModifiedDate":"2025-02-09","isFullCredit":false},{"lineNumber":262,"author":{"gitId":"yiyang74"},"content":"                printNoDescription();","lastModifiedDate":"2025-02-09","isFullCredit":false},{"lineNumber":263,"author":{"gitId":"yiyang74"},"content":"            } catch (InvalidDeadlineException e) {","lastModifiedDate":"2025-02-09","isFullCredit":false},{"lineNumber":264,"author":{"gitId":"yiyang74"},"content":"                printInvalidDeadline();","lastModifiedDate":"2025-02-09","isFullCredit":false},{"lineNumber":265,"author":{"gitId":"yiyang74"},"content":"            }","lastModifiedDate":"2025-02-09","isFullCredit":false},{"lineNumber":266,"author":{"gitId":"yiyang74"},"content":"            break;","lastModifiedDate":"2025-02-04","isFullCredit":false},{"lineNumber":267,"author":{"gitId":"yiyang74"},"content":"        case \"event\":","lastModifiedDate":"2025-02-04","isFullCredit":false},{"lineNumber":268,"author":{"gitId":"yiyang74"},"content":"            try {","lastModifiedDate":"2025-02-09","isFullCredit":false},{"lineNumber":269,"author":{"gitId":"yiyang74"},"content":"                handleEventCommand(tasks, words);","lastModifiedDate":"2025-02-04","isFullCredit":false},{"lineNumber":270,"author":{"gitId":"yiyang74"},"content":"            } catch (NoDescriptionException e) {","lastModifiedDate":"2025-02-09","isFullCredit":false},{"lineNumber":271,"author":{"gitId":"yiyang74"},"content":"                printNoDescription();","lastModifiedDate":"2025-02-09","isFullCredit":false},{"lineNumber":272,"author":{"gitId":"yiyang74"},"content":"            } catch (MissingEventFieldsException e) {","lastModifiedDate":"2025-02-09","isFullCredit":false},{"lineNumber":273,"author":{"gitId":"yiyang74"},"content":"                printMissingEventFields();","lastModifiedDate":"2025-02-09","isFullCredit":false},{"lineNumber":274,"author":{"gitId":"yiyang74"},"content":"            } catch (InvalidEventFieldOrderException e) {","lastModifiedDate":"2025-02-09","isFullCredit":false},{"lineNumber":275,"author":{"gitId":"yiyang74"},"content":"                printInvalidEventFieldOrder();","lastModifiedDate":"2025-02-09","isFullCredit":false},{"lineNumber":276,"author":{"gitId":"yiyang74"},"content":"            }","lastModifiedDate":"2025-02-09","isFullCredit":false},{"lineNumber":277,"author":{"gitId":"yiyang74"},"content":"            break;","lastModifiedDate":"2025-02-03","isFullCredit":false},{"lineNumber":278,"author":{"gitId":"yiyang74"},"content":"        default:","lastModifiedDate":"2025-02-04","isFullCredit":false},{"lineNumber":279,"author":{"gitId":"yiyang74"},"content":"            throw new InvalidCommandException();","lastModifiedDate":"2025-02-09","isFullCredit":false},{"lineNumber":280,"author":{"gitId":"yiyang74"},"content":"        }","lastModifiedDate":"2025-02-03","isFullCredit":false},{"lineNumber":281,"author":{"gitId":"yiyang74"},"content":"    }","lastModifiedDate":"2025-02-03","isFullCredit":false},{"lineNumber":282,"author":{"gitId":"yiyang74"},"content":"","lastModifiedDate":"2025-02-03","isFullCredit":false},{"lineNumber":283,"author":{"gitId":"yiyang74"},"content":"    public static void main(String[] args) {","lastModifiedDate":"2025-02-03","isFullCredit":false},{"lineNumber":284,"author":{"gitId":"yiyang74"},"content":"        printGreeting();","lastModifiedDate":"2025-02-03","isFullCredit":false},{"lineNumber":285,"author":{"gitId":"yiyang74"},"content":"        Task[] tasks \u003d new Task[MAX_ARRAY_LEN];","lastModifiedDate":"2025-02-03","isFullCredit":false},{"lineNumber":286,"author":{"gitId":"yiyang74"},"content":"        Scanner in \u003d new Scanner(System.in);","lastModifiedDate":"2025-02-03","isFullCredit":false},{"lineNumber":287,"author":{"gitId":"yiyang74"},"content":"        while (true) {","lastModifiedDate":"2025-02-03","isFullCredit":false},{"lineNumber":288,"author":{"gitId":"yiyang74"},"content":"            String sentence \u003d in.nextLine().trim();","lastModifiedDate":"2025-02-03","isFullCredit":false},{"lineNumber":289,"author":{"gitId":"yiyang74"},"content":"            if (sentence.equalsIgnoreCase(\"bye\")) {","lastModifiedDate":"2025-02-03","isFullCredit":false},{"lineNumber":290,"author":{"gitId":"yiyang74"},"content":"                break;","lastModifiedDate":"2025-02-03","isFullCredit":false},{"lineNumber":291,"author":{"gitId":"yiyang74"},"content":"            }","lastModifiedDate":"2025-02-03","isFullCredit":false},{"lineNumber":292,"author":{"gitId":"yiyang74"},"content":"            try {","lastModifiedDate":"2025-02-09","isFullCredit":false},{"lineNumber":293,"author":{"gitId":"yiyang74"},"content":"                parseUserSentence(sentence, tasks);","lastModifiedDate":"2025-02-03","isFullCredit":false},{"lineNumber":294,"author":{"gitId":"yiyang74"},"content":"            } catch (InvalidCommandException e) {","lastModifiedDate":"2025-02-09","isFullCredit":false},{"lineNumber":295,"author":{"gitId":"yiyang74"},"content":"                printInvalidCommand();","lastModifiedDate":"2025-02-09","isFullCredit":false},{"lineNumber":296,"author":{"gitId":"yiyang74"},"content":"            }","lastModifiedDate":"2025-02-09","isFullCredit":false},{"lineNumber":297,"author":{"gitId":"yiyang74"},"content":"        }","lastModifiedDate":"2025-02-03","isFullCredit":false},{"lineNumber":298,"author":{"gitId":"yiyang74"},"content":"        printGoodbye();","lastModifiedDate":"2025-02-03","isFullCredit":false},{"lineNumber":299,"author":{"gitId":"yiyang74"},"content":"    }","lastModifiedDate":"2025-02-02","isFullCredit":false},{"lineNumber":300,"author":{"gitId":"yiyang74"},"content":"}","lastModifiedDate":"2025-02-02","isFullCredit":false}],"authorContributionMap":{"yiyang74":300}}]
