{"authorDailyContributionsMap":{"yiyang74":[{"date":"2025-01-21","commitResults":[{"hash":"171bc9f4e1e50a784fbe34c8e0e2a88cf48eddcd","isMergeCommit":false,"messageTitle":"Renamed Duke to Echo","messageBody":"","tags":["Level-0"],"fileTypesAndContributionMap":{"java":{"insertions":13,"deletions":10}}}]},{"date":"2025-01-28","commitResults":[{"hash":"8f19284a8f009ee66488ed99bf1d6e79c8d96029","isMergeCommit":false,"messageTitle":"Name: rename Echo to Baus Feature: add echoing commands and exit on \"bye\"","messageBody":"","tags":["Level-1"],"fileTypesAndContributionMap":{"java":{"insertions":22,"deletions":13}}},{"hash":"c12f193e2a0098ca8f0bc81a46c849aa88f921f2","isMergeCommit":false,"messageTitle":"Add ability to store and display stored text","messageBody":"","tags":["Level-2"],"fileTypesAndContributionMap":{"java":{"insertions":19,"deletions":2}}}]},{"date":"2025-01-30","commitResults":[{"hash":"c2830bc1706197e189cd4427de61262776bb0883","isMergeCommit":false,"messageTitle":"Add Task.java Add mark/unmark features Include handling of some edge cases","messageBody":"","tags":["Level-3","A-CodingStandard"],"fileTypesAndContributionMap":{"java":{"insertions":80,"deletions":16}}}]},{"date":"2025-02-02","commitResults":[{"hash":"04532a2cf4315802327c6dcc0373f443c0e0529d","isMergeCommit":false,"messageTitle":"Rename Chatbot from Baus to Beru Improved clarity in variable names","messageBody":"","fileTypesAndContributionMap":{"java":{"insertions":74,"deletions":74}}}]},{"date":"2025-02-03","commitResults":[{"hash":"58ff36edbe5ba9787b5fef8fefd2740111c285fd","isMergeCommit":false,"messageTitle":"Improve code quality:","messageBody":"Reduce length of methods\nReduce magic numbers\nIncorporate elements of SLAP\nUlitise refactoring methods\n","tags":["A-CodeQuality"],"fileTypesAndContributionMap":{"java":{"insertions":105,"deletions":46}}}]},{"date":"2025-02-04","commitResults":[{"hash":"a4a9dea20a0b0d6dc82caac0ed9543c49171069f","isMergeCommit":false,"messageTitle":"Add support for 3 types of tasks: Todos, Deadlines and Events","messageBody":"","tags":["Level-4"],"fileTypesAndContributionMap":{"java":{"insertions":135,"deletions":15}}},{"hash":"70649bc8af995c989198acf645eab314ab8d208a","isMergeCommit":false,"messageTitle":"Add default case to parseUserSentence","messageBody":"","fileTypesAndContributionMap":{"java":{"insertions":11,"deletions":2}}}]},{"date":"2025-02-08","commitResults":[{"hash":"fce9537496af884875963aac6438755329db11fa","isMergeCommit":false,"messageTitle":"Made Task class abstract","messageBody":"","fileTypesAndContributionMap":{"java":{"insertions":16,"deletions":18}}}]},{"date":"2025-02-09","commitResults":[{"hash":"376adf3e4622f51a69922e4b66e33fa2129c418e","isMergeCommit":false,"messageTitle":"Change Chatbot name from Beru to Uncle Roger","messageBody":"","fileTypesAndContributionMap":{"java":{"insertions":25,"deletions":20}}},{"hash":"0cbc475f585586c21353796b41c0f086fd4191d9","isMergeCommit":false,"messageTitle":"Add exceptions instead of using if blocks to handle errors","messageBody":"","tags":["A-Exceptions"],"fileTypesAndContributionMap":{"java":{"insertions":122,"deletions":34}}},{"hash":"1acbcd4ea46168d62a96cbf24fdf06c26792d03b","isMergeCommit":true,"messageTitle":"Merge branch \u0027branch-Level-5\u0027","messageBody":"","tags":["Level-5"],"fileTypesAndContributionMap":{}},{"hash":"57b422f4003edd09e2ccd360d7ae842a9c7a6082","isMergeCommit":false,"messageTitle":"Packages: Add uncleroger, uncleroger.ui, uncleroger.exception and uncleroger.task","messageBody":"printTaskStatus: Change Uncle Roger dialogue\n","fileTypesAndContributionMap":{"java":{"insertions":42,"deletions":6}}},{"hash":"d49a64f8d472be67f940b5803f29df2a199d376b","isMergeCommit":true,"messageTitle":"Merge branch \u0027branch-A-Packages\u0027","messageBody":"","tags":["A-Packages"],"fileTypesAndContributionMap":{}}]},{"date":"2025-02-16","commitResults":[{"hash":"1c068caf4f63052b4582854720f4eab6fd9ea1cd","isMergeCommit":false,"messageTitle":"Change tasks from an Array to ArrayList","messageBody":"","tags":["A-Collections"],"fileTypesAndContributionMap":{"java":{"insertions":40,"deletions":50}}},{"hash":"d67564af56223d86e7701a97251cc90f2ed63a80","isMergeCommit":false,"messageTitle":"Add support for deleting tasks from the list","messageBody":"","fileTypesAndContributionMap":{"java":{"insertions":90,"deletions":40}}}]},{"date":"2025-02-19","commitResults":[{"hash":"4ca20ddf6459d9b1636a22e73230472e80729c63","isMergeCommit":false,"messageTitle":"Save feature: create .txt file and directory if not present load data in .txt file if present add new list entries to .txt file","messageBody":"","fileTypesAndContributionMap":{"java":{"insertions":152,"deletions":3}}},{"hash":"153cb46ce6e16549eea01e1c29912497d63b2c73","isMergeCommit":true,"messageTitle":"Merge branch \u0027branch-Level-6\u0027","messageBody":"","tags":["Level-6"],"fileTypesAndContributionMap":{}},{"hash":"404b1876910bea51fce988eeb2af810078a1f7d9","isMergeCommit":true,"messageTitle":"Merge branch \u0027branch-Level-7\u0027","messageBody":"# Conflicts:\n#\tsrc/main/java/uncleroger/ui/UncleRoger.java\n","tags":["Level-7"],"fileTypesAndContributionMap":{}}]},{"date":"2025-02-21","commitResults":[{"hash":"5a1ac8f2e188e22c71737da903a6be939202fc3f","isMergeCommit":false,"messageTitle":"Improve save feature","messageBody":"","fileTypesAndContributionMap":{"java":{"insertions":81,"deletions":39}}}]},{"date":"2025-02-25","commitResults":[{"hash":"97bdcde7770cbc50c0c3482102bd14ff2115b410","isMergeCommit":false,"messageTitle":"Make code more OOP","messageBody":"","tags":["A-MoreOOP"],"fileTypesAndContributionMap":{"java":{"insertions":551,"deletions":509}}}]},{"date":"2025-02-26","commitResults":[{"hash":"4595cc25302f15f143f196d85aadb0bd605ab660","isMergeCommit":false,"messageTitle":"Add find feature","messageBody":"","fileTypesAndContributionMap":{"java":{"insertions":77,"deletions":4}}},{"hash":"df29847dd6c3d2b1dee984275ad23fe726639589","isMergeCommit":false,"messageTitle":"Add JavaDoc comments","messageBody":"","fileTypesAndContributionMap":{"java":{"insertions":182,"deletions":4}}},{"hash":"5de66fb5a2d5bbb0a0b19047a0cdd7d48a6ab360","isMergeCommit":true,"messageTitle":"Merge pull request #1 from yiyang74/branch-Level-9","messageBody":"Branch level 9","tags":["Level-9"],"fileTypesAndContributionMap":{}},{"hash":"46d86063d1dab9428f51bceace3e3af461ca478e","isMergeCommit":true,"messageTitle":"Merge branch \u0027master\u0027 into branch-A-JavaDoc","messageBody":"","fileTypesAndContributionMap":{}},{"hash":"1ecc28dcf1c950b02f936ceffb2f43bcf3d26e74","isMergeCommit":true,"messageTitle":"Merge pull request #2 from yiyang74/branch-A-JavaDoc","messageBody":"Branch a java doc","tags":["A-JavaDoc"],"fileTypesAndContributionMap":{}},{"hash":"b4e6e8fc4d1c4bc253754181a0f0efd9f841db30","isMergeCommit":false,"messageTitle":"Add a User Guide","messageBody":"","tags":["A-UserGuide"],"fileTypesAndContributionMap":{"java":{"insertions":1,"deletions":1},"md":{"insertions":120,"deletions":14}}},{"hash":"e239650a4e57bdad65c24e0d946155197c2bbeb9","isMergeCommit":false,"messageTitle":"Add more JavaDocs","messageBody":"","fileTypesAndContributionMap":{"java":{"insertions":18,"deletions":0}}},{"hash":"e0925d0f8e5ffe8f5888a869b87fb50df0be5947","isMergeCommit":false,"messageTitle":"Update README.md","messageBody":"","fileTypesAndContributionMap":{"md":{"insertions":3,"deletions":1}}}]},{"date":"2025-03-11","commitResults":[{"hash":"ebab6fd91e719441a9253d6bb4ac1fd3e8afb138","isMergeCommit":false,"messageTitle":"Add exception when no index is provided for mark/unmark/delete Modify save feature to save after every command","messageBody":"","fileTypesAndContributionMap":{"java":{"insertions":46,"deletions":17}}},{"hash":"7ff167dc77941d3fe49ab49cb51c740194608824","isMergeCommit":false,"messageTitle":"Add exceptions for when /by /from /to fields are empty for deadline and event tasks","messageBody":"","tags":["A-Release"],"fileTypesAndContributionMap":{"java":{"insertions":59,"deletions":2}}}]}]},"authorFileTypeContributionMap":{"yiyang74":{"java":1047,"md":115,"fxml":0,"sh":0,"bat":0,"gradle":0,"txt":0}},"authorContributionVariance":{"yiyang74":23013.545},"authorDisplayNameMap":{"yiyang74":"CS2113-W12-2 CHEN..YANG"}}
