{"authorDailyContributionsMap":{"yiyang74":[{"date":"2025-01-21","commitResults":[{"hash":"171bc9f4e1e50a784fbe34c8e0e2a88cf48eddcd","isMergeCommit":false,"messageTitle":"Renamed Duke to Echo","messageBody":"","tags":["Level-0"],"fileTypesAndContributionMap":{"java":{"insertions":13,"deletions":10}}}]},{"date":"2025-01-28","commitResults":[{"hash":"8f19284a8f009ee66488ed99bf1d6e79c8d96029","isMergeCommit":false,"messageTitle":"Name: rename Echo to Baus Feature: add echoing commands and exit on \"bye\"","messageBody":"","tags":["Level-1"],"fileTypesAndContributionMap":{"java":{"insertions":22,"deletions":13}}},{"hash":"c12f193e2a0098ca8f0bc81a46c849aa88f921f2","isMergeCommit":false,"messageTitle":"Add ability to store and display stored text","messageBody":"","tags":["Level-2"],"fileTypesAndContributionMap":{"java":{"insertions":19,"deletions":2}}}]},{"date":"2025-01-30","commitResults":[{"hash":"c2830bc1706197e189cd4427de61262776bb0883","isMergeCommit":false,"messageTitle":"Add Task.java Add mark/unmark features Include handling of some edge cases","messageBody":"","tags":["Level-3","A-CodingStandard"],"fileTypesAndContributionMap":{"java":{"insertions":80,"deletions":16}}}]},{"date":"2025-02-02","commitResults":[{"hash":"04532a2cf4315802327c6dcc0373f443c0e0529d","isMergeCommit":false,"messageTitle":"Rename Chatbot from Baus to Beru Improved clarity in variable names","messageBody":"","fileTypesAndContributionMap":{"java":{"insertions":74,"deletions":74}}}]},{"date":"2025-02-03","commitResults":[{"hash":"58ff36edbe5ba9787b5fef8fefd2740111c285fd","isMergeCommit":false,"messageTitle":"Improve code quality:","messageBody":"Reduce length of methods\nReduce magic numbers\nIncorporate elements of SLAP\nUlitise refactoring methods\n","tags":["A-CodeQuality"],"fileTypesAndContributionMap":{"java":{"insertions":105,"deletions":46}}}]},{"date":"2025-02-04","commitResults":[{"hash":"a4a9dea20a0b0d6dc82caac0ed9543c49171069f","isMergeCommit":false,"messageTitle":"Add support for 3 types of tasks: Todos, Deadlines and Events","messageBody":"","tags":["Level-4"],"fileTypesAndContributionMap":{"java":{"insertions":135,"deletions":15}}},{"hash":"70649bc8af995c989198acf645eab314ab8d208a","isMergeCommit":false,"messageTitle":"Add default case to parseUserSentence","messageBody":"","fileTypesAndContributionMap":{"java":{"insertions":11,"deletions":2}}}]},{"date":"2025-02-08","commitResults":[{"hash":"fce9537496af884875963aac6438755329db11fa","isMergeCommit":false,"messageTitle":"Made Task class abstract","messageBody":"","fileTypesAndContributionMap":{"java":{"insertions":16,"deletions":18}}}]},{"date":"2025-02-09","commitResults":[{"hash":"376adf3e4622f51a69922e4b66e33fa2129c418e","isMergeCommit":false,"messageTitle":"Change Chatbot name from Beru to Uncle Roger","messageBody":"","fileTypesAndContributionMap":{"java":{"insertions":25,"deletions":20}}},{"hash":"0cbc475f585586c21353796b41c0f086fd4191d9","isMergeCommit":false,"messageTitle":"Add exceptions instead of using if blocks to handle errors","messageBody":"","tags":["A-Exceptions"],"fileTypesAndContributionMap":{"java":{"insertions":122,"deletions":34}}},{"hash":"1acbcd4ea46168d62a96cbf24fdf06c26792d03b","isMergeCommit":true,"messageTitle":"Merge branch \u0027branch-Level-5\u0027","messageBody":"","tags":["Level-5"],"fileTypesAndContributionMap":{}},{"hash":"57b422f4003edd09e2ccd360d7ae842a9c7a6082","isMergeCommit":false,"messageTitle":"Packages: Add uncleroger, uncleroger.ui, uncleroger.exception and uncleroger.task","messageBody":"printTaskStatus: Change Uncle Roger dialogue\n","fileTypesAndContributionMap":{"java":{"insertions":42,"deletions":6}}},{"hash":"d49a64f8d472be67f940b5803f29df2a199d376b","isMergeCommit":true,"messageTitle":"Merge branch \u0027branch-A-Packages\u0027","messageBody":"","tags":["A-Packages"],"fileTypesAndContributionMap":{}}]},{"date":"2025-02-16","commitResults":[{"hash":"1c068caf4f63052b4582854720f4eab6fd9ea1cd","isMergeCommit":false,"messageTitle":"Change tasks from an Array to ArrayList","messageBody":"","tags":["A-Collections"],"fileTypesAndContributionMap":{"java":{"insertions":40,"deletions":50}}},{"hash":"d67564af56223d86e7701a97251cc90f2ed63a80","isMergeCommit":false,"messageTitle":"Add support for deleting tasks from the list","messageBody":"","fileTypesAndContributionMap":{"java":{"insertions":90,"deletions":40}}}]},{"date":"2025-02-19","commitResults":[{"hash":"4ca20ddf6459d9b1636a22e73230472e80729c63","isMergeCommit":false,"messageTitle":"Save feature: create .txt file and directory if not present load data in .txt file if present add new list entries to .txt file","messageBody":"","fileTypesAndContributionMap":{"java":{"insertions":152,"deletions":3}}},{"hash":"153cb46ce6e16549eea01e1c29912497d63b2c73","isMergeCommit":true,"messageTitle":"Merge branch \u0027branch-Level-6\u0027","messageBody":"","tags":["Level-6"],"fileTypesAndContributionMap":{}},{"hash":"404b1876910bea51fce988eeb2af810078a1f7d9","isMergeCommit":true,"messageTitle":"Merge branch \u0027branch-Level-7\u0027","messageBody":"# Conflicts:\n#\tsrc/main/java/uncleroger/ui/UncleRoger.java\n","tags":["Level-7"],"fileTypesAndContributionMap":{}}]}]},"authorFileTypeContributionMap":{"yiyang74":{"java":608,"md":0,"fxml":0,"sh":0,"bat":0,"gradle":0,"txt":0}},"authorContributionVariance":{"yiyang74":4361.803},"authorDisplayNameMap":{"yiyang74":"CHEN..YANG"}}
