[{"path":"src/main/java/Deadline.java","fileType":"java","lines":[{"lineNumber":1,"author":{"gitId":"HightechTR"},"content":"public class Deadline extends Task {","lastModifiedDate":"2025-02-06","isFullCredit":false},{"lineNumber":2,"author":{"gitId":"HightechTR"},"content":"    protected String deadline;","lastModifiedDate":"2025-02-06","isFullCredit":false},{"lineNumber":3,"author":{"gitId":"HightechTR"},"content":"","lastModifiedDate":"2025-02-06","isFullCredit":false},{"lineNumber":4,"author":{"gitId":"HightechTR"},"content":"    public Deadline(String description, String deadline) {","lastModifiedDate":"2025-02-06","isFullCredit":false},{"lineNumber":5,"author":{"gitId":"HightechTR"},"content":"        super(description);","lastModifiedDate":"2025-02-06","isFullCredit":false},{"lineNumber":6,"author":{"gitId":"HightechTR"},"content":"        super.isDone \u003d false;","lastModifiedDate":"2025-02-06","isFullCredit":false},{"lineNumber":7,"author":{"gitId":"HightechTR"},"content":"        this.deadline \u003d deadline;","lastModifiedDate":"2025-02-06","isFullCredit":false},{"lineNumber":8,"author":{"gitId":"HightechTR"},"content":"    }","lastModifiedDate":"2025-02-06","isFullCredit":false},{"lineNumber":9,"author":{"gitId":"HightechTR"},"content":"","lastModifiedDate":"2025-02-06","isFullCredit":false},{"lineNumber":10,"author":{"gitId":"HightechTR"},"content":"    @Override","lastModifiedDate":"2025-02-06","isFullCredit":false},{"lineNumber":11,"author":{"gitId":"HightechTR"},"content":"    public String getTypeIcon() {","lastModifiedDate":"2025-02-06","isFullCredit":false},{"lineNumber":12,"author":{"gitId":"HightechTR"},"content":"        return \"D\";","lastModifiedDate":"2025-02-06","isFullCredit":false},{"lineNumber":13,"author":{"gitId":"HightechTR"},"content":"    }","lastModifiedDate":"2025-02-06","isFullCredit":false},{"lineNumber":14,"author":{"gitId":"HightechTR"},"content":"","lastModifiedDate":"2025-02-06","isFullCredit":false},{"lineNumber":15,"author":{"gitId":"HightechTR"},"content":"    @Override","lastModifiedDate":"2025-02-06","isFullCredit":false},{"lineNumber":16,"author":{"gitId":"HightechTR"},"content":"    public String getDate() {","lastModifiedDate":"2025-02-06","isFullCredit":false},{"lineNumber":17,"author":{"gitId":"HightechTR"},"content":"        return \"(by: \" + deadline + \")\";","lastModifiedDate":"2025-02-06","isFullCredit":false},{"lineNumber":18,"author":{"gitId":"HightechTR"},"content":"    }","lastModifiedDate":"2025-02-06","isFullCredit":false},{"lineNumber":19,"author":{"gitId":"HightechTR"},"content":"","lastModifiedDate":"2025-02-06","isFullCredit":false},{"lineNumber":20,"author":{"gitId":"HightechTR"},"content":"    /**","lastModifiedDate":"2025-02-06","isFullCredit":false},{"lineNumber":21,"author":{"gitId":"HightechTR"},"content":"     * Adds a deadline to the task list.","lastModifiedDate":"2025-02-06","isFullCredit":false},{"lineNumber":22,"author":{"gitId":"HightechTR"},"content":"     *","lastModifiedDate":"2025-02-06","isFullCredit":false},{"lineNumber":23,"author":{"gitId":"HightechTR"},"content":"     * @param input The input string containing the task to be added to the list.","lastModifiedDate":"2025-02-06","isFullCredit":false},{"lineNumber":24,"author":{"gitId":"HightechTR"},"content":"     */","lastModifiedDate":"2025-02-06","isFullCredit":false},{"lineNumber":25,"author":{"gitId":"HightechTR"},"content":"    public static void addDeadline(String input) {","lastModifiedDate":"2025-02-06","isFullCredit":false},{"lineNumber":26,"author":{"gitId":"HightechTR"},"content":"        String parameter \u003d Todo.getParameter(input);","lastModifiedDate":"2025-02-06","isFullCredit":false},{"lineNumber":27,"author":{"gitId":"HightechTR"},"content":"","lastModifiedDate":"2025-02-06","isFullCredit":false},{"lineNumber":28,"author":{"gitId":"HightechTR"},"content":"        // check if parameter is non-empty","lastModifiedDate":"2025-02-06","isFullCredit":false},{"lineNumber":29,"author":{"gitId":"HightechTR"},"content":"        if (Todo.isInvalidParameter(input)) {","lastModifiedDate":"2025-02-06","isFullCredit":false},{"lineNumber":30,"author":{"gitId":"HightechTR"},"content":"            System.out.println(\"Oops, you didn\u0027t say what to add!\");","lastModifiedDate":"2025-02-06","isFullCredit":false},{"lineNumber":31,"author":{"gitId":"HightechTR"},"content":"            System.out.println(\"Command format: deadline \u003cdescription\u003e /by \u003cdue date\u003e\");","lastModifiedDate":"2025-02-06","isFullCredit":false},{"lineNumber":32,"author":{"gitId":"HightechTR"},"content":"            return;","lastModifiedDate":"2025-02-06","isFullCredit":false},{"lineNumber":33,"author":{"gitId":"HightechTR"},"content":"        }","lastModifiedDate":"2025-02-06","isFullCredit":false},{"lineNumber":34,"author":{"gitId":"HightechTR"},"content":"","lastModifiedDate":"2025-02-06","isFullCredit":false},{"lineNumber":35,"author":{"gitId":"HightechTR"},"content":"        String deadline \u003d parameter.substring(parameter.indexOf(\"/by\") + 3);","lastModifiedDate":"2025-02-06","isFullCredit":false},{"lineNumber":36,"author":{"gitId":"HightechTR"},"content":"","lastModifiedDate":"2025-02-06","isFullCredit":false},{"lineNumber":37,"author":{"gitId":"HightechTR"},"content":"        // check if due date is valid","lastModifiedDate":"2025-02-06","isFullCredit":false},{"lineNumber":38,"author":{"gitId":"HightechTR"},"content":"        if (!parameter.contains(\"/by\") || deadline.length() \u003c 2) {","lastModifiedDate":"2025-02-06","isFullCredit":false},{"lineNumber":39,"author":{"gitId":"HightechTR"},"content":"            System.out.println(\"Oops, you didn\u0027t give me a date!\");","lastModifiedDate":"2025-02-06","isFullCredit":false},{"lineNumber":40,"author":{"gitId":"HightechTR"},"content":"            System.out.println(\"Command format: deadline \u003cdescription\u003e /by \u003cdue date\u003e\");","lastModifiedDate":"2025-02-06","isFullCredit":false},{"lineNumber":41,"author":{"gitId":"HightechTR"},"content":"","lastModifiedDate":"2025-02-06","isFullCredit":false},{"lineNumber":42,"author":{"gitId":"HightechTR"},"content":"        } else if (isListNotFull()) {","lastModifiedDate":"2025-02-06","isFullCredit":false},{"lineNumber":43,"author":{"gitId":"HightechTR"},"content":"            String description \u003d parameter.substring(0, parameter.indexOf(\"/by\"));","lastModifiedDate":"2025-02-06","isFullCredit":false},{"lineNumber":44,"author":{"gitId":"HightechTR"},"content":"            tasks[listCounter] \u003d new Deadline(description, deadline.substring(1));","lastModifiedDate":"2025-02-06","isFullCredit":false},{"lineNumber":45,"author":{"gitId":"HightechTR"},"content":"            listCounter++;","lastModifiedDate":"2025-02-06","isFullCredit":false},{"lineNumber":46,"author":{"gitId":"HightechTR"},"content":"            printAddedText();","lastModifiedDate":"2025-02-06","isFullCredit":false},{"lineNumber":47,"author":{"gitId":"HightechTR"},"content":"        }","lastModifiedDate":"2025-02-06","isFullCredit":false},{"lineNumber":48,"author":{"gitId":"HightechTR"},"content":"    }","lastModifiedDate":"2025-02-06","isFullCredit":false},{"lineNumber":49,"author":{"gitId":"HightechTR"},"content":"}","lastModifiedDate":"2025-02-06","isFullCredit":false}],"authorContributionMap":{"HightechTR":49}},{"path":"src/main/java/Event.java","fileType":"java","lines":[{"lineNumber":1,"author":{"gitId":"HightechTR"},"content":"public class Event extends Task {","lastModifiedDate":"2025-02-06","isFullCredit":false},{"lineNumber":2,"author":{"gitId":"HightechTR"},"content":"    protected String from;","lastModifiedDate":"2025-02-06","isFullCredit":false},{"lineNumber":3,"author":{"gitId":"HightechTR"},"content":"    protected String to;","lastModifiedDate":"2025-02-06","isFullCredit":false},{"lineNumber":4,"author":{"gitId":"HightechTR"},"content":"","lastModifiedDate":"2025-02-06","isFullCredit":false},{"lineNumber":5,"author":{"gitId":"HightechTR"},"content":"    public Event(String description, String from, String to) {","lastModifiedDate":"2025-02-06","isFullCredit":false},{"lineNumber":6,"author":{"gitId":"HightechTR"},"content":"        super(description);","lastModifiedDate":"2025-02-06","isFullCredit":false},{"lineNumber":7,"author":{"gitId":"HightechTR"},"content":"        super.isDone \u003d false;","lastModifiedDate":"2025-02-06","isFullCredit":false},{"lineNumber":8,"author":{"gitId":"HightechTR"},"content":"        this.from \u003d from;","lastModifiedDate":"2025-02-06","isFullCredit":false},{"lineNumber":9,"author":{"gitId":"HightechTR"},"content":"        this.to \u003d to;","lastModifiedDate":"2025-02-06","isFullCredit":false},{"lineNumber":10,"author":{"gitId":"HightechTR"},"content":"    }","lastModifiedDate":"2025-02-06","isFullCredit":false},{"lineNumber":11,"author":{"gitId":"HightechTR"},"content":"","lastModifiedDate":"2025-02-06","isFullCredit":false},{"lineNumber":12,"author":{"gitId":"HightechTR"},"content":"    @Override","lastModifiedDate":"2025-02-06","isFullCredit":false},{"lineNumber":13,"author":{"gitId":"HightechTR"},"content":"    public String getTypeIcon() {","lastModifiedDate":"2025-02-06","isFullCredit":false},{"lineNumber":14,"author":{"gitId":"HightechTR"},"content":"        return \"E\";","lastModifiedDate":"2025-02-06","isFullCredit":false},{"lineNumber":15,"author":{"gitId":"HightechTR"},"content":"    }","lastModifiedDate":"2025-02-06","isFullCredit":false},{"lineNumber":16,"author":{"gitId":"HightechTR"},"content":"","lastModifiedDate":"2025-02-06","isFullCredit":false},{"lineNumber":17,"author":{"gitId":"HightechTR"},"content":"    @Override","lastModifiedDate":"2025-02-06","isFullCredit":false},{"lineNumber":18,"author":{"gitId":"HightechTR"},"content":"    public String getDate() {","lastModifiedDate":"2025-02-06","isFullCredit":false},{"lineNumber":19,"author":{"gitId":"HightechTR"},"content":"        return \"(from: \" + from + \" to: \" + to + \")\";","lastModifiedDate":"2025-02-06","isFullCredit":false},{"lineNumber":20,"author":{"gitId":"HightechTR"},"content":"    }","lastModifiedDate":"2025-02-06","isFullCredit":false},{"lineNumber":21,"author":{"gitId":"HightechTR"},"content":"","lastModifiedDate":"2025-02-06","isFullCredit":false},{"lineNumber":22,"author":{"gitId":"HightechTR"},"content":"    /**","lastModifiedDate":"2025-02-06","isFullCredit":false},{"lineNumber":23,"author":{"gitId":"HightechTR"},"content":"     * Adds an event to the list.","lastModifiedDate":"2025-02-06","isFullCredit":false},{"lineNumber":24,"author":{"gitId":"HightechTR"},"content":"     *","lastModifiedDate":"2025-02-06","isFullCredit":false},{"lineNumber":25,"author":{"gitId":"HightechTR"},"content":"     * @param input The input string containing the task to be added to the list.","lastModifiedDate":"2025-02-06","isFullCredit":false},{"lineNumber":26,"author":{"gitId":"HightechTR"},"content":"     */","lastModifiedDate":"2025-02-06","isFullCredit":false},{"lineNumber":27,"author":{"gitId":"HightechTR"},"content":"    public static void addEvent(String input) {","lastModifiedDate":"2025-02-06","isFullCredit":false},{"lineNumber":28,"author":{"gitId":"HightechTR"},"content":"        String parameter \u003d Todo.getParameter(input);","lastModifiedDate":"2025-02-06","isFullCredit":false},{"lineNumber":29,"author":{"gitId":"HightechTR"},"content":"","lastModifiedDate":"2025-02-06","isFullCredit":false},{"lineNumber":30,"author":{"gitId":"HightechTR"},"content":"        // check if parameter is non-empty","lastModifiedDate":"2025-02-06","isFullCredit":false},{"lineNumber":31,"author":{"gitId":"HightechTR"},"content":"        if (Todo.isInvalidParameter(input)) {","lastModifiedDate":"2025-02-06","isFullCredit":false},{"lineNumber":32,"author":{"gitId":"HightechTR"},"content":"            System.out.println(\"Oops, you didn\u0027t say what to add!\");","lastModifiedDate":"2025-02-06","isFullCredit":false},{"lineNumber":33,"author":{"gitId":"HightechTR"},"content":"            System.out.println(\"Command format: event \u003cdescription\u003e /from \u003cstart date\u003e /to \u003cend date\u003e\");","lastModifiedDate":"2025-02-06","isFullCredit":false},{"lineNumber":34,"author":{"gitId":"HightechTR"},"content":"            return;","lastModifiedDate":"2025-02-06","isFullCredit":false},{"lineNumber":35,"author":{"gitId":"HightechTR"},"content":"        }","lastModifiedDate":"2025-02-06","isFullCredit":false},{"lineNumber":36,"author":{"gitId":"HightechTR"},"content":"","lastModifiedDate":"2025-02-06","isFullCredit":false},{"lineNumber":37,"author":{"gitId":"HightechTR"},"content":"        String from \u003d parameter.substring(parameter.indexOf(\"/from\") + 5);","lastModifiedDate":"2025-02-06","isFullCredit":false},{"lineNumber":38,"author":{"gitId":"HightechTR"},"content":"        String to \u003d parameter.substring(parameter.indexOf(\"/to\") + 3);","lastModifiedDate":"2025-02-06","isFullCredit":false},{"lineNumber":39,"author":{"gitId":"HightechTR"},"content":"","lastModifiedDate":"2025-02-06","isFullCredit":false},{"lineNumber":40,"author":{"gitId":"HightechTR"},"content":"        // check if start and end date is valid","lastModifiedDate":"2025-02-06","isFullCredit":false},{"lineNumber":41,"author":{"gitId":"HightechTR"},"content":"        if (!parameter.contains(\"/from\") || from.length() \u003c 2) {","lastModifiedDate":"2025-02-06","isFullCredit":false},{"lineNumber":42,"author":{"gitId":"HightechTR"},"content":"            System.out.println(\"Oops, you didn\u0027t give me the start date!\");","lastModifiedDate":"2025-02-06","isFullCredit":false},{"lineNumber":43,"author":{"gitId":"HightechTR"},"content":"            System.out.println(\"Command format: event \u003cdescription\u003e /from \u003cstart date\u003e /to \u003cend date\u003e\");","lastModifiedDate":"2025-02-06","isFullCredit":false},{"lineNumber":44,"author":{"gitId":"HightechTR"},"content":"        } else if (!parameter.contains(\"/to\") || to.length() \u003c 2) {","lastModifiedDate":"2025-02-06","isFullCredit":false},{"lineNumber":45,"author":{"gitId":"HightechTR"},"content":"            System.out.println(\"Oops, you didn\u0027t give me the end date!\");","lastModifiedDate":"2025-02-06","isFullCredit":false},{"lineNumber":46,"author":{"gitId":"HightechTR"},"content":"            System.out.println(\"Command format: event \u003cdescription\u003e /from \u003cstart date\u003e /to \u003cend date\u003e\");","lastModifiedDate":"2025-02-06","isFullCredit":false},{"lineNumber":47,"author":{"gitId":"HightechTR"},"content":"","lastModifiedDate":"2025-02-06","isFullCredit":false},{"lineNumber":48,"author":{"gitId":"HightechTR"},"content":"        } else if (isListNotFull()) {","lastModifiedDate":"2025-02-06","isFullCredit":false},{"lineNumber":49,"author":{"gitId":"HightechTR"},"content":"            String description \u003d parameter.substring(0, parameter.indexOf(\"/from\"));","lastModifiedDate":"2025-02-06","isFullCredit":false},{"lineNumber":50,"author":{"gitId":"HightechTR"},"content":"            tasks[listCounter] \u003d new Event(description, from.substring(1, from.indexOf(\"/to\") - 1), to.substring(1));","lastModifiedDate":"2025-02-06","isFullCredit":false},{"lineNumber":51,"author":{"gitId":"HightechTR"},"content":"            listCounter++;","lastModifiedDate":"2025-02-06","isFullCredit":false},{"lineNumber":52,"author":{"gitId":"HightechTR"},"content":"            printAddedText();","lastModifiedDate":"2025-02-06","isFullCredit":false},{"lineNumber":53,"author":{"gitId":"HightechTR"},"content":"        }","lastModifiedDate":"2025-02-06","isFullCredit":false},{"lineNumber":54,"author":{"gitId":"HightechTR"},"content":"    }","lastModifiedDate":"2025-02-06","isFullCredit":false},{"lineNumber":55,"author":{"gitId":"HightechTR"},"content":"}","lastModifiedDate":"2025-02-06","isFullCredit":false}],"authorContributionMap":{"HightechTR":55}},{"path":"src/main/java/Task.java","fileType":"java","lines":[{"lineNumber":1,"author":{"gitId":"HightechTR"},"content":"public class Task {","lastModifiedDate":"2025-02-06","isFullCredit":false},{"lineNumber":2,"author":{"gitId":"HightechTR"},"content":"    static int listCounter \u003d 0;","lastModifiedDate":"2025-02-06","isFullCredit":false},{"lineNumber":3,"author":{"gitId":"HightechTR"},"content":"    static Task[] tasks \u003d new Task[100];","lastModifiedDate":"2025-02-06","isFullCredit":false},{"lineNumber":4,"author":{"gitId":"HightechTR"},"content":"    protected String description;","lastModifiedDate":"2025-02-06","isFullCredit":false},{"lineNumber":5,"author":{"gitId":"HightechTR"},"content":"    protected boolean isDone;","lastModifiedDate":"2025-02-06","isFullCredit":false},{"lineNumber":6,"author":{"gitId":"HightechTR"},"content":"","lastModifiedDate":"2025-02-06","isFullCredit":false},{"lineNumber":7,"author":{"gitId":"HightechTR"},"content":"    public Task (String description) {","lastModifiedDate":"2025-02-06","isFullCredit":false},{"lineNumber":8,"author":{"gitId":"HightechTR"},"content":"        this.description \u003d description;","lastModifiedDate":"2025-02-06","isFullCredit":false},{"lineNumber":9,"author":{"gitId":"HightechTR"},"content":"    }","lastModifiedDate":"2025-02-06","isFullCredit":false},{"lineNumber":10,"author":{"gitId":"HightechTR"},"content":"","lastModifiedDate":"2025-02-06","isFullCredit":false},{"lineNumber":11,"author":{"gitId":"HightechTR"},"content":"    public String getDescription() {","lastModifiedDate":"2025-02-06","isFullCredit":false},{"lineNumber":12,"author":{"gitId":"HightechTR"},"content":"        return description;","lastModifiedDate":"2025-02-06","isFullCredit":false},{"lineNumber":13,"author":{"gitId":"HightechTR"},"content":"    }","lastModifiedDate":"2025-02-06","isFullCredit":false},{"lineNumber":14,"author":{"gitId":"HightechTR"},"content":"","lastModifiedDate":"2025-02-06","isFullCredit":false},{"lineNumber":15,"author":{"gitId":"HightechTR"},"content":"    public String getStatusIcon() {","lastModifiedDate":"2025-02-06","isFullCredit":false},{"lineNumber":16,"author":{"gitId":"HightechTR"},"content":"        return isDone ? \"X\" : \" \";","lastModifiedDate":"2025-02-06","isFullCredit":false},{"lineNumber":17,"author":{"gitId":"HightechTR"},"content":"    }","lastModifiedDate":"2025-02-06","isFullCredit":false},{"lineNumber":18,"author":{"gitId":"HightechTR"},"content":"","lastModifiedDate":"2025-02-06","isFullCredit":false},{"lineNumber":19,"author":{"gitId":"HightechTR"},"content":"    public String getTypeIcon() {","lastModifiedDate":"2025-02-06","isFullCredit":false},{"lineNumber":20,"author":{"gitId":"HightechTR"},"content":"        return \"\";","lastModifiedDate":"2025-02-06","isFullCredit":false},{"lineNumber":21,"author":{"gitId":"HightechTR"},"content":"    }","lastModifiedDate":"2025-02-06","isFullCredit":false},{"lineNumber":22,"author":{"gitId":"HightechTR"},"content":"","lastModifiedDate":"2025-02-06","isFullCredit":false},{"lineNumber":23,"author":{"gitId":"HightechTR"},"content":"    public String getDate() {","lastModifiedDate":"2025-02-06","isFullCredit":false},{"lineNumber":24,"author":{"gitId":"HightechTR"},"content":"        return \"\";","lastModifiedDate":"2025-02-06","isFullCredit":false},{"lineNumber":25,"author":{"gitId":"HightechTR"},"content":"    }","lastModifiedDate":"2025-02-06","isFullCredit":false},{"lineNumber":26,"author":{"gitId":"HightechTR"},"content":"","lastModifiedDate":"2025-02-06","isFullCredit":false},{"lineNumber":27,"author":{"gitId":"HightechTR"},"content":"    public void setDone(boolean done) {","lastModifiedDate":"2025-02-06","isFullCredit":false},{"lineNumber":28,"author":{"gitId":"HightechTR"},"content":"        this.isDone \u003d done;","lastModifiedDate":"2025-02-06","isFullCredit":false},{"lineNumber":29,"author":{"gitId":"HightechTR"},"content":"    }","lastModifiedDate":"2025-02-06","isFullCredit":false},{"lineNumber":30,"author":{"gitId":"HightechTR"},"content":"","lastModifiedDate":"2025-02-06","isFullCredit":false},{"lineNumber":31,"author":{"gitId":"HightechTR"},"content":"    /**","lastModifiedDate":"2025-02-06","isFullCredit":false},{"lineNumber":32,"author":{"gitId":"HightechTR"},"content":"     * Parses the input string into an integer.","lastModifiedDate":"2025-02-06","isFullCredit":false},{"lineNumber":33,"author":{"gitId":"HightechTR"},"content":"     * Returns null if the string is not an integer.","lastModifiedDate":"2025-02-06","isFullCredit":false},{"lineNumber":34,"author":{"gitId":"HightechTR"},"content":"     *","lastModifiedDate":"2025-02-06","isFullCredit":false},{"lineNumber":35,"author":{"gitId":"HightechTR"},"content":"     * @param input Input string.","lastModifiedDate":"2025-02-06","isFullCredit":false},{"lineNumber":36,"author":{"gitId":"HightechTR"},"content":"     * @return Integer corresponding to string, null if string is not an integer.","lastModifiedDate":"2025-02-06","isFullCredit":false},{"lineNumber":37,"author":{"gitId":"HightechTR"},"content":"     */","lastModifiedDate":"2025-02-06","isFullCredit":false},{"lineNumber":38,"author":{"gitId":"HightechTR"},"content":"    public static Integer tryParseInteger(String input) {","lastModifiedDate":"2025-02-06","isFullCredit":false},{"lineNumber":39,"author":{"gitId":"HightechTR"},"content":"        try {","lastModifiedDate":"2025-02-06","isFullCredit":false},{"lineNumber":40,"author":{"gitId":"HightechTR"},"content":"            return Integer.parseInt(input);","lastModifiedDate":"2025-02-06","isFullCredit":false},{"lineNumber":41,"author":{"gitId":"HightechTR"},"content":"        } catch (NumberFormatException e) {","lastModifiedDate":"2025-02-06","isFullCredit":false},{"lineNumber":42,"author":{"gitId":"HightechTR"},"content":"            return null;","lastModifiedDate":"2025-02-06","isFullCredit":false},{"lineNumber":43,"author":{"gitId":"HightechTR"},"content":"        }","lastModifiedDate":"2025-02-06","isFullCredit":false},{"lineNumber":44,"author":{"gitId":"HightechTR"},"content":"    }","lastModifiedDate":"2025-02-06","isFullCredit":false},{"lineNumber":45,"author":{"gitId":"HightechTR"},"content":"","lastModifiedDate":"2025-02-06","isFullCredit":false},{"lineNumber":46,"author":{"gitId":"HightechTR"},"content":"    /**","lastModifiedDate":"2025-02-06","isFullCredit":false},{"lineNumber":47,"author":{"gitId":"HightechTR"},"content":"     * Checks if the list is full (100 tasks).","lastModifiedDate":"2025-02-06","isFullCredit":false},{"lineNumber":48,"author":{"gitId":"HightechTR"},"content":"     *","lastModifiedDate":"2025-02-06","isFullCredit":false},{"lineNumber":49,"author":{"gitId":"HightechTR"},"content":"     * @return True if the list is full.","lastModifiedDate":"2025-02-06","isFullCredit":false},{"lineNumber":50,"author":{"gitId":"HightechTR"},"content":"     */","lastModifiedDate":"2025-02-06","isFullCredit":false},{"lineNumber":51,"author":{"gitId":"HightechTR"},"content":"    public static boolean isListNotFull() {","lastModifiedDate":"2025-02-06","isFullCredit":false},{"lineNumber":52,"author":{"gitId":"HightechTR"},"content":"        if (listCounter \u003e 99) {","lastModifiedDate":"2025-02-06","isFullCredit":false},{"lineNumber":53,"author":{"gitId":"HightechTR"},"content":"            System.out.println(\"Sorry! The list is full!\");","lastModifiedDate":"2025-02-06","isFullCredit":false},{"lineNumber":54,"author":{"gitId":"HightechTR"},"content":"        }","lastModifiedDate":"2025-02-06","isFullCredit":false},{"lineNumber":55,"author":{"gitId":"HightechTR"},"content":"        return listCounter \u003c\u003d 99;","lastModifiedDate":"2025-02-06","isFullCredit":false},{"lineNumber":56,"author":{"gitId":"HightechTR"},"content":"    }","lastModifiedDate":"2025-02-06","isFullCredit":false},{"lineNumber":57,"author":{"gitId":"HightechTR"},"content":"","lastModifiedDate":"2025-02-06","isFullCredit":false},{"lineNumber":58,"author":{"gitId":"HightechTR"},"content":"    /**","lastModifiedDate":"2025-02-06","isFullCredit":false},{"lineNumber":59,"author":{"gitId":"HightechTR"},"content":"     * Prints a task with its type and dates (if any).","lastModifiedDate":"2025-02-06","isFullCredit":false},{"lineNumber":60,"author":{"gitId":"HightechTR"},"content":"     *","lastModifiedDate":"2025-02-06","isFullCredit":false},{"lineNumber":61,"author":{"gitId":"HightechTR"},"content":"     * @param i The index of the task to be printed.","lastModifiedDate":"2025-02-06","isFullCredit":false},{"lineNumber":62,"author":{"gitId":"HightechTR"},"content":"     */","lastModifiedDate":"2025-02-06","isFullCredit":false},{"lineNumber":63,"author":{"gitId":"HightechTR"},"content":"    private static void printTask(int i) {","lastModifiedDate":"2025-02-06","isFullCredit":false},{"lineNumber":64,"author":{"gitId":"HightechTR"},"content":"        System.out.print(i + \".[\" + tasks[i - 1].getTypeIcon() + \"]\");","lastModifiedDate":"2025-02-06","isFullCredit":false},{"lineNumber":65,"author":{"gitId":"HightechTR"},"content":"        System.out.print(\"[\" + tasks[i - 1].getStatusIcon() + \"] \");","lastModifiedDate":"2025-02-06","isFullCredit":false},{"lineNumber":66,"author":{"gitId":"HightechTR"},"content":"        System.out.println(tasks[i - 1].getDescription() + tasks[i - 1].getDate());","lastModifiedDate":"2025-02-06","isFullCredit":false},{"lineNumber":67,"author":{"gitId":"HightechTR"},"content":"    }","lastModifiedDate":"2025-02-06","isFullCredit":false},{"lineNumber":68,"author":{"gitId":"HightechTR"},"content":"","lastModifiedDate":"2025-02-06","isFullCredit":false},{"lineNumber":69,"author":{"gitId":"HightechTR"},"content":"    /**","lastModifiedDate":"2025-02-06","isFullCredit":false},{"lineNumber":70,"author":{"gitId":"HightechTR"},"content":"     * Displays task list to the output.","lastModifiedDate":"2025-02-06","isFullCredit":false},{"lineNumber":71,"author":{"gitId":"HightechTR"},"content":"     */","lastModifiedDate":"2025-02-06","isFullCredit":false},{"lineNumber":72,"author":{"gitId":"HightechTR"},"content":"    public static void displayList() {","lastModifiedDate":"2025-02-06","isFullCredit":false},{"lineNumber":73,"author":{"gitId":"HightechTR"},"content":"        if (listCounter \u003d\u003d 0) {","lastModifiedDate":"2025-02-06","isFullCredit":false},{"lineNumber":74,"author":{"gitId":"HightechTR"},"content":"            System.out.println(\"Your list is empty!\");","lastModifiedDate":"2025-02-06","isFullCredit":false},{"lineNumber":75,"author":{"gitId":"HightechTR"},"content":"        } else {","lastModifiedDate":"2025-02-06","isFullCredit":false},{"lineNumber":76,"author":{"gitId":"HightechTR"},"content":"            System.out.println(\"Okay, here\u0027s your list:\");","lastModifiedDate":"2025-02-06","isFullCredit":false},{"lineNumber":77,"author":{"gitId":"HightechTR"},"content":"            for (int i \u003d 1; i \u003c\u003d listCounter; i++) {","lastModifiedDate":"2025-02-06","isFullCredit":false},{"lineNumber":78,"author":{"gitId":"HightechTR"},"content":"                printTask(i);","lastModifiedDate":"2025-02-06","isFullCredit":false},{"lineNumber":79,"author":{"gitId":"HightechTR"},"content":"            }","lastModifiedDate":"2025-02-06","isFullCredit":false},{"lineNumber":80,"author":{"gitId":"HightechTR"},"content":"        }","lastModifiedDate":"2025-02-06","isFullCredit":false},{"lineNumber":81,"author":{"gitId":"HightechTR"},"content":"    }","lastModifiedDate":"2025-02-06","isFullCredit":false},{"lineNumber":82,"author":{"gitId":"HightechTR"},"content":"","lastModifiedDate":"2025-02-06","isFullCredit":false},{"lineNumber":83,"author":{"gitId":"HightechTR"},"content":"    /**","lastModifiedDate":"2025-02-06","isFullCredit":false},{"lineNumber":84,"author":{"gitId":"HightechTR"},"content":"     * Prints most recent task after adding.","lastModifiedDate":"2025-02-06","isFullCredit":false},{"lineNumber":85,"author":{"gitId":"HightechTR"},"content":"     */","lastModifiedDate":"2025-02-06","isFullCredit":false},{"lineNumber":86,"author":{"gitId":"HightechTR"},"content":"    static void printAddedText() {","lastModifiedDate":"2025-02-06","isFullCredit":false},{"lineNumber":87,"author":{"gitId":"HightechTR"},"content":"        System.out.println(\"Okay! Added this to the list:\");","lastModifiedDate":"2025-02-06","isFullCredit":false},{"lineNumber":88,"author":{"gitId":"HightechTR"},"content":"        printTask(listCounter);","lastModifiedDate":"2025-02-06","isFullCredit":false},{"lineNumber":89,"author":{"gitId":"HightechTR"},"content":"        System.out.print(\"You have \" + listCounter + \" \");","lastModifiedDate":"2025-02-06","isFullCredit":false},{"lineNumber":90,"author":{"gitId":"HightechTR"},"content":"        System.out.println(listCounter \u003d\u003d 1 ? \"task now!\" : \"tasks now!\");","lastModifiedDate":"2025-02-06","isFullCredit":false},{"lineNumber":91,"author":{"gitId":"HightechTR"},"content":"    }","lastModifiedDate":"2025-02-06","isFullCredit":false},{"lineNumber":92,"author":{"gitId":"HightechTR"},"content":"","lastModifiedDate":"2025-02-06","isFullCredit":false},{"lineNumber":93,"author":{"gitId":"HightechTR"},"content":"    /**","lastModifiedDate":"2025-02-06","isFullCredit":false},{"lineNumber":94,"author":{"gitId":"HightechTR"},"content":"     * Marks a task as done in the list.","lastModifiedDate":"2025-02-06","isFullCredit":false},{"lineNumber":95,"author":{"gitId":"HightechTR"},"content":"     *","lastModifiedDate":"2025-02-06","isFullCredit":false},{"lineNumber":96,"author":{"gitId":"HightechTR"},"content":"     * @param input The command containing the task index to be marked done;","lastModifiedDate":"2025-02-06","isFullCredit":false},{"lineNumber":97,"author":{"gitId":"HightechTR"},"content":"     *              must contain \"mark\".","lastModifiedDate":"2025-02-06","isFullCredit":false},{"lineNumber":98,"author":{"gitId":"HightechTR"},"content":"     */","lastModifiedDate":"2025-02-06","isFullCredit":false},{"lineNumber":99,"author":{"gitId":"HightechTR"},"content":"    public static void markDone(String input) {","lastModifiedDate":"2025-02-06","isFullCredit":false},{"lineNumber":100,"author":{"gitId":"HightechTR"},"content":"        Integer index \u003d tryParseInteger(input.substring(input.indexOf(\" \") + 1));","lastModifiedDate":"2025-02-06","isFullCredit":false},{"lineNumber":101,"author":{"gitId":"HightechTR"},"content":"        if (index \u003d\u003d null) {","lastModifiedDate":"2025-02-06","isFullCredit":false},{"lineNumber":102,"author":{"gitId":"HightechTR"},"content":"            System.out.println(\"Oops! That\u0027s not a number.\");","lastModifiedDate":"2025-02-06","isFullCredit":false},{"lineNumber":103,"author":{"gitId":"HightechTR"},"content":"        } else if (index \u003e listCounter) {","lastModifiedDate":"2025-02-06","isFullCredit":false},{"lineNumber":104,"author":{"gitId":"HightechTR"},"content":"            System.out.println(\"Oops! That\u0027s not in the list.\");","lastModifiedDate":"2025-02-06","isFullCredit":false},{"lineNumber":105,"author":{"gitId":"HightechTR"},"content":"        } else {","lastModifiedDate":"2025-02-06","isFullCredit":false},{"lineNumber":106,"author":{"gitId":"HightechTR"},"content":"            tasks[index - 1].setDone(true);","lastModifiedDate":"2025-02-06","isFullCredit":false},{"lineNumber":107,"author":{"gitId":"HightechTR"},"content":"            System.out.println(\"Yay! I\u0027ve marked this task as done:\");","lastModifiedDate":"2025-02-06","isFullCredit":false},{"lineNumber":108,"author":{"gitId":"HightechTR"},"content":"            printTask(index);","lastModifiedDate":"2025-02-06","isFullCredit":false},{"lineNumber":109,"author":{"gitId":"HightechTR"},"content":"        }","lastModifiedDate":"2025-02-06","isFullCredit":false},{"lineNumber":110,"author":{"gitId":"HightechTR"},"content":"    }","lastModifiedDate":"2025-02-06","isFullCredit":false},{"lineNumber":111,"author":{"gitId":"HightechTR"},"content":"","lastModifiedDate":"2025-02-06","isFullCredit":false},{"lineNumber":112,"author":{"gitId":"HightechTR"},"content":"    /**","lastModifiedDate":"2025-02-06","isFullCredit":false},{"lineNumber":113,"author":{"gitId":"HightechTR"},"content":"     * Marks a task as not done in the list.","lastModifiedDate":"2025-02-06","isFullCredit":false},{"lineNumber":114,"author":{"gitId":"HightechTR"},"content":"     *","lastModifiedDate":"2025-02-06","isFullCredit":false},{"lineNumber":115,"author":{"gitId":"HightechTR"},"content":"     * @param input The command containing the task index to be marked not done;","lastModifiedDate":"2025-02-06","isFullCredit":false},{"lineNumber":116,"author":{"gitId":"HightechTR"},"content":"     *              must contain \"unmark\".","lastModifiedDate":"2025-02-06","isFullCredit":false},{"lineNumber":117,"author":{"gitId":"HightechTR"},"content":"     */","lastModifiedDate":"2025-02-06","isFullCredit":false},{"lineNumber":118,"author":{"gitId":"HightechTR"},"content":"    public static void markNotDone(String input) {","lastModifiedDate":"2025-02-06","isFullCredit":false},{"lineNumber":119,"author":{"gitId":"HightechTR"},"content":"        Integer index \u003d tryParseInteger(input.substring(input.indexOf(\" \") + 1));","lastModifiedDate":"2025-02-06","isFullCredit":false},{"lineNumber":120,"author":{"gitId":"HightechTR"},"content":"        if (index \u003d\u003d null) {","lastModifiedDate":"2025-02-06","isFullCredit":false},{"lineNumber":121,"author":{"gitId":"HightechTR"},"content":"            System.out.println(\"Oops! That\u0027s not a number.\");","lastModifiedDate":"2025-02-06","isFullCredit":false},{"lineNumber":122,"author":{"gitId":"HightechTR"},"content":"        } else if (index \u003e listCounter) {","lastModifiedDate":"2025-02-06","isFullCredit":false},{"lineNumber":123,"author":{"gitId":"HightechTR"},"content":"            System.out.println(\"Oops! That\u0027s not in the list.\");","lastModifiedDate":"2025-02-06","isFullCredit":false},{"lineNumber":124,"author":{"gitId":"HightechTR"},"content":"        } else {","lastModifiedDate":"2025-02-06","isFullCredit":false},{"lineNumber":125,"author":{"gitId":"HightechTR"},"content":"            tasks[index - 1].setDone(false);","lastModifiedDate":"2025-02-06","isFullCredit":false},{"lineNumber":126,"author":{"gitId":"HightechTR"},"content":"            System.out.println(\"Ganbaraki! I\u0027ve unmarked this task as not done:\");","lastModifiedDate":"2025-02-06","isFullCredit":false},{"lineNumber":127,"author":{"gitId":"HightechTR"},"content":"            printTask(index);","lastModifiedDate":"2025-02-06","isFullCredit":false},{"lineNumber":128,"author":{"gitId":"HightechTR"},"content":"        }","lastModifiedDate":"2025-02-06","isFullCredit":false},{"lineNumber":129,"author":{"gitId":"HightechTR"},"content":"    }","lastModifiedDate":"2025-02-06","isFullCredit":false},{"lineNumber":130,"author":{"gitId":"HightechTR"},"content":"}","lastModifiedDate":"2025-02-06","isFullCredit":false}],"authorContributionMap":{"HightechTR":130}},{"path":"src/main/java/Text.java","fileType":"java","lines":[{"lineNumber":1,"author":{"gitId":"HightechTR"},"content":"public final class Text {","lastModifiedDate":"2025-02-01","isFullCredit":false},{"lineNumber":2,"author":{"gitId":"HightechTR"},"content":"    private Text() {","lastModifiedDate":"2025-02-01","isFullCredit":false},{"lineNumber":3,"author":{"gitId":"HightechTR"},"content":"    }","lastModifiedDate":"2025-01-31","isFullCredit":false},{"lineNumber":4,"author":{"gitId":"HightechTR"},"content":"","lastModifiedDate":"2025-01-31","isFullCredit":false},{"lineNumber":5,"author":{"gitId":"HightechTR"},"content":"    public static final String TEXT_TASK_LIST \u003d \"\"\"","lastModifiedDate":"2025-01-31","isFullCredit":false},{"lineNumber":6,"author":{"gitId":"HightechTR"},"content":"            Current Mode: To-do List","lastModifiedDate":"2025-01-31","isFullCredit":false},{"lineNumber":7,"author":{"gitId":"HightechTR"},"content":"            A functional to-do list, storing up to 100 tasks.","lastModifiedDate":"2025-01-31","isFullCredit":false},{"lineNumber":8,"author":{"gitId":"HightechTR"},"content":"            Note: This program does not store tasks after exiting.\"\"\";","lastModifiedDate":"2025-02-06","isFullCredit":false},{"lineNumber":9,"author":{"gitId":"HightechTR"},"content":"","lastModifiedDate":"2025-01-31","isFullCredit":false},{"lineNumber":10,"author":{"gitId":"HightechTR"},"content":"    public static final String TEXT_TASK_LIST_COMMANDS \u003d \"\"\"","lastModifiedDate":"2025-02-06","isFullCredit":false},{"lineNumber":11,"author":{"gitId":"HightechTR"},"content":"            Commands:","lastModifiedDate":"2025-01-31","isFullCredit":false},{"lineNumber":12,"author":{"gitId":"HightechTR"},"content":"            \"todo \u003cdescription\u003e\": Adds a todo task to the list","lastModifiedDate":"2025-02-06","isFullCredit":false},{"lineNumber":13,"author":{"gitId":"HightechTR"},"content":"            \"deadline \u003cdescription\u003e /by \u003cdue date\u003e\": Adds a deadline task to the list","lastModifiedDate":"2025-02-06","isFullCredit":false},{"lineNumber":14,"author":{"gitId":"HightechTR"},"content":"            \"event \u003cdescription\u003e /from \u003cstart date\u003e /to \u003cend date\u003e\": Adds a event task to the list","lastModifiedDate":"2025-02-06","isFullCredit":false},{"lineNumber":15,"author":{"gitId":"HightechTR"},"content":"            \"list\": Displays full list of tasks","lastModifiedDate":"2025-01-31","isFullCredit":false},{"lineNumber":16,"author":{"gitId":"HightechTR"},"content":"            \"mark \u003cnumber\u003e\": Marks the task labelled with the number as done","lastModifiedDate":"2025-01-31","isFullCredit":false},{"lineNumber":17,"author":{"gitId":"HightechTR"},"content":"            \"unmark \u003cnumber\u003e\": Marks the task labelled with the number as not done","lastModifiedDate":"2025-01-31","isFullCredit":false},{"lineNumber":18,"author":{"gitId":"HightechTR"},"content":"            \"help\": Displays this command list","lastModifiedDate":"2025-02-06","isFullCredit":false},{"lineNumber":19,"author":{"gitId":"HightechTR"},"content":"            \"bye\": Exits the program\"\"\";","lastModifiedDate":"2025-02-06","isFullCredit":false},{"lineNumber":20,"author":{"gitId":"HightechTR"},"content":"","lastModifiedDate":"2025-01-31","isFullCredit":false},{"lineNumber":21,"author":{"gitId":"HightechTR"},"content":"    public static final String TEXT_INTRO \u003d \"\"\"","lastModifiedDate":"2025-01-31","isFullCredit":false},{"lineNumber":22,"author":{"gitId":"HightechTR"},"content":"            This bot is based on the personality of Raki Kazuki from PixelLink.","lastModifiedDate":"2025-01-31","isFullCredit":false},{"lineNumber":23,"author":{"gitId":"HightechTR"},"content":"            ⣿⣿⣿⡟⣛⠻⣿⣿⣿⣿⣿⣿⣿⣿⣿⣿⡿⠿⠻⣿⣿","lastModifiedDate":"2025-02-06","isFullCredit":false},{"lineNumber":24,"author":{"gitId":"HightechTR"},"content":"            ⣿⣿⣿⡇⠀⠱⡤⢉⣛⠛⠛⠛⠿⠿⢋⣡⠖⠊⠁⢸⣿","lastModifiedDate":"2025-02-06","isFullCredit":false},{"lineNumber":25,"author":{"gitId":"HightechTR"},"content":"            ⣿⣿⣿⣧⠡⢠⣾⣿⣧⣶⣿⣿⣿⣦⣾⠁⠀⠀⠆⣿⣿","lastModifiedDate":"2025-02-06","isFullCredit":false},{"lineNumber":26,"author":{"gitId":"HightechTR"},"content":"            ⣿⣿⣿⠋⡴⠙⢻⡿⣿⣿⡿⠿⠿⣿⣿⣦⡀⠞⣼⣿⣿","lastModifiedDate":"2025-02-06","isFullCredit":false},{"lineNumber":27,"author":{"gitId":"HightechTR"},"content":"            ⣿⠟⢡⠞⠀⣠⠄⢹⠟⠁⣀⣀⠈⠲⣿⣿⣷⡌⢻⣿⣿","lastModifiedDate":"2025-02-06","isFullCredit":false},{"lineNumber":28,"author":{"gitId":"HightechTR"},"content":"            ⡁⠐⣧⠀⢀⠀⠀⢀⡀⠀⠿⠀⠀⠀⠀⢙⣿⣿⣆⠹⣿⣿","lastModifiedDate":"2025-02-06","isFullCredit":false},{"lineNumber":29,"author":{"gitId":"HightechTR"},"content":"            ⣿⣦⡘⠀⠀⠀⣿⣿⣷⣄⡀⠀⠀⠀⢀⣴⣿⣿⡿⠧⠘","lastModifiedDate":"2025-02-06","isFullCredit":false},{"lineNumber":30,"author":{"gitId":"HightechTR"},"content":"            ⣿⣿⣷⣄⠐⠺⣿⣿⠯⠛⣿⣶⣶⣶⣿⡿⠟⢋⣠⣴⣾","lastModifiedDate":"2025-02-06","isFullCredit":false},{"lineNumber":31,"author":{"gitId":"HightechTR"},"content":"            ⣿⣿⣿⣿⣷⡀⠒⠶⠾⠛⣋⣁⣉⣭⣤⣶⣾⣿⣿⣿⣿","lastModifiedDate":"2025-02-06","isFullCredit":false},{"lineNumber":32,"author":{"gitId":"HightechTR"},"content":"            ","lastModifiedDate":"2025-01-31","isFullCredit":false},{"lineNumber":33,"author":{"gitId":"HightechTR"},"content":"            Raah! I\u0027m TrashpanBot!","lastModifiedDate":"2025-01-31","isFullCredit":false},{"lineNumber":34,"author":{"gitId":"HightechTR"},"content":"            What can I do for you today?","lastModifiedDate":"2025-01-31","isFullCredit":false},{"lineNumber":35,"author":{"gitId":"HightechTR"},"content":"            __________________________________________________","lastModifiedDate":"2025-01-31","isFullCredit":false},{"lineNumber":36,"author":{"gitId":"HightechTR"},"content":"            \"\"\";","lastModifiedDate":"2025-01-31","isFullCredit":false},{"lineNumber":37,"author":{"gitId":"HightechTR"},"content":"","lastModifiedDate":"2025-01-31","isFullCredit":false},{"lineNumber":38,"author":{"gitId":"HightechTR"},"content":"    public static final String TEXT_BYE \u003d \"\"\"","lastModifiedDate":"2025-01-31","isFullCredit":false},{"lineNumber":39,"author":{"gitId":"HightechTR"},"content":"            Otsuraki! See you soon!","lastModifiedDate":"2025-01-31","isFullCredit":false},{"lineNumber":40,"author":{"gitId":"HightechTR"},"content":"            __________________________________________________","lastModifiedDate":"2025-01-31","isFullCredit":false},{"lineNumber":41,"author":{"gitId":"HightechTR"},"content":"            \"\"\";","lastModifiedDate":"2025-01-31","isFullCredit":false},{"lineNumber":42,"author":{"gitId":"HightechTR"},"content":"","lastModifiedDate":"2025-01-31","isFullCredit":false},{"lineNumber":43,"author":{"gitId":"HightechTR"},"content":"    public static final String TEXT_LINE \u003d","lastModifiedDate":"2025-01-31","isFullCredit":false},{"lineNumber":44,"author":{"gitId":"HightechTR"},"content":"            \"__________________________________________________\";","lastModifiedDate":"2025-01-31","isFullCredit":false},{"lineNumber":45,"author":{"gitId":"HightechTR"},"content":"}","lastModifiedDate":"2025-01-31","isFullCredit":false}],"authorContributionMap":{"HightechTR":45}},{"path":"src/main/java/Todo.java","fileType":"java","lines":[{"lineNumber":1,"author":{"gitId":"HightechTR"},"content":"public class Todo extends Task {","lastModifiedDate":"2025-02-06","isFullCredit":false},{"lineNumber":2,"author":{"gitId":"HightechTR"},"content":"    public Todo(String description) {","lastModifiedDate":"2025-02-06","isFullCredit":false},{"lineNumber":3,"author":{"gitId":"HightechTR"},"content":"        super(description);","lastModifiedDate":"2025-02-06","isFullCredit":false},{"lineNumber":4,"author":{"gitId":"HightechTR"},"content":"        super.isDone \u003d false;","lastModifiedDate":"2025-02-06","isFullCredit":false},{"lineNumber":5,"author":{"gitId":"HightechTR"},"content":"    }","lastModifiedDate":"2025-01-31","isFullCredit":false},{"lineNumber":6,"author":{"gitId":"HightechTR"},"content":"","lastModifiedDate":"2025-01-31","isFullCredit":false},{"lineNumber":7,"author":{"gitId":"HightechTR"},"content":"    @Override","lastModifiedDate":"2025-02-06","isFullCredit":false},{"lineNumber":8,"author":{"gitId":"HightechTR"},"content":"    public String getTypeIcon() {","lastModifiedDate":"2025-02-06","isFullCredit":false},{"lineNumber":9,"author":{"gitId":"HightechTR"},"content":"        return \"T\";","lastModifiedDate":"2025-02-06","isFullCredit":false},{"lineNumber":10,"author":{"gitId":"HightechTR"},"content":"    }","lastModifiedDate":"2025-02-06","isFullCredit":false},{"lineNumber":11,"author":{"gitId":"HightechTR"},"content":"","lastModifiedDate":"2025-02-06","isFullCredit":false},{"lineNumber":12,"author":{"gitId":"HightechTR"},"content":"    /**","lastModifiedDate":"2025-02-06","isFullCredit":false},{"lineNumber":13,"author":{"gitId":"HightechTR"},"content":"     * Extracts task description from command.","lastModifiedDate":"2025-02-06","isFullCredit":false},{"lineNumber":14,"author":{"gitId":"HightechTR"},"content":"     *","lastModifiedDate":"2025-02-06","isFullCredit":false},{"lineNumber":15,"author":{"gitId":"HightechTR"},"content":"     * @param input The input string.","lastModifiedDate":"2025-02-06","isFullCredit":false},{"lineNumber":16,"author":{"gitId":"HightechTR"},"content":"     * @return The description of the task.","lastModifiedDate":"2025-02-06","isFullCredit":false},{"lineNumber":17,"author":{"gitId":"HightechTR"},"content":"     */","lastModifiedDate":"2025-02-06","isFullCredit":false},{"lineNumber":18,"author":{"gitId":"HightechTR"},"content":"    static String getParameter(String input) {","lastModifiedDate":"2025-02-06","isFullCredit":false},{"lineNumber":19,"author":{"gitId":"HightechTR"},"content":"        return input.substring(input.indexOf(\" \") + 1);","lastModifiedDate":"2025-02-06","isFullCredit":false},{"lineNumber":20,"author":{"gitId":"HightechTR"},"content":"    }","lastModifiedDate":"2025-02-06","isFullCredit":false},{"lineNumber":21,"author":{"gitId":"HightechTR"},"content":"","lastModifiedDate":"2025-02-06","isFullCredit":false},{"lineNumber":22,"author":{"gitId":"HightechTR"},"content":"    /**","lastModifiedDate":"2025-02-06","isFullCredit":false},{"lineNumber":23,"author":{"gitId":"HightechTR"},"content":"     * Checks if input parameters are non-empty.","lastModifiedDate":"2025-02-06","isFullCredit":false},{"lineNumber":24,"author":{"gitId":"HightechTR"},"content":"     *","lastModifiedDate":"2025-02-06","isFullCredit":false},{"lineNumber":25,"author":{"gitId":"HightechTR"},"content":"     * @param input The input string containing command and parameter.","lastModifiedDate":"2025-02-06","isFullCredit":false},{"lineNumber":26,"author":{"gitId":"HightechTR"},"content":"     * @return True if parameter is non-empty.","lastModifiedDate":"2025-02-06","isFullCredit":false},{"lineNumber":27,"author":{"gitId":"HightechTR"},"content":"     */","lastModifiedDate":"2025-02-06","isFullCredit":false},{"lineNumber":28,"author":{"gitId":"HightechTR"},"content":"    public static boolean isInvalidParameter(String input) {","lastModifiedDate":"2025-02-06","isFullCredit":false},{"lineNumber":29,"author":{"gitId":"HightechTR"},"content":"        String parameter \u003d getParameter(input);","lastModifiedDate":"2025-02-06","isFullCredit":false},{"lineNumber":30,"author":{"gitId":"HightechTR"},"content":"        return !input.contains(\" \") || parameter.isEmpty();","lastModifiedDate":"2025-02-06","isFullCredit":false},{"lineNumber":31,"author":{"gitId":"HightechTR"},"content":"    }","lastModifiedDate":"2025-02-06","isFullCredit":false},{"lineNumber":32,"author":{"gitId":"HightechTR"},"content":"","lastModifiedDate":"2025-02-06","isFullCredit":false},{"lineNumber":33,"author":{"gitId":"HightechTR"},"content":"    /**","lastModifiedDate":"2025-02-06","isFullCredit":false},{"lineNumber":34,"author":{"gitId":"HightechTR"},"content":"     * Adds a task to the task list.","lastModifiedDate":"2025-02-06","isFullCredit":false},{"lineNumber":35,"author":{"gitId":"HightechTR"},"content":"     *","lastModifiedDate":"2025-02-06","isFullCredit":false},{"lineNumber":36,"author":{"gitId":"HightechTR"},"content":"     * @param input The input string containing the task to be added to the list.","lastModifiedDate":"2025-02-06","isFullCredit":false},{"lineNumber":37,"author":{"gitId":"HightechTR"},"content":"     */","lastModifiedDate":"2025-02-06","isFullCredit":false},{"lineNumber":38,"author":{"gitId":"HightechTR"},"content":"    public static void addTodo(String input) {","lastModifiedDate":"2025-02-06","isFullCredit":false},{"lineNumber":39,"author":{"gitId":"HightechTR"},"content":"        String description \u003d getParameter(input);","lastModifiedDate":"2025-02-06","isFullCredit":false},{"lineNumber":40,"author":{"gitId":"HightechTR"},"content":"","lastModifiedDate":"2025-02-06","isFullCredit":false},{"lineNumber":41,"author":{"gitId":"HightechTR"},"content":"        // check if parameter is non-empty","lastModifiedDate":"2025-02-06","isFullCredit":false},{"lineNumber":42,"author":{"gitId":"HightechTR"},"content":"        if (isInvalidParameter(input)) {","lastModifiedDate":"2025-02-06","isFullCredit":false},{"lineNumber":43,"author":{"gitId":"HightechTR"},"content":"            System.out.println(\"Oops, you didn\u0027t say what to add!\");","lastModifiedDate":"2025-02-06","isFullCredit":false},{"lineNumber":44,"author":{"gitId":"HightechTR"},"content":"            System.out.println(\"Command format: todo \u003cdescription\u003e\");","lastModifiedDate":"2025-02-06","isFullCredit":false},{"lineNumber":45,"author":{"gitId":"HightechTR"},"content":"","lastModifiedDate":"2025-02-06","isFullCredit":false},{"lineNumber":46,"author":{"gitId":"HightechTR"},"content":"        } else if (isListNotFull()) {","lastModifiedDate":"2025-02-06","isFullCredit":false},{"lineNumber":47,"author":{"gitId":"HightechTR"},"content":"            tasks[listCounter] \u003d new Todo(description);","lastModifiedDate":"2025-02-06","isFullCredit":false},{"lineNumber":48,"author":{"gitId":"HightechTR"},"content":"            listCounter++;","lastModifiedDate":"2025-02-06","isFullCredit":false},{"lineNumber":49,"author":{"gitId":"HightechTR"},"content":"            printAddedText();","lastModifiedDate":"2025-02-06","isFullCredit":false},{"lineNumber":50,"author":{"gitId":"HightechTR"},"content":"        }","lastModifiedDate":"2025-02-06","isFullCredit":false},{"lineNumber":51,"author":{"gitId":"HightechTR"},"content":"    }","lastModifiedDate":"2025-02-06","isFullCredit":false},{"lineNumber":52,"author":{"gitId":"HightechTR"},"content":"}","lastModifiedDate":"2025-01-31","isFullCredit":false}],"authorContributionMap":{"HightechTR":52}},{"path":"src/main/java/TrashpanMain.java","fileType":"java","lines":[{"lineNumber":1,"author":{"gitId":"HightechTR"},"content":"import java.util.Scanner;","lastModifiedDate":"2025-01-30","isFullCredit":false},{"lineNumber":2,"author":{"gitId":"HightechTR"},"content":"","lastModifiedDate":"2025-01-30","isFullCredit":false},{"lineNumber":3,"author":{"gitId":"HightechTR"},"content":"public class TrashpanMain {","lastModifiedDate":"2025-01-23","isFullCredit":false},{"lineNumber":4,"author":{"gitId":"HightechTR"},"content":"    static String userInput;","lastModifiedDate":"2025-02-06","isFullCredit":false},{"lineNumber":5,"author":{"gitId":"HightechTR"},"content":"","lastModifiedDate":"2025-02-06","isFullCredit":false},{"lineNumber":6,"author":{"gitId":"HightechTR"},"content":"    /**","lastModifiedDate":"2025-01-31","isFullCredit":false},{"lineNumber":7,"author":{"gitId":"HightechTR"},"content":"     * Reads an input, extracts and returns first word as a command.","lastModifiedDate":"2025-02-01","isFullCredit":false},{"lineNumber":8,"author":{"gitId":"HightechTR"},"content":"     *","lastModifiedDate":"2025-02-01","isFullCredit":false},{"lineNumber":9,"author":{"gitId":"HightechTR"},"content":"     * @return The first word of the input.","lastModifiedDate":"2025-02-01","isFullCredit":false},{"lineNumber":10,"author":{"gitId":"HightechTR"},"content":"     */","lastModifiedDate":"2025-01-31","isFullCredit":false},{"lineNumber":11,"author":{"gitId":"HightechTR"},"content":"    private static String getCommand() {","lastModifiedDate":"2025-02-01","isFullCredit":false},{"lineNumber":12,"author":{"gitId":"HightechTR"},"content":"        Scanner in \u003d new Scanner(System.in);","lastModifiedDate":"2025-01-31","isFullCredit":false},{"lineNumber":13,"author":{"gitId":"HightechTR"},"content":"        String command;","lastModifiedDate":"2025-02-01","isFullCredit":false},{"lineNumber":14,"author":{"gitId":"HightechTR"},"content":"","lastModifiedDate":"2025-01-31","isFullCredit":false},{"lineNumber":15,"author":{"gitId":"HightechTR"},"content":"        userInput \u003d in.nextLine();","lastModifiedDate":"2025-02-06","isFullCredit":false},{"lineNumber":16,"author":{"gitId":"HightechTR"},"content":"        command \u003d userInput.contains(\" \") ? userInput.substring(0, userInput.indexOf(\" \")) : userInput;","lastModifiedDate":"2025-02-06","isFullCredit":false},{"lineNumber":17,"author":{"gitId":"HightechTR"},"content":"        return command;","lastModifiedDate":"2025-02-01","isFullCredit":false},{"lineNumber":18,"author":{"gitId":"HightechTR"},"content":"    }","lastModifiedDate":"2025-02-01","isFullCredit":false},{"lineNumber":19,"author":{"gitId":"HightechTR"},"content":"","lastModifiedDate":"2025-02-01","isFullCredit":false},{"lineNumber":20,"author":{"gitId":"HightechTR"},"content":"    /**","lastModifiedDate":"2025-02-01","isFullCredit":false},{"lineNumber":21,"author":{"gitId":"HightechTR"},"content":"     * Calls methods for the task list based on the command inputted.","lastModifiedDate":"2025-02-01","isFullCredit":false},{"lineNumber":22,"author":{"gitId":"HightechTR"},"content":"     */","lastModifiedDate":"2025-02-01","isFullCredit":false},{"lineNumber":23,"author":{"gitId":"HightechTR"},"content":"    public static void parseTaskListCommand() {","lastModifiedDate":"2025-02-01","isFullCredit":false},{"lineNumber":24,"author":{"gitId":"HightechTR"},"content":"        String command;","lastModifiedDate":"2025-02-01","isFullCredit":false},{"lineNumber":25,"author":{"gitId":"HightechTR"},"content":"","lastModifiedDate":"2025-02-01","isFullCredit":false},{"lineNumber":26,"author":{"gitId":"HightechTR"},"content":"        while (true) {","lastModifiedDate":"2025-02-01","isFullCredit":false},{"lineNumber":27,"author":{"gitId":"HightechTR"},"content":"            System.out.println(Text.TEXT_LINE);","lastModifiedDate":"2025-02-01","isFullCredit":false},{"lineNumber":28,"author":{"gitId":"HightechTR"},"content":"            command \u003d getCommand();","lastModifiedDate":"2025-02-01","isFullCredit":false},{"lineNumber":29,"author":{"gitId":"HightechTR"},"content":"            System.out.println(Text.TEXT_LINE);","lastModifiedDate":"2025-02-01","isFullCredit":false},{"lineNumber":30,"author":{"gitId":"HightechTR"},"content":"","lastModifiedDate":"2025-01-31","isFullCredit":false},{"lineNumber":31,"author":{"gitId":"HightechTR"},"content":"            switch (command) {","lastModifiedDate":"2025-01-30","isFullCredit":false},{"lineNumber":32,"author":{"gitId":"HightechTR"},"content":"            case \"todo\":","lastModifiedDate":"2025-02-06","isFullCredit":false},{"lineNumber":33,"author":{"gitId":"HightechTR"},"content":"                Todo.addTodo(userInput);","lastModifiedDate":"2025-02-06","isFullCredit":false},{"lineNumber":34,"author":{"gitId":"HightechTR"},"content":"                break;","lastModifiedDate":"2025-02-06","isFullCredit":false},{"lineNumber":35,"author":{"gitId":"HightechTR"},"content":"","lastModifiedDate":"2025-02-06","isFullCredit":false},{"lineNumber":36,"author":{"gitId":"HightechTR"},"content":"            case \"deadline\":","lastModifiedDate":"2025-02-06","isFullCredit":false},{"lineNumber":37,"author":{"gitId":"HightechTR"},"content":"                Deadline.addDeadline(userInput);","lastModifiedDate":"2025-02-06","isFullCredit":false},{"lineNumber":38,"author":{"gitId":"HightechTR"},"content":"                break;","lastModifiedDate":"2025-02-06","isFullCredit":false},{"lineNumber":39,"author":{"gitId":"HightechTR"},"content":"","lastModifiedDate":"2025-02-06","isFullCredit":false},{"lineNumber":40,"author":{"gitId":"HightechTR"},"content":"            case \"event\":","lastModifiedDate":"2025-02-06","isFullCredit":false},{"lineNumber":41,"author":{"gitId":"HightechTR"},"content":"                Event.addEvent(userInput);","lastModifiedDate":"2025-02-06","isFullCredit":false},{"lineNumber":42,"author":{"gitId":"HightechTR"},"content":"                break;","lastModifiedDate":"2025-02-06","isFullCredit":false},{"lineNumber":43,"author":{"gitId":"HightechTR"},"content":"","lastModifiedDate":"2025-02-06","isFullCredit":false},{"lineNumber":44,"author":{"gitId":"HightechTR"},"content":"            case \"list\":","lastModifiedDate":"2025-01-30","isFullCredit":false},{"lineNumber":45,"author":{"gitId":"HightechTR"},"content":"                Task.displayList();","lastModifiedDate":"2025-02-06","isFullCredit":false},{"lineNumber":46,"author":{"gitId":"HightechTR"},"content":"                break;","lastModifiedDate":"2025-01-31","isFullCredit":false},{"lineNumber":47,"author":{"gitId":"HightechTR"},"content":"","lastModifiedDate":"2025-01-31","isFullCredit":false},{"lineNumber":48,"author":{"gitId":"HightechTR"},"content":"            case \"mark\":","lastModifiedDate":"2025-01-31","isFullCredit":false},{"lineNumber":49,"author":{"gitId":"HightechTR"},"content":"                Task.markDone(userInput);","lastModifiedDate":"2025-02-06","isFullCredit":false},{"lineNumber":50,"author":{"gitId":"HightechTR"},"content":"                break;","lastModifiedDate":"2025-01-31","isFullCredit":false},{"lineNumber":51,"author":{"gitId":"HightechTR"},"content":"","lastModifiedDate":"2025-01-31","isFullCredit":false},{"lineNumber":52,"author":{"gitId":"HightechTR"},"content":"            case \"unmark\":","lastModifiedDate":"2025-01-31","isFullCredit":false},{"lineNumber":53,"author":{"gitId":"HightechTR"},"content":"                Task.markNotDone(userInput);","lastModifiedDate":"2025-02-06","isFullCredit":false},{"lineNumber":54,"author":{"gitId":"HightechTR"},"content":"                break;","lastModifiedDate":"2025-01-31","isFullCredit":false},{"lineNumber":55,"author":{"gitId":"HightechTR"},"content":"","lastModifiedDate":"2025-01-31","isFullCredit":false},{"lineNumber":56,"author":{"gitId":"HightechTR"},"content":"            case \"help\":","lastModifiedDate":"2025-02-06","isFullCredit":false},{"lineNumber":57,"author":{"gitId":"HightechTR"},"content":"                System.out.println(Text.TEXT_TASK_LIST_COMMANDS);","lastModifiedDate":"2025-02-06","isFullCredit":false},{"lineNumber":58,"author":{"gitId":"HightechTR"},"content":"                break;","lastModifiedDate":"2025-02-06","isFullCredit":false},{"lineNumber":59,"author":{"gitId":"HightechTR"},"content":"","lastModifiedDate":"2025-02-06","isFullCredit":false},{"lineNumber":60,"author":{"gitId":"HightechTR"},"content":"            case \"bye\":","lastModifiedDate":"2025-01-31","isFullCredit":false},{"lineNumber":61,"author":{"gitId":"HightechTR"},"content":"                return;","lastModifiedDate":"2025-01-31","isFullCredit":false},{"lineNumber":62,"author":{"gitId":"HightechTR"},"content":"","lastModifiedDate":"2025-01-31","isFullCredit":false},{"lineNumber":63,"author":{"gitId":"HightechTR"},"content":"            default:","lastModifiedDate":"2025-01-31","isFullCredit":false},{"lineNumber":64,"author":{"gitId":"HightechTR"},"content":"                System.out.println(\"I don\u0027t recognise that command!\");","lastModifiedDate":"2025-02-06","isFullCredit":false},{"lineNumber":65,"author":{"gitId":"HightechTR"},"content":"                break;","lastModifiedDate":"2025-02-06","isFullCredit":false},{"lineNumber":66,"author":{"gitId":"HightechTR"},"content":"            }","lastModifiedDate":"2025-01-31","isFullCredit":false},{"lineNumber":67,"author":{"gitId":"HightechTR"},"content":"        }","lastModifiedDate":"2025-01-31","isFullCredit":false},{"lineNumber":68,"author":{"gitId":"HightechTR"},"content":"    }","lastModifiedDate":"2025-01-31","isFullCredit":false},{"lineNumber":69,"author":{"gitId":"HightechTR"},"content":"","lastModifiedDate":"2025-01-31","isFullCredit":false},{"lineNumber":70,"author":{"gitId":"HightechTR"},"content":"    public static void main(String[] args) {","lastModifiedDate":"2025-01-31","isFullCredit":false},{"lineNumber":71,"author":{"gitId":"HightechTR"},"content":"        System.out.println(Text.TEXT_INTRO);","lastModifiedDate":"2025-02-01","isFullCredit":false},{"lineNumber":72,"author":{"gitId":"HightechTR"},"content":"","lastModifiedDate":"2025-01-31","isFullCredit":false},{"lineNumber":73,"author":{"gitId":"HightechTR"},"content":"        System.out.println(Text.TEXT_TASK_LIST);","lastModifiedDate":"2025-02-01","isFullCredit":false},{"lineNumber":74,"author":{"gitId":"HightechTR"},"content":"        System.out.println(Text.TEXT_TASK_LIST_COMMANDS);","lastModifiedDate":"2025-02-06","isFullCredit":false},{"lineNumber":75,"author":{"gitId":"HightechTR"},"content":"        parseTaskListCommand();","lastModifiedDate":"2025-02-01","isFullCredit":false},{"lineNumber":76,"author":{"gitId":"HightechTR"},"content":"","lastModifiedDate":"2025-01-30","isFullCredit":false},{"lineNumber":77,"author":{"gitId":"HightechTR"},"content":"        System.out.println(Text.TEXT_BYE);","lastModifiedDate":"2025-02-01","isFullCredit":false},{"lineNumber":78,"author":{"gitId":"HightechTR"},"content":"    }","lastModifiedDate":"2025-01-23","isFullCredit":false},{"lineNumber":79,"author":{"gitId":"HightechTR"},"content":"}","lastModifiedDate":"2025-01-23","isFullCredit":false}],"authorContributionMap":{"HightechTR":79}},{"path":"text-ui-test/input.txt","fileType":"txt","lines":[{"lineNumber":1,"author":{"gitId":"HightechTR"},"content":"todo task 1","lastModifiedDate":"2025-02-06","isFullCredit":false},{"lineNumber":2,"author":{"gitId":"HightechTR"},"content":"todo task 2","lastModifiedDate":"2025-02-06","isFullCredit":false},{"lineNumber":3,"author":{"gitId":"HightechTR"},"content":"mark 1","lastModifiedDate":"2025-02-06","isFullCredit":false},{"lineNumber":4,"author":{"gitId":"HightechTR"},"content":"deadline task 3 /by Who cares?","lastModifiedDate":"2025-02-06","isFullCredit":false},{"lineNumber":5,"author":{"gitId":"HightechTR"},"content":"event trip 1 /from 13 June 2025 /to 16 June 2025","lastModifiedDate":"2025-02-06","isFullCredit":false},{"lineNumber":6,"author":{"gitId":"HightechTR"},"content":"list","lastModifiedDate":"2025-02-06","isFullCredit":false},{"lineNumber":7,"author":{"gitId":"HightechTR"},"content":"mark 3","lastModifiedDate":"2025-02-06","isFullCredit":false},{"lineNumber":8,"author":{"gitId":"HightechTR"},"content":"unmark 1","lastModifiedDate":"2025-02-06","isFullCredit":false},{"lineNumber":9,"author":{"gitId":"HightechTR"},"content":"list","lastModifiedDate":"2025-02-06","isFullCredit":false},{"lineNumber":10,"author":{"gitId":"HightechTR"},"content":"bye","lastModifiedDate":"2025-02-06","isFullCredit":false}],"authorContributionMap":{"HightechTR":10}},{"path":"text-ui-test/runtest.bat","fileType":"bat","lines":[{"lineNumber":1,"author":{"gitId":"-"},"content":"@ECHO OFF","lastModifiedDate":"2020-05-25","isFullCredit":false},{"lineNumber":2,"author":{"gitId":"-"},"content":"","lastModifiedDate":"2020-05-25","isFullCredit":false},{"lineNumber":3,"author":{"gitId":"-"},"content":"REM create bin directory if it doesn\u0027t exist","lastModifiedDate":"2020-05-25","isFullCredit":false},{"lineNumber":4,"author":{"gitId":"-"},"content":"if not exist ..\\bin mkdir ..\\bin","lastModifiedDate":"2020-05-25","isFullCredit":false},{"lineNumber":5,"author":{"gitId":"-"},"content":"","lastModifiedDate":"2020-05-25","isFullCredit":false},{"lineNumber":6,"author":{"gitId":"-"},"content":"REM delete output from previous run","lastModifiedDate":"2020-05-25","isFullCredit":false},{"lineNumber":7,"author":{"gitId":"-"},"content":"if exist ACTUAL.TXT del ACTUAL.TXT","lastModifiedDate":"2020-08-25","isFullCredit":false},{"lineNumber":8,"author":{"gitId":"-"},"content":"","lastModifiedDate":"2020-05-25","isFullCredit":false},{"lineNumber":9,"author":{"gitId":"-"},"content":"REM compile the code into the bin folder","lastModifiedDate":"2020-05-25","isFullCredit":false},{"lineNumber":10,"author":{"gitId":"HightechTR"},"content":"javac  -cp ..\\src\\main\\java -Xlint:none -encoding UTF8 -d ..\\bin ..\\src\\main\\java\\*.java","lastModifiedDate":"2025-02-06","isFullCredit":false},{"lineNumber":11,"author":{"gitId":"-"},"content":"IF ERRORLEVEL 1 (","lastModifiedDate":"2020-05-25","isFullCredit":false},{"lineNumber":12,"author":{"gitId":"-"},"content":"    echo ********** BUILD FAILURE **********","lastModifiedDate":"2020-05-25","isFullCredit":false},{"lineNumber":13,"author":{"gitId":"-"},"content":"    exit /b 1","lastModifiedDate":"2020-05-25","isFullCredit":false},{"lineNumber":14,"author":{"gitId":"-"},"content":")","lastModifiedDate":"2020-05-25","isFullCredit":false},{"lineNumber":15,"author":{"gitId":"-"},"content":"REM no error here, errorlevel \u003d\u003d 0","lastModifiedDate":"2020-05-25","isFullCredit":false},{"lineNumber":16,"author":{"gitId":"-"},"content":"","lastModifiedDate":"2020-05-25","isFullCredit":false},{"lineNumber":17,"author":{"gitId":"-"},"content":"REM run the program, feed commands from input.txt file and redirect the output to the ACTUAL.TXT","lastModifiedDate":"2020-05-25","isFullCredit":false},{"lineNumber":18,"author":{"gitId":"HightechTR"},"content":"java -classpath ..\\bin TrashpanMain \u003c input.txt \u003e ACTUAL.TXT","lastModifiedDate":"2025-02-06","isFullCredit":false},{"lineNumber":19,"author":{"gitId":"-"},"content":"","lastModifiedDate":"2020-05-25","isFullCredit":false},{"lineNumber":20,"author":{"gitId":"-"},"content":"REM compare the output to the expected output","lastModifiedDate":"2020-05-25","isFullCredit":false},{"lineNumber":21,"author":{"gitId":"-"},"content":"FC ACTUAL.TXT EXPECTED.TXT","lastModifiedDate":"2020-05-25","isFullCredit":false}],"authorContributionMap":{"-":19,"HightechTR":2}},{"path":"text-ui-test/runtest.sh","fileType":"sh","lines":[{"lineNumber":1,"author":{"gitId":"-"},"content":"#!/usr/bin/env bash","lastModifiedDate":"2020-05-25","isFullCredit":false},{"lineNumber":2,"author":{"gitId":"-"},"content":"","lastModifiedDate":"2020-05-25","isFullCredit":false},{"lineNumber":3,"author":{"gitId":"-"},"content":"# create bin directory if it doesn\u0027t exist","lastModifiedDate":"2020-05-25","isFullCredit":false},{"lineNumber":4,"author":{"gitId":"-"},"content":"if [ ! -d \"../bin\" ]","lastModifiedDate":"2020-05-25","isFullCredit":false},{"lineNumber":5,"author":{"gitId":"-"},"content":"then","lastModifiedDate":"2020-05-25","isFullCredit":false},{"lineNumber":6,"author":{"gitId":"-"},"content":"    mkdir ../bin","lastModifiedDate":"2020-05-25","isFullCredit":false},{"lineNumber":7,"author":{"gitId":"-"},"content":"fi","lastModifiedDate":"2020-05-25","isFullCredit":false},{"lineNumber":8,"author":{"gitId":"-"},"content":"","lastModifiedDate":"2020-05-25","isFullCredit":false},{"lineNumber":9,"author":{"gitId":"-"},"content":"# delete output from previous run","lastModifiedDate":"2020-05-25","isFullCredit":false},{"lineNumber":10,"author":{"gitId":"-"},"content":"if [ -e \"./ACTUAL.TXT\" ]","lastModifiedDate":"2020-05-25","isFullCredit":false},{"lineNumber":11,"author":{"gitId":"-"},"content":"then","lastModifiedDate":"2020-05-25","isFullCredit":false},{"lineNumber":12,"author":{"gitId":"-"},"content":"    rm ACTUAL.TXT","lastModifiedDate":"2020-05-25","isFullCredit":false},{"lineNumber":13,"author":{"gitId":"-"},"content":"fi","lastModifiedDate":"2020-05-25","isFullCredit":false},{"lineNumber":14,"author":{"gitId":"-"},"content":"","lastModifiedDate":"2020-05-25","isFullCredit":false},{"lineNumber":15,"author":{"gitId":"-"},"content":"# compile the code into the bin folder, terminates if error occurred","lastModifiedDate":"2020-05-25","isFullCredit":false},{"lineNumber":16,"author":{"gitId":"HightechTR"},"content":"if ! javac -cp ../src/main/java -Xlint:none -encoding UTF8 -d ../bin ../src/main/java/*.java","lastModifiedDate":"2025-02-06","isFullCredit":false},{"lineNumber":17,"author":{"gitId":"-"},"content":"then","lastModifiedDate":"2020-05-25","isFullCredit":false},{"lineNumber":18,"author":{"gitId":"-"},"content":"    echo \"********** BUILD FAILURE **********\"","lastModifiedDate":"2020-05-25","isFullCredit":false},{"lineNumber":19,"author":{"gitId":"-"},"content":"    exit 1","lastModifiedDate":"2020-05-25","isFullCredit":false},{"lineNumber":20,"author":{"gitId":"-"},"content":"fi","lastModifiedDate":"2020-05-25","isFullCredit":false},{"lineNumber":21,"author":{"gitId":"-"},"content":"","lastModifiedDate":"2020-05-25","isFullCredit":false},{"lineNumber":22,"author":{"gitId":"-"},"content":"# run the program, feed commands from input.txt file and redirect the output to the ACTUAL.TXT","lastModifiedDate":"2020-05-25","isFullCredit":false},{"lineNumber":23,"author":{"gitId":"HightechTR"},"content":"java -classpath ../bin TrashpanMain \u003c input.txt \u003e ACTUAL.TXT","lastModifiedDate":"2025-02-06","isFullCredit":false},{"lineNumber":24,"author":{"gitId":"-"},"content":"","lastModifiedDate":"2020-05-25","isFullCredit":false},{"lineNumber":25,"author":{"gitId":"-"},"content":"# convert to UNIX format","lastModifiedDate":"2020-05-25","isFullCredit":false},{"lineNumber":26,"author":{"gitId":"-"},"content":"cp EXPECTED.TXT EXPECTED-UNIX.TXT","lastModifiedDate":"2020-05-25","isFullCredit":false},{"lineNumber":27,"author":{"gitId":"-"},"content":"dos2unix ACTUAL.TXT EXPECTED-UNIX.TXT","lastModifiedDate":"2020-05-25","isFullCredit":false},{"lineNumber":28,"author":{"gitId":"-"},"content":"","lastModifiedDate":"2020-05-25","isFullCredit":false},{"lineNumber":29,"author":{"gitId":"-"},"content":"# compare the output to the expected output","lastModifiedDate":"2020-05-25","isFullCredit":false},{"lineNumber":30,"author":{"gitId":"-"},"content":"diff ACTUAL.TXT EXPECTED-UNIX.TXT","lastModifiedDate":"2020-05-25","isFullCredit":false},{"lineNumber":31,"author":{"gitId":"-"},"content":"if [ $? -eq 0 ]","lastModifiedDate":"2020-05-25","isFullCredit":false},{"lineNumber":32,"author":{"gitId":"-"},"content":"then","lastModifiedDate":"2020-05-25","isFullCredit":false},{"lineNumber":33,"author":{"gitId":"-"},"content":"    echo \"Test result: PASSED\"","lastModifiedDate":"2020-05-25","isFullCredit":false},{"lineNumber":34,"author":{"gitId":"-"},"content":"    exit 0","lastModifiedDate":"2020-05-25","isFullCredit":false},{"lineNumber":35,"author":{"gitId":"-"},"content":"else","lastModifiedDate":"2020-05-25","isFullCredit":false},{"lineNumber":36,"author":{"gitId":"-"},"content":"    echo \"Test result: FAILED\"","lastModifiedDate":"2020-05-25","isFullCredit":false},{"lineNumber":37,"author":{"gitId":"-"},"content":"    exit 1","lastModifiedDate":"2020-05-25","isFullCredit":false},{"lineNumber":38,"author":{"gitId":"-"},"content":"fi","lastModifiedDate":"2020-05-25","isFullCredit":false}],"authorContributionMap":{"-":36,"HightechTR":2}}]
