[{"path":"src/main/java/trashpanbot/Text.java","fileType":"java","lines":[{"lineNumber":1,"author":{"gitId":"HightechTR"},"content":"package trashpanbot;","lastModifiedDate":"2025-02-13","isFullCredit":false},{"lineNumber":2,"author":{"gitId":"HightechTR"},"content":"","lastModifiedDate":"2025-02-13","isFullCredit":false},{"lineNumber":3,"author":{"gitId":"HightechTR"},"content":"public final class Text {","lastModifiedDate":"2025-02-01","isFullCredit":false},{"lineNumber":4,"author":{"gitId":"HightechTR"},"content":"    private Text() {","lastModifiedDate":"2025-02-01","isFullCredit":false},{"lineNumber":5,"author":{"gitId":"HightechTR"},"content":"    }","lastModifiedDate":"2025-01-31","isFullCredit":false},{"lineNumber":6,"author":{"gitId":"HightechTR"},"content":"","lastModifiedDate":"2025-01-31","isFullCredit":false},{"lineNumber":7,"author":{"gitId":"HightechTR"},"content":"    public static final String TASK_LIST \u003d \"\"\"","lastModifiedDate":"2025-02-07","isFullCredit":false},{"lineNumber":8,"author":{"gitId":"HightechTR"},"content":"            Current Mode: To-do List","lastModifiedDate":"2025-01-31","isFullCredit":false},{"lineNumber":9,"author":{"gitId":"HightechTR"},"content":"            A functional to-do list, storing up to 100 tasks.","lastModifiedDate":"2025-01-31","isFullCredit":false},{"lineNumber":10,"author":{"gitId":"HightechTR"},"content":"            Note: This program does not store tasks after exiting.\"\"\";","lastModifiedDate":"2025-02-06","isFullCredit":false},{"lineNumber":11,"author":{"gitId":"HightechTR"},"content":"","lastModifiedDate":"2025-01-31","isFullCredit":false},{"lineNumber":12,"author":{"gitId":"HightechTR"},"content":"    public static final String TASK_LIST_COMMANDS \u003d \"\"\"","lastModifiedDate":"2025-02-07","isFullCredit":false},{"lineNumber":13,"author":{"gitId":"HightechTR"},"content":"            Commands:","lastModifiedDate":"2025-01-31","isFullCredit":false},{"lineNumber":14,"author":{"gitId":"HightechTR"},"content":"            \"todo \u003cdescription\u003e\": Adds a todo task to the list","lastModifiedDate":"2025-02-06","isFullCredit":false},{"lineNumber":15,"author":{"gitId":"HightechTR"},"content":"            \"deadline \u003cdescription\u003e /by \u003cdue date\u003e\": Adds a deadline task to the list","lastModifiedDate":"2025-02-06","isFullCredit":false},{"lineNumber":16,"author":{"gitId":"HightechTR"},"content":"            \"event \u003cdescription\u003e /from \u003cstart date\u003e /to \u003cend date\u003e\": Adds a event task to the list","lastModifiedDate":"2025-02-06","isFullCredit":false},{"lineNumber":17,"author":{"gitId":"HightechTR"},"content":"            \"list\": Displays full list of tasks","lastModifiedDate":"2025-01-31","isFullCredit":false},{"lineNumber":18,"author":{"gitId":"HightechTR"},"content":"            \"remove \u003cnumber\u003e\": Removes the task labelled with the number","lastModifiedDate":"2025-02-20","isFullCredit":false},{"lineNumber":19,"author":{"gitId":"HightechTR"},"content":"            \"mark \u003cnumber\u003e\": Marks the task labelled with the number as done","lastModifiedDate":"2025-01-31","isFullCredit":false},{"lineNumber":20,"author":{"gitId":"HightechTR"},"content":"            \"unmark \u003cnumber\u003e\": Marks the task labelled with the number as not done","lastModifiedDate":"2025-01-31","isFullCredit":false},{"lineNumber":21,"author":{"gitId":"HightechTR"},"content":"            \"help\": Displays this command list","lastModifiedDate":"2025-02-06","isFullCredit":false},{"lineNumber":22,"author":{"gitId":"HightechTR"},"content":"            \"bye\": Exits the program\"\"\";","lastModifiedDate":"2025-02-06","isFullCredit":false},{"lineNumber":23,"author":{"gitId":"HightechTR"},"content":"","lastModifiedDate":"2025-01-31","isFullCredit":false},{"lineNumber":24,"author":{"gitId":"HightechTR"},"content":"    public static final String TASK_LIST_EMPTY \u003d \"Your list is empty!\";","lastModifiedDate":"2025-02-07","isFullCredit":false},{"lineNumber":25,"author":{"gitId":"HightechTR"},"content":"","lastModifiedDate":"2025-02-07","isFullCredit":false},{"lineNumber":26,"author":{"gitId":"HightechTR"},"content":"    public static final String TASK_LIST_DISPLAY \u003d \"Okay, here\u0027s your list:\";","lastModifiedDate":"2025-02-07","isFullCredit":false},{"lineNumber":27,"author":{"gitId":"HightechTR"},"content":"","lastModifiedDate":"2025-02-07","isFullCredit":false},{"lineNumber":28,"author":{"gitId":"HightechTR"},"content":"    public static final String TASK_ADDED \u003d \"Okay! I added this to the list:\";","lastModifiedDate":"2025-02-20","isFullCredit":false},{"lineNumber":29,"author":{"gitId":"HightechTR"},"content":"","lastModifiedDate":"2025-02-20","isFullCredit":false},{"lineNumber":30,"author":{"gitId":"HightechTR"},"content":"    public static final String TASK_REMOVED \u003d \"Okay! I threw this task into the bin:\";","lastModifiedDate":"2025-02-20","isFullCredit":false},{"lineNumber":31,"author":{"gitId":"HightechTR"},"content":"","lastModifiedDate":"2025-02-07","isFullCredit":false},{"lineNumber":32,"author":{"gitId":"HightechTR"},"content":"    public static final String TASK_MARK_NO_NUM \u003d \"\"\"","lastModifiedDate":"2025-02-07","isFullCredit":false},{"lineNumber":33,"author":{"gitId":"HightechTR"},"content":"            Oops, something is missing!","lastModifiedDate":"2025-02-13","isFullCredit":false},{"lineNumber":34,"author":{"gitId":"HightechTR"},"content":"            Command format: mark \u003cnumber\u003e\"\"\";","lastModifiedDate":"2025-02-13","isFullCredit":false},{"lineNumber":35,"author":{"gitId":"HightechTR"},"content":"","lastModifiedDate":"2025-02-12","isFullCredit":false},{"lineNumber":36,"author":{"gitId":"HightechTR"},"content":"    public static final String TASK_MARK_NOT_NUM \u003d \"\"\"","lastModifiedDate":"2025-02-12","isFullCredit":false},{"lineNumber":37,"author":{"gitId":"HightechTR"},"content":"            Oops, that\u0027s not a valid number!","lastModifiedDate":"2025-02-12","isFullCredit":false},{"lineNumber":38,"author":{"gitId":"HightechTR"},"content":"            Command format: mark \u003cnumber\u003e\"\"\";","lastModifiedDate":"2025-02-12","isFullCredit":false},{"lineNumber":39,"author":{"gitId":"HightechTR"},"content":"","lastModifiedDate":"2025-02-07","isFullCredit":false},{"lineNumber":40,"author":{"gitId":"HightechTR"},"content":"    public static final String TASK_MARK_OOB \u003d \"Oops! That\u0027s not in the list.\";","lastModifiedDate":"2025-02-07","isFullCredit":false},{"lineNumber":41,"author":{"gitId":"HightechTR"},"content":"","lastModifiedDate":"2025-02-07","isFullCredit":false},{"lineNumber":42,"author":{"gitId":"HightechTR"},"content":"    public static final String TASK_MARK_DONE \u003d \"Yay! I\u0027ve marked this task as done:\";","lastModifiedDate":"2025-02-07","isFullCredit":false},{"lineNumber":43,"author":{"gitId":"HightechTR"},"content":"","lastModifiedDate":"2025-02-07","isFullCredit":false},{"lineNumber":44,"author":{"gitId":"HightechTR"},"content":"    public static final String TASK_MARK_UNDONE \u003d \"Ganbaraki! I\u0027ve unmarked this task as not done:\";","lastModifiedDate":"2025-02-07","isFullCredit":false},{"lineNumber":45,"author":{"gitId":"HightechTR"},"content":"","lastModifiedDate":"2025-02-07","isFullCredit":false},{"lineNumber":46,"author":{"gitId":"HightechTR"},"content":"    public static final String TODO_MISSING \u003d \"\"\"","lastModifiedDate":"2025-02-13","isFullCredit":false},{"lineNumber":47,"author":{"gitId":"HightechTR"},"content":"            Oops, something is missing!","lastModifiedDate":"2025-02-13","isFullCredit":false},{"lineNumber":48,"author":{"gitId":"HightechTR"},"content":"            Command format: todo \u003cdescription\u003e\"\"\";","lastModifiedDate":"2025-02-07","isFullCredit":false},{"lineNumber":49,"author":{"gitId":"HightechTR"},"content":"","lastModifiedDate":"2025-02-07","isFullCredit":false},{"lineNumber":50,"author":{"gitId":"HightechTR"},"content":"    public static final String DEADLINE_MISSING \u003d \"\"\"","lastModifiedDate":"2025-02-13","isFullCredit":false},{"lineNumber":51,"author":{"gitId":"HightechTR"},"content":"            Oops, something is missing!","lastModifiedDate":"2025-02-13","isFullCredit":false},{"lineNumber":52,"author":{"gitId":"HightechTR"},"content":"            Command format: deadline \u003cdescription\u003e /by \u003cdue date\u003e\"\"\";","lastModifiedDate":"2025-02-07","isFullCredit":false},{"lineNumber":53,"author":{"gitId":"HightechTR"},"content":"","lastModifiedDate":"2025-02-07","isFullCredit":false},{"lineNumber":54,"author":{"gitId":"HightechTR"},"content":"    public static final String EVENT_MISSING \u003d \"\"\"","lastModifiedDate":"2025-02-13","isFullCredit":false},{"lineNumber":55,"author":{"gitId":"HightechTR"},"content":"            Oops, something is missing!","lastModifiedDate":"2025-02-13","isFullCredit":false},{"lineNumber":56,"author":{"gitId":"HightechTR"},"content":"            Command format: event \u003cdescription\u003e /from \u003cstart date\u003e /to \u003cend date\u003e\"\"\";","lastModifiedDate":"2025-02-07","isFullCredit":false},{"lineNumber":57,"author":{"gitId":"HightechTR"},"content":"","lastModifiedDate":"2025-02-07","isFullCredit":false},{"lineNumber":58,"author":{"gitId":"HightechTR"},"content":"    public static final String COMMAND_INVALID \u003d \"\"\"","lastModifiedDate":"2025-02-13","isFullCredit":false},{"lineNumber":59,"author":{"gitId":"HightechTR"},"content":"            Eh? I don\u0027t know what that means...","lastModifiedDate":"2025-02-13","isFullCredit":false},{"lineNumber":60,"author":{"gitId":"HightechTR"},"content":"            Try running help for the list of commands!\"\"\";","lastModifiedDate":"2025-02-13","isFullCredit":false},{"lineNumber":61,"author":{"gitId":"HightechTR"},"content":"","lastModifiedDate":"2025-02-07","isFullCredit":false},{"lineNumber":62,"author":{"gitId":"HightechTR"},"content":"    public static final String INTRO \u003d \"\"\"","lastModifiedDate":"2025-02-07","isFullCredit":false},{"lineNumber":63,"author":{"gitId":"HightechTR"},"content":"            This bot is based on the personality of Raki Kazuki from PixelLink.","lastModifiedDate":"2025-01-31","isFullCredit":false},{"lineNumber":64,"author":{"gitId":"HightechTR"},"content":"            ","lastModifiedDate":"2025-02-12","isFullCredit":false},{"lineNumber":65,"author":{"gitId":"HightechTR"},"content":"            ⣿⣿⣿⡟⣛⠻⣿⣿⣿⣿⣿⣿⣿⣿⣿⣿⡿⠿⠻⣿⣿","lastModifiedDate":"2025-02-06","isFullCredit":false},{"lineNumber":66,"author":{"gitId":"HightechTR"},"content":"            ⣿⣿⣿⡇⠀⠱⡤⢉⣛⠛⠛⠛⠿⠿⢋⣡⠖⠊⠁⢸⣿","lastModifiedDate":"2025-02-06","isFullCredit":false},{"lineNumber":67,"author":{"gitId":"HightechTR"},"content":"            ⣿⣿⣿⣧⠡⢠⣾⣿⣧⣶⣿⣿⣿⣦⣾⠁⠀⠀⠆⣿⣿","lastModifiedDate":"2025-02-06","isFullCredit":false},{"lineNumber":68,"author":{"gitId":"HightechTR"},"content":"            ⣿⣿⣿⠋⡴⠙⢻⡿⣿⣿⡿⠿⠿⣿⣿⣦⡀⠞⣼⣿⣿","lastModifiedDate":"2025-02-06","isFullCredit":false},{"lineNumber":69,"author":{"gitId":"HightechTR"},"content":"            ⣿⠟⢡⠞⠀⣠⠄⢹⠟⠁⣀⣀⠈⠲⣿⣿⣷⡌⢻⣿⣿","lastModifiedDate":"2025-02-06","isFullCredit":false},{"lineNumber":70,"author":{"gitId":"HightechTR"},"content":"            ⡁⠐⣧⠀⢀⠀⠀⢀⡀⠀⠿⠀⠀⠀⠀⢙⣿⣿⣆⠹⣿⣿","lastModifiedDate":"2025-02-06","isFullCredit":false},{"lineNumber":71,"author":{"gitId":"HightechTR"},"content":"            ⣿⣦⡘⠀⠀⠀⣿⣿⣷⣄⡀⠀⠀⠀⢀⣴⣿⣿⡿⠧⠘","lastModifiedDate":"2025-02-06","isFullCredit":false},{"lineNumber":72,"author":{"gitId":"HightechTR"},"content":"            ⣿⣿⣷⣄⠐⠺⣿⣿⠯⠛⣿⣶⣶⣶⣿⡿⠟⢋⣠⣴⣾","lastModifiedDate":"2025-02-06","isFullCredit":false},{"lineNumber":73,"author":{"gitId":"HightechTR"},"content":"            ⣿⣿⣿⣿⣷⡀⠒⠶⠾⠛⣋⣁⣉⣭⣤⣶⣾⣿⣿⣿⣿","lastModifiedDate":"2025-02-06","isFullCredit":false},{"lineNumber":74,"author":{"gitId":"HightechTR"},"content":"            ","lastModifiedDate":"2025-01-31","isFullCredit":false},{"lineNumber":75,"author":{"gitId":"HightechTR"},"content":"            Raah! I\u0027m TrashpanBot!","lastModifiedDate":"2025-01-31","isFullCredit":false},{"lineNumber":76,"author":{"gitId":"HightechTR"},"content":"            What can I do for you today?","lastModifiedDate":"2025-01-31","isFullCredit":false},{"lineNumber":77,"author":{"gitId":"HightechTR"},"content":"            __________________________________________________","lastModifiedDate":"2025-01-31","isFullCredit":false},{"lineNumber":78,"author":{"gitId":"HightechTR"},"content":"            \"\"\";","lastModifiedDate":"2025-01-31","isFullCredit":false},{"lineNumber":79,"author":{"gitId":"HightechTR"},"content":"","lastModifiedDate":"2025-01-31","isFullCredit":false},{"lineNumber":80,"author":{"gitId":"HightechTR"},"content":"    // todo: new logo","lastModifiedDate":"2025-02-12","isFullCredit":false},{"lineNumber":81,"author":{"gitId":"HightechTR"},"content":"","lastModifiedDate":"2025-02-12","isFullCredit":false},{"lineNumber":82,"author":{"gitId":"HightechTR"},"content":"    public static final String BYE \u003d \"\"\"","lastModifiedDate":"2025-02-07","isFullCredit":false},{"lineNumber":83,"author":{"gitId":"HightechTR"},"content":"            Otsuraki! See you soon!","lastModifiedDate":"2025-01-31","isFullCredit":false},{"lineNumber":84,"author":{"gitId":"HightechTR"},"content":"            __________________________________________________","lastModifiedDate":"2025-01-31","isFullCredit":false},{"lineNumber":85,"author":{"gitId":"HightechTR"},"content":"            \"\"\";","lastModifiedDate":"2025-01-31","isFullCredit":false},{"lineNumber":86,"author":{"gitId":"HightechTR"},"content":"","lastModifiedDate":"2025-01-31","isFullCredit":false},{"lineNumber":87,"author":{"gitId":"HightechTR"},"content":"    public static final String LINE \u003d","lastModifiedDate":"2025-02-07","isFullCredit":false},{"lineNumber":88,"author":{"gitId":"HightechTR"},"content":"            \"__________________________________________________\";","lastModifiedDate":"2025-01-31","isFullCredit":false},{"lineNumber":89,"author":{"gitId":"HightechTR"},"content":"}","lastModifiedDate":"2025-01-31","isFullCredit":false}],"authorContributionMap":{"HightechTR":89}},{"path":"src/main/java/trashpanbot/TrashpanMain.java","fileType":"java","lines":[{"lineNumber":1,"author":{"gitId":"HightechTR"},"content":"package trashpanbot;","lastModifiedDate":"2025-02-13","isFullCredit":false},{"lineNumber":2,"author":{"gitId":"HightechTR"},"content":"","lastModifiedDate":"2025-02-13","isFullCredit":false},{"lineNumber":3,"author":{"gitId":"HightechTR"},"content":"import java.util.Scanner;","lastModifiedDate":"2025-01-30","isFullCredit":false},{"lineNumber":4,"author":{"gitId":"HightechTR"},"content":"","lastModifiedDate":"2025-01-30","isFullCredit":false},{"lineNumber":5,"author":{"gitId":"HightechTR"},"content":"import trashpanbot.task.*;","lastModifiedDate":"2025-02-13","isFullCredit":false},{"lineNumber":6,"author":{"gitId":"HightechTR"},"content":"","lastModifiedDate":"2025-02-07","isFullCredit":false},{"lineNumber":7,"author":{"gitId":"HightechTR"},"content":"import java.util.ArrayList;","lastModifiedDate":"2025-02-20","isFullCredit":false},{"lineNumber":8,"author":{"gitId":"HightechTR"},"content":"","lastModifiedDate":"2025-02-20","isFullCredit":false},{"lineNumber":9,"author":{"gitId":"HightechTR"},"content":"public class TrashpanMain {","lastModifiedDate":"2025-02-13","isFullCredit":false},{"lineNumber":10,"author":{"gitId":"HightechTR"},"content":"    static String userInput;","lastModifiedDate":"2025-02-06","isFullCredit":false},{"lineNumber":11,"author":{"gitId":"HightechTR"},"content":"    static Scanner in \u003d new Scanner(System.in);","lastModifiedDate":"2025-02-07","isFullCredit":false},{"lineNumber":12,"author":{"gitId":"HightechTR"},"content":"    static boolean isRunning \u003d true;","lastModifiedDate":"2025-02-11","isFullCredit":false},{"lineNumber":13,"author":{"gitId":"HightechTR"},"content":"","lastModifiedDate":"2025-02-13","isFullCredit":false},{"lineNumber":14,"author":{"gitId":"HightechTR"},"content":"    public static ArrayList\u003cTask\u003e tasks \u003d new ArrayList\u003c\u003e();","lastModifiedDate":"2025-02-21","isFullCredit":false},{"lineNumber":15,"author":{"gitId":"HightechTR"},"content":"","lastModifiedDate":"2025-02-06","isFullCredit":false},{"lineNumber":16,"author":{"gitId":"HightechTR"},"content":"    /**","lastModifiedDate":"2025-01-31","isFullCredit":false},{"lineNumber":17,"author":{"gitId":"HightechTR"},"content":"     * Reads in an input and parses it into command and parameter.","lastModifiedDate":"2025-02-07","isFullCredit":false},{"lineNumber":18,"author":{"gitId":"HightechTR"},"content":"     *","lastModifiedDate":"2025-02-01","isFullCredit":false},{"lineNumber":19,"author":{"gitId":"HightechTR"},"content":"     * @return The string array containing the command and parameter","lastModifiedDate":"2025-02-07","isFullCredit":false},{"lineNumber":20,"author":{"gitId":"HightechTR"},"content":"     */","lastModifiedDate":"2025-01-31","isFullCredit":false},{"lineNumber":21,"author":{"gitId":"HightechTR"},"content":"    public static String[] readInput() {","lastModifiedDate":"2025-02-07","isFullCredit":false},{"lineNumber":22,"author":{"gitId":"HightechTR"},"content":"        userInput \u003d in.nextLine();","lastModifiedDate":"2025-02-06","isFullCredit":false},{"lineNumber":23,"author":{"gitId":"HightechTR"},"content":"        return userInput.split(\" \", 2);","lastModifiedDate":"2025-02-07","isFullCredit":false},{"lineNumber":24,"author":{"gitId":"HightechTR"},"content":"    }","lastModifiedDate":"2025-02-01","isFullCredit":false},{"lineNumber":25,"author":{"gitId":"HightechTR"},"content":"","lastModifiedDate":"2025-02-01","isFullCredit":false},{"lineNumber":26,"author":{"gitId":"HightechTR"},"content":"    /**","lastModifiedDate":"2025-02-12","isFullCredit":false},{"lineNumber":27,"author":{"gitId":"HightechTR"},"content":"     * Exits the program.dd","lastModifiedDate":"2025-02-12","isFullCredit":false},{"lineNumber":28,"author":{"gitId":"HightechTR"},"content":"     */","lastModifiedDate":"2025-02-12","isFullCredit":false},{"lineNumber":29,"author":{"gitId":"HightechTR"},"content":"    public static void exitProgram() {","lastModifiedDate":"2025-02-11","isFullCredit":false},{"lineNumber":30,"author":{"gitId":"HightechTR"},"content":"        System.out.println(Text.BYE);","lastModifiedDate":"2025-02-11","isFullCredit":false},{"lineNumber":31,"author":{"gitId":"HightechTR"},"content":"        isRunning \u003d false;","lastModifiedDate":"2025-02-11","isFullCredit":false},{"lineNumber":32,"author":{"gitId":"HightechTR"},"content":"        System.exit(0);","lastModifiedDate":"2025-02-11","isFullCredit":false},{"lineNumber":33,"author":{"gitId":"HightechTR"},"content":"    }","lastModifiedDate":"2025-02-11","isFullCredit":false},{"lineNumber":34,"author":{"gitId":"HightechTR"},"content":"","lastModifiedDate":"2025-02-11","isFullCredit":false},{"lineNumber":35,"author":{"gitId":"HightechTR"},"content":"    /**","lastModifiedDate":"2025-02-01","isFullCredit":false},{"lineNumber":36,"author":{"gitId":"HightechTR"},"content":"     * Calls methods for the task list application based on the command inputted.","lastModifiedDate":"2025-02-07","isFullCredit":false},{"lineNumber":37,"author":{"gitId":"HightechTR"},"content":"     */","lastModifiedDate":"2025-02-01","isFullCredit":false},{"lineNumber":38,"author":{"gitId":"HightechTR"},"content":"    public static void parseTaskListCommand() {","lastModifiedDate":"2025-02-01","isFullCredit":false},{"lineNumber":39,"author":{"gitId":"HightechTR"},"content":"        String[] inputParts;","lastModifiedDate":"2025-02-07","isFullCredit":false},{"lineNumber":40,"author":{"gitId":"HightechTR"},"content":"        String command;","lastModifiedDate":"2025-02-01","isFullCredit":false},{"lineNumber":41,"author":{"gitId":"HightechTR"},"content":"","lastModifiedDate":"2025-02-01","isFullCredit":false},{"lineNumber":42,"author":{"gitId":"HightechTR"},"content":"        while (isRunning) {","lastModifiedDate":"2025-02-11","isFullCredit":false},{"lineNumber":43,"author":{"gitId":"HightechTR"},"content":"            System.out.println(Text.LINE);","lastModifiedDate":"2025-02-07","isFullCredit":false},{"lineNumber":44,"author":{"gitId":"HightechTR"},"content":"            inputParts \u003d readInput();","lastModifiedDate":"2025-02-07","isFullCredit":false},{"lineNumber":45,"author":{"gitId":"HightechTR"},"content":"            command \u003d inputParts[0];","lastModifiedDate":"2025-02-07","isFullCredit":false},{"lineNumber":46,"author":{"gitId":"HightechTR"},"content":"            System.out.println(Text.LINE);","lastModifiedDate":"2025-02-07","isFullCredit":false},{"lineNumber":47,"author":{"gitId":"HightechTR"},"content":"","lastModifiedDate":"2025-01-31","isFullCredit":false},{"lineNumber":48,"author":{"gitId":"HightechTR"},"content":"            switch (command) {","lastModifiedDate":"2025-01-30","isFullCredit":false},{"lineNumber":49,"author":{"gitId":"HightechTR"},"content":"            case \"todo\" -\u003e Todo.addTodo(inputParts);","lastModifiedDate":"2025-02-11","isFullCredit":false},{"lineNumber":50,"author":{"gitId":"HightechTR"},"content":"            case \"deadline\" -\u003e Deadline.addDeadline(inputParts);","lastModifiedDate":"2025-02-12","isFullCredit":false},{"lineNumber":51,"author":{"gitId":"HightechTR"},"content":"            case \"event\" -\u003e Event.addEvent(inputParts);","lastModifiedDate":"2025-02-11","isFullCredit":false},{"lineNumber":52,"author":{"gitId":"HightechTR"},"content":"            case \"remove\" -\u003e Task.removeTask(inputParts);","lastModifiedDate":"2025-02-20","isFullCredit":false},{"lineNumber":53,"author":{"gitId":"HightechTR"},"content":"            case \"list\" -\u003e Task.displayList();","lastModifiedDate":"2025-02-11","isFullCredit":false},{"lineNumber":54,"author":{"gitId":"HightechTR"},"content":"            case \"mark\" -\u003e Task.markTask(inputParts, true);","lastModifiedDate":"2025-02-11","isFullCredit":false},{"lineNumber":55,"author":{"gitId":"HightechTR"},"content":"            case \"unmark\" -\u003e Task.markTask(inputParts, false);","lastModifiedDate":"2025-02-11","isFullCredit":false},{"lineNumber":56,"author":{"gitId":"HightechTR"},"content":"            case \"help\" -\u003e System.out.println(Text.TASK_LIST_COMMANDS);","lastModifiedDate":"2025-02-11","isFullCredit":false},{"lineNumber":57,"author":{"gitId":"HightechTR"},"content":"            case \"bye\" -\u003e exitProgram();","lastModifiedDate":"2025-02-11","isFullCredit":false},{"lineNumber":58,"author":{"gitId":"HightechTR"},"content":"            default -\u003e System.out.println(Text.COMMAND_INVALID);","lastModifiedDate":"2025-02-11","isFullCredit":false},{"lineNumber":59,"author":{"gitId":"HightechTR"},"content":"            }","lastModifiedDate":"2025-01-31","isFullCredit":false},{"lineNumber":60,"author":{"gitId":"HightechTR"},"content":"        }","lastModifiedDate":"2025-01-31","isFullCredit":false},{"lineNumber":61,"author":{"gitId":"HightechTR"},"content":"    }","lastModifiedDate":"2025-01-31","isFullCredit":false},{"lineNumber":62,"author":{"gitId":"HightechTR"},"content":"","lastModifiedDate":"2025-01-31","isFullCredit":false},{"lineNumber":63,"author":{"gitId":"HightechTR"},"content":"    public static void main(String[] args) {","lastModifiedDate":"2025-01-31","isFullCredit":false},{"lineNumber":64,"author":{"gitId":"HightechTR"},"content":"        System.out.println(Text.INTRO);","lastModifiedDate":"2025-02-07","isFullCredit":false},{"lineNumber":65,"author":{"gitId":"HightechTR"},"content":"","lastModifiedDate":"2025-01-31","isFullCredit":false},{"lineNumber":66,"author":{"gitId":"HightechTR"},"content":"        System.out.println(Text.TASK_LIST);","lastModifiedDate":"2025-02-07","isFullCredit":false},{"lineNumber":67,"author":{"gitId":"HightechTR"},"content":"        System.out.println(Text.TASK_LIST_COMMANDS);","lastModifiedDate":"2025-02-07","isFullCredit":false},{"lineNumber":68,"author":{"gitId":"HightechTR"},"content":"        parseTaskListCommand();","lastModifiedDate":"2025-02-01","isFullCredit":false},{"lineNumber":69,"author":{"gitId":"HightechTR"},"content":"    }","lastModifiedDate":"2025-01-23","isFullCredit":false},{"lineNumber":70,"author":{"gitId":"HightechTR"},"content":"}","lastModifiedDate":"2025-01-23","isFullCredit":false}],"authorContributionMap":{"HightechTR":70}},{"path":"src/main/java/trashpanbot/exception/StringArrayEmptyException.java","fileType":"java","lines":[{"lineNumber":1,"author":{"gitId":"HightechTR"},"content":"package trashpanbot.exception;","lastModifiedDate":"2025-02-14","isFullCredit":false},{"lineNumber":2,"author":{"gitId":"HightechTR"},"content":"","lastModifiedDate":"2025-02-13","isFullCredit":false},{"lineNumber":3,"author":{"gitId":"HightechTR"},"content":"public class StringArrayEmptyException extends IndexOutOfBoundsException {","lastModifiedDate":"2025-02-13","isFullCredit":false},{"lineNumber":4,"author":{"gitId":"HightechTR"},"content":"    // Exception thrown when a String in a parsed String input array is empty.","lastModifiedDate":"2025-02-13","isFullCredit":false},{"lineNumber":5,"author":{"gitId":"HightechTR"},"content":"    // Extends IndexOutOfBoundsException for catch statement to catch both","lastModifiedDate":"2025-02-13","isFullCredit":false},{"lineNumber":6,"author":{"gitId":"HightechTR"},"content":"    // ArrayIndexOutOfBoundsException and this exception.","lastModifiedDate":"2025-02-13","isFullCredit":false},{"lineNumber":7,"author":{"gitId":"HightechTR"},"content":"}","lastModifiedDate":"2025-02-13","isFullCredit":false}],"authorContributionMap":{"HightechTR":7}},{"path":"src/main/java/trashpanbot/task/Deadline.java","fileType":"java","lines":[{"lineNumber":1,"author":{"gitId":"HightechTR"},"content":"package trashpanbot.task;","lastModifiedDate":"2025-02-13","isFullCredit":false},{"lineNumber":2,"author":{"gitId":"HightechTR"},"content":"","lastModifiedDate":"2025-02-13","isFullCredit":false},{"lineNumber":3,"author":{"gitId":"HightechTR"},"content":"import trashpanbot.*;","lastModifiedDate":"2025-02-13","isFullCredit":false},{"lineNumber":4,"author":{"gitId":"HightechTR"},"content":"","lastModifiedDate":"2025-02-13","isFullCredit":false},{"lineNumber":5,"author":{"gitId":"HightechTR"},"content":"public class Deadline extends Task {","lastModifiedDate":"2025-02-06","isFullCredit":false},{"lineNumber":6,"author":{"gitId":"HightechTR"},"content":"    private final String deadline;","lastModifiedDate":"2025-02-13","isFullCredit":false},{"lineNumber":7,"author":{"gitId":"HightechTR"},"content":"","lastModifiedDate":"2025-02-06","isFullCredit":false},{"lineNumber":8,"author":{"gitId":"HightechTR"},"content":"    public Deadline(String description, String deadline) {","lastModifiedDate":"2025-02-06","isFullCredit":false},{"lineNumber":9,"author":{"gitId":"HightechTR"},"content":"        super(description);","lastModifiedDate":"2025-02-06","isFullCredit":false},{"lineNumber":10,"author":{"gitId":"HightechTR"},"content":"        this.deadline \u003d deadline;","lastModifiedDate":"2025-02-06","isFullCredit":false},{"lineNumber":11,"author":{"gitId":"HightechTR"},"content":"    }","lastModifiedDate":"2025-02-06","isFullCredit":false},{"lineNumber":12,"author":{"gitId":"HightechTR"},"content":"","lastModifiedDate":"2025-02-06","isFullCredit":false},{"lineNumber":13,"author":{"gitId":"HightechTR"},"content":"    @Override","lastModifiedDate":"2025-02-06","isFullCredit":false},{"lineNumber":14,"author":{"gitId":"HightechTR"},"content":"    public String getTypeIcon() {","lastModifiedDate":"2025-02-06","isFullCredit":false},{"lineNumber":15,"author":{"gitId":"HightechTR"},"content":"        return \"D\";","lastModifiedDate":"2025-02-06","isFullCredit":false},{"lineNumber":16,"author":{"gitId":"HightechTR"},"content":"    }","lastModifiedDate":"2025-02-06","isFullCredit":false},{"lineNumber":17,"author":{"gitId":"HightechTR"},"content":"","lastModifiedDate":"2025-02-06","isFullCredit":false},{"lineNumber":18,"author":{"gitId":"HightechTR"},"content":"    @Override","lastModifiedDate":"2025-02-06","isFullCredit":false},{"lineNumber":19,"author":{"gitId":"HightechTR"},"content":"    public String getDate() {","lastModifiedDate":"2025-02-06","isFullCredit":false},{"lineNumber":20,"author":{"gitId":"HightechTR"},"content":"        return \" (by: \" + deadline + \")\";","lastModifiedDate":"2025-02-06","isFullCredit":false},{"lineNumber":21,"author":{"gitId":"HightechTR"},"content":"    }","lastModifiedDate":"2025-02-06","isFullCredit":false},{"lineNumber":22,"author":{"gitId":"HightechTR"},"content":"","lastModifiedDate":"2025-02-06","isFullCredit":false},{"lineNumber":23,"author":{"gitId":"HightechTR"},"content":"    /**","lastModifiedDate":"2025-02-06","isFullCredit":false},{"lineNumber":24,"author":{"gitId":"HightechTR"},"content":"     * Adds a deadline to the task list.","lastModifiedDate":"2025-02-06","isFullCredit":false},{"lineNumber":25,"author":{"gitId":"HightechTR"},"content":"     *","lastModifiedDate":"2025-02-06","isFullCredit":false},{"lineNumber":26,"author":{"gitId":"HightechTR"},"content":"     * @param inputParts The input string array containing the task to be added to the list.","lastModifiedDate":"2025-02-07","isFullCredit":false},{"lineNumber":27,"author":{"gitId":"HightechTR"},"content":"     */","lastModifiedDate":"2025-02-06","isFullCredit":false},{"lineNumber":28,"author":{"gitId":"HightechTR"},"content":"    public static void addDeadline(String[] inputParts) {","lastModifiedDate":"2025-02-07","isFullCredit":false},{"lineNumber":29,"author":{"gitId":"HightechTR"},"content":"        String[] parameterParts;","lastModifiedDate":"2025-02-13","isFullCredit":false},{"lineNumber":30,"author":{"gitId":"HightechTR"},"content":"        String description;","lastModifiedDate":"2025-02-13","isFullCredit":false},{"lineNumber":31,"author":{"gitId":"HightechTR"},"content":"        String deadline;","lastModifiedDate":"2025-02-13","isFullCredit":false},{"lineNumber":32,"author":{"gitId":"HightechTR"},"content":"","lastModifiedDate":"2025-02-06","isFullCredit":false},{"lineNumber":33,"author":{"gitId":"HightechTR"},"content":"        // check if parameters are non-empty","lastModifiedDate":"2025-02-13","isFullCredit":false},{"lineNumber":34,"author":{"gitId":"HightechTR"},"content":"        try {","lastModifiedDate":"2025-02-13","isFullCredit":false},{"lineNumber":35,"author":{"gitId":"HightechTR"},"content":"            parameterParts \u003d inputParts[1].split(\" /by \", 2);","lastModifiedDate":"2025-02-13","isFullCredit":false},{"lineNumber":36,"author":{"gitId":"HightechTR"},"content":"            description \u003d checkEmpty(parameterParts[0]);","lastModifiedDate":"2025-02-13","isFullCredit":false},{"lineNumber":37,"author":{"gitId":"HightechTR"},"content":"            deadline \u003d checkEmpty(parameterParts[1]);","lastModifiedDate":"2025-02-13","isFullCredit":false},{"lineNumber":38,"author":{"gitId":"HightechTR"},"content":"        } catch (IndexOutOfBoundsException e) {","lastModifiedDate":"2025-02-13","isFullCredit":false},{"lineNumber":39,"author":{"gitId":"HightechTR"},"content":"            System.out.println(Text.DEADLINE_MISSING);","lastModifiedDate":"2025-02-13","isFullCredit":false},{"lineNumber":40,"author":{"gitId":"HightechTR"},"content":"            return;","lastModifiedDate":"2025-02-07","isFullCredit":false},{"lineNumber":41,"author":{"gitId":"HightechTR"},"content":"        }","lastModifiedDate":"2025-02-07","isFullCredit":false},{"lineNumber":42,"author":{"gitId":"HightechTR"},"content":"","lastModifiedDate":"2025-02-06","isFullCredit":false},{"lineNumber":43,"author":{"gitId":"HightechTR"},"content":"        TrashpanMain.tasks.add(new Deadline(description, deadline));","lastModifiedDate":"2025-02-20","isFullCredit":false},{"lineNumber":44,"author":{"gitId":"HightechTR"},"content":"        printAddedText();","lastModifiedDate":"2025-02-06","isFullCredit":false},{"lineNumber":45,"author":{"gitId":"HightechTR"},"content":"    }","lastModifiedDate":"2025-02-06","isFullCredit":false},{"lineNumber":46,"author":{"gitId":"HightechTR"},"content":"}","lastModifiedDate":"2025-02-06","isFullCredit":false}],"authorContributionMap":{"HightechTR":46}},{"path":"src/main/java/trashpanbot/task/Event.java","fileType":"java","lines":[{"lineNumber":1,"author":{"gitId":"HightechTR"},"content":"package trashpanbot.task;","lastModifiedDate":"2025-02-13","isFullCredit":false},{"lineNumber":2,"author":{"gitId":"HightechTR"},"content":"","lastModifiedDate":"2025-02-13","isFullCredit":false},{"lineNumber":3,"author":{"gitId":"HightechTR"},"content":"import trashpanbot.*;","lastModifiedDate":"2025-02-13","isFullCredit":false},{"lineNumber":4,"author":{"gitId":"HightechTR"},"content":"","lastModifiedDate":"2025-02-13","isFullCredit":false},{"lineNumber":5,"author":{"gitId":"HightechTR"},"content":"public class Event extends Task {","lastModifiedDate":"2025-02-06","isFullCredit":false},{"lineNumber":6,"author":{"gitId":"HightechTR"},"content":"    private final String from;","lastModifiedDate":"2025-02-13","isFullCredit":false},{"lineNumber":7,"author":{"gitId":"HightechTR"},"content":"    private final String to;","lastModifiedDate":"2025-02-13","isFullCredit":false},{"lineNumber":8,"author":{"gitId":"HightechTR"},"content":"","lastModifiedDate":"2025-02-06","isFullCredit":false},{"lineNumber":9,"author":{"gitId":"HightechTR"},"content":"    public Event(String description, String from, String to) {","lastModifiedDate":"2025-02-06","isFullCredit":false},{"lineNumber":10,"author":{"gitId":"HightechTR"},"content":"        super(description);","lastModifiedDate":"2025-02-06","isFullCredit":false},{"lineNumber":11,"author":{"gitId":"HightechTR"},"content":"        this.from \u003d from;","lastModifiedDate":"2025-02-06","isFullCredit":false},{"lineNumber":12,"author":{"gitId":"HightechTR"},"content":"        this.to \u003d to;","lastModifiedDate":"2025-02-06","isFullCredit":false},{"lineNumber":13,"author":{"gitId":"HightechTR"},"content":"    }","lastModifiedDate":"2025-02-06","isFullCredit":false},{"lineNumber":14,"author":{"gitId":"HightechTR"},"content":"","lastModifiedDate":"2025-02-06","isFullCredit":false},{"lineNumber":15,"author":{"gitId":"HightechTR"},"content":"    @Override","lastModifiedDate":"2025-02-06","isFullCredit":false},{"lineNumber":16,"author":{"gitId":"HightechTR"},"content":"    public String getTypeIcon() {","lastModifiedDate":"2025-02-06","isFullCredit":false},{"lineNumber":17,"author":{"gitId":"HightechTR"},"content":"        return \"E\";","lastModifiedDate":"2025-02-06","isFullCredit":false},{"lineNumber":18,"author":{"gitId":"HightechTR"},"content":"    }","lastModifiedDate":"2025-02-06","isFullCredit":false},{"lineNumber":19,"author":{"gitId":"HightechTR"},"content":"","lastModifiedDate":"2025-02-06","isFullCredit":false},{"lineNumber":20,"author":{"gitId":"HightechTR"},"content":"    @Override","lastModifiedDate":"2025-02-06","isFullCredit":false},{"lineNumber":21,"author":{"gitId":"HightechTR"},"content":"    public String getDate() {","lastModifiedDate":"2025-02-06","isFullCredit":false},{"lineNumber":22,"author":{"gitId":"HightechTR"},"content":"        return \" (from: \" + from + \" to: \" + to + \")\";","lastModifiedDate":"2025-02-06","isFullCredit":false},{"lineNumber":23,"author":{"gitId":"HightechTR"},"content":"    }","lastModifiedDate":"2025-02-06","isFullCredit":false},{"lineNumber":24,"author":{"gitId":"HightechTR"},"content":"","lastModifiedDate":"2025-02-06","isFullCredit":false},{"lineNumber":25,"author":{"gitId":"HightechTR"},"content":"    /**","lastModifiedDate":"2025-02-06","isFullCredit":false},{"lineNumber":26,"author":{"gitId":"HightechTR"},"content":"     * Adds an event to the list.","lastModifiedDate":"2025-02-06","isFullCredit":false},{"lineNumber":27,"author":{"gitId":"HightechTR"},"content":"     *","lastModifiedDate":"2025-02-06","isFullCredit":false},{"lineNumber":28,"author":{"gitId":"HightechTR"},"content":"     * @param inputParts The input string array containing the task to be added to the list.","lastModifiedDate":"2025-02-07","isFullCredit":false},{"lineNumber":29,"author":{"gitId":"HightechTR"},"content":"     */","lastModifiedDate":"2025-02-06","isFullCredit":false},{"lineNumber":30,"author":{"gitId":"HightechTR"},"content":"    public static void addEvent(String[] inputParts) {","lastModifiedDate":"2025-02-07","isFullCredit":false},{"lineNumber":31,"author":{"gitId":"HightechTR"},"content":"        String[] parameterParts;","lastModifiedDate":"2025-02-13","isFullCredit":false},{"lineNumber":32,"author":{"gitId":"HightechTR"},"content":"        String description;","lastModifiedDate":"2025-02-13","isFullCredit":false},{"lineNumber":33,"author":{"gitId":"HightechTR"},"content":"        String from;","lastModifiedDate":"2025-02-13","isFullCredit":false},{"lineNumber":34,"author":{"gitId":"HightechTR"},"content":"        String to;","lastModifiedDate":"2025-02-13","isFullCredit":false},{"lineNumber":35,"author":{"gitId":"HightechTR"},"content":"","lastModifiedDate":"2025-02-06","isFullCredit":false},{"lineNumber":36,"author":{"gitId":"HightechTR"},"content":"        try {","lastModifiedDate":"2025-02-13","isFullCredit":false},{"lineNumber":37,"author":{"gitId":"HightechTR"},"content":"            parameterParts \u003d inputParts[1].split(\" /from | /to \", 3);","lastModifiedDate":"2025-02-13","isFullCredit":false},{"lineNumber":38,"author":{"gitId":"HightechTR"},"content":"            description \u003d checkEmpty(parameterParts[0]);","lastModifiedDate":"2025-02-13","isFullCredit":false},{"lineNumber":39,"author":{"gitId":"HightechTR"},"content":"            from \u003d checkEmpty(parameterParts[1]);","lastModifiedDate":"2025-02-13","isFullCredit":false},{"lineNumber":40,"author":{"gitId":"HightechTR"},"content":"            to \u003d checkEmpty(parameterParts[2]);","lastModifiedDate":"2025-02-13","isFullCredit":false},{"lineNumber":41,"author":{"gitId":"HightechTR"},"content":"        } catch (IndexOutOfBoundsException e) {","lastModifiedDate":"2025-02-13","isFullCredit":false},{"lineNumber":42,"author":{"gitId":"HightechTR"},"content":"            System.out.println(Text.EVENT_MISSING);","lastModifiedDate":"2025-02-13","isFullCredit":false},{"lineNumber":43,"author":{"gitId":"HightechTR"},"content":"            return;","lastModifiedDate":"2025-02-07","isFullCredit":false},{"lineNumber":44,"author":{"gitId":"HightechTR"},"content":"        }","lastModifiedDate":"2025-02-07","isFullCredit":false},{"lineNumber":45,"author":{"gitId":"HightechTR"},"content":"","lastModifiedDate":"2025-02-07","isFullCredit":false},{"lineNumber":46,"author":{"gitId":"HightechTR"},"content":"        TrashpanMain.tasks.add(new Event(description, from, to));","lastModifiedDate":"2025-02-20","isFullCredit":false},{"lineNumber":47,"author":{"gitId":"HightechTR"},"content":"        printAddedText();","lastModifiedDate":"2025-02-06","isFullCredit":false},{"lineNumber":48,"author":{"gitId":"HightechTR"},"content":"    }","lastModifiedDate":"2025-02-06","isFullCredit":false},{"lineNumber":49,"author":{"gitId":"HightechTR"},"content":"}","lastModifiedDate":"2025-02-06","isFullCredit":false}],"authorContributionMap":{"HightechTR":49}},{"path":"src/main/java/trashpanbot/task/Task.java","fileType":"java","lines":[{"lineNumber":1,"author":{"gitId":"HightechTR"},"content":"package trashpanbot.task;","lastModifiedDate":"2025-02-13","isFullCredit":false},{"lineNumber":2,"author":{"gitId":"HightechTR"},"content":"","lastModifiedDate":"2025-02-13","isFullCredit":false},{"lineNumber":3,"author":{"gitId":"HightechTR"},"content":"import trashpanbot.*;","lastModifiedDate":"2025-02-13","isFullCredit":false},{"lineNumber":4,"author":{"gitId":"HightechTR"},"content":"import trashpanbot.exception.*;","lastModifiedDate":"2025-02-14","isFullCredit":false},{"lineNumber":5,"author":{"gitId":"HightechTR"},"content":"","lastModifiedDate":"2025-02-13","isFullCredit":false},{"lineNumber":6,"author":{"gitId":"HightechTR"},"content":"public abstract class Task {","lastModifiedDate":"2025-02-13","isFullCredit":false},{"lineNumber":7,"author":{"gitId":"HightechTR"},"content":"    private final String description;","lastModifiedDate":"2025-02-13","isFullCredit":false},{"lineNumber":8,"author":{"gitId":"HightechTR"},"content":"    private boolean isDone;","lastModifiedDate":"2025-02-13","isFullCredit":false},{"lineNumber":9,"author":{"gitId":"HightechTR"},"content":"","lastModifiedDate":"2025-02-06","isFullCredit":false},{"lineNumber":10,"author":{"gitId":"HightechTR"},"content":"    public Task(String description) {","lastModifiedDate":"2025-02-06","isFullCredit":false},{"lineNumber":11,"author":{"gitId":"HightechTR"},"content":"        this.description \u003d description;","lastModifiedDate":"2025-02-06","isFullCredit":false},{"lineNumber":12,"author":{"gitId":"HightechTR"},"content":"        this.isDone \u003d false;","lastModifiedDate":"2025-02-07","isFullCredit":false},{"lineNumber":13,"author":{"gitId":"HightechTR"},"content":"    }","lastModifiedDate":"2025-02-06","isFullCredit":false},{"lineNumber":14,"author":{"gitId":"HightechTR"},"content":"","lastModifiedDate":"2025-02-06","isFullCredit":false},{"lineNumber":15,"author":{"gitId":"HightechTR"},"content":"    public String getDescription() {","lastModifiedDate":"2025-02-06","isFullCredit":false},{"lineNumber":16,"author":{"gitId":"HightechTR"},"content":"        return description;","lastModifiedDate":"2025-02-06","isFullCredit":false},{"lineNumber":17,"author":{"gitId":"HightechTR"},"content":"    }","lastModifiedDate":"2025-02-06","isFullCredit":false},{"lineNumber":18,"author":{"gitId":"HightechTR"},"content":"","lastModifiedDate":"2025-02-06","isFullCredit":false},{"lineNumber":19,"author":{"gitId":"HightechTR"},"content":"    public String getStatusIcon() {","lastModifiedDate":"2025-02-06","isFullCredit":false},{"lineNumber":20,"author":{"gitId":"HightechTR"},"content":"        return isDone ? \"X\" : \" \";","lastModifiedDate":"2025-02-06","isFullCredit":false},{"lineNumber":21,"author":{"gitId":"HightechTR"},"content":"    }","lastModifiedDate":"2025-02-06","isFullCredit":false},{"lineNumber":22,"author":{"gitId":"HightechTR"},"content":"","lastModifiedDate":"2025-02-06","isFullCredit":false},{"lineNumber":23,"author":{"gitId":"HightechTR"},"content":"    public abstract String getTypeIcon();","lastModifiedDate":"2025-02-13","isFullCredit":false},{"lineNumber":24,"author":{"gitId":"HightechTR"},"content":"","lastModifiedDate":"2025-02-06","isFullCredit":false},{"lineNumber":25,"author":{"gitId":"HightechTR"},"content":"    public abstract String getDate();","lastModifiedDate":"2025-02-13","isFullCredit":false},{"lineNumber":26,"author":{"gitId":"HightechTR"},"content":"","lastModifiedDate":"2025-02-06","isFullCredit":false},{"lineNumber":27,"author":{"gitId":"HightechTR"},"content":"    public void setDone(boolean done) {","lastModifiedDate":"2025-02-06","isFullCredit":false},{"lineNumber":28,"author":{"gitId":"HightechTR"},"content":"        this.isDone \u003d done;","lastModifiedDate":"2025-02-06","isFullCredit":false},{"lineNumber":29,"author":{"gitId":"HightechTR"},"content":"    }","lastModifiedDate":"2025-02-06","isFullCredit":false},{"lineNumber":30,"author":{"gitId":"HightechTR"},"content":"","lastModifiedDate":"2025-02-06","isFullCredit":false},{"lineNumber":31,"author":{"gitId":"HightechTR"},"content":"    /**","lastModifiedDate":"2025-02-13","isFullCredit":false},{"lineNumber":32,"author":{"gitId":"HightechTR"},"content":"     * Checks if a string is empty.","lastModifiedDate":"2025-02-13","isFullCredit":false},{"lineNumber":33,"author":{"gitId":"HightechTR"},"content":"     *","lastModifiedDate":"2025-02-13","isFullCredit":false},{"lineNumber":34,"author":{"gitId":"HightechTR"},"content":"     * @param input The input string to be checked.","lastModifiedDate":"2025-02-13","isFullCredit":false},{"lineNumber":35,"author":{"gitId":"HightechTR"},"content":"     * @return The input string if it is non-empty.","lastModifiedDate":"2025-02-13","isFullCredit":false},{"lineNumber":36,"author":{"gitId":"HightechTR"},"content":"     * @throws StringArrayEmptyException if string is empty.","lastModifiedDate":"2025-02-13","isFullCredit":false},{"lineNumber":37,"author":{"gitId":"HightechTR"},"content":"     */","lastModifiedDate":"2025-02-13","isFullCredit":false},{"lineNumber":38,"author":{"gitId":"HightechTR"},"content":"    public static String checkEmpty(String input) {","lastModifiedDate":"2025-02-13","isFullCredit":false},{"lineNumber":39,"author":{"gitId":"HightechTR"},"content":"        if (input.isEmpty()) {","lastModifiedDate":"2025-02-13","isFullCredit":false},{"lineNumber":40,"author":{"gitId":"HightechTR"},"content":"            throw new StringArrayEmptyException();","lastModifiedDate":"2025-02-13","isFullCredit":false},{"lineNumber":41,"author":{"gitId":"HightechTR"},"content":"        }","lastModifiedDate":"2025-02-13","isFullCredit":false},{"lineNumber":42,"author":{"gitId":"HightechTR"},"content":"        return input;","lastModifiedDate":"2025-02-13","isFullCredit":false},{"lineNumber":43,"author":{"gitId":"HightechTR"},"content":"    }","lastModifiedDate":"2025-02-13","isFullCredit":false},{"lineNumber":44,"author":{"gitId":"HightechTR"},"content":"","lastModifiedDate":"2025-02-13","isFullCredit":false},{"lineNumber":45,"author":{"gitId":"HightechTR"},"content":"    /**","lastModifiedDate":"2025-02-06","isFullCredit":false},{"lineNumber":46,"author":{"gitId":"HightechTR"},"content":"     * Prints a task with its type and dates (if any).","lastModifiedDate":"2025-02-06","isFullCredit":false},{"lineNumber":47,"author":{"gitId":"HightechTR"},"content":"     *","lastModifiedDate":"2025-02-06","isFullCredit":false},{"lineNumber":48,"author":{"gitId":"HightechTR"},"content":"     * @param i The index of the task to be printed.","lastModifiedDate":"2025-02-06","isFullCredit":false},{"lineNumber":49,"author":{"gitId":"HightechTR"},"content":"     */","lastModifiedDate":"2025-02-06","isFullCredit":false},{"lineNumber":50,"author":{"gitId":"HightechTR"},"content":"    private static void printTask(int i) {","lastModifiedDate":"2025-02-06","isFullCredit":false},{"lineNumber":51,"author":{"gitId":"HightechTR"},"content":"        System.out.print(i + \".[\" + TrashpanMain.tasks.get(i - 1).getTypeIcon() + \"]\");","lastModifiedDate":"2025-02-20","isFullCredit":false},{"lineNumber":52,"author":{"gitId":"HightechTR"},"content":"        System.out.print(\"[\" + TrashpanMain.tasks.get(i - 1).getStatusIcon() + \"] \");","lastModifiedDate":"2025-02-20","isFullCredit":false},{"lineNumber":53,"author":{"gitId":"HightechTR"},"content":"        System.out.println(TrashpanMain.tasks.get(i - 1).getDescription()","lastModifiedDate":"2025-02-20","isFullCredit":false},{"lineNumber":54,"author":{"gitId":"HightechTR"},"content":"                + TrashpanMain.tasks.get(i - 1).getDate());","lastModifiedDate":"2025-02-20","isFullCredit":false},{"lineNumber":55,"author":{"gitId":"HightechTR"},"content":"    }","lastModifiedDate":"2025-02-06","isFullCredit":false},{"lineNumber":56,"author":{"gitId":"HightechTR"},"content":"","lastModifiedDate":"2025-02-06","isFullCredit":false},{"lineNumber":57,"author":{"gitId":"HightechTR"},"content":"    /**","lastModifiedDate":"2025-02-06","isFullCredit":false},{"lineNumber":58,"author":{"gitId":"HightechTR"},"content":"     * Displays task list to the output.","lastModifiedDate":"2025-02-06","isFullCredit":false},{"lineNumber":59,"author":{"gitId":"HightechTR"},"content":"     */","lastModifiedDate":"2025-02-06","isFullCredit":false},{"lineNumber":60,"author":{"gitId":"HightechTR"},"content":"    public static void displayList() {","lastModifiedDate":"2025-02-06","isFullCredit":false},{"lineNumber":61,"author":{"gitId":"HightechTR"},"content":"        if (TrashpanMain.tasks.isEmpty()) {","lastModifiedDate":"2025-02-20","isFullCredit":false},{"lineNumber":62,"author":{"gitId":"HightechTR"},"content":"            System.out.println(Text.TASK_LIST_EMPTY);","lastModifiedDate":"2025-02-07","isFullCredit":false},{"lineNumber":63,"author":{"gitId":"HightechTR"},"content":"            return;","lastModifiedDate":"2025-02-13","isFullCredit":false},{"lineNumber":64,"author":{"gitId":"HightechTR"},"content":"        }","lastModifiedDate":"2025-02-13","isFullCredit":false},{"lineNumber":65,"author":{"gitId":"HightechTR"},"content":"        System.out.println(Text.TASK_LIST_DISPLAY);","lastModifiedDate":"2025-02-07","isFullCredit":false},{"lineNumber":66,"author":{"gitId":"HightechTR"},"content":"        for (int i \u003d 1; i \u003c\u003d TrashpanMain.tasks.size(); i++) {","lastModifiedDate":"2025-02-20","isFullCredit":false},{"lineNumber":67,"author":{"gitId":"HightechTR"},"content":"            printTask(i);","lastModifiedDate":"2025-02-06","isFullCredit":false},{"lineNumber":68,"author":{"gitId":"HightechTR"},"content":"        }","lastModifiedDate":"2025-02-06","isFullCredit":false},{"lineNumber":69,"author":{"gitId":"HightechTR"},"content":"    }","lastModifiedDate":"2025-02-06","isFullCredit":false},{"lineNumber":70,"author":{"gitId":"HightechTR"},"content":"","lastModifiedDate":"2025-02-06","isFullCredit":false},{"lineNumber":71,"author":{"gitId":"HightechTR"},"content":"    /**","lastModifiedDate":"2025-02-06","isFullCredit":false},{"lineNumber":72,"author":{"gitId":"HightechTR"},"content":"     * Prints most recent task after adding.","lastModifiedDate":"2025-02-06","isFullCredit":false},{"lineNumber":73,"author":{"gitId":"HightechTR"},"content":"     */","lastModifiedDate":"2025-02-06","isFullCredit":false},{"lineNumber":74,"author":{"gitId":"HightechTR"},"content":"    static void printAddedText() {","lastModifiedDate":"2025-02-06","isFullCredit":false},{"lineNumber":75,"author":{"gitId":"HightechTR"},"content":"        System.out.println(Text.TASK_ADDED);","lastModifiedDate":"2025-02-07","isFullCredit":false},{"lineNumber":76,"author":{"gitId":"HightechTR"},"content":"        printTask(TrashpanMain.tasks.size());","lastModifiedDate":"2025-02-20","isFullCredit":false},{"lineNumber":77,"author":{"gitId":"HightechTR"},"content":"        System.out.print(\"You have \" + TrashpanMain.tasks.size() + \" \");","lastModifiedDate":"2025-02-20","isFullCredit":false},{"lineNumber":78,"author":{"gitId":"HightechTR"},"content":"        System.out.println(TrashpanMain.tasks.size() \u003d\u003d 1 ? \"task now!\" : \"tasks now!\");","lastModifiedDate":"2025-02-20","isFullCredit":false},{"lineNumber":79,"author":{"gitId":"HightechTR"},"content":"    }","lastModifiedDate":"2025-02-06","isFullCredit":false},{"lineNumber":80,"author":{"gitId":"HightechTR"},"content":"","lastModifiedDate":"2025-02-06","isFullCredit":false},{"lineNumber":81,"author":{"gitId":"HightechTR"},"content":"    /**","lastModifiedDate":"2025-02-06","isFullCredit":false},{"lineNumber":82,"author":{"gitId":"HightechTR"},"content":"     * Prints most recent task after adding.","lastModifiedDate":"2025-02-20","isFullCredit":false},{"lineNumber":83,"author":{"gitId":"HightechTR"},"content":"     */","lastModifiedDate":"2025-02-06","isFullCredit":false},{"lineNumber":84,"author":{"gitId":"HightechTR"},"content":"    static void printRemovedText(int index) {","lastModifiedDate":"2025-02-20","isFullCredit":false},{"lineNumber":85,"author":{"gitId":"HightechTR"},"content":"        System.out.println(Text.TASK_REMOVED);","lastModifiedDate":"2025-02-20","isFullCredit":false},{"lineNumber":86,"author":{"gitId":"HightechTR"},"content":"        printTask(index);","lastModifiedDate":"2025-02-20","isFullCredit":false},{"lineNumber":87,"author":{"gitId":"HightechTR"},"content":"        System.out.print(\"You have \" + (TrashpanMain.tasks.size() - 1) + \" \");","lastModifiedDate":"2025-02-20","isFullCredit":false},{"lineNumber":88,"author":{"gitId":"HightechTR"},"content":"        System.out.println(TrashpanMain.tasks.size() - 1 \u003d\u003d 1 ? \"task now!\" : \"tasks now!\");","lastModifiedDate":"2025-02-20","isFullCredit":false},{"lineNumber":89,"author":{"gitId":"HightechTR"},"content":"    }","lastModifiedDate":"2025-02-20","isFullCredit":false},{"lineNumber":90,"author":{"gitId":"HightechTR"},"content":"","lastModifiedDate":"2025-02-13","isFullCredit":false},{"lineNumber":91,"author":{"gitId":"HightechTR"},"content":"    /**","lastModifiedDate":"2025-02-20","isFullCredit":false},{"lineNumber":92,"author":{"gitId":"HightechTR"},"content":"     * Parses an integer value from input, returns the integer inputted","lastModifiedDate":"2025-02-20","isFullCredit":false},{"lineNumber":93,"author":{"gitId":"HightechTR"},"content":"     * Displays message and returns null if no integer inputted or input is not an integer","lastModifiedDate":"2025-02-20","isFullCredit":false},{"lineNumber":94,"author":{"gitId":"HightechTR"},"content":"     *","lastModifiedDate":"2025-02-20","isFullCredit":false},{"lineNumber":95,"author":{"gitId":"HightechTR"},"content":"     * @param inputParts The input string array containing the integer","lastModifiedDate":"2025-02-20","isFullCredit":false},{"lineNumber":96,"author":{"gitId":"HightechTR"},"content":"     * @return The integer inputted, null if not an integer or no integer inputted","lastModifiedDate":"2025-02-20","isFullCredit":false},{"lineNumber":97,"author":{"gitId":"HightechTR"},"content":"     */","lastModifiedDate":"2025-02-20","isFullCredit":false},{"lineNumber":98,"author":{"gitId":"HightechTR"},"content":"    static Integer tryParseInt(String[] inputParts) {","lastModifiedDate":"2025-02-20","isFullCredit":false},{"lineNumber":99,"author":{"gitId":"HightechTR"},"content":"        try {","lastModifiedDate":"2025-02-13","isFullCredit":false},{"lineNumber":100,"author":{"gitId":"HightechTR"},"content":"            return Integer.parseInt(checkEmpty(inputParts[1]));","lastModifiedDate":"2025-02-20","isFullCredit":false},{"lineNumber":101,"author":{"gitId":"HightechTR"},"content":"        } catch (NumberFormatException e) { // check if number is valid","lastModifiedDate":"2025-02-13","isFullCredit":false},{"lineNumber":102,"author":{"gitId":"HightechTR"},"content":"            System.out.println(Text.TASK_MARK_NOT_NUM);","lastModifiedDate":"2025-02-13","isFullCredit":false},{"lineNumber":103,"author":{"gitId":"HightechTR"},"content":"            return null;","lastModifiedDate":"2025-02-20","isFullCredit":false},{"lineNumber":104,"author":{"gitId":"HightechTR"},"content":"        } catch (IndexOutOfBoundsException e) { // check if parameter is non-empty","lastModifiedDate":"2025-02-13","isFullCredit":false},{"lineNumber":105,"author":{"gitId":"HightechTR"},"content":"            System.out.println(Text.TASK_MARK_NO_NUM);","lastModifiedDate":"2025-02-11","isFullCredit":false},{"lineNumber":106,"author":{"gitId":"HightechTR"},"content":"            return null;","lastModifiedDate":"2025-02-20","isFullCredit":false},{"lineNumber":107,"author":{"gitId":"HightechTR"},"content":"        }","lastModifiedDate":"2025-02-20","isFullCredit":false},{"lineNumber":108,"author":{"gitId":"HightechTR"},"content":"    }","lastModifiedDate":"2025-02-20","isFullCredit":false},{"lineNumber":109,"author":{"gitId":"HightechTR"},"content":"","lastModifiedDate":"2025-02-20","isFullCredit":false},{"lineNumber":110,"author":{"gitId":"HightechTR"},"content":"    public static void removeTask(String[] inputParts) {","lastModifiedDate":"2025-02-20","isFullCredit":false},{"lineNumber":111,"author":{"gitId":"HightechTR"},"content":"        Integer index \u003d tryParseInt(inputParts);","lastModifiedDate":"2025-02-20","isFullCredit":false},{"lineNumber":112,"author":{"gitId":"HightechTR"},"content":"","lastModifiedDate":"2025-02-20","isFullCredit":false},{"lineNumber":113,"author":{"gitId":"HightechTR"},"content":"        // check if index is valid","lastModifiedDate":"2025-02-20","isFullCredit":false},{"lineNumber":114,"author":{"gitId":"HightechTR"},"content":"        if (index \u003d\u003d null) {","lastModifiedDate":"2025-02-20","isFullCredit":false},{"lineNumber":115,"author":{"gitId":"HightechTR"},"content":"            return;","lastModifiedDate":"2025-02-20","isFullCredit":false},{"lineNumber":116,"author":{"gitId":"HightechTR"},"content":"        }","lastModifiedDate":"2025-02-20","isFullCredit":false},{"lineNumber":117,"author":{"gitId":"HightechTR"},"content":"","lastModifiedDate":"2025-02-20","isFullCredit":false},{"lineNumber":118,"author":{"gitId":"HightechTR"},"content":"        // check if number is in bounds","lastModifiedDate":"2025-02-20","isFullCredit":false},{"lineNumber":119,"author":{"gitId":"HightechTR"},"content":"        if (index \u003e TrashpanMain.tasks.size()) {","lastModifiedDate":"2025-02-20","isFullCredit":false},{"lineNumber":120,"author":{"gitId":"HightechTR"},"content":"            System.out.println(Text.TASK_MARK_OOB);","lastModifiedDate":"2025-02-20","isFullCredit":false},{"lineNumber":121,"author":{"gitId":"HightechTR"},"content":"        } else {","lastModifiedDate":"2025-02-20","isFullCredit":false},{"lineNumber":122,"author":{"gitId":"HightechTR"},"content":"            printRemovedText(index);","lastModifiedDate":"2025-02-20","isFullCredit":false},{"lineNumber":123,"author":{"gitId":"HightechTR"},"content":"            TrashpanMain.tasks.remove(index - 1);","lastModifiedDate":"2025-02-20","isFullCredit":false},{"lineNumber":124,"author":{"gitId":"HightechTR"},"content":"        }","lastModifiedDate":"2025-02-20","isFullCredit":false},{"lineNumber":125,"author":{"gitId":"HightechTR"},"content":"    }","lastModifiedDate":"2025-02-20","isFullCredit":false},{"lineNumber":126,"author":{"gitId":"HightechTR"},"content":"","lastModifiedDate":"2025-02-20","isFullCredit":false},{"lineNumber":127,"author":{"gitId":"HightechTR"},"content":"    /**","lastModifiedDate":"2025-02-20","isFullCredit":false},{"lineNumber":128,"author":{"gitId":"HightechTR"},"content":"     * Marks a task as done or not done in the list.","lastModifiedDate":"2025-02-20","isFullCredit":false},{"lineNumber":129,"author":{"gitId":"HightechTR"},"content":"     *","lastModifiedDate":"2025-02-20","isFullCredit":false},{"lineNumber":130,"author":{"gitId":"HightechTR"},"content":"     * @param inputParts The input string array containing the task index to be marked.","lastModifiedDate":"2025-02-20","isFullCredit":false},{"lineNumber":131,"author":{"gitId":"HightechTR"},"content":"     * @param isDone     Boolean to set the task as done or not done.","lastModifiedDate":"2025-02-20","isFullCredit":false},{"lineNumber":132,"author":{"gitId":"HightechTR"},"content":"     */","lastModifiedDate":"2025-02-20","isFullCredit":false},{"lineNumber":133,"author":{"gitId":"HightechTR"},"content":"    public static void markTask(String[] inputParts, boolean isDone) {","lastModifiedDate":"2025-02-20","isFullCredit":false},{"lineNumber":134,"author":{"gitId":"HightechTR"},"content":"        Integer index \u003d tryParseInt(inputParts);","lastModifiedDate":"2025-02-20","isFullCredit":false},{"lineNumber":135,"author":{"gitId":"HightechTR"},"content":"","lastModifiedDate":"2025-02-20","isFullCredit":false},{"lineNumber":136,"author":{"gitId":"HightechTR"},"content":"        // check if index is valid","lastModifiedDate":"2025-02-20","isFullCredit":false},{"lineNumber":137,"author":{"gitId":"HightechTR"},"content":"        if (index \u003d\u003d null) {","lastModifiedDate":"2025-02-20","isFullCredit":false},{"lineNumber":138,"author":{"gitId":"HightechTR"},"content":"            return;","lastModifiedDate":"2025-02-11","isFullCredit":false},{"lineNumber":139,"author":{"gitId":"HightechTR"},"content":"        }","lastModifiedDate":"2025-02-11","isFullCredit":false},{"lineNumber":140,"author":{"gitId":"HightechTR"},"content":"","lastModifiedDate":"2025-02-11","isFullCredit":false},{"lineNumber":141,"author":{"gitId":"HightechTR"},"content":"        // check if number is in bounds","lastModifiedDate":"2025-02-13","isFullCredit":false},{"lineNumber":142,"author":{"gitId":"HightechTR"},"content":"        if (index \u003e TrashpanMain.tasks.size()) {","lastModifiedDate":"2025-02-20","isFullCredit":false},{"lineNumber":143,"author":{"gitId":"HightechTR"},"content":"            System.out.println(Text.TASK_MARK_OOB);","lastModifiedDate":"2025-02-07","isFullCredit":false},{"lineNumber":144,"author":{"gitId":"HightechTR"},"content":"        } else {","lastModifiedDate":"2025-02-06","isFullCredit":false},{"lineNumber":145,"author":{"gitId":"HightechTR"},"content":"            TrashpanMain.tasks.get(index - 1).setDone(isDone);","lastModifiedDate":"2025-02-20","isFullCredit":false},{"lineNumber":146,"author":{"gitId":"HightechTR"},"content":"            System.out.println(isDone ? Text.TASK_MARK_DONE : Text.TASK_MARK_UNDONE);","lastModifiedDate":"2025-02-07","isFullCredit":false},{"lineNumber":147,"author":{"gitId":"HightechTR"},"content":"            printTask(index);","lastModifiedDate":"2025-02-06","isFullCredit":false},{"lineNumber":148,"author":{"gitId":"HightechTR"},"content":"        }","lastModifiedDate":"2025-02-06","isFullCredit":false},{"lineNumber":149,"author":{"gitId":"HightechTR"},"content":"    }","lastModifiedDate":"2025-02-06","isFullCredit":false},{"lineNumber":150,"author":{"gitId":"HightechTR"},"content":"}","lastModifiedDate":"2025-02-06","isFullCredit":false}],"authorContributionMap":{"HightechTR":150}},{"path":"src/main/java/trashpanbot/task/Todo.java","fileType":"java","lines":[{"lineNumber":1,"author":{"gitId":"HightechTR"},"content":"package trashpanbot.task;","lastModifiedDate":"2025-02-13","isFullCredit":false},{"lineNumber":2,"author":{"gitId":"HightechTR"},"content":"","lastModifiedDate":"2025-02-13","isFullCredit":false},{"lineNumber":3,"author":{"gitId":"HightechTR"},"content":"import trashpanbot.*;","lastModifiedDate":"2025-02-13","isFullCredit":false},{"lineNumber":4,"author":{"gitId":"HightechTR"},"content":"","lastModifiedDate":"2025-02-13","isFullCredit":false},{"lineNumber":5,"author":{"gitId":"HightechTR"},"content":"public class Todo extends Task {","lastModifiedDate":"2025-02-06","isFullCredit":false},{"lineNumber":6,"author":{"gitId":"HightechTR"},"content":"    public Todo(String description) {","lastModifiedDate":"2025-02-06","isFullCredit":false},{"lineNumber":7,"author":{"gitId":"HightechTR"},"content":"        super(description);","lastModifiedDate":"2025-02-06","isFullCredit":false},{"lineNumber":8,"author":{"gitId":"HightechTR"},"content":"    }","lastModifiedDate":"2025-01-31","isFullCredit":false},{"lineNumber":9,"author":{"gitId":"HightechTR"},"content":"","lastModifiedDate":"2025-01-31","isFullCredit":false},{"lineNumber":10,"author":{"gitId":"HightechTR"},"content":"    @Override","lastModifiedDate":"2025-02-06","isFullCredit":false},{"lineNumber":11,"author":{"gitId":"HightechTR"},"content":"    public String getTypeIcon() {","lastModifiedDate":"2025-02-06","isFullCredit":false},{"lineNumber":12,"author":{"gitId":"HightechTR"},"content":"        return \"T\";","lastModifiedDate":"2025-02-06","isFullCredit":false},{"lineNumber":13,"author":{"gitId":"HightechTR"},"content":"    }","lastModifiedDate":"2025-02-06","isFullCredit":false},{"lineNumber":14,"author":{"gitId":"HightechTR"},"content":"","lastModifiedDate":"2025-02-06","isFullCredit":false},{"lineNumber":15,"author":{"gitId":"HightechTR"},"content":"    public String getDate() {","lastModifiedDate":"2025-02-13","isFullCredit":false},{"lineNumber":16,"author":{"gitId":"HightechTR"},"content":"        return \"\";","lastModifiedDate":"2025-02-13","isFullCredit":false},{"lineNumber":17,"author":{"gitId":"HightechTR"},"content":"    }","lastModifiedDate":"2025-02-13","isFullCredit":false},{"lineNumber":18,"author":{"gitId":"HightechTR"},"content":"","lastModifiedDate":"2025-02-13","isFullCredit":false},{"lineNumber":19,"author":{"gitId":"HightechTR"},"content":"    /**","lastModifiedDate":"2025-02-06","isFullCredit":false},{"lineNumber":20,"author":{"gitId":"HightechTR"},"content":"     * Adds a to-do to the task list.","lastModifiedDate":"2025-02-07","isFullCredit":false},{"lineNumber":21,"author":{"gitId":"HightechTR"},"content":"     *","lastModifiedDate":"2025-02-06","isFullCredit":false},{"lineNumber":22,"author":{"gitId":"HightechTR"},"content":"     * @param inputParts The input string array containing the task to be added to the list.","lastModifiedDate":"2025-02-07","isFullCredit":false},{"lineNumber":23,"author":{"gitId":"HightechTR"},"content":"     */","lastModifiedDate":"2025-02-06","isFullCredit":false},{"lineNumber":24,"author":{"gitId":"HightechTR"},"content":"    public static void addTodo(String[] inputParts) {","lastModifiedDate":"2025-02-07","isFullCredit":false},{"lineNumber":25,"author":{"gitId":"HightechTR"},"content":"        String description;","lastModifiedDate":"2025-02-13","isFullCredit":false},{"lineNumber":26,"author":{"gitId":"HightechTR"},"content":"","lastModifiedDate":"2025-02-13","isFullCredit":false},{"lineNumber":27,"author":{"gitId":"HightechTR"},"content":"        // check if parameter is non-empty","lastModifiedDate":"2025-02-06","isFullCredit":false},{"lineNumber":28,"author":{"gitId":"HightechTR"},"content":"        try {","lastModifiedDate":"2025-02-13","isFullCredit":false},{"lineNumber":29,"author":{"gitId":"HightechTR"},"content":"            description \u003d checkEmpty(inputParts[1]);","lastModifiedDate":"2025-02-13","isFullCredit":false},{"lineNumber":30,"author":{"gitId":"HightechTR"},"content":"        } catch (IndexOutOfBoundsException e) {","lastModifiedDate":"2025-02-13","isFullCredit":false},{"lineNumber":31,"author":{"gitId":"HightechTR"},"content":"            System.out.println(Text.TODO_MISSING);","lastModifiedDate":"2025-02-13","isFullCredit":false},{"lineNumber":32,"author":{"gitId":"HightechTR"},"content":"            return;","lastModifiedDate":"2025-02-07","isFullCredit":false},{"lineNumber":33,"author":{"gitId":"HightechTR"},"content":"        }","lastModifiedDate":"2025-02-07","isFullCredit":false},{"lineNumber":34,"author":{"gitId":"HightechTR"},"content":"","lastModifiedDate":"2025-02-06","isFullCredit":false},{"lineNumber":35,"author":{"gitId":"HightechTR"},"content":"        TrashpanMain.tasks.add(new Todo(description));","lastModifiedDate":"2025-02-20","isFullCredit":false},{"lineNumber":36,"author":{"gitId":"HightechTR"},"content":"        printAddedText();","lastModifiedDate":"2025-02-06","isFullCredit":false},{"lineNumber":37,"author":{"gitId":"HightechTR"},"content":"    }","lastModifiedDate":"2025-02-06","isFullCredit":false},{"lineNumber":38,"author":{"gitId":"HightechTR"},"content":"}","lastModifiedDate":"2025-02-06","isFullCredit":false}],"authorContributionMap":{"HightechTR":38}},{"path":"text-ui-test/input.txt","fileType":"txt","lines":[{"lineNumber":1,"author":{"gitId":"HightechTR"},"content":"todo task 1","lastModifiedDate":"2025-02-06","isFullCredit":false},{"lineNumber":2,"author":{"gitId":"HightechTR"},"content":"todo task 2","lastModifiedDate":"2025-02-06","isFullCredit":false},{"lineNumber":3,"author":{"gitId":"HightechTR"},"content":"mark 1","lastModifiedDate":"2025-02-06","isFullCredit":false},{"lineNumber":4,"author":{"gitId":"HightechTR"},"content":"deadline task 3 /by Who cares?","lastModifiedDate":"2025-02-06","isFullCredit":false},{"lineNumber":5,"author":{"gitId":"HightechTR"},"content":"event trip 1 /from 13 June 2025 /to 16 June 2025","lastModifiedDate":"2025-02-06","isFullCredit":false},{"lineNumber":6,"author":{"gitId":"HightechTR"},"content":"list","lastModifiedDate":"2025-02-06","isFullCredit":false},{"lineNumber":7,"author":{"gitId":"HightechTR"},"content":"mark 3","lastModifiedDate":"2025-02-06","isFullCredit":false},{"lineNumber":8,"author":{"gitId":"HightechTR"},"content":"unmark 1","lastModifiedDate":"2025-02-06","isFullCredit":false},{"lineNumber":9,"author":{"gitId":"HightechTR"},"content":"list","lastModifiedDate":"2025-02-06","isFullCredit":false},{"lineNumber":10,"author":{"gitId":"HightechTR"},"content":"bye","lastModifiedDate":"2025-02-06","isFullCredit":false}],"authorContributionMap":{"HightechTR":10}},{"path":"text-ui-test/runtest.bat","fileType":"bat","lines":[{"lineNumber":1,"author":{"gitId":"-"},"content":"@ECHO OFF","lastModifiedDate":"2020-05-25","isFullCredit":false},{"lineNumber":2,"author":{"gitId":"-"},"content":"","lastModifiedDate":"2020-05-25","isFullCredit":false},{"lineNumber":3,"author":{"gitId":"-"},"content":"REM create bin directory if it doesn\u0027t exist","lastModifiedDate":"2020-05-25","isFullCredit":false},{"lineNumber":4,"author":{"gitId":"-"},"content":"if not exist ..\\bin mkdir ..\\bin","lastModifiedDate":"2020-05-25","isFullCredit":false},{"lineNumber":5,"author":{"gitId":"-"},"content":"","lastModifiedDate":"2020-05-25","isFullCredit":false},{"lineNumber":6,"author":{"gitId":"-"},"content":"REM delete output from previous run","lastModifiedDate":"2020-05-25","isFullCredit":false},{"lineNumber":7,"author":{"gitId":"-"},"content":"if exist ACTUAL.TXT del ACTUAL.TXT","lastModifiedDate":"2020-08-25","isFullCredit":false},{"lineNumber":8,"author":{"gitId":"-"},"content":"","lastModifiedDate":"2020-05-25","isFullCredit":false},{"lineNumber":9,"author":{"gitId":"-"},"content":"REM compile the code into the bin folder","lastModifiedDate":"2020-05-25","isFullCredit":false},{"lineNumber":10,"author":{"gitId":"HightechTR"},"content":"javac  -cp ..\\src\\main\\java -Xlint:none -encoding UTF8 -d ..\\bin ..\\src\\main\\java\\*.java","lastModifiedDate":"2025-02-06","isFullCredit":false},{"lineNumber":11,"author":{"gitId":"-"},"content":"IF ERRORLEVEL 1 (","lastModifiedDate":"2020-05-25","isFullCredit":false},{"lineNumber":12,"author":{"gitId":"-"},"content":"    echo ********** BUILD FAILURE **********","lastModifiedDate":"2020-05-25","isFullCredit":false},{"lineNumber":13,"author":{"gitId":"-"},"content":"    exit /b 1","lastModifiedDate":"2020-05-25","isFullCredit":false},{"lineNumber":14,"author":{"gitId":"-"},"content":")","lastModifiedDate":"2020-05-25","isFullCredit":false},{"lineNumber":15,"author":{"gitId":"-"},"content":"REM no error here, errorlevel \u003d\u003d 0","lastModifiedDate":"2020-05-25","isFullCredit":false},{"lineNumber":16,"author":{"gitId":"-"},"content":"","lastModifiedDate":"2020-05-25","isFullCredit":false},{"lineNumber":17,"author":{"gitId":"-"},"content":"REM run the program, feed commands from input.txt file and redirect the output to the ACTUAL.TXT","lastModifiedDate":"2020-05-25","isFullCredit":false},{"lineNumber":18,"author":{"gitId":"HightechTR"},"content":"java -classpath ..\\bin TrashpanMain \u003c input.txt \u003e ACTUAL.TXT","lastModifiedDate":"2025-02-06","isFullCredit":false},{"lineNumber":19,"author":{"gitId":"-"},"content":"","lastModifiedDate":"2020-05-25","isFullCredit":false},{"lineNumber":20,"author":{"gitId":"-"},"content":"REM compare the output to the expected output","lastModifiedDate":"2020-05-25","isFullCredit":false},{"lineNumber":21,"author":{"gitId":"-"},"content":"FC ACTUAL.TXT EXPECTED.TXT","lastModifiedDate":"2020-05-25","isFullCredit":false}],"authorContributionMap":{"-":19,"HightechTR":2}},{"path":"text-ui-test/runtest.sh","fileType":"sh","lines":[{"lineNumber":1,"author":{"gitId":"-"},"content":"#!/usr/bin/env bash","lastModifiedDate":"2020-05-25","isFullCredit":false},{"lineNumber":2,"author":{"gitId":"-"},"content":"","lastModifiedDate":"2020-05-25","isFullCredit":false},{"lineNumber":3,"author":{"gitId":"-"},"content":"# create bin directory if it doesn\u0027t exist","lastModifiedDate":"2020-05-25","isFullCredit":false},{"lineNumber":4,"author":{"gitId":"-"},"content":"if [ ! -d \"../bin\" ]","lastModifiedDate":"2020-05-25","isFullCredit":false},{"lineNumber":5,"author":{"gitId":"-"},"content":"then","lastModifiedDate":"2020-05-25","isFullCredit":false},{"lineNumber":6,"author":{"gitId":"-"},"content":"    mkdir ../bin","lastModifiedDate":"2020-05-25","isFullCredit":false},{"lineNumber":7,"author":{"gitId":"-"},"content":"fi","lastModifiedDate":"2020-05-25","isFullCredit":false},{"lineNumber":8,"author":{"gitId":"-"},"content":"","lastModifiedDate":"2020-05-25","isFullCredit":false},{"lineNumber":9,"author":{"gitId":"-"},"content":"# delete output from previous run","lastModifiedDate":"2020-05-25","isFullCredit":false},{"lineNumber":10,"author":{"gitId":"-"},"content":"if [ -e \"./ACTUAL.TXT\" ]","lastModifiedDate":"2020-05-25","isFullCredit":false},{"lineNumber":11,"author":{"gitId":"-"},"content":"then","lastModifiedDate":"2020-05-25","isFullCredit":false},{"lineNumber":12,"author":{"gitId":"-"},"content":"    rm ACTUAL.TXT","lastModifiedDate":"2020-05-25","isFullCredit":false},{"lineNumber":13,"author":{"gitId":"-"},"content":"fi","lastModifiedDate":"2020-05-25","isFullCredit":false},{"lineNumber":14,"author":{"gitId":"-"},"content":"","lastModifiedDate":"2020-05-25","isFullCredit":false},{"lineNumber":15,"author":{"gitId":"-"},"content":"# compile the code into the bin folder, terminates if error occurred","lastModifiedDate":"2020-05-25","isFullCredit":false},{"lineNumber":16,"author":{"gitId":"HightechTR"},"content":"if ! javac -cp ../src/main/java -Xlint:none -encoding UTF8 -d ../bin ../src/main/java/*.java","lastModifiedDate":"2025-02-06","isFullCredit":false},{"lineNumber":17,"author":{"gitId":"-"},"content":"then","lastModifiedDate":"2020-05-25","isFullCredit":false},{"lineNumber":18,"author":{"gitId":"-"},"content":"    echo \"********** BUILD FAILURE **********\"","lastModifiedDate":"2020-05-25","isFullCredit":false},{"lineNumber":19,"author":{"gitId":"-"},"content":"    exit 1","lastModifiedDate":"2020-05-25","isFullCredit":false},{"lineNumber":20,"author":{"gitId":"-"},"content":"fi","lastModifiedDate":"2020-05-25","isFullCredit":false},{"lineNumber":21,"author":{"gitId":"-"},"content":"","lastModifiedDate":"2020-05-25","isFullCredit":false},{"lineNumber":22,"author":{"gitId":"-"},"content":"# run the program, feed commands from input.txt file and redirect the output to the ACTUAL.TXT","lastModifiedDate":"2020-05-25","isFullCredit":false},{"lineNumber":23,"author":{"gitId":"HightechTR"},"content":"java -classpath ../bin TrashpanMain \u003c input.txt \u003e ACTUAL.TXT","lastModifiedDate":"2025-02-06","isFullCredit":false},{"lineNumber":24,"author":{"gitId":"-"},"content":"","lastModifiedDate":"2020-05-25","isFullCredit":false},{"lineNumber":25,"author":{"gitId":"-"},"content":"# convert to UNIX format","lastModifiedDate":"2020-05-25","isFullCredit":false},{"lineNumber":26,"author":{"gitId":"-"},"content":"cp EXPECTED.TXT EXPECTED-UNIX.TXT","lastModifiedDate":"2020-05-25","isFullCredit":false},{"lineNumber":27,"author":{"gitId":"-"},"content":"dos2unix ACTUAL.TXT EXPECTED-UNIX.TXT","lastModifiedDate":"2020-05-25","isFullCredit":false},{"lineNumber":28,"author":{"gitId":"-"},"content":"","lastModifiedDate":"2020-05-25","isFullCredit":false},{"lineNumber":29,"author":{"gitId":"-"},"content":"# compare the output to the expected output","lastModifiedDate":"2020-05-25","isFullCredit":false},{"lineNumber":30,"author":{"gitId":"-"},"content":"diff ACTUAL.TXT EXPECTED-UNIX.TXT","lastModifiedDate":"2020-05-25","isFullCredit":false},{"lineNumber":31,"author":{"gitId":"-"},"content":"if [ $? -eq 0 ]","lastModifiedDate":"2020-05-25","isFullCredit":false},{"lineNumber":32,"author":{"gitId":"-"},"content":"then","lastModifiedDate":"2020-05-25","isFullCredit":false},{"lineNumber":33,"author":{"gitId":"-"},"content":"    echo \"Test result: PASSED\"","lastModifiedDate":"2020-05-25","isFullCredit":false},{"lineNumber":34,"author":{"gitId":"-"},"content":"    exit 0","lastModifiedDate":"2020-05-25","isFullCredit":false},{"lineNumber":35,"author":{"gitId":"-"},"content":"else","lastModifiedDate":"2020-05-25","isFullCredit":false},{"lineNumber":36,"author":{"gitId":"-"},"content":"    echo \"Test result: FAILED\"","lastModifiedDate":"2020-05-25","isFullCredit":false},{"lineNumber":37,"author":{"gitId":"-"},"content":"    exit 1","lastModifiedDate":"2020-05-25","isFullCredit":false},{"lineNumber":38,"author":{"gitId":"-"},"content":"fi","lastModifiedDate":"2020-05-25","isFullCredit":false}],"authorContributionMap":{"-":36,"HightechTR":2}}]
