{"authorDailyContributionsMap":{"HightechTR":[{"date":"2025-01-23","commitResults":[{"hash":"78617cc029349b6ca5728122a5444ec6b5654a96","isMergeCommit":false,"messageTitle":"Renamed \u0026 edited TrashpanMain.java","messageBody":"","fileTypesAndContributionMap":{"java":{"insertions":12,"deletions":10}}}]},{"date":"2025-01-24","commitResults":[{"hash":"435451c5db551b509189f173cee7eaac9ce89cd1","isMergeCommit":false,"messageTitle":"added logo","messageBody":"","fileTypesAndContributionMap":{"java":{"insertions":10,"deletions":5}}},{"hash":"393be7a19acd99a7232c0407cdfbfd52de4837eb","isMergeCommit":false,"messageTitle":"added logo","messageBody":"","tags":["Level-0"],"fileTypesAndContributionMap":{"java":{"insertions":10,"deletions":5}}}]},{"date":"2025-01-30","commitResults":[{"hash":"d3bee130b198f961f9e75a53ebdc9b3322a0beb2","isMergeCommit":false,"messageTitle":"Add Echo Command","messageBody":"","tags":["Level-1"],"fileTypesAndContributionMap":{"java":{"insertions":15,"deletions":1}}},{"hash":"994ef2ee3864eedbe15730d63161f55dfa36aee6","isMergeCommit":true,"messageTitle":"Merge branch \u0027master\u0027 of github.com:HightechTR/ip","messageBody":"","fileTypesAndContributionMap":{}},{"hash":"20a2c0421032959cf45f031343638210565a13f1","isMergeCommit":true,"messageTitle":"Merge branch \u0027master\u0027 of github.com:HightechTR/ip","messageBody":"","fileTypesAndContributionMap":{}},{"hash":"443857b98d8b19b40fc35769d102f0f0017652d1","isMergeCommit":false,"messageTitle":"Add task list","messageBody":"","tags":["Level-2"],"fileTypesAndContributionMap":{"java":{"insertions":41,"deletions":13}}}]},{"date":"2025-01-31","commitResults":[{"hash":"83195510b1ac8a2bc11599ab98e55b63c8186e62","isMergeCommit":false,"messageTitle":"Add Mark as Done feature","messageBody":"","tags":["Level-3"],"fileTypesAndContributionMap":{"java":{"insertions":85,"deletions":18}}},{"hash":"68d800379066079fd2a25861e07fe574eb1766a8","isMergeCommit":false,"messageTitle":"Tweak code to follow Google coding standard","messageBody":"","fileTypesAndContributionMap":{"java":{"insertions":40,"deletions":32}}},{"hash":"1e42c35ad120e96aa3f2decaa752d423630f582a","isMergeCommit":false,"messageTitle":"Modify code to follow OOP standard","messageBody":"","fileTypesAndContributionMap":{"java":{"insertions":99,"deletions":71}}},{"hash":"fdfc628cbcb6b0a248bd12a1c65fe9f9846cf32a","isMergeCommit":false,"messageTitle":"Add JavaDoc comments to methods","messageBody":"","fileTypesAndContributionMap":{"java":{"insertions":23,"deletions":0}}},{"hash":"118390d3a0337327effb52eff428eb0136a7ed28","isMergeCommit":false,"messageTitle":"Add TrashpanText.java to store displayed text","messageBody":"","fileTypesAndContributionMap":{"java":{"insertions":46,"deletions":38}}}]},{"date":"2025-02-01","commitResults":[{"hash":"0ce92e1fa41839b9a9fe28db7123e3f019acd8c1","isMergeCommit":false,"messageTitle":"Rename TrashpanText.java to Text.java","messageBody":"","fileTypesAndContributionMap":{"java":{"insertions":2,"deletions":2}}},{"hash":"f94d99f6f4ae53b3a5b0cbb22e0f3246b26496d5","isMergeCommit":false,"messageTitle":"Tweak code for OOP style","messageBody":"","tags":["A-CodingStandard"],"fileTypesAndContributionMap":{"java":{"insertions":24,"deletions":13}}}]},{"date":"2025-02-06","commitResults":[{"hash":"9c18a25babc6efd5034a840210c08cab4dfb416b","isMergeCommit":false,"messageTitle":"Rename Task.java to Todo.java","messageBody":"","fileTypesAndContributionMap":{"java":{"insertions":10,"deletions":2}}},{"hash":"d9db5ac006083d5ac15a14a685b384b5fb76b833","isMergeCommit":false,"messageTitle":"Add deadline and event tasks","messageBody":"","fileTypesAndContributionMap":{"java":{"insertions":194,"deletions":22}}},{"hash":"dcf5228cbf16bf2ecdd0832ff201502b3892b2db","isMergeCommit":false,"messageTitle":"Include Task.java as superclass to Todo.java, Deadline.java and Event.java","messageBody":"","tags":["Level-4"],"fileTypesAndContributionMap":{"java":{"insertions":66,"deletions":39}}},{"hash":"5966d993b14e365687d00169713176dc5de4716b","isMergeCommit":false,"messageTitle":"Move methods from TrashpanMain.java to relevant classes","messageBody":"","fileTypesAndContributionMap":{"java":{"insertions":226,"deletions":227}}},{"hash":"b3771f878686171fcd0863fa81b7766f0f713911","isMergeCommit":false,"messageTitle":"Add Text UI Testing","messageBody":"","tags":["A-TextUiTesting"],"fileTypesAndContributionMap":{"txt":{"insertions":10,"deletions":0},"bat":{"insertions":2,"deletions":2},"sh":{"insertions":2,"deletions":2}}}]},{"date":"2025-02-07","commitResults":[{"hash":"40a410607de7e7364eed7e5a39c88c6ad7d45b3f","isMergeCommit":false,"messageTitle":"Improve code for parsing command and parameters from input","messageBody":"","tags":["A-CodeQuality"],"fileTypesAndContributionMap":{"java":{"insertions":147,"deletions":135}}},{"hash":"4747c67d7ec969b48921bc0e2972fa2eed3f364c","isMergeCommit":false,"messageTitle":"Define max number of tasks","messageBody":"","fileTypesAndContributionMap":{"java":{"insertions":2,"deletions":1}}},{"hash":"9628e938b3eb64dd92a55937ffcd8f6b452f420e","isMergeCommit":false,"messageTitle":"Move Task array and counter to main class","messageBody":"","fileTypesAndContributionMap":{"java":{"insertions":25,"deletions":24}}}]},{"date":"2025-02-11","commitResults":[{"hash":"fa8f793c7154a0cae912ff59cd60e18c28b8d1c5","isMergeCommit":false,"messageTitle":"TrashpanMain.java: Update switch statement to lambda style","messageBody":"","fileTypesAndContributionMap":{"java":{"insertions":16,"deletions":40}}},{"hash":"80c1c591ac8f0d51ab6cb783b97e80fc7b817dcc","isMergeCommit":false,"messageTitle":"Task class: Fix crash when inputting mark/unmark with no arguments","messageBody":"","fileTypesAndContributionMap":{"java":{"insertions":7,"deletions":1}}}]},{"date":"2025-02-12","commitResults":[{"hash":"2be7037e8d03ee6380164f7a39d46cc7a69d11b8","isMergeCommit":false,"messageTitle":"Text class: Update invalid command message","messageBody":"","fileTypesAndContributionMap":{"java":{"insertions":9,"deletions":3}}},{"hash":"1a77a649a12e3448f8a27bea1c3246d9b25e1e07","isMergeCommit":false,"messageTitle":"Fix bug with deadline command not recognised","messageBody":"","fileTypesAndContributionMap":{"java":{"insertions":3,"deletions":2}}},{"hash":"3edf6961cd72861c14d24cbc5a138dac30dd2172","isMergeCommit":true,"messageTitle":"Merge branch \u0027branch-Level-5\u0027","messageBody":"","tags":["Level-5"],"fileTypesAndContributionMap":{}},{"hash":"b2075aade62e5be71857201a0cc201e7b8c2d5f1","isMergeCommit":false,"messageTitle":"Task class: Modify NumberFormatException catch for mark/unmark command","messageBody":"","fileTypesAndContributionMap":{"java":{"insertions":11,"deletions":20}}},{"hash":"61cfda5b0f1c919110826e3b450c53bcf1fcad4a","isMergeCommit":true,"messageTitle":"Merge branch \u0027branch-Level-5\u0027","messageBody":"","fileTypesAndContributionMap":{}},{"hash":"b1361772dd8f4a7a2177f9bfbc1fc1eefa607ecc","isMergeCommit":false,"messageTitle":"Add ArrayIndexOutOfBoundsException catch for all tasks","messageBody":"","tags":["A-Exceptions"],"fileTypesAndContributionMap":{"java":{"insertions":54,"deletions":24}}}]},{"date":"2025-02-13","commitResults":[{"hash":"f14671e178f184210cf383dc52e4db36ad2d27bd","isMergeCommit":false,"messageTitle":"Task class: Make class abstract","messageBody":"","fileTypesAndContributionMap":{"java":{"insertions":7,"deletions":7}}},{"hash":"7db7a22689fcd7ace1013f75db83206ed584fdc1","isMergeCommit":false,"messageTitle":"Create trashpanbot and trashpanbot.task packages","messageBody":"","fileTypesAndContributionMap":{"java":{"insertions":34,"deletions":15}}},{"hash":"ca2a2556756adcd510e69c87f72c42649a401dab","isMergeCommit":false,"messageTitle":"Tweak error handling code","messageBody":"","fileTypesAndContributionMap":{"java":{"insertions":68,"deletions":76}}},{"hash":"03561bc9434e5b0d173822cbb921d658f8940cee","isMergeCommit":false,"messageTitle":"Add StringArrayEmptyException for better definition of error","messageBody":"","fileTypesAndContributionMap":{"java":{"insertions":13,"deletions":6}}}]},{"date":"2025-02-14","commitResults":[{"hash":"7a1ab6b840df9a4d5cf4e22fdbc2f2efc2bc832f","isMergeCommit":true,"messageTitle":"Merge branch \u0027branch-A-Packages\u0027","messageBody":"","fileTypesAndContributionMap":{}},{"hash":"0cd8e92831f6806cceb8050cdda038f9c21e7217","isMergeCommit":false,"messageTitle":"Move exceptions to new package trashpanbot.exception","messageBody":"","tags":["A-Packages"],"fileTypesAndContributionMap":{"java":{"insertions":2,"deletions":1}}}]},{"date":"2025-02-20","commitResults":[{"hash":"e92f7e0d3c23e568f1b5404344d94a41f313a9d0","isMergeCommit":false,"messageTitle":"Replace fixed array with ArrayList, remove task limit","messageBody":"","fileTypesAndContributionMap":{"java":{"insertions":17,"deletions":48}}},{"hash":"26334b8f951eebb4cbe58af2d213a4aa8b736237","isMergeCommit":false,"messageTitle":"Add remove task feature","messageBody":"","fileTypesAndContributionMap":{"java":{"insertions":54,"deletions":9}}},{"hash":"497967a157c29388b27f7ea727715628650be592","isMergeCommit":false,"messageTitle":"Add save feature","messageBody":"","fileTypesAndContributionMap":{"java":{"insertions":226,"deletions":22}}}]},{"date":"2025-02-21","commitResults":[{"hash":"62341b16b2f066b08f428115691bfdef12ff3033","isMergeCommit":true,"messageTitle":"Merge branch \u0027branch-Level-6\u0027","messageBody":"","fileTypesAndContributionMap":{}},{"hash":"8442416dd7ad33dfe5d37e6f9d447f98e02725f4","isMergeCommit":false,"messageTitle":"Modify ArrayList to be non-final","messageBody":"","tags":["Level-6","A-Collections"],"fileTypesAndContributionMap":{"java":{"insertions":1,"deletions":1}}},{"hash":"3a4763e04e8c0f4236b0d7e2ee4f6964706cdbbd","isMergeCommit":true,"messageTitle":"Merge branch \u0027branch-Level-7\u0027","messageBody":"","fileTypesAndContributionMap":{}},{"hash":"a2d15d425a115bda4756eccc6dfb3d67e2adb9c1","isMergeCommit":false,"messageTitle":"TrashpanMain.java: Fix save load text displayed even with no file","messageBody":"","fileTypesAndContributionMap":{"txt":{"insertions":1,"deletions":0},"java":{"insertions":13,"deletions":15}}},{"hash":"49ba31ee3fd875d47b25e1306a7b5dc48109c63a","isMergeCommit":false,"messageTitle":"Modify README.md","messageBody":"","tags":["Level-7"],"fileTypesAndContributionMap":{"md":{"insertions":7,"deletions":2}}},{"hash":"e79948da5fc02deb19acad1f3679a04f3f0c20e4","isMergeCommit":false,"messageTitle":"Update logo","messageBody":"","fileTypesAndContributionMap":{"java":{"insertions":14,"deletions":11}}}]},{"date":"2025-02-22","commitResults":[{"hash":"f24b38e143595de33da5da9778b278db52c0fc6e","isMergeCommit":false,"messageTitle":"Text.java: Update boot text","messageBody":"","fileTypesAndContributionMap":{"txt":{"insertions":0,"deletions":1},"java":{"insertions":1,"deletions":0}}},{"hash":"932cf077327576b249a3a8c486b59cb80eb78b1d","isMergeCommit":false,"messageTitle":"Text.java: Update text to add more lines and line breaks","messageBody":"","fileTypesAndContributionMap":{"java":{"insertions":6,"deletions":4}}},{"hash":"71688404bb963794cbc57a17cf41f5d781ef488b","isMergeCommit":false,"messageTitle":"Task class: Fix bug where list does not save after remove command","messageBody":"","tags":["A-Jar"],"fileTypesAndContributionMap":{"java":{"insertions":1,"deletions":0}}},{"hash":"31cf67163505b2f1bc795c542cc46abcf5f0aa24","isMergeCommit":false,"messageTitle":"Update README.md","messageBody":"","fileTypesAndContributionMap":{"md":{"insertions":36,"deletions":12}}},{"hash":"59b503342ae95f8d11d51402cfc9df089d3b26aa","isMergeCommit":false,"messageTitle":"Update README.md","messageBody":"","fileTypesAndContributionMap":{"md":{"insertions":13,"deletions":13}}}]},{"date":"2025-02-23","commitResults":[{"hash":"00a75f1a97789c9ace9e18e8232b68ba3b1d15e9","isMergeCommit":false,"messageTitle":"Text class: Update task list description","messageBody":"","fileTypesAndContributionMap":{"java":{"insertions":3,"deletions":3}}}]},{"date":"2025-02-25","commitResults":[{"hash":"f5122f57506b3168c69eb2bbf5d23f0051f7fe2a","isMergeCommit":false,"messageTitle":"Overhaul code system to be more OOP","messageBody":"","fileTypesAndContributionMap":{"java":{"insertions":480,"deletions":386}}},{"hash":"33c9842bd50d27eb2dc97ca3bf6df4b49ae86838","isMergeCommit":false,"messageTitle":"Modify Ui class to improve instance execution","messageBody":"","fileTypesAndContributionMap":{"java":{"insertions":198,"deletions":98}}},{"hash":"3205dd4d8bd8d2bd1d528ea927043aaf5fe7af18","isMergeCommit":false,"messageTitle":"exception package: Add messages to exception constructors","messageBody":"","fileTypesAndContributionMap":{"java":{"insertions":11,"deletions":5}}},{"hash":"edbe68d7716a1effd8e9b480785d97d3b3061509","isMergeCommit":false,"messageTitle":"Divide packages into 3 superpackages, command, common \u0026 data","messageBody":"","fileTypesAndContributionMap":{"java":{"insertions":68,"deletions":55}}},{"hash":"f452e0e59b6d3905c7e8d911df47279426ee95ce","isMergeCommit":false,"messageTitle":"Create command package to handle command input","messageBody":"","fileTypesAndContributionMap":{"java":{"insertions":202,"deletions":21}}},{"hash":"f246061012dba88221f108b1d004b6ff0497521d","isMergeCommit":false,"messageTitle":"Text class: Modify text to make bot closer to Raki\u0027s personality","messageBody":"","fileTypesAndContributionMap":{"java":{"insertions":43,"deletions":30}}}]},{"date":"2025-02-27","commitResults":[{"hash":"d031612bf3bdaf298c850d4477e3b3426d045a46","isMergeCommit":false,"messageTitle":"Parser class: Modify class to be instanced","messageBody":"","tags":["A-MoreOOP"],"fileTypesAndContributionMap":{"java":{"insertions":62,"deletions":47}}}]},{"date":"2025-02-28","commitResults":[{"hash":"c65d2ad7855bafe6ed89979035b80003e109f99e","isMergeCommit":false,"messageTitle":"Task class: Change dates from strings to LocalDateTime","messageBody":"","fileTypesAndContributionMap":{"java":{"insertions":148,"deletions":109}}}]},{"date":"2025-03-07","commitResults":[{"hash":"eec7f4dc7f1dcef856837f2537cfb41f7db9366a","isMergeCommit":false,"messageTitle":"Add search task function","messageBody":"","fileTypesAndContributionMap":{"java":{"insertions":91,"deletions":5}}},{"hash":"4998bc505063d0b90fc5cdb08848a5980f48d72d","isMergeCommit":true,"messageTitle":"Merge pull request #1 from HightechTR/branch-Level-8","messageBody":"Merge branch \u0027branch-Level-8\u0027","tags":["Level-8"],"fileTypesAndContributionMap":{}},{"hash":"5ee6bbce2c09d2b6c10dc2274d04acb5ea38560a","isMergeCommit":true,"messageTitle":"Merge branch \u0027master\u0027 into branch-Level-9","messageBody":"","fileTypesAndContributionMap":{}},{"hash":"5fd40ffc0bf0f76a4d81dc593af15e3d9f8ee905","isMergeCommit":false,"messageTitle":"Modify find command to updated OOP standard from Level-8","messageBody":"","fileTypesAndContributionMap":{"java":{"insertions":32,"deletions":13}}},{"hash":"6681c1719ff5a5527222736bb3777b61a0beffb8","isMergeCommit":true,"messageTitle":"Merge pull request #2 from HightechTR/branch-Level-9","messageBody":"Merge branch \u0027branch-Level-9\u0027","tags":["Level-9"],"fileTypesAndContributionMap":{}},{"hash":"f9b3d103d497a756111b441931482498e834d781","isMergeCommit":false,"messageTitle":"Add JavaDoc comments to all public methods","messageBody":"","fileTypesAndContributionMap":{"java":{"insertions":304,"deletions":36}}},{"hash":"f0f718c1d5ebd063f7cfb67402f30cbb38cef1fa","isMergeCommit":false,"messageTitle":"Text class: Update variable names to follow standard","messageBody":"","fileTypesAndContributionMap":{"java":{"insertions":10,"deletions":10}}},{"hash":"4cdbd3f2953876e09f598d659402921964bfe3f3","isMergeCommit":true,"messageTitle":"Merge pull request #3 from HightechTR/branch-A-JavaDoc","messageBody":"Merge branch \u0027branch-A-JavaDoc\u0027","tags":["A-JavaDoc"],"fileTypesAndContributionMap":{}},{"hash":"02f52d11ab06c21f2d3d4886bbecfb7220c2b370","isMergeCommit":false,"messageTitle":"Update User Guide","messageBody":"","tags":["A-UserGuide"],"fileTypesAndContributionMap":{"java":{"insertions":5,"deletions":5},"md":{"insertions":414,"deletions":14}}}]},{"date":"2025-03-09","commitResults":[{"hash":"1c10a5a82ed2e22c2198b8344c9680db0b18b82b","isMergeCommit":false,"messageTitle":"Update README.md \u0026 config.yml to minima theme","messageBody":"","fileTypesAndContributionMap":{"md":{"insertions":4,"deletions":4}}},{"hash":"fe7ca488f8b9038bda4e8079cbdcd43fdabb7e71","isMergeCommit":false,"messageTitle":"Remove config.yml theme","messageBody":"","fileTypesAndContributionMap":{"md":{"insertions":30,"deletions":48}}},{"hash":"0ce50d3554b1043206393511e2898abdde92cbdb","isMergeCommit":false,"messageTitle":"Update user guide","messageBody":"","fileTypesAndContributionMap":{"md":{"insertions":23,"deletions":23}}},{"hash":"dde14752e44b290dff09ed49617d10b330f9666b","isMergeCommit":false,"messageTitle":"Update UG \u0026 config to test kramdown format","messageBody":"","fileTypesAndContributionMap":{"md":{"insertions":22,"deletions":21}}},{"hash":"f2f0813ce8b9de4e31a41671e5619c656304db32","isMergeCommit":false,"messageTitle":"Update UG \u0026 config.yml for minima theme","messageBody":"","fileTypesAndContributionMap":{"md":{"insertions":12,"deletions":12}}},{"hash":"6d2d70c97ea069b697aca0e7792ef3e37f91838d","isMergeCommit":false,"messageTitle":"Update UG \u0026 config.yml","messageBody":"","fileTypesAndContributionMap":{"md":{"insertions":9,"deletions":10}}},{"hash":"b6e7d66305e4ff87bf9bf4d449477e019a2bb4d4","isMergeCommit":false,"messageTitle":"Update UG","messageBody":"","fileTypesAndContributionMap":{"md":{"insertions":1,"deletions":1}}},{"hash":"266af5540b5088a58495b8fd51fa4174a129d3dc","isMergeCommit":false,"messageTitle":"Add Gemfile for jekyll formatting","messageBody":"","fileTypesAndContributionMap":{"md":{"insertions":3,"deletions":2}}},{"hash":"ab881b9673dbb840ef1035d681f811f6927eacd5","isMergeCommit":false,"messageTitle":"Modify Gemfile to add admonition plugins","messageBody":"","fileTypesAndContributionMap":{"md":{"insertions":414,"deletions":0}}}]}]},"authorFileTypeContributionMap":{"HightechTR":{"java":1489,"md":840,"fxml":0,"sh":2,"bat":2,"gradle":0,"txt":10}},"authorContributionVariance":{"HightechTR":75448.195},"authorDisplayNameMap":{"HightechTR":"CS2113-F14-2 JOEL..NWEI"}}
