{"authorDailyContributionsMap":{"HightechTR":[{"date":"2025-01-23","commitResults":[{"hash":"78617cc029349b6ca5728122a5444ec6b5654a96","isMergeCommit":false,"messageTitle":"Renamed \u0026 edited TrashpanMain.java","messageBody":"","fileTypesAndContributionMap":{"java":{"insertions":12,"deletions":10}}}]},{"date":"2025-01-24","commitResults":[{"hash":"435451c5db551b509189f173cee7eaac9ce89cd1","isMergeCommit":false,"messageTitle":"added logo","messageBody":"","fileTypesAndContributionMap":{"java":{"insertions":10,"deletions":5}}},{"hash":"393be7a19acd99a7232c0407cdfbfd52de4837eb","isMergeCommit":false,"messageTitle":"added logo","messageBody":"","tags":["Level-0"],"fileTypesAndContributionMap":{"java":{"insertions":10,"deletions":5}}}]},{"date":"2025-01-30","commitResults":[{"hash":"d3bee130b198f961f9e75a53ebdc9b3322a0beb2","isMergeCommit":false,"messageTitle":"Add Echo Command","messageBody":"","tags":["Level-1"],"fileTypesAndContributionMap":{"java":{"insertions":15,"deletions":1}}},{"hash":"994ef2ee3864eedbe15730d63161f55dfa36aee6","isMergeCommit":true,"messageTitle":"Merge branch \u0027master\u0027 of github.com:HightechTR/ip","messageBody":"","fileTypesAndContributionMap":{}},{"hash":"20a2c0421032959cf45f031343638210565a13f1","isMergeCommit":true,"messageTitle":"Merge branch \u0027master\u0027 of github.com:HightechTR/ip","messageBody":"","fileTypesAndContributionMap":{}},{"hash":"443857b98d8b19b40fc35769d102f0f0017652d1","isMergeCommit":false,"messageTitle":"Add task list","messageBody":"","tags":["Level-2"],"fileTypesAndContributionMap":{"java":{"insertions":41,"deletions":13}}}]},{"date":"2025-01-31","commitResults":[{"hash":"83195510b1ac8a2bc11599ab98e55b63c8186e62","isMergeCommit":false,"messageTitle":"Add Mark as Done feature","messageBody":"","tags":["Level-3"],"fileTypesAndContributionMap":{"java":{"insertions":85,"deletions":18}}},{"hash":"68d800379066079fd2a25861e07fe574eb1766a8","isMergeCommit":false,"messageTitle":"Tweak code to follow Google coding standard","messageBody":"","fileTypesAndContributionMap":{"java":{"insertions":40,"deletions":32}}},{"hash":"1e42c35ad120e96aa3f2decaa752d423630f582a","isMergeCommit":false,"messageTitle":"Modify code to follow OOP standard","messageBody":"","fileTypesAndContributionMap":{"java":{"insertions":99,"deletions":71}}},{"hash":"fdfc628cbcb6b0a248bd12a1c65fe9f9846cf32a","isMergeCommit":false,"messageTitle":"Add JavaDoc comments to methods","messageBody":"","fileTypesAndContributionMap":{"java":{"insertions":23,"deletions":0}}},{"hash":"118390d3a0337327effb52eff428eb0136a7ed28","isMergeCommit":false,"messageTitle":"Add TrashpanText.java to store displayed text","messageBody":"","fileTypesAndContributionMap":{"java":{"insertions":46,"deletions":38}}}]},{"date":"2025-02-01","commitResults":[{"hash":"0ce92e1fa41839b9a9fe28db7123e3f019acd8c1","isMergeCommit":false,"messageTitle":"Rename TrashpanText.java to Text.java","messageBody":"","fileTypesAndContributionMap":{"java":{"insertions":2,"deletions":2}}},{"hash":"f94d99f6f4ae53b3a5b0cbb22e0f3246b26496d5","isMergeCommit":false,"messageTitle":"Tweak code for OOP style","messageBody":"","tags":["A-CodingStandard"],"fileTypesAndContributionMap":{"java":{"insertions":24,"deletions":13}}}]},{"date":"2025-02-06","commitResults":[{"hash":"9c18a25babc6efd5034a840210c08cab4dfb416b","isMergeCommit":false,"messageTitle":"Rename Task.java to Todo.java","messageBody":"","fileTypesAndContributionMap":{"java":{"insertions":10,"deletions":2}}},{"hash":"d9db5ac006083d5ac15a14a685b384b5fb76b833","isMergeCommit":false,"messageTitle":"Add deadline and event tasks","messageBody":"","fileTypesAndContributionMap":{"java":{"insertions":194,"deletions":22}}},{"hash":"dcf5228cbf16bf2ecdd0832ff201502b3892b2db","isMergeCommit":false,"messageTitle":"Include Task.java as superclass to Todo.java, Deadline.java and Event.java","messageBody":"","tags":["Level-4"],"fileTypesAndContributionMap":{"java":{"insertions":66,"deletions":39}}},{"hash":"5966d993b14e365687d00169713176dc5de4716b","isMergeCommit":false,"messageTitle":"Move methods from TrashpanMain.java to relevant classes","messageBody":"","fileTypesAndContributionMap":{"java":{"insertions":226,"deletions":227}}},{"hash":"b3771f878686171fcd0863fa81b7766f0f713911","isMergeCommit":false,"messageTitle":"Add Text UI Testing","messageBody":"","tags":["A-TextUiTesting"],"fileTypesAndContributionMap":{"txt":{"insertions":10,"deletions":0},"bat":{"insertions":2,"deletions":2},"sh":{"insertions":2,"deletions":2}}}]}]},"authorFileTypeContributionMap":{"HightechTR":{"java":410,"md":0,"fxml":0,"sh":2,"bat":2,"gradle":0,"txt":10}},"authorContributionVariance":{"HightechTR":28099.002},"authorDisplayNameMap":{"HightechTR":"JOEL..NWEI"}}
