[{"path":"README.md","fileType":"md","lines":[{"lineNumber":1,"author":{"gitId":"HTY2003"},"content":"# Frappe","lastModifiedDate":"2025-01-21","isFullCredit":false},{"lineNumber":2,"author":{"gitId":"-"},"content":"","lastModifiedDate":"2020-05-25","isFullCredit":false},{"lineNumber":3,"author":{"gitId":"HTY2003"},"content":"Welcome to the greenfield Java project known as Frappe. Given below are instructions on how to use it.","lastModifiedDate":"2025-01-21","isFullCredit":false},{"lineNumber":4,"author":{"gitId":"-"},"content":"","lastModifiedDate":"2020-05-25","isFullCredit":false},{"lineNumber":5,"author":{"gitId":"-"},"content":"## Setting up in Intellij","lastModifiedDate":"2020-05-25","isFullCredit":false},{"lineNumber":6,"author":{"gitId":"-"},"content":"","lastModifiedDate":"2020-05-25","isFullCredit":false},{"lineNumber":7,"author":{"gitId":"-"},"content":"Prerequisites: JDK 17, update Intellij to the most recent version.","lastModifiedDate":"2024-07-11","isFullCredit":false},{"lineNumber":8,"author":{"gitId":"-"},"content":"","lastModifiedDate":"2020-05-25","isFullCredit":false},{"lineNumber":9,"author":{"gitId":"-"},"content":"1. Open Intellij (if you are not in the welcome screen, click `File` \u003e `Close Project` to close the existing project first)","lastModifiedDate":"2021-01-17","isFullCredit":false},{"lineNumber":10,"author":{"gitId":"-"},"content":"1. Open the project into Intellij as follows:","lastModifiedDate":"2021-01-17","isFullCredit":false},{"lineNumber":11,"author":{"gitId":"-"},"content":"   1. Click `Open`.","lastModifiedDate":"2021-01-17","isFullCredit":false},{"lineNumber":12,"author":{"gitId":"-"},"content":"   1. Select the project directory, and click `OK`.","lastModifiedDate":"2021-01-17","isFullCredit":false},{"lineNumber":13,"author":{"gitId":"-"},"content":"   1. If there are any further prompts, accept the defaults.","lastModifiedDate":"2020-05-25","isFullCredit":false},{"lineNumber":14,"author":{"gitId":"-"},"content":"1. Configure the project to use **JDK 17** (not other versions) as explained in [here](https://www.jetbrains.com/help/idea/sdk.html#set-up-jdk).\u003cbr\u003e","lastModifiedDate":"2024-07-11","isFullCredit":false},{"lineNumber":15,"author":{"gitId":"-"},"content":"   In the same dialog, set the **Project language level** field to the `SDK default` option.","lastModifiedDate":"2021-07-29","isFullCredit":false},{"lineNumber":16,"author":{"gitId":"HTY2003"},"content":"1. After that, locate the `src/main/java/Frappe.java` file, right-click it, and choose `Run Frappe.main()` (if the code editor is showing compile errors, try restarting the IDE). If the setup is correct, you should see something like the below as the output:","lastModifiedDate":"2025-01-21","isFullCredit":false},{"lineNumber":17,"author":{"gitId":"-"},"content":"   ```","lastModifiedDate":"2020-05-25","isFullCredit":false},{"lineNumber":18,"author":{"gitId":"HTY2003"},"content":"   __________________________________________________","lastModifiedDate":"2025-01-21","isFullCredit":false},{"lineNumber":19,"author":{"gitId":"HTY2003"},"content":"   Hello! I\u0027m Frappe.","lastModifiedDate":"2025-01-21","isFullCredit":false},{"lineNumber":20,"author":{"gitId":"HTY2003"},"content":"   What can I do for you?","lastModifiedDate":"2025-01-21","isFullCredit":false},{"lineNumber":21,"author":{"gitId":"HTY2003"},"content":"   __________________________________________________","lastModifiedDate":"2025-01-21","isFullCredit":false},{"lineNumber":22,"author":{"gitId":"HTY2003"},"content":"   Bye. Hope to see you again soon!","lastModifiedDate":"2025-01-21","isFullCredit":false},{"lineNumber":23,"author":{"gitId":"HTY2003"},"content":"   __________________________________________________","lastModifiedDate":"2025-01-21","isFullCredit":false},{"lineNumber":24,"author":{"gitId":"-"},"content":"   ```","lastModifiedDate":"2020-05-25","isFullCredit":false},{"lineNumber":25,"author":{"gitId":"-"},"content":"","lastModifiedDate":"2025-01-04","isFullCredit":false},{"lineNumber":26,"author":{"gitId":"-"},"content":"**Warning:** Keep the `src\\main\\java` folder as the root folder for Java files (i.e., don\u0027t rename those folders or move Java files to another folder outside of this folder path), as this is the default location some tools (e.g., Gradle) expect to find Java files.","lastModifiedDate":"2025-01-04","isFullCredit":false}],"authorContributionMap":{"HTY2003":9,"-":17}},{"path":"docs/README.md","fileType":"md","lines":[{"lineNumber":1,"author":{"gitId":"HTY2003"},"content":"# Frappe User Guide","lastModifiedDate":"2025-01-21","isFullCredit":false},{"lineNumber":2,"author":{"gitId":"-"},"content":"","lastModifiedDate":"2019-07-29","isFullCredit":false},{"lineNumber":3,"author":{"gitId":"-"},"content":"// Update the title above to match the actual product name","lastModifiedDate":"2024-01-07","isFullCredit":false},{"lineNumber":4,"author":{"gitId":"-"},"content":"","lastModifiedDate":"2019-07-29","isFullCredit":false},{"lineNumber":5,"author":{"gitId":"-"},"content":"// Product screenshot goes here","lastModifiedDate":"2024-01-07","isFullCredit":false},{"lineNumber":6,"author":{"gitId":"-"},"content":"","lastModifiedDate":"2021-07-17","isFullCredit":false},{"lineNumber":7,"author":{"gitId":"-"},"content":"// Product intro goes here","lastModifiedDate":"2024-01-07","isFullCredit":false},{"lineNumber":8,"author":{"gitId":"-"},"content":"","lastModifiedDate":"2021-07-17","isFullCredit":false},{"lineNumber":9,"author":{"gitId":"-"},"content":"## Adding deadlines","lastModifiedDate":"2024-01-07","isFullCredit":false},{"lineNumber":10,"author":{"gitId":"-"},"content":"","lastModifiedDate":"2021-07-17","isFullCredit":false},{"lineNumber":11,"author":{"gitId":"-"},"content":"// Describe the action and its outcome.","lastModifiedDate":"2024-01-07","isFullCredit":false},{"lineNumber":12,"author":{"gitId":"-"},"content":"","lastModifiedDate":"2019-07-29","isFullCredit":false},{"lineNumber":13,"author":{"gitId":"-"},"content":"// Give examples of usage","lastModifiedDate":"2024-01-07","isFullCredit":false},{"lineNumber":14,"author":{"gitId":"-"},"content":"","lastModifiedDate":"2019-07-29","isFullCredit":false},{"lineNumber":15,"author":{"gitId":"-"},"content":"Example: `keyword (optional arguments)`","lastModifiedDate":"2024-01-07","isFullCredit":false},{"lineNumber":16,"author":{"gitId":"-"},"content":"","lastModifiedDate":"2019-07-29","isFullCredit":false},{"lineNumber":17,"author":{"gitId":"-"},"content":"// A description of the expected outcome goes here","lastModifiedDate":"2024-01-07","isFullCredit":false},{"lineNumber":18,"author":{"gitId":"-"},"content":"","lastModifiedDate":"2019-07-29","isFullCredit":false},{"lineNumber":19,"author":{"gitId":"-"},"content":"```","lastModifiedDate":"2024-01-07","isFullCredit":false},{"lineNumber":20,"author":{"gitId":"-"},"content":"expected output","lastModifiedDate":"2024-01-07","isFullCredit":false},{"lineNumber":21,"author":{"gitId":"-"},"content":"```","lastModifiedDate":"2024-01-07","isFullCredit":false},{"lineNumber":22,"author":{"gitId":"-"},"content":"","lastModifiedDate":"2019-07-29","isFullCredit":false},{"lineNumber":23,"author":{"gitId":"-"},"content":"## Feature ABC","lastModifiedDate":"2024-01-07","isFullCredit":false},{"lineNumber":24,"author":{"gitId":"-"},"content":"","lastModifiedDate":"2019-07-29","isFullCredit":false},{"lineNumber":25,"author":{"gitId":"-"},"content":"// Feature details","lastModifiedDate":"2024-01-07","isFullCredit":false},{"lineNumber":26,"author":{"gitId":"-"},"content":"","lastModifiedDate":"2019-07-29","isFullCredit":false},{"lineNumber":27,"author":{"gitId":"-"},"content":"","lastModifiedDate":"2021-07-17","isFullCredit":false},{"lineNumber":28,"author":{"gitId":"-"},"content":"## Feature XYZ","lastModifiedDate":"2024-01-07","isFullCredit":false},{"lineNumber":29,"author":{"gitId":"-"},"content":"","lastModifiedDate":"2024-01-07","isFullCredit":false},{"lineNumber":30,"author":{"gitId":"-"},"content":"// Feature details","lastModifiedDate":"2024-01-07","isFullCredit":false}],"authorContributionMap":{"HTY2003":1,"-":29}},{"path":"src/main/java/Deadline.java","fileType":"java","lines":[{"lineNumber":1,"author":{"gitId":"HTY2003"},"content":"public class Deadline extends Task {","lastModifiedDate":"2025-02-07","isFullCredit":false},{"lineNumber":2,"author":{"gitId":"HTY2003"},"content":"    protected String do_by;","lastModifiedDate":"2025-02-07","isFullCredit":false},{"lineNumber":3,"author":{"gitId":"HTY2003"},"content":"","lastModifiedDate":"2025-02-07","isFullCredit":false},{"lineNumber":4,"author":{"gitId":"HTY2003"},"content":"    public Deadline(String name, String do_by) {","lastModifiedDate":"2025-02-07","isFullCredit":false},{"lineNumber":5,"author":{"gitId":"HTY2003"},"content":"        super(name);","lastModifiedDate":"2025-02-07","isFullCredit":false},{"lineNumber":6,"author":{"gitId":"HTY2003"},"content":"        this.do_by \u003d do_by;","lastModifiedDate":"2025-02-07","isFullCredit":false},{"lineNumber":7,"author":{"gitId":"HTY2003"},"content":"    }","lastModifiedDate":"2025-02-07","isFullCredit":false},{"lineNumber":8,"author":{"gitId":"HTY2003"},"content":"","lastModifiedDate":"2025-02-07","isFullCredit":false},{"lineNumber":9,"author":{"gitId":"HTY2003"},"content":"    public void setDoBy(String do_by) {","lastModifiedDate":"2025-02-07","isFullCredit":false},{"lineNumber":10,"author":{"gitId":"HTY2003"},"content":"        this.do_by \u003d do_by;","lastModifiedDate":"2025-02-07","isFullCredit":false},{"lineNumber":11,"author":{"gitId":"HTY2003"},"content":"    }","lastModifiedDate":"2025-02-07","isFullCredit":false},{"lineNumber":12,"author":{"gitId":"HTY2003"},"content":"","lastModifiedDate":"2025-02-07","isFullCredit":false},{"lineNumber":13,"author":{"gitId":"HTY2003"},"content":"    public String getDoBy() {","lastModifiedDate":"2025-02-07","isFullCredit":false},{"lineNumber":14,"author":{"gitId":"HTY2003"},"content":"        return this.do_by;","lastModifiedDate":"2025-02-07","isFullCredit":false},{"lineNumber":15,"author":{"gitId":"HTY2003"},"content":"    }","lastModifiedDate":"2025-02-07","isFullCredit":false},{"lineNumber":16,"author":{"gitId":"HTY2003"},"content":"","lastModifiedDate":"2025-02-07","isFullCredit":false},{"lineNumber":17,"author":{"gitId":"HTY2003"},"content":"    @Override","lastModifiedDate":"2025-02-07","isFullCredit":false},{"lineNumber":18,"author":{"gitId":"HTY2003"},"content":"    public String getPrintOutput() {","lastModifiedDate":"2025-02-07","isFullCredit":false},{"lineNumber":19,"author":{"gitId":"HTY2003"},"content":"        return super.getPrintOutput() + \" (by: \" + this.do_by + \")\";","lastModifiedDate":"2025-02-07","isFullCredit":false},{"lineNumber":20,"author":{"gitId":"HTY2003"},"content":"    }","lastModifiedDate":"2025-02-07","isFullCredit":false},{"lineNumber":21,"author":{"gitId":"HTY2003"},"content":"","lastModifiedDate":"2025-02-07","isFullCredit":false},{"lineNumber":22,"author":{"gitId":"HTY2003"},"content":"    @Override","lastModifiedDate":"2025-02-07","isFullCredit":false},{"lineNumber":23,"author":{"gitId":"HTY2003"},"content":"    public String getTypeString() {","lastModifiedDate":"2025-02-07","isFullCredit":false},{"lineNumber":24,"author":{"gitId":"HTY2003"},"content":"        return \"[D]\";","lastModifiedDate":"2025-02-07","isFullCredit":false},{"lineNumber":25,"author":{"gitId":"HTY2003"},"content":"    }","lastModifiedDate":"2025-02-07","isFullCredit":false},{"lineNumber":26,"author":{"gitId":"HTY2003"},"content":"","lastModifiedDate":"2025-02-07","isFullCredit":false},{"lineNumber":27,"author":{"gitId":"HTY2003"},"content":"}","lastModifiedDate":"2025-02-07","isFullCredit":false}],"authorContributionMap":{"HTY2003":27}},{"path":"src/main/java/Event.java","fileType":"java","lines":[{"lineNumber":1,"author":{"gitId":"HTY2003"},"content":"public class Event extends Task {","lastModifiedDate":"2025-02-07","isFullCredit":false},{"lineNumber":2,"author":{"gitId":"HTY2003"},"content":"    protected String from;","lastModifiedDate":"2025-02-07","isFullCredit":false},{"lineNumber":3,"author":{"gitId":"HTY2003"},"content":"    protected String to;","lastModifiedDate":"2025-02-07","isFullCredit":false},{"lineNumber":4,"author":{"gitId":"HTY2003"},"content":"","lastModifiedDate":"2025-02-07","isFullCredit":false},{"lineNumber":5,"author":{"gitId":"HTY2003"},"content":"    public Event(String name, String from, String to) {","lastModifiedDate":"2025-02-07","isFullCredit":false},{"lineNumber":6,"author":{"gitId":"HTY2003"},"content":"        super(name);","lastModifiedDate":"2025-02-07","isFullCredit":false},{"lineNumber":7,"author":{"gitId":"HTY2003"},"content":"        this.from \u003d from;","lastModifiedDate":"2025-02-07","isFullCredit":false},{"lineNumber":8,"author":{"gitId":"HTY2003"},"content":"        this.to \u003d to;","lastModifiedDate":"2025-02-07","isFullCredit":false},{"lineNumber":9,"author":{"gitId":"HTY2003"},"content":"    }","lastModifiedDate":"2025-02-07","isFullCredit":false},{"lineNumber":10,"author":{"gitId":"HTY2003"},"content":"","lastModifiedDate":"2025-02-07","isFullCredit":false},{"lineNumber":11,"author":{"gitId":"HTY2003"},"content":"    public void setFrom(String from) {","lastModifiedDate":"2025-02-07","isFullCredit":false},{"lineNumber":12,"author":{"gitId":"HTY2003"},"content":"        this.from \u003d from;","lastModifiedDate":"2025-02-07","isFullCredit":false},{"lineNumber":13,"author":{"gitId":"HTY2003"},"content":"    }","lastModifiedDate":"2025-02-07","isFullCredit":false},{"lineNumber":14,"author":{"gitId":"HTY2003"},"content":"","lastModifiedDate":"2025-02-07","isFullCredit":false},{"lineNumber":15,"author":{"gitId":"HTY2003"},"content":"    public String getFrom() {","lastModifiedDate":"2025-02-07","isFullCredit":false},{"lineNumber":16,"author":{"gitId":"HTY2003"},"content":"        return this.from;","lastModifiedDate":"2025-02-07","isFullCredit":false},{"lineNumber":17,"author":{"gitId":"HTY2003"},"content":"    }","lastModifiedDate":"2025-02-07","isFullCredit":false},{"lineNumber":18,"author":{"gitId":"HTY2003"},"content":"","lastModifiedDate":"2025-02-07","isFullCredit":false},{"lineNumber":19,"author":{"gitId":"HTY2003"},"content":"    public void setTo(String to) {","lastModifiedDate":"2025-02-07","isFullCredit":false},{"lineNumber":20,"author":{"gitId":"HTY2003"},"content":"        this.to \u003d to;","lastModifiedDate":"2025-02-07","isFullCredit":false},{"lineNumber":21,"author":{"gitId":"HTY2003"},"content":"    }","lastModifiedDate":"2025-02-07","isFullCredit":false},{"lineNumber":22,"author":{"gitId":"HTY2003"},"content":"","lastModifiedDate":"2025-02-07","isFullCredit":false},{"lineNumber":23,"author":{"gitId":"HTY2003"},"content":"    public String getTo() {","lastModifiedDate":"2025-02-07","isFullCredit":false},{"lineNumber":24,"author":{"gitId":"HTY2003"},"content":"        return this.to;","lastModifiedDate":"2025-02-07","isFullCredit":false},{"lineNumber":25,"author":{"gitId":"HTY2003"},"content":"    }","lastModifiedDate":"2025-02-07","isFullCredit":false},{"lineNumber":26,"author":{"gitId":"HTY2003"},"content":"","lastModifiedDate":"2025-02-07","isFullCredit":false},{"lineNumber":27,"author":{"gitId":"HTY2003"},"content":"    @Override","lastModifiedDate":"2025-02-07","isFullCredit":false},{"lineNumber":28,"author":{"gitId":"HTY2003"},"content":"    public String getPrintOutput() {","lastModifiedDate":"2025-02-07","isFullCredit":false},{"lineNumber":29,"author":{"gitId":"HTY2003"},"content":"        return super.getPrintOutput() + \" (from: \" + this.from + \" to: \" + this.to + \")\";","lastModifiedDate":"2025-02-07","isFullCredit":false},{"lineNumber":30,"author":{"gitId":"HTY2003"},"content":"    }","lastModifiedDate":"2025-02-07","isFullCredit":false},{"lineNumber":31,"author":{"gitId":"HTY2003"},"content":"","lastModifiedDate":"2025-02-07","isFullCredit":false},{"lineNumber":32,"author":{"gitId":"HTY2003"},"content":"    @Override","lastModifiedDate":"2025-02-07","isFullCredit":false},{"lineNumber":33,"author":{"gitId":"HTY2003"},"content":"    public String getTypeString() {","lastModifiedDate":"2025-02-07","isFullCredit":false},{"lineNumber":34,"author":{"gitId":"HTY2003"},"content":"        return \"[E]\";","lastModifiedDate":"2025-02-07","isFullCredit":false},{"lineNumber":35,"author":{"gitId":"HTY2003"},"content":"    }","lastModifiedDate":"2025-02-07","isFullCredit":false},{"lineNumber":36,"author":{"gitId":"HTY2003"},"content":"}","lastModifiedDate":"2025-02-07","isFullCredit":false}],"authorContributionMap":{"HTY2003":36}},{"path":"src/main/java/Frappe.java","fileType":"java","lines":[{"lineNumber":1,"author":{"gitId":"HTY2003"},"content":"import java.util.Arrays;","lastModifiedDate":"2025-01-29","isFullCredit":false},{"lineNumber":2,"author":{"gitId":"HTY2003"},"content":"import java.util.Scanner;","lastModifiedDate":"2025-01-29","isFullCredit":false},{"lineNumber":3,"author":{"gitId":"HTY2003"},"content":"","lastModifiedDate":"2025-01-29","isFullCredit":false},{"lineNumber":4,"author":{"gitId":"HTY2003"},"content":"public class Frappe {","lastModifiedDate":"2025-01-21","isFullCredit":false},{"lineNumber":5,"author":{"gitId":"HTY2003"},"content":"","lastModifiedDate":"2025-01-21","isFullCredit":false},{"lineNumber":6,"author":{"gitId":"HTY2003"},"content":"    public static Task[] tasks \u003d new Task[100];","lastModifiedDate":"2025-01-29","isFullCredit":false},{"lineNumber":7,"author":{"gitId":"HTY2003"},"content":"    public static int cur_idx \u003d 0;","lastModifiedDate":"2025-01-29","isFullCredit":false},{"lineNumber":8,"author":{"gitId":"HTY2003"},"content":"","lastModifiedDate":"2025-01-29","isFullCredit":false},{"lineNumber":9,"author":{"gitId":"HTY2003"},"content":"    public static void printWelcome() {","lastModifiedDate":"2025-02-07","isFullCredit":false},{"lineNumber":10,"author":{"gitId":"HTY2003"},"content":"        System.out.println(\"Hello! I\u0027m Frappe.\");","lastModifiedDate":"2025-02-07","isFullCredit":false},{"lineNumber":11,"author":{"gitId":"HTY2003"},"content":"        System.out.println(\"What can I do for you?\");","lastModifiedDate":"2025-02-07","isFullCredit":false},{"lineNumber":12,"author":{"gitId":"HTY2003"},"content":"    }","lastModifiedDate":"2025-02-07","isFullCredit":false},{"lineNumber":13,"author":{"gitId":"HTY2003"},"content":"","lastModifiedDate":"2025-02-07","isFullCredit":false},{"lineNumber":14,"author":{"gitId":"HTY2003"},"content":"    public static void printUnderscoreLine() {","lastModifiedDate":"2025-01-21","isFullCredit":false},{"lineNumber":15,"author":{"gitId":"HTY2003"},"content":"        System.out.println(new String(new char[50]).replace(\"\\0\", \"_\")","lastModifiedDate":"2025-01-21","isFullCredit":false},{"lineNumber":16,"author":{"gitId":"HTY2003"},"content":"        );","lastModifiedDate":"2025-01-21","isFullCredit":false},{"lineNumber":17,"author":{"gitId":"HTY2003"},"content":"    }","lastModifiedDate":"2025-01-21","isFullCredit":false},{"lineNumber":18,"author":{"gitId":"HTY2003"},"content":"","lastModifiedDate":"2025-01-29","isFullCredit":false},{"lineNumber":19,"author":{"gitId":"HTY2003"},"content":"    public static void printTaskAdded(Task task) {","lastModifiedDate":"2025-02-07","isFullCredit":false},{"lineNumber":20,"author":{"gitId":"HTY2003"},"content":"        System.out.println(\"Got it. I\u0027ve added this task: \");","lastModifiedDate":"2025-02-07","isFullCredit":false},{"lineNumber":21,"author":{"gitId":"HTY2003"},"content":"        System.out.println(task.getPrintOutput());","lastModifiedDate":"2025-02-07","isFullCredit":false},{"lineNumber":22,"author":{"gitId":"HTY2003"},"content":"        System.out.println(\"Now you have \" + String.valueOf(cur_idx) + (cur_idx \u003d\u003d 1 ? \" task \" : \" tasks \") + \"in the list.\");","lastModifiedDate":"2025-02-07","isFullCredit":false},{"lineNumber":23,"author":{"gitId":"HTY2003"},"content":"    }","lastModifiedDate":"2025-02-07","isFullCredit":false},{"lineNumber":24,"author":{"gitId":"HTY2003"},"content":"","lastModifiedDate":"2025-02-07","isFullCredit":false},{"lineNumber":25,"author":{"gitId":"HTY2003"},"content":"    public static void printInvalidCommand() {","lastModifiedDate":"2025-02-07","isFullCredit":false},{"lineNumber":26,"author":{"gitId":"HTY2003"},"content":"        System.out.println(\"Invalid command format. Please try again.\");","lastModifiedDate":"2025-02-07","isFullCredit":false},{"lineNumber":27,"author":{"gitId":"HTY2003"},"content":"    }","lastModifiedDate":"2025-02-07","isFullCredit":false},{"lineNumber":28,"author":{"gitId":"HTY2003"},"content":"","lastModifiedDate":"2025-02-07","isFullCredit":false},{"lineNumber":29,"author":{"gitId":"HTY2003"},"content":"    public static void printBye() {","lastModifiedDate":"2025-02-07","isFullCredit":false},{"lineNumber":30,"author":{"gitId":"HTY2003"},"content":"        System.out.println(\"Bye. Hope to see you again soon!\");","lastModifiedDate":"2025-02-07","isFullCredit":false},{"lineNumber":31,"author":{"gitId":"HTY2003"},"content":"        printUnderscoreLine();","lastModifiedDate":"2025-02-07","isFullCredit":false},{"lineNumber":32,"author":{"gitId":"HTY2003"},"content":"    }","lastModifiedDate":"2025-02-07","isFullCredit":false},{"lineNumber":33,"author":{"gitId":"HTY2003"},"content":"","lastModifiedDate":"2025-02-07","isFullCredit":false},{"lineNumber":34,"author":{"gitId":"HTY2003"},"content":"    public static void printTasks() {","lastModifiedDate":"2025-02-07","isFullCredit":false},{"lineNumber":35,"author":{"gitId":"HTY2003"},"content":"        System.out.println(\"Here are the tasks in your list:\");","lastModifiedDate":"2025-02-07","isFullCredit":false},{"lineNumber":36,"author":{"gitId":"HTY2003"},"content":"        for (int i \u003d 0; i \u003c cur_idx; i++)","lastModifiedDate":"2025-02-07","isFullCredit":false},{"lineNumber":37,"author":{"gitId":"HTY2003"},"content":"            System.out.println(String.format(\"%d. \", i + 1) + tasks[i].getPrintOutput());","lastModifiedDate":"2025-02-07","isFullCredit":false},{"lineNumber":38,"author":{"gitId":"HTY2003"},"content":"    }","lastModifiedDate":"2025-02-07","isFullCredit":false},{"lineNumber":39,"author":{"gitId":"HTY2003"},"content":"","lastModifiedDate":"2025-02-07","isFullCredit":false},{"lineNumber":40,"author":{"gitId":"HTY2003"},"content":"    public static void updateTaskComplete(String[] words, Boolean complete) {","lastModifiedDate":"2025-01-29","isFullCredit":false},{"lineNumber":41,"author":{"gitId":"HTY2003"},"content":"","lastModifiedDate":"2025-02-07","isFullCredit":false},{"lineNumber":42,"author":{"gitId":"HTY2003"},"content":"        if (words.length \u003e\u003d 3) {","lastModifiedDate":"2025-02-07","isFullCredit":false},{"lineNumber":43,"author":{"gitId":"HTY2003"},"content":"            printInvalidCommand();","lastModifiedDate":"2025-02-07","isFullCredit":false},{"lineNumber":44,"author":{"gitId":"HTY2003"},"content":"            return;","lastModifiedDate":"2025-02-07","isFullCredit":false},{"lineNumber":45,"author":{"gitId":"HTY2003"},"content":"        }","lastModifiedDate":"2025-02-07","isFullCredit":false},{"lineNumber":46,"author":{"gitId":"HTY2003"},"content":"","lastModifiedDate":"2025-02-07","isFullCredit":false},{"lineNumber":47,"author":{"gitId":"HTY2003"},"content":"        if (words.length \u003c\u003d 1) {","lastModifiedDate":"2025-02-07","isFullCredit":false},{"lineNumber":48,"author":{"gitId":"HTY2003"},"content":"            printInvalidCommand();","lastModifiedDate":"2025-02-07","isFullCredit":false},{"lineNumber":49,"author":{"gitId":"HTY2003"},"content":"            return;","lastModifiedDate":"2025-02-07","isFullCredit":false},{"lineNumber":50,"author":{"gitId":"HTY2003"},"content":"        }","lastModifiedDate":"2025-02-07","isFullCredit":false},{"lineNumber":51,"author":{"gitId":"HTY2003"},"content":"","lastModifiedDate":"2025-02-07","isFullCredit":false},{"lineNumber":52,"author":{"gitId":"HTY2003"},"content":"        if (!(words[1].matches(\"[0-9]+\"))) {","lastModifiedDate":"2025-02-07","isFullCredit":false},{"lineNumber":53,"author":{"gitId":"HTY2003"},"content":"            printInvalidCommand();","lastModifiedDate":"2025-02-07","isFullCredit":false},{"lineNumber":54,"author":{"gitId":"HTY2003"},"content":"            return;","lastModifiedDate":"2025-02-07","isFullCredit":false},{"lineNumber":55,"author":{"gitId":"HTY2003"},"content":"        }","lastModifiedDate":"2025-02-07","isFullCredit":false},{"lineNumber":56,"author":{"gitId":"HTY2003"},"content":"","lastModifiedDate":"2025-02-07","isFullCredit":false},{"lineNumber":57,"author":{"gitId":"HTY2003"},"content":"        int idx \u003d Integer.parseInt(words[1]) - 1;","lastModifiedDate":"2025-01-29","isFullCredit":false},{"lineNumber":58,"author":{"gitId":"HTY2003"},"content":"","lastModifiedDate":"2025-02-07","isFullCredit":false},{"lineNumber":59,"author":{"gitId":"HTY2003"},"content":"        if (idx \u003c 0 || idx \u003e\u003d cur_idx) {","lastModifiedDate":"2025-02-07","isFullCredit":false},{"lineNumber":60,"author":{"gitId":"HTY2003"},"content":"            printInvalidCommand();","lastModifiedDate":"2025-02-07","isFullCredit":false},{"lineNumber":61,"author":{"gitId":"HTY2003"},"content":"            return;","lastModifiedDate":"2025-02-07","isFullCredit":false},{"lineNumber":62,"author":{"gitId":"HTY2003"},"content":"        }","lastModifiedDate":"2025-02-07","isFullCredit":false},{"lineNumber":63,"author":{"gitId":"HTY2003"},"content":"","lastModifiedDate":"2025-02-07","isFullCredit":false},{"lineNumber":64,"author":{"gitId":"HTY2003"},"content":"        tasks[idx].setComplete(complete);","lastModifiedDate":"2025-01-29","isFullCredit":false},{"lineNumber":65,"author":{"gitId":"HTY2003"},"content":"        if (complete)","lastModifiedDate":"2025-01-29","isFullCredit":false},{"lineNumber":66,"author":{"gitId":"HTY2003"},"content":"            System.out.println(\"Nice! I\u0027ve marked this task as done:\");","lastModifiedDate":"2025-01-29","isFullCredit":false},{"lineNumber":67,"author":{"gitId":"HTY2003"},"content":"        else","lastModifiedDate":"2025-01-29","isFullCredit":false},{"lineNumber":68,"author":{"gitId":"HTY2003"},"content":"            System.out.println(\"OK, I\u0027ve marked this task as not done yet:\");","lastModifiedDate":"2025-01-29","isFullCredit":false},{"lineNumber":69,"author":{"gitId":"HTY2003"},"content":"        System.out.println(tasks[idx].getPrintOutput());","lastModifiedDate":"2025-01-29","isFullCredit":false},{"lineNumber":70,"author":{"gitId":"HTY2003"},"content":"    }","lastModifiedDate":"2025-02-07","isFullCredit":false},{"lineNumber":71,"author":{"gitId":"HTY2003"},"content":"","lastModifiedDate":"2025-02-07","isFullCredit":false},{"lineNumber":72,"author":{"gitId":"HTY2003"},"content":"    public static void addTodo(String[] words) {","lastModifiedDate":"2025-02-07","isFullCredit":false},{"lineNumber":73,"author":{"gitId":"HTY2003"},"content":"        String[] pre_input \u003d Arrays.copyOfRange(words, 1, words.length);","lastModifiedDate":"2025-02-07","isFullCredit":false},{"lineNumber":74,"author":{"gitId":"HTY2003"},"content":"        String name \u003d String.join(\" \", pre_input).trim();","lastModifiedDate":"2025-02-07","isFullCredit":false},{"lineNumber":75,"author":{"gitId":"HTY2003"},"content":"","lastModifiedDate":"2025-02-07","isFullCredit":false},{"lineNumber":76,"author":{"gitId":"HTY2003"},"content":"        if (name.length() \u003d\u003d 0) {","lastModifiedDate":"2025-02-07","isFullCredit":false},{"lineNumber":77,"author":{"gitId":"HTY2003"},"content":"            printInvalidCommand();","lastModifiedDate":"2025-02-07","isFullCredit":false},{"lineNumber":78,"author":{"gitId":"HTY2003"},"content":"            return;","lastModifiedDate":"2025-02-07","isFullCredit":false},{"lineNumber":79,"author":{"gitId":"HTY2003"},"content":"        }","lastModifiedDate":"2025-02-07","isFullCredit":false},{"lineNumber":80,"author":{"gitId":"HTY2003"},"content":"","lastModifiedDate":"2025-02-07","isFullCredit":false},{"lineNumber":81,"author":{"gitId":"HTY2003"},"content":"        tasks[cur_idx] \u003d new Todo(name);","lastModifiedDate":"2025-02-07","isFullCredit":false},{"lineNumber":82,"author":{"gitId":"HTY2003"},"content":"        cur_idx++;","lastModifiedDate":"2025-02-07","isFullCredit":false},{"lineNumber":83,"author":{"gitId":"HTY2003"},"content":"        printTaskAdded(tasks[cur_idx - 1]);","lastModifiedDate":"2025-02-07","isFullCredit":false},{"lineNumber":84,"author":{"gitId":"HTY2003"},"content":"    }","lastModifiedDate":"2025-02-07","isFullCredit":false},{"lineNumber":85,"author":{"gitId":"HTY2003"},"content":"","lastModifiedDate":"2025-02-07","isFullCredit":false},{"lineNumber":86,"author":{"gitId":"HTY2003"},"content":"    public static void addDeadline(String[] words) {","lastModifiedDate":"2025-02-07","isFullCredit":false},{"lineNumber":87,"author":{"gitId":"HTY2003"},"content":"        String[] pre_input \u003d Arrays.copyOfRange(words, 1, words.length);","lastModifiedDate":"2025-02-07","isFullCredit":false},{"lineNumber":88,"author":{"gitId":"HTY2003"},"content":"        String[] input \u003d String.join(\" \", pre_input).split(\"/by \");","lastModifiedDate":"2025-02-07","isFullCredit":false},{"lineNumber":89,"author":{"gitId":"HTY2003"},"content":"","lastModifiedDate":"2025-02-07","isFullCredit":false},{"lineNumber":90,"author":{"gitId":"HTY2003"},"content":"        if (input.length !\u003d 2) {","lastModifiedDate":"2025-02-07","isFullCredit":false},{"lineNumber":91,"author":{"gitId":"HTY2003"},"content":"            printInvalidCommand();","lastModifiedDate":"2025-02-07","isFullCredit":false},{"lineNumber":92,"author":{"gitId":"HTY2003"},"content":"            return;","lastModifiedDate":"2025-02-07","isFullCredit":false},{"lineNumber":93,"author":{"gitId":"HTY2003"},"content":"        }","lastModifiedDate":"2025-02-07","isFullCredit":false},{"lineNumber":94,"author":{"gitId":"HTY2003"},"content":"","lastModifiedDate":"2025-02-07","isFullCredit":false},{"lineNumber":95,"author":{"gitId":"HTY2003"},"content":"        String name \u003d input[0].trim();","lastModifiedDate":"2025-02-07","isFullCredit":false},{"lineNumber":96,"author":{"gitId":"HTY2003"},"content":"        String by \u003d input[1].trim();","lastModifiedDate":"2025-02-07","isFullCredit":false},{"lineNumber":97,"author":{"gitId":"HTY2003"},"content":"","lastModifiedDate":"2025-02-07","isFullCredit":false},{"lineNumber":98,"author":{"gitId":"HTY2003"},"content":"        if (name.length() \u003d\u003d 0 || by.length() \u003d\u003d 0) {","lastModifiedDate":"2025-02-07","isFullCredit":false},{"lineNumber":99,"author":{"gitId":"HTY2003"},"content":"            printInvalidCommand();","lastModifiedDate":"2025-02-07","isFullCredit":false},{"lineNumber":100,"author":{"gitId":"HTY2003"},"content":"            return;","lastModifiedDate":"2025-02-07","isFullCredit":false},{"lineNumber":101,"author":{"gitId":"HTY2003"},"content":"        }","lastModifiedDate":"2025-02-07","isFullCredit":false},{"lineNumber":102,"author":{"gitId":"HTY2003"},"content":"","lastModifiedDate":"2025-02-07","isFullCredit":false},{"lineNumber":103,"author":{"gitId":"HTY2003"},"content":"        tasks[cur_idx] \u003d new Deadline(name, by);","lastModifiedDate":"2025-02-07","isFullCredit":false},{"lineNumber":104,"author":{"gitId":"HTY2003"},"content":"        cur_idx++;","lastModifiedDate":"2025-02-07","isFullCredit":false},{"lineNumber":105,"author":{"gitId":"HTY2003"},"content":"        printTaskAdded(tasks[cur_idx - 1]);","lastModifiedDate":"2025-02-07","isFullCredit":false},{"lineNumber":106,"author":{"gitId":"HTY2003"},"content":"    }","lastModifiedDate":"2025-02-07","isFullCredit":false},{"lineNumber":107,"author":{"gitId":"HTY2003"},"content":"","lastModifiedDate":"2025-02-07","isFullCredit":false},{"lineNumber":108,"author":{"gitId":"HTY2003"},"content":"    public static void addEvent(String[] words) {","lastModifiedDate":"2025-02-07","isFullCredit":false},{"lineNumber":109,"author":{"gitId":"HTY2003"},"content":"        String[] pre_input \u003d Arrays.copyOfRange(words, 1, words.length);","lastModifiedDate":"2025-02-07","isFullCredit":false},{"lineNumber":110,"author":{"gitId":"HTY2003"},"content":"        String[] input \u003d String.join(\" \", pre_input).split(\"/from \");","lastModifiedDate":"2025-02-07","isFullCredit":false},{"lineNumber":111,"author":{"gitId":"HTY2003"},"content":"","lastModifiedDate":"2025-02-07","isFullCredit":false},{"lineNumber":112,"author":{"gitId":"HTY2003"},"content":"        if (input.length !\u003d 2) {","lastModifiedDate":"2025-02-07","isFullCredit":false},{"lineNumber":113,"author":{"gitId":"HTY2003"},"content":"            printInvalidCommand();","lastModifiedDate":"2025-02-07","isFullCredit":false},{"lineNumber":114,"author":{"gitId":"HTY2003"},"content":"            return;","lastModifiedDate":"2025-02-07","isFullCredit":false},{"lineNumber":115,"author":{"gitId":"HTY2003"},"content":"        }","lastModifiedDate":"2025-02-07","isFullCredit":false},{"lineNumber":116,"author":{"gitId":"HTY2003"},"content":"","lastModifiedDate":"2025-02-07","isFullCredit":false},{"lineNumber":117,"author":{"gitId":"HTY2003"},"content":"        String[] input2 \u003d input[1].split(\"/to\");","lastModifiedDate":"2025-02-07","isFullCredit":false},{"lineNumber":118,"author":{"gitId":"HTY2003"},"content":"","lastModifiedDate":"2025-02-07","isFullCredit":false},{"lineNumber":119,"author":{"gitId":"HTY2003"},"content":"        if (input2.length !\u003d 2) {","lastModifiedDate":"2025-02-07","isFullCredit":false},{"lineNumber":120,"author":{"gitId":"HTY2003"},"content":"            printInvalidCommand();","lastModifiedDate":"2025-02-07","isFullCredit":false},{"lineNumber":121,"author":{"gitId":"HTY2003"},"content":"            return;","lastModifiedDate":"2025-02-07","isFullCredit":false},{"lineNumber":122,"author":{"gitId":"HTY2003"},"content":"        }","lastModifiedDate":"2025-02-07","isFullCredit":false},{"lineNumber":123,"author":{"gitId":"HTY2003"},"content":"","lastModifiedDate":"2025-02-07","isFullCredit":false},{"lineNumber":124,"author":{"gitId":"HTY2003"},"content":"        String name \u003d input[0].trim();","lastModifiedDate":"2025-02-07","isFullCredit":false},{"lineNumber":125,"author":{"gitId":"HTY2003"},"content":"        String from \u003d input2[0].trim();","lastModifiedDate":"2025-02-07","isFullCredit":false},{"lineNumber":126,"author":{"gitId":"HTY2003"},"content":"        String to \u003d input2[1].trim();","lastModifiedDate":"2025-02-07","isFullCredit":false},{"lineNumber":127,"author":{"gitId":"HTY2003"},"content":"","lastModifiedDate":"2025-02-07","isFullCredit":false},{"lineNumber":128,"author":{"gitId":"HTY2003"},"content":"        if (name.length() \u003d\u003d 0 || from.length() \u003d\u003d 0 || to.length() \u003d\u003d 0) {","lastModifiedDate":"2025-02-07","isFullCredit":false},{"lineNumber":129,"author":{"gitId":"HTY2003"},"content":"            printInvalidCommand();","lastModifiedDate":"2025-02-07","isFullCredit":false},{"lineNumber":130,"author":{"gitId":"HTY2003"},"content":"            return;","lastModifiedDate":"2025-02-07","isFullCredit":false},{"lineNumber":131,"author":{"gitId":"HTY2003"},"content":"        }","lastModifiedDate":"2025-02-07","isFullCredit":false},{"lineNumber":132,"author":{"gitId":"HTY2003"},"content":"","lastModifiedDate":"2025-02-07","isFullCredit":false},{"lineNumber":133,"author":{"gitId":"HTY2003"},"content":"        tasks[cur_idx] \u003d new Event(name, from, to);","lastModifiedDate":"2025-02-07","isFullCredit":false},{"lineNumber":134,"author":{"gitId":"HTY2003"},"content":"        cur_idx++;","lastModifiedDate":"2025-02-07","isFullCredit":false},{"lineNumber":135,"author":{"gitId":"HTY2003"},"content":"        printTaskAdded(tasks[cur_idx - 1]);","lastModifiedDate":"2025-02-07","isFullCredit":false},{"lineNumber":136,"author":{"gitId":"HTY2003"},"content":"    }","lastModifiedDate":"2025-01-29","isFullCredit":false},{"lineNumber":137,"author":{"gitId":"HTY2003"},"content":"","lastModifiedDate":"2025-01-29","isFullCredit":false},{"lineNumber":138,"author":{"gitId":"HTY2003"},"content":"    public static void main(String[] args) {","lastModifiedDate":"2025-01-29","isFullCredit":false},{"lineNumber":139,"author":{"gitId":"HTY2003"},"content":"        printUnderscoreLine();","lastModifiedDate":"2025-01-21","isFullCredit":false},{"lineNumber":140,"author":{"gitId":"HTY2003"},"content":"        printWelcome();","lastModifiedDate":"2025-02-07","isFullCredit":false},{"lineNumber":141,"author":{"gitId":"HTY2003"},"content":"        printUnderscoreLine();","lastModifiedDate":"2025-01-21","isFullCredit":false},{"lineNumber":142,"author":{"gitId":"HTY2003"},"content":"","lastModifiedDate":"2025-01-29","isFullCredit":false},{"lineNumber":143,"author":{"gitId":"HTY2003"},"content":"        while (true) {","lastModifiedDate":"2025-01-29","isFullCredit":false},{"lineNumber":144,"author":{"gitId":"HTY2003"},"content":"            Scanner in \u003d new Scanner(System.in);","lastModifiedDate":"2025-01-29","isFullCredit":false},{"lineNumber":145,"author":{"gitId":"HTY2003"},"content":"            String input \u003d in.nextLine().trim();","lastModifiedDate":"2025-01-29","isFullCredit":false},{"lineNumber":146,"author":{"gitId":"HTY2003"},"content":"","lastModifiedDate":"2025-01-29","isFullCredit":false},{"lineNumber":147,"author":{"gitId":"HTY2003"},"content":"            printUnderscoreLine();","lastModifiedDate":"2025-01-29","isFullCredit":false},{"lineNumber":148,"author":{"gitId":"HTY2003"},"content":"","lastModifiedDate":"2025-02-07","isFullCredit":false},{"lineNumber":149,"author":{"gitId":"HTY2003"},"content":"            if (input.equals(\"bye\")) {","lastModifiedDate":"2025-01-29","isFullCredit":false},{"lineNumber":150,"author":{"gitId":"HTY2003"},"content":"                printBye();","lastModifiedDate":"2025-02-07","isFullCredit":false},{"lineNumber":151,"author":{"gitId":"HTY2003"},"content":"                break;","lastModifiedDate":"2025-01-29","isFullCredit":false},{"lineNumber":152,"author":{"gitId":"HTY2003"},"content":"            }","lastModifiedDate":"2025-02-07","isFullCredit":false},{"lineNumber":153,"author":{"gitId":"HTY2003"},"content":"","lastModifiedDate":"2025-02-07","isFullCredit":false},{"lineNumber":154,"author":{"gitId":"HTY2003"},"content":"            String[] words \u003d input.split(\" \");","lastModifiedDate":"2025-01-29","isFullCredit":false},{"lineNumber":155,"author":{"gitId":"HTY2003"},"content":"","lastModifiedDate":"2025-02-07","isFullCredit":false},{"lineNumber":156,"author":{"gitId":"HTY2003"},"content":"            switch (words[0]) {","lastModifiedDate":"2025-02-07","isFullCredit":false},{"lineNumber":157,"author":{"gitId":"HTY2003"},"content":"            case \"list\":","lastModifiedDate":"2025-01-29","isFullCredit":false},{"lineNumber":158,"author":{"gitId":"HTY2003"},"content":"                printTasks();","lastModifiedDate":"2025-02-07","isFullCredit":false},{"lineNumber":159,"author":{"gitId":"HTY2003"},"content":"                break;","lastModifiedDate":"2025-01-29","isFullCredit":false},{"lineNumber":160,"author":{"gitId":"HTY2003"},"content":"            case \"mark\":","lastModifiedDate":"2025-01-29","isFullCredit":false},{"lineNumber":161,"author":{"gitId":"HTY2003"},"content":"                updateTaskComplete(words, true);","lastModifiedDate":"2025-01-29","isFullCredit":false},{"lineNumber":162,"author":{"gitId":"HTY2003"},"content":"                break;","lastModifiedDate":"2025-01-29","isFullCredit":false},{"lineNumber":163,"author":{"gitId":"HTY2003"},"content":"            case \"unmark\":","lastModifiedDate":"2025-01-29","isFullCredit":false},{"lineNumber":164,"author":{"gitId":"HTY2003"},"content":"                updateTaskComplete(words, false);","lastModifiedDate":"2025-01-29","isFullCredit":false},{"lineNumber":165,"author":{"gitId":"HTY2003"},"content":"                break;","lastModifiedDate":"2025-01-29","isFullCredit":false},{"lineNumber":166,"author":{"gitId":"HTY2003"},"content":"            case \"todo\":","lastModifiedDate":"2025-02-07","isFullCredit":false},{"lineNumber":167,"author":{"gitId":"HTY2003"},"content":"                addTodo(words);","lastModifiedDate":"2025-02-07","isFullCredit":false},{"lineNumber":168,"author":{"gitId":"HTY2003"},"content":"                break;","lastModifiedDate":"2025-02-07","isFullCredit":false},{"lineNumber":169,"author":{"gitId":"HTY2003"},"content":"            case \"deadline\":","lastModifiedDate":"2025-02-07","isFullCredit":false},{"lineNumber":170,"author":{"gitId":"HTY2003"},"content":"                addDeadline(words);","lastModifiedDate":"2025-02-07","isFullCredit":false},{"lineNumber":171,"author":{"gitId":"HTY2003"},"content":"                break;","lastModifiedDate":"2025-02-07","isFullCredit":false},{"lineNumber":172,"author":{"gitId":"HTY2003"},"content":"            case \"event\":","lastModifiedDate":"2025-02-07","isFullCredit":false},{"lineNumber":173,"author":{"gitId":"HTY2003"},"content":"                addEvent(words);","lastModifiedDate":"2025-02-07","isFullCredit":false},{"lineNumber":174,"author":{"gitId":"HTY2003"},"content":"                break;","lastModifiedDate":"2025-02-07","isFullCredit":false},{"lineNumber":175,"author":{"gitId":"HTY2003"},"content":"            default:","lastModifiedDate":"2025-02-07","isFullCredit":false},{"lineNumber":176,"author":{"gitId":"HTY2003"},"content":"                printInvalidCommand();","lastModifiedDate":"2025-02-07","isFullCredit":false},{"lineNumber":177,"author":{"gitId":"HTY2003"},"content":"            }","lastModifiedDate":"2025-01-29","isFullCredit":false},{"lineNumber":178,"author":{"gitId":"HTY2003"},"content":"","lastModifiedDate":"2025-02-07","isFullCredit":false},{"lineNumber":179,"author":{"gitId":"HTY2003"},"content":"            printUnderscoreLine();","lastModifiedDate":"2025-01-29","isFullCredit":false},{"lineNumber":180,"author":{"gitId":"HTY2003"},"content":"        }","lastModifiedDate":"2025-01-29","isFullCredit":false},{"lineNumber":181,"author":{"gitId":"HTY2003"},"content":"    }","lastModifiedDate":"2025-01-21","isFullCredit":false},{"lineNumber":182,"author":{"gitId":"HTY2003"},"content":"}","lastModifiedDate":"2025-01-21","isFullCredit":false}],"authorContributionMap":{"HTY2003":182}},{"path":"src/main/java/Task.java","fileType":"java","lines":[{"lineNumber":1,"author":{"gitId":"HTY2003"},"content":"public class Task {","lastModifiedDate":"2025-01-29","isFullCredit":false},{"lineNumber":2,"author":{"gitId":"HTY2003"},"content":"    protected String name;","lastModifiedDate":"2025-01-29","isFullCredit":false},{"lineNumber":3,"author":{"gitId":"HTY2003"},"content":"    protected boolean complete;","lastModifiedDate":"2025-01-29","isFullCredit":false},{"lineNumber":4,"author":{"gitId":"HTY2003"},"content":"","lastModifiedDate":"2025-01-29","isFullCredit":false},{"lineNumber":5,"author":{"gitId":"HTY2003"},"content":"    public Task(String name) {","lastModifiedDate":"2025-01-29","isFullCredit":false},{"lineNumber":6,"author":{"gitId":"HTY2003"},"content":"        this.name \u003d name;","lastModifiedDate":"2025-01-29","isFullCredit":false},{"lineNumber":7,"author":{"gitId":"HTY2003"},"content":"        this.complete \u003d false;","lastModifiedDate":"2025-01-29","isFullCredit":false},{"lineNumber":8,"author":{"gitId":"HTY2003"},"content":"    }","lastModifiedDate":"2025-01-29","isFullCredit":false},{"lineNumber":9,"author":{"gitId":"HTY2003"},"content":"","lastModifiedDate":"2025-01-29","isFullCredit":false},{"lineNumber":10,"author":{"gitId":"HTY2003"},"content":"    public String getPrintOutput() {","lastModifiedDate":"2025-01-29","isFullCredit":false},{"lineNumber":11,"author":{"gitId":"HTY2003"},"content":"        return this.getTypeString() + (complete ? \"[X] \" : \"[ ] \") + this.name;","lastModifiedDate":"2025-02-07","isFullCredit":false},{"lineNumber":12,"author":{"gitId":"HTY2003"},"content":"    }","lastModifiedDate":"2025-01-29","isFullCredit":false},{"lineNumber":13,"author":{"gitId":"HTY2003"},"content":"","lastModifiedDate":"2025-01-29","isFullCredit":false},{"lineNumber":14,"author":{"gitId":"HTY2003"},"content":"    public void setComplete(Boolean complete) {","lastModifiedDate":"2025-01-29","isFullCredit":false},{"lineNumber":15,"author":{"gitId":"HTY2003"},"content":"        this.complete \u003d complete;","lastModifiedDate":"2025-01-29","isFullCredit":false},{"lineNumber":16,"author":{"gitId":"HTY2003"},"content":"    }","lastModifiedDate":"2025-01-29","isFullCredit":false},{"lineNumber":17,"author":{"gitId":"HTY2003"},"content":"","lastModifiedDate":"2025-01-29","isFullCredit":false},{"lineNumber":18,"author":{"gitId":"HTY2003"},"content":"    public Boolean getComplete() {","lastModifiedDate":"2025-01-29","isFullCredit":false},{"lineNumber":19,"author":{"gitId":"HTY2003"},"content":"        return this.complete;","lastModifiedDate":"2025-01-29","isFullCredit":false},{"lineNumber":20,"author":{"gitId":"HTY2003"},"content":"    }","lastModifiedDate":"2025-01-29","isFullCredit":false},{"lineNumber":21,"author":{"gitId":"HTY2003"},"content":"","lastModifiedDate":"2025-01-29","isFullCredit":false},{"lineNumber":22,"author":{"gitId":"HTY2003"},"content":"    public void setName(String name) {","lastModifiedDate":"2025-01-29","isFullCredit":false},{"lineNumber":23,"author":{"gitId":"HTY2003"},"content":"        this.name \u003d name;","lastModifiedDate":"2025-01-29","isFullCredit":false},{"lineNumber":24,"author":{"gitId":"HTY2003"},"content":"    }","lastModifiedDate":"2025-01-29","isFullCredit":false},{"lineNumber":25,"author":{"gitId":"HTY2003"},"content":"","lastModifiedDate":"2025-01-29","isFullCredit":false},{"lineNumber":26,"author":{"gitId":"HTY2003"},"content":"    public String getName() {","lastModifiedDate":"2025-01-29","isFullCredit":false},{"lineNumber":27,"author":{"gitId":"HTY2003"},"content":"        return this.name;","lastModifiedDate":"2025-01-29","isFullCredit":false},{"lineNumber":28,"author":{"gitId":"HTY2003"},"content":"    }","lastModifiedDate":"2025-01-29","isFullCredit":false},{"lineNumber":29,"author":{"gitId":"HTY2003"},"content":"","lastModifiedDate":"2025-02-07","isFullCredit":false},{"lineNumber":30,"author":{"gitId":"HTY2003"},"content":"    public String getTypeString() {","lastModifiedDate":"2025-02-07","isFullCredit":false},{"lineNumber":31,"author":{"gitId":"HTY2003"},"content":"        return \"[ ]\";","lastModifiedDate":"2025-02-07","isFullCredit":false},{"lineNumber":32,"author":{"gitId":"HTY2003"},"content":"    }","lastModifiedDate":"2025-02-07","isFullCredit":false},{"lineNumber":33,"author":{"gitId":"HTY2003"},"content":"}","lastModifiedDate":"2025-01-29","isFullCredit":false}],"authorContributionMap":{"HTY2003":33}},{"path":"src/main/java/Todo.java","fileType":"java","lines":[{"lineNumber":1,"author":{"gitId":"HTY2003"},"content":"public class Todo extends Task {","lastModifiedDate":"2025-02-07","isFullCredit":false},{"lineNumber":2,"author":{"gitId":"HTY2003"},"content":"","lastModifiedDate":"2025-02-07","isFullCredit":false},{"lineNumber":3,"author":{"gitId":"HTY2003"},"content":"    public Todo(String name) {","lastModifiedDate":"2025-02-07","isFullCredit":false},{"lineNumber":4,"author":{"gitId":"HTY2003"},"content":"        super(name);","lastModifiedDate":"2025-02-07","isFullCredit":false},{"lineNumber":5,"author":{"gitId":"HTY2003"},"content":"    }","lastModifiedDate":"2025-02-07","isFullCredit":false},{"lineNumber":6,"author":{"gitId":"HTY2003"},"content":"","lastModifiedDate":"2025-02-07","isFullCredit":false},{"lineNumber":7,"author":{"gitId":"HTY2003"},"content":"    @Override","lastModifiedDate":"2025-02-07","isFullCredit":false},{"lineNumber":8,"author":{"gitId":"HTY2003"},"content":"    public String getTypeString() {","lastModifiedDate":"2025-02-07","isFullCredit":false},{"lineNumber":9,"author":{"gitId":"HTY2003"},"content":"        return \"[T]\";","lastModifiedDate":"2025-02-07","isFullCredit":false},{"lineNumber":10,"author":{"gitId":"HTY2003"},"content":"    }","lastModifiedDate":"2025-02-07","isFullCredit":false},{"lineNumber":11,"author":{"gitId":"HTY2003"},"content":"}","lastModifiedDate":"2025-02-07","isFullCredit":false}],"authorContributionMap":{"HTY2003":11}}]
