{"authorDailyContributionsMap":{"HTY2003":[{"date":"2025-01-21","commitResults":[{"hash":"a2997c7eff1c7c8d075999cde44bb3a84d8a7740","isMergeCommit":false,"messageTitle":"Rename Duke to Java, add greet and exit","messageBody":"","tags":["Level-0"],"fileTypesAndContributionMap":{"java":{"insertions":15,"deletions":10},"md":{"insertions":10,"deletions":10}}}]},{"date":"2025-01-29","commitResults":[{"hash":"dac5b612e8353346736adb284215e57a966957a7","isMergeCommit":false,"messageTitle":"Make bot echo user input and exit when input is \"bye\"","messageBody":"","tags":["Level-1"],"fileTypesAndContributionMap":{"java":{"insertions":18,"deletions":2}}},{"hash":"e6bcf5b503a1d90d996d503ec7e45002f0b083c2","isMergeCommit":false,"messageTitle":"Add ability to store user input and display when requested","messageBody":"","tags":["Level-2"],"fileTypesAndContributionMap":{"java":{"insertions":15,"deletions":1}}},{"hash":"07c6f6983cb9e87defa1cd435aba0e76c711dc1d","isMergeCommit":false,"messageTitle":"Add Task class","messageBody":"","fileTypesAndContributionMap":{"java":{"insertions":29,"deletions":0}}},{"hash":"928fb79967123805354a357bc7dd3f9ce875d003","isMergeCommit":false,"messageTitle":"Add ability to mark/unmark tasks as done, and use better input handling","messageBody":"","fileTypesAndContributionMap":{"java":{"insertions":41,"deletions":12}}},{"hash":"69bf1e06f916c5dcc93c8c3a6c602b02f6a173b0","isMergeCommit":false,"messageTitle":"Handle non-numerical inputs when marking/unmarking, follow SE-EDU\u0027s recommended code style","messageBody":"","tags":["Level-3","A-CodingStandard"],"fileTypesAndContributionMap":{"java":{"insertions":12,"deletions":9}}}]},{"date":"2025-02-07","commitResults":[{"hash":"11f16b18765d75346da832eca4b7471eec989073","isMergeCommit":false,"messageTitle":"Add Deadline \u0026 Event as Task subclasses, indicate class in getPrintOutput()","messageBody":"","fileTypesAndContributionMap":{"java":{"insertions":68,"deletions":1}}},{"hash":"44334af9eda351bd04fcbae895ed6838fd46419c","isMergeCommit":false,"messageTitle":"Add support for tracking Tasks (ToDos), Deadlines and Events","messageBody":"","tags":["Level-4"],"fileTypesAndContributionMap":{"java":{"insertions":64,"deletions":12}}},{"hash":"3bd475d7b87061aac4c6b9b8aff8d4f820b65e6c","isMergeCommit":false,"messageTitle":"Split Task class into Task parent + Todo subclass","messageBody":"","fileTypesAndContributionMap":{"java":{"insertions":12,"deletions":1}}},{"hash":"2202e4af0266d123c2c04faa0e41e917c89cd025","isMergeCommit":false,"messageTitle":"Improve code quality by lowering arrowheads and adding more abstractions","messageBody":"","tags":["A-CodeQuality"],"fileTypesAndContributionMap":{"java":{"insertions":138,"deletions":85}}}]}]},"authorFileTypeContributionMap":{"HTY2003":{"java":289,"md":10,"fxml":0,"sh":0,"bat":0,"gradle":0,"txt":0}},"authorContributionVariance":{"HTY2003":5362.043},"authorDisplayNameMap":{"HTY2003":"HENG..G YI"}}
