{"authorDailyContributionsMap":{"itsjoelha":[{"date":"2025-01-19","commitResults":[{"hash":"9a63ebe61e8b4af806d7bf389437a6dd4305536e","isMergeCommit":false,"messageTitle":"Level 0: Rename, Greet, Exit","messageBody":"","tags":["Level-0"],"fileTypesAndContributionMap":{"java":{"insertions":6,"deletions":1}}},{"hash":"4415ca0eed0653d9d09917fdf18e64a9fea33499","isMergeCommit":false,"messageTitle":"Add lines Level 0","messageBody":"","fileTypesAndContributionMap":{"java":{"insertions":3,"deletions":0}}}]},{"date":"2025-01-26","commitResults":[{"hash":"6bb2402551813a98435cff37eebd8b6b5d20f60c","isMergeCommit":false,"messageTitle":"Level-1 Echo","messageBody":"","tags":["Level-1"],"fileTypesAndContributionMap":{"java":{"insertions":16,"deletions":10}}},{"hash":"a9d2b6f3a9cb69a89fe81f0b979c40fd67e8d1c5","isMergeCommit":false,"messageTitle":"Added tasks \u0026 list","messageBody":"","tags":["Level-2"],"fileTypesAndContributionMap":{"java":{"insertions":25,"deletions":2}}},{"hash":"21814cf52c425eb1fd0371e3731d2de4fe662794","isMergeCommit":false,"messageTitle":"Mark \u0026 unmark tasks","messageBody":"","tags":["Level-3"],"fileTypesAndContributionMap":{"java":{"insertions":62,"deletions":4}}}]},{"date":"2025-02-02","commitResults":[{"hash":"d2b21a4f2cf3c25da60152eeb0162864a0f4fdde","isMergeCommit":false,"messageTitle":"Updated task messages \u0026 tag","messageBody":"","fileTypesAndContributionMap":{"java":{"insertions":3,"deletions":3}}}]},{"date":"2025-02-03","commitResults":[{"hash":"215021d940a36cd4a5bf01e459daa0166309889e","isMergeCommit":false,"messageTitle":"Add constant DASH_LINE","messageBody":"","fileTypesAndContributionMap":{"java":{"insertions":11,"deletions":10}}},{"hash":"c87080c372e29870bfb6b953b0e298d6d9021025","isMergeCommit":false,"messageTitle":"Update UI with more dashes","messageBody":"","tags":["A-Classes"],"fileTypesAndContributionMap":{"java":{"insertions":4,"deletions":0}}},{"hash":"7da972dd8c1173c69f4d155493525d62a6942603","isMergeCommit":false,"messageTitle":"Refactor code to minimize DASH_LINE usage","messageBody":"","tags":["A-CodingStandard"],"fileTypesAndContributionMap":{"java":{"insertions":2,"deletions":4}}},{"hash":"3b723d12ca960012dc3778d845adfcc9ede74480","isMergeCommit":true,"messageTitle":"Merge branch \u0027master\u0027 of https://github.com/itsjoelha/ip","messageBody":"","fileTypesAndContributionMap":{}}]},{"date":"2025-02-04","commitResults":[{"hash":"6f3ec83b35cc437eb3aaa0b8bbb7545c20c22b85","isMergeCommit":false,"messageTitle":"Create Todo class","messageBody":"","fileTypesAndContributionMap":{"java":{"insertions":5,"deletions":0}}},{"hash":"ac03a6722888090e5c3dac0c84e5f31fa8ca54e4","isMergeCommit":false,"messageTitle":"Create Deadline class","messageBody":"","fileTypesAndContributionMap":{"java":{"insertions":13,"deletions":0}}},{"hash":"1eee6a0b80b0c10caf00f86ef472928646a6f756","isMergeCommit":false,"messageTitle":"Create Event class","messageBody":"","fileTypesAndContributionMap":{"java":{"insertions":15,"deletions":0}}},{"hash":"e0dc08a21acfdce96f8c3f3a45bc6203600be9ef","isMergeCommit":false,"messageTitle":"Include task types","messageBody":"","fileTypesAndContributionMap":{"java":{"insertions":5,"deletions":2}}},{"hash":"89fbeab2445384d04a11ffae6888a38ff1c33012","isMergeCommit":false,"messageTitle":"Added Todo, Deadline \u0026 Event commands","messageBody":"","fileTypesAndContributionMap":{"java":{"insertions":42,"deletions":1}}},{"hash":"df33e5e723e34961f45389d928bbd0a9421464c7","isMergeCommit":false,"messageTitle":"Update event status \u0026 icon","messageBody":"","fileTypesAndContributionMap":{"java":{"insertions":2,"deletions":2}}},{"hash":"e1e591c7a6cb97b0e9e2e8f40cc01e47b9f4d184","isMergeCommit":false,"messageTitle":"Revert \"Update event status \u0026 icon\"","messageBody":"This reverts commit df33e5e723e34961f45389d928bbd0a9421464c7.\n","fileTypesAndContributionMap":{"java":{"insertions":2,"deletions":2}}},{"hash":"9952d26ae42fcc09edb46613e8efca41698985c4","isMergeCommit":false,"messageTitle":"Update event status \u0026 icon","messageBody":"","fileTypesAndContributionMap":{"java":{"insertions":2,"deletions":2}}},{"hash":"9772acdc819e873f9affa72e1fded171dcbb87cb","isMergeCommit":false,"messageTitle":"Update Task icon","messageBody":"","fileTypesAndContributionMap":{"java":{"insertions":1,"deletions":1}}},{"hash":"0daf873d4ae2a06b859c8f99b47c39b1d9575279","isMergeCommit":false,"messageTitle":"Update Todo status","messageBody":"","fileTypesAndContributionMap":{"java":{"insertions":1,"deletions":1}}},{"hash":"b901b2a803bc20554f2fe76c5da6192699fe8923","isMergeCommit":false,"messageTitle":"Update new tasks message","messageBody":"","tags":["Level-4"],"fileTypesAndContributionMap":{"java":{"insertions":3,"deletions":1}}},{"hash":"fa49117e56d3907888ab815b0ba5499addb3f82a","isMergeCommit":false,"messageTitle":"Update Deadline status \u0026 icon","messageBody":"","tags":["A-Inheritance"],"fileTypesAndContributionMap":{"java":{"insertions":2,"deletions":2}}},{"hash":"5cc595fe9caca9a15e657fdfde282bf1019f5f08","isMergeCommit":false,"messageTitle":"Refactor to extract duplicate code","messageBody":"","tags":["A-CodeQuality"],"fileTypesAndContributionMap":{"java":{"insertions":24,"deletions":16}}}]},{"date":"2025-02-09","commitResults":[{"hash":"cd95c3fb6bf5d3a80baf7280283868d80a6fdd6a","isMergeCommit":false,"messageTitle":"Rename addTask method for better readability","messageBody":"","fileTypesAndContributionMap":{"java":{"insertions":2,"deletions":2}}},{"hash":"dad90840fba464647170a3dee3a05b389ac8e029","isMergeCommit":false,"messageTitle":"Update Readme with Monkey","messageBody":"","fileTypesAndContributionMap":{"md":{"insertions":8,"deletions":7}}},{"hash":"98789655769bbed5da90f0750ade8c3de6ef345a","isMergeCommit":false,"messageTitle":"Update invalid command message","messageBody":"","fileTypesAndContributionMap":{"java":{"insertions":2,"deletions":4}}},{"hash":"2b35005ef8974ad07a12eef6451eff437835b485","isMergeCommit":false,"messageTitle":"Implemented try-catch in Monkey.java","messageBody":"","fileTypesAndContributionMap":{"java":{"insertions":34,"deletions":31}}},{"hash":"92bc53b8a95d44290162dbe6697071e2740ea9c1","isMergeCommit":false,"messageTitle":"Create exception class for MonkeyException","messageBody":"","fileTypesAndContributionMap":{"java":{"insertions":5,"deletions":0}}},{"hash":"facba1326c0bfd179d151b3d3c1e8a995135c0e5","isMergeCommit":false,"messageTitle":"Update command checking \u0026 error handling","messageBody":"","tags":["Level-5","A-Exceptions"],"fileTypesAndContributionMap":{"java":{"insertions":63,"deletions":53}}},{"hash":"a94f1665f2fcdbd3833675d37e56f287fec01e0f","isMergeCommit":true,"messageTitle":"Merge branch \u0027branch-Level-5\u0027","messageBody":"","fileTypesAndContributionMap":{}},{"hash":"391a0a371981a5e5107aecb48e8c9d5ea0aeaf48","isMergeCommit":false,"messageTitle":"Organized classes into packages","messageBody":"","tags":["A-Packages"],"fileTypesAndContributionMap":{"java":{"insertions":16,"deletions":0}}}]}]},"authorFileTypeContributionMap":{"itsjoelha":{"java":224,"md":7,"fxml":0,"sh":0,"bat":0,"gradle":0,"txt":0}},"authorContributionVariance":{"itsjoelha":2548.0498},"authorDisplayNameMap":{"itsjoelha":"JOEL.. JUN"}}
