[{"path":"README.md","fileType":"md","lines":[{"lineNumber":1,"author":{"gitId":"vincesum"},"content":"# Vinbot project template","lastModifiedDate":"2025-01-24","isFullCredit":false},{"lineNumber":2,"author":{"gitId":"-"},"content":"","lastModifiedDate":"2020-05-25","isFullCredit":false},{"lineNumber":3,"author":{"gitId":"-"},"content":"This is a project template for a greenfield Java project. It\u0027s named after the Java mascot _Duke_. Given below are instructions on how to use it.","lastModifiedDate":"2020-05-25","isFullCredit":false},{"lineNumber":4,"author":{"gitId":"-"},"content":"","lastModifiedDate":"2020-05-25","isFullCredit":false},{"lineNumber":5,"author":{"gitId":"-"},"content":"## Setting up in Intellij","lastModifiedDate":"2020-05-25","isFullCredit":false},{"lineNumber":6,"author":{"gitId":"-"},"content":"","lastModifiedDate":"2020-05-25","isFullCredit":false},{"lineNumber":7,"author":{"gitId":"-"},"content":"Prerequisites: JDK 17, update Intellij to the most recent version.","lastModifiedDate":"2024-07-11","isFullCredit":false},{"lineNumber":8,"author":{"gitId":"-"},"content":"","lastModifiedDate":"2020-05-25","isFullCredit":false},{"lineNumber":9,"author":{"gitId":"-"},"content":"1. Open Intellij (if you are not in the welcome screen, click `File` \u003e `Close Project` to close the existing project first)","lastModifiedDate":"2021-01-17","isFullCredit":false},{"lineNumber":10,"author":{"gitId":"-"},"content":"1. Open the project into Intellij as follows:","lastModifiedDate":"2021-01-17","isFullCredit":false},{"lineNumber":11,"author":{"gitId":"-"},"content":"   1. Click `Open`.","lastModifiedDate":"2021-01-17","isFullCredit":false},{"lineNumber":12,"author":{"gitId":"-"},"content":"   1. Select the project directory, and click `OK`.","lastModifiedDate":"2021-01-17","isFullCredit":false},{"lineNumber":13,"author":{"gitId":"-"},"content":"   1. If there are any further prompts, accept the defaults.","lastModifiedDate":"2020-05-25","isFullCredit":false},{"lineNumber":14,"author":{"gitId":"-"},"content":"1. Configure the project to use **JDK 17** (not other versions) as explained in [here](https://www.jetbrains.com/help/idea/sdk.html#set-up-jdk).\u003cbr\u003e","lastModifiedDate":"2024-07-11","isFullCredit":false},{"lineNumber":15,"author":{"gitId":"-"},"content":"   In the same dialog, set the **Project language level** field to the `SDK default` option.","lastModifiedDate":"2021-07-29","isFullCredit":false},{"lineNumber":16,"author":{"gitId":"vincesum"},"content":"1. After that, locate the `src/main/java/Vinbot.java` file, right-click it, and choose `Run Vinbot.main()` (if the code editor is showing compile errors, try restarting the IDE). If the setup is correct, you should see something like the below as the output:","lastModifiedDate":"2025-01-24","isFullCredit":false},{"lineNumber":17,"author":{"gitId":"-"},"content":"   ```","lastModifiedDate":"2020-05-25","isFullCredit":false},{"lineNumber":18,"author":{"gitId":"-"},"content":"   Hello from","lastModifiedDate":"2020-05-25","isFullCredit":false},{"lineNumber":19,"author":{"gitId":"-"},"content":"    ____        _        ","lastModifiedDate":"2020-05-25","isFullCredit":false},{"lineNumber":20,"author":{"gitId":"-"},"content":"   |  _ \\ _   _| | _____ ","lastModifiedDate":"2020-05-25","isFullCredit":false},{"lineNumber":21,"author":{"gitId":"-"},"content":"   | | | | | | | |/ / _ \\","lastModifiedDate":"2020-05-25","isFullCredit":false},{"lineNumber":22,"author":{"gitId":"-"},"content":"   | |_| | |_| |   \u003c  __/","lastModifiedDate":"2020-05-25","isFullCredit":false},{"lineNumber":23,"author":{"gitId":"-"},"content":"   |____/ \\__,_|_|\\_\\___|","lastModifiedDate":"2020-05-25","isFullCredit":false},{"lineNumber":24,"author":{"gitId":"-"},"content":"   ```","lastModifiedDate":"2020-05-25","isFullCredit":false},{"lineNumber":25,"author":{"gitId":"-"},"content":"","lastModifiedDate":"2025-01-04","isFullCredit":false},{"lineNumber":26,"author":{"gitId":"-"},"content":"**Warning:** Keep the `src\\main\\java` folder as the root folder for Java files (i.e., don\u0027t rename those folders or move Java files to another folder outside of this folder path), as this is the default location some tools (e.g., Gradle) expect to find Java files.","lastModifiedDate":"2025-01-04","isFullCredit":false}],"authorContributionMap":{"-":24,"vincesum":2}},{"path":"docs/README.md","fileType":"md","lines":[{"lineNumber":1,"author":{"gitId":"vincesum"},"content":"# Vinbot User Guide","lastModifiedDate":"2025-01-24","isFullCredit":false},{"lineNumber":2,"author":{"gitId":"-"},"content":"","lastModifiedDate":"2019-07-29","isFullCredit":false},{"lineNumber":3,"author":{"gitId":"-"},"content":"// Update the title above to match the actual product name","lastModifiedDate":"2024-01-07","isFullCredit":false},{"lineNumber":4,"author":{"gitId":"-"},"content":"","lastModifiedDate":"2019-07-29","isFullCredit":false},{"lineNumber":5,"author":{"gitId":"-"},"content":"// Product screenshot goes here","lastModifiedDate":"2024-01-07","isFullCredit":false},{"lineNumber":6,"author":{"gitId":"-"},"content":"","lastModifiedDate":"2021-07-17","isFullCredit":false},{"lineNumber":7,"author":{"gitId":"-"},"content":"// Product intro goes here","lastModifiedDate":"2024-01-07","isFullCredit":false},{"lineNumber":8,"author":{"gitId":"-"},"content":"","lastModifiedDate":"2021-07-17","isFullCredit":false},{"lineNumber":9,"author":{"gitId":"-"},"content":"## Adding deadlines","lastModifiedDate":"2024-01-07","isFullCredit":false},{"lineNumber":10,"author":{"gitId":"-"},"content":"","lastModifiedDate":"2021-07-17","isFullCredit":false},{"lineNumber":11,"author":{"gitId":"-"},"content":"// Describe the action and its outcome.","lastModifiedDate":"2024-01-07","isFullCredit":false},{"lineNumber":12,"author":{"gitId":"-"},"content":"","lastModifiedDate":"2019-07-29","isFullCredit":false},{"lineNumber":13,"author":{"gitId":"-"},"content":"// Give examples of usage","lastModifiedDate":"2024-01-07","isFullCredit":false},{"lineNumber":14,"author":{"gitId":"-"},"content":"","lastModifiedDate":"2019-07-29","isFullCredit":false},{"lineNumber":15,"author":{"gitId":"-"},"content":"Example: `keyword (optional arguments)`","lastModifiedDate":"2024-01-07","isFullCredit":false},{"lineNumber":16,"author":{"gitId":"-"},"content":"","lastModifiedDate":"2019-07-29","isFullCredit":false},{"lineNumber":17,"author":{"gitId":"-"},"content":"// A description of the expected outcome goes here","lastModifiedDate":"2024-01-07","isFullCredit":false},{"lineNumber":18,"author":{"gitId":"-"},"content":"","lastModifiedDate":"2019-07-29","isFullCredit":false},{"lineNumber":19,"author":{"gitId":"-"},"content":"```","lastModifiedDate":"2024-01-07","isFullCredit":false},{"lineNumber":20,"author":{"gitId":"-"},"content":"expected output","lastModifiedDate":"2024-01-07","isFullCredit":false},{"lineNumber":21,"author":{"gitId":"-"},"content":"```","lastModifiedDate":"2024-01-07","isFullCredit":false},{"lineNumber":22,"author":{"gitId":"-"},"content":"","lastModifiedDate":"2019-07-29","isFullCredit":false},{"lineNumber":23,"author":{"gitId":"-"},"content":"## Feature ABC","lastModifiedDate":"2024-01-07","isFullCredit":false},{"lineNumber":24,"author":{"gitId":"-"},"content":"","lastModifiedDate":"2019-07-29","isFullCredit":false},{"lineNumber":25,"author":{"gitId":"-"},"content":"// Feature details","lastModifiedDate":"2024-01-07","isFullCredit":false},{"lineNumber":26,"author":{"gitId":"-"},"content":"","lastModifiedDate":"2019-07-29","isFullCredit":false},{"lineNumber":27,"author":{"gitId":"-"},"content":"","lastModifiedDate":"2021-07-17","isFullCredit":false},{"lineNumber":28,"author":{"gitId":"-"},"content":"## Feature XYZ","lastModifiedDate":"2024-01-07","isFullCredit":false},{"lineNumber":29,"author":{"gitId":"-"},"content":"","lastModifiedDate":"2024-01-07","isFullCredit":false},{"lineNumber":30,"author":{"gitId":"-"},"content":"// Feature details","lastModifiedDate":"2024-01-07","isFullCredit":false}],"authorContributionMap":{"-":29,"vincesum":1}},{"path":"src/main/java/Deadlines.java","fileType":"java","lines":[{"lineNumber":1,"author":{"gitId":"vincesum"},"content":"public class Deadlines extends Task {","lastModifiedDate":"2025-02-05","isFullCredit":false},{"lineNumber":2,"author":{"gitId":"vincesum"},"content":"    private String by;","lastModifiedDate":"2025-02-05","isFullCredit":false},{"lineNumber":3,"author":{"gitId":"vincesum"},"content":"    public Deadlines(String description, String date) {","lastModifiedDate":"2025-02-05","isFullCredit":false},{"lineNumber":4,"author":{"gitId":"vincesum"},"content":"        super(description);","lastModifiedDate":"2025-02-05","isFullCredit":false},{"lineNumber":5,"author":{"gitId":"vincesum"},"content":"        this.by \u003d date;","lastModifiedDate":"2025-02-05","isFullCredit":false},{"lineNumber":6,"author":{"gitId":"vincesum"},"content":"    }","lastModifiedDate":"2025-02-05","isFullCredit":false},{"lineNumber":7,"author":{"gitId":"vincesum"},"content":"","lastModifiedDate":"2025-02-05","isFullCredit":false},{"lineNumber":8,"author":{"gitId":"vincesum"},"content":"    @Override","lastModifiedDate":"2025-02-05","isFullCredit":false},{"lineNumber":9,"author":{"gitId":"vincesum"},"content":"    protected String getLabel() {","lastModifiedDate":"2025-02-05","isFullCredit":false},{"lineNumber":10,"author":{"gitId":"vincesum"},"content":"        return \"D\";","lastModifiedDate":"2025-02-05","isFullCredit":false},{"lineNumber":11,"author":{"gitId":"vincesum"},"content":"    }","lastModifiedDate":"2025-02-05","isFullCredit":false},{"lineNumber":12,"author":{"gitId":"vincesum"},"content":"","lastModifiedDate":"2025-02-05","isFullCredit":false},{"lineNumber":13,"author":{"gitId":"vincesum"},"content":"    protected String getDate() {","lastModifiedDate":"2025-02-05","isFullCredit":false},{"lineNumber":14,"author":{"gitId":"vincesum"},"content":"        return \"(by: \" + by + \")\";","lastModifiedDate":"2025-02-05","isFullCredit":false},{"lineNumber":15,"author":{"gitId":"vincesum"},"content":"    }","lastModifiedDate":"2025-02-05","isFullCredit":false},{"lineNumber":16,"author":{"gitId":"vincesum"},"content":"","lastModifiedDate":"2025-02-05","isFullCredit":false},{"lineNumber":17,"author":{"gitId":"vincesum"},"content":"    public static String[] scan(Vinbot.printWelcomeMessage format, String line) {","lastModifiedDate":"2025-02-05","isFullCredit":false},{"lineNumber":18,"author":{"gitId":"vincesum"},"content":"        if (!line.contains(\"/by\")) { //Remove invalid cases","lastModifiedDate":"2025-02-05","isFullCredit":false},{"lineNumber":19,"author":{"gitId":"vincesum"},"content":"            System.out.println(format.spacing() + format.emptyLine());","lastModifiedDate":"2025-02-05","isFullCredit":false},{"lineNumber":20,"author":{"gitId":"vincesum"},"content":"            System.out.println(format.spacing() + \"invalid deadline not added\");","lastModifiedDate":"2025-02-05","isFullCredit":false},{"lineNumber":21,"author":{"gitId":"vincesum"},"content":"            System.out.println(format.spacing() + format.starLine());","lastModifiedDate":"2025-02-05","isFullCredit":false},{"lineNumber":22,"author":{"gitId":"vincesum"},"content":"            return null;","lastModifiedDate":"2025-02-05","isFullCredit":false},{"lineNumber":23,"author":{"gitId":"vincesum"},"content":"        }","lastModifiedDate":"2025-02-05","isFullCredit":false},{"lineNumber":24,"author":{"gitId":"vincesum"},"content":"","lastModifiedDate":"2025-02-05","isFullCredit":false},{"lineNumber":25,"author":{"gitId":"vincesum"},"content":"        String desc \u003d line.substring(0 , line.indexOf(\"/by\"));","lastModifiedDate":"2025-02-05","isFullCredit":false},{"lineNumber":26,"author":{"gitId":"vincesum"},"content":"        String date \u003d line.substring(line.indexOf(\"/by\") + 4);","lastModifiedDate":"2025-02-05","isFullCredit":false},{"lineNumber":27,"author":{"gitId":"vincesum"},"content":"        System.out.println(format.spacing() + format.emptyLine());","lastModifiedDate":"2025-02-05","isFullCredit":false},{"lineNumber":28,"author":{"gitId":"vincesum"},"content":"        System.out.println(format.spacing() + \"added: \" + desc + \"(by: \" + date + \")\");","lastModifiedDate":"2025-02-05","isFullCredit":false},{"lineNumber":29,"author":{"gitId":"vincesum"},"content":"        System.out.println(format.spacing() + format.starLine());","lastModifiedDate":"2025-02-05","isFullCredit":false},{"lineNumber":30,"author":{"gitId":"vincesum"},"content":"        return new String[]{desc, date};","lastModifiedDate":"2025-02-05","isFullCredit":false},{"lineNumber":31,"author":{"gitId":"vincesum"},"content":"    }","lastModifiedDate":"2025-02-05","isFullCredit":false},{"lineNumber":32,"author":{"gitId":"vincesum"},"content":"}","lastModifiedDate":"2025-02-05","isFullCredit":false}],"authorContributionMap":{"vincesum":32}},{"path":"src/main/java/Events.java","fileType":"java","lines":[{"lineNumber":1,"author":{"gitId":"vincesum"},"content":"public class Events extends Task {","lastModifiedDate":"2025-02-05","isFullCredit":false},{"lineNumber":2,"author":{"gitId":"vincesum"},"content":"    private String start;","lastModifiedDate":"2025-02-05","isFullCredit":false},{"lineNumber":3,"author":{"gitId":"vincesum"},"content":"    private String end;","lastModifiedDate":"2025-02-05","isFullCredit":false},{"lineNumber":4,"author":{"gitId":"vincesum"},"content":"    public Events(String description, String start, String end) {","lastModifiedDate":"2025-02-05","isFullCredit":false},{"lineNumber":5,"author":{"gitId":"vincesum"},"content":"        super(description);","lastModifiedDate":"2025-02-05","isFullCredit":false},{"lineNumber":6,"author":{"gitId":"vincesum"},"content":"        this.start \u003d start;","lastModifiedDate":"2025-02-05","isFullCredit":false},{"lineNumber":7,"author":{"gitId":"vincesum"},"content":"        this.end \u003d end;","lastModifiedDate":"2025-02-05","isFullCredit":false},{"lineNumber":8,"author":{"gitId":"vincesum"},"content":"    }","lastModifiedDate":"2025-02-05","isFullCredit":false},{"lineNumber":9,"author":{"gitId":"vincesum"},"content":"","lastModifiedDate":"2025-02-05","isFullCredit":false},{"lineNumber":10,"author":{"gitId":"vincesum"},"content":"    @Override","lastModifiedDate":"2025-02-05","isFullCredit":false},{"lineNumber":11,"author":{"gitId":"vincesum"},"content":"    public String toString() {","lastModifiedDate":"2025-02-05","isFullCredit":false},{"lineNumber":12,"author":{"gitId":"vincesum"},"content":"        return \"[E]\" + super.toString() + \" (from: \" + start + \" to: \" + end + \")\";","lastModifiedDate":"2025-02-05","isFullCredit":false},{"lineNumber":13,"author":{"gitId":"vincesum"},"content":"    }","lastModifiedDate":"2025-02-05","isFullCredit":false},{"lineNumber":14,"author":{"gitId":"vincesum"},"content":"    @Override","lastModifiedDate":"2025-02-05","isFullCredit":false},{"lineNumber":15,"author":{"gitId":"vincesum"},"content":"    protected String getLabel() {","lastModifiedDate":"2025-02-05","isFullCredit":false},{"lineNumber":16,"author":{"gitId":"vincesum"},"content":"        return \"E\";","lastModifiedDate":"2025-02-05","isFullCredit":false},{"lineNumber":17,"author":{"gitId":"vincesum"},"content":"    }","lastModifiedDate":"2025-02-05","isFullCredit":false},{"lineNumber":18,"author":{"gitId":"vincesum"},"content":"    protected String getDate() {","lastModifiedDate":"2025-02-05","isFullCredit":false},{"lineNumber":19,"author":{"gitId":"vincesum"},"content":"        return \"(from: \" + start + \" to: \" + end +  \")\";","lastModifiedDate":"2025-02-05","isFullCredit":false},{"lineNumber":20,"author":{"gitId":"vincesum"},"content":"    }","lastModifiedDate":"2025-02-05","isFullCredit":false},{"lineNumber":21,"author":{"gitId":"vincesum"},"content":"    public static String[] scan(Vinbot.printWelcomeMessage format, String line) {","lastModifiedDate":"2025-02-05","isFullCredit":false},{"lineNumber":22,"author":{"gitId":"vincesum"},"content":"        if (!line.contains(\"/from\") || !line.contains(\"/to\")) { //Remove invalid cases","lastModifiedDate":"2025-02-05","isFullCredit":false},{"lineNumber":23,"author":{"gitId":"vincesum"},"content":"            System.out.println(format.spacing() + format.emptyLine());","lastModifiedDate":"2025-02-05","isFullCredit":false},{"lineNumber":24,"author":{"gitId":"vincesum"},"content":"            System.out.println(format.spacing() + \"invalid event not added\");","lastModifiedDate":"2025-02-05","isFullCredit":false},{"lineNumber":25,"author":{"gitId":"vincesum"},"content":"            System.out.println(format.spacing() + format.starLine());","lastModifiedDate":"2025-02-05","isFullCredit":false},{"lineNumber":26,"author":{"gitId":"vincesum"},"content":"            return null;","lastModifiedDate":"2025-02-05","isFullCredit":false},{"lineNumber":27,"author":{"gitId":"vincesum"},"content":"        }","lastModifiedDate":"2025-02-05","isFullCredit":false},{"lineNumber":28,"author":{"gitId":"vincesum"},"content":"","lastModifiedDate":"2025-02-05","isFullCredit":false},{"lineNumber":29,"author":{"gitId":"vincesum"},"content":"        String desc \u003d line.substring(0 , line.indexOf(\"/from\"));","lastModifiedDate":"2025-02-05","isFullCredit":false},{"lineNumber":30,"author":{"gitId":"vincesum"},"content":"        String start \u003d line.substring(line.indexOf(\"/from\") + 6, line.indexOf(\"/to\") - 1);","lastModifiedDate":"2025-02-05","isFullCredit":false},{"lineNumber":31,"author":{"gitId":"vincesum"},"content":"        String end \u003d line.substring(line.indexOf(\"/to\") + 4);","lastModifiedDate":"2025-02-05","isFullCredit":false},{"lineNumber":32,"author":{"gitId":"vincesum"},"content":"        System.out.println(format.spacing() + format.emptyLine());","lastModifiedDate":"2025-02-05","isFullCredit":false},{"lineNumber":33,"author":{"gitId":"vincesum"},"content":"        System.out.println(format.spacing() + \"added: \" + desc + \"(from: \" + start + \" to: \" + end + \")\");","lastModifiedDate":"2025-02-05","isFullCredit":false},{"lineNumber":34,"author":{"gitId":"vincesum"},"content":"        System.out.println(format.spacing() + format.starLine());","lastModifiedDate":"2025-02-05","isFullCredit":false},{"lineNumber":35,"author":{"gitId":"vincesum"},"content":"        return new String[]{desc, start, end};","lastModifiedDate":"2025-02-05","isFullCredit":false},{"lineNumber":36,"author":{"gitId":"vincesum"},"content":"    }","lastModifiedDate":"2025-02-05","isFullCredit":false},{"lineNumber":37,"author":{"gitId":"vincesum"},"content":"}","lastModifiedDate":"2025-02-05","isFullCredit":false}],"authorContributionMap":{"vincesum":37}},{"path":"src/main/java/LineReader.java","fileType":"java","lines":[{"lineNumber":1,"author":{"gitId":"vincesum"},"content":"import java.util.Scanner;","lastModifiedDate":"2025-02-04","isFullCredit":false},{"lineNumber":2,"author":{"gitId":"vincesum"},"content":"","lastModifiedDate":"2025-02-04","isFullCredit":false},{"lineNumber":3,"author":{"gitId":"vincesum"},"content":"public class LineReader {","lastModifiedDate":"2025-02-04","isFullCredit":false},{"lineNumber":4,"author":{"gitId":"vincesum"},"content":"    public boolean isActive;","lastModifiedDate":"2025-02-04","isFullCredit":false},{"lineNumber":5,"author":{"gitId":"vincesum"},"content":"","lastModifiedDate":"2025-02-04","isFullCredit":false},{"lineNumber":6,"author":{"gitId":"vincesum"},"content":"    public LineReader(boolean status) {","lastModifiedDate":"2025-02-04","isFullCredit":false},{"lineNumber":7,"author":{"gitId":"vincesum"},"content":"        isActive \u003d status;","lastModifiedDate":"2025-02-04","isFullCredit":false},{"lineNumber":8,"author":{"gitId":"vincesum"},"content":"    }","lastModifiedDate":"2025-02-04","isFullCredit":false},{"lineNumber":9,"author":{"gitId":"vincesum"},"content":"","lastModifiedDate":"2025-02-04","isFullCredit":false},{"lineNumber":10,"author":{"gitId":"vincesum"},"content":"    public void scanMessage(boolean status, Vinbot.printWelcomeMessage format, Task[] storage) {","lastModifiedDate":"2025-02-05","isFullCredit":false},{"lineNumber":11,"author":{"gitId":"vincesum"},"content":"        String line;","lastModifiedDate":"2025-02-04","isFullCredit":false},{"lineNumber":12,"author":{"gitId":"vincesum"},"content":"        Scanner in \u003d new Scanner(System.in);","lastModifiedDate":"2025-02-05","isFullCredit":false},{"lineNumber":13,"author":{"gitId":"vincesum"},"content":"        int numberOfElements \u003d 0;","lastModifiedDate":"2025-02-04","isFullCredit":false},{"lineNumber":14,"author":{"gitId":"vincesum"},"content":"        while (status) {","lastModifiedDate":"2025-02-04","isFullCredit":false},{"lineNumber":15,"author":{"gitId":"vincesum"},"content":"            line \u003d in.nextLine();","lastModifiedDate":"2025-02-05","isFullCredit":false},{"lineNumber":16,"author":{"gitId":"vincesum"},"content":"            switch (line.toLowerCase()) {","lastModifiedDate":"2025-02-04","isFullCredit":false},{"lineNumber":17,"author":{"gitId":"vincesum"},"content":"            case \"bye\":","lastModifiedDate":"2025-02-04","isFullCredit":false},{"lineNumber":18,"author":{"gitId":"vincesum"},"content":"                status \u003d false;","lastModifiedDate":"2025-02-04","isFullCredit":false},{"lineNumber":19,"author":{"gitId":"vincesum"},"content":"                break;","lastModifiedDate":"2025-02-04","isFullCredit":false},{"lineNumber":20,"author":{"gitId":"vincesum"},"content":"","lastModifiedDate":"2025-02-04","isFullCredit":false},{"lineNumber":21,"author":{"gitId":"vincesum"},"content":"            case \"list\":","lastModifiedDate":"2025-02-04","isFullCredit":false},{"lineNumber":22,"author":{"gitId":"vincesum"},"content":"                listItems(format, storage);","lastModifiedDate":"2025-02-05","isFullCredit":false},{"lineNumber":23,"author":{"gitId":"vincesum"},"content":"                break;","lastModifiedDate":"2025-02-04","isFullCredit":false},{"lineNumber":24,"author":{"gitId":"vincesum"},"content":"","lastModifiedDate":"2025-02-04","isFullCredit":false},{"lineNumber":25,"author":{"gitId":"vincesum"},"content":"            case \"help\":","lastModifiedDate":"2025-02-05","isFullCredit":false},{"lineNumber":26,"author":{"gitId":"vincesum"},"content":"                Vinbot.printHelpMessage(format);","lastModifiedDate":"2025-02-05","isFullCredit":false},{"lineNumber":27,"author":{"gitId":"vincesum"},"content":"                break;","lastModifiedDate":"2025-02-05","isFullCredit":false},{"lineNumber":28,"author":{"gitId":"vincesum"},"content":"","lastModifiedDate":"2025-02-05","isFullCredit":false},{"lineNumber":29,"author":{"gitId":"vincesum"},"content":"            default:","lastModifiedDate":"2025-02-04","isFullCredit":false},{"lineNumber":30,"author":{"gitId":"vincesum"},"content":"                numberOfElements \u003d handleMessage(format, storage, line, numberOfElements);","lastModifiedDate":"2025-02-05","isFullCredit":false},{"lineNumber":31,"author":{"gitId":"vincesum"},"content":"                break;","lastModifiedDate":"2025-02-05","isFullCredit":false},{"lineNumber":32,"author":{"gitId":"vincesum"},"content":"            }","lastModifiedDate":"2025-02-05","isFullCredit":false},{"lineNumber":33,"author":{"gitId":"vincesum"},"content":"        }","lastModifiedDate":"2025-02-05","isFullCredit":false},{"lineNumber":34,"author":{"gitId":"vincesum"},"content":"    }","lastModifiedDate":"2025-02-05","isFullCredit":false},{"lineNumber":35,"author":{"gitId":"vincesum"},"content":"","lastModifiedDate":"2025-02-05","isFullCredit":false},{"lineNumber":36,"author":{"gitId":"vincesum"},"content":"    private static int handleTaskMessage(Vinbot.printWelcomeMessage result, Task[] storage, String line, int numberOfElements) {","lastModifiedDate":"2025-02-05","isFullCredit":false},{"lineNumber":37,"author":{"gitId":"vincesum"},"content":"        storage[numberOfElements] \u003d new Task(line);","lastModifiedDate":"2025-02-05","isFullCredit":false},{"lineNumber":38,"author":{"gitId":"vincesum"},"content":"        numberOfElements++;","lastModifiedDate":"2025-02-05","isFullCredit":false},{"lineNumber":39,"author":{"gitId":"vincesum"},"content":"        System.out.println(result.spacing() + result.emptyLine());","lastModifiedDate":"2025-02-05","isFullCredit":false},{"lineNumber":40,"author":{"gitId":"vincesum"},"content":"        System.out.println(result.spacing() + \"added: \" + line);","lastModifiedDate":"2025-02-05","isFullCredit":false},{"lineNumber":41,"author":{"gitId":"vincesum"},"content":"        System.out.println(result.spacing() + result.starLine());","lastModifiedDate":"2025-02-05","isFullCredit":false},{"lineNumber":42,"author":{"gitId":"vincesum"},"content":"        return numberOfElements;","lastModifiedDate":"2025-02-05","isFullCredit":false},{"lineNumber":43,"author":{"gitId":"vincesum"},"content":"    }","lastModifiedDate":"2025-02-05","isFullCredit":false},{"lineNumber":44,"author":{"gitId":"vincesum"},"content":"","lastModifiedDate":"2025-02-05","isFullCredit":false},{"lineNumber":45,"author":{"gitId":"vincesum"},"content":"    private static int handleEventMessage(Vinbot.printWelcomeMessage result, Task[] storage, String line, int numberOfElements) {","lastModifiedDate":"2025-02-05","isFullCredit":false},{"lineNumber":46,"author":{"gitId":"vincesum"},"content":"        line \u003d line.substring(line.indexOf(\" \") + 1); //records from the second word onwards","lastModifiedDate":"2025-02-05","isFullCredit":false},{"lineNumber":47,"author":{"gitId":"vincesum"},"content":"        String[] eventsData \u003d Events.scan(result, line);","lastModifiedDate":"2025-02-05","isFullCredit":false},{"lineNumber":48,"author":{"gitId":"vincesum"},"content":"        if (eventsData !\u003d null) {","lastModifiedDate":"2025-02-05","isFullCredit":false},{"lineNumber":49,"author":{"gitId":"vincesum"},"content":"            Events event \u003d new Events(eventsData[0], eventsData[1], eventsData[2]);","lastModifiedDate":"2025-02-05","isFullCredit":false},{"lineNumber":50,"author":{"gitId":"vincesum"},"content":"            storage[numberOfElements] \u003d event;","lastModifiedDate":"2025-02-05","isFullCredit":false},{"lineNumber":51,"author":{"gitId":"vincesum"},"content":"            numberOfElements++;","lastModifiedDate":"2025-02-05","isFullCredit":false},{"lineNumber":52,"author":{"gitId":"vincesum"},"content":"        }","lastModifiedDate":"2025-02-05","isFullCredit":false},{"lineNumber":53,"author":{"gitId":"vincesum"},"content":"        return numberOfElements;","lastModifiedDate":"2025-02-05","isFullCredit":false},{"lineNumber":54,"author":{"gitId":"vincesum"},"content":"    }","lastModifiedDate":"2025-02-05","isFullCredit":false},{"lineNumber":55,"author":{"gitId":"vincesum"},"content":"","lastModifiedDate":"2025-02-05","isFullCredit":false},{"lineNumber":56,"author":{"gitId":"vincesum"},"content":"    private static int handleDeadLineMessage(Vinbot.printWelcomeMessage result, Task[] storage, String line, int numberOfElements) {","lastModifiedDate":"2025-02-05","isFullCredit":false},{"lineNumber":57,"author":{"gitId":"vincesum"},"content":"        line \u003d line.substring(line.indexOf(\" \") + 1); //records from the second word onwards","lastModifiedDate":"2025-02-05","isFullCredit":false},{"lineNumber":58,"author":{"gitId":"vincesum"},"content":"        String[] deadLineData \u003d Deadlines.scan(result, line);","lastModifiedDate":"2025-02-05","isFullCredit":false},{"lineNumber":59,"author":{"gitId":"vincesum"},"content":"        if (deadLineData !\u003d null) {","lastModifiedDate":"2025-02-05","isFullCredit":false},{"lineNumber":60,"author":{"gitId":"vincesum"},"content":"            Deadlines deadLine \u003d new Deadlines(deadLineData[0], deadLineData[1]);","lastModifiedDate":"2025-02-05","isFullCredit":false},{"lineNumber":61,"author":{"gitId":"vincesum"},"content":"            storage[numberOfElements] \u003d deadLine;","lastModifiedDate":"2025-02-05","isFullCredit":false},{"lineNumber":62,"author":{"gitId":"vincesum"},"content":"            numberOfElements++;","lastModifiedDate":"2025-02-05","isFullCredit":false},{"lineNumber":63,"author":{"gitId":"vincesum"},"content":"        }","lastModifiedDate":"2025-02-05","isFullCredit":false},{"lineNumber":64,"author":{"gitId":"vincesum"},"content":"        return numberOfElements;","lastModifiedDate":"2025-02-05","isFullCredit":false},{"lineNumber":65,"author":{"gitId":"vincesum"},"content":"    }","lastModifiedDate":"2025-02-05","isFullCredit":false},{"lineNumber":66,"author":{"gitId":"vincesum"},"content":"","lastModifiedDate":"2025-02-05","isFullCredit":false},{"lineNumber":67,"author":{"gitId":"vincesum"},"content":"    private static int handleTodoMessage(Vinbot.printWelcomeMessage result, Task[] storage, String line, int numberOfElements) {","lastModifiedDate":"2025-02-05","isFullCredit":false},{"lineNumber":68,"author":{"gitId":"vincesum"},"content":"        line \u003d line.substring(line.indexOf(\" \") + 1); //records from the second word onwards","lastModifiedDate":"2025-02-05","isFullCredit":false},{"lineNumber":69,"author":{"gitId":"vincesum"},"content":"        Todos toDo \u003d new Todos(line);","lastModifiedDate":"2025-02-05","isFullCredit":false},{"lineNumber":70,"author":{"gitId":"vincesum"},"content":"        storage[numberOfElements] \u003d toDo;","lastModifiedDate":"2025-02-05","isFullCredit":false},{"lineNumber":71,"author":{"gitId":"vincesum"},"content":"        toDo.scan(result, line);","lastModifiedDate":"2025-02-05","isFullCredit":false},{"lineNumber":72,"author":{"gitId":"vincesum"},"content":"        numberOfElements++;","lastModifiedDate":"2025-02-05","isFullCredit":false},{"lineNumber":73,"author":{"gitId":"vincesum"},"content":"        return numberOfElements;","lastModifiedDate":"2025-02-05","isFullCredit":false},{"lineNumber":74,"author":{"gitId":"vincesum"},"content":"    }","lastModifiedDate":"2025-02-05","isFullCredit":false},{"lineNumber":75,"author":{"gitId":"vincesum"},"content":"","lastModifiedDate":"2025-02-05","isFullCredit":false},{"lineNumber":76,"author":{"gitId":"vincesum"},"content":"    private static void handleMarkMessage(Task[] storage, String line, int numberOfElements) {","lastModifiedDate":"2025-02-05","isFullCredit":false},{"lineNumber":77,"author":{"gitId":"vincesum"},"content":"        boolean mark \u003d line.toLowerCase().startsWith(\"mark\");","lastModifiedDate":"2025-02-04","isFullCredit":false},{"lineNumber":78,"author":{"gitId":"vincesum"},"content":"        String intValue \u003d line.replaceAll(\"[^0-9]\", \"\"); // remove all non-integers","lastModifiedDate":"2025-02-04","isFullCredit":false},{"lineNumber":79,"author":{"gitId":"vincesum"},"content":"","lastModifiedDate":"2025-02-04","isFullCredit":false},{"lineNumber":80,"author":{"gitId":"vincesum"},"content":"        if (intValue.isEmpty()) {","lastModifiedDate":"2025-02-04","isFullCredit":false},{"lineNumber":81,"author":{"gitId":"vincesum"},"content":"            System.out.println(\"Error, invalid task \" + (mark ? \"marked\" : \"unmarked\"));","lastModifiedDate":"2025-02-04","isFullCredit":false},{"lineNumber":82,"author":{"gitId":"vincesum"},"content":"            return;","lastModifiedDate":"2025-02-05","isFullCredit":false},{"lineNumber":83,"author":{"gitId":"vincesum"},"content":"        }","lastModifiedDate":"2025-02-04","isFullCredit":false},{"lineNumber":84,"author":{"gitId":"vincesum"},"content":"","lastModifiedDate":"2025-02-04","isFullCredit":false},{"lineNumber":85,"author":{"gitId":"vincesum"},"content":"        int integer \u003d Integer.parseInt(intValue) - 1;","lastModifiedDate":"2025-02-04","isFullCredit":false},{"lineNumber":86,"author":{"gitId":"vincesum"},"content":"        if (integer \u003e\u003d 0 \u0026\u0026 integer \u003c 100 \u0026\u0026 integer \u003c\u003d numberOfElements) {","lastModifiedDate":"2025-02-04","isFullCredit":false},{"lineNumber":87,"author":{"gitId":"vincesum"},"content":"            storage[integer].isDone \u003d mark;","lastModifiedDate":"2025-02-04","isFullCredit":false},{"lineNumber":88,"author":{"gitId":"vincesum"},"content":"            System.out.println((mark ? \"Good job on completing \" : \"Oh, you\u0027ve unmarked the task \") +","lastModifiedDate":"2025-02-04","isFullCredit":false},{"lineNumber":89,"author":{"gitId":"vincesum"},"content":"                    storage[integer].description + \" [\" + storage[integer].getStatusIcon() + \"]\" +","lastModifiedDate":"2025-02-04","isFullCredit":false},{"lineNumber":90,"author":{"gitId":"vincesum"},"content":"                    (mark ? \"\" : \" ;-;\"));","lastModifiedDate":"2025-02-04","isFullCredit":false},{"lineNumber":91,"author":{"gitId":"vincesum"},"content":"        }","lastModifiedDate":"2025-02-04","isFullCredit":false},{"lineNumber":92,"author":{"gitId":"vincesum"},"content":"    }","lastModifiedDate":"2025-02-05","isFullCredit":false},{"lineNumber":93,"author":{"gitId":"vincesum"},"content":"","lastModifiedDate":"2025-02-05","isFullCredit":false},{"lineNumber":94,"author":{"gitId":"vincesum"},"content":"    private int handleMessage(Vinbot.printWelcomeMessage format, Task[] storage, String line, int numberOfElements) {","lastModifiedDate":"2025-02-05","isFullCredit":false},{"lineNumber":95,"author":{"gitId":"vincesum"},"content":"        if (line.toLowerCase().startsWith(\"mark\") || line.toLowerCase().startsWith(\"unmark\")) {","lastModifiedDate":"2025-02-05","isFullCredit":false},{"lineNumber":96,"author":{"gitId":"vincesum"},"content":"            handleMarkMessage(storage, line, numberOfElements);","lastModifiedDate":"2025-02-05","isFullCredit":false},{"lineNumber":97,"author":{"gitId":"vincesum"},"content":"        }","lastModifiedDate":"2025-02-05","isFullCredit":false},{"lineNumber":98,"author":{"gitId":"vincesum"},"content":"        else if (line.toLowerCase().startsWith(\"todo\")) {","lastModifiedDate":"2025-02-05","isFullCredit":false},{"lineNumber":99,"author":{"gitId":"vincesum"},"content":"            numberOfElements \u003d handleTodoMessage(format, storage, line, numberOfElements);","lastModifiedDate":"2025-02-05","isFullCredit":false},{"lineNumber":100,"author":{"gitId":"vincesum"},"content":"        }","lastModifiedDate":"2025-02-05","isFullCredit":false},{"lineNumber":101,"author":{"gitId":"vincesum"},"content":"        else if (line.toLowerCase().startsWith(\"deadline\")) {","lastModifiedDate":"2025-02-05","isFullCredit":false},{"lineNumber":102,"author":{"gitId":"vincesum"},"content":"            numberOfElements \u003d handleDeadLineMessage(format, storage, line, numberOfElements);","lastModifiedDate":"2025-02-05","isFullCredit":false},{"lineNumber":103,"author":{"gitId":"vincesum"},"content":"        }","lastModifiedDate":"2025-02-05","isFullCredit":false},{"lineNumber":104,"author":{"gitId":"vincesum"},"content":"        else if (line.toLowerCase().startsWith(\"event\")) {","lastModifiedDate":"2025-02-05","isFullCredit":false},{"lineNumber":105,"author":{"gitId":"vincesum"},"content":"            numberOfElements \u003d handleEventMessage(format, storage, line, numberOfElements);","lastModifiedDate":"2025-02-05","isFullCredit":false},{"lineNumber":106,"author":{"gitId":"vincesum"},"content":"        }","lastModifiedDate":"2025-02-05","isFullCredit":false},{"lineNumber":107,"author":{"gitId":"vincesum"},"content":"        else {","lastModifiedDate":"2025-02-05","isFullCredit":false},{"lineNumber":108,"author":{"gitId":"vincesum"},"content":"            numberOfElements \u003d handleTaskMessage(format, storage, line, numberOfElements);","lastModifiedDate":"2025-02-05","isFullCredit":false},{"lineNumber":109,"author":{"gitId":"vincesum"},"content":"        }","lastModifiedDate":"2025-02-04","isFullCredit":false},{"lineNumber":110,"author":{"gitId":"vincesum"},"content":"        return numberOfElements;","lastModifiedDate":"2025-02-05","isFullCredit":false},{"lineNumber":111,"author":{"gitId":"vincesum"},"content":"    }","lastModifiedDate":"2025-02-04","isFullCredit":false},{"lineNumber":112,"author":{"gitId":"vincesum"},"content":"","lastModifiedDate":"2025-02-05","isFullCredit":false},{"lineNumber":113,"author":{"gitId":"vincesum"},"content":"    private static void listItems(Vinbot.printWelcomeMessage format, Task[] storage) {","lastModifiedDate":"2025-02-05","isFullCredit":false},{"lineNumber":114,"author":{"gitId":"vincesum"},"content":"        System.out.println(format.spacing() + \"Here are the tasks on your list: ^-^\");","lastModifiedDate":"2025-02-05","isFullCredit":false},{"lineNumber":115,"author":{"gitId":"vincesum"},"content":"        int i \u003d 0;","lastModifiedDate":"2025-02-05","isFullCredit":false},{"lineNumber":116,"author":{"gitId":"vincesum"},"content":"        while (storage[i] !\u003d null) {","lastModifiedDate":"2025-02-05","isFullCredit":false},{"lineNumber":117,"author":{"gitId":"vincesum"},"content":"            storage[i].print(format, storage, i);","lastModifiedDate":"2025-02-05","isFullCredit":false},{"lineNumber":118,"author":{"gitId":"vincesum"},"content":"            i++;","lastModifiedDate":"2025-02-05","isFullCredit":false},{"lineNumber":119,"author":{"gitId":"vincesum"},"content":"        }","lastModifiedDate":"2025-02-05","isFullCredit":false},{"lineNumber":120,"author":{"gitId":"vincesum"},"content":"        System.out.println(format.spacing() + format.starLine());","lastModifiedDate":"2025-02-05","isFullCredit":false},{"lineNumber":121,"author":{"gitId":"vincesum"},"content":"    }","lastModifiedDate":"2025-02-05","isFullCredit":false},{"lineNumber":122,"author":{"gitId":"vincesum"},"content":"}","lastModifiedDate":"2025-02-04","isFullCredit":false}],"authorContributionMap":{"vincesum":122}},{"path":"src/main/java/Task.java","fileType":"java","lines":[{"lineNumber":1,"author":{"gitId":"vincesum"},"content":"public class Task {","lastModifiedDate":"2025-02-01","isFullCredit":false},{"lineNumber":2,"author":{"gitId":"vincesum"},"content":"    protected String description;","lastModifiedDate":"2025-02-01","isFullCredit":false},{"lineNumber":3,"author":{"gitId":"vincesum"},"content":"    protected boolean isDone;","lastModifiedDate":"2025-02-01","isFullCredit":false},{"lineNumber":4,"author":{"gitId":"vincesum"},"content":"    public Task(String description) {","lastModifiedDate":"2025-02-01","isFullCredit":false},{"lineNumber":5,"author":{"gitId":"vincesum"},"content":"        this.description \u003d description;","lastModifiedDate":"2025-02-01","isFullCredit":false},{"lineNumber":6,"author":{"gitId":"vincesum"},"content":"        this.isDone \u003d false;","lastModifiedDate":"2025-02-01","isFullCredit":false},{"lineNumber":7,"author":{"gitId":"vincesum"},"content":"    }","lastModifiedDate":"2025-02-01","isFullCredit":false},{"lineNumber":8,"author":{"gitId":"vincesum"},"content":"","lastModifiedDate":"2025-02-01","isFullCredit":false},{"lineNumber":9,"author":{"gitId":"vincesum"},"content":"    public String getStatusIcon() {","lastModifiedDate":"2025-02-01","isFullCredit":false},{"lineNumber":10,"author":{"gitId":"vincesum"},"content":"        return (isDone ? \"X\" : \" \"); // mark done task with X","lastModifiedDate":"2025-02-01","isFullCredit":false},{"lineNumber":11,"author":{"gitId":"vincesum"},"content":"    }","lastModifiedDate":"2025-02-01","isFullCredit":false},{"lineNumber":12,"author":{"gitId":"vincesum"},"content":"","lastModifiedDate":"2025-02-05","isFullCredit":false},{"lineNumber":13,"author":{"gitId":"vincesum"},"content":"    protected String getLabel() {","lastModifiedDate":"2025-02-05","isFullCredit":false},{"lineNumber":14,"author":{"gitId":"vincesum"},"content":"        return \" \";","lastModifiedDate":"2025-02-05","isFullCredit":false},{"lineNumber":15,"author":{"gitId":"vincesum"},"content":"    }","lastModifiedDate":"2025-02-05","isFullCredit":false},{"lineNumber":16,"author":{"gitId":"vincesum"},"content":"","lastModifiedDate":"2025-02-05","isFullCredit":false},{"lineNumber":17,"author":{"gitId":"vincesum"},"content":"    protected String getDate() {","lastModifiedDate":"2025-02-05","isFullCredit":false},{"lineNumber":18,"author":{"gitId":"vincesum"},"content":"        return \"\";","lastModifiedDate":"2025-02-05","isFullCredit":false},{"lineNumber":19,"author":{"gitId":"vincesum"},"content":"    }","lastModifiedDate":"2025-02-05","isFullCredit":false},{"lineNumber":20,"author":{"gitId":"vincesum"},"content":"","lastModifiedDate":"2025-02-05","isFullCredit":false},{"lineNumber":21,"author":{"gitId":"vincesum"},"content":"    public String toString(Task[] storage, int i) {","lastModifiedDate":"2025-02-05","isFullCredit":false},{"lineNumber":22,"author":{"gitId":"vincesum"},"content":"        return (i + 1) + \")[\" + getLabel() + \"][\" + storage[i].getStatusIcon() + \"] \" + storage[i].description + getDate();","lastModifiedDate":"2025-02-05","isFullCredit":false},{"lineNumber":23,"author":{"gitId":"vincesum"},"content":"    }","lastModifiedDate":"2025-02-05","isFullCredit":false},{"lineNumber":24,"author":{"gitId":"vincesum"},"content":"","lastModifiedDate":"2025-02-05","isFullCredit":false},{"lineNumber":25,"author":{"gitId":"vincesum"},"content":"    public void print(Vinbot.printWelcomeMessage format, Task[] storage, int i) {","lastModifiedDate":"2025-02-05","isFullCredit":false},{"lineNumber":26,"author":{"gitId":"vincesum"},"content":"        System.out.println(format.spacing() + toString(storage, i));","lastModifiedDate":"2025-02-05","isFullCredit":false},{"lineNumber":27,"author":{"gitId":"vincesum"},"content":"    }","lastModifiedDate":"2025-02-05","isFullCredit":false},{"lineNumber":28,"author":{"gitId":"vincesum"},"content":"}","lastModifiedDate":"2025-02-01","isFullCredit":false}],"authorContributionMap":{"vincesum":28}},{"path":"src/main/java/Todos.java","fileType":"java","lines":[{"lineNumber":1,"author":{"gitId":"vincesum"},"content":"public class Todos extends Task {","lastModifiedDate":"2025-02-05","isFullCredit":false},{"lineNumber":2,"author":{"gitId":"vincesum"},"content":"    protected static final String label \u003d \"T\";","lastModifiedDate":"2025-02-05","isFullCredit":false},{"lineNumber":3,"author":{"gitId":"vincesum"},"content":"    public Todos(String description) {","lastModifiedDate":"2025-02-05","isFullCredit":false},{"lineNumber":4,"author":{"gitId":"vincesum"},"content":"        super(description);","lastModifiedDate":"2025-02-05","isFullCredit":false},{"lineNumber":5,"author":{"gitId":"vincesum"},"content":"    }","lastModifiedDate":"2025-02-05","isFullCredit":false},{"lineNumber":6,"author":{"gitId":"vincesum"},"content":"","lastModifiedDate":"2025-02-05","isFullCredit":false},{"lineNumber":7,"author":{"gitId":"vincesum"},"content":"    @Override","lastModifiedDate":"2025-02-05","isFullCredit":false},{"lineNumber":8,"author":{"gitId":"vincesum"},"content":"    protected String getLabel() {","lastModifiedDate":"2025-02-05","isFullCredit":false},{"lineNumber":9,"author":{"gitId":"vincesum"},"content":"        return \"T\";","lastModifiedDate":"2025-02-05","isFullCredit":false},{"lineNumber":10,"author":{"gitId":"vincesum"},"content":"    }","lastModifiedDate":"2025-02-05","isFullCredit":false},{"lineNumber":11,"author":{"gitId":"vincesum"},"content":"","lastModifiedDate":"2025-02-05","isFullCredit":false},{"lineNumber":12,"author":{"gitId":"vincesum"},"content":"    protected String getDate() {","lastModifiedDate":"2025-02-05","isFullCredit":false},{"lineNumber":13,"author":{"gitId":"vincesum"},"content":"        return \"\";","lastModifiedDate":"2025-02-05","isFullCredit":false},{"lineNumber":14,"author":{"gitId":"vincesum"},"content":"    }","lastModifiedDate":"2025-02-05","isFullCredit":false},{"lineNumber":15,"author":{"gitId":"vincesum"},"content":"","lastModifiedDate":"2025-02-05","isFullCredit":false},{"lineNumber":16,"author":{"gitId":"vincesum"},"content":"    public void scan(Vinbot.printWelcomeMessage format, String line) {","lastModifiedDate":"2025-02-05","isFullCredit":false},{"lineNumber":17,"author":{"gitId":"vincesum"},"content":"        System.out.println(format.spacing() + format.emptyLine());","lastModifiedDate":"2025-02-05","isFullCredit":false},{"lineNumber":18,"author":{"gitId":"vincesum"},"content":"        System.out.println(format.spacing() + \"added: \" + line);","lastModifiedDate":"2025-02-05","isFullCredit":false},{"lineNumber":19,"author":{"gitId":"vincesum"},"content":"        System.out.println(format.spacing() + format.starLine());","lastModifiedDate":"2025-02-05","isFullCredit":false},{"lineNumber":20,"author":{"gitId":"vincesum"},"content":"    }","lastModifiedDate":"2025-02-05","isFullCredit":false},{"lineNumber":21,"author":{"gitId":"vincesum"},"content":"}","lastModifiedDate":"2025-02-05","isFullCredit":false}],"authorContributionMap":{"vincesum":21}},{"path":"src/main/java/Vinbot.java","fileType":"java","lines":[{"lineNumber":1,"author":{"gitId":"vincesum"},"content":"public class Vinbot {","lastModifiedDate":"2025-01-24","isFullCredit":false},{"lineNumber":2,"author":{"gitId":"vincesum"},"content":"","lastModifiedDate":"2025-02-04","isFullCredit":false},{"lineNumber":3,"author":{"gitId":"vincesum"},"content":"    public static final int MAX_TASKS \u003d 100;","lastModifiedDate":"2025-02-04","isFullCredit":false},{"lineNumber":4,"author":{"gitId":"vincesum"},"content":"","lastModifiedDate":"2025-02-04","isFullCredit":false},{"lineNumber":5,"author":{"gitId":"vincesum"},"content":"    public static void main(String[] args) {","lastModifiedDate":"2025-01-24","isFullCredit":false},{"lineNumber":6,"author":{"gitId":"vincesum"},"content":"","lastModifiedDate":"2025-02-04","isFullCredit":false},{"lineNumber":7,"author":{"gitId":"vincesum"},"content":"        //Initialisation procedure","lastModifiedDate":"2025-02-01","isFullCredit":false},{"lineNumber":8,"author":{"gitId":"vincesum"},"content":"        printWelcomeMessage format \u003d getMessage();","lastModifiedDate":"2025-02-05","isFullCredit":false},{"lineNumber":9,"author":{"gitId":"vincesum"},"content":"","lastModifiedDate":"2025-02-04","isFullCredit":false},{"lineNumber":10,"author":{"gitId":"vincesum"},"content":"        //Storage","lastModifiedDate":"2025-02-04","isFullCredit":false},{"lineNumber":11,"author":{"gitId":"vincesum"},"content":"        Task[] storage \u003d new Task[MAX_TASKS]; //store the tasks","lastModifiedDate":"2025-02-04","isFullCredit":false},{"lineNumber":12,"author":{"gitId":"vincesum"},"content":"","lastModifiedDate":"2025-02-04","isFullCredit":false},{"lineNumber":13,"author":{"gitId":"vincesum"},"content":"        //Record user Input","lastModifiedDate":"2025-02-04","isFullCredit":false},{"lineNumber":14,"author":{"gitId":"vincesum"},"content":"        LineReader read \u003d new LineReader(true);","lastModifiedDate":"2025-02-05","isFullCredit":false},{"lineNumber":15,"author":{"gitId":"vincesum"},"content":"","lastModifiedDate":"2025-02-04","isFullCredit":false},{"lineNumber":16,"author":{"gitId":"vincesum"},"content":"        //Scan User Input","lastModifiedDate":"2025-02-04","isFullCredit":false},{"lineNumber":17,"author":{"gitId":"vincesum"},"content":"        read.scanMessage(true, format, storage);","lastModifiedDate":"2025-02-05","isFullCredit":false},{"lineNumber":18,"author":{"gitId":"vincesum"},"content":"","lastModifiedDate":"2025-02-04","isFullCredit":false},{"lineNumber":19,"author":{"gitId":"vincesum"},"content":"        //Say bye","lastModifiedDate":"2025-02-04","isFullCredit":false},{"lineNumber":20,"author":{"gitId":"vincesum"},"content":"        System.out.println(\"Bye. Hope to see you again soon!\");","lastModifiedDate":"2025-02-04","isFullCredit":false},{"lineNumber":21,"author":{"gitId":"vincesum"},"content":"    }","lastModifiedDate":"2025-02-04","isFullCredit":false},{"lineNumber":22,"author":{"gitId":"vincesum"},"content":"","lastModifiedDate":"2025-02-04","isFullCredit":false},{"lineNumber":23,"author":{"gitId":"vincesum"},"content":"    public static printWelcomeMessage getMessage() {","lastModifiedDate":"2025-02-05","isFullCredit":false},{"lineNumber":24,"author":{"gitId":"vincesum"},"content":"        String name \u003d \"Vinbot ^-^\";","lastModifiedDate":"2025-02-01","isFullCredit":false},{"lineNumber":25,"author":{"gitId":"vincesum"},"content":"        String emptyLine \u003d \"----\u003c\u003c\u003c\u003c####****####\u003e\u003e\u003e\u003e----\";","lastModifiedDate":"2025-02-01","isFullCredit":false},{"lineNumber":26,"author":{"gitId":"vincesum"},"content":"        String starLine \u003d \"****************************\";","lastModifiedDate":"2025-02-01","isFullCredit":false},{"lineNumber":27,"author":{"gitId":"vincesum"},"content":"        String spacing \u003d \"    \";","lastModifiedDate":"2025-02-01","isFullCredit":false},{"lineNumber":28,"author":{"gitId":"vincesum"},"content":"        System.out.println(spacing + \"Hello! I\u0027m \" + name);","lastModifiedDate":"2025-02-01","isFullCredit":false},{"lineNumber":29,"author":{"gitId":"vincesum"},"content":"        System.out.println(spacing + \"What can I do for you?\");","lastModifiedDate":"2025-02-01","isFullCredit":false},{"lineNumber":30,"author":{"gitId":"vincesum"},"content":"        System.out.println(spacing + \"Please enter your current tasks\");","lastModifiedDate":"2025-02-01","isFullCredit":false},{"lineNumber":31,"author":{"gitId":"vincesum"},"content":"        System.out.println(spacing + \"Enter \\\"help\\\" for a list of available commands\");","lastModifiedDate":"2025-02-05","isFullCredit":false},{"lineNumber":32,"author":{"gitId":"vincesum"},"content":"        System.out.print(spacing + emptyLine + \"\\n\");","lastModifiedDate":"2025-02-05","isFullCredit":false},{"lineNumber":33,"author":{"gitId":"vincesum"},"content":"        return new printWelcomeMessage(emptyLine, starLine, spacing);","lastModifiedDate":"2025-02-05","isFullCredit":false},{"lineNumber":34,"author":{"gitId":"vincesum"},"content":"    }","lastModifiedDate":"2025-02-04","isFullCredit":false},{"lineNumber":35,"author":{"gitId":"vincesum"},"content":"","lastModifiedDate":"2025-02-04","isFullCredit":false},{"lineNumber":36,"author":{"gitId":"vincesum"},"content":"    public static void printHelpMessage(printWelcomeMessage format) {","lastModifiedDate":"2025-02-05","isFullCredit":false},{"lineNumber":37,"author":{"gitId":"vincesum"},"content":"        System.out.println(format.spacing() + \"Enter \\\"list\\\" to view your current tasks\");","lastModifiedDate":"2025-02-05","isFullCredit":false},{"lineNumber":38,"author":{"gitId":"vincesum"},"content":"        System.out.println(format.spacing() + \"Enter \\\"mark\\\" followed by a number to mark task as complete\");","lastModifiedDate":"2025-02-05","isFullCredit":false},{"lineNumber":39,"author":{"gitId":"vincesum"},"content":"        System.out.println(format.spacing() + \"To enter a task, enter \\\"todo\\\" followed by your task to store task\");","lastModifiedDate":"2025-02-05","isFullCredit":false},{"lineNumber":40,"author":{"gitId":"vincesum"},"content":"        System.out.println(format.spacing() + \"To enter a deadline, enter \\\"deadline\\\" followed by your task and \\\"/by\\\" due date to store deadline\");","lastModifiedDate":"2025-02-05","isFullCredit":false},{"lineNumber":41,"author":{"gitId":"vincesum"},"content":"        System.out.println(format.spacing() + \"To enter an event, enter \\\"event\\\" followed by your event and \\\"/from\\\" start date \\\"to\\\" end date to store event\");","lastModifiedDate":"2025-02-05","isFullCredit":false},{"lineNumber":42,"author":{"gitId":"vincesum"},"content":"        System.out.print(format.spacing() + \"Enter \\\"unmark\\\" followed by a number to mark task as incomplete\\n\");","lastModifiedDate":"2025-02-05","isFullCredit":false},{"lineNumber":43,"author":{"gitId":"vincesum"},"content":"        System.out.print(format.spacing() + format.emptyLine() + \"\\n\");","lastModifiedDate":"2025-02-05","isFullCredit":false},{"lineNumber":44,"author":{"gitId":"vincesum"},"content":"    }","lastModifiedDate":"2025-02-05","isFullCredit":false},{"lineNumber":45,"author":{"gitId":"vincesum"},"content":"","lastModifiedDate":"2025-02-05","isFullCredit":false},{"lineNumber":46,"author":{"gitId":"vincesum"},"content":"    public record printWelcomeMessage(String emptyLine, String starLine, String spacing) {","lastModifiedDate":"2025-02-04","isFullCredit":false},{"lineNumber":47,"author":{"gitId":"vincesum"},"content":"    }","lastModifiedDate":"2025-01-24","isFullCredit":false},{"lineNumber":48,"author":{"gitId":"vincesum"},"content":"}","lastModifiedDate":"2025-01-24","isFullCredit":false}],"authorContributionMap":{"vincesum":48}},{"path":"text-ui-test/input.txt","fileType":"txt","lines":[{"lineNumber":1,"author":{"gitId":"vincesum"},"content":"help","lastModifiedDate":"2025-02-05","isFullCredit":false},{"lineNumber":2,"author":{"gitId":"vincesum"},"content":"task one","lastModifiedDate":"2025-02-05","isFullCredit":false},{"lineNumber":3,"author":{"gitId":"vincesum"},"content":"todo two","lastModifiedDate":"2025-02-05","isFullCredit":false},{"lineNumber":4,"author":{"gitId":"vincesum"},"content":"deadline three","lastModifiedDate":"2025-02-05","isFullCredit":false},{"lineNumber":5,"author":{"gitId":"vincesum"},"content":"Deadline four /by Sunday 3pm","lastModifiedDate":"2025-02-05","isFullCredit":false},{"lineNumber":6,"author":{"gitId":"vincesum"},"content":"event five","lastModifiedDate":"2025-02-05","isFullCredit":false},{"lineNumber":7,"author":{"gitId":"vincesum"},"content":"Event six /from 20 Jan","lastModifiedDate":"2025-02-05","isFullCredit":false},{"lineNumber":8,"author":{"gitId":"vincesum"},"content":"Event seven /from 20 Jan /to 25 Jan","lastModifiedDate":"2025-02-05","isFullCredit":false},{"lineNumber":9,"author":{"gitId":"vincesum"},"content":"list","lastModifiedDate":"2025-02-05","isFullCredit":false}],"authorContributionMap":{"vincesum":9}},{"path":"text-ui-test/runtest.bat","fileType":"bat","lines":[{"lineNumber":1,"author":{"gitId":"-"},"content":"@ECHO OFF","lastModifiedDate":"2020-05-25","isFullCredit":false},{"lineNumber":2,"author":{"gitId":"-"},"content":"","lastModifiedDate":"2020-05-25","isFullCredit":false},{"lineNumber":3,"author":{"gitId":"-"},"content":"REM create bin directory if it doesn\u0027t exist","lastModifiedDate":"2020-05-25","isFullCredit":false},{"lineNumber":4,"author":{"gitId":"-"},"content":"if not exist ..\\bin mkdir ..\\bin","lastModifiedDate":"2020-05-25","isFullCredit":false},{"lineNumber":5,"author":{"gitId":"-"},"content":"","lastModifiedDate":"2020-05-25","isFullCredit":false},{"lineNumber":6,"author":{"gitId":"-"},"content":"REM delete output from previous run","lastModifiedDate":"2020-05-25","isFullCredit":false},{"lineNumber":7,"author":{"gitId":"-"},"content":"if exist ACTUAL.TXT del ACTUAL.TXT","lastModifiedDate":"2020-08-25","isFullCredit":false},{"lineNumber":8,"author":{"gitId":"-"},"content":"","lastModifiedDate":"2020-05-25","isFullCredit":false},{"lineNumber":9,"author":{"gitId":"-"},"content":"REM compile the code into the bin folder","lastModifiedDate":"2020-05-25","isFullCredit":false},{"lineNumber":10,"author":{"gitId":"-"},"content":"javac  -cp ..\\src\\main\\java -Xlint:none -d ..\\bin ..\\src\\main\\java\\*.java","lastModifiedDate":"2020-08-25","isFullCredit":false},{"lineNumber":11,"author":{"gitId":"-"},"content":"IF ERRORLEVEL 1 (","lastModifiedDate":"2020-05-25","isFullCredit":false},{"lineNumber":12,"author":{"gitId":"-"},"content":"    echo ********** BUILD FAILURE **********","lastModifiedDate":"2020-05-25","isFullCredit":false},{"lineNumber":13,"author":{"gitId":"-"},"content":"    exit /b 1","lastModifiedDate":"2020-05-25","isFullCredit":false},{"lineNumber":14,"author":{"gitId":"-"},"content":")","lastModifiedDate":"2020-05-25","isFullCredit":false},{"lineNumber":15,"author":{"gitId":"-"},"content":"REM no error here, errorlevel \u003d\u003d 0","lastModifiedDate":"2020-05-25","isFullCredit":false},{"lineNumber":16,"author":{"gitId":"-"},"content":"","lastModifiedDate":"2020-05-25","isFullCredit":false},{"lineNumber":17,"author":{"gitId":"-"},"content":"REM run the program, feed commands from input.txt file and redirect the output to the ACTUAL.TXT","lastModifiedDate":"2020-05-25","isFullCredit":false},{"lineNumber":18,"author":{"gitId":"vincesum"},"content":"java -classpath ..\\bin Vinbot \u003c input.txt \u003e ACTUAL.TXT","lastModifiedDate":"2025-01-24","isFullCredit":false},{"lineNumber":19,"author":{"gitId":"-"},"content":"","lastModifiedDate":"2020-05-25","isFullCredit":false},{"lineNumber":20,"author":{"gitId":"-"},"content":"REM compare the output to the expected output","lastModifiedDate":"2020-05-25","isFullCredit":false},{"lineNumber":21,"author":{"gitId":"-"},"content":"FC ACTUAL.TXT EXPECTED.TXT","lastModifiedDate":"2020-05-25","isFullCredit":false}],"authorContributionMap":{"-":20,"vincesum":1}}]
