{"authorDailyContributionsMap":{"timothyloh0523":[{"date":"2025-01-24","commitResults":[{"hash":"c4dd502f8111de5615ef864028720e582c443beb","isMergeCommit":false,"messageTitle":"changed duke to bluey","messageBody":"","fileTypesAndContributionMap":{"java":{"insertions":7,"deletions":10},"bat":{"insertions":1,"deletions":1},"md":{"insertions":3,"deletions":3}}}]},{"date":"2025-02-03","commitResults":[{"hash":"fa217bddab3741121ea4a6da9da6f6ba5ea97e0b","isMergeCommit":false,"messageTitle":"changed duke to bluey added increments for wk 3 - level 1, 2","messageBody":"","fileTypesAndContributionMap":{"java":{"insertions":29,"deletions":0}}}]},{"date":"2025-02-07","commitResults":[{"hash":"f1ecca11afdb66fa72b31d21c4149629a0c50067","isMergeCommit":false,"messageTitle":"changed duke to bluey added increments for wk 3 - level 3","messageBody":"","fileTypesAndContributionMap":{"java":{"insertions":31,"deletions":4}}}]},{"date":"2025-02-13","commitResults":[{"hash":"ce01d349584753c7e79486a0f2aa51a0bba6a074","isMergeCommit":false,"messageTitle":"added TaskControl class and streamlined functions","messageBody":"","fileTypesAndContributionMap":{"java":{"insertions":72,"deletions":34}}}]},{"date":"2025-02-14","commitResults":[{"hash":"5695756b2aa328f176047c8f09869904277f5af9","isMergeCommit":false,"messageTitle":"added different subclasses for Task","messageBody":"","fileTypesAndContributionMap":{"java":{"insertions":41,"deletions":0}}},{"hash":"2c4ca9e9cd18a6fe4f09a22e2595a13c21330a95","isMergeCommit":false,"messageTitle":"modified mark/unmarkTask function to toggleTask, changed addTask to handle different types of tasks","messageBody":"","fileTypesAndContributionMap":{"java":{"insertions":75,"deletions":19}}}]}]},"authorFileTypeContributionMap":{"timothyloh0523":{"java":198,"md":3,"fxml":0,"sh":0,"bat":1,"gradle":0,"txt":0}},"authorContributionVariance":{"timothyloh0523":809.0834},"authorDisplayNameMap":{"timothyloh0523":"LOH ..OTHY"}}
