{"authorDailyContributionsMap":{"dylankhoo":[{"date":"2025-01-20","commitResults":[{"hash":"62070883a582406a88c5cdc4bd5d3123508453cc","isMergeCommit":false,"messageTitle":"Rename to Groot","messageBody":"","fileTypesAndContributionMap":{"java":{"insertions":10,"deletions":10},"md":{"insertions":9,"deletions":9}}},{"hash":"9ce4b2b26fcc090579327a846f6845c9af0fbddd","isMergeCommit":false,"messageTitle":"Add Greet and Exit","messageBody":"","fileTypesAndContributionMap":{"java":{"insertions":12,"deletions":0}}},{"hash":"ed32b4170132bd47f6311a0e8a6b8a33ad3cfb10","isMergeCommit":false,"messageTitle":"Add colour to Groot text","messageBody":"","tags":["Level-0"],"fileTypesAndContributionMap":{"java":{"insertions":7,"deletions":3}}}]},{"date":"2025-01-25","commitResults":[{"hash":"7f028ccff482ba82ba82b4144a9969cf09ba9ac4","isMergeCommit":false,"messageTitle":"Refactor greet and bye","messageBody":"- Add \"say\" method to support future Groot messages\n- Refactor greet and bye to use say\n","fileTypesAndContributionMap":{"java":{"insertions":7,"deletions":4}}},{"hash":"e6e2ab53c72ef407f1ae3d687abca121ff0a0f8f","isMergeCommit":false,"messageTitle":"Add Echo feature, printBorder - Add input listener using Scanner - Add command handler, refactor to use command handler - Add border printing and alignment","messageBody":"","tags":["Level-1"],"fileTypesAndContributionMap":{"java":{"insertions":40,"deletions":10}}},{"hash":"7b52e814a4982f94bbda89fe1edc7e664d8bc918","isMergeCommit":false,"messageTitle":"Add addTask and listTask methods","messageBody":"","tags":["Level-2"],"fileTypesAndContributionMap":{"java":{"insertions":21,"deletions":2}}},{"hash":"db141700eed231cb57776ff6aa534b7ae32c639a","isMergeCommit":false,"messageTitle":"Add Task class, refactor Groot to use Task class","messageBody":"","fileTypesAndContributionMap":{"java":{"insertions":22,"deletions":4}}},{"hash":"f3c4ae87a644683bb967b51b2e656f41b572860f","isMergeCommit":false,"messageTitle":"Add Mark, Unmark","messageBody":"","tags":["Level-3"],"fileTypesAndContributionMap":{"java":{"insertions":47,"deletions":1}}},{"hash":"b8cd19df56fc226e9d82d7ec3c4006fa26761d5c","isMergeCommit":false,"messageTitle":"Refactor Say, List, Mark - Overload say method to support multiple strings - Refactor list, mark to use say","messageBody":"","fileTypesAndContributionMap":{"java":{"insertions":44,"deletions":40}}},{"hash":"897eb9528338d8b263e5f4569e3281863bd75b4b","isMergeCommit":false,"messageTitle":"Add guards for handleMark","messageBody":"","fileTypesAndContributionMap":{"java":{"insertions":26,"deletions":18}}},{"hash":"df6784213bf7f9e33460d5247ca54eb3f9adbed1","isMergeCommit":false,"messageTitle":"Format to follow code standard","messageBody":"","tags":["A-CodingStandard"],"fileTypesAndContributionMap":{"java":{"insertions":43,"deletions":48}}}]},{"date":"2025-02-01","commitResults":[{"hash":"239c85f73f745ea401e1a9e151034a320b7417a0","isMergeCommit":false,"messageTitle":"Add Todo, Deadline, Event classes","messageBody":"","fileTypesAndContributionMap":{"java":{"insertions":63,"deletions":4}}}]},{"date":"2025-02-02","commitResults":[{"hash":"e593e0fb942392fc686ecae73384614cdf231727","isMergeCommit":false,"messageTitle":"Add createClass method for Task and Subclasses","messageBody":"","tags":["Level-4"],"fileTypesAndContributionMap":{"java":{"insertions":97,"deletions":50}}}]},{"date":"2025-02-04","commitResults":[{"hash":"119c0c48156eefbb2414566edbfb64b7ead480ee","isMergeCommit":false,"messageTitle":"Add Ui Class","messageBody":"UI methods and constants (e.g. say(), greet(), COLOR_GREEN etc.) are in\nGroot Class.\n\nGroot class should maintain only command logic.\n\nExtracting UI methods and constants into a common class allows us to\navoid cluttering Groot class.\n\nLet\u0027s:\n- create a UI class and extract current methods and constants to it\n- refactor Groot methods to use elements of UI class\n","fileTypesAndContributionMap":{"java":{"insertions":69,"deletions":54}}}]},{"date":"2025-02-05","commitResults":[{"hash":"b11d8d4b00fdaa18209d7c370bbf5b918c5583ee","isMergeCommit":false,"messageTitle":"Add Command and TaskManager Class","messageBody":"Command and Task logic are in Groot Class.\n\nGroot class should maintain only scanning logic and task data for\nconciseness.\n\nExtracting Command and Task logic into separate classes allows us to\navoid cluttering Groot class.\n\nLet\u0027s:\n- create a Command class and extract command logic to it\n- create a TaskManager class and extract task logic to it\n- refactor Groot methods to make use of Command and TaskManager class\n","tags":["A-CodeQuality"],"fileTypesAndContributionMap":{"java":{"insertions":142,"deletions":113}}}]},{"date":"2025-02-11","commitResults":[{"hash":"8654ac1501e455084dae72dd83a002e91d0c30df","isMergeCommit":false,"messageTitle":"Add exception handling","messageBody":"","fileTypesAndContributionMap":{"java":{"insertions":60,"deletions":36}}},{"hash":"30e519bec3ea077fec1308e1a172036ad7bdcb73","isMergeCommit":true,"messageTitle":"Merge branch \u0027branch-Level-5\u0027","messageBody":"","tags":["Level-5","A-Exceptions"],"fileTypesAndContributionMap":{}},{"hash":"44e3b2d5230856a922fae2592c0779452ddf5b63","isMergeCommit":false,"messageTitle":"Divide classes into packages","messageBody":"","tags":["A-Packages"],"fileTypesAndContributionMap":{"java":{"insertions":42,"deletions":4}}}]},{"date":"2025-02-15","commitResults":[{"hash":"d722d972151f912d4abf3181fef03e0a2a659387","isMergeCommit":false,"messageTitle":"Add delete functionality","messageBody":"","tags":["Level-6","A-Collections"],"fileTypesAndContributionMap":{"java":{"insertions":49,"deletions":9}}}]},{"date":"2025-02-20","commitResults":[{"hash":"a7e80326ccbdf47cb0d49ef80b16960fdd557f8c","isMergeCommit":false,"messageTitle":"Add save functionality","messageBody":"","fileTypesAndContributionMap":{"txt":{"insertions":2,"deletions":0},"java":{"insertions":111,"deletions":9}}},{"hash":"843983824d972d66439cb5c9d740462e177a2a41","isMergeCommit":true,"messageTitle":"Merge branch \u0027branch-Level-7\u0027","messageBody":"","fileTypesAndContributionMap":{}},{"hash":"bf18cdf2280d8e7446da081965ec88ee58d70373","isMergeCommit":false,"messageTitle":"Resolve merge conflict","messageBody":"","tags":["Level-7","A-Jar"],"fileTypesAndContributionMap":{"java":{"insertions":1,"deletions":1}}}]}]},"authorFileTypeContributionMap":{"dylankhoo":{"java":503,"md":9,"fxml":0,"sh":0,"bat":0,"gradle":0,"txt":2}},"authorContributionVariance":{"dylankhoo":5888.0757},"authorDisplayNameMap":{"dylankhoo":"CS2113-T12-2 KHOO..YLAN"}}
