{"authorDailyContributionsMap":{"mohammedhamdhan":[{"date":"2025-01-19","commitResults":[{"hash":"2d2c640b5cc9fc48ecfed588222968e5f57fddba","isMergeCommit":false,"messageTitle":"Create new logo and edit greeting format","messageBody":"","tags":["Level-0"],"fileTypesAndContributionMap":{"java":{"insertions":16,"deletions":10},"bat":{"insertions":1,"deletions":1},"md":{"insertions":3,"deletions":3}}}]},{"date":"2025-01-27","commitResults":[{"hash":"39e40550758ced9656424c7733bf69c57737a9ba","isMergeCommit":false,"messageTitle":"Add functionality where Orca repeats input. Echoes input and exits when \"bye\" is entered","messageBody":"","tags":["Level-1"],"fileTypesAndContributionMap":{"java":{"insertions":13,"deletions":1}}},{"hash":"afd99b5aa701c1c662de001cffff2ace9c14834a","isMergeCommit":true,"messageTitle":"Merge branch \u0027master\u0027 of https://github.com/mohammedhamdhan/ip","messageBody":"","fileTypesAndContributionMap":{}},{"hash":"9cd90716bb0bb485996d5abc0eee59df07389f56","isMergeCommit":false,"messageTitle":"Add new ToDoList class","messageBody":"Add functionality to store entries and recite them when asked\n","tags":["Level-2"],"fileTypesAndContributionMap":{"java":{"insertions":29,"deletions":1}}}]},{"date":"2025-01-30","commitResults":[{"hash":"df1e86f113679941ce1e5ad90d05e72d8f0e77f7","isMergeCommit":false,"messageTitle":"Add mark/unmark feature","messageBody":"Add new class TaskManager to handle all feature functionality of chatbot.\nAdd mark/unmark feature to chatbot.\nMake code neater and more organized.\n","tags":["Level-3"],"fileTypesAndContributionMap":{"java":{"insertions":126,"deletions":40}}}]},{"date":"2025-01-31","commitResults":[{"hash":"292742ad738fe96290c53e7e892b80b34574d1c1","isMergeCommit":false,"messageTitle":"Change class name to match A-CodingStandard","messageBody":"","tags":["A-CodingStandard"],"fileTypesAndContributionMap":{"java":{"insertions":4,"deletions":4}}}]},{"date":"2025-02-07","commitResults":[{"hash":"ec48e574fcd8dde360fb6fca72e1331cb73c9b81","isMergeCommit":false,"messageTitle":"Add new classes Todo, Deadline and Event.","messageBody":"Categorize task handling and organised code.\n","tags":["Level-4","A-CodeQuality"],"fileTypesAndContributionMap":{"java":{"insertions":131,"deletions":21},"bat":{"insertions":1,"deletions":1}}}]},{"date":"2025-02-14","commitResults":[{"hash":"d35f1bc1fd8a5b6e09dedb3887ca78a14d1938c3","isMergeCommit":false,"messageTitle":"Add try-catch statements","messageBody":"Expand error handling capabilities to handle more exceptions\n","fileTypesAndContributionMap":{"java":{"insertions":94,"deletions":12}}},{"hash":"93a9febf2e817ebef6c325d2dc6818f5ccbaced6","isMergeCommit":false,"messageTitle":"Add more catch sattements to handle exceptions","messageBody":"Add exception handling in events and deadlines, to ensure user input format is correct\n","tags":["Level-5"],"fileTypesAndContributionMap":{"java":{"insertions":67,"deletions":28}}},{"hash":"bfa8ff2f987e6706455416c5cecb776965612549","isMergeCommit":false,"messageTitle":"Categorize files into packages","messageBody":"","fileTypesAndContributionMap":{"java":{"insertions":26,"deletions":4}}},{"hash":"41ae0db6c835342a7515ae517dd1f28c3db685ce","isMergeCommit":false,"messageTitle":"Edit formatting","messageBody":"","tags":["A-Packages","A-Exceptions"],"fileTypesAndContributionMap":{"java":{"insertions":2,"deletions":2}}}]},{"date":"2025-02-21","commitResults":[{"hash":"20b0868ec8a70ef069b3cc5b8a87ffd4511a47a6","isMergeCommit":false,"messageTitle":"add delete feature","messageBody":"","tags":["Level-6","A-Collections"],"fileTypesAndContributionMap":{"txt":{"insertions":4,"deletions":0},"java":{"insertions":211,"deletions":59}}},{"hash":"bd155b4ff720d8286e16e60577a882c6d47dd4aa","isMergeCommit":false,"messageTitle":"add save feature","messageBody":"","fileTypesAndContributionMap":{"java":{"insertions":1,"deletions":1}}},{"hash":"91ae01c96428dd31e354da741a8cf9c4108de296","isMergeCommit":true,"messageTitle":"Merge branch \u0027branch-Level-7\u0027","messageBody":"","tags":["Level-7","A-Jar"],"fileTypesAndContributionMap":{}}]},{"date":"2025-03-07","commitResults":[{"hash":"c329cb53d6619f1730e9a40128f4334cc06998f3","isMergeCommit":false,"messageTitle":"Extract classes: Ui, Parser, TaskList","messageBody":"","tags":["A-MoreOOP"],"fileTypesAndContributionMap":{"txt":{"insertions":4,"deletions":4},"java":{"insertions":518,"deletions":206}}}]}]},"authorFileTypeContributionMap":{"mohammedhamdhan":{"java":859,"md":3,"fxml":0,"sh":0,"bat":2,"gradle":0,"txt":4}},"authorContributionVariance":{"mohammedhamdhan":11823.645},"authorDisplayNameMap":{"mohammedhamdhan":"CS2113-F11-2 JAHA..DHAN"}}
