[{"path":"README.md","fileType":"md","lines":[{"lineNumber":1,"author":{"gitId":"jiajun2002"},"content":"# Lebron project template","lastModifiedDate":"2025-01-22","isFullCredit":false},{"lineNumber":2,"author":{"gitId":"-"},"content":"","lastModifiedDate":"2020-05-25","isFullCredit":false},{"lineNumber":3,"author":{"gitId":"-"},"content":"This is a project template for a greenfield Java project. It\u0027s named after the Java mascot _Duke_. Given below are instructions on how to use it.","lastModifiedDate":"2020-05-25","isFullCredit":false},{"lineNumber":4,"author":{"gitId":"-"},"content":"","lastModifiedDate":"2020-05-25","isFullCredit":false},{"lineNumber":5,"author":{"gitId":"-"},"content":"## Setting up in Intellij","lastModifiedDate":"2020-05-25","isFullCredit":false},{"lineNumber":6,"author":{"gitId":"-"},"content":"","lastModifiedDate":"2020-05-25","isFullCredit":false},{"lineNumber":7,"author":{"gitId":"-"},"content":"Prerequisites: JDK 17, update Intellij to the most recent version.","lastModifiedDate":"2024-07-11","isFullCredit":false},{"lineNumber":8,"author":{"gitId":"-"},"content":"","lastModifiedDate":"2020-05-25","isFullCredit":false},{"lineNumber":9,"author":{"gitId":"-"},"content":"1. Open Intellij (if you are not in the welcome screen, click `File` \u003e `Close Project` to close the existing project first)","lastModifiedDate":"2021-01-17","isFullCredit":false},{"lineNumber":10,"author":{"gitId":"-"},"content":"1. Open the project into Intellij as follows:","lastModifiedDate":"2021-01-17","isFullCredit":false},{"lineNumber":11,"author":{"gitId":"-"},"content":"   1. Click `Open`.","lastModifiedDate":"2021-01-17","isFullCredit":false},{"lineNumber":12,"author":{"gitId":"-"},"content":"   1. Select the project directory, and click `OK`.","lastModifiedDate":"2021-01-17","isFullCredit":false},{"lineNumber":13,"author":{"gitId":"-"},"content":"   1. If there are any further prompts, accept the defaults.","lastModifiedDate":"2020-05-25","isFullCredit":false},{"lineNumber":14,"author":{"gitId":"-"},"content":"1. Configure the project to use **JDK 17** (not other versions) as explained in [here](https://www.jetbrains.com/help/idea/sdk.html#set-up-jdk).\u003cbr\u003e","lastModifiedDate":"2024-07-11","isFullCredit":false},{"lineNumber":15,"author":{"gitId":"-"},"content":"   In the same dialog, set the **Project language level** field to the `SDK default` option.","lastModifiedDate":"2021-07-29","isFullCredit":false},{"lineNumber":16,"author":{"gitId":"jiajun2002"},"content":"1. After that, locate the `src/main/java/Lebron.java` file, right-click it, and choose `Run Lebron.main()` (if the code editor is showing compile errors, try restarting the IDE). If the setup is correct, you should see something like the below as the output:","lastModifiedDate":"2025-01-22","isFullCredit":false},{"lineNumber":17,"author":{"gitId":"-"},"content":"   ```","lastModifiedDate":"2020-05-25","isFullCredit":false},{"lineNumber":18,"author":{"gitId":"-"},"content":"   Hello from","lastModifiedDate":"2020-05-25","isFullCredit":false},{"lineNumber":19,"author":{"gitId":"-"},"content":"    ____        _        ","lastModifiedDate":"2020-05-25","isFullCredit":false},{"lineNumber":20,"author":{"gitId":"-"},"content":"   |  _ \\ _   _| | _____ ","lastModifiedDate":"2020-05-25","isFullCredit":false},{"lineNumber":21,"author":{"gitId":"-"},"content":"   | | | | | | | |/ / _ \\","lastModifiedDate":"2020-05-25","isFullCredit":false},{"lineNumber":22,"author":{"gitId":"-"},"content":"   | |_| | |_| |   \u003c  __/","lastModifiedDate":"2020-05-25","isFullCredit":false},{"lineNumber":23,"author":{"gitId":"-"},"content":"   |____/ \\__,_|_|\\_\\___|","lastModifiedDate":"2020-05-25","isFullCredit":false},{"lineNumber":24,"author":{"gitId":"-"},"content":"   ```","lastModifiedDate":"2020-05-25","isFullCredit":false},{"lineNumber":25,"author":{"gitId":"-"},"content":"","lastModifiedDate":"2025-01-04","isFullCredit":false},{"lineNumber":26,"author":{"gitId":"-"},"content":"**Warning:** Keep the `src\\main\\java` folder as the root folder for Java files (i.e., don\u0027t rename those folders or move Java files to another folder outside of this folder path), as this is the default location some tools (e.g., Gradle) expect to find Java files.","lastModifiedDate":"2025-01-04","isFullCredit":false}],"authorContributionMap":{"jiajun2002":2,"-":24}},{"path":"docs/README.md","fileType":"md","lines":[{"lineNumber":1,"author":{"gitId":"jiajun2002"},"content":"# Lebron User Guide","lastModifiedDate":"2025-01-22","isFullCredit":false},{"lineNumber":2,"author":{"gitId":"-"},"content":"","lastModifiedDate":"2019-07-29","isFullCredit":false},{"lineNumber":3,"author":{"gitId":"-"},"content":"// Update the title above to match the actual product name","lastModifiedDate":"2024-01-07","isFullCredit":false},{"lineNumber":4,"author":{"gitId":"-"},"content":"","lastModifiedDate":"2019-07-29","isFullCredit":false},{"lineNumber":5,"author":{"gitId":"-"},"content":"// Product screenshot goes here","lastModifiedDate":"2024-01-07","isFullCredit":false},{"lineNumber":6,"author":{"gitId":"-"},"content":"","lastModifiedDate":"2021-07-17","isFullCredit":false},{"lineNumber":7,"author":{"gitId":"-"},"content":"// Product intro goes here","lastModifiedDate":"2024-01-07","isFullCredit":false},{"lineNumber":8,"author":{"gitId":"-"},"content":"","lastModifiedDate":"2021-07-17","isFullCredit":false},{"lineNumber":9,"author":{"gitId":"-"},"content":"## Adding deadlines","lastModifiedDate":"2024-01-07","isFullCredit":false},{"lineNumber":10,"author":{"gitId":"-"},"content":"","lastModifiedDate":"2021-07-17","isFullCredit":false},{"lineNumber":11,"author":{"gitId":"-"},"content":"// Describe the action and its outcome.","lastModifiedDate":"2024-01-07","isFullCredit":false},{"lineNumber":12,"author":{"gitId":"-"},"content":"","lastModifiedDate":"2019-07-29","isFullCredit":false},{"lineNumber":13,"author":{"gitId":"-"},"content":"// Give examples of usage","lastModifiedDate":"2024-01-07","isFullCredit":false},{"lineNumber":14,"author":{"gitId":"-"},"content":"","lastModifiedDate":"2019-07-29","isFullCredit":false},{"lineNumber":15,"author":{"gitId":"-"},"content":"Example: `keyword (optional arguments)`","lastModifiedDate":"2024-01-07","isFullCredit":false},{"lineNumber":16,"author":{"gitId":"-"},"content":"","lastModifiedDate":"2019-07-29","isFullCredit":false},{"lineNumber":17,"author":{"gitId":"-"},"content":"// A description of the expected outcome goes here","lastModifiedDate":"2024-01-07","isFullCredit":false},{"lineNumber":18,"author":{"gitId":"-"},"content":"","lastModifiedDate":"2019-07-29","isFullCredit":false},{"lineNumber":19,"author":{"gitId":"-"},"content":"```","lastModifiedDate":"2024-01-07","isFullCredit":false},{"lineNumber":20,"author":{"gitId":"-"},"content":"expected output","lastModifiedDate":"2024-01-07","isFullCredit":false},{"lineNumber":21,"author":{"gitId":"-"},"content":"```","lastModifiedDate":"2024-01-07","isFullCredit":false},{"lineNumber":22,"author":{"gitId":"-"},"content":"","lastModifiedDate":"2019-07-29","isFullCredit":false},{"lineNumber":23,"author":{"gitId":"-"},"content":"## Feature ABC","lastModifiedDate":"2024-01-07","isFullCredit":false},{"lineNumber":24,"author":{"gitId":"-"},"content":"","lastModifiedDate":"2019-07-29","isFullCredit":false},{"lineNumber":25,"author":{"gitId":"-"},"content":"// Feature details","lastModifiedDate":"2024-01-07","isFullCredit":false},{"lineNumber":26,"author":{"gitId":"-"},"content":"","lastModifiedDate":"2019-07-29","isFullCredit":false},{"lineNumber":27,"author":{"gitId":"-"},"content":"","lastModifiedDate":"2021-07-17","isFullCredit":false},{"lineNumber":28,"author":{"gitId":"-"},"content":"## Feature XYZ","lastModifiedDate":"2024-01-07","isFullCredit":false},{"lineNumber":29,"author":{"gitId":"-"},"content":"","lastModifiedDate":"2024-01-07","isFullCredit":false},{"lineNumber":30,"author":{"gitId":"-"},"content":"// Feature details","lastModifiedDate":"2024-01-07","isFullCredit":false}],"authorContributionMap":{"jiajun2002":1,"-":29}},{"path":"src/main/java/lebron/Lebron.java","fileType":"java","lines":[{"lineNumber":1,"author":{"gitId":"jiajun2002"},"content":"package lebron;","lastModifiedDate":"2025-03-03","isFullCredit":false},{"lineNumber":2,"author":{"gitId":"jiajun2002"},"content":"","lastModifiedDate":"2025-03-03","isFullCredit":false},{"lineNumber":3,"author":{"gitId":"jiajun2002"},"content":"import lebron.exception.*;","lastModifiedDate":"2025-03-03","isFullCredit":false},{"lineNumber":4,"author":{"gitId":"jiajun2002"},"content":"import lebron.storage.Storage;","lastModifiedDate":"2025-03-03","isFullCredit":false},{"lineNumber":5,"author":{"gitId":"jiajun2002"},"content":"import lebron.parser.Parser;","lastModifiedDate":"2025-03-03","isFullCredit":false},{"lineNumber":6,"author":{"gitId":"jiajun2002"},"content":"import lebron.ui.Ui;","lastModifiedDate":"2025-03-03","isFullCredit":false},{"lineNumber":7,"author":{"gitId":"jiajun2002"},"content":"import lebron.task.*;","lastModifiedDate":"2025-03-03","isFullCredit":false},{"lineNumber":8,"author":{"gitId":"jiajun2002"},"content":"","lastModifiedDate":"2025-03-03","isFullCredit":false},{"lineNumber":9,"author":{"gitId":"jiajun2002"},"content":"public class Lebron {","lastModifiedDate":"2025-03-03","isFullCredit":false},{"lineNumber":10,"author":{"gitId":"jiajun2002"},"content":"","lastModifiedDate":"2025-03-03","isFullCredit":false},{"lineNumber":11,"author":{"gitId":"jiajun2002"},"content":"    private static final String FILE_PATH \u003d \"./data/Lebron.txt\";","lastModifiedDate":"2025-03-03","isFullCredit":false},{"lineNumber":12,"author":{"gitId":"jiajun2002"},"content":"    private Storage storage;","lastModifiedDate":"2025-03-03","isFullCredit":false},{"lineNumber":13,"author":{"gitId":"jiajun2002"},"content":"    private Ui ui;","lastModifiedDate":"2025-03-03","isFullCredit":false},{"lineNumber":14,"author":{"gitId":"jiajun2002"},"content":"    private TaskList tasks;","lastModifiedDate":"2025-03-03","isFullCredit":false},{"lineNumber":15,"author":{"gitId":"jiajun2002"},"content":"","lastModifiedDate":"2025-03-03","isFullCredit":false},{"lineNumber":16,"author":{"gitId":"jiajun2002"},"content":"    public Lebron(String filePath) {","lastModifiedDate":"2025-03-03","isFullCredit":false},{"lineNumber":17,"author":{"gitId":"jiajun2002"},"content":"        ui \u003d new Ui();","lastModifiedDate":"2025-03-03","isFullCredit":false},{"lineNumber":18,"author":{"gitId":"jiajun2002"},"content":"        storage \u003d new Storage(filePath);","lastModifiedDate":"2025-03-03","isFullCredit":false},{"lineNumber":19,"author":{"gitId":"jiajun2002"},"content":"        tasks \u003d new TaskList(storage.loadTasks(), storage, ui);","lastModifiedDate":"2025-03-03","isFullCredit":false},{"lineNumber":20,"author":{"gitId":"jiajun2002"},"content":"    }","lastModifiedDate":"2025-03-03","isFullCredit":false},{"lineNumber":21,"author":{"gitId":"jiajun2002"},"content":"","lastModifiedDate":"2025-03-03","isFullCredit":false},{"lineNumber":22,"author":{"gitId":"jiajun2002"},"content":"    public void run() {","lastModifiedDate":"2025-03-03","isFullCredit":false},{"lineNumber":23,"author":{"gitId":"jiajun2002"},"content":"        ui.printGreetingMessage();","lastModifiedDate":"2025-03-03","isFullCredit":false},{"lineNumber":24,"author":{"gitId":"jiajun2002"},"content":"        while(true) {","lastModifiedDate":"2025-03-03","isFullCredit":false},{"lineNumber":25,"author":{"gitId":"jiajun2002"},"content":"            String line \u003d ui.readCommand();","lastModifiedDate":"2025-03-03","isFullCredit":false},{"lineNumber":26,"author":{"gitId":"jiajun2002"},"content":"            if (line.equalsIgnoreCase(\"bye\")) {","lastModifiedDate":"2025-03-03","isFullCredit":false},{"lineNumber":27,"author":{"gitId":"jiajun2002"},"content":"                System.out.println(\"Aight catch you later, see you at the game!\");","lastModifiedDate":"2025-03-03","isFullCredit":false},{"lineNumber":28,"author":{"gitId":"jiajun2002"},"content":"                ui.printLinebreak();","lastModifiedDate":"2025-03-03","isFullCredit":false},{"lineNumber":29,"author":{"gitId":"jiajun2002"},"content":"                break;","lastModifiedDate":"2025-03-03","isFullCredit":false},{"lineNumber":30,"author":{"gitId":"jiajun2002"},"content":"            }","lastModifiedDate":"2025-03-03","isFullCredit":false},{"lineNumber":31,"author":{"gitId":"jiajun2002"},"content":"            if (line.equalsIgnoreCase(\"list\")) {","lastModifiedDate":"2025-03-03","isFullCredit":false},{"lineNumber":32,"author":{"gitId":"jiajun2002"},"content":"                ui.printTaskList(tasks);","lastModifiedDate":"2025-03-03","isFullCredit":false},{"lineNumber":33,"author":{"gitId":"jiajun2002"},"content":"                continue;","lastModifiedDate":"2025-03-03","isFullCredit":false},{"lineNumber":34,"author":{"gitId":"jiajun2002"},"content":"            }","lastModifiedDate":"2025-03-03","isFullCredit":false},{"lineNumber":35,"author":{"gitId":"jiajun2002"},"content":"            try {","lastModifiedDate":"2025-03-03","isFullCredit":false},{"lineNumber":36,"author":{"gitId":"jiajun2002"},"content":"                Parser.processCommand(line, tasks, ui);","lastModifiedDate":"2025-03-03","isFullCredit":false},{"lineNumber":37,"author":{"gitId":"jiajun2002"},"content":"            } catch (UnknownCommandException e) {","lastModifiedDate":"2025-03-03","isFullCredit":false},{"lineNumber":38,"author":{"gitId":"jiajun2002"},"content":"                ui.printErrorMessage(\"Not sure what you\u0027re trying to make me do, start off with todo/deadline/event instead!\");","lastModifiedDate":"2025-03-03","isFullCredit":false},{"lineNumber":39,"author":{"gitId":"jiajun2002"},"content":"            }","lastModifiedDate":"2025-03-03","isFullCredit":false},{"lineNumber":40,"author":{"gitId":"jiajun2002"},"content":"        }","lastModifiedDate":"2025-03-03","isFullCredit":false},{"lineNumber":41,"author":{"gitId":"jiajun2002"},"content":"    }","lastModifiedDate":"2025-03-03","isFullCredit":false},{"lineNumber":42,"author":{"gitId":"jiajun2002"},"content":"","lastModifiedDate":"2025-03-03","isFullCredit":false},{"lineNumber":43,"author":{"gitId":"jiajun2002"},"content":"    public static void main(String[] args) {","lastModifiedDate":"2025-03-03","isFullCredit":false},{"lineNumber":44,"author":{"gitId":"jiajun2002"},"content":"        new Lebron(FILE_PATH).run();","lastModifiedDate":"2025-03-03","isFullCredit":false},{"lineNumber":45,"author":{"gitId":"jiajun2002"},"content":"    }","lastModifiedDate":"2025-03-03","isFullCredit":false},{"lineNumber":46,"author":{"gitId":"jiajun2002"},"content":"}","lastModifiedDate":"2025-03-03","isFullCredit":false}],"authorContributionMap":{"jiajun2002":46}},{"path":"src/main/java/lebron/exception/EmptyTaskException.java","fileType":"java","lines":[{"lineNumber":1,"author":{"gitId":"jiajun2002"},"content":"package lebron.exception;","lastModifiedDate":"2025-02-10","isFullCredit":false},{"lineNumber":2,"author":{"gitId":"jiajun2002"},"content":"","lastModifiedDate":"2025-02-10","isFullCredit":false},{"lineNumber":3,"author":{"gitId":"jiajun2002"},"content":"public class EmptyTaskException extends Exception {","lastModifiedDate":"2025-02-10","isFullCredit":false},{"lineNumber":4,"author":{"gitId":"jiajun2002"},"content":"}","lastModifiedDate":"2025-02-10","isFullCredit":false}],"authorContributionMap":{"jiajun2002":4}},{"path":"src/main/java/lebron/exception/InvalidDeleteException.java","fileType":"java","lines":[{"lineNumber":1,"author":{"gitId":"jiajun2002"},"content":"package lebron.exception;","lastModifiedDate":"2025-02-18","isFullCredit":false},{"lineNumber":2,"author":{"gitId":"jiajun2002"},"content":"","lastModifiedDate":"2025-02-18","isFullCredit":false},{"lineNumber":3,"author":{"gitId":"jiajun2002"},"content":"public class InvalidDeleteException extends Exception {","lastModifiedDate":"2025-02-18","isFullCredit":false},{"lineNumber":4,"author":{"gitId":"jiajun2002"},"content":"}","lastModifiedDate":"2025-02-18","isFullCredit":false}],"authorContributionMap":{"jiajun2002":4}},{"path":"src/main/java/lebron/exception/InvalidMarkingException.java","fileType":"java","lines":[{"lineNumber":1,"author":{"gitId":"jiajun2002"},"content":"package lebron.exception;","lastModifiedDate":"2025-02-10","isFullCredit":false},{"lineNumber":2,"author":{"gitId":"jiajun2002"},"content":"","lastModifiedDate":"2025-02-10","isFullCredit":false},{"lineNumber":3,"author":{"gitId":"jiajun2002"},"content":"public class InvalidMarkingException extends Exception {","lastModifiedDate":"2025-02-10","isFullCredit":false},{"lineNumber":4,"author":{"gitId":"jiajun2002"},"content":"}","lastModifiedDate":"2025-02-10","isFullCredit":false}],"authorContributionMap":{"jiajun2002":4}},{"path":"src/main/java/lebron/exception/InvalidTaskFormatException.java","fileType":"java","lines":[{"lineNumber":1,"author":{"gitId":"jiajun2002"},"content":"package lebron.exception;","lastModifiedDate":"2025-02-10","isFullCredit":false},{"lineNumber":2,"author":{"gitId":"jiajun2002"},"content":"","lastModifiedDate":"2025-02-10","isFullCredit":false},{"lineNumber":3,"author":{"gitId":"jiajun2002"},"content":"public class InvalidTaskFormatException extends Exception {","lastModifiedDate":"2025-02-10","isFullCredit":false},{"lineNumber":4,"author":{"gitId":"jiajun2002"},"content":"}","lastModifiedDate":"2025-02-10","isFullCredit":false}],"authorContributionMap":{"jiajun2002":4}},{"path":"src/main/java/lebron/exception/UnknownCommandException.java","fileType":"java","lines":[{"lineNumber":1,"author":{"gitId":"jiajun2002"},"content":"package lebron.exception;","lastModifiedDate":"2025-02-10","isFullCredit":false},{"lineNumber":2,"author":{"gitId":"jiajun2002"},"content":"","lastModifiedDate":"2025-02-10","isFullCredit":false},{"lineNumber":3,"author":{"gitId":"jiajun2002"},"content":"public class UnknownCommandException extends Exception {","lastModifiedDate":"2025-02-10","isFullCredit":false},{"lineNumber":4,"author":{"gitId":"jiajun2002"},"content":"}","lastModifiedDate":"2025-02-10","isFullCredit":false}],"authorContributionMap":{"jiajun2002":4}},{"path":"src/main/java/lebron/parser/Parser.java","fileType":"java","lines":[{"lineNumber":1,"author":{"gitId":"jiajun2002"},"content":"package lebron.parser;","lastModifiedDate":"2025-03-03","isFullCredit":false},{"lineNumber":2,"author":{"gitId":"jiajun2002"},"content":"","lastModifiedDate":"2025-03-03","isFullCredit":false},{"lineNumber":3,"author":{"gitId":"jiajun2002"},"content":"import lebron.exception.*;","lastModifiedDate":"2025-03-03","isFullCredit":false},{"lineNumber":4,"author":{"gitId":"jiajun2002"},"content":"import lebron.task.TaskList;","lastModifiedDate":"2025-03-03","isFullCredit":false},{"lineNumber":5,"author":{"gitId":"jiajun2002"},"content":"import lebron.ui.Ui;","lastModifiedDate":"2025-03-03","isFullCredit":false},{"lineNumber":6,"author":{"gitId":"jiajun2002"},"content":"","lastModifiedDate":"2025-03-03","isFullCredit":false},{"lineNumber":7,"author":{"gitId":"jiajun2002"},"content":"public class Parser {","lastModifiedDate":"2025-03-03","isFullCredit":false},{"lineNumber":8,"author":{"gitId":"jiajun2002"},"content":"    public static void processCommand(String line, TaskList tasks, Ui ui) throws UnknownCommandException {","lastModifiedDate":"2025-03-03","isFullCredit":false},{"lineNumber":9,"author":{"gitId":"jiajun2002"},"content":"        String[] words \u003d line.split(\" \");","lastModifiedDate":"2025-03-03","isFullCredit":false},{"lineNumber":10,"author":{"gitId":"jiajun2002"},"content":"        switch(words[0]) {","lastModifiedDate":"2025-03-03","isFullCredit":false},{"lineNumber":11,"author":{"gitId":"jiajun2002"},"content":"        case \"mark\":","lastModifiedDate":"2025-03-03","isFullCredit":false},{"lineNumber":12,"author":{"gitId":"jiajun2002"},"content":"            try {","lastModifiedDate":"2025-03-03","isFullCredit":false},{"lineNumber":13,"author":{"gitId":"jiajun2002"},"content":"                tasks.markTask(words);","lastModifiedDate":"2025-03-03","isFullCredit":false},{"lineNumber":14,"author":{"gitId":"jiajun2002"},"content":"            } catch (EmptyTaskException e) {","lastModifiedDate":"2025-03-03","isFullCredit":false},{"lineNumber":15,"author":{"gitId":"jiajun2002"},"content":"                ui.printErrorMessage(\"Try inputting a number after mark!\");","lastModifiedDate":"2025-03-03","isFullCredit":false},{"lineNumber":16,"author":{"gitId":"jiajun2002"},"content":"            } catch (InvalidMarkingException e) {","lastModifiedDate":"2025-03-03","isFullCredit":false},{"lineNumber":17,"author":{"gitId":"jiajun2002"},"content":"                ui.printErrorMessage(\"That task doesn\u0027t exist yet, try inputting another number!\");","lastModifiedDate":"2025-03-03","isFullCredit":false},{"lineNumber":18,"author":{"gitId":"jiajun2002"},"content":"            }","lastModifiedDate":"2025-03-03","isFullCredit":false},{"lineNumber":19,"author":{"gitId":"jiajun2002"},"content":"            break;","lastModifiedDate":"2025-03-03","isFullCredit":false},{"lineNumber":20,"author":{"gitId":"jiajun2002"},"content":"        case \"unmark\":","lastModifiedDate":"2025-03-03","isFullCredit":false},{"lineNumber":21,"author":{"gitId":"jiajun2002"},"content":"            try {","lastModifiedDate":"2025-03-03","isFullCredit":false},{"lineNumber":22,"author":{"gitId":"jiajun2002"},"content":"                tasks.unmarkTask(words);","lastModifiedDate":"2025-03-03","isFullCredit":false},{"lineNumber":23,"author":{"gitId":"jiajun2002"},"content":"            } catch (EmptyTaskException e) {","lastModifiedDate":"2025-03-03","isFullCredit":false},{"lineNumber":24,"author":{"gitId":"jiajun2002"},"content":"                ui.printErrorMessage(\"Try inputting a number after unmark!\");","lastModifiedDate":"2025-03-03","isFullCredit":false},{"lineNumber":25,"author":{"gitId":"jiajun2002"},"content":"            } catch (InvalidMarkingException e) {","lastModifiedDate":"2025-03-03","isFullCredit":false},{"lineNumber":26,"author":{"gitId":"jiajun2002"},"content":"                ui.printErrorMessage(\"That task doesn\u0027t exist yet, try inputting another number!\");","lastModifiedDate":"2025-03-03","isFullCredit":false},{"lineNumber":27,"author":{"gitId":"jiajun2002"},"content":"            }","lastModifiedDate":"2025-03-03","isFullCredit":false},{"lineNumber":28,"author":{"gitId":"jiajun2002"},"content":"            break;","lastModifiedDate":"2025-03-03","isFullCredit":false},{"lineNumber":29,"author":{"gitId":"jiajun2002"},"content":"        case \"todo\":","lastModifiedDate":"2025-03-03","isFullCredit":false},{"lineNumber":30,"author":{"gitId":"jiajun2002"},"content":"            try {","lastModifiedDate":"2025-03-03","isFullCredit":false},{"lineNumber":31,"author":{"gitId":"jiajun2002"},"content":"                tasks.addTodo(line);","lastModifiedDate":"2025-03-03","isFullCredit":false},{"lineNumber":32,"author":{"gitId":"jiajun2002"},"content":"            } catch (EmptyTaskException e) {","lastModifiedDate":"2025-03-03","isFullCredit":false},{"lineNumber":33,"author":{"gitId":"jiajun2002"},"content":"                ui.printErrorMessage(\"How you gonna have a todo for nothing!\");","lastModifiedDate":"2025-03-03","isFullCredit":false},{"lineNumber":34,"author":{"gitId":"jiajun2002"},"content":"            }","lastModifiedDate":"2025-03-03","isFullCredit":false},{"lineNumber":35,"author":{"gitId":"jiajun2002"},"content":"            break;","lastModifiedDate":"2025-03-03","isFullCredit":false},{"lineNumber":36,"author":{"gitId":"jiajun2002"},"content":"        case \"deadline\":","lastModifiedDate":"2025-03-03","isFullCredit":false},{"lineNumber":37,"author":{"gitId":"jiajun2002"},"content":"            try {","lastModifiedDate":"2025-03-03","isFullCredit":false},{"lineNumber":38,"author":{"gitId":"jiajun2002"},"content":"                tasks.addDeadline(line);","lastModifiedDate":"2025-03-03","isFullCredit":false},{"lineNumber":39,"author":{"gitId":"jiajun2002"},"content":"            } catch (EmptyTaskException e) {","lastModifiedDate":"2025-03-03","isFullCredit":false},{"lineNumber":40,"author":{"gitId":"jiajun2002"},"content":"                ui.printErrorMessage(\"Your deadline can\u0027t be empty man!\");","lastModifiedDate":"2025-03-03","isFullCredit":false},{"lineNumber":41,"author":{"gitId":"jiajun2002"},"content":"            } catch (InvalidTaskFormatException e) {","lastModifiedDate":"2025-03-03","isFullCredit":false},{"lineNumber":42,"author":{"gitId":"jiajun2002"},"content":"                ui.printErrorMessage(\"Your deadline format has to include \u0027/by\u0027!\");","lastModifiedDate":"2025-03-03","isFullCredit":false},{"lineNumber":43,"author":{"gitId":"jiajun2002"},"content":"            }","lastModifiedDate":"2025-03-03","isFullCredit":false},{"lineNumber":44,"author":{"gitId":"jiajun2002"},"content":"            break;","lastModifiedDate":"2025-03-03","isFullCredit":false},{"lineNumber":45,"author":{"gitId":"jiajun2002"},"content":"        case \"event\":","lastModifiedDate":"2025-03-03","isFullCredit":false},{"lineNumber":46,"author":{"gitId":"jiajun2002"},"content":"            try {","lastModifiedDate":"2025-03-03","isFullCredit":false},{"lineNumber":47,"author":{"gitId":"jiajun2002"},"content":"                tasks.addEvent(line);","lastModifiedDate":"2025-03-03","isFullCredit":false},{"lineNumber":48,"author":{"gitId":"jiajun2002"},"content":"            } catch (EmptyTaskException e) {","lastModifiedDate":"2025-03-03","isFullCredit":false},{"lineNumber":49,"author":{"gitId":"jiajun2002"},"content":"                ui.printErrorMessage(\"An event where nothing happens? Not on my watch.\");","lastModifiedDate":"2025-03-03","isFullCredit":false},{"lineNumber":50,"author":{"gitId":"jiajun2002"},"content":"            } catch (InvalidTaskFormatException e) {","lastModifiedDate":"2025-03-03","isFullCredit":false},{"lineNumber":51,"author":{"gitId":"jiajun2002"},"content":"                ui.printErrorMessage(\"Your event format has to include \u0027/from\u0027 and \u0027/to!\");","lastModifiedDate":"2025-03-03","isFullCredit":false},{"lineNumber":52,"author":{"gitId":"jiajun2002"},"content":"            }","lastModifiedDate":"2025-03-03","isFullCredit":false},{"lineNumber":53,"author":{"gitId":"jiajun2002"},"content":"            break;","lastModifiedDate":"2025-03-03","isFullCredit":false},{"lineNumber":54,"author":{"gitId":"jiajun2002"},"content":"        case \"delete\":","lastModifiedDate":"2025-03-03","isFullCredit":false},{"lineNumber":55,"author":{"gitId":"jiajun2002"},"content":"            try {","lastModifiedDate":"2025-03-03","isFullCredit":false},{"lineNumber":56,"author":{"gitId":"jiajun2002"},"content":"                tasks.deleteTask(words);","lastModifiedDate":"2025-03-03","isFullCredit":false},{"lineNumber":57,"author":{"gitId":"jiajun2002"},"content":"            } catch (EmptyTaskException e) {","lastModifiedDate":"2025-03-03","isFullCredit":false},{"lineNumber":58,"author":{"gitId":"jiajun2002"},"content":"                ui.printErrorMessage(\"You gotta delete something at least!\");","lastModifiedDate":"2025-03-03","isFullCredit":false},{"lineNumber":59,"author":{"gitId":"jiajun2002"},"content":"            } catch (InvalidDeleteException e) {","lastModifiedDate":"2025-03-03","isFullCredit":false},{"lineNumber":60,"author":{"gitId":"jiajun2002"},"content":"                ui.printErrorMessage(\"Your form\u0027s a little off. Try inputting a valid number after \u0027delete\u0027!\");","lastModifiedDate":"2025-03-03","isFullCredit":false},{"lineNumber":61,"author":{"gitId":"jiajun2002"},"content":"            }","lastModifiedDate":"2025-03-03","isFullCredit":false},{"lineNumber":62,"author":{"gitId":"jiajun2002"},"content":"            break;","lastModifiedDate":"2025-03-03","isFullCredit":false},{"lineNumber":63,"author":{"gitId":"jiajun2002"},"content":"        default:","lastModifiedDate":"2025-03-03","isFullCredit":false},{"lineNumber":64,"author":{"gitId":"jiajun2002"},"content":"            throw new UnknownCommandException();","lastModifiedDate":"2025-03-03","isFullCredit":false},{"lineNumber":65,"author":{"gitId":"jiajun2002"},"content":"        }","lastModifiedDate":"2025-03-03","isFullCredit":false},{"lineNumber":66,"author":{"gitId":"jiajun2002"},"content":"    }","lastModifiedDate":"2025-03-03","isFullCredit":false},{"lineNumber":67,"author":{"gitId":"jiajun2002"},"content":"}","lastModifiedDate":"2025-03-03","isFullCredit":false}],"authorContributionMap":{"jiajun2002":67}},{"path":"src/main/java/lebron/storage/Storage.java","fileType":"java","lines":[{"lineNumber":1,"author":{"gitId":"jiajun2002"},"content":"package lebron.storage;","lastModifiedDate":"2025-03-03","isFullCredit":false},{"lineNumber":2,"author":{"gitId":"jiajun2002"},"content":"","lastModifiedDate":"2025-03-03","isFullCredit":false},{"lineNumber":3,"author":{"gitId":"jiajun2002"},"content":"import lebron.task.Task;","lastModifiedDate":"2025-03-03","isFullCredit":false},{"lineNumber":4,"author":{"gitId":"jiajun2002"},"content":"import lebron.task.Todo;","lastModifiedDate":"2025-03-03","isFullCredit":false},{"lineNumber":5,"author":{"gitId":"jiajun2002"},"content":"import lebron.task.Deadline;","lastModifiedDate":"2025-03-03","isFullCredit":false},{"lineNumber":6,"author":{"gitId":"jiajun2002"},"content":"import lebron.task.Event;","lastModifiedDate":"2025-03-03","isFullCredit":false},{"lineNumber":7,"author":{"gitId":"jiajun2002"},"content":"","lastModifiedDate":"2025-03-03","isFullCredit":false},{"lineNumber":8,"author":{"gitId":"jiajun2002"},"content":"import java.io.File;","lastModifiedDate":"2025-03-03","isFullCredit":false},{"lineNumber":9,"author":{"gitId":"jiajun2002"},"content":"import java.io.FileNotFoundException;","lastModifiedDate":"2025-03-03","isFullCredit":false},{"lineNumber":10,"author":{"gitId":"jiajun2002"},"content":"import java.io.FileWriter;","lastModifiedDate":"2025-03-03","isFullCredit":false},{"lineNumber":11,"author":{"gitId":"jiajun2002"},"content":"import java.io.IOException;","lastModifiedDate":"2025-03-03","isFullCredit":false},{"lineNumber":12,"author":{"gitId":"jiajun2002"},"content":"import java.util.ArrayList;","lastModifiedDate":"2025-03-03","isFullCredit":false},{"lineNumber":13,"author":{"gitId":"jiajun2002"},"content":"import java.util.Scanner;","lastModifiedDate":"2025-03-03","isFullCredit":false},{"lineNumber":14,"author":{"gitId":"jiajun2002"},"content":"","lastModifiedDate":"2025-03-03","isFullCredit":false},{"lineNumber":15,"author":{"gitId":"jiajun2002"},"content":"public class Storage {","lastModifiedDate":"2025-03-03","isFullCredit":false},{"lineNumber":16,"author":{"gitId":"jiajun2002"},"content":"    private String filePath;","lastModifiedDate":"2025-03-03","isFullCredit":false},{"lineNumber":17,"author":{"gitId":"jiajun2002"},"content":"","lastModifiedDate":"2025-03-03","isFullCredit":false},{"lineNumber":18,"author":{"gitId":"jiajun2002"},"content":"    public Storage(String filePath) {","lastModifiedDate":"2025-03-03","isFullCredit":false},{"lineNumber":19,"author":{"gitId":"jiajun2002"},"content":"        this.filePath \u003d filePath;","lastModifiedDate":"2025-03-03","isFullCredit":false},{"lineNumber":20,"author":{"gitId":"jiajun2002"},"content":"    }","lastModifiedDate":"2025-03-03","isFullCredit":false},{"lineNumber":21,"author":{"gitId":"jiajun2002"},"content":"","lastModifiedDate":"2025-03-03","isFullCredit":false},{"lineNumber":22,"author":{"gitId":"jiajun2002"},"content":"    public ArrayList\u003cTask\u003e loadTasks() {","lastModifiedDate":"2025-03-03","isFullCredit":false},{"lineNumber":23,"author":{"gitId":"jiajun2002"},"content":"        ArrayList\u003cTask\u003e tasks \u003d new ArrayList\u003c\u003e();","lastModifiedDate":"2025-03-03","isFullCredit":false},{"lineNumber":24,"author":{"gitId":"jiajun2002"},"content":"        File f \u003d new File(filePath);","lastModifiedDate":"2025-03-03","isFullCredit":false},{"lineNumber":25,"author":{"gitId":"jiajun2002"},"content":"        if (!f.exists()) {","lastModifiedDate":"2025-03-03","isFullCredit":false},{"lineNumber":26,"author":{"gitId":"jiajun2002"},"content":"            new File(\"./data\").mkdirs();","lastModifiedDate":"2025-03-03","isFullCredit":false},{"lineNumber":27,"author":{"gitId":"jiajun2002"},"content":"            return tasks;","lastModifiedDate":"2025-03-03","isFullCredit":false},{"lineNumber":28,"author":{"gitId":"jiajun2002"},"content":"        }","lastModifiedDate":"2025-03-03","isFullCredit":false},{"lineNumber":29,"author":{"gitId":"jiajun2002"},"content":"        Scanner s;","lastModifiedDate":"2025-03-03","isFullCredit":false},{"lineNumber":30,"author":{"gitId":"jiajun2002"},"content":"        try {","lastModifiedDate":"2025-03-03","isFullCredit":false},{"lineNumber":31,"author":{"gitId":"jiajun2002"},"content":"            s \u003d new Scanner(f);","lastModifiedDate":"2025-03-03","isFullCredit":false},{"lineNumber":32,"author":{"gitId":"jiajun2002"},"content":"        } catch(FileNotFoundException e) {","lastModifiedDate":"2025-03-03","isFullCredit":false},{"lineNumber":33,"author":{"gitId":"jiajun2002"},"content":"            System.out.println(e.getMessage());","lastModifiedDate":"2025-03-03","isFullCredit":false},{"lineNumber":34,"author":{"gitId":"jiajun2002"},"content":"            return tasks;","lastModifiedDate":"2025-03-03","isFullCredit":false},{"lineNumber":35,"author":{"gitId":"jiajun2002"},"content":"        }","lastModifiedDate":"2025-03-03","isFullCredit":false},{"lineNumber":36,"author":{"gitId":"jiajun2002"},"content":"        while (s.hasNextLine()) {","lastModifiedDate":"2025-03-03","isFullCredit":false},{"lineNumber":37,"author":{"gitId":"jiajun2002"},"content":"            String line \u003d s.nextLine();","lastModifiedDate":"2025-03-03","isFullCredit":false},{"lineNumber":38,"author":{"gitId":"jiajun2002"},"content":"            String[] taskData \u003d line.split(\" \\\\| \");","lastModifiedDate":"2025-03-03","isFullCredit":false},{"lineNumber":39,"author":{"gitId":"jiajun2002"},"content":"            boolean isDone \u003d taskData[1].equals(\"1\");","lastModifiedDate":"2025-03-03","isFullCredit":false},{"lineNumber":40,"author":{"gitId":"jiajun2002"},"content":"            switch (taskData[0]) {","lastModifiedDate":"2025-03-03","isFullCredit":false},{"lineNumber":41,"author":{"gitId":"jiajun2002"},"content":"            case \"T\":","lastModifiedDate":"2025-03-03","isFullCredit":false},{"lineNumber":42,"author":{"gitId":"jiajun2002"},"content":"                tasks.add(new Todo(taskData[2], isDone));","lastModifiedDate":"2025-03-03","isFullCredit":false},{"lineNumber":43,"author":{"gitId":"jiajun2002"},"content":"                break;","lastModifiedDate":"2025-03-03","isFullCredit":false},{"lineNumber":44,"author":{"gitId":"jiajun2002"},"content":"            case \"D\":","lastModifiedDate":"2025-03-03","isFullCredit":false},{"lineNumber":45,"author":{"gitId":"jiajun2002"},"content":"                tasks.add(new Deadline(taskData[2], taskData[3], isDone));","lastModifiedDate":"2025-03-03","isFullCredit":false},{"lineNumber":46,"author":{"gitId":"jiajun2002"},"content":"                break;","lastModifiedDate":"2025-03-03","isFullCredit":false},{"lineNumber":47,"author":{"gitId":"jiajun2002"},"content":"            case \"E\":","lastModifiedDate":"2025-03-03","isFullCredit":false},{"lineNumber":48,"author":{"gitId":"jiajun2002"},"content":"                tasks.add(new Event(taskData[2], taskData[3], taskData[4], isDone));","lastModifiedDate":"2025-03-03","isFullCredit":false},{"lineNumber":49,"author":{"gitId":"jiajun2002"},"content":"                break;","lastModifiedDate":"2025-03-03","isFullCredit":false},{"lineNumber":50,"author":{"gitId":"jiajun2002"},"content":"            default:","lastModifiedDate":"2025-03-03","isFullCredit":false},{"lineNumber":51,"author":{"gitId":"jiajun2002"},"content":"                System.out.println(\"Not too sure what this is: \" + taskData[0]);","lastModifiedDate":"2025-03-03","isFullCredit":false},{"lineNumber":52,"author":{"gitId":"jiajun2002"},"content":"                break;","lastModifiedDate":"2025-03-03","isFullCredit":false},{"lineNumber":53,"author":{"gitId":"jiajun2002"},"content":"            }","lastModifiedDate":"2025-03-03","isFullCredit":false},{"lineNumber":54,"author":{"gitId":"jiajun2002"},"content":"        }","lastModifiedDate":"2025-03-03","isFullCredit":false},{"lineNumber":55,"author":{"gitId":"jiajun2002"},"content":"        return tasks;","lastModifiedDate":"2025-03-03","isFullCredit":false},{"lineNumber":56,"author":{"gitId":"jiajun2002"},"content":"    }","lastModifiedDate":"2025-03-03","isFullCredit":false},{"lineNumber":57,"author":{"gitId":"jiajun2002"},"content":"","lastModifiedDate":"2025-03-03","isFullCredit":false},{"lineNumber":58,"author":{"gitId":"jiajun2002"},"content":"    public void saveTasks(ArrayList\u003cTask\u003e tasks) throws IOException {","lastModifiedDate":"2025-03-03","isFullCredit":false},{"lineNumber":59,"author":{"gitId":"jiajun2002"},"content":"        FileWriter writer \u003d new FileWriter(filePath);","lastModifiedDate":"2025-03-03","isFullCredit":false},{"lineNumber":60,"author":{"gitId":"jiajun2002"},"content":"        for (Task task : tasks) {","lastModifiedDate":"2025-03-03","isFullCredit":false},{"lineNumber":61,"author":{"gitId":"jiajun2002"},"content":"            writer.write(task.toTxtFile() + System.lineSeparator());","lastModifiedDate":"2025-03-03","isFullCredit":false},{"lineNumber":62,"author":{"gitId":"jiajun2002"},"content":"        }","lastModifiedDate":"2025-03-03","isFullCredit":false},{"lineNumber":63,"author":{"gitId":"jiajun2002"},"content":"        writer.close();","lastModifiedDate":"2025-03-03","isFullCredit":false},{"lineNumber":64,"author":{"gitId":"jiajun2002"},"content":"    }","lastModifiedDate":"2025-03-03","isFullCredit":false},{"lineNumber":65,"author":{"gitId":"jiajun2002"},"content":"}","lastModifiedDate":"2025-03-03","isFullCredit":false}],"authorContributionMap":{"jiajun2002":65}},{"path":"src/main/java/lebron/task/Deadline.java","fileType":"java","lines":[{"lineNumber":1,"author":{"gitId":"jiajun2002"},"content":"package lebron.task;","lastModifiedDate":"2025-02-10","isFullCredit":false},{"lineNumber":2,"author":{"gitId":"jiajun2002"},"content":"","lastModifiedDate":"2025-02-10","isFullCredit":false},{"lineNumber":3,"author":{"gitId":"jiajun2002"},"content":"public class Deadline extends Task {","lastModifiedDate":"2025-02-05","isFullCredit":false},{"lineNumber":4,"author":{"gitId":"jiajun2002"},"content":"    protected String by;","lastModifiedDate":"2025-02-05","isFullCredit":false},{"lineNumber":5,"author":{"gitId":"jiajun2002"},"content":"","lastModifiedDate":"2025-02-05","isFullCredit":false},{"lineNumber":6,"author":{"gitId":"jiajun2002"},"content":"    public Deadline(String description, String by){","lastModifiedDate":"2025-02-05","isFullCredit":false},{"lineNumber":7,"author":{"gitId":"jiajun2002"},"content":"        super(description);","lastModifiedDate":"2025-02-05","isFullCredit":false},{"lineNumber":8,"author":{"gitId":"jiajun2002"},"content":"        this.by \u003d by;","lastModifiedDate":"2025-02-05","isFullCredit":false},{"lineNumber":9,"author":{"gitId":"jiajun2002"},"content":"    }","lastModifiedDate":"2025-02-05","isFullCredit":false},{"lineNumber":10,"author":{"gitId":"jiajun2002"},"content":"","lastModifiedDate":"2025-02-05","isFullCredit":false},{"lineNumber":11,"author":{"gitId":"jiajun2002"},"content":"    public Deadline(String description, String by, Boolean isDone){","lastModifiedDate":"2025-02-20","isFullCredit":false},{"lineNumber":12,"author":{"gitId":"jiajun2002"},"content":"        super(description);","lastModifiedDate":"2025-02-20","isFullCredit":false},{"lineNumber":13,"author":{"gitId":"jiajun2002"},"content":"        this.by \u003d by;","lastModifiedDate":"2025-02-20","isFullCredit":false},{"lineNumber":14,"author":{"gitId":"jiajun2002"},"content":"        this.isDone \u003d isDone;","lastModifiedDate":"2025-02-20","isFullCredit":false},{"lineNumber":15,"author":{"gitId":"jiajun2002"},"content":"    }","lastModifiedDate":"2025-02-20","isFullCredit":false},{"lineNumber":16,"author":{"gitId":"jiajun2002"},"content":"","lastModifiedDate":"2025-02-20","isFullCredit":false},{"lineNumber":17,"author":{"gitId":"jiajun2002"},"content":"    @Override","lastModifiedDate":"2025-02-10","isFullCredit":false},{"lineNumber":18,"author":{"gitId":"jiajun2002"},"content":"    public String toString(){","lastModifiedDate":"2025-02-05","isFullCredit":false},{"lineNumber":19,"author":{"gitId":"jiajun2002"},"content":"        return \"[D]\" + super.toString() + \"(by: \" + by + \")\";","lastModifiedDate":"2025-02-05","isFullCredit":false},{"lineNumber":20,"author":{"gitId":"jiajun2002"},"content":"    }","lastModifiedDate":"2025-02-05","isFullCredit":false},{"lineNumber":21,"author":{"gitId":"jiajun2002"},"content":"","lastModifiedDate":"2025-02-20","isFullCredit":false},{"lineNumber":22,"author":{"gitId":"jiajun2002"},"content":"    @Override","lastModifiedDate":"2025-02-20","isFullCredit":false},{"lineNumber":23,"author":{"gitId":"jiajun2002"},"content":"    public String toTxtFile() {","lastModifiedDate":"2025-02-20","isFullCredit":false},{"lineNumber":24,"author":{"gitId":"jiajun2002"},"content":"        return \"D | \" + super.toTxtFile() + \" | \" + by;","lastModifiedDate":"2025-02-20","isFullCredit":false},{"lineNumber":25,"author":{"gitId":"jiajun2002"},"content":"    }","lastModifiedDate":"2025-02-20","isFullCredit":false},{"lineNumber":26,"author":{"gitId":"jiajun2002"},"content":"}","lastModifiedDate":"2025-02-05","isFullCredit":false}],"authorContributionMap":{"jiajun2002":26}},{"path":"src/main/java/lebron/task/Event.java","fileType":"java","lines":[{"lineNumber":1,"author":{"gitId":"jiajun2002"},"content":"package lebron.task;","lastModifiedDate":"2025-02-10","isFullCredit":false},{"lineNumber":2,"author":{"gitId":"jiajun2002"},"content":"","lastModifiedDate":"2025-02-10","isFullCredit":false},{"lineNumber":3,"author":{"gitId":"jiajun2002"},"content":"public class Event extends Task {","lastModifiedDate":"2025-02-05","isFullCredit":false},{"lineNumber":4,"author":{"gitId":"jiajun2002"},"content":"    protected String from;","lastModifiedDate":"2025-02-05","isFullCredit":false},{"lineNumber":5,"author":{"gitId":"jiajun2002"},"content":"    protected String to;","lastModifiedDate":"2025-02-05","isFullCredit":false},{"lineNumber":6,"author":{"gitId":"jiajun2002"},"content":"","lastModifiedDate":"2025-02-05","isFullCredit":false},{"lineNumber":7,"author":{"gitId":"jiajun2002"},"content":"    public Event(String description, String from, String to) {","lastModifiedDate":"2025-02-05","isFullCredit":false},{"lineNumber":8,"author":{"gitId":"jiajun2002"},"content":"        super(description);","lastModifiedDate":"2025-02-05","isFullCredit":false},{"lineNumber":9,"author":{"gitId":"jiajun2002"},"content":"        this.from \u003d from;","lastModifiedDate":"2025-02-05","isFullCredit":false},{"lineNumber":10,"author":{"gitId":"jiajun2002"},"content":"        this.to \u003d to;","lastModifiedDate":"2025-02-05","isFullCredit":false},{"lineNumber":11,"author":{"gitId":"jiajun2002"},"content":"    }","lastModifiedDate":"2025-02-05","isFullCredit":false},{"lineNumber":12,"author":{"gitId":"jiajun2002"},"content":"","lastModifiedDate":"2025-02-05","isFullCredit":false},{"lineNumber":13,"author":{"gitId":"jiajun2002"},"content":"    public Event(String description, String from, String to, Boolean isDone) {","lastModifiedDate":"2025-02-20","isFullCredit":false},{"lineNumber":14,"author":{"gitId":"jiajun2002"},"content":"        super(description);","lastModifiedDate":"2025-02-20","isFullCredit":false},{"lineNumber":15,"author":{"gitId":"jiajun2002"},"content":"        this.from \u003d from;","lastModifiedDate":"2025-02-20","isFullCredit":false},{"lineNumber":16,"author":{"gitId":"jiajun2002"},"content":"        this.to \u003d to;","lastModifiedDate":"2025-02-20","isFullCredit":false},{"lineNumber":17,"author":{"gitId":"jiajun2002"},"content":"        this.isDone \u003d isDone;","lastModifiedDate":"2025-02-20","isFullCredit":false},{"lineNumber":18,"author":{"gitId":"jiajun2002"},"content":"    }","lastModifiedDate":"2025-02-20","isFullCredit":false},{"lineNumber":19,"author":{"gitId":"jiajun2002"},"content":"","lastModifiedDate":"2025-02-20","isFullCredit":false},{"lineNumber":20,"author":{"gitId":"jiajun2002"},"content":"    @Override","lastModifiedDate":"2025-02-10","isFullCredit":false},{"lineNumber":21,"author":{"gitId":"jiajun2002"},"content":"    public String toString() {","lastModifiedDate":"2025-02-05","isFullCredit":false},{"lineNumber":22,"author":{"gitId":"jiajun2002"},"content":"        return \"[E]\" + super.toString() + \"(from: \" + from + \"to: \" + to + \")\";","lastModifiedDate":"2025-02-05","isFullCredit":false},{"lineNumber":23,"author":{"gitId":"jiajun2002"},"content":"    }","lastModifiedDate":"2025-02-05","isFullCredit":false},{"lineNumber":24,"author":{"gitId":"jiajun2002"},"content":"","lastModifiedDate":"2025-02-20","isFullCredit":false},{"lineNumber":25,"author":{"gitId":"jiajun2002"},"content":"    @Override","lastModifiedDate":"2025-02-20","isFullCredit":false},{"lineNumber":26,"author":{"gitId":"jiajun2002"},"content":"    public String toTxtFile() {","lastModifiedDate":"2025-02-20","isFullCredit":false},{"lineNumber":27,"author":{"gitId":"jiajun2002"},"content":"        return \"E | \" + super.toTxtFile() + \" | \" + from + \"| \" + to;","lastModifiedDate":"2025-02-20","isFullCredit":false},{"lineNumber":28,"author":{"gitId":"jiajun2002"},"content":"    }","lastModifiedDate":"2025-02-20","isFullCredit":false},{"lineNumber":29,"author":{"gitId":"jiajun2002"},"content":"}","lastModifiedDate":"2025-02-05","isFullCredit":false}],"authorContributionMap":{"jiajun2002":29}},{"path":"src/main/java/lebron/task/Task.java","fileType":"java","lines":[{"lineNumber":1,"author":{"gitId":"jiajun2002"},"content":"package lebron.task;","lastModifiedDate":"2025-02-10","isFullCredit":false},{"lineNumber":2,"author":{"gitId":"jiajun2002"},"content":"","lastModifiedDate":"2025-02-10","isFullCredit":false},{"lineNumber":3,"author":{"gitId":"jiajun2002"},"content":"public class Task {","lastModifiedDate":"2025-02-01","isFullCredit":false},{"lineNumber":4,"author":{"gitId":"jiajun2002"},"content":"    protected String description;","lastModifiedDate":"2025-02-01","isFullCredit":false},{"lineNumber":5,"author":{"gitId":"jiajun2002"},"content":"    protected boolean isDone;","lastModifiedDate":"2025-02-01","isFullCredit":false},{"lineNumber":6,"author":{"gitId":"jiajun2002"},"content":"","lastModifiedDate":"2025-02-01","isFullCredit":false},{"lineNumber":7,"author":{"gitId":"jiajun2002"},"content":"    public Task(String description) {","lastModifiedDate":"2025-02-01","isFullCredit":false},{"lineNumber":8,"author":{"gitId":"jiajun2002"},"content":"        this.description \u003d description;","lastModifiedDate":"2025-02-01","isFullCredit":false},{"lineNumber":9,"author":{"gitId":"jiajun2002"},"content":"        this.isDone \u003d false;","lastModifiedDate":"2025-02-01","isFullCredit":false},{"lineNumber":10,"author":{"gitId":"jiajun2002"},"content":"    }","lastModifiedDate":"2025-02-01","isFullCredit":false},{"lineNumber":11,"author":{"gitId":"jiajun2002"},"content":"","lastModifiedDate":"2025-02-01","isFullCredit":false},{"lineNumber":12,"author":{"gitId":"jiajun2002"},"content":"    public String getStatusIcon() {","lastModifiedDate":"2025-02-01","isFullCredit":false},{"lineNumber":13,"author":{"gitId":"jiajun2002"},"content":"        return (isDone? \"X\" : \" \");","lastModifiedDate":"2025-02-01","isFullCredit":false},{"lineNumber":14,"author":{"gitId":"jiajun2002"},"content":"    }","lastModifiedDate":"2025-02-01","isFullCredit":false},{"lineNumber":15,"author":{"gitId":"jiajun2002"},"content":"","lastModifiedDate":"2025-02-01","isFullCredit":false},{"lineNumber":16,"author":{"gitId":"jiajun2002"},"content":"    public String getDescription(){","lastModifiedDate":"2025-02-01","isFullCredit":false},{"lineNumber":17,"author":{"gitId":"jiajun2002"},"content":"        return description;","lastModifiedDate":"2025-02-01","isFullCredit":false},{"lineNumber":18,"author":{"gitId":"jiajun2002"},"content":"    }","lastModifiedDate":"2025-02-01","isFullCredit":false},{"lineNumber":19,"author":{"gitId":"jiajun2002"},"content":"","lastModifiedDate":"2025-02-01","isFullCredit":false},{"lineNumber":20,"author":{"gitId":"jiajun2002"},"content":"    public void setStatus(boolean status) {","lastModifiedDate":"2025-02-01","isFullCredit":false},{"lineNumber":21,"author":{"gitId":"jiajun2002"},"content":"        isDone \u003d status;","lastModifiedDate":"2025-02-01","isFullCredit":false},{"lineNumber":22,"author":{"gitId":"jiajun2002"},"content":"    }","lastModifiedDate":"2025-02-01","isFullCredit":false},{"lineNumber":23,"author":{"gitId":"jiajun2002"},"content":"","lastModifiedDate":"2025-02-05","isFullCredit":false},{"lineNumber":24,"author":{"gitId":"jiajun2002"},"content":"    @Override","lastModifiedDate":"2025-02-10","isFullCredit":false},{"lineNumber":25,"author":{"gitId":"jiajun2002"},"content":"    public String toString(){","lastModifiedDate":"2025-02-05","isFullCredit":false},{"lineNumber":26,"author":{"gitId":"jiajun2002"},"content":"        return \"[\" + getStatusIcon() + \"] \" + description;","lastModifiedDate":"2025-02-05","isFullCredit":false},{"lineNumber":27,"author":{"gitId":"jiajun2002"},"content":"    }","lastModifiedDate":"2025-02-05","isFullCredit":false},{"lineNumber":28,"author":{"gitId":"jiajun2002"},"content":"","lastModifiedDate":"2025-02-20","isFullCredit":false},{"lineNumber":29,"author":{"gitId":"jiajun2002"},"content":"    public String toTxtFile() {","lastModifiedDate":"2025-02-20","isFullCredit":false},{"lineNumber":30,"author":{"gitId":"jiajun2002"},"content":"        return (isDone? \"1\" : \"0\") + \" | \" + description;","lastModifiedDate":"2025-02-20","isFullCredit":false},{"lineNumber":31,"author":{"gitId":"jiajun2002"},"content":"    }","lastModifiedDate":"2025-02-20","isFullCredit":false},{"lineNumber":32,"author":{"gitId":"jiajun2002"},"content":"}","lastModifiedDate":"2025-02-01","isFullCredit":false}],"authorContributionMap":{"jiajun2002":32}},{"path":"src/main/java/lebron/task/TaskList.java","fileType":"java","lines":[{"lineNumber":1,"author":{"gitId":"jiajun2002"},"content":"package lebron.task;","lastModifiedDate":"2025-03-03","isFullCredit":false},{"lineNumber":2,"author":{"gitId":"jiajun2002"},"content":"","lastModifiedDate":"2025-03-03","isFullCredit":false},{"lineNumber":3,"author":{"gitId":"jiajun2002"},"content":"import lebron.exception.*;","lastModifiedDate":"2025-03-03","isFullCredit":false},{"lineNumber":4,"author":{"gitId":"jiajun2002"},"content":"import lebron.storage.Storage;","lastModifiedDate":"2025-03-03","isFullCredit":false},{"lineNumber":5,"author":{"gitId":"jiajun2002"},"content":"import lebron.ui.Ui;","lastModifiedDate":"2025-03-03","isFullCredit":false},{"lineNumber":6,"author":{"gitId":"jiajun2002"},"content":"","lastModifiedDate":"2025-03-03","isFullCredit":false},{"lineNumber":7,"author":{"gitId":"jiajun2002"},"content":"import java.util.ArrayList;","lastModifiedDate":"2025-03-03","isFullCredit":false},{"lineNumber":8,"author":{"gitId":"jiajun2002"},"content":"import java.io.IOException;","lastModifiedDate":"2025-03-03","isFullCredit":false},{"lineNumber":9,"author":{"gitId":"jiajun2002"},"content":"","lastModifiedDate":"2025-03-03","isFullCredit":false},{"lineNumber":10,"author":{"gitId":"jiajun2002"},"content":"public class TaskList {","lastModifiedDate":"2025-03-03","isFullCredit":false},{"lineNumber":11,"author":{"gitId":"jiajun2002"},"content":"    private ArrayList\u003cTask\u003e tasks;","lastModifiedDate":"2025-03-03","isFullCredit":false},{"lineNumber":12,"author":{"gitId":"jiajun2002"},"content":"    private Storage storage;","lastModifiedDate":"2025-03-03","isFullCredit":false},{"lineNumber":13,"author":{"gitId":"jiajun2002"},"content":"    private Ui ui;","lastModifiedDate":"2025-03-03","isFullCredit":false},{"lineNumber":14,"author":{"gitId":"jiajun2002"},"content":"","lastModifiedDate":"2025-03-03","isFullCredit":false},{"lineNumber":15,"author":{"gitId":"jiajun2002"},"content":"    public TaskList(ArrayList\u003cTask\u003e tasks, Storage storage, Ui ui) {","lastModifiedDate":"2025-03-03","isFullCredit":false},{"lineNumber":16,"author":{"gitId":"jiajun2002"},"content":"        this.tasks \u003d tasks;","lastModifiedDate":"2025-03-03","isFullCredit":false},{"lineNumber":17,"author":{"gitId":"jiajun2002"},"content":"        this.storage \u003d storage;","lastModifiedDate":"2025-03-03","isFullCredit":false},{"lineNumber":18,"author":{"gitId":"jiajun2002"},"content":"        this.ui \u003d ui;","lastModifiedDate":"2025-03-03","isFullCredit":false},{"lineNumber":19,"author":{"gitId":"jiajun2002"},"content":"    }","lastModifiedDate":"2025-03-03","isFullCredit":false},{"lineNumber":20,"author":{"gitId":"jiajun2002"},"content":"","lastModifiedDate":"2025-03-03","isFullCredit":false},{"lineNumber":21,"author":{"gitId":"jiajun2002"},"content":"    public void addTodo(String todo) throws EmptyTaskException {","lastModifiedDate":"2025-03-03","isFullCredit":false},{"lineNumber":22,"author":{"gitId":"jiajun2002"},"content":"        checkEmptyTask(todo);","lastModifiedDate":"2025-03-03","isFullCredit":false},{"lineNumber":23,"author":{"gitId":"jiajun2002"},"content":"        String task \u003d todo.substring(todo.indexOf(\" \") + 1);","lastModifiedDate":"2025-03-03","isFullCredit":false},{"lineNumber":24,"author":{"gitId":"jiajun2002"},"content":"        tasks.add(new Todo(task));","lastModifiedDate":"2025-03-03","isFullCredit":false},{"lineNumber":25,"author":{"gitId":"jiajun2002"},"content":"        ui.printAddingMessage(task, tasks.size());","lastModifiedDate":"2025-03-03","isFullCredit":false},{"lineNumber":26,"author":{"gitId":"jiajun2002"},"content":"        try {","lastModifiedDate":"2025-03-03","isFullCredit":false},{"lineNumber":27,"author":{"gitId":"jiajun2002"},"content":"            storage.saveTasks(tasks);","lastModifiedDate":"2025-03-03","isFullCredit":false},{"lineNumber":28,"author":{"gitId":"jiajun2002"},"content":"        } catch (IOException e) {","lastModifiedDate":"2025-03-03","isFullCredit":false},{"lineNumber":29,"author":{"gitId":"jiajun2002"},"content":"            System.out.println(\"Error saving tasks: \" + e.getMessage());","lastModifiedDate":"2025-03-03","isFullCredit":false},{"lineNumber":30,"author":{"gitId":"jiajun2002"},"content":"        }","lastModifiedDate":"2025-03-03","isFullCredit":false},{"lineNumber":31,"author":{"gitId":"jiajun2002"},"content":"    }","lastModifiedDate":"2025-03-03","isFullCredit":false},{"lineNumber":32,"author":{"gitId":"jiajun2002"},"content":"","lastModifiedDate":"2025-03-03","isFullCredit":false},{"lineNumber":33,"author":{"gitId":"jiajun2002"},"content":"    public void addDeadline(String deadline) throws EmptyTaskException, InvalidTaskFormatException {","lastModifiedDate":"2025-03-03","isFullCredit":false},{"lineNumber":34,"author":{"gitId":"jiajun2002"},"content":"        checkEmptyTask(deadline);","lastModifiedDate":"2025-03-03","isFullCredit":false},{"lineNumber":35,"author":{"gitId":"jiajun2002"},"content":"        int split \u003d deadline.indexOf(\"/by\");","lastModifiedDate":"2025-03-03","isFullCredit":false},{"lineNumber":36,"author":{"gitId":"jiajun2002"},"content":"        if (split \u003d\u003d -1) {","lastModifiedDate":"2025-03-03","isFullCredit":false},{"lineNumber":37,"author":{"gitId":"jiajun2002"},"content":"            throw new InvalidTaskFormatException();","lastModifiedDate":"2025-03-03","isFullCredit":false},{"lineNumber":38,"author":{"gitId":"jiajun2002"},"content":"        }","lastModifiedDate":"2025-03-03","isFullCredit":false},{"lineNumber":39,"author":{"gitId":"jiajun2002"},"content":"","lastModifiedDate":"2025-03-03","isFullCredit":false},{"lineNumber":40,"author":{"gitId":"jiajun2002"},"content":"        int taskStartingPos \u003d \"deadline \".length();","lastModifiedDate":"2025-03-03","isFullCredit":false},{"lineNumber":41,"author":{"gitId":"jiajun2002"},"content":"        int dateStartingPos \u003d split + \"/by \".length();","lastModifiedDate":"2025-03-03","isFullCredit":false},{"lineNumber":42,"author":{"gitId":"jiajun2002"},"content":"        String task \u003d deadline.substring(taskStartingPos, split);","lastModifiedDate":"2025-03-03","isFullCredit":false},{"lineNumber":43,"author":{"gitId":"jiajun2002"},"content":"        String date \u003d deadline.substring(dateStartingPos);","lastModifiedDate":"2025-03-03","isFullCredit":false},{"lineNumber":44,"author":{"gitId":"jiajun2002"},"content":"","lastModifiedDate":"2025-03-03","isFullCredit":false},{"lineNumber":45,"author":{"gitId":"jiajun2002"},"content":"        tasks.add(new Deadline(task, date));","lastModifiedDate":"2025-03-03","isFullCredit":false},{"lineNumber":46,"author":{"gitId":"jiajun2002"},"content":"        ui.printAddingMessage(task, tasks.size());","lastModifiedDate":"2025-03-03","isFullCredit":false},{"lineNumber":47,"author":{"gitId":"jiajun2002"},"content":"        try {","lastModifiedDate":"2025-03-03","isFullCredit":false},{"lineNumber":48,"author":{"gitId":"jiajun2002"},"content":"            storage.saveTasks(tasks);","lastModifiedDate":"2025-03-03","isFullCredit":false},{"lineNumber":49,"author":{"gitId":"jiajun2002"},"content":"        } catch (IOException e) {","lastModifiedDate":"2025-03-03","isFullCredit":false},{"lineNumber":50,"author":{"gitId":"jiajun2002"},"content":"            System.out.println(\"Hmmmm can\u0027t seem to save this: \" + e.getMessage());","lastModifiedDate":"2025-03-03","isFullCredit":false},{"lineNumber":51,"author":{"gitId":"jiajun2002"},"content":"        }","lastModifiedDate":"2025-03-03","isFullCredit":false},{"lineNumber":52,"author":{"gitId":"jiajun2002"},"content":"    }","lastModifiedDate":"2025-03-03","isFullCredit":false},{"lineNumber":53,"author":{"gitId":"jiajun2002"},"content":"","lastModifiedDate":"2025-03-03","isFullCredit":false},{"lineNumber":54,"author":{"gitId":"jiajun2002"},"content":"    public void addEvent(String event) throws EmptyTaskException, InvalidTaskFormatException {","lastModifiedDate":"2025-03-03","isFullCredit":false},{"lineNumber":55,"author":{"gitId":"jiajun2002"},"content":"        checkEmptyTask(event);","lastModifiedDate":"2025-03-03","isFullCredit":false},{"lineNumber":56,"author":{"gitId":"jiajun2002"},"content":"        int firstSplit \u003d event.indexOf(\"/from\");","lastModifiedDate":"2025-03-03","isFullCredit":false},{"lineNumber":57,"author":{"gitId":"jiajun2002"},"content":"        int secondSplit \u003d event.indexOf(\"/to\");","lastModifiedDate":"2025-03-03","isFullCredit":false},{"lineNumber":58,"author":{"gitId":"jiajun2002"},"content":"        if ((firstSplit \u003d\u003d -1) || (secondSplit \u003d\u003d -1)) {","lastModifiedDate":"2025-03-03","isFullCredit":false},{"lineNumber":59,"author":{"gitId":"jiajun2002"},"content":"            throw new InvalidTaskFormatException();","lastModifiedDate":"2025-03-03","isFullCredit":false},{"lineNumber":60,"author":{"gitId":"jiajun2002"},"content":"        }","lastModifiedDate":"2025-03-03","isFullCredit":false},{"lineNumber":61,"author":{"gitId":"jiajun2002"},"content":"        int taskStartingPos \u003d \"event \".length();","lastModifiedDate":"2025-03-03","isFullCredit":false},{"lineNumber":62,"author":{"gitId":"jiajun2002"},"content":"        int fromStartingPos \u003d firstSplit + \"/from \".length();","lastModifiedDate":"2025-03-03","isFullCredit":false},{"lineNumber":63,"author":{"gitId":"jiajun2002"},"content":"        int toStartingPos \u003d secondSplit + \"/to \".length();","lastModifiedDate":"2025-03-03","isFullCredit":false},{"lineNumber":64,"author":{"gitId":"jiajun2002"},"content":"","lastModifiedDate":"2025-03-03","isFullCredit":false},{"lineNumber":65,"author":{"gitId":"jiajun2002"},"content":"        String task \u003d event.substring(taskStartingPos, firstSplit);","lastModifiedDate":"2025-03-03","isFullCredit":false},{"lineNumber":66,"author":{"gitId":"jiajun2002"},"content":"        String from \u003d event.substring(fromStartingPos, secondSplit);","lastModifiedDate":"2025-03-03","isFullCredit":false},{"lineNumber":67,"author":{"gitId":"jiajun2002"},"content":"        String to \u003d event.substring(toStartingPos);","lastModifiedDate":"2025-03-03","isFullCredit":false},{"lineNumber":68,"author":{"gitId":"jiajun2002"},"content":"","lastModifiedDate":"2025-03-03","isFullCredit":false},{"lineNumber":69,"author":{"gitId":"jiajun2002"},"content":"        tasks.add(new Event(task, from, to));","lastModifiedDate":"2025-03-03","isFullCredit":false},{"lineNumber":70,"author":{"gitId":"jiajun2002"},"content":"        ui.printAddingMessage(task, tasks.size());","lastModifiedDate":"2025-03-03","isFullCredit":false},{"lineNumber":71,"author":{"gitId":"jiajun2002"},"content":"        try {","lastModifiedDate":"2025-03-03","isFullCredit":false},{"lineNumber":72,"author":{"gitId":"jiajun2002"},"content":"            storage.saveTasks(tasks);","lastModifiedDate":"2025-03-03","isFullCredit":false},{"lineNumber":73,"author":{"gitId":"jiajun2002"},"content":"        } catch (IOException e) {","lastModifiedDate":"2025-03-03","isFullCredit":false},{"lineNumber":74,"author":{"gitId":"jiajun2002"},"content":"            System.out.println(\"Hmmmm can\u0027t seem to save this: \" + e.getMessage());","lastModifiedDate":"2025-03-03","isFullCredit":false},{"lineNumber":75,"author":{"gitId":"jiajun2002"},"content":"        }","lastModifiedDate":"2025-03-03","isFullCredit":false},{"lineNumber":76,"author":{"gitId":"jiajun2002"},"content":"    }","lastModifiedDate":"2025-03-03","isFullCredit":false},{"lineNumber":77,"author":{"gitId":"jiajun2002"},"content":"","lastModifiedDate":"2025-03-03","isFullCredit":false},{"lineNumber":78,"author":{"gitId":"jiajun2002"},"content":"    public void deleteTask(String[] taskInput) throws EmptyTaskException, InvalidDeleteException {","lastModifiedDate":"2025-03-03","isFullCredit":false},{"lineNumber":79,"author":{"gitId":"jiajun2002"},"content":"        checkEmptyTaskArr(taskInput);","lastModifiedDate":"2025-03-03","isFullCredit":false},{"lineNumber":80,"author":{"gitId":"jiajun2002"},"content":"        int idx \u003d Integer.parseInt(taskInput[1]) - 1;","lastModifiedDate":"2025-03-03","isFullCredit":false},{"lineNumber":81,"author":{"gitId":"jiajun2002"},"content":"        if (idx \u003c 0 || idx \u003e\u003d tasks.size() || taskInput.length \u003e 2) {","lastModifiedDate":"2025-03-03","isFullCredit":false},{"lineNumber":82,"author":{"gitId":"jiajun2002"},"content":"            throw new InvalidDeleteException();","lastModifiedDate":"2025-03-03","isFullCredit":false},{"lineNumber":83,"author":{"gitId":"jiajun2002"},"content":"        }","lastModifiedDate":"2025-03-03","isFullCredit":false},{"lineNumber":84,"author":{"gitId":"jiajun2002"},"content":"        Task toPrint \u003d tasks.get(idx);","lastModifiedDate":"2025-03-03","isFullCredit":false},{"lineNumber":85,"author":{"gitId":"jiajun2002"},"content":"        tasks.remove(idx);","lastModifiedDate":"2025-03-03","isFullCredit":false},{"lineNumber":86,"author":{"gitId":"jiajun2002"},"content":"        ui.printDeletedMessage(toPrint, tasks.size());","lastModifiedDate":"2025-03-03","isFullCredit":false},{"lineNumber":87,"author":{"gitId":"jiajun2002"},"content":"        try {","lastModifiedDate":"2025-03-03","isFullCredit":false},{"lineNumber":88,"author":{"gitId":"jiajun2002"},"content":"            storage.saveTasks(tasks);","lastModifiedDate":"2025-03-03","isFullCredit":false},{"lineNumber":89,"author":{"gitId":"jiajun2002"},"content":"        } catch (IOException e) {","lastModifiedDate":"2025-03-03","isFullCredit":false},{"lineNumber":90,"author":{"gitId":"jiajun2002"},"content":"            System.out.println(\"Hmmmm can\u0027t seem to save this: \" + e.getMessage());","lastModifiedDate":"2025-03-03","isFullCredit":false},{"lineNumber":91,"author":{"gitId":"jiajun2002"},"content":"        }","lastModifiedDate":"2025-03-03","isFullCredit":false},{"lineNumber":92,"author":{"gitId":"jiajun2002"},"content":"    }","lastModifiedDate":"2025-03-03","isFullCredit":false},{"lineNumber":93,"author":{"gitId":"jiajun2002"},"content":"","lastModifiedDate":"2025-03-03","isFullCredit":false},{"lineNumber":94,"author":{"gitId":"jiajun2002"},"content":"    public void markTask(String[] taskInput) throws EmptyTaskException, InvalidMarkingException {","lastModifiedDate":"2025-03-03","isFullCredit":false},{"lineNumber":95,"author":{"gitId":"jiajun2002"},"content":"        checkEmptyTaskArr(taskInput);","lastModifiedDate":"2025-03-03","isFullCredit":false},{"lineNumber":96,"author":{"gitId":"jiajun2002"},"content":"        int idx \u003d Integer.parseInt(taskInput[1]) - 1;","lastModifiedDate":"2025-03-03","isFullCredit":false},{"lineNumber":97,"author":{"gitId":"jiajun2002"},"content":"        if (idx \u003c 0 || idx \u003e\u003d tasks.size() || taskInput.length \u003e 2) {","lastModifiedDate":"2025-03-03","isFullCredit":false},{"lineNumber":98,"author":{"gitId":"jiajun2002"},"content":"            throw new InvalidMarkingException();","lastModifiedDate":"2025-03-03","isFullCredit":false},{"lineNumber":99,"author":{"gitId":"jiajun2002"},"content":"        }","lastModifiedDate":"2025-03-03","isFullCredit":false},{"lineNumber":100,"author":{"gitId":"jiajun2002"},"content":"        tasks.get(idx).setStatus(true);","lastModifiedDate":"2025-03-03","isFullCredit":false},{"lineNumber":101,"author":{"gitId":"jiajun2002"},"content":"        ui.printMarkedMessage(tasks.get(idx));","lastModifiedDate":"2025-03-03","isFullCredit":false},{"lineNumber":102,"author":{"gitId":"jiajun2002"},"content":"        try {","lastModifiedDate":"2025-03-03","isFullCredit":false},{"lineNumber":103,"author":{"gitId":"jiajun2002"},"content":"            storage.saveTasks(tasks);","lastModifiedDate":"2025-03-03","isFullCredit":false},{"lineNumber":104,"author":{"gitId":"jiajun2002"},"content":"        } catch (IOException e) {","lastModifiedDate":"2025-03-03","isFullCredit":false},{"lineNumber":105,"author":{"gitId":"jiajun2002"},"content":"            System.out.println(\"Hmmmm can\u0027t seem to save this: \" + e.getMessage());","lastModifiedDate":"2025-03-03","isFullCredit":false},{"lineNumber":106,"author":{"gitId":"jiajun2002"},"content":"        }","lastModifiedDate":"2025-03-03","isFullCredit":false},{"lineNumber":107,"author":{"gitId":"jiajun2002"},"content":"    }","lastModifiedDate":"2025-03-03","isFullCredit":false},{"lineNumber":108,"author":{"gitId":"jiajun2002"},"content":"","lastModifiedDate":"2025-03-03","isFullCredit":false},{"lineNumber":109,"author":{"gitId":"jiajun2002"},"content":"    public void unmarkTask(String[] taskInput) throws EmptyTaskException, InvalidMarkingException {","lastModifiedDate":"2025-03-03","isFullCredit":false},{"lineNumber":110,"author":{"gitId":"jiajun2002"},"content":"        checkEmptyTaskArr(taskInput);","lastModifiedDate":"2025-03-03","isFullCredit":false},{"lineNumber":111,"author":{"gitId":"jiajun2002"},"content":"        int idx \u003d Integer.parseInt(taskInput[1]) - 1;","lastModifiedDate":"2025-03-03","isFullCredit":false},{"lineNumber":112,"author":{"gitId":"jiajun2002"},"content":"        if (idx \u003c 0 || idx \u003e\u003d tasks.size() || taskInput.length \u003e 2) {","lastModifiedDate":"2025-03-03","isFullCredit":false},{"lineNumber":113,"author":{"gitId":"jiajun2002"},"content":"            throw new InvalidMarkingException();","lastModifiedDate":"2025-03-03","isFullCredit":false},{"lineNumber":114,"author":{"gitId":"jiajun2002"},"content":"        }","lastModifiedDate":"2025-03-03","isFullCredit":false},{"lineNumber":115,"author":{"gitId":"jiajun2002"},"content":"        tasks.get(idx).setStatus(false);","lastModifiedDate":"2025-03-03","isFullCredit":false},{"lineNumber":116,"author":{"gitId":"jiajun2002"},"content":"        ui.printUnmarkedMessage(tasks.get(idx));","lastModifiedDate":"2025-03-03","isFullCredit":false},{"lineNumber":117,"author":{"gitId":"jiajun2002"},"content":"        try {","lastModifiedDate":"2025-03-03","isFullCredit":false},{"lineNumber":118,"author":{"gitId":"jiajun2002"},"content":"            storage.saveTasks(tasks);","lastModifiedDate":"2025-03-03","isFullCredit":false},{"lineNumber":119,"author":{"gitId":"jiajun2002"},"content":"        } catch (IOException e) {","lastModifiedDate":"2025-03-03","isFullCredit":false},{"lineNumber":120,"author":{"gitId":"jiajun2002"},"content":"            System.out.println(\"Hmmmm can\u0027t seem to save this: \" + e.getMessage());","lastModifiedDate":"2025-03-03","isFullCredit":false},{"lineNumber":121,"author":{"gitId":"jiajun2002"},"content":"        }","lastModifiedDate":"2025-03-03","isFullCredit":false},{"lineNumber":122,"author":{"gitId":"jiajun2002"},"content":"    }","lastModifiedDate":"2025-03-03","isFullCredit":false},{"lineNumber":123,"author":{"gitId":"jiajun2002"},"content":"","lastModifiedDate":"2025-03-03","isFullCredit":false},{"lineNumber":124,"author":{"gitId":"jiajun2002"},"content":"    public int size() {","lastModifiedDate":"2025-03-03","isFullCredit":false},{"lineNumber":125,"author":{"gitId":"jiajun2002"},"content":"        return tasks.size();","lastModifiedDate":"2025-03-03","isFullCredit":false},{"lineNumber":126,"author":{"gitId":"jiajun2002"},"content":"    }","lastModifiedDate":"2025-03-03","isFullCredit":false},{"lineNumber":127,"author":{"gitId":"jiajun2002"},"content":"","lastModifiedDate":"2025-03-03","isFullCredit":false},{"lineNumber":128,"author":{"gitId":"jiajun2002"},"content":"    public boolean isEmpty() {","lastModifiedDate":"2025-03-03","isFullCredit":false},{"lineNumber":129,"author":{"gitId":"jiajun2002"},"content":"        return tasks.isEmpty();","lastModifiedDate":"2025-03-03","isFullCredit":false},{"lineNumber":130,"author":{"gitId":"jiajun2002"},"content":"    }","lastModifiedDate":"2025-03-03","isFullCredit":false},{"lineNumber":131,"author":{"gitId":"jiajun2002"},"content":"","lastModifiedDate":"2025-03-03","isFullCredit":false},{"lineNumber":132,"author":{"gitId":"jiajun2002"},"content":"    public Task get(int index) {","lastModifiedDate":"2025-03-03","isFullCredit":false},{"lineNumber":133,"author":{"gitId":"jiajun2002"},"content":"        return tasks.get(index);","lastModifiedDate":"2025-03-03","isFullCredit":false},{"lineNumber":134,"author":{"gitId":"jiajun2002"},"content":"    }","lastModifiedDate":"2025-03-03","isFullCredit":false},{"lineNumber":135,"author":{"gitId":"jiajun2002"},"content":"","lastModifiedDate":"2025-03-03","isFullCredit":false},{"lineNumber":136,"author":{"gitId":"jiajun2002"},"content":"    private void checkEmptyTask(String task) throws EmptyTaskException {","lastModifiedDate":"2025-03-03","isFullCredit":false},{"lineNumber":137,"author":{"gitId":"jiajun2002"},"content":"        String[] words \u003d task.split(\" \");","lastModifiedDate":"2025-03-03","isFullCredit":false},{"lineNumber":138,"author":{"gitId":"jiajun2002"},"content":"        if (words.length \u003c 2 || words[1].equals(\"/by\") || words[1].equals(\"/from\")) {","lastModifiedDate":"2025-03-03","isFullCredit":false},{"lineNumber":139,"author":{"gitId":"jiajun2002"},"content":"            throw new EmptyTaskException();","lastModifiedDate":"2025-03-03","isFullCredit":false},{"lineNumber":140,"author":{"gitId":"jiajun2002"},"content":"        }","lastModifiedDate":"2025-03-03","isFullCredit":false},{"lineNumber":141,"author":{"gitId":"jiajun2002"},"content":"    }","lastModifiedDate":"2025-03-03","isFullCredit":false},{"lineNumber":142,"author":{"gitId":"jiajun2002"},"content":"","lastModifiedDate":"2025-03-03","isFullCredit":false},{"lineNumber":143,"author":{"gitId":"jiajun2002"},"content":"    private void checkEmptyTaskArr(String[] taskInput) throws EmptyTaskException {","lastModifiedDate":"2025-03-03","isFullCredit":false},{"lineNumber":144,"author":{"gitId":"jiajun2002"},"content":"        if (taskInput.length \u003c 2) {","lastModifiedDate":"2025-03-03","isFullCredit":false},{"lineNumber":145,"author":{"gitId":"jiajun2002"},"content":"            throw new EmptyTaskException();","lastModifiedDate":"2025-03-03","isFullCredit":false},{"lineNumber":146,"author":{"gitId":"jiajun2002"},"content":"        }","lastModifiedDate":"2025-03-03","isFullCredit":false},{"lineNumber":147,"author":{"gitId":"jiajun2002"},"content":"    }","lastModifiedDate":"2025-03-03","isFullCredit":false},{"lineNumber":148,"author":{"gitId":"jiajun2002"},"content":"}","lastModifiedDate":"2025-03-03","isFullCredit":false}],"authorContributionMap":{"jiajun2002":148}},{"path":"src/main/java/lebron/task/Todo.java","fileType":"java","lines":[{"lineNumber":1,"author":{"gitId":"jiajun2002"},"content":"package lebron.task;","lastModifiedDate":"2025-02-10","isFullCredit":false},{"lineNumber":2,"author":{"gitId":"jiajun2002"},"content":"","lastModifiedDate":"2025-02-10","isFullCredit":false},{"lineNumber":3,"author":{"gitId":"jiajun2002"},"content":"public class Todo extends Task {","lastModifiedDate":"2025-02-05","isFullCredit":false},{"lineNumber":4,"author":{"gitId":"jiajun2002"},"content":"    public Todo(String description){","lastModifiedDate":"2025-02-05","isFullCredit":false},{"lineNumber":5,"author":{"gitId":"jiajun2002"},"content":"        super(description);","lastModifiedDate":"2025-02-05","isFullCredit":false},{"lineNumber":6,"author":{"gitId":"jiajun2002"},"content":"    }","lastModifiedDate":"2025-02-05","isFullCredit":false},{"lineNumber":7,"author":{"gitId":"jiajun2002"},"content":"","lastModifiedDate":"2025-02-05","isFullCredit":false},{"lineNumber":8,"author":{"gitId":"jiajun2002"},"content":"    public Todo(String description, Boolean isDone){","lastModifiedDate":"2025-02-20","isFullCredit":false},{"lineNumber":9,"author":{"gitId":"jiajun2002"},"content":"        super(description);","lastModifiedDate":"2025-02-20","isFullCredit":false},{"lineNumber":10,"author":{"gitId":"jiajun2002"},"content":"        this.isDone \u003d isDone;","lastModifiedDate":"2025-02-20","isFullCredit":false},{"lineNumber":11,"author":{"gitId":"jiajun2002"},"content":"    }","lastModifiedDate":"2025-02-20","isFullCredit":false},{"lineNumber":12,"author":{"gitId":"jiajun2002"},"content":"","lastModifiedDate":"2025-02-20","isFullCredit":false},{"lineNumber":13,"author":{"gitId":"jiajun2002"},"content":"    @Override","lastModifiedDate":"2025-02-10","isFullCredit":false},{"lineNumber":14,"author":{"gitId":"jiajun2002"},"content":"    public String toString(){","lastModifiedDate":"2025-02-05","isFullCredit":false},{"lineNumber":15,"author":{"gitId":"jiajun2002"},"content":"        return \"[T]\" + super.toString();","lastModifiedDate":"2025-02-05","isFullCredit":false},{"lineNumber":16,"author":{"gitId":"jiajun2002"},"content":"    }","lastModifiedDate":"2025-02-05","isFullCredit":false},{"lineNumber":17,"author":{"gitId":"jiajun2002"},"content":"","lastModifiedDate":"2025-02-20","isFullCredit":false},{"lineNumber":18,"author":{"gitId":"jiajun2002"},"content":"    @Override","lastModifiedDate":"2025-02-20","isFullCredit":false},{"lineNumber":19,"author":{"gitId":"jiajun2002"},"content":"    public String toTxtFile() {","lastModifiedDate":"2025-02-20","isFullCredit":false},{"lineNumber":20,"author":{"gitId":"jiajun2002"},"content":"        return \"T | \" + super.toTxtFile();","lastModifiedDate":"2025-02-20","isFullCredit":false},{"lineNumber":21,"author":{"gitId":"jiajun2002"},"content":"    }","lastModifiedDate":"2025-02-20","isFullCredit":false},{"lineNumber":22,"author":{"gitId":"jiajun2002"},"content":"","lastModifiedDate":"2025-02-20","isFullCredit":false},{"lineNumber":23,"author":{"gitId":"jiajun2002"},"content":"}","lastModifiedDate":"2025-02-05","isFullCredit":false}],"authorContributionMap":{"jiajun2002":23}},{"path":"src/main/java/lebron/ui/Ui.java","fileType":"java","lines":[{"lineNumber":1,"author":{"gitId":"jiajun2002"},"content":"package lebron.ui;","lastModifiedDate":"2025-03-03","isFullCredit":false},{"lineNumber":2,"author":{"gitId":"jiajun2002"},"content":"","lastModifiedDate":"2025-03-03","isFullCredit":false},{"lineNumber":3,"author":{"gitId":"jiajun2002"},"content":"import lebron.task.Task;","lastModifiedDate":"2025-03-03","isFullCredit":false},{"lineNumber":4,"author":{"gitId":"jiajun2002"},"content":"import lebron.task.TaskList;","lastModifiedDate":"2025-03-03","isFullCredit":false},{"lineNumber":5,"author":{"gitId":"jiajun2002"},"content":"import java.util.Scanner;","lastModifiedDate":"2025-03-03","isFullCredit":false},{"lineNumber":6,"author":{"gitId":"jiajun2002"},"content":"","lastModifiedDate":"2025-03-03","isFullCredit":false},{"lineNumber":7,"author":{"gitId":"jiajun2002"},"content":"public class Ui {","lastModifiedDate":"2025-03-03","isFullCredit":false},{"lineNumber":8,"author":{"gitId":"jiajun2002"},"content":"    private static final String LINE_BREAK \u003d \"____________________________________________________________\";","lastModifiedDate":"2025-03-03","isFullCredit":false},{"lineNumber":9,"author":{"gitId":"jiajun2002"},"content":"","lastModifiedDate":"2025-03-03","isFullCredit":false},{"lineNumber":10,"author":{"gitId":"jiajun2002"},"content":"    public void printLinebreak() {","lastModifiedDate":"2025-03-03","isFullCredit":false},{"lineNumber":11,"author":{"gitId":"jiajun2002"},"content":"        System.out.println(LINE_BREAK);","lastModifiedDate":"2025-03-03","isFullCredit":false},{"lineNumber":12,"author":{"gitId":"jiajun2002"},"content":"    }","lastModifiedDate":"2025-03-03","isFullCredit":false},{"lineNumber":13,"author":{"gitId":"jiajun2002"},"content":"","lastModifiedDate":"2025-03-03","isFullCredit":false},{"lineNumber":14,"author":{"gitId":"jiajun2002"},"content":"    public void printGreetingMessage() {","lastModifiedDate":"2025-03-03","isFullCredit":false},{"lineNumber":15,"author":{"gitId":"jiajun2002"},"content":"        System.out.println(\"Hello! I\u0027m Lebron, just a little kid from Akron\");","lastModifiedDate":"2025-03-03","isFullCredit":false},{"lineNumber":16,"author":{"gitId":"jiajun2002"},"content":"        System.out.println(\"What we doing today?\");","lastModifiedDate":"2025-03-03","isFullCredit":false},{"lineNumber":17,"author":{"gitId":"jiajun2002"},"content":"        printLinebreak();","lastModifiedDate":"2025-03-03","isFullCredit":false},{"lineNumber":18,"author":{"gitId":"jiajun2002"},"content":"    }","lastModifiedDate":"2025-03-03","isFullCredit":false},{"lineNumber":19,"author":{"gitId":"jiajun2002"},"content":"","lastModifiedDate":"2025-03-03","isFullCredit":false},{"lineNumber":20,"author":{"gitId":"jiajun2002"},"content":"    public void printAddingMessage(String task, int size) {","lastModifiedDate":"2025-03-03","isFullCredit":false},{"lineNumber":21,"author":{"gitId":"jiajun2002"},"content":"        System.out.println(\"Alright! Get ready to do this: \");","lastModifiedDate":"2025-03-03","isFullCredit":false},{"lineNumber":22,"author":{"gitId":"jiajun2002"},"content":"        System.out.println(\"--\u003e \" + task);","lastModifiedDate":"2025-03-03","isFullCredit":false},{"lineNumber":23,"author":{"gitId":"jiajun2002"},"content":"        System.out.println(\"Be confident in your ability! Current tasks: \" + size);","lastModifiedDate":"2025-03-03","isFullCredit":false},{"lineNumber":24,"author":{"gitId":"jiajun2002"},"content":"        printLinebreak();","lastModifiedDate":"2025-03-03","isFullCredit":false},{"lineNumber":25,"author":{"gitId":"jiajun2002"},"content":"    }","lastModifiedDate":"2025-03-03","isFullCredit":false},{"lineNumber":26,"author":{"gitId":"jiajun2002"},"content":"","lastModifiedDate":"2025-03-03","isFullCredit":false},{"lineNumber":27,"author":{"gitId":"jiajun2002"},"content":"    public void printMarkedMessage(Task task) {","lastModifiedDate":"2025-03-03","isFullCredit":false},{"lineNumber":28,"author":{"gitId":"jiajun2002"},"content":"        System.out.println(\"Done and dusted, you\u0027re gonna shatter my records in no time!\");","lastModifiedDate":"2025-03-03","isFullCredit":false},{"lineNumber":29,"author":{"gitId":"jiajun2002"},"content":"        System.out.println(task);","lastModifiedDate":"2025-03-03","isFullCredit":false},{"lineNumber":30,"author":{"gitId":"jiajun2002"},"content":"        printLinebreak();","lastModifiedDate":"2025-03-03","isFullCredit":false},{"lineNumber":31,"author":{"gitId":"jiajun2002"},"content":"    }","lastModifiedDate":"2025-03-03","isFullCredit":false},{"lineNumber":32,"author":{"gitId":"jiajun2002"},"content":"","lastModifiedDate":"2025-03-03","isFullCredit":false},{"lineNumber":33,"author":{"gitId":"jiajun2002"},"content":"    public void printUnmarkedMessage(Task task) {","lastModifiedDate":"2025-03-03","isFullCredit":false},{"lineNumber":34,"author":{"gitId":"jiajun2002"},"content":"        System.out.println(\"I ain\u0027t worried, we\u0027ll clear that soon!\");","lastModifiedDate":"2025-03-03","isFullCredit":false},{"lineNumber":35,"author":{"gitId":"jiajun2002"},"content":"        System.out.println(task);","lastModifiedDate":"2025-03-03","isFullCredit":false},{"lineNumber":36,"author":{"gitId":"jiajun2002"},"content":"        printLinebreak();","lastModifiedDate":"2025-03-03","isFullCredit":false},{"lineNumber":37,"author":{"gitId":"jiajun2002"},"content":"    }","lastModifiedDate":"2025-03-03","isFullCredit":false},{"lineNumber":38,"author":{"gitId":"jiajun2002"},"content":"","lastModifiedDate":"2025-03-03","isFullCredit":false},{"lineNumber":39,"author":{"gitId":"jiajun2002"},"content":"    public void printDeletedMessage(Task task, int size) {","lastModifiedDate":"2025-03-03","isFullCredit":false},{"lineNumber":40,"author":{"gitId":"jiajun2002"},"content":"        System.out.println(\"Traded! We won\u0027t be seeing him ever again: \");","lastModifiedDate":"2025-03-03","isFullCredit":false},{"lineNumber":41,"author":{"gitId":"jiajun2002"},"content":"        System.out.println(task);","lastModifiedDate":"2025-03-03","isFullCredit":false},{"lineNumber":42,"author":{"gitId":"jiajun2002"},"content":"        System.out.println(\"Remaining tasks: \" + size);","lastModifiedDate":"2025-03-03","isFullCredit":false},{"lineNumber":43,"author":{"gitId":"jiajun2002"},"content":"        printLinebreak();","lastModifiedDate":"2025-03-03","isFullCredit":false},{"lineNumber":44,"author":{"gitId":"jiajun2002"},"content":"    }","lastModifiedDate":"2025-03-03","isFullCredit":false},{"lineNumber":45,"author":{"gitId":"jiajun2002"},"content":"","lastModifiedDate":"2025-03-03","isFullCredit":false},{"lineNumber":46,"author":{"gitId":"jiajun2002"},"content":"    public void printErrorMessage(String error){","lastModifiedDate":"2025-03-03","isFullCredit":false},{"lineNumber":47,"author":{"gitId":"jiajun2002"},"content":"        System.out.println(\"Sorry that\u0027s a foul! \" + error);","lastModifiedDate":"2025-03-03","isFullCredit":false},{"lineNumber":48,"author":{"gitId":"jiajun2002"},"content":"        printLinebreak();","lastModifiedDate":"2025-03-03","isFullCredit":false},{"lineNumber":49,"author":{"gitId":"jiajun2002"},"content":"    }","lastModifiedDate":"2025-03-03","isFullCredit":false},{"lineNumber":50,"author":{"gitId":"jiajun2002"},"content":"","lastModifiedDate":"2025-03-03","isFullCredit":false},{"lineNumber":51,"author":{"gitId":"jiajun2002"},"content":"    public void printTaskList(TaskList tasks) {","lastModifiedDate":"2025-03-03","isFullCredit":false},{"lineNumber":52,"author":{"gitId":"jiajun2002"},"content":"        if (tasks.isEmpty()) {","lastModifiedDate":"2025-03-03","isFullCredit":false},{"lineNumber":53,"author":{"gitId":"jiajun2002"},"content":"            System.out.println(\"No tasks here, try adding a todo/deadline/event!\");","lastModifiedDate":"2025-03-03","isFullCredit":false},{"lineNumber":54,"author":{"gitId":"jiajun2002"},"content":"            printLinebreak();","lastModifiedDate":"2025-03-03","isFullCredit":false},{"lineNumber":55,"author":{"gitId":"jiajun2002"},"content":"            return;","lastModifiedDate":"2025-03-03","isFullCredit":false},{"lineNumber":56,"author":{"gitId":"jiajun2002"},"content":"        }","lastModifiedDate":"2025-03-03","isFullCredit":false},{"lineNumber":57,"author":{"gitId":"jiajun2002"},"content":"        for (int i \u003d 0; i \u003c tasks.size(); i++) {","lastModifiedDate":"2025-03-03","isFullCredit":false},{"lineNumber":58,"author":{"gitId":"jiajun2002"},"content":"            System.out.print(i+1 + \". \");","lastModifiedDate":"2025-03-03","isFullCredit":false},{"lineNumber":59,"author":{"gitId":"jiajun2002"},"content":"            System.out.println(tasks.get(i));","lastModifiedDate":"2025-03-03","isFullCredit":false},{"lineNumber":60,"author":{"gitId":"jiajun2002"},"content":"        }","lastModifiedDate":"2025-03-03","isFullCredit":false},{"lineNumber":61,"author":{"gitId":"jiajun2002"},"content":"        printLinebreak();","lastModifiedDate":"2025-03-03","isFullCredit":false},{"lineNumber":62,"author":{"gitId":"jiajun2002"},"content":"    }","lastModifiedDate":"2025-03-03","isFullCredit":false},{"lineNumber":63,"author":{"gitId":"jiajun2002"},"content":"","lastModifiedDate":"2025-03-03","isFullCredit":false},{"lineNumber":64,"author":{"gitId":"jiajun2002"},"content":"    public String readCommand() {","lastModifiedDate":"2025-03-03","isFullCredit":false},{"lineNumber":65,"author":{"gitId":"jiajun2002"},"content":"        Scanner input \u003d new Scanner(System.in);","lastModifiedDate":"2025-03-03","isFullCredit":false},{"lineNumber":66,"author":{"gitId":"jiajun2002"},"content":"        return input.nextLine();","lastModifiedDate":"2025-03-03","isFullCredit":false},{"lineNumber":67,"author":{"gitId":"jiajun2002"},"content":"    }","lastModifiedDate":"2025-03-03","isFullCredit":false},{"lineNumber":68,"author":{"gitId":"jiajun2002"},"content":"}","lastModifiedDate":"2025-03-03","isFullCredit":false}],"authorContributionMap":{"jiajun2002":68}},{"path":"text-ui-test/runtest.bat","fileType":"bat","lines":[{"lineNumber":1,"author":{"gitId":"-"},"content":"@ECHO OFF","lastModifiedDate":"2020-05-25","isFullCredit":false},{"lineNumber":2,"author":{"gitId":"-"},"content":"","lastModifiedDate":"2020-05-25","isFullCredit":false},{"lineNumber":3,"author":{"gitId":"-"},"content":"REM create bin directory if it doesn\u0027t exist","lastModifiedDate":"2020-05-25","isFullCredit":false},{"lineNumber":4,"author":{"gitId":"-"},"content":"if not exist ..\\bin mkdir ..\\bin","lastModifiedDate":"2020-05-25","isFullCredit":false},{"lineNumber":5,"author":{"gitId":"-"},"content":"","lastModifiedDate":"2020-05-25","isFullCredit":false},{"lineNumber":6,"author":{"gitId":"-"},"content":"REM delete output from previous run","lastModifiedDate":"2020-05-25","isFullCredit":false},{"lineNumber":7,"author":{"gitId":"-"},"content":"if exist ACTUAL.TXT del ACTUAL.TXT","lastModifiedDate":"2020-08-25","isFullCredit":false},{"lineNumber":8,"author":{"gitId":"-"},"content":"","lastModifiedDate":"2020-05-25","isFullCredit":false},{"lineNumber":9,"author":{"gitId":"-"},"content":"REM compile the code into the bin folder","lastModifiedDate":"2020-05-25","isFullCredit":false},{"lineNumber":10,"author":{"gitId":"-"},"content":"javac  -cp ..\\src\\main\\java -Xlint:none -d ..\\bin ..\\src\\main\\java\\*.java","lastModifiedDate":"2020-08-25","isFullCredit":false},{"lineNumber":11,"author":{"gitId":"-"},"content":"IF ERRORLEVEL 1 (","lastModifiedDate":"2020-05-25","isFullCredit":false},{"lineNumber":12,"author":{"gitId":"-"},"content":"    echo ********** BUILD FAILURE **********","lastModifiedDate":"2020-05-25","isFullCredit":false},{"lineNumber":13,"author":{"gitId":"-"},"content":"    exit /b 1","lastModifiedDate":"2020-05-25","isFullCredit":false},{"lineNumber":14,"author":{"gitId":"-"},"content":")","lastModifiedDate":"2020-05-25","isFullCredit":false},{"lineNumber":15,"author":{"gitId":"-"},"content":"REM no error here, errorlevel \u003d\u003d 0","lastModifiedDate":"2020-05-25","isFullCredit":false},{"lineNumber":16,"author":{"gitId":"-"},"content":"","lastModifiedDate":"2020-05-25","isFullCredit":false},{"lineNumber":17,"author":{"gitId":"-"},"content":"REM run the program, feed commands from input.txt file and redirect the output to the ACTUAL.TXT","lastModifiedDate":"2020-05-25","isFullCredit":false},{"lineNumber":18,"author":{"gitId":"jiajun2002"},"content":"java -classpath ..\\bin Lebron \u003c input.txt \u003e ACTUAL.TXT","lastModifiedDate":"2025-01-22","isFullCredit":false},{"lineNumber":19,"author":{"gitId":"-"},"content":"","lastModifiedDate":"2020-05-25","isFullCredit":false},{"lineNumber":20,"author":{"gitId":"-"},"content":"REM compare the output to the expected output","lastModifiedDate":"2020-05-25","isFullCredit":false},{"lineNumber":21,"author":{"gitId":"-"},"content":"FC ACTUAL.TXT EXPECTED.TXT","lastModifiedDate":"2020-05-25","isFullCredit":false}],"authorContributionMap":{"jiajun2002":1,"-":20}}]
