{"authorDailyContributionsMap":{"jiajun2002":[{"date":"2025-01-22","commitResults":[{"hash":"c312e3ec5003ae6e7e13a5501c3028778d694a54","isMergeCommit":false,"messageTitle":"Increment 0: Renamed bot, added simple greeting feature","messageBody":"","tags":["Level-0"],"fileTypesAndContributionMap":{"java":{"insertions":8,"deletions":10},"bat":{"insertions":1,"deletions":1},"md":{"insertions":3,"deletions":3}}}]},{"date":"2025-01-28","commitResults":[{"hash":"3f9ed51865b9300ea1f6ef9ad95ad2b7a057a500","isMergeCommit":false,"messageTitle":"Updated code to echo user input","messageBody":"","tags":["Level-1"],"fileTypesAndContributionMap":{"java":{"insertions":18,"deletions":4}}}]},{"date":"2025-02-01","commitResults":[{"hash":"e09d8b9c36c2b10879688f37309a28425ad524e1","isMergeCommit":false,"messageTitle":"Added add and list","messageBody":"","tags":["Level-2"],"fileTypesAndContributionMap":{"java":{"insertions":28,"deletions":7}}},{"hash":"a176e7338644d806b9369a930184472f5ed02415","isMergeCommit":false,"messageTitle":"added ability to mark tasks as done/undone","messageBody":"","tags":["Level-3"],"fileTypesAndContributionMap":{"java":{"insertions":68,"deletions":4}}}]},{"date":"2025-02-05","commitResults":[{"hash":"0b7c5ca5152c584e6ab7fb5d921c10862f026614","isMergeCommit":false,"messageTitle":"Added deadline, event, todo classes and slightly organised code","messageBody":"","tags":["Level-4"],"fileTypesAndContributionMap":{"java":{"insertions":126,"deletions":33}}}]},{"date":"2025-02-06","commitResults":[{"hash":"6e1ee861ad04a30adf42d1090d289bd24bfa4ab2","isMergeCommit":false,"messageTitle":"Improved coding quality by removing magic numbers and refactoring code","messageBody":"","tags":["A-CodeQuality"],"fileTypesAndContributionMap":{"java":{"insertions":24,"deletions":17}}}]},{"date":"2025-02-10","commitResults":[{"hash":"4cd8668813c8e10adeef6c9b455dca25fd9adaa2","isMergeCommit":false,"messageTitle":"Added error handling for common exceptions","messageBody":"","fileTypesAndContributionMap":{"java":{"insertions":105,"deletions":43}}},{"hash":"12177ad84c3bb4f0e1c10e8031ef5f4601e8692a","isMergeCommit":false,"messageTitle":"Renamed some variables as per suggested improvements","messageBody":"","fileTypesAndContributionMap":{"java":{"insertions":10,"deletions":10}}},{"hash":"1ec5b73eacbd6610329e42424f7ddff52b0fe13c","isMergeCommit":true,"messageTitle":"Merge branch\u0027branch-Level-5\u0027","messageBody":"","tags":["Level-5","A-Exceptions"],"fileTypesAndContributionMap":{}},{"hash":"9e70b87ef5e37e9f262db31a9025069369ba19e5","isMergeCommit":false,"messageTitle":"Organised code into packages","messageBody":"","fileTypesAndContributionMap":{"java":{"insertions":27,"deletions":0}}},{"hash":"0da9daa1efa590195320cc88d8d579a23f5b3091","isMergeCommit":false,"messageTitle":"Shortened package import statements","messageBody":"","fileTypesAndContributionMap":{"java":{"insertions":2,"deletions":8}}},{"hash":"7512ac82fd098ed34ddd3c5d2bb92f46417629d6","isMergeCommit":true,"messageTitle":"Merge branch \u0027branch-A-Packages\u0027","messageBody":"","tags":["A-Packages"],"fileTypesAndContributionMap":{}}]},{"date":"2025-02-18","commitResults":[{"hash":"5794d3d53caf76434aebe2c915c765f02d7801fb","isMergeCommit":false,"messageTitle":"added ability to delete tasks","messageBody":"","fileTypesAndContributionMap":{"java":{"insertions":64,"deletions":31}}}]},{"date":"2025-02-20","commitResults":[{"hash":"2029fe425002f791b33632edb0293f724e3390fc","isMergeCommit":false,"messageTitle":"added saving and loading from hard disk","messageBody":"","fileTypesAndContributionMap":{"java":{"insertions":101,"deletions":0}}},{"hash":"36af8677997c6531590abc0f3fc421904091477b","isMergeCommit":true,"messageTitle":"Merge branch \u0027branch-Level-6\u0027","messageBody":"","tags":["Level-6","A-Collections"],"fileTypesAndContributionMap":{}},{"hash":"93c693da4a8fa93a19ab5f654dc54000e9d90f79","isMergeCommit":true,"messageTitle":"fixing merge conflicts","messageBody":"","tags":["Level-7"],"fileTypesAndContributionMap":{}},{"hash":"360c1a8d083de383a4e6841a1b929a49a8a8a5c4","isMergeCommit":false,"messageTitle":"fixed bug where delete/mark/unmark didn\u0027t sace properly","messageBody":"","tags":["A-Jar"],"fileTypesAndContributionMap":{"java":{"insertions":15,"deletions":0}}}]}]},"authorFileTypeContributionMap":{"jiajun2002":{"java":438,"md":3,"fxml":0,"sh":0,"bat":1,"gradle":0,"txt":0}},"authorContributionVariance":{"jiajun2002":2141.0388},"authorDisplayNameMap":{"jiajun2002":"TONG.. JUN"}}
