{"repoSenseVersion":"ab87c6e386","reportGeneratedTime":"Fri, 14 Mar 2025 18:13:55 UTC+08:00","reportGenerationTime":" 22.96 second(s)","zoneId":"UTC+08:00","reportTitle":"CS2113 iP Code Dashboard","repos":[{"location":{"location":"https://github.com/ElonKoh/ip.git","repoName":"ip","organization":"ElonKoh","domainName":"github"},"branch":"master","displayName":"ElonKoh/ip[master]","outputFolderName":"ElonKoh_ip_master","sinceDate":"2025-01-10","untilDate":"2025-03-14"},{"location":{"location":"https://github.com/gavalion/ip.git","repoName":"ip","organization":"gavalion","domainName":"github"},"branch":"master","displayName":"gavalion/ip[master]","outputFolderName":"gavalion_ip_master","sinceDate":"2025-01-10","untilDate":"2025-03-14"},{"location":{"location":"https://github.com/ashleyang2001/ip.git","repoName":"ip","organization":"ashleyang2001","domainName":"github"},"branch":"master","displayName":"ashleyang2001/ip[master]","outputFolderName":"ashleyang2001_ip_master","sinceDate":"2025-01-10","untilDate":"2025-03-14"},{"location":{"location":"https://github.com/Teng-Yong-Quan/ip.git","repoName":"ip","organization":"Teng-Yong-Quan","domainName":"github"},"branch":"master","displayName":"Teng-Yong-Quan/ip[master]","outputFolderName":"Teng-Yong-Quan_ip_master","sinceDate":"2025-01-10","untilDate":"2025-03-14"},{"location":{"location":"https://github.com/vegetablestabber/ip.git","repoName":"ip","organization":"vegetablestabber","domainName":"github"},"branch":"master","displayName":"vegetablestabber/ip[master]","outputFolderName":"vegetablestabber_ip_master","sinceDate":"2025-01-10","untilDate":"2025-03-14"},{"location":{"location":"https://github.com/gu0y1/ip.git","repoName":"ip","organization":"gu0y1","domainName":"github"},"branch":"master","displayName":"gu0y1/ip[master]","outputFolderName":"gu0y1_ip_master","sinceDate":"2025-01-10","untilDate":"2025-03-14"},{"location":{"location":"https://github.com/Alaneel/ip.git","repoName":"ip","organization":"Alaneel","domainName":"github"},"branch":"master","displayName":"Alaneel/ip[master]","outputFolderName":"Alaneel_ip_master","sinceDate":"2025-01-10","untilDate":"2025-03-14"},{"location":{"location":"https://github.com/irfandeen/ip.git","repoName":"ip","organization":"irfandeen","domainName":"github"},"branch":"master","displayName":"irfandeen/ip[master]","outputFolderName":"irfandeen_ip_master","sinceDate":"2025-01-10","untilDate":"2025-03-14"},{"location":{"location":"https://github.com/wentuoc/ip.git","repoName":"ip","organization":"wentuoc","domainName":"github"},"branch":"master","displayName":"wentuoc/ip[master]","outputFolderName":"wentuoc_ip_master","sinceDate":"2025-01-10","untilDate":"2025-03-14"},{"location":{"location":"https://github.com/zexueteh/ip.git","repoName":"ip","organization":"zexueteh","domainName":"github"},"branch":"master","displayName":"zexueteh/ip[master]","outputFolderName":"zexueteh_ip_master","sinceDate":"2025-01-10","untilDate":"2025-03-14"},{"location":{"location":"https://github.com/ShengJie13245/ip.git","repoName":"ip","organization":"ShengJie13245","domainName":"github"},"branch":"master","displayName":"ShengJie13245/ip[master]","outputFolderName":"ShengJie13245_ip_master","sinceDate":"2025-01-10","untilDate":"2025-03-14"},{"location":{"location":"https://github.com/RyanLing169/ip.git","repoName":"ip","organization":"RyanLing169","domainName":"github"},"branch":"master","displayName":"RyanLing169/ip[master]","outputFolderName":"RyanLing169_ip_master","sinceDate":"2025-01-10","untilDate":"2025-03-14"},{"location":{"location":"https://github.com/whalesyong/ip.git","repoName":"ip","organization":"whalesyong","domainName":"github"},"branch":"master","displayName":"whalesyong/ip[master]","outputFolderName":"whalesyong_ip_master","sinceDate":"2025-01-10","untilDate":"2025-03-14"},{"location":{"location":"https://github.com/eth4n22/ip.git","repoName":"ip","organization":"eth4n22","domainName":"github"},"branch":"master","displayName":"eth4n22/ip[master]","outputFolderName":"eth4n22_ip_master","sinceDate":"2025-01-10","untilDate":"2025-03-14"},{"location":{"location":"https://github.com/ljunfun/ip.git","repoName":"ip","organization":"ljunfun","domainName":"github"},"branch":"master","displayName":"ljunfun/ip[master]","outputFolderName":"ljunfun_ip_master","sinceDate":"2025-01-10","untilDate":"2025-03-14"},{"location":{"location":"https://github.com/Betahaxer/ip.git","repoName":"ip","organization":"Betahaxer","domainName":"github"},"branch":"master","displayName":"Betahaxer/ip[master]","outputFolderName":"Betahaxer_ip_master","sinceDate":"2025-01-10","untilDate":"2025-03-14"},{"location":{"location":"https://github.com/syCHEN1645/ip.git","repoName":"ip","organization":"syCHEN1645","domainName":"github"},"branch":"master","displayName":"syCHEN1645/ip[master]","outputFolderName":"syCHEN1645_ip_master","sinceDate":"2025-01-10","untilDate":"2025-03-14"},{"location":{"location":"https://github.com/flyingapricot/ip.git","repoName":"ip","organization":"flyingapricot","domainName":"github"},"branch":"master","displayName":"flyingapricot/ip[master]","outputFolderName":"flyingapricot_ip_master","sinceDate":"2025-01-10","untilDate":"2025-03-14"},{"location":{"location":"https://github.com/amirhusaini06/ip.git","repoName":"ip","organization":"amirhusaini06","domainName":"github"},"branch":"master","displayName":"amirhusaini06/ip[master]","outputFolderName":"amirhusaini06_ip_master","sinceDate":"2025-01-10","untilDate":"2025-03-14"},{"location":{"location":"https://github.com/yiyang74/ip.git","repoName":"ip","organization":"yiyang74","domainName":"github"},"branch":"master","displayName":"yiyang74/ip[master]","outputFolderName":"yiyang74_ip_master","sinceDate":"2025-01-10","untilDate":"2025-03-14"},{"location":{"location":"https://github.com/HightechTR/ip.git","repoName":"ip","organization":"HightechTR","domainName":"github"},"branch":"master","displayName":"HightechTR/ip[master]","outputFolderName":"HightechTR_ip_master","sinceDate":"2025-01-10","untilDate":"2025-03-14"},{"location":{"location":"https://github.com/jiajun2002/ip.git","repoName":"ip","organization":"jiajun2002","domainName":"github"},"branch":"master","displayName":"jiajun2002/ip[master]","outputFolderName":"jiajun2002_ip_master","sinceDate":"2025-01-10","untilDate":"2025-03-14"},{"location":{"location":"https://github.com/sjwking/ip.git","repoName":"ip","organization":"sjwking","domainName":"github"},"branch":"master","displayName":"sjwking/ip[master]","outputFolderName":"sjwking_ip_master","sinceDate":"2025-01-10","untilDate":"2025-03-14"},{"location":{"location":"https://github.com/tongkiankiat/ip.git","repoName":"ip","organization":"tongkiankiat","domainName":"github"},"branch":"master","displayName":"tongkiankiat/ip[master]","outputFolderName":"tongkiankiat_ip_master","sinceDate":"2025-01-10","untilDate":"2025-03-14"},{"location":{"location":"https://github.com/LEESY02/ip.git","repoName":"ip","organization":"LEESY02","domainName":"github"},"branch":"master","displayName":"LEESY02/ip[master]","outputFolderName":"LEESY02_ip_master","sinceDate":"2025-01-10","untilDate":"2025-03-14"},{"location":{"location":"https://github.com/OmJRamdas/ip.git","repoName":"ip","organization":"OmJRamdas","domainName":"github"},"branch":"master","displayName":"OmJRamdas/ip[master]","outputFolderName":"OmJRamdas_ip_master","sinceDate":"2025-01-10","untilDate":"2025-03-14"},{"location":{"location":"https://github.com/Roycecodes/ip.git","repoName":"ip","organization":"Roycecodes","domainName":"github"},"branch":"master","displayName":"Roycecodes/ip[master]","outputFolderName":"Roycecodes_ip_master","sinceDate":"2025-01-10","untilDate":"2025-03-14"},{"location":{"location":"https://github.com/teokj/ip.git","repoName":"ip","organization":"teokj","domainName":"github"},"branch":"master","displayName":"teokj/ip[master]","outputFolderName":"teokj_ip_master","sinceDate":"2025-01-10","untilDate":"2025-03-14"},{"location":{"location":"https://github.com/Deanson-Choo/ip.git","repoName":"ip","organization":"Deanson-Choo","domainName":"github"},"branch":"master","displayName":"Deanson-Choo/ip[master]","outputFolderName":"Deanson-Choo_ip_master","sinceDate":"2025-01-10","untilDate":"2025-03-14"},{"location":{"location":"https://github.com/felfelyuen/ip.git","repoName":"ip","organization":"felfelyuen","domainName":"github"},"branch":"master","displayName":"felfelyuen/ip[master]","outputFolderName":"felfelyuen_ip_master","sinceDate":"2025-01-10","untilDate":"2025-03-14"},{"location":{"location":"https://github.com/vincesum/ip.git","repoName":"ip","organization":"vincesum","domainName":"github"},"branch":"master","displayName":"vincesum/ip[master]","outputFolderName":"vincesum_ip_master","sinceDate":"2025-01-10","untilDate":"2025-03-14"},{"location":{"location":"https://github.com/srfl0/ip.git","repoName":"ip","organization":"srfl0","domainName":"github"},"branch":"master","displayName":"srfl0/ip[master]","outputFolderName":"srfl0_ip_master","sinceDate":"2025-01-10","untilDate":"2025-03-14"},{"location":{"location":"https://github.com/timothyloh0523/ip.git","repoName":"ip","organization":"timothyloh0523","domainName":"github"},"branch":"master","displayName":"timothyloh0523/ip[master]","outputFolderName":"timothyloh0523_ip_master","sinceDate":"2025-01-10","untilDate":"2025-03-14"},{"location":{"location":"https://github.com/ManZ9802/ip.git","repoName":"ip","organization":"ManZ9802","domainName":"github"},"branch":"master","displayName":"ManZ9802/ip[master]","outputFolderName":"ManZ9802_ip_master","sinceDate":"2025-01-10","untilDate":"2025-03-14"},{"location":{"location":"https://github.com/Li-JunXian/ip.git","repoName":"ip","organization":"Li-JunXian","domainName":"github"},"branch":"master","displayName":"Li-JunXian/ip[master]","outputFolderName":"Li-JunXian_ip_master","sinceDate":"2025-01-10","untilDate":"2025-03-14"},{"location":{"location":"https://github.com/KashfyZul/ip.git","repoName":"ip","organization":"KashfyZul","domainName":"github"},"branch":"master","displayName":"KashfyZul/ip[master]","outputFolderName":"KashfyZul_ip_master","sinceDate":"2025-01-10","untilDate":"2025-03-14"},{"location":{"location":"https://github.com/akaash02/ip.git","repoName":"ip","organization":"akaash02","domainName":"github"},"branch":"master","displayName":"akaash02/ip[master]","outputFolderName":"akaash02_ip_master","sinceDate":"2025-01-10","untilDate":"2025-03-14"},{"location":{"location":"https://github.com/fivenames/ip.git","repoName":"ip","organization":"fivenames","domainName":"github"},"branch":"master","displayName":"fivenames/ip[master]","outputFolderName":"fivenames_ip_master","sinceDate":"2025-01-10","untilDate":"2025-03-14"},{"location":{"location":"https://github.com/Xavierleejrui/ip.git","repoName":"ip","organization":"Xavierleejrui","domainName":"github"},"branch":"master","displayName":"Xavierleejrui/ip[master]","outputFolderName":"Xavierleejrui_ip_master","sinceDate":"2025-01-10","untilDate":"2025-03-14"},{"location":{"location":"https://github.com/siqiangz/ip.git","repoName":"ip","organization":"siqiangz","domainName":"github"},"branch":"master","displayName":"siqiangz/ip[master]","outputFolderName":"siqiangz_ip_master","sinceDate":"2025-01-10","untilDate":"2025-03-14"},{"location":{"location":"https://github.com/kaixiangg/ip.git","repoName":"ip","organization":"kaixiangg","domainName":"github"},"branch":"master","displayName":"kaixiangg/ip[master]","outputFolderName":"kaixiangg_ip_master","sinceDate":"2025-01-10","untilDate":"2025-03-14"},{"location":{"location":"https://github.com/zavsky/ip.git","repoName":"ip","organization":"zavsky","domainName":"github"},"branch":"master","displayName":"zavsky/ip[master]","outputFolderName":"zavsky_ip_master","sinceDate":"2025-01-10","untilDate":"2025-03-14"},{"location":{"location":"https://github.com/James17042002/ip.git","repoName":"ip","organization":"James17042002","domainName":"github"},"branch":"master","displayName":"James17042002/ip[master]","outputFolderName":"James17042002_ip_master","sinceDate":"2025-01-10","untilDate":"2025-03-14"},{"location":{"location":"https://github.com/dylancmznus/ip.git","repoName":"ip","organization":"dylancmznus","domainName":"github"},"branch":"master","displayName":"dylancmznus/ip[master]","outputFolderName":"dylancmznus_ip_master","sinceDate":"2025-01-10","untilDate":"2025-03-14"},{"location":{"location":"https://github.com/jwyk/ip.git","repoName":"ip","organization":"jwyk","domainName":"github"},"branch":"master","displayName":"jwyk/ip[master]","outputFolderName":"jwyk_ip_master","sinceDate":"2025-01-10","untilDate":"2025-03-14"},{"location":{"location":"https://github.com/b1inmeister/ip.git","repoName":"ip","organization":"b1inmeister","domainName":"github"},"branch":"master","displayName":"b1inmeister/ip[master]","outputFolderName":"b1inmeister_ip_master","sinceDate":"2025-01-10","untilDate":"2025-03-14"},{"location":{"location":"https://github.com/louistaii/ip.git","repoName":"ip","organization":"louistaii","domainName":"github"},"branch":"master","displayName":"louistaii/ip[master]","outputFolderName":"louistaii_ip_master","sinceDate":"2025-01-10","untilDate":"2025-03-14"},{"location":{"location":"https://github.com/Jasonlobo21/ip.git","repoName":"ip","organization":"Jasonlobo21","domainName":"github"},"branch":"master","displayName":"Jasonlobo21/ip[master]","outputFolderName":"Jasonlobo21_ip_master","sinceDate":"2025-01-10","untilDate":"2025-03-14"},{"location":{"location":"https://github.com/JinbaoAlex/ip.git","repoName":"ip","organization":"JinbaoAlex","domainName":"github"},"branch":"master","displayName":"JinbaoAlex/ip[master]","outputFolderName":"JinbaoAlex_ip_master","sinceDate":"2025-01-10","untilDate":"2025-03-14"},{"location":{"location":"https://github.com/wongyihao02/ip.git","repoName":"ip","organization":"wongyihao02","domainName":"github"},"branch":"master","displayName":"wongyihao02/ip[master]","outputFolderName":"wongyihao02_ip_master","sinceDate":"2025-01-10","untilDate":"2025-03-14"},{"location":{"location":"https://github.com/Travissssz/ip.git","repoName":"ip","organization":"Travissssz","domainName":"github"},"branch":"master","displayName":"Travissssz/ip[master]","outputFolderName":"Travissssz_ip_master","sinceDate":"2025-01-10","untilDate":"2025-03-14"},{"location":{"location":"https://github.com/Yshinprograms/ip.git","repoName":"ip","organization":"Yshinprograms","domainName":"github"},"branch":"master","displayName":"Yshinprograms/ip[master]","outputFolderName":"Yshinprograms_ip_master","sinceDate":"2025-01-10","untilDate":"2025-03-14"},{"location":{"location":"https://github.com/brand0nnn/ip.git","repoName":"ip","organization":"brand0nnn","domainName":"github"},"branch":"master","displayName":"brand0nnn/ip[master]","outputFolderName":"brand0nnn_ip_master","sinceDate":"2025-01-10","untilDate":"2025-03-14"},{"location":{"location":"https://github.com/Isaaclks7/ip.git","repoName":"ip","organization":"Isaaclks7","domainName":"github"},"branch":"master","displayName":"Isaaclks7/ip[master]","outputFolderName":"Isaaclks7_ip_master","sinceDate":"2025-01-10","untilDate":"2025-03-14"},{"location":{"location":"https://github.com/SeanTerrr/ip.git","repoName":"ip","organization":"SeanTerrr","domainName":"github"},"branch":"master","displayName":"SeanTerrr/ip[master]","outputFolderName":"SeanTerrr_ip_master","sinceDate":"2025-01-10","untilDate":"2025-03-14"},{"location":{"location":"https://github.com/thezerohour/ip.git","repoName":"ip","organization":"thezerohour","domainName":"github"},"branch":"master","displayName":"thezerohour/ip[master]","outputFolderName":"thezerohour_ip_master","sinceDate":"2025-01-10","untilDate":"2025-03-14"},{"location":{"location":"https://github.com/dylankhoo/ip.git","repoName":"ip","organization":"dylankhoo","domainName":"github"},"branch":"master","displayName":"dylankhoo/ip[master]","outputFolderName":"dylankhoo_ip_master","sinceDate":"2025-01-10","untilDate":"2025-03-14"},{"location":{"location":"https://github.com/kinneo/ip.git","repoName":"ip","organization":"kinneo","domainName":"github"},"branch":"master","displayName":"kinneo/ip[master]","outputFolderName":"kinneo_ip_master","sinceDate":"2025-01-10","untilDate":"2025-03-14"},{"location":{"location":"https://github.com/ae-24/ip.git","repoName":"ip","organization":"ae-24","domainName":"github"},"branch":"master","displayName":"ae-24/ip[master]","outputFolderName":"ae-24_ip_master","sinceDate":"2025-01-10","untilDate":"2025-03-14"},{"location":{"location":"https://github.com/NotGiggs/ip.git","repoName":"ip","organization":"NotGiggs","domainName":"github"},"branch":"master","displayName":"NotGiggs/ip[master]","outputFolderName":"NotGiggs_ip_master","sinceDate":"2025-01-10","untilDate":"2025-03-14"},{"location":{"location":"https://github.com/TayGuangSheng/ip.git","repoName":"ip","organization":"TayGuangSheng","domainName":"github"},"branch":"master","displayName":"TayGuangSheng/ip[master]","outputFolderName":"TayGuangSheng_ip_master","sinceDate":"2025-01-10","untilDate":"2025-03-14"},{"location":{"location":"https://github.com/ShengBin-101/ip.git","repoName":"ip","organization":"ShengBin-101","domainName":"github"},"branch":"master","displayName":"ShengBin-101/ip[master]","outputFolderName":"ShengBin-101_ip_master","sinceDate":"2025-01-10","untilDate":"2025-03-14"},{"location":{"location":"https://github.com/EdwinTun98/ip.git","repoName":"ip","organization":"EdwinTun98","domainName":"github"},"branch":"master","displayName":"EdwinTun98/ip[master]","outputFolderName":"EdwinTun98_ip_master","sinceDate":"2025-01-10","untilDate":"2025-03-14"},{"location":{"location":"https://github.com/Hansel-K/ip.git","repoName":"ip","organization":"Hansel-K","domainName":"github"},"branch":"master","displayName":"Hansel-K/ip[master]","outputFolderName":"Hansel-K_ip_master","sinceDate":"2025-01-10","untilDate":"2025-03-14"},{"location":{"location":"https://github.com/mohammedhamdhan/ip.git","repoName":"ip","organization":"mohammedhamdhan","domainName":"github"},"branch":"master","displayName":"mohammedhamdhan/ip[master]","outputFolderName":"mohammedhamdhan_ip_master","sinceDate":"2025-01-10","untilDate":"2025-03-14"},{"location":{"location":"https://github.com/H-ZhanHao/ip.git","repoName":"ip","organization":"H-ZhanHao","domainName":"github"},"branch":"master","displayName":"H-ZhanHao/ip[master]","outputFolderName":"H-ZhanHao_ip_master","sinceDate":"2025-01-10","untilDate":"2025-03-14"},{"location":{"location":"https://github.com/Rishi7830/ip.git","repoName":"ip","organization":"Rishi7830","domainName":"github"},"branch":"master","displayName":"Rishi7830/ip[master]","outputFolderName":"Rishi7830_ip_master","sinceDate":"2025-01-10","untilDate":"2025-03-14"},{"location":{"location":"https://github.com/lwenyi1/ip.git","repoName":"ip","organization":"lwenyi1","domainName":"github"},"branch":"master","displayName":"lwenyi1/ip[master]","outputFolderName":"lwenyi1_ip_master","sinceDate":"2025-01-10","untilDate":"2025-03-14"},{"location":{"location":"https://github.com/ecxm02/ip.git","repoName":"ip","organization":"ecxm02","domainName":"github"},"branch":"master","displayName":"ecxm02/ip[master]","outputFolderName":"ecxm02_ip_master","sinceDate":"2025-01-10","untilDate":"2025-03-14"},{"location":{"location":"https://github.com/sxkhoo/ip.git","repoName":"ip","organization":"sxkhoo","domainName":"github"},"branch":"master","displayName":"sxkhoo/ip[master]","outputFolderName":"sxkhoo_ip_master","sinceDate":"2025-01-10","untilDate":"2025-03-14"},{"location":{"location":"https://github.com/minhbgn/ip.git","repoName":"ip","organization":"minhbgn","domainName":"github"},"branch":"master","displayName":"minhbgn/ip[master]","outputFolderName":"minhbgn_ip_master","sinceDate":"2025-01-10","untilDate":"2025-03-14"},{"location":{"location":"https://github.com/QuyDatNguyen/ip.git","repoName":"ip","organization":"QuyDatNguyen","domainName":"github"},"branch":"master","displayName":"QuyDatNguyen/ip[master]","outputFolderName":"QuyDatNguyen_ip_master","sinceDate":"2025-01-10","untilDate":"2025-03-14"},{"location":{"location":"https://github.com/olsonwangyj/ip.git","repoName":"ip","organization":"olsonwangyj","domainName":"github"},"branch":"master","displayName":"olsonwangyj/ip[master]","outputFolderName":"olsonwangyj_ip_master","sinceDate":"2025-01-10","untilDate":"2025-03-14"},{"location":{"location":"https://github.com/RaidaNUS/ip.git","repoName":"ip","organization":"RaidaNUS","domainName":"github"},"branch":"master","displayName":"RaidaNUS/ip[master]","outputFolderName":"RaidaNUS_ip_master","sinceDate":"2025-01-10","untilDate":"2025-03-14"},{"location":{"location":"https://github.com/trunghjieu2506/ip.git","repoName":"ip","organization":"trunghjieu2506","domainName":"github"},"branch":"master","displayName":"trunghjieu2506/ip[master]","outputFolderName":"trunghjieu2506_ip_master","sinceDate":"2025-01-10","untilDate":"2025-03-14"},{"location":{"location":"https://github.com/Hudou0420/ip.git","repoName":"ip","organization":"Hudou0420","domainName":"github"},"branch":"master","displayName":"Hudou0420/ip[master]","outputFolderName":"Hudou0420_ip_master","sinceDate":"2025-01-10","untilDate":"2025-03-14"},{"location":{"location":"https://github.com/Cheng-Zhiyuan/ip.git","repoName":"ip","organization":"Cheng-Zhiyuan","domainName":"github"},"branch":"master","displayName":"Cheng-Zhiyuan/ip[master]","outputFolderName":"Cheng-Zhiyuan_ip_master","sinceDate":"2025-01-10","untilDate":"2025-03-14"},{"location":{"location":"https://github.com/WayneCh0y/ip.git","repoName":"ip","organization":"WayneCh0y","domainName":"github"},"branch":"master","displayName":"WayneCh0y/ip[master]","outputFolderName":"WayneCh0y_ip_master","sinceDate":"2025-01-10","untilDate":"2025-03-14"},{"location":{"location":"https://github.com/nicholascxh/ip.git","repoName":"ip","organization":"nicholascxh","domainName":"github"},"branch":"master","displayName":"nicholascxh/ip[master]","outputFolderName":"nicholascxh_ip_master","sinceDate":"2025-01-10","untilDate":"2025-03-14"},{"location":{"location":"https://github.com/denzelloke/ip.git","repoName":"ip","organization":"denzelloke","domainName":"github"},"branch":"master","displayName":"denzelloke/ip[master]","outputFolderName":"denzelloke_ip_master","sinceDate":"2025-01-10","untilDate":"2025-03-14"},{"location":{"location":"https://github.com/dariusyawningwhiz/ip.git","repoName":"ip","organization":"dariusyawningwhiz","domainName":"github"},"branch":"master","displayName":"dariusyawningwhiz/ip[master]","outputFolderName":"dariusyawningwhiz_ip_master","sinceDate":"2025-01-10","untilDate":"2025-03-14"},{"location":{"location":"https://github.com/matthewyeo1/ip.git","repoName":"ip","organization":"matthewyeo1","domainName":"github"},"branch":"master","displayName":"matthewyeo1/ip[master]","outputFolderName":"matthewyeo1_ip_master","sinceDate":"2025-01-10","untilDate":"2025-03-14"},{"location":{"location":"https://github.com/brianchanshiyuan/ip.git","repoName":"ip","organization":"brianchanshiyuan","domainName":"github"},"branch":"master","displayName":"brianchanshiyuan/ip[master]","outputFolderName":"brianchanshiyuan_ip_master","sinceDate":"2025-01-10","untilDate":"2025-03-14"},{"location":{"location":"https://github.com/icknee/ip.git","repoName":"ip","organization":"icknee","domainName":"github"},"branch":"master","displayName":"icknee/ip[master]","outputFolderName":"icknee_ip_master","sinceDate":"2025-01-10","untilDate":"2025-03-14"},{"location":{"location":"https://github.com/tejaskumar0/ip.git","repoName":"ip","organization":"tejaskumar0","domainName":"github"},"branch":"master","displayName":"tejaskumar0/ip[master]","outputFolderName":"tejaskumar0_ip_master","sinceDate":"2025-01-10","untilDate":"2025-03-14"},{"location":{"location":"https://github.com/shanicetanhui/ip.git","repoName":"ip","organization":"shanicetanhui","domainName":"github"},"branch":"master","displayName":"shanicetanhui/ip[master]","outputFolderName":"shanicetanhui_ip_master","sinceDate":"2025-01-10","untilDate":"2025-03-14"},{"location":{"location":"https://github.com/keanneeee/ip.git","repoName":"ip","organization":"keanneeee","domainName":"github"},"branch":"master","displayName":"keanneeee/ip[master]","outputFolderName":"keanneeee_ip_master","sinceDate":"2025-01-10","untilDate":"2025-03-14"},{"location":{"location":"https://github.com/YanXinyaoo/ip.git","repoName":"ip","organization":"YanXinyaoo","domainName":"github"},"branch":"master","displayName":"YanXinyaoo/ip[master]","outputFolderName":"YanXinyaoo_ip_master","sinceDate":"2025-01-10","untilDate":"2025-03-14"},{"location":{"location":"https://github.com/Charly2312/ip.git","repoName":"ip","organization":"Charly2312","domainName":"github"},"branch":"master","displayName":"Charly2312/ip[master]","outputFolderName":"Charly2312_ip_master","sinceDate":"2025-01-10","untilDate":"2025-03-14"},{"location":{"location":"https://github.com/adoorknob/ip.git","repoName":"ip","organization":"adoorknob","domainName":"github"},"branch":"master","displayName":"adoorknob/ip[master]","outputFolderName":"adoorknob_ip_master","sinceDate":"2025-01-10","untilDate":"2025-03-14"},{"location":{"location":"https://github.com/Markneoneo/ip.git","repoName":"ip","organization":"Markneoneo","domainName":"github"},"branch":"master","displayName":"Markneoneo/ip[master]","outputFolderName":"Markneoneo_ip_master","sinceDate":"2025-01-10","untilDate":"2025-03-14"},{"location":{"location":"https://github.com/hannahtay/ip.git","repoName":"ip","organization":"hannahtay","domainName":"github"},"branch":"master","displayName":"hannahtay/ip[master]","outputFolderName":"hannahtay_ip_master","sinceDate":"2025-01-10","untilDate":"2025-03-14"},{"location":{"location":"https://github.com/lakshm1i/ip.git","repoName":"ip","organization":"lakshm1i","domainName":"github"},"branch":"master","displayName":"lakshm1i/ip[master]","outputFolderName":"lakshm1i_ip_master","sinceDate":"2025-01-10","untilDate":"2025-03-14"},{"location":{"location":"https://github.com/Sean2110/ip.git","repoName":"ip","organization":"Sean2110","domainName":"github"},"branch":"master","displayName":"Sean2110/ip[master]","outputFolderName":"Sean2110_ip_master","sinceDate":"2025-01-10","untilDate":"2025-03-14"},{"location":{"location":"https://github.com/shuu4/ip.git","repoName":"ip","organization":"shuu4","domainName":"github"},"branch":"master","displayName":"shuu4/ip[master]","outputFolderName":"shuu4_ip_master","sinceDate":"2025-01-10","untilDate":"2025-03-14"},{"location":{"location":"https://github.com/Jensenkuok/ip.git","repoName":"ip","organization":"Jensenkuok","domainName":"github"},"branch":"master","displayName":"Jensenkuok/ip[master]","outputFolderName":"Jensenkuok_ip_master","sinceDate":"2025-01-10","untilDate":"2025-03-14"},{"location":{"location":"https://github.com/Flaaaash/ip.git","repoName":"ip","organization":"Flaaaash","domainName":"github"},"branch":"master","displayName":"Flaaaash/ip[master]","outputFolderName":"Flaaaash_ip_master","sinceDate":"2025-01-10","untilDate":"2025-03-14"},{"location":{"location":"https://github.com/tzqgav10/ip.git","repoName":"ip","organization":"tzqgav10","domainName":"github"},"branch":"master","displayName":"tzqgav10/ip[master]","outputFolderName":"tzqgav10_ip_master","sinceDate":"2025-01-10","untilDate":"2025-03-14"},{"location":{"location":"https://github.com/weiliangng/ip.git","repoName":"ip","organization":"weiliangng","domainName":"github"},"branch":"master","displayName":"weiliangng/ip[master]","outputFolderName":"weiliangng_ip_master","sinceDate":"2025-01-10","untilDate":"2025-03-14"},{"location":{"location":"https://github.com/kmnyn/ip.git","repoName":"ip","organization":"kmnyn","domainName":"github"},"branch":"master","displayName":"kmnyn/ip[master]","outputFolderName":"kmnyn_ip_master","sinceDate":"2025-01-10","untilDate":"2025-03-14"},{"location":{"location":"https://github.com/xhuinn/ip.git","repoName":"ip","organization":"xhuinn","domainName":"github"},"branch":"master","displayName":"xhuinn/ip[master]","outputFolderName":"xhuinn_ip_master","sinceDate":"2025-01-10","untilDate":"2025-03-14"},{"location":{"location":"https://github.com/itsjoelha/ip.git","repoName":"ip","organization":"itsjoelha","domainName":"github"},"branch":"master","displayName":"itsjoelha/ip[master]","outputFolderName":"itsjoelha_ip_master","sinceDate":"2025-01-10","untilDate":"2025-03-14"},{"location":{"location":"https://github.com/samstt/ip.git","repoName":"ip","organization":"samstt","domainName":"github"},"branch":"master","displayName":"samstt/ip[master]","outputFolderName":"samstt_ip_master","sinceDate":"2025-01-10","untilDate":"2025-03-14"},{"location":{"location":"https://github.com/wongyihao0506/ip.git","repoName":"ip","organization":"wongyihao0506","domainName":"github"},"branch":"master","displayName":"wongyihao0506/ip[master]","outputFolderName":"wongyihao0506_ip_master","sinceDate":"2025-01-10","untilDate":"2025-03-14"},{"location":{"location":"https://github.com/Roma637/ip.git","repoName":"ip","organization":"Roma637","domainName":"github"},"branch":"master","displayName":"Roma637/ip[master]","outputFolderName":"Roma637_ip_master","sinceDate":"2025-01-10","untilDate":"2025-03-14"},{"location":{"location":"https://github.com/xmtan1/ip.git","repoName":"ip","organization":"xmtan1","domainName":"github"},"branch":"master","displayName":"xmtan1/ip[master]","outputFolderName":"xmtan1_ip_master","sinceDate":"2025-01-10","untilDate":"2025-03-14"},{"location":{"location":"https://github.com/swethacool/ip.git","repoName":"ip","organization":"swethacool","domainName":"github"},"branch":"master","displayName":"swethacool/ip[master]","outputFolderName":"swethacool_ip_master","sinceDate":"2025-01-10","untilDate":"2025-03-14"},{"location":{"location":"https://github.com/GeorgeSJ1869/ip.git","repoName":"ip","organization":"GeorgeSJ1869","domainName":"github"},"branch":"master","displayName":"GeorgeSJ1869/ip[master]","outputFolderName":"GeorgeSJ1869_ip_master","sinceDate":"2025-01-10","untilDate":"2025-03-14"},{"location":{"location":"https://github.com/Yikbing/ip.git","repoName":"ip","organization":"Yikbing","domainName":"github"},"branch":"master","displayName":"Yikbing/ip[master]","outputFolderName":"Yikbing_ip_master","sinceDate":"2025-01-10","untilDate":"2025-03-14"},{"location":{"location":"https://github.com/venicephua/ip.git","repoName":"ip","organization":"venicephua","domainName":"github"},"branch":"master","displayName":"venicephua/ip[master]","outputFolderName":"venicephua_ip_master","sinceDate":"2025-01-10","untilDate":"2025-03-14"},{"location":{"location":"https://github.com/pjahn31/ip.git","repoName":"ip","organization":"pjahn31","domainName":"github"},"branch":"master","displayName":"pjahn31/ip[master]","outputFolderName":"pjahn31_ip_master","sinceDate":"2025-01-10","untilDate":"2025-03-14"},{"location":{"location":"https://github.com/KeerthanaBanukumar/ip.git","repoName":"ip","organization":"KeerthanaBanukumar","domainName":"github"},"branch":"master","displayName":"KeerthanaBanukumar/ip[master]","outputFolderName":"KeerthanaBanukumar_ip_master","sinceDate":"2025-01-10","untilDate":"2025-03-14"},{"location":{"location":"https://github.com/prathisttam/ip.git","repoName":"ip","organization":"prathisttam","domainName":"github"},"branch":"master","displayName":"prathisttam/ip[master]","outputFolderName":"prathisttam_ip_master","sinceDate":"2025-01-10","untilDate":"2025-03-14"},{"location":{"location":"https://github.com/NandhithaShree/ip.git","repoName":"ip","organization":"NandhithaShree","domainName":"github"},"branch":"master","displayName":"NandhithaShree/ip[master]","outputFolderName":"NandhithaShree_ip_master","sinceDate":"2025-01-10","untilDate":"2025-03-14"},{"location":{"location":"https://github.com/xiaohan28/ip.git","repoName":"ip","organization":"xiaohan28","domainName":"github"},"branch":"master","displayName":"xiaohan28/ip[master]","outputFolderName":"xiaohan28_ip_master","sinceDate":"2025-01-10","untilDate":"2025-03-14"},{"location":{"location":"https://github.com/limleyhooi/ip.git","repoName":"ip","organization":"limleyhooi","domainName":"github"},"branch":"master","displayName":"limleyhooi/ip[master]","outputFolderName":"limleyhooi_ip_master","sinceDate":"2025-01-10","untilDate":"2025-03-14"},{"location":{"location":"https://github.com/clj55/ip.git","repoName":"ip","organization":"clj55","domainName":"github"},"branch":"master","displayName":"clj55/ip[master]","outputFolderName":"clj55_ip_master","sinceDate":"2025-01-10","untilDate":"2025-03-14"},{"location":{"location":"https://github.com/cj143n/ip.git","repoName":"ip","organization":"cj143n","domainName":"github"},"branch":"master","displayName":"cj143n/ip[master]","outputFolderName":"cj143n_ip_master","sinceDate":"2025-01-10","untilDate":"2025-03-14"},{"location":{"location":"https://github.com/chuanhuiw/ip.git","repoName":"ip","organization":"chuanhuiw","domainName":"github"},"branch":"master","displayName":"chuanhuiw/ip[master]","outputFolderName":"chuanhuiw_ip_master","sinceDate":"2025-01-10","untilDate":"2025-03-14"},{"location":{"location":"https://github.com/lys2333/ip.git","repoName":"ip","organization":"lys2333","domainName":"github"},"branch":"master","displayName":"lys2333/ip[master]","outputFolderName":"lys2333_ip_master","sinceDate":"2025-01-10","untilDate":"2025-03-14"},{"location":{"location":"https://github.com/yeeern27/ip.git","repoName":"ip","organization":"yeeern27","domainName":"github"},"branch":"master","displayName":"yeeern27/ip[master]","outputFolderName":"yeeern27_ip_master","sinceDate":"2025-01-10","untilDate":"2025-03-14"},{"location":{"location":"https://github.com/OliverQiL/ip.git","repoName":"ip","organization":"OliverQiL","domainName":"github"},"branch":"master","displayName":"OliverQiL/ip[master]","outputFolderName":"OliverQiL_ip_master","sinceDate":"2025-01-10","untilDate":"2025-03-14"},{"location":{"location":"https://github.com/szeyingg/ip.git","repoName":"ip","organization":"szeyingg","domainName":"github"},"branch":"master","displayName":"szeyingg/ip[master]","outputFolderName":"szeyingg_ip_master","sinceDate":"2025-01-10","untilDate":"2025-03-14"},{"location":{"location":"https://github.com/Carlton369/ip.git","repoName":"ip","organization":"Carlton369","domainName":"github"},"branch":"master","displayName":"Carlton369/ip[master]","outputFolderName":"Carlton369_ip_master","sinceDate":"2025-01-10","untilDate":"2025-03-14"},{"location":{"location":"https://github.com/Ahmish15/ip.git","repoName":"ip","organization":"Ahmish15","domainName":"github"},"branch":"master","displayName":"Ahmish15/ip[master]","outputFolderName":"Ahmish15_ip_master","sinceDate":"2025-01-10","untilDate":"2025-03-14"},{"location":{"location":"https://github.com/Ashertan256/ip.git","repoName":"ip","organization":"Ashertan256","domainName":"github"},"branch":"master","displayName":"Ashertan256/ip[master]","outputFolderName":"Ashertan256_ip_master","sinceDate":"2025-01-10","untilDate":"2025-03-14"},{"location":{"location":"https://github.com/Jonathan2745/ip.git","repoName":"ip","organization":"Jonathan2745","domainName":"github"},"branch":"master","displayName":"Jonathan2745/ip[master]","outputFolderName":"Jonathan2745_ip_master","sinceDate":"2025-01-10","untilDate":"2025-03-14"},{"location":{"location":"https://github.com/jxromy/ip.git","repoName":"ip","organization":"jxromy","domainName":"github"},"branch":"master","displayName":"jxromy/ip[master]","outputFolderName":"jxromy_ip_master","sinceDate":"2025-01-10","untilDate":"2025-03-14"},{"location":{"location":"https://github.com/Stevexchia/ip.git","repoName":"ip","organization":"Stevexchia","domainName":"github"},"branch":"master","displayName":"Stevexchia/ip[master]","outputFolderName":"Stevexchia_ip_master","sinceDate":"2025-01-10","untilDate":"2025-03-14"},{"location":{"location":"https://github.com/HuaZhenting/ip.git","repoName":"ip","organization":"HuaZhenting","domainName":"github"},"branch":"master","displayName":"HuaZhenting/ip[master]","outputFolderName":"HuaZhenting_ip_master","sinceDate":"2025-01-10","untilDate":"2025-03-14"},{"location":{"location":"https://github.com/yx-tzzz/ip.git","repoName":"ip","organization":"yx-tzzz","domainName":"github"},"branch":"master","displayName":"yx-tzzz/ip[master]","outputFolderName":"yx-tzzz_ip_master","sinceDate":"2025-01-10","untilDate":"2025-03-14"},{"location":{"location":"https://github.com/xyanjun02/ip.git","repoName":"ip","organization":"xyanjun02","domainName":"github"},"branch":"master","displayName":"xyanjun02/ip[master]","outputFolderName":"xyanjun02_ip_master","sinceDate":"2025-01-10","untilDate":"2025-03-14"},{"location":{"location":"https://github.com/Phua-Lock-Hian/ip.git","repoName":"ip","organization":"Phua-Lock-Hian","domainName":"github"},"branch":"master","displayName":"Phua-Lock-Hian/ip[master]","outputFolderName":"Phua-Lock-Hian_ip_master","sinceDate":"2025-01-10","untilDate":"2025-03-14"},{"location":{"location":"https://github.com/jenmarieng/ip.git","repoName":"ip","organization":"jenmarieng","domainName":"github"},"branch":"master","displayName":"jenmarieng/ip[master]","outputFolderName":"jenmarieng_ip_master","sinceDate":"2025-01-10","untilDate":"2025-03-14"},{"location":{"location":"https://github.com/ChingWhee/ip.git","repoName":"ip","organization":"ChingWhee","domainName":"github"},"branch":"master","displayName":"ChingWhee/ip[master]","outputFolderName":"ChingWhee_ip_master","sinceDate":"2025-01-10","untilDate":"2025-03-14"},{"location":{"location":"https://github.com/nictzl/ip.git","repoName":"ip","organization":"nictzl","domainName":"github"},"branch":"master","displayName":"nictzl/ip[master]","outputFolderName":"nictzl_ip_master","sinceDate":"2025-01-10","untilDate":"2025-03-14"},{"location":{"location":"https://github.com/theertha120/ip.git","repoName":"ip","organization":"theertha120","domainName":"github"},"branch":"master","displayName":"theertha120/ip[master]","outputFolderName":"theertha120_ip_master","sinceDate":"2025-01-10","untilDate":"2025-03-14"},{"location":{"location":"https://github.com/SahejAgarwal05/ip.git","repoName":"ip","organization":"SahejAgarwal05","domainName":"github"},"branch":"master","displayName":"SahejAgarwal05/ip[master]","outputFolderName":"SahejAgarwal05_ip_master","sinceDate":"2025-01-10","untilDate":"2025-03-14"},{"location":{"location":"https://github.com/rodi-314/ip.git","repoName":"ip","organization":"rodi-314","domainName":"github"},"branch":"master","displayName":"rodi-314/ip[master]","outputFolderName":"rodi-314_ip_master","sinceDate":"2025-01-10","untilDate":"2025-03-14"},{"location":{"location":"https://github.com/ojassurana/ip.git","repoName":"ip","organization":"ojassurana","domainName":"github"},"branch":"master","displayName":"ojassurana/ip[master]","outputFolderName":"ojassurana_ip_master","sinceDate":"2025-01-10","untilDate":"2025-03-14"},{"location":{"location":"https://github.com/yok2086/ip.git","repoName":"ip","organization":"yok2086","domainName":"github"},"branch":"master","displayName":"yok2086/ip[master]","outputFolderName":"yok2086_ip_master","sinceDate":"2025-01-10","untilDate":"2025-03-14"},{"location":{"location":"https://github.com/Lukapeng77/ip.git","repoName":"ip","organization":"Lukapeng77","domainName":"github"},"branch":"master","displayName":"Lukapeng77/ip[master]","outputFolderName":"Lukapeng77_ip_master","sinceDate":"2025-01-10","untilDate":"2025-03-14"},{"location":{"location":"https://github.com/jyukuan/ip.git","repoName":"ip","organization":"jyukuan","domainName":"github"},"branch":"master","displayName":"jyukuan/ip[master]","outputFolderName":"jyukuan_ip_master","sinceDate":"2025-01-10","untilDate":"2025-03-14"},{"location":{"location":"https://github.com/hyunjinkim1112/ip.git","repoName":"ip","organization":"hyunjinkim1112","domainName":"github"},"branch":"master","displayName":"hyunjinkim1112/ip[master]","outputFolderName":"hyunjinkim1112_ip_master","sinceDate":"2025-01-10","untilDate":"2025-03-14"},{"location":{"location":"https://github.com/roshnidaksha/ip.git","repoName":"ip","organization":"roshnidaksha","domainName":"github"},"branch":"master","displayName":"roshnidaksha/ip[master]","outputFolderName":"roshnidaksha_ip_master","sinceDate":"2025-01-10","untilDate":"2025-03-14"},{"location":{"location":"https://github.com/nandhananm7/ip.git","repoName":"ip","organization":"nandhananm7","domainName":"github"},"branch":"master","displayName":"nandhananm7/ip[master]","outputFolderName":"nandhananm7_ip_master","sinceDate":"2025-01-10","untilDate":"2025-03-14"},{"location":{"location":"https://github.com/himethcodes/ip.git","repoName":"ip","organization":"himethcodes","domainName":"github"},"branch":"master","displayName":"himethcodes/ip[master]","outputFolderName":"himethcodes_ip_master","sinceDate":"2025-01-10","untilDate":"2025-03-14"},{"location":{"location":"https://github.com/xiaojielei/ip.git","repoName":"ip","organization":"xiaojielei","domainName":"github"},"branch":"master","displayName":"xiaojielei/ip[master]","outputFolderName":"xiaojielei_ip_master","sinceDate":"2025-01-10","untilDate":"2025-03-14"},{"location":{"location":"https://github.com/JudHoka/ip.git","repoName":"ip","organization":"JudHoka","domainName":"github"},"branch":"master","displayName":"JudHoka/ip[master]","outputFolderName":"JudHoka_ip_master","sinceDate":"2025-01-10","untilDate":"2025-03-14"},{"location":{"location":"https://github.com/LeThiHongMinh/ip.git","repoName":"ip","organization":"LeThiHongMinh","domainName":"github"},"branch":"master","displayName":"LeThiHongMinh/ip[master]","outputFolderName":"LeThiHongMinh_ip_master","sinceDate":"2025-01-10","untilDate":"2025-03-14"},{"location":{"location":"https://github.com/chwenyee/ip.git","repoName":"ip","organization":"chwenyee","domainName":"github"},"branch":"master","displayName":"chwenyee/ip[master]","outputFolderName":"chwenyee_ip_master","sinceDate":"2025-01-10","untilDate":"2025-03-14"},{"location":{"location":"https://github.com/ravi-viswa105/ip.git","repoName":"ip","organization":"ravi-viswa105","domainName":"github"},"branch":"master","displayName":"ravi-viswa105/ip[master]","outputFolderName":"ravi-viswa105_ip_master","sinceDate":"2025-01-10","untilDate":"2025-03-14"},{"location":{"location":"https://github.com/juneja999/ip.git","repoName":"ip","organization":"juneja999","domainName":"github"},"branch":"master","displayName":"juneja999/ip[master]","outputFolderName":"juneja999_ip_master","sinceDate":"2025-01-10","untilDate":"2025-03-14"},{"location":{"location":"https://github.com/edwardrl101/ip.git","repoName":"ip","organization":"edwardrl101","domainName":"github"},"branch":"master","displayName":"edwardrl101/ip[master]","outputFolderName":"edwardrl101_ip_master","sinceDate":"2025-01-10","untilDate":"2025-03-14"},{"location":{"location":"https://github.com/thienkimtranhoang/ip.git","repoName":"ip","organization":"thienkimtranhoang","domainName":"github"},"branch":"master","displayName":"thienkimtranhoang/ip[master]","outputFolderName":"thienkimtranhoang_ip_master","sinceDate":"2025-01-10","untilDate":"2025-03-14"},{"location":{"location":"https://github.com/kagiura/ip.git","repoName":"ip","organization":"kagiura","domainName":"github"},"branch":"master","displayName":"kagiura/ip[master]","outputFolderName":"kagiura_ip_master","sinceDate":"2025-01-10","untilDate":"2025-03-14"},{"location":{"location":"https://github.com/Basudeb2005/ip.git","repoName":"ip","organization":"Basudeb2005","domainName":"github"},"branch":"master","displayName":"Basudeb2005/ip[master]","outputFolderName":"Basudeb2005_ip_master","sinceDate":"2025-01-10","untilDate":"2025-03-14"},{"location":{"location":"https://github.com/nmarwah7/ip.git","repoName":"ip","organization":"nmarwah7","domainName":"github"},"branch":"master","displayName":"nmarwah7/ip[master]","outputFolderName":"nmarwah7_ip_master","sinceDate":"2025-01-10","untilDate":"2025-03-14"},{"location":{"location":"https://github.com/manavm12/ip.git","repoName":"ip","organization":"manavm12","domainName":"github"},"branch":"master","displayName":"manavm12/ip[master]","outputFolderName":"manavm12_ip_master","sinceDate":"2025-01-10","untilDate":"2025-03-14"},{"location":{"location":"https://github.com/vihaan27/ip.git","repoName":"ip","organization":"vihaan27","domainName":"github"},"branch":"master","displayName":"vihaan27/ip[master]","outputFolderName":"vihaan27_ip_master","sinceDate":"2025-01-10","untilDate":"2025-03-14"},{"location":{"location":"https://github.com/HalFentise/ip.git","repoName":"ip","organization":"HalFentise","domainName":"github"},"branch":"master","displayName":"HalFentise/ip[master]","outputFolderName":"HalFentise_ip_master","sinceDate":"2025-01-10","untilDate":"2025-03-14"},{"location":{"location":"https://github.com/lishunyang12/ip.git","repoName":"ip","organization":"lishunyang12","domainName":"github"},"branch":"master","displayName":"lishunyang12/ip[master]","outputFolderName":"lishunyang12_ip_master","sinceDate":"2025-01-10","untilDate":"2025-03-14"},{"location":{"location":"https://github.com/jing-yen/ip.git","repoName":"ip","organization":"jing-yen","domainName":"github"},"branch":"master","displayName":"jing-yen/ip[master]","outputFolderName":"jing-yen_ip_master","sinceDate":"2025-01-10","untilDate":"2025-03-14"},{"location":{"location":"https://github.com/yangyi-zhu/ip.git","repoName":"ip","organization":"yangyi-zhu","domainName":"github"},"branch":"master","displayName":"yangyi-zhu/ip[master]","outputFolderName":"yangyi-zhu_ip_master","sinceDate":"2025-01-10","untilDate":"2025-03-14"},{"location":{"location":"https://github.com/kemilii/ip.git","repoName":"ip","organization":"kemilii","domainName":"github"},"branch":"master","displayName":"kemilii/ip[master]","outputFolderName":"kemilii_ip_master","sinceDate":"2025-01-10","untilDate":"2025-03-14"},{"location":{"location":"https://github.com/gitHST/ip.git","repoName":"ip","organization":"gitHST","domainName":"github"},"branch":"master","displayName":"gitHST/ip[master]","outputFolderName":"gitHST_ip_master","sinceDate":"2025-01-10","untilDate":"2025-03-14"},{"location":{"location":"https://github.com/noradazaperez/ip.git","repoName":"ip","organization":"noradazaperez","domainName":"github"},"branch":"master","displayName":"noradazaperez/ip[master]","outputFolderName":"noradazaperez_ip_master","sinceDate":"2025-01-10","untilDate":"2025-03-14"},{"location":{"location":"https://github.com/sweetFish8/ip.git","repoName":"ip","organization":"sweetFish8","domainName":"github"},"branch":"master","displayName":"sweetFish8/ip[master]","outputFolderName":"sweetFish8_ip_master","sinceDate":"2025-01-10","untilDate":"2025-03-14"},{"location":{"location":"https://github.com/laitcanard05/ip.git","repoName":"ip","organization":"laitcanard05","domainName":"github"},"branch":"master","displayName":"laitcanard05/ip[master]","outputFolderName":"laitcanard05_ip_master","sinceDate":"2025-01-10","untilDate":"2025-03-14"},{"location":{"location":"https://github.com/K-J-Q/ip.git","repoName":"ip","organization":"K-J-Q","domainName":"github"},"branch":"master","displayName":"K-J-Q/ip[master]","outputFolderName":"K-J-Q_ip_master","sinceDate":"2025-01-10","untilDate":"2025-03-14"},{"location":{"location":"https://github.com/CRL006/ip.git","repoName":"ip","organization":"CRL006","domainName":"github"},"branch":"master","displayName":"CRL006/ip[master]","outputFolderName":"CRL006_ip_master","sinceDate":"2025-01-10","untilDate":"2025-03-14"},{"location":{"location":"https://github.com/HTY2003/ip.git","repoName":"ip","organization":"HTY2003","domainName":"github"},"branch":"master","displayName":"HTY2003/ip[master]","outputFolderName":"HTY2003_ip_master","sinceDate":"2025-01-10","untilDate":"2025-03-14"},{"location":{"location":"https://github.com/shira421/ip.git","repoName":"ip","organization":"shira421","domainName":"github"},"branch":"master","displayName":"shira421/ip[master]","outputFolderName":"shira421_ip_master","sinceDate":"2025-01-10","untilDate":"2025-03-14"},{"location":{"location":"https://github.com/AnotherSACE/ip.git","repoName":"ip","organization":"AnotherSACE","domainName":"github"},"branch":"master","displayName":"AnotherSACE/ip[master]","outputFolderName":"AnotherSACE_ip_master","sinceDate":"2025-01-10","untilDate":"2025-03-14"},{"location":{"location":"https://github.com/Lydialkx/ip.git","repoName":"ip","organization":"Lydialkx","domainName":"github"},"branch":"master","displayName":"Lydialkx/ip[master]","outputFolderName":"Lydialkx_ip_master","sinceDate":"2025-01-10","untilDate":"2025-03-14"},{"location":{"location":"https://github.com/jessican1212/ip.git","repoName":"ip","organization":"jessican1212","domainName":"github"},"branch":"master","displayName":"jessican1212/ip[master]","outputFolderName":"jessican1212_ip_master","sinceDate":"2025-01-10","untilDate":"2025-03-14"},{"location":{"location":"https://github.com/kevinchangckc/ip.git","repoName":"ip","organization":"kevinchangckc","domainName":"github"},"branch":"master","displayName":"kevinchangckc/ip[master]","outputFolderName":"kevinchangckc_ip_master","sinceDate":"2025-01-10","untilDate":"2025-03-14"},{"location":{"location":"https://github.com/jhu0748/ip.git","repoName":"ip","organization":"jhu0748","domainName":"github"},"branch":"master","displayName":"jhu0748/ip[master]","outputFolderName":"jhu0748_ip_master","sinceDate":"2025-01-10","untilDate":"2025-03-14"},{"location":{"location":"https://github.com/terryasdf/ip.git","repoName":"ip","organization":"terryasdf","domainName":"github"},"branch":"master","displayName":"terryasdf/ip[master]","outputFolderName":"terryasdf_ip_master","sinceDate":"2025-01-10","untilDate":"2025-03-14"},{"location":{"location":"https://github.com/randust/ip.git","repoName":"ip","organization":"randust","domainName":"github"},"branch":"master","displayName":"randust/ip[master]","outputFolderName":"randust_ip_master","sinceDate":"2025-01-10","untilDate":"2025-03-14"},{"location":{"location":"https://github.com/paklongchiu/ip.git","repoName":"ip","organization":"paklongchiu","domainName":"github"},"branch":"master","displayName":"paklongchiu/ip[master]","outputFolderName":"paklongchiu_ip_master","sinceDate":"2025-01-10","untilDate":"2025-03-14"},{"location":{"location":"https://github.com/xubin0/ip.git","repoName":"ip","organization":"xubin0","domainName":"github"},"branch":"master","displayName":"xubin0/ip[master]","outputFolderName":"xubin0_ip_master","sinceDate":"2025-01-10","untilDate":"2025-03-14"},{"location":{"location":"https://github.com/choiak/ip.git","repoName":"ip","organization":"choiak","domainName":"github"},"branch":"master","displayName":"choiak/ip[master]","outputFolderName":"choiak_ip_master","sinceDate":"2025-01-10","untilDate":"2025-03-14"},{"location":{"location":"https://github.com/Lyam-T/ip.git","repoName":"ip","organization":"Lyam-T","domainName":"github"},"branch":"master","displayName":"Lyam-T/ip[master]","outputFolderName":"Lyam-T_ip_master","sinceDate":"2025-01-10","untilDate":"2025-03-14"},{"location":{"location":"https://github.com/rchlai/ip.git","repoName":"ip","organization":"rchlai","domainName":"github"},"branch":"master","displayName":"rchlai/ip[master]","outputFolderName":"rchlai_ip_master","sinceDate":"2025-01-10","untilDate":"2025-03-14"},{"location":{"location":"https://github.com/yyingg-243/ip.git","repoName":"ip","organization":"yyingg-243","domainName":"github"},"branch":"master","displayName":"yyingg-243/ip[master]","outputFolderName":"yyingg-243_ip_master","sinceDate":"2025-01-10","untilDate":"2025-03-14"},{"location":{"location":"https://github.com/rozaliesmit/ip.git","repoName":"ip","organization":"rozaliesmit","domainName":"github"},"branch":"master","displayName":"rozaliesmit/ip[master]","outputFolderName":"rozaliesmit_ip_master","sinceDate":"2025-01-10","untilDate":"2025-03-14"},{"location":{"location":"https://github.com/melee01/ip.git","repoName":"ip","organization":"melee01","domainName":"github"},"branch":"master","displayName":"melee01/ip[master]","outputFolderName":"melee01_ip_master","sinceDate":"2025-01-10","untilDate":"2025-03-14"},{"location":{"location":"https://github.com/J030104/ip.git","repoName":"ip","organization":"J030104","domainName":"github"},"branch":"master","displayName":"J030104/ip[master]","outputFolderName":"J030104_ip_master","sinceDate":"2025-01-10","untilDate":"2025-03-14"},{"location":{"location":"https://github.com/je-nnyt/ip.git","repoName":"ip","organization":"je-nnyt","domainName":"github"},"branch":"master","displayName":"je-nnyt/ip[master]","outputFolderName":"je-nnyt_ip_master","sinceDate":"2025-01-10","untilDate":"2025-03-14"},{"location":{"location":"https://github.com/Jason-Hp/ip.git","repoName":"ip","organization":"Jason-Hp","domainName":"github"},"branch":"master","displayName":"Jason-Hp/ip[master]","outputFolderName":"Jason-Hp_ip_master","sinceDate":"2025-01-10","untilDate":"2025-03-14"},{"location":{"location":"https://github.com/IgoyAI/ip.git","repoName":"ip","organization":"IgoyAI","domainName":"github"},"branch":"master","displayName":"IgoyAI/ip[master]","outputFolderName":"IgoyAI_ip_master","sinceDate":"2025-01-10","untilDate":"2025-03-14"},{"location":{"location":"https://github.com/TiangSoonYong/ip.git","repoName":"ip","organization":"TiangSoonYong","domainName":"github"},"branch":"master","displayName":"TiangSoonYong/ip[master]","outputFolderName":"TiangSoonYong_ip_master","sinceDate":"2025-01-10","untilDate":"2025-03-14"}],"errorSet":[],"sinceDate":"2025-01-10","untilDate":"2025-03-14","isSinceDateProvided":true,"isUntilDateProvided":false,"supportedDomainUrlMap":{"NOT_RECOGNIZED":{"BRANCH":"","REPO_URL":"UNSUPPORTED","BASE_URL":"UNSUPPORTED","HISTORY_PATH":"","COMMIT_PATH":"","BLAME_PATH":""},"github":{"BRANCH":"tree/$BRANCH","REPO_URL":"https://github.com/$ORGANIZATION/$REPO_NAME/","BASE_URL":"https://github.com/","HISTORY_PATH":"commits/$BRANCH/$FILE_PATH","COMMIT_PATH":"commit/$COMMIT_HASH","BLAME_PATH":"blame/$BRANCH/$FILE_PATH"}},"isAuthorshipAnalyzed":false,"blurbs":{"urlBlurbMap":{}},"isPortfolio":false}
