{"authorDailyContributionsMap":{"Charly2312":[{"date":"2025-01-24","commitResults":[{"hash":"ed52d027b392dfdc048f26a1152be1262bfaec03","isMergeCommit":false,"messageTitle":"change the code to greeting and bye. New chatbot name is Aples","messageBody":"","tags":["Level-0"],"fileTypesAndContributionMap":{"java":{"insertions":19,"deletions":10}}}]},{"date":"2025-01-30","commitResults":[{"hash":"cca58b6cb425ed5d1dbe8beb48f04a4b205d76da","isMergeCommit":false,"messageTitle":"change the code to have a separate function to printBye and printGreeting. It also repeats the word or line keyed in unless it is \"bye\" which will leave the chatbot","messageBody":"","tags":["Level-1"],"fileTypesAndContributionMap":{"java":{"insertions":37,"deletions":7}}},{"hash":"c7dc115550411544850e1bbc922df64becc2a657","isMergeCommit":false,"messageTitle":"Wrote a code to add things into the list and print out the list when required. This is under the assumption that no action are repeated","messageBody":"","tags":["Level-2"],"fileTypesAndContributionMap":{"java":{"insertions":18,"deletions":3}}},{"hash":"3f85c21ff57ff9c171b8c732b716cc1b57b9b28d","isMergeCommit":false,"messageTitle":"Level - 3. Made a new class called task for each specific task with its mark (done or not done) and designed a new logo for APLES.","messageBody":"","tags":["Level-3","A-CodingStandard","A-Classes"],"fileTypesAndContributionMap":{"java":{"insertions":78,"deletions":16}}}]},{"date":"2025-02-05","commitResults":[{"hash":"c81b7eb83c03e66decedd958aa6d903d949d62ba","isMergeCommit":false,"messageTitle":"Made new classes Todo, Deadline and Event which are inherited from superclass Task. Each of them have override function toString().","messageBody":"","tags":["Level-4","A-CodeQuality"],"fileTypesAndContributionMap":{"java":{"insertions":193,"deletions":60}}},{"hash":"162b59d97c03ba8afb4243578ee88488df5c93f1","isMergeCommit":false,"messageTitle":"Attempted to do the automated textui-test by changing input.txt and EXPECTED.txt","messageBody":"","tags":["A-TextUiTesting"],"fileTypesAndContributionMap":{"txt":{"insertions":15,"deletions":0}}}]},{"date":"2025-02-13","commitResults":[{"hash":"f0ed538c27cbfa52a875f25bc886bf6fbcaa826e","isMergeCommit":false,"messageTitle":"attempted to make a new package","messageBody":"","fileTypesAndContributionMap":{"java":{"insertions":1,"deletions":83}}},{"hash":"5ca128f2e28f802ac5116c9008c8d64db265eefc","isMergeCommit":false,"messageTitle":"Handled errors for empty description and if no keyword is detected","messageBody":"","tags":["Level-5","A-Packages","A-Exceptions"],"fileTypesAndContributionMap":{"txt":{"insertions":1,"deletions":1},"java":{"insertions":150,"deletions":34},"bat":{"insertions":1,"deletions":1}}},{"hash":"4778176e51b38563bb46c1a3b5b62083d08e580b","isMergeCommit":true,"messageTitle":"Merge pull request #1 from Charly2312/branch-Level-5","messageBody":"Branch level 5","fileTypesAndContributionMap":{}},{"hash":"554551b466d530f19b8c6f13ff65de39eb14e647","isMergeCommit":false,"messageTitle":"Made some changes to refactor the codes into a class in a package","messageBody":"","fileTypesAndContributionMap":{"txt":{"insertions":1,"deletions":1},"java":{"insertions":61,"deletions":61}}},{"hash":"8314540258674db5d47ce051f02ff9b18caf92c9","isMergeCommit":true,"messageTitle":"Merge pull request #3 from Charly2312/branch-Level-5","messageBody":"Made some changes to refactor the codes into a class in a package","fileTypesAndContributionMap":{}}]},{"date":"2025-02-21","commitResults":[{"hash":"68a493a8b90079e032164227a61d41dab392f56c","isMergeCommit":false,"messageTitle":"change from array to ArrayList. Refactor the code to use ArrayList. Added delete function","messageBody":"","tags":["Level-6","A-Collections"],"fileTypesAndContributionMap":{"java":{"insertions":42,"deletions":21}}},{"hash":"20d3769b5517f96aa209dfc433a648354a02d506","isMergeCommit":false,"messageTitle":"add some comment","messageBody":"","fileTypesAndContributionMap":{"java":{"insertions":1,"deletions":1}}},{"hash":"caf95b153ab1c9299f71749e57eb673deb5fdf7b","isMergeCommit":false,"messageTitle":"Able to copy contents from the file. Edit the file and update upon deletion of a task by overwriting. Did some error handling","messageBody":"","tags":["Level-7","A-Jar"],"fileTypesAndContributionMap":{"txt":{"insertions":4,"deletions":0},"java":{"insertions":188,"deletions":18}}},{"hash":"0e924afe95821b3511a773f00a713bdaaff6c51f","isMergeCommit":true,"messageTitle":"Merge pull request #4 from Charly2312/branch-Level-6","messageBody":"add some comment","fileTypesAndContributionMap":{}},{"hash":"736573c960ae73a69b4a390c4b2acc347b192bdb","isMergeCommit":true,"messageTitle":"Merge pull request #5 from Charly2312/branch-Level-7","messageBody":"Able to copy contents from the file. Edit the file and update upon de…","fileTypesAndContributionMap":{}},{"hash":"b9fafb4ae3ce44357fe10d9565d35d08ef4a351d","isMergeCommit":false,"messageTitle":"Did some error handling if no file exist, then a new file weill be created. Also handled error if I want to delete a task with index \u003e size of list","messageBody":"","fileTypesAndContributionMap":{"txt":{"insertions":4,"deletions":0},"java":{"insertions":47,"deletions":24}}},{"hash":"d92adfe9f3fb6d87469e0cc95c481b89f765081d","isMergeCommit":true,"messageTitle":"Merge pull request #6 from Charly2312/branch-Level-7","messageBody":"Did some error handling if no file exist, then a new file will be cr…","tags":["v0.1"],"fileTypesAndContributionMap":{}}]},{"date":"2025-03-06","commitResults":[{"hash":"6002dd4fcb0d76a31f3cba918ffe13859e0e2f9d","isMergeCommit":false,"messageTitle":"tidied up some of the codes by moviing some functions into an existing class or a new class called \"parser\"","messageBody":"","tags":["A-MoreOOP"],"fileTypesAndContributionMap":{"txt":{"insertions":2,"deletions":0},"java":{"insertions":98,"deletions":86}}},{"hash":"1dbc3873089c3b2211b8152dddd0860f47720d21","isMergeCommit":true,"messageTitle":"Merge branch \u0027master\u0027 into branch-Level-7","messageBody":"","fileTypesAndContributionMap":{}},{"hash":"e903e972f614e059bf98b6ba791eb6686b8d8c87","isMergeCommit":true,"messageTitle":"Merge pull request #7 from Charly2312/branch-Level-7","messageBody":"tidied up some of the codes by moviing some functions into an existin…","fileTypesAndContributionMap":{}},{"hash":"8338a1abfc111a6087e926a69dda232d600e199a","isMergeCommit":false,"messageTitle":"created a new function to find certain tasks with a certain keyword","messageBody":"","tags":["Level-9"],"fileTypesAndContributionMap":{"java":{"insertions":15,"deletions":5}}},{"hash":"3cd596ad0ddd23b8b73af82d61a122ef0f35acaf","isMergeCommit":true,"messageTitle":"Merge pull request #8 from Charly2312/branch-Level-9","messageBody":"created a new function to find certain tasks with a certain keyword","fileTypesAndContributionMap":{}},{"hash":"664641dc42c5851a94df125695ee9582dab69e53","isMergeCommit":false,"messageTitle":"created new header comments on functions that are not that obvious","messageBody":"","tags":["A-JavaDoc"],"fileTypesAndContributionMap":{"java":{"insertions":4,"deletions":2}}},{"hash":"60679376b3ba5b79a703692894994f95cf7294cd","isMergeCommit":true,"messageTitle":"Merge pull request #9 from Charly2312/branch-A-JavaDoc","messageBody":"created new header comments on functions that are not that obvious","fileTypesAndContributionMap":{}},{"hash":"2be3a363c09ae9662319af15c6463f12a110ab53","isMergeCommit":false,"messageTitle":"Saved deadline dates using LocalDateTime","messageBody":"","tags":["Level-8"],"fileTypesAndContributionMap":{"txt":{"insertions":4,"deletions":3},"java":{"insertions":26,"deletions":8}}},{"hash":"644c1cac34a141c4e68dc19e81c2dba25070671c","isMergeCommit":true,"messageTitle":"Merge pull request #10 from Charly2312/Branch-Level-8","messageBody":"Saved deadline dates using LocalDateTime","fileTypesAndContributionMap":{}},{"hash":"bf8d9e6be3dc391870c7258a671d498b0c4d7f3a","isMergeCommit":false,"messageTitle":"no message","messageBody":"","fileTypesAndContributionMap":{"txt":{"insertions":4,"deletions":3}}},{"hash":"ba4dd7bade1848b19a0d73c9e6cee9a6e71ec349","isMergeCommit":true,"messageTitle":"Merge branch \u0027master\u0027 of https://github.com/Charly2312/ip","messageBody":"","fileTypesAndContributionMap":{}}]},{"date":"2025-03-07","commitResults":[{"hash":"3d4940fd45c56a38671294a25ecd51ebabcd748c","isMergeCommit":false,"messageTitle":"Update README.md","messageBody":"","fileTypesAndContributionMap":{"md":{"insertions":2,"deletions":2}}},{"hash":"ebf06c3beea01cfe7bc9174bca4015d2cc4dd96d","isMergeCommit":false,"messageTitle":"Update README.md","messageBody":"","fileTypesAndContributionMap":{"md":{"insertions":2,"deletions":2}}},{"hash":"63924797f97e778d8b38387f05b854281a2bc54e","isMergeCommit":false,"messageTitle":"Update README.md","messageBody":"","fileTypesAndContributionMap":{"md":{"insertions":26,"deletions":3}}},{"hash":"4aeac59a398f9724a9426e075250bdc9d118b2e2","isMergeCommit":false,"messageTitle":"Update README.md","messageBody":"added all the features description","fileTypesAndContributionMap":{"md":{"insertions":39,"deletions":2}}},{"hash":"866072f8f8dd1238479c19a30fd817b4a20e45e1","isMergeCommit":false,"messageTitle":"Update README.md","messageBody":"","fileTypesAndContributionMap":{"md":{"insertions":13,"deletions":10}}},{"hash":"1d36d033f03714aa0eb0e03da1a4393b7a1b659e","isMergeCommit":false,"messageTitle":"Update README.md","messageBody":"","fileTypesAndContributionMap":{"md":{"insertions":11,"deletions":5}}},{"hash":"86742d00e17ff567fbb2325126e6a2faf4796899","isMergeCommit":false,"messageTitle":"Update README.md","messageBody":"","fileTypesAndContributionMap":{"md":{"insertions":44,"deletions":12}}},{"hash":"aa7dc07f1688f1426c2978c0ee544abbb114c6bc","isMergeCommit":false,"messageTitle":"Update README.md","messageBody":"","fileTypesAndContributionMap":{"md":{"insertions":132,"deletions":32}}},{"hash":"b771f09c83ea13d15df6218125dbff7a0723ae42","isMergeCommit":false,"messageTitle":"Update README.md","messageBody":"","fileTypesAndContributionMap":{"md":{"insertions":1,"deletions":1}}},{"hash":"9cf635056fbecfc3a696cdef6d7d4ff0ad53854f","isMergeCommit":false,"messageTitle":"Update README.md","messageBody":"","fileTypesAndContributionMap":{"md":{"insertions":1,"deletions":1}}},{"hash":"7edc7491ada38e45ba2697d9ae5775e8b36d28a7","isMergeCommit":false,"messageTitle":"Update README.md","messageBody":"","fileTypesAndContributionMap":{"md":{"insertions":252,"deletions":10}}},{"hash":"d0f9316695f539798d574b389017ef8fb1b1c992","isMergeCommit":false,"messageTitle":"Update README.md","messageBody":"","tags":["A-UserGuide"],"fileTypesAndContributionMap":{"md":{"insertions":2,"deletions":1}}},{"hash":"722a4ef34a6ca1c35c73972bbc040ecf767d18fd","isMergeCommit":true,"messageTitle":"Merge pull request #11 from Charly2312/A-UserGuide","messageBody":"Update README.md","tags":["v0.2"],"fileTypesAndContributionMap":{}},{"hash":"8dff733ae9b3ab3332d72210e96451060749bf28","isMergeCommit":false,"messageTitle":"change the names of come classes and functions while adding some header comments","messageBody":"","fileTypesAndContributionMap":{"txt":{"insertions":4,"deletions":7},"java":{"insertions":74,"deletions":95}}},{"hash":"33dc8e5177130c24651bc660b134fb01d3d08812","isMergeCommit":true,"messageTitle":"Merge pull request #12 from Charly2312/final-branch","messageBody":"Final branch","fileTypesAndContributionMap":{}}]}]},"authorFileTypeContributionMap":{"Charly2312":{"java":528,"md":453,"fxml":0,"sh":0,"bat":1,"gradle":0,"txt":23}},"authorContributionVariance":{"Charly2312":17087.72},"authorDisplayNameMap":{"Charly2312":"CS2113-F12-1 CHAR..NDRA"}}
