{"authorDailyContributionsMap":{"Phua-Lock-Hian":[{"date":"2025-01-18","commitResults":[{"hash":"c42666b9b0fb6033ee8e8d24ac1ae285f3e92abb","isMergeCommit":false,"messageTitle":"Increment: Level-0. Rename, Greet, Exit Changed chatbot name to Swing","messageBody":"","tags":["Level-0"],"fileTypesAndContributionMap":{"java":{"insertions":10,"deletions":10}}}]},{"date":"2025-01-25","commitResults":[{"hash":"25943e035c6e687e9f3b0cb6f87c13f2a17537c6","isMergeCommit":false,"messageTitle":"Level 1 Echo added","messageBody":"","tags":["Level-1"],"fileTypesAndContributionMap":{"java":{"insertions":24,"deletions":3}}},{"hash":"18ea0d7635fd95be85b9ee741450c86de5b30852","isMergeCommit":false,"messageTitle":"Level 2 List added","messageBody":"","tags":["Level-2"],"fileTypesAndContributionMap":{"java":{"insertions":39,"deletions":2}}},{"hash":"b71d43e217c93c908c26d728454a68f88b79a3cb","isMergeCommit":false,"messageTitle":"Level 3 Tasks, Marking and Unmarking added. Also added customized responses.","messageBody":"","tags":["Level-3"],"fileTypesAndContributionMap":{"java":{"insertions":63,"deletions":18}}}]},{"date":"2025-02-02","commitResults":[{"hash":"5d75fdc10b48bdea8343e03ff16b24cfbac35ab4","isMergeCommit":false,"messageTitle":"Level 4. ToDos, Events, Deadlines added support for events and deadlines. to further refine and refactor.","messageBody":"","tags":["Level-4"],"fileTypesAndContributionMap":{"java":{"insertions":95,"deletions":13}}}]},{"date":"2025-02-06","commitResults":[{"hash":"4daac34796a07b23471e973ff9acb8e812383225","isMergeCommit":false,"messageTitle":"edits according to PRs, bug fixes and code quality improvements","messageBody":"","tags":["A-CodingStandard","A-CodeQuality"],"fileTypesAndContributionMap":{"java":{"insertions":88,"deletions":35}}}]},{"date":"2025-02-08","commitResults":[{"hash":"f39cd5afbacfff21369f75e772589e5efed80b74","isMergeCommit":false,"messageTitle":"Level 5 added, handling errors using exceptions.","messageBody":"","tags":["A-Exceptions"],"fileTypesAndContributionMap":{"java":{"insertions":34,"deletions":17}}},{"hash":"29ce0e277667c52bfd1c699e359515f1811f470e","isMergeCommit":true,"messageTitle":"Merge branch \u0027branch-Level-5\u0027","messageBody":"","tags":["Level-5"],"fileTypesAndContributionMap":{}},{"hash":"24280d6e189fa2b41613fe7a7cb4924f8f672770","isMergeCommit":false,"messageTitle":"code refactor into packages","messageBody":"","fileTypesAndContributionMap":{"java":{"insertions":28,"deletions":12}}},{"hash":"f7be7720e8b1ed3cabbe4d073d2221f7ebefb579","isMergeCommit":true,"messageTitle":"Merge branch \u0027branch-A-Packages\u0027","messageBody":"","tags":["A-Packages"],"fileTypesAndContributionMap":{}}]}]},"authorFileTypeContributionMap":{"Phua-Lock-Hian":{"java":281,"md":0,"fxml":0,"sh":0,"bat":0,"gradle":0,"txt":0}},"authorContributionVariance":{"Phua-Lock-Hian":1654.632},"authorDisplayNameMap":{"Phua-Lock-Hian":"PHUA..HIAN"}}
