[{"path":"src/main/java/Deadline.java","fileType":"java","lines":[{"lineNumber":1,"author":{"gitId":"Isaaclks7"},"content":"public class Deadline extends Task {","lastModifiedDate":"2025-02-03","isFullCredit":false},{"lineNumber":2,"author":{"gitId":"Isaaclks7"},"content":"    private String deadline;","lastModifiedDate":"2025-02-03","isFullCredit":false},{"lineNumber":3,"author":{"gitId":"Isaaclks7"},"content":"","lastModifiedDate":"2025-02-03","isFullCredit":false},{"lineNumber":4,"author":{"gitId":"Isaaclks7"},"content":"    private static final String TYPE \u003d \"[D]\";","lastModifiedDate":"2025-02-03","isFullCredit":false},{"lineNumber":5,"author":{"gitId":"Isaaclks7"},"content":"","lastModifiedDate":"2025-02-03","isFullCredit":false},{"lineNumber":6,"author":{"gitId":"Isaaclks7"},"content":"    //Constructor","lastModifiedDate":"2025-02-03","isFullCredit":false},{"lineNumber":7,"author":{"gitId":"Isaaclks7"},"content":"    public Deadline(String description, String deadline) {","lastModifiedDate":"2025-02-03","isFullCredit":false},{"lineNumber":8,"author":{"gitId":"Isaaclks7"},"content":"        super(description);","lastModifiedDate":"2025-02-03","isFullCredit":false},{"lineNumber":9,"author":{"gitId":"Isaaclks7"},"content":"        this.deadline \u003d deadline;","lastModifiedDate":"2025-02-03","isFullCredit":false},{"lineNumber":10,"author":{"gitId":"Isaaclks7"},"content":"    }","lastModifiedDate":"2025-02-03","isFullCredit":false},{"lineNumber":11,"author":{"gitId":"Isaaclks7"},"content":"","lastModifiedDate":"2025-02-03","isFullCredit":false},{"lineNumber":12,"author":{"gitId":"Isaaclks7"},"content":"    //Getters and setters","lastModifiedDate":"2025-02-03","isFullCredit":false},{"lineNumber":13,"author":{"gitId":"Isaaclks7"},"content":"    @Override","lastModifiedDate":"2025-02-03","isFullCredit":false},{"lineNumber":14,"author":{"gitId":"Isaaclks7"},"content":"    public String getDeadline() {","lastModifiedDate":"2025-02-03","isFullCredit":false},{"lineNumber":15,"author":{"gitId":"Isaaclks7"},"content":"        return deadline;","lastModifiedDate":"2025-02-03","isFullCredit":false},{"lineNumber":16,"author":{"gitId":"Isaaclks7"},"content":"    }","lastModifiedDate":"2025-02-03","isFullCredit":false},{"lineNumber":17,"author":{"gitId":"Isaaclks7"},"content":"","lastModifiedDate":"2025-02-03","isFullCredit":false},{"lineNumber":18,"author":{"gitId":"Isaaclks7"},"content":"    @Override","lastModifiedDate":"2025-02-03","isFullCredit":false},{"lineNumber":19,"author":{"gitId":"Isaaclks7"},"content":"    public String getType() {","lastModifiedDate":"2025-02-03","isFullCredit":false},{"lineNumber":20,"author":{"gitId":"Isaaclks7"},"content":"        return TYPE;","lastModifiedDate":"2025-02-03","isFullCredit":false},{"lineNumber":21,"author":{"gitId":"Isaaclks7"},"content":"    }","lastModifiedDate":"2025-02-03","isFullCredit":false},{"lineNumber":22,"author":{"gitId":"Isaaclks7"},"content":"}","lastModifiedDate":"2025-02-03","isFullCredit":false}],"authorContributionMap":{"Isaaclks7":22}},{"path":"src/main/java/Ducky.java","fileType":"java","lines":[{"lineNumber":1,"author":{"gitId":"Isaaclks7"},"content":"import java.util.Scanner;","lastModifiedDate":"2025-02-04","isFullCredit":false},{"lineNumber":2,"author":{"gitId":"Isaaclks7"},"content":"","lastModifiedDate":"2025-02-04","isFullCredit":false},{"lineNumber":3,"author":{"gitId":"Isaaclks7"},"content":"public class Ducky {","lastModifiedDate":"2025-02-04","isFullCredit":false},{"lineNumber":4,"author":{"gitId":"-"},"content":"    public static void main(String[] args) {","lastModifiedDate":"2019-07-29","isFullCredit":false},{"lineNumber":5,"author":{"gitId":"Isaaclks7"},"content":"        printBorder();","lastModifiedDate":"2025-02-04","isFullCredit":false},{"lineNumber":6,"author":{"gitId":"Isaaclks7"},"content":"        System.out.println(\"    Hello! I\u0027m Ducky!\");","lastModifiedDate":"2025-02-04","isFullCredit":false},{"lineNumber":7,"author":{"gitId":"Isaaclks7"},"content":"        System.out.println(\"    What can I do for you?\");","lastModifiedDate":"2025-02-04","isFullCredit":false},{"lineNumber":8,"author":{"gitId":"Isaaclks7"},"content":"        printBorder();","lastModifiedDate":"2025-02-04","isFullCredit":false},{"lineNumber":9,"author":{"gitId":"Isaaclks7"},"content":"","lastModifiedDate":"2025-02-04","isFullCredit":false},{"lineNumber":10,"author":{"gitId":"Isaaclks7"},"content":"        Scanner in \u003d new Scanner(System.in);","lastModifiedDate":"2025-02-04","isFullCredit":false},{"lineNumber":11,"author":{"gitId":"Isaaclks7"},"content":"        String line;","lastModifiedDate":"2025-02-04","isFullCredit":false},{"lineNumber":12,"author":{"gitId":"Isaaclks7"},"content":"        Task[] taskList \u003d new Task[100];","lastModifiedDate":"2025-02-04","isFullCredit":false},{"lineNumber":13,"author":{"gitId":"Isaaclks7"},"content":"        int taskCount \u003d 0;","lastModifiedDate":"2025-02-04","isFullCredit":false},{"lineNumber":14,"author":{"gitId":"Isaaclks7"},"content":"","lastModifiedDate":"2025-02-04","isFullCredit":false},{"lineNumber":15,"author":{"gitId":"Isaaclks7"},"content":"        //Handle different commands","lastModifiedDate":"2025-02-04","isFullCredit":false},{"lineNumber":16,"author":{"gitId":"Isaaclks7"},"content":"        while (true) {","lastModifiedDate":"2025-02-04","isFullCredit":false},{"lineNumber":17,"author":{"gitId":"Isaaclks7"},"content":"            line \u003d in.nextLine();","lastModifiedDate":"2025-02-04","isFullCredit":false},{"lineNumber":18,"author":{"gitId":"Isaaclks7"},"content":"","lastModifiedDate":"2025-02-04","isFullCredit":false},{"lineNumber":19,"author":{"gitId":"Isaaclks7"},"content":"            if (line.isEmpty()) {","lastModifiedDate":"2025-02-04","isFullCredit":false},{"lineNumber":20,"author":{"gitId":"Isaaclks7"},"content":"                continue;","lastModifiedDate":"2025-02-04","isFullCredit":false},{"lineNumber":21,"author":{"gitId":"Isaaclks7"},"content":"            }","lastModifiedDate":"2025-02-04","isFullCredit":false},{"lineNumber":22,"author":{"gitId":"Isaaclks7"},"content":"","lastModifiedDate":"2025-02-04","isFullCredit":false},{"lineNumber":23,"author":{"gitId":"Isaaclks7"},"content":"            Parser.CommandResult result \u003d Parser.extract(line);","lastModifiedDate":"2025-02-04","isFullCredit":false},{"lineNumber":24,"author":{"gitId":"Isaaclks7"},"content":"            if (result \u003d\u003d null) {","lastModifiedDate":"2025-02-04","isFullCredit":false},{"lineNumber":25,"author":{"gitId":"Isaaclks7"},"content":"                continue;","lastModifiedDate":"2025-02-04","isFullCredit":false},{"lineNumber":26,"author":{"gitId":"Isaaclks7"},"content":"            }","lastModifiedDate":"2025-02-04","isFullCredit":false},{"lineNumber":27,"author":{"gitId":"Isaaclks7"},"content":"","lastModifiedDate":"2025-02-04","isFullCredit":false},{"lineNumber":28,"author":{"gitId":"Isaaclks7"},"content":"            if (result.command.equals(\"bye\")) {","lastModifiedDate":"2025-02-04","isFullCredit":false},{"lineNumber":29,"author":{"gitId":"Isaaclks7"},"content":"                break;","lastModifiedDate":"2025-02-04","isFullCredit":false},{"lineNumber":30,"author":{"gitId":"Isaaclks7"},"content":"            }","lastModifiedDate":"2025-02-04","isFullCredit":false},{"lineNumber":31,"author":{"gitId":"Isaaclks7"},"content":"","lastModifiedDate":"2025-02-04","isFullCredit":false},{"lineNumber":32,"author":{"gitId":"Isaaclks7"},"content":"            int taskIndex;","lastModifiedDate":"2025-02-04","isFullCredit":false},{"lineNumber":33,"author":{"gitId":"Isaaclks7"},"content":"            switch (result.command) {","lastModifiedDate":"2025-02-04","isFullCredit":false},{"lineNumber":34,"author":{"gitId":"Isaaclks7"},"content":"            case \"list\":","lastModifiedDate":"2025-02-04","isFullCredit":false},{"lineNumber":35,"author":{"gitId":"Isaaclks7"},"content":"                listAllTasks(taskCount, taskList);","lastModifiedDate":"2025-02-04","isFullCredit":false},{"lineNumber":36,"author":{"gitId":"Isaaclks7"},"content":"                break;","lastModifiedDate":"2025-02-04","isFullCredit":false},{"lineNumber":37,"author":{"gitId":"Isaaclks7"},"content":"            case \"mark\":","lastModifiedDate":"2025-02-04","isFullCredit":false},{"lineNumber":38,"author":{"gitId":"Isaaclks7"},"content":"                markTask(line, taskCount, taskList);","lastModifiedDate":"2025-02-04","isFullCredit":false},{"lineNumber":39,"author":{"gitId":"Isaaclks7"},"content":"                break;","lastModifiedDate":"2025-02-04","isFullCredit":false},{"lineNumber":40,"author":{"gitId":"Isaaclks7"},"content":"            case \"unmark\":","lastModifiedDate":"2025-02-04","isFullCredit":false},{"lineNumber":41,"author":{"gitId":"Isaaclks7"},"content":"                unmarkTask(line, taskCount, taskList);","lastModifiedDate":"2025-02-04","isFullCredit":false},{"lineNumber":42,"author":{"gitId":"Isaaclks7"},"content":"                break;","lastModifiedDate":"2025-02-04","isFullCredit":false},{"lineNumber":43,"author":{"gitId":"Isaaclks7"},"content":"            case \"todo\":","lastModifiedDate":"2025-02-04","isFullCredit":false},{"lineNumber":44,"author":{"gitId":"Isaaclks7"},"content":"                addTodo(taskList, taskCount, result);","lastModifiedDate":"2025-02-04","isFullCredit":false},{"lineNumber":45,"author":{"gitId":"Isaaclks7"},"content":"                taskCount++;","lastModifiedDate":"2025-02-04","isFullCredit":false},{"lineNumber":46,"author":{"gitId":"Isaaclks7"},"content":"                break;","lastModifiedDate":"2025-02-04","isFullCredit":false},{"lineNumber":47,"author":{"gitId":"Isaaclks7"},"content":"            case \"deadline\":","lastModifiedDate":"2025-02-04","isFullCredit":false},{"lineNumber":48,"author":{"gitId":"Isaaclks7"},"content":"                addDeadline(taskList, taskCount, result);","lastModifiedDate":"2025-02-04","isFullCredit":false},{"lineNumber":49,"author":{"gitId":"Isaaclks7"},"content":"                taskCount++;","lastModifiedDate":"2025-02-04","isFullCredit":false},{"lineNumber":50,"author":{"gitId":"Isaaclks7"},"content":"                break;","lastModifiedDate":"2025-02-04","isFullCredit":false},{"lineNumber":51,"author":{"gitId":"Isaaclks7"},"content":"            case \"event\":","lastModifiedDate":"2025-02-04","isFullCredit":false},{"lineNumber":52,"author":{"gitId":"Isaaclks7"},"content":"                addEvent(taskList, taskCount, result);","lastModifiedDate":"2025-02-04","isFullCredit":false},{"lineNumber":53,"author":{"gitId":"Isaaclks7"},"content":"                taskCount++;","lastModifiedDate":"2025-02-04","isFullCredit":false},{"lineNumber":54,"author":{"gitId":"Isaaclks7"},"content":"                break;","lastModifiedDate":"2025-02-04","isFullCredit":false},{"lineNumber":55,"author":{"gitId":"Isaaclks7"},"content":"            default:","lastModifiedDate":"2025-02-04","isFullCredit":false},{"lineNumber":56,"author":{"gitId":"Isaaclks7"},"content":"                showValidCommands();","lastModifiedDate":"2025-02-04","isFullCredit":false},{"lineNumber":57,"author":{"gitId":"Isaaclks7"},"content":"                break;","lastModifiedDate":"2025-02-04","isFullCredit":false},{"lineNumber":58,"author":{"gitId":"Isaaclks7"},"content":"            }","lastModifiedDate":"2025-02-04","isFullCredit":false},{"lineNumber":59,"author":{"gitId":"Isaaclks7"},"content":"        }","lastModifiedDate":"2025-02-04","isFullCredit":false},{"lineNumber":60,"author":{"gitId":"Isaaclks7"},"content":"        printBorder();","lastModifiedDate":"2025-02-04","isFullCredit":false},{"lineNumber":61,"author":{"gitId":"Isaaclks7"},"content":"        System.out.println(\"    Bye. Hope to see you again soon!\");","lastModifiedDate":"2025-02-04","isFullCredit":false},{"lineNumber":62,"author":{"gitId":"Isaaclks7"},"content":"        printBorder();","lastModifiedDate":"2025-02-04","isFullCredit":false},{"lineNumber":63,"author":{"gitId":"Isaaclks7"},"content":"    }","lastModifiedDate":"2025-02-04","isFullCredit":false},{"lineNumber":64,"author":{"gitId":"Isaaclks7"},"content":"","lastModifiedDate":"2025-02-04","isFullCredit":false},{"lineNumber":65,"author":{"gitId":"Isaaclks7"},"content":"    //All methods","lastModifiedDate":"2025-02-04","isFullCredit":false},{"lineNumber":66,"author":{"gitId":"Isaaclks7"},"content":"    private static void unmarkTask(String line, int taskCount, Task[] taskList) {","lastModifiedDate":"2025-02-04","isFullCredit":false},{"lineNumber":67,"author":{"gitId":"Isaaclks7"},"content":"        int taskIndex;","lastModifiedDate":"2025-02-04","isFullCredit":false},{"lineNumber":68,"author":{"gitId":"Isaaclks7"},"content":"        taskIndex \u003d Integer.parseInt(line.substring(6).trim());","lastModifiedDate":"2025-02-04","isFullCredit":false},{"lineNumber":69,"author":{"gitId":"Isaaclks7"},"content":"        if (taskIndex \u003c\u003d 0 || taskIndex \u003e taskCount) {","lastModifiedDate":"2025-02-04","isFullCredit":false},{"lineNumber":70,"author":{"gitId":"Isaaclks7"},"content":"            System.out.println(\"Please enter a valid task index\");","lastModifiedDate":"2025-02-04","isFullCredit":false},{"lineNumber":71,"author":{"gitId":"Isaaclks7"},"content":"            return;","lastModifiedDate":"2025-02-04","isFullCredit":false},{"lineNumber":72,"author":{"gitId":"Isaaclks7"},"content":"        }","lastModifiedDate":"2025-02-04","isFullCredit":false},{"lineNumber":73,"author":{"gitId":"Isaaclks7"},"content":"        taskList[taskIndex - 1].setDone(false);","lastModifiedDate":"2025-02-04","isFullCredit":false},{"lineNumber":74,"author":{"gitId":"Isaaclks7"},"content":"        printBorder();","lastModifiedDate":"2025-02-04","isFullCredit":false},{"lineNumber":75,"author":{"gitId":"Isaaclks7"},"content":"        System.out.println(\"    OK, I\u0027ve marked this task as not done yet:\");","lastModifiedDate":"2025-02-04","isFullCredit":false},{"lineNumber":76,"author":{"gitId":"Isaaclks7"},"content":"        System.out.println(\"    \" + taskList[taskIndex - 1].getType() + \"[\" + taskList[taskIndex - 1].getStatusIcon() + \"] \" + taskList[taskIndex - 1].description);","lastModifiedDate":"2025-02-04","isFullCredit":false},{"lineNumber":77,"author":{"gitId":"Isaaclks7"},"content":"        printBorder();","lastModifiedDate":"2025-02-04","isFullCredit":false},{"lineNumber":78,"author":{"gitId":"Isaaclks7"},"content":"    }","lastModifiedDate":"2025-02-04","isFullCredit":false},{"lineNumber":79,"author":{"gitId":"Isaaclks7"},"content":"","lastModifiedDate":"2025-02-04","isFullCredit":false},{"lineNumber":80,"author":{"gitId":"Isaaclks7"},"content":"    private static void markTask(String line, int taskCount, Task[] taskList) {","lastModifiedDate":"2025-02-04","isFullCredit":false},{"lineNumber":81,"author":{"gitId":"Isaaclks7"},"content":"        int taskIndex;","lastModifiedDate":"2025-02-04","isFullCredit":false},{"lineNumber":82,"author":{"gitId":"Isaaclks7"},"content":"        taskIndex \u003d Integer.parseInt(line.substring(4).trim());","lastModifiedDate":"2025-02-04","isFullCredit":false},{"lineNumber":83,"author":{"gitId":"Isaaclks7"},"content":"        if (taskIndex \u003c\u003d 0 || taskIndex \u003e taskCount) {","lastModifiedDate":"2025-02-04","isFullCredit":false},{"lineNumber":84,"author":{"gitId":"Isaaclks7"},"content":"            System.out.println(\"Please enter a valid task index\");","lastModifiedDate":"2025-02-04","isFullCredit":false},{"lineNumber":85,"author":{"gitId":"Isaaclks7"},"content":"            return;","lastModifiedDate":"2025-02-04","isFullCredit":false},{"lineNumber":86,"author":{"gitId":"Isaaclks7"},"content":"        }","lastModifiedDate":"2025-02-04","isFullCredit":false},{"lineNumber":87,"author":{"gitId":"Isaaclks7"},"content":"        taskList[taskIndex - 1].setDone(true);","lastModifiedDate":"2025-02-04","isFullCredit":false},{"lineNumber":88,"author":{"gitId":"Isaaclks7"},"content":"        printBorder();","lastModifiedDate":"2025-02-04","isFullCredit":false},{"lineNumber":89,"author":{"gitId":"Isaaclks7"},"content":"        System.out.println(\"    Nice! I\u0027ve marked this task as done:\");","lastModifiedDate":"2025-02-04","isFullCredit":false},{"lineNumber":90,"author":{"gitId":"Isaaclks7"},"content":"        System.out.println(\"    \" + taskList[taskIndex - 1].getType() + \"[\" + taskList[taskIndex - 1].getStatusIcon() + \"] \" + taskList[taskIndex - 1].description);","lastModifiedDate":"2025-02-04","isFullCredit":false},{"lineNumber":91,"author":{"gitId":"Isaaclks7"},"content":"        printBorder();","lastModifiedDate":"2025-02-04","isFullCredit":false},{"lineNumber":92,"author":{"gitId":"Isaaclks7"},"content":"    }","lastModifiedDate":"2025-02-04","isFullCredit":false},{"lineNumber":93,"author":{"gitId":"Isaaclks7"},"content":"","lastModifiedDate":"2025-02-04","isFullCredit":false},{"lineNumber":94,"author":{"gitId":"Isaaclks7"},"content":"    private static void showValidCommands() {","lastModifiedDate":"2025-02-04","isFullCredit":false},{"lineNumber":95,"author":{"gitId":"Isaaclks7"},"content":"        printBorder();","lastModifiedDate":"2025-02-04","isFullCredit":false},{"lineNumber":96,"author":{"gitId":"Isaaclks7"},"content":"        System.out.println(\"    Invalid command. Please try the following:\");","lastModifiedDate":"2025-02-04","isFullCredit":false},{"lineNumber":97,"author":{"gitId":"Isaaclks7"},"content":"        System.out.println(\"      1. Add a task: todo \u003ctask description\u003e\");","lastModifiedDate":"2025-02-04","isFullCredit":false},{"lineNumber":98,"author":{"gitId":"Isaaclks7"},"content":"        System.out.println(\"      2. Add task with deadline: deadline \u003ctask description\u003e /by \u003cdeadline\u003e\");","lastModifiedDate":"2025-02-04","isFullCredit":false},{"lineNumber":99,"author":{"gitId":"Isaaclks7"},"content":"        System.out.println(\"      3. Add event with start and end times: event \u003ctask description\u003e /from \u003cstart time\u003e /to \u003cend time\u003e\");","lastModifiedDate":"2025-02-04","isFullCredit":false},{"lineNumber":100,"author":{"gitId":"Isaaclks7"},"content":"        System.out.println(\"      4. List out all tasks: list\");","lastModifiedDate":"2025-02-04","isFullCredit":false},{"lineNumber":101,"author":{"gitId":"Isaaclks7"},"content":"        System.out.println(\"      5. Mark a task as done: mark \u003ctask index\u003e\");","lastModifiedDate":"2025-02-04","isFullCredit":false},{"lineNumber":102,"author":{"gitId":"Isaaclks7"},"content":"        System.out.println(\"      6. Unmark a task as undone: unmark \u003ctask index\u003e\");","lastModifiedDate":"2025-02-04","isFullCredit":false},{"lineNumber":103,"author":{"gitId":"Isaaclks7"},"content":"        System.out.println(\"      7. End program: bye\");","lastModifiedDate":"2025-02-04","isFullCredit":false},{"lineNumber":104,"author":{"gitId":"Isaaclks7"},"content":"        printBorder();","lastModifiedDate":"2025-02-04","isFullCredit":false},{"lineNumber":105,"author":{"gitId":"Isaaclks7"},"content":"    }","lastModifiedDate":"2025-02-04","isFullCredit":false},{"lineNumber":106,"author":{"gitId":"Isaaclks7"},"content":"","lastModifiedDate":"2025-02-04","isFullCredit":false},{"lineNumber":107,"author":{"gitId":"Isaaclks7"},"content":"    private static void addEvent(Task[] taskList, int taskCount, Parser.CommandResult result) {","lastModifiedDate":"2025-02-04","isFullCredit":false},{"lineNumber":108,"author":{"gitId":"Isaaclks7"},"content":"        taskList[taskCount] \u003d new Event(result.description, result.eventStart, result.eventEnd);","lastModifiedDate":"2025-02-04","isFullCredit":false},{"lineNumber":109,"author":{"gitId":"Isaaclks7"},"content":"        printBorder();","lastModifiedDate":"2025-02-04","isFullCredit":false},{"lineNumber":110,"author":{"gitId":"Isaaclks7"},"content":"        System.out.println(\"    Got it. I\u0027ve added this Event:\");","lastModifiedDate":"2025-02-04","isFullCredit":false},{"lineNumber":111,"author":{"gitId":"Isaaclks7"},"content":"        System.out.println(\"      \" + taskList[taskCount].getType() + \"[ ] \" + result.description + \" (From: \" + result.eventStart + \" To: \" + result.eventEnd + \")\");","lastModifiedDate":"2025-02-04","isFullCredit":false},{"lineNumber":112,"author":{"gitId":"Isaaclks7"},"content":"        System.out.println(\"    Now you have \" + (taskCount +1) + \" tasks in your list.\");","lastModifiedDate":"2025-02-04","isFullCredit":false},{"lineNumber":113,"author":{"gitId":"Isaaclks7"},"content":"        printBorder();","lastModifiedDate":"2025-02-04","isFullCredit":false},{"lineNumber":114,"author":{"gitId":"Isaaclks7"},"content":"    }","lastModifiedDate":"2025-02-04","isFullCredit":false},{"lineNumber":115,"author":{"gitId":"Isaaclks7"},"content":"","lastModifiedDate":"2025-02-04","isFullCredit":false},{"lineNumber":116,"author":{"gitId":"Isaaclks7"},"content":"    private static void addDeadline(Task[] taskList, int taskCount, Parser.CommandResult result) {","lastModifiedDate":"2025-02-04","isFullCredit":false},{"lineNumber":117,"author":{"gitId":"Isaaclks7"},"content":"        taskList[taskCount] \u003d new Deadline(result.description, result.deadline);","lastModifiedDate":"2025-02-04","isFullCredit":false},{"lineNumber":118,"author":{"gitId":"Isaaclks7"},"content":"        printBorder();","lastModifiedDate":"2025-02-04","isFullCredit":false},{"lineNumber":119,"author":{"gitId":"Isaaclks7"},"content":"        System.out.println(\"    Got it. I\u0027ve added this Deadline:\");","lastModifiedDate":"2025-02-04","isFullCredit":false},{"lineNumber":120,"author":{"gitId":"Isaaclks7"},"content":"        System.out.println(\"      \" + taskList[taskCount].getType() + \"[ ] \" + result.description + \" (By: \" + result.deadline + \")\");","lastModifiedDate":"2025-02-04","isFullCredit":false},{"lineNumber":121,"author":{"gitId":"Isaaclks7"},"content":"        System.out.println(\"    Now you have \" + (taskCount +1) + \" tasks in your list.\");","lastModifiedDate":"2025-02-04","isFullCredit":false},{"lineNumber":122,"author":{"gitId":"Isaaclks7"},"content":"        printBorder();","lastModifiedDate":"2025-02-04","isFullCredit":false},{"lineNumber":123,"author":{"gitId":"Isaaclks7"},"content":"    }","lastModifiedDate":"2025-02-04","isFullCredit":false},{"lineNumber":124,"author":{"gitId":"Isaaclks7"},"content":"","lastModifiedDate":"2025-02-04","isFullCredit":false},{"lineNumber":125,"author":{"gitId":"Isaaclks7"},"content":"    private static void addTodo(Task[] taskList, int taskCount, Parser.CommandResult result) {","lastModifiedDate":"2025-02-04","isFullCredit":false},{"lineNumber":126,"author":{"gitId":"Isaaclks7"},"content":"        taskList[taskCount] \u003d new Todo(result.description);","lastModifiedDate":"2025-02-04","isFullCredit":false},{"lineNumber":127,"author":{"gitId":"Isaaclks7"},"content":"        printBorder();","lastModifiedDate":"2025-02-04","isFullCredit":false},{"lineNumber":128,"author":{"gitId":"Isaaclks7"},"content":"        System.out.println(\"    Got it. I\u0027ve added this Todo:\");","lastModifiedDate":"2025-02-04","isFullCredit":false},{"lineNumber":129,"author":{"gitId":"Isaaclks7"},"content":"        System.out.println(\"      \" + taskList[taskCount].getType() + \"[ ] \" + result.description);","lastModifiedDate":"2025-02-04","isFullCredit":false},{"lineNumber":130,"author":{"gitId":"Isaaclks7"},"content":"        System.out.println(\"    Now you have \" + (taskCount +1) + \" tasks in your list.\");","lastModifiedDate":"2025-02-04","isFullCredit":false},{"lineNumber":131,"author":{"gitId":"Isaaclks7"},"content":"        printBorder();","lastModifiedDate":"2025-02-04","isFullCredit":false},{"lineNumber":132,"author":{"gitId":"Isaaclks7"},"content":"    }","lastModifiedDate":"2025-02-04","isFullCredit":false},{"lineNumber":133,"author":{"gitId":"Isaaclks7"},"content":"","lastModifiedDate":"2025-02-04","isFullCredit":false},{"lineNumber":134,"author":{"gitId":"Isaaclks7"},"content":"    private static void listAllTasks(int taskCount, Task[] taskList) {","lastModifiedDate":"2025-02-04","isFullCredit":false},{"lineNumber":135,"author":{"gitId":"Isaaclks7"},"content":"        printBorder();","lastModifiedDate":"2025-02-04","isFullCredit":false},{"lineNumber":136,"author":{"gitId":"Isaaclks7"},"content":"        System.out.println(\"    Here are the tasks in your list:\");","lastModifiedDate":"2025-02-04","isFullCredit":false},{"lineNumber":137,"author":{"gitId":"Isaaclks7"},"content":"        for (int i \u003d 0; i \u003c taskCount; i++) {","lastModifiedDate":"2025-02-04","isFullCredit":false},{"lineNumber":138,"author":{"gitId":"Isaaclks7"},"content":"            System.out.print(\"    \" + (i + 1) + \".\" + taskList[i].getType() + \"[\" + taskList[i].getStatusIcon() + \"] \" + taskList[i].description);","lastModifiedDate":"2025-02-04","isFullCredit":false},{"lineNumber":139,"author":{"gitId":"Isaaclks7"},"content":"            if (taskList[i].getType().equals(\"[D]\")) {","lastModifiedDate":"2025-02-04","isFullCredit":false},{"lineNumber":140,"author":{"gitId":"Isaaclks7"},"content":"                System.out.println(\" (By: \" + taskList[i].getDeadline() + \")\");","lastModifiedDate":"2025-02-04","isFullCredit":false},{"lineNumber":141,"author":{"gitId":"Isaaclks7"},"content":"            } else if (taskList[i].getType().equals(\"[E]\")) {","lastModifiedDate":"2025-02-04","isFullCredit":false},{"lineNumber":142,"author":{"gitId":"Isaaclks7"},"content":"                System.out.println(\" (From: \" + taskList[i].getEventStart() + \" To: \" + taskList[i].getEventEnd() + \")\");","lastModifiedDate":"2025-02-04","isFullCredit":false},{"lineNumber":143,"author":{"gitId":"Isaaclks7"},"content":"            } else {","lastModifiedDate":"2025-02-04","isFullCredit":false},{"lineNumber":144,"author":{"gitId":"Isaaclks7"},"content":"                System.out.println();","lastModifiedDate":"2025-02-04","isFullCredit":false},{"lineNumber":145,"author":{"gitId":"Isaaclks7"},"content":"            }","lastModifiedDate":"2025-02-04","isFullCredit":false},{"lineNumber":146,"author":{"gitId":"Isaaclks7"},"content":"        }","lastModifiedDate":"2025-02-04","isFullCredit":false},{"lineNumber":147,"author":{"gitId":"Isaaclks7"},"content":"        printBorder();","lastModifiedDate":"2025-02-04","isFullCredit":false},{"lineNumber":148,"author":{"gitId":"Isaaclks7"},"content":"    }","lastModifiedDate":"2025-02-04","isFullCredit":false},{"lineNumber":149,"author":{"gitId":"Isaaclks7"},"content":"","lastModifiedDate":"2025-02-04","isFullCredit":false},{"lineNumber":150,"author":{"gitId":"Isaaclks7"},"content":"    public static void printBorder() {","lastModifiedDate":"2025-02-04","isFullCredit":false},{"lineNumber":151,"author":{"gitId":"Isaaclks7"},"content":"        System.out.println(\"    ____________________________________________________________\");","lastModifiedDate":"2025-02-04","isFullCredit":false},{"lineNumber":152,"author":{"gitId":"-"},"content":"    }","lastModifiedDate":"2019-07-29","isFullCredit":false},{"lineNumber":153,"author":{"gitId":"-"},"content":"}","lastModifiedDate":"2019-07-29","isFullCredit":false}],"authorContributionMap":{"Isaaclks7":150,"-":3}},{"path":"src/main/java/Event.java","fileType":"java","lines":[{"lineNumber":1,"author":{"gitId":"Isaaclks7"},"content":"public class Event extends Task {","lastModifiedDate":"2025-02-03","isFullCredit":false},{"lineNumber":2,"author":{"gitId":"Isaaclks7"},"content":"    private String eventStart;","lastModifiedDate":"2025-02-03","isFullCredit":false},{"lineNumber":3,"author":{"gitId":"Isaaclks7"},"content":"    private String eventEnd;","lastModifiedDate":"2025-02-03","isFullCredit":false},{"lineNumber":4,"author":{"gitId":"Isaaclks7"},"content":"    private static final String TYPE \u003d \"[E]\";","lastModifiedDate":"2025-02-03","isFullCredit":false},{"lineNumber":5,"author":{"gitId":"Isaaclks7"},"content":"","lastModifiedDate":"2025-02-03","isFullCredit":false},{"lineNumber":6,"author":{"gitId":"Isaaclks7"},"content":"    //Constructor","lastModifiedDate":"2025-02-03","isFullCredit":false},{"lineNumber":7,"author":{"gitId":"Isaaclks7"},"content":"    public Event(String description, String startTime, String endTime) {","lastModifiedDate":"2025-02-03","isFullCredit":false},{"lineNumber":8,"author":{"gitId":"Isaaclks7"},"content":"        super(description);","lastModifiedDate":"2025-02-03","isFullCredit":false},{"lineNumber":9,"author":{"gitId":"Isaaclks7"},"content":"        this.eventStart \u003d startTime;","lastModifiedDate":"2025-02-03","isFullCredit":false},{"lineNumber":10,"author":{"gitId":"Isaaclks7"},"content":"        this.eventEnd \u003d endTime;","lastModifiedDate":"2025-02-03","isFullCredit":false},{"lineNumber":11,"author":{"gitId":"Isaaclks7"},"content":"    }","lastModifiedDate":"2025-02-03","isFullCredit":false},{"lineNumber":12,"author":{"gitId":"Isaaclks7"},"content":"","lastModifiedDate":"2025-02-03","isFullCredit":false},{"lineNumber":13,"author":{"gitId":"Isaaclks7"},"content":"    //Getters and setters","lastModifiedDate":"2025-02-03","isFullCredit":false},{"lineNumber":14,"author":{"gitId":"Isaaclks7"},"content":"    @Override","lastModifiedDate":"2025-02-03","isFullCredit":false},{"lineNumber":15,"author":{"gitId":"Isaaclks7"},"content":"    public String getEventStart() {","lastModifiedDate":"2025-02-03","isFullCredit":false},{"lineNumber":16,"author":{"gitId":"Isaaclks7"},"content":"        return eventStart;","lastModifiedDate":"2025-02-03","isFullCredit":false},{"lineNumber":17,"author":{"gitId":"Isaaclks7"},"content":"    }","lastModifiedDate":"2025-02-03","isFullCredit":false},{"lineNumber":18,"author":{"gitId":"Isaaclks7"},"content":"","lastModifiedDate":"2025-02-03","isFullCredit":false},{"lineNumber":19,"author":{"gitId":"Isaaclks7"},"content":"    @Override","lastModifiedDate":"2025-02-03","isFullCredit":false},{"lineNumber":20,"author":{"gitId":"Isaaclks7"},"content":"    public String getEventEnd() {","lastModifiedDate":"2025-02-03","isFullCredit":false},{"lineNumber":21,"author":{"gitId":"Isaaclks7"},"content":"        return eventEnd;","lastModifiedDate":"2025-02-03","isFullCredit":false},{"lineNumber":22,"author":{"gitId":"Isaaclks7"},"content":"    }","lastModifiedDate":"2025-02-03","isFullCredit":false},{"lineNumber":23,"author":{"gitId":"Isaaclks7"},"content":"","lastModifiedDate":"2025-02-03","isFullCredit":false},{"lineNumber":24,"author":{"gitId":"Isaaclks7"},"content":"    @Override","lastModifiedDate":"2025-02-03","isFullCredit":false},{"lineNumber":25,"author":{"gitId":"Isaaclks7"},"content":"    public String getType() {","lastModifiedDate":"2025-02-03","isFullCredit":false},{"lineNumber":26,"author":{"gitId":"Isaaclks7"},"content":"        return TYPE;","lastModifiedDate":"2025-02-03","isFullCredit":false},{"lineNumber":27,"author":{"gitId":"Isaaclks7"},"content":"    }","lastModifiedDate":"2025-02-03","isFullCredit":false},{"lineNumber":28,"author":{"gitId":"Isaaclks7"},"content":"}","lastModifiedDate":"2025-02-03","isFullCredit":false}],"authorContributionMap":{"Isaaclks7":28}},{"path":"src/main/java/Parser.java","fileType":"java","lines":[{"lineNumber":1,"author":{"gitId":"Isaaclks7"},"content":"public class Parser {","lastModifiedDate":"2025-02-03","isFullCredit":false},{"lineNumber":2,"author":{"gitId":"Isaaclks7"},"content":"","lastModifiedDate":"2025-02-03","isFullCredit":false},{"lineNumber":3,"author":{"gitId":"Isaaclks7"},"content":"    public static class CommandResult {","lastModifiedDate":"2025-02-03","isFullCredit":false},{"lineNumber":4,"author":{"gitId":"Isaaclks7"},"content":"        String command;","lastModifiedDate":"2025-02-03","isFullCredit":false},{"lineNumber":5,"author":{"gitId":"Isaaclks7"},"content":"        String description;","lastModifiedDate":"2025-02-03","isFullCredit":false},{"lineNumber":6,"author":{"gitId":"Isaaclks7"},"content":"        String deadline;","lastModifiedDate":"2025-02-03","isFullCredit":false},{"lineNumber":7,"author":{"gitId":"Isaaclks7"},"content":"        String eventStart;","lastModifiedDate":"2025-02-03","isFullCredit":false},{"lineNumber":8,"author":{"gitId":"Isaaclks7"},"content":"        String eventEnd;","lastModifiedDate":"2025-02-03","isFullCredit":false},{"lineNumber":9,"author":{"gitId":"Isaaclks7"},"content":"","lastModifiedDate":"2025-02-03","isFullCredit":false},{"lineNumber":10,"author":{"gitId":"Isaaclks7"},"content":"        public CommandResult(String command, String description, String deadline, String eventStart, String eventEnd) {","lastModifiedDate":"2025-02-03","isFullCredit":false},{"lineNumber":11,"author":{"gitId":"Isaaclks7"},"content":"            this.command \u003d command;","lastModifiedDate":"2025-02-03","isFullCredit":false},{"lineNumber":12,"author":{"gitId":"Isaaclks7"},"content":"            this.description \u003d description;","lastModifiedDate":"2025-02-03","isFullCredit":false},{"lineNumber":13,"author":{"gitId":"Isaaclks7"},"content":"            this.deadline \u003d deadline;","lastModifiedDate":"2025-02-03","isFullCredit":false},{"lineNumber":14,"author":{"gitId":"Isaaclks7"},"content":"            this.eventStart \u003d eventStart;","lastModifiedDate":"2025-02-03","isFullCredit":false},{"lineNumber":15,"author":{"gitId":"Isaaclks7"},"content":"            this.eventEnd \u003d eventEnd;","lastModifiedDate":"2025-02-03","isFullCredit":false},{"lineNumber":16,"author":{"gitId":"Isaaclks7"},"content":"        }","lastModifiedDate":"2025-02-03","isFullCredit":false},{"lineNumber":17,"author":{"gitId":"Isaaclks7"},"content":"    }","lastModifiedDate":"2025-02-03","isFullCredit":false},{"lineNumber":18,"author":{"gitId":"Isaaclks7"},"content":"","lastModifiedDate":"2025-02-03","isFullCredit":false},{"lineNumber":19,"author":{"gitId":"Isaaclks7"},"content":"    public static CommandResult extract(String s) {","lastModifiedDate":"2025-02-03","isFullCredit":false},{"lineNumber":20,"author":{"gitId":"Isaaclks7"},"content":"        String command;","lastModifiedDate":"2025-02-03","isFullCredit":false},{"lineNumber":21,"author":{"gitId":"Isaaclks7"},"content":"        String description \u003d \"\";","lastModifiedDate":"2025-02-03","isFullCredit":false},{"lineNumber":22,"author":{"gitId":"Isaaclks7"},"content":"        String deadline \u003d \"\";","lastModifiedDate":"2025-02-03","isFullCredit":false},{"lineNumber":23,"author":{"gitId":"Isaaclks7"},"content":"        String eventStart \u003d \"\";","lastModifiedDate":"2025-02-03","isFullCredit":false},{"lineNumber":24,"author":{"gitId":"Isaaclks7"},"content":"        String eventEnd \u003d \"\";","lastModifiedDate":"2025-02-03","isFullCredit":false},{"lineNumber":25,"author":{"gitId":"Isaaclks7"},"content":"","lastModifiedDate":"2025-02-03","isFullCredit":false},{"lineNumber":26,"author":{"gitId":"Isaaclks7"},"content":"        //Ensures input contains task description","lastModifiedDate":"2025-02-04","isFullCredit":false},{"lineNumber":27,"author":{"gitId":"Isaaclks7"},"content":"        s \u003d s.trim();","lastModifiedDate":"2025-02-03","isFullCredit":false},{"lineNumber":28,"author":{"gitId":"Isaaclks7"},"content":"        if (s.contains(\" \")) {","lastModifiedDate":"2025-02-03","isFullCredit":false},{"lineNumber":29,"author":{"gitId":"Isaaclks7"},"content":"            command \u003d s.substring(0, s.indexOf(\" \"));","lastModifiedDate":"2025-02-03","isFullCredit":false},{"lineNumber":30,"author":{"gitId":"Isaaclks7"},"content":"            command \u003d command.toLowerCase();","lastModifiedDate":"2025-02-03","isFullCredit":false},{"lineNumber":31,"author":{"gitId":"Isaaclks7"},"content":"        } else if (s.equalsIgnoreCase(\"todo\") || s.equalsIgnoreCase(\"deadline\") || s.equalsIgnoreCase(\"event\")) {","lastModifiedDate":"2025-02-04","isFullCredit":false},{"lineNumber":32,"author":{"gitId":"Isaaclks7"},"content":"            Ducky.printBorder();","lastModifiedDate":"2025-02-04","isFullCredit":false},{"lineNumber":33,"author":{"gitId":"Isaaclks7"},"content":"            System.out.println(\"    Task is missing description\");","lastModifiedDate":"2025-02-04","isFullCredit":false},{"lineNumber":34,"author":{"gitId":"Isaaclks7"},"content":"            Ducky.printBorder();","lastModifiedDate":"2025-02-04","isFullCredit":false},{"lineNumber":35,"author":{"gitId":"Isaaclks7"},"content":"            return null;","lastModifiedDate":"2025-02-04","isFullCredit":false},{"lineNumber":36,"author":{"gitId":"Isaaclks7"},"content":"        } else {","lastModifiedDate":"2025-02-03","isFullCredit":false},{"lineNumber":37,"author":{"gitId":"Isaaclks7"},"content":"            command \u003d s;","lastModifiedDate":"2025-02-03","isFullCredit":false},{"lineNumber":38,"author":{"gitId":"Isaaclks7"},"content":"            return new CommandResult(command, description, deadline, eventStart, eventEnd);","lastModifiedDate":"2025-02-03","isFullCredit":false},{"lineNumber":39,"author":{"gitId":"Isaaclks7"},"content":"        }","lastModifiedDate":"2025-02-03","isFullCredit":false},{"lineNumber":40,"author":{"gitId":"Isaaclks7"},"content":"","lastModifiedDate":"2025-02-03","isFullCredit":false},{"lineNumber":41,"author":{"gitId":"Isaaclks7"},"content":"        //Stores entire substring after the command","lastModifiedDate":"2025-02-03","isFullCredit":false},{"lineNumber":42,"author":{"gitId":"Isaaclks7"},"content":"        description \u003d s.substring(s.indexOf(\" \") + 1);","lastModifiedDate":"2025-02-03","isFullCredit":false},{"lineNumber":43,"author":{"gitId":"Isaaclks7"},"content":"        if (description.isEmpty()) {","lastModifiedDate":"2025-02-03","isFullCredit":false},{"lineNumber":44,"author":{"gitId":"Isaaclks7"},"content":"            Ducky.printBorder();","lastModifiedDate":"2025-02-04","isFullCredit":false},{"lineNumber":45,"author":{"gitId":"Isaaclks7"},"content":"            System.out.println(\"    Task not found, please try again\");","lastModifiedDate":"2025-02-03","isFullCredit":false},{"lineNumber":46,"author":{"gitId":"Isaaclks7"},"content":"            Ducky.printBorder();","lastModifiedDate":"2025-02-04","isFullCredit":false},{"lineNumber":47,"author":{"gitId":"Isaaclks7"},"content":"            return null;","lastModifiedDate":"2025-02-03","isFullCredit":false},{"lineNumber":48,"author":{"gitId":"Isaaclks7"},"content":"        }","lastModifiedDate":"2025-02-03","isFullCredit":false},{"lineNumber":49,"author":{"gitId":"Isaaclks7"},"content":"","lastModifiedDate":"2025-02-03","isFullCredit":false},{"lineNumber":50,"author":{"gitId":"Isaaclks7"},"content":"        //Ensures valid command for adding a task","lastModifiedDate":"2025-02-04","isFullCredit":false},{"lineNumber":51,"author":{"gitId":"Isaaclks7"},"content":"        switch(command) {","lastModifiedDate":"2025-02-03","isFullCredit":false},{"lineNumber":52,"author":{"gitId":"Isaaclks7"},"content":"        case \"todo\":","lastModifiedDate":"2025-02-03","isFullCredit":false},{"lineNumber":53,"author":{"gitId":"Isaaclks7"},"content":"            description \u003d s.substring(s.indexOf(\" \") + 1);","lastModifiedDate":"2025-02-03","isFullCredit":false},{"lineNumber":54,"author":{"gitId":"Isaaclks7"},"content":"            break;","lastModifiedDate":"2025-02-03","isFullCredit":false},{"lineNumber":55,"author":{"gitId":"Isaaclks7"},"content":"        case \"deadline\":","lastModifiedDate":"2025-02-03","isFullCredit":false},{"lineNumber":56,"author":{"gitId":"Isaaclks7"},"content":"            if (!description.contains(\"/by\") || description.indexOf(\"/by\") \u003d\u003d description.length() - 3) {","lastModifiedDate":"2025-02-04","isFullCredit":false},{"lineNumber":57,"author":{"gitId":"Isaaclks7"},"content":"                Ducky.printBorder();","lastModifiedDate":"2025-02-04","isFullCredit":false},{"lineNumber":58,"author":{"gitId":"Isaaclks7"},"content":"                System.out.println(\"    Please add due date:\");","lastModifiedDate":"2025-02-04","isFullCredit":false},{"lineNumber":59,"author":{"gitId":"Isaaclks7"},"content":"                System.out.println(\"    deadline \u003ctask description\u003e /by \u003cdue date\u003e\");","lastModifiedDate":"2025-02-04","isFullCredit":false},{"lineNumber":60,"author":{"gitId":"Isaaclks7"},"content":"                Ducky.printBorder();","lastModifiedDate":"2025-02-04","isFullCredit":false},{"lineNumber":61,"author":{"gitId":"Isaaclks7"},"content":"                return null;","lastModifiedDate":"2025-02-04","isFullCredit":false},{"lineNumber":62,"author":{"gitId":"Isaaclks7"},"content":"            }","lastModifiedDate":"2025-02-04","isFullCredit":false},{"lineNumber":63,"author":{"gitId":"Isaaclks7"},"content":"            description \u003d s.substring(s.indexOf(\" \") + 1, s.indexOf(\"/by\") - 1);","lastModifiedDate":"2025-02-04","isFullCredit":false},{"lineNumber":64,"author":{"gitId":"Isaaclks7"},"content":"            deadline \u003d s.substring(s.indexOf(\"/by\") + 4);","lastModifiedDate":"2025-02-03","isFullCredit":false},{"lineNumber":65,"author":{"gitId":"Isaaclks7"},"content":"            break;","lastModifiedDate":"2025-02-03","isFullCredit":false},{"lineNumber":66,"author":{"gitId":"Isaaclks7"},"content":"        case \"event\":","lastModifiedDate":"2025-02-03","isFullCredit":false},{"lineNumber":67,"author":{"gitId":"Isaaclks7"},"content":"            if (!description.contains(\"/from\") || !description.contains(\"/to\") || description.indexOf(\"/from\") \u003d\u003d description.length() - 5 || description.indexOf(\"/to\") \u003d\u003d description.length() - 3) {","lastModifiedDate":"2025-02-04","isFullCredit":false},{"lineNumber":68,"author":{"gitId":"Isaaclks7"},"content":"                Ducky.printBorder();","lastModifiedDate":"2025-02-04","isFullCredit":false},{"lineNumber":69,"author":{"gitId":"Isaaclks7"},"content":"                System.out.println(\"    Please add event\u0027s start and end time:\");","lastModifiedDate":"2025-02-04","isFullCredit":false},{"lineNumber":70,"author":{"gitId":"Isaaclks7"},"content":"                System.out.println(\"    event \u003ctask description\u003e /from \u003cstart time\u003e /to \u003cend time\u003e\");","lastModifiedDate":"2025-02-04","isFullCredit":false},{"lineNumber":71,"author":{"gitId":"Isaaclks7"},"content":"                Ducky.printBorder();","lastModifiedDate":"2025-02-04","isFullCredit":false},{"lineNumber":72,"author":{"gitId":"Isaaclks7"},"content":"                return null;","lastModifiedDate":"2025-02-04","isFullCredit":false},{"lineNumber":73,"author":{"gitId":"Isaaclks7"},"content":"            }","lastModifiedDate":"2025-02-04","isFullCredit":false},{"lineNumber":74,"author":{"gitId":"Isaaclks7"},"content":"            description \u003d s.substring(s.indexOf(\" \") + 1, s.indexOf(\"/from\"));","lastModifiedDate":"2025-02-03","isFullCredit":false},{"lineNumber":75,"author":{"gitId":"Isaaclks7"},"content":"            eventStart \u003d s.substring(s.indexOf(\"/from\") + 6, s.indexOf(\"/to\"));","lastModifiedDate":"2025-02-03","isFullCredit":false},{"lineNumber":76,"author":{"gitId":"Isaaclks7"},"content":"            eventEnd \u003d s.substring(s.indexOf(\"/to\") + 4);","lastModifiedDate":"2025-02-03","isFullCredit":false},{"lineNumber":77,"author":{"gitId":"Isaaclks7"},"content":"            break;","lastModifiedDate":"2025-02-03","isFullCredit":false},{"lineNumber":78,"author":{"gitId":"Isaaclks7"},"content":"        default:","lastModifiedDate":"2025-02-03","isFullCredit":false},{"lineNumber":79,"author":{"gitId":"Isaaclks7"},"content":"            break;","lastModifiedDate":"2025-02-03","isFullCredit":false},{"lineNumber":80,"author":{"gitId":"Isaaclks7"},"content":"        }","lastModifiedDate":"2025-02-03","isFullCredit":false},{"lineNumber":81,"author":{"gitId":"Isaaclks7"},"content":"        return new CommandResult(command, description, deadline, eventStart, eventEnd);","lastModifiedDate":"2025-02-03","isFullCredit":false},{"lineNumber":82,"author":{"gitId":"Isaaclks7"},"content":"    }","lastModifiedDate":"2025-02-03","isFullCredit":false},{"lineNumber":83,"author":{"gitId":"Isaaclks7"},"content":"}","lastModifiedDate":"2025-02-03","isFullCredit":false},{"lineNumber":84,"author":{"gitId":"Isaaclks7"},"content":"","lastModifiedDate":"2025-02-03","isFullCredit":false}],"authorContributionMap":{"Isaaclks7":84}},{"path":"src/main/java/Task.java","fileType":"java","lines":[{"lineNumber":1,"author":{"gitId":"Isaaclks7"},"content":"public class Task {","lastModifiedDate":"2025-01-29","isFullCredit":false},{"lineNumber":2,"author":{"gitId":"Isaaclks7"},"content":"    protected String description;","lastModifiedDate":"2025-01-29","isFullCredit":false},{"lineNumber":3,"author":{"gitId":"Isaaclks7"},"content":"    protected boolean isDone;","lastModifiedDate":"2025-01-29","isFullCredit":false},{"lineNumber":4,"author":{"gitId":"Isaaclks7"},"content":"    private static final String TYPE \u003d \"[T]\";","lastModifiedDate":"2025-02-03","isFullCredit":false},{"lineNumber":5,"author":{"gitId":"Isaaclks7"},"content":"","lastModifiedDate":"2025-01-29","isFullCredit":false},{"lineNumber":6,"author":{"gitId":"Isaaclks7"},"content":"    public Task() {","lastModifiedDate":"2025-01-29","isFullCredit":false},{"lineNumber":7,"author":{"gitId":"Isaaclks7"},"content":"        description \u003d \"\";","lastModifiedDate":"2025-01-29","isFullCredit":false},{"lineNumber":8,"author":{"gitId":"Isaaclks7"},"content":"        isDone \u003d false;","lastModifiedDate":"2025-01-29","isFullCredit":false},{"lineNumber":9,"author":{"gitId":"Isaaclks7"},"content":"    }","lastModifiedDate":"2025-01-29","isFullCredit":false},{"lineNumber":10,"author":{"gitId":"Isaaclks7"},"content":"","lastModifiedDate":"2025-01-29","isFullCredit":false},{"lineNumber":11,"author":{"gitId":"Isaaclks7"},"content":"    public Task(String description) {","lastModifiedDate":"2025-01-29","isFullCredit":false},{"lineNumber":12,"author":{"gitId":"Isaaclks7"},"content":"        this.description \u003d description;","lastModifiedDate":"2025-01-29","isFullCredit":false},{"lineNumber":13,"author":{"gitId":"Isaaclks7"},"content":"        this.isDone \u003d false;","lastModifiedDate":"2025-01-29","isFullCredit":false},{"lineNumber":14,"author":{"gitId":"Isaaclks7"},"content":"    }","lastModifiedDate":"2025-01-29","isFullCredit":false},{"lineNumber":15,"author":{"gitId":"Isaaclks7"},"content":"","lastModifiedDate":"2025-01-29","isFullCredit":false},{"lineNumber":16,"author":{"gitId":"Isaaclks7"},"content":"    public void setDone(Boolean value) {","lastModifiedDate":"2025-01-29","isFullCredit":false},{"lineNumber":17,"author":{"gitId":"Isaaclks7"},"content":"        this.isDone \u003d value;","lastModifiedDate":"2025-01-29","isFullCredit":false},{"lineNumber":18,"author":{"gitId":"Isaaclks7"},"content":"    }","lastModifiedDate":"2025-01-29","isFullCredit":false},{"lineNumber":19,"author":{"gitId":"Isaaclks7"},"content":"","lastModifiedDate":"2025-01-29","isFullCredit":false},{"lineNumber":20,"author":{"gitId":"Isaaclks7"},"content":"    public String getStatusIcon() {","lastModifiedDate":"2025-01-29","isFullCredit":false},{"lineNumber":21,"author":{"gitId":"Isaaclks7"},"content":"        return (isDone ? \"X\" : \" \");","lastModifiedDate":"2025-01-29","isFullCredit":false},{"lineNumber":22,"author":{"gitId":"Isaaclks7"},"content":"    }","lastModifiedDate":"2025-01-29","isFullCredit":false},{"lineNumber":23,"author":{"gitId":"Isaaclks7"},"content":"","lastModifiedDate":"2025-02-03","isFullCredit":false},{"lineNumber":24,"author":{"gitId":"Isaaclks7"},"content":"    public String getType() {","lastModifiedDate":"2025-02-03","isFullCredit":false},{"lineNumber":25,"author":{"gitId":"Isaaclks7"},"content":"        return TYPE;","lastModifiedDate":"2025-02-03","isFullCredit":false},{"lineNumber":26,"author":{"gitId":"Isaaclks7"},"content":"    }","lastModifiedDate":"2025-02-03","isFullCredit":false},{"lineNumber":27,"author":{"gitId":"Isaaclks7"},"content":"","lastModifiedDate":"2025-02-03","isFullCredit":false},{"lineNumber":28,"author":{"gitId":"Isaaclks7"},"content":"    public String getDeadline() {","lastModifiedDate":"2025-02-03","isFullCredit":false},{"lineNumber":29,"author":{"gitId":"Isaaclks7"},"content":"        return \"\";","lastModifiedDate":"2025-02-03","isFullCredit":false},{"lineNumber":30,"author":{"gitId":"Isaaclks7"},"content":"    }","lastModifiedDate":"2025-02-03","isFullCredit":false},{"lineNumber":31,"author":{"gitId":"Isaaclks7"},"content":"","lastModifiedDate":"2025-02-03","isFullCredit":false},{"lineNumber":32,"author":{"gitId":"Isaaclks7"},"content":"    public String getEventStart() {","lastModifiedDate":"2025-02-03","isFullCredit":false},{"lineNumber":33,"author":{"gitId":"Isaaclks7"},"content":"        return \"\";","lastModifiedDate":"2025-02-03","isFullCredit":false},{"lineNumber":34,"author":{"gitId":"Isaaclks7"},"content":"    }","lastModifiedDate":"2025-02-03","isFullCredit":false},{"lineNumber":35,"author":{"gitId":"Isaaclks7"},"content":"","lastModifiedDate":"2025-02-03","isFullCredit":false},{"lineNumber":36,"author":{"gitId":"Isaaclks7"},"content":"    public String getEventEnd() {","lastModifiedDate":"2025-02-03","isFullCredit":false},{"lineNumber":37,"author":{"gitId":"Isaaclks7"},"content":"        return \"\";","lastModifiedDate":"2025-02-03","isFullCredit":false},{"lineNumber":38,"author":{"gitId":"Isaaclks7"},"content":"    }","lastModifiedDate":"2025-02-03","isFullCredit":false},{"lineNumber":39,"author":{"gitId":"Isaaclks7"},"content":"}","lastModifiedDate":"2025-01-29","isFullCredit":false}],"authorContributionMap":{"Isaaclks7":39}},{"path":"src/main/java/Todo.java","fileType":"java","lines":[{"lineNumber":1,"author":{"gitId":"Isaaclks7"},"content":"public class Todo extends Task{","lastModifiedDate":"2025-02-03","isFullCredit":false},{"lineNumber":2,"author":{"gitId":"Isaaclks7"},"content":"    private static final String TYPE \u003d \"[T]\";","lastModifiedDate":"2025-02-03","isFullCredit":false},{"lineNumber":3,"author":{"gitId":"Isaaclks7"},"content":"","lastModifiedDate":"2025-02-03","isFullCredit":false},{"lineNumber":4,"author":{"gitId":"Isaaclks7"},"content":"    public Todo(String description) {","lastModifiedDate":"2025-02-03","isFullCredit":false},{"lineNumber":5,"author":{"gitId":"Isaaclks7"},"content":"        super(description);","lastModifiedDate":"2025-02-03","isFullCredit":false},{"lineNumber":6,"author":{"gitId":"Isaaclks7"},"content":"    }","lastModifiedDate":"2025-02-03","isFullCredit":false},{"lineNumber":7,"author":{"gitId":"Isaaclks7"},"content":"","lastModifiedDate":"2025-02-03","isFullCredit":false},{"lineNumber":8,"author":{"gitId":"Isaaclks7"},"content":"    @Override","lastModifiedDate":"2025-02-03","isFullCredit":false},{"lineNumber":9,"author":{"gitId":"Isaaclks7"},"content":"    public String getType() {","lastModifiedDate":"2025-02-03","isFullCredit":false},{"lineNumber":10,"author":{"gitId":"Isaaclks7"},"content":"        return TYPE;","lastModifiedDate":"2025-02-03","isFullCredit":false},{"lineNumber":11,"author":{"gitId":"Isaaclks7"},"content":"    }","lastModifiedDate":"2025-02-03","isFullCredit":false},{"lineNumber":12,"author":{"gitId":"Isaaclks7"},"content":"}","lastModifiedDate":"2025-02-03","isFullCredit":false}],"authorContributionMap":{"Isaaclks7":12}},{"path":"text-ui-test/input.txt","fileType":"txt","lines":[{"lineNumber":1,"author":{"gitId":"Isaaclks7"},"content":"todo Homework","lastModifiedDate":"2025-02-04","isFullCredit":false},{"lineNumber":2,"author":{"gitId":"Isaaclks7"},"content":"deadline Graded assignment 2 /by 5th April 2025","lastModifiedDate":"2025-02-04","isFullCredit":false},{"lineNumber":3,"author":{"gitId":"Isaaclks7"},"content":"event Birthday Party /from 1st June 5.00pm /to 2nd June 12.00pm","lastModifiedDate":"2025-02-04","isFullCredit":false},{"lineNumber":4,"author":{"gitId":"Isaaclks7"},"content":"list","lastModifiedDate":"2025-02-04","isFullCredit":false},{"lineNumber":5,"author":{"gitId":"Isaaclks7"},"content":"mark 2","lastModifiedDate":"2025-02-04","isFullCredit":false},{"lineNumber":6,"author":{"gitId":"Isaaclks7"},"content":"list","lastModifiedDate":"2025-02-04","isFullCredit":false},{"lineNumber":7,"author":{"gitId":"Isaaclks7"},"content":"mark 1","lastModifiedDate":"2025-02-04","isFullCredit":false},{"lineNumber":8,"author":{"gitId":"Isaaclks7"},"content":"list","lastModifiedDate":"2025-02-04","isFullCredit":false},{"lineNumber":9,"author":{"gitId":"Isaaclks7"},"content":"unmark 1","lastModifiedDate":"2025-02-04","isFullCredit":false},{"lineNumber":10,"author":{"gitId":"Isaaclks7"},"content":"unmark 2","lastModifiedDate":"2025-02-04","isFullCredit":false},{"lineNumber":11,"author":{"gitId":"Isaaclks7"},"content":"list","lastModifiedDate":"2025-02-04","isFullCredit":false},{"lineNumber":12,"author":{"gitId":"Isaaclks7"},"content":"todo","lastModifiedDate":"2025-02-04","isFullCredit":false},{"lineNumber":13,"author":{"gitId":"Isaaclks7"},"content":"deadline","lastModifiedDate":"2025-02-04","isFullCredit":false},{"lineNumber":14,"author":{"gitId":"Isaaclks7"},"content":"event","lastModifiedDate":"2025-02-04","isFullCredit":false},{"lineNumber":15,"author":{"gitId":"Isaaclks7"},"content":"deadline Important task","lastModifiedDate":"2025-02-04","isFullCredit":false},{"lineNumber":16,"author":{"gitId":"Isaaclks7"},"content":"event Meeting with clients","lastModifiedDate":"2025-02-04","isFullCredit":false},{"lineNumber":17,"author":{"gitId":"Isaaclks7"},"content":"bye","lastModifiedDate":"2025-02-04","isFullCredit":false}],"authorContributionMap":{"Isaaclks7":17}},{"path":"text-ui-test/runtest.bat","fileType":"bat","lines":[{"lineNumber":1,"author":{"gitId":"-"},"content":"@ECHO OFF","lastModifiedDate":"2020-05-25","isFullCredit":false},{"lineNumber":2,"author":{"gitId":"-"},"content":"","lastModifiedDate":"2020-05-25","isFullCredit":false},{"lineNumber":3,"author":{"gitId":"-"},"content":"REM create bin directory if it doesn\u0027t exist","lastModifiedDate":"2020-05-25","isFullCredit":false},{"lineNumber":4,"author":{"gitId":"-"},"content":"if not exist ..\\bin mkdir ..\\bin","lastModifiedDate":"2020-05-25","isFullCredit":false},{"lineNumber":5,"author":{"gitId":"-"},"content":"","lastModifiedDate":"2020-05-25","isFullCredit":false},{"lineNumber":6,"author":{"gitId":"-"},"content":"REM delete output from previous run","lastModifiedDate":"2020-05-25","isFullCredit":false},{"lineNumber":7,"author":{"gitId":"-"},"content":"if exist ACTUAL.TXT del ACTUAL.TXT","lastModifiedDate":"2020-08-25","isFullCredit":false},{"lineNumber":8,"author":{"gitId":"-"},"content":"","lastModifiedDate":"2020-05-25","isFullCredit":false},{"lineNumber":9,"author":{"gitId":"-"},"content":"REM compile the code into the bin folder","lastModifiedDate":"2020-05-25","isFullCredit":false},{"lineNumber":10,"author":{"gitId":"Isaaclks7"},"content":"javac  -cp ..\\src\\main\\java -Xlint:none -d ..\\bin ..\\src\\main\\java\\Ducky.java","lastModifiedDate":"2025-02-04","isFullCredit":false},{"lineNumber":11,"author":{"gitId":"-"},"content":"IF ERRORLEVEL 1 (","lastModifiedDate":"2020-05-25","isFullCredit":false},{"lineNumber":12,"author":{"gitId":"-"},"content":"    echo ********** BUILD FAILURE **********","lastModifiedDate":"2020-05-25","isFullCredit":false},{"lineNumber":13,"author":{"gitId":"-"},"content":"    exit /b 1","lastModifiedDate":"2020-05-25","isFullCredit":false},{"lineNumber":14,"author":{"gitId":"-"},"content":")","lastModifiedDate":"2020-05-25","isFullCredit":false},{"lineNumber":15,"author":{"gitId":"-"},"content":"REM no error here, errorlevel \u003d\u003d 0","lastModifiedDate":"2020-05-25","isFullCredit":false},{"lineNumber":16,"author":{"gitId":"-"},"content":"","lastModifiedDate":"2020-05-25","isFullCredit":false},{"lineNumber":17,"author":{"gitId":"-"},"content":"REM run the program, feed commands from input.txt file and redirect the output to the ACTUAL.TXT","lastModifiedDate":"2020-05-25","isFullCredit":false},{"lineNumber":18,"author":{"gitId":"Isaaclks7"},"content":"java -classpath ..\\bin Ducky \u003c input.txt \u003e ACTUAL.TXT","lastModifiedDate":"2025-02-04","isFullCredit":false},{"lineNumber":19,"author":{"gitId":"-"},"content":"","lastModifiedDate":"2020-05-25","isFullCredit":false},{"lineNumber":20,"author":{"gitId":"-"},"content":"REM compare the output to the expected output","lastModifiedDate":"2020-05-25","isFullCredit":false},{"lineNumber":21,"author":{"gitId":"-"},"content":"FC ACTUAL.TXT EXPECTED.TXT","lastModifiedDate":"2020-05-25","isFullCredit":false}],"authorContributionMap":{"-":19,"Isaaclks7":2}}]
