[{"path":"README.md","fileType":"md","lines":[{"lineNumber":1,"author":{"gitId":"edwardrl101"},"content":"# Yoshi project template","lastModifiedDate":"2025-01-24","isFullCredit":false},{"lineNumber":2,"author":{"gitId":"-"},"content":"","lastModifiedDate":"2020-05-25","isFullCredit":false},{"lineNumber":3,"author":{"gitId":"-"},"content":"This is a project template for a greenfield Java project. It\u0027s named after the Java mascot _Duke_. Given below are instructions on how to use it.","lastModifiedDate":"2020-05-25","isFullCredit":false},{"lineNumber":4,"author":{"gitId":"-"},"content":"","lastModifiedDate":"2020-05-25","isFullCredit":false},{"lineNumber":5,"author":{"gitId":"-"},"content":"## Setting up in Intellij","lastModifiedDate":"2020-05-25","isFullCredit":false},{"lineNumber":6,"author":{"gitId":"-"},"content":"","lastModifiedDate":"2020-05-25","isFullCredit":false},{"lineNumber":7,"author":{"gitId":"-"},"content":"Prerequisites: JDK 17, update Intellij to the most recent version.","lastModifiedDate":"2024-07-11","isFullCredit":false},{"lineNumber":8,"author":{"gitId":"-"},"content":"","lastModifiedDate":"2020-05-25","isFullCredit":false},{"lineNumber":9,"author":{"gitId":"-"},"content":"1. Open Intellij (if you are not in the welcome screen, click `File` \u003e `Close Project` to close the existing project first)","lastModifiedDate":"2021-01-17","isFullCredit":false},{"lineNumber":10,"author":{"gitId":"-"},"content":"1. Open the project into Intellij as follows:","lastModifiedDate":"2021-01-17","isFullCredit":false},{"lineNumber":11,"author":{"gitId":"-"},"content":"   1. Click `Open`.","lastModifiedDate":"2021-01-17","isFullCredit":false},{"lineNumber":12,"author":{"gitId":"-"},"content":"   1. Select the project directory, and click `OK`.","lastModifiedDate":"2021-01-17","isFullCredit":false},{"lineNumber":13,"author":{"gitId":"-"},"content":"   1. If there are any further prompts, accept the defaults.","lastModifiedDate":"2020-05-25","isFullCredit":false},{"lineNumber":14,"author":{"gitId":"-"},"content":"1. Configure the project to use **JDK 17** (not other versions) as explained in [here](https://www.jetbrains.com/help/idea/sdk.html#set-up-jdk).\u003cbr\u003e","lastModifiedDate":"2024-07-11","isFullCredit":false},{"lineNumber":15,"author":{"gitId":"-"},"content":"   In the same dialog, set the **Project language level** field to the `SDK default` option.","lastModifiedDate":"2021-07-29","isFullCredit":false},{"lineNumber":16,"author":{"gitId":"edwardrl101"},"content":"1. After that, locate the `src/main/java/Yoshi.java` file, right-click it, and choose `Run Yoshi.main()` (if the code editor is showing compile errors, try restarting the IDE). If the setup is correct, you should see something like the below as the output:","lastModifiedDate":"2025-01-24","isFullCredit":false},{"lineNumber":17,"author":{"gitId":"-"},"content":"   ```","lastModifiedDate":"2020-05-25","isFullCredit":false},{"lineNumber":18,"author":{"gitId":"-"},"content":"   Hello from","lastModifiedDate":"2020-05-25","isFullCredit":false},{"lineNumber":19,"author":{"gitId":"-"},"content":"    ____        _        ","lastModifiedDate":"2020-05-25","isFullCredit":false},{"lineNumber":20,"author":{"gitId":"-"},"content":"   |  _ \\ _   _| | _____ ","lastModifiedDate":"2020-05-25","isFullCredit":false},{"lineNumber":21,"author":{"gitId":"-"},"content":"   | | | | | | | |/ / _ \\","lastModifiedDate":"2020-05-25","isFullCredit":false},{"lineNumber":22,"author":{"gitId":"-"},"content":"   | |_| | |_| |   \u003c  __/","lastModifiedDate":"2020-05-25","isFullCredit":false},{"lineNumber":23,"author":{"gitId":"-"},"content":"   |____/ \\__,_|_|\\_\\___|","lastModifiedDate":"2020-05-25","isFullCredit":false},{"lineNumber":24,"author":{"gitId":"-"},"content":"   ```","lastModifiedDate":"2020-05-25","isFullCredit":false},{"lineNumber":25,"author":{"gitId":"-"},"content":"","lastModifiedDate":"2025-01-04","isFullCredit":false},{"lineNumber":26,"author":{"gitId":"-"},"content":"**Warning:** Keep the `src\\main\\java` folder as the root folder for Java files (i.e., don\u0027t rename those folders or move Java files to another folder outside of this folder path), as this is the default location some tools (e.g., Gradle) expect to find Java files.","lastModifiedDate":"2025-01-04","isFullCredit":false}],"authorContributionMap":{"edwardrl101":2,"-":24}},{"path":"docs/README.md","fileType":"md","lines":[{"lineNumber":1,"author":{"gitId":"edwardrl101"},"content":"# Yoshi User Guide","lastModifiedDate":"2025-01-24","isFullCredit":false},{"lineNumber":2,"author":{"gitId":"-"},"content":"","lastModifiedDate":"2019-07-29","isFullCredit":false},{"lineNumber":3,"author":{"gitId":"-"},"content":"// Update the title above to match the actual product name","lastModifiedDate":"2024-01-07","isFullCredit":false},{"lineNumber":4,"author":{"gitId":"-"},"content":"","lastModifiedDate":"2019-07-29","isFullCredit":false},{"lineNumber":5,"author":{"gitId":"-"},"content":"// Product screenshot goes here","lastModifiedDate":"2024-01-07","isFullCredit":false},{"lineNumber":6,"author":{"gitId":"-"},"content":"","lastModifiedDate":"2021-07-17","isFullCredit":false},{"lineNumber":7,"author":{"gitId":"-"},"content":"// Product intro goes here","lastModifiedDate":"2024-01-07","isFullCredit":false},{"lineNumber":8,"author":{"gitId":"-"},"content":"","lastModifiedDate":"2021-07-17","isFullCredit":false},{"lineNumber":9,"author":{"gitId":"-"},"content":"## Adding deadlines","lastModifiedDate":"2024-01-07","isFullCredit":false},{"lineNumber":10,"author":{"gitId":"-"},"content":"","lastModifiedDate":"2021-07-17","isFullCredit":false},{"lineNumber":11,"author":{"gitId":"-"},"content":"// Describe the action and its outcome.","lastModifiedDate":"2024-01-07","isFullCredit":false},{"lineNumber":12,"author":{"gitId":"-"},"content":"","lastModifiedDate":"2019-07-29","isFullCredit":false},{"lineNumber":13,"author":{"gitId":"-"},"content":"// Give examples of usage","lastModifiedDate":"2024-01-07","isFullCredit":false},{"lineNumber":14,"author":{"gitId":"-"},"content":"","lastModifiedDate":"2019-07-29","isFullCredit":false},{"lineNumber":15,"author":{"gitId":"-"},"content":"Example: `keyword (optional arguments)`","lastModifiedDate":"2024-01-07","isFullCredit":false},{"lineNumber":16,"author":{"gitId":"-"},"content":"","lastModifiedDate":"2019-07-29","isFullCredit":false},{"lineNumber":17,"author":{"gitId":"-"},"content":"// A description of the expected outcome goes here","lastModifiedDate":"2024-01-07","isFullCredit":false},{"lineNumber":18,"author":{"gitId":"-"},"content":"","lastModifiedDate":"2019-07-29","isFullCredit":false},{"lineNumber":19,"author":{"gitId":"-"},"content":"```","lastModifiedDate":"2024-01-07","isFullCredit":false},{"lineNumber":20,"author":{"gitId":"-"},"content":"expected output","lastModifiedDate":"2024-01-07","isFullCredit":false},{"lineNumber":21,"author":{"gitId":"-"},"content":"```","lastModifiedDate":"2024-01-07","isFullCredit":false},{"lineNumber":22,"author":{"gitId":"-"},"content":"","lastModifiedDate":"2019-07-29","isFullCredit":false},{"lineNumber":23,"author":{"gitId":"-"},"content":"## Feature ABC","lastModifiedDate":"2024-01-07","isFullCredit":false},{"lineNumber":24,"author":{"gitId":"-"},"content":"","lastModifiedDate":"2019-07-29","isFullCredit":false},{"lineNumber":25,"author":{"gitId":"-"},"content":"// Feature details","lastModifiedDate":"2024-01-07","isFullCredit":false},{"lineNumber":26,"author":{"gitId":"-"},"content":"","lastModifiedDate":"2019-07-29","isFullCredit":false},{"lineNumber":27,"author":{"gitId":"-"},"content":"","lastModifiedDate":"2021-07-17","isFullCredit":false},{"lineNumber":28,"author":{"gitId":"-"},"content":"## Feature XYZ","lastModifiedDate":"2024-01-07","isFullCredit":false},{"lineNumber":29,"author":{"gitId":"-"},"content":"","lastModifiedDate":"2024-01-07","isFullCredit":false},{"lineNumber":30,"author":{"gitId":"-"},"content":"// Feature details","lastModifiedDate":"2024-01-07","isFullCredit":false}],"authorContributionMap":{"edwardrl101":1,"-":29}},{"path":"src/main/java/yoshi/task/Deadline.java","fileType":"java","lines":[{"lineNumber":1,"author":{"gitId":"edwardrl101"},"content":"package yoshi.task;","lastModifiedDate":"2025-02-14","isFullCredit":false},{"lineNumber":2,"author":{"gitId":"edwardrl101"},"content":"","lastModifiedDate":"2025-02-14","isFullCredit":false},{"lineNumber":3,"author":{"gitId":"edwardrl101"},"content":"public class Deadline extends Task{","lastModifiedDate":"2025-02-03","isFullCredit":false},{"lineNumber":4,"author":{"gitId":"edwardrl101"},"content":"    protected String by;","lastModifiedDate":"2025-02-03","isFullCredit":false},{"lineNumber":5,"author":{"gitId":"edwardrl101"},"content":"","lastModifiedDate":"2025-02-03","isFullCredit":false},{"lineNumber":6,"author":{"gitId":"edwardrl101"},"content":"    public Deadline(String description, String by){","lastModifiedDate":"2025-02-03","isFullCredit":false},{"lineNumber":7,"author":{"gitId":"edwardrl101"},"content":"        super(description);","lastModifiedDate":"2025-02-03","isFullCredit":false},{"lineNumber":8,"author":{"gitId":"edwardrl101"},"content":"        this.by \u003d by;","lastModifiedDate":"2025-02-03","isFullCredit":false},{"lineNumber":9,"author":{"gitId":"edwardrl101"},"content":"    }","lastModifiedDate":"2025-02-03","isFullCredit":false},{"lineNumber":10,"author":{"gitId":"edwardrl101"},"content":"","lastModifiedDate":"2025-02-03","isFullCredit":false},{"lineNumber":11,"author":{"gitId":"edwardrl101"},"content":"    @Override","lastModifiedDate":"2025-02-03","isFullCredit":false},{"lineNumber":12,"author":{"gitId":"edwardrl101"},"content":"    public String toString(){","lastModifiedDate":"2025-02-03","isFullCredit":false},{"lineNumber":13,"author":{"gitId":"edwardrl101"},"content":"        return \"[D][\" + getStatusIcon() +\"] \" + description + \" (by: \" + by + \")\";","lastModifiedDate":"2025-02-03","isFullCredit":false},{"lineNumber":14,"author":{"gitId":"edwardrl101"},"content":"    }","lastModifiedDate":"2025-02-03","isFullCredit":false},{"lineNumber":15,"author":{"gitId":"edwardrl101"},"content":"}","lastModifiedDate":"2025-02-03","isFullCredit":false}],"authorContributionMap":{"edwardrl101":15}},{"path":"src/main/java/yoshi/task/Event.java","fileType":"java","lines":[{"lineNumber":1,"author":{"gitId":"edwardrl101"},"content":"package yoshi.task;","lastModifiedDate":"2025-02-14","isFullCredit":false},{"lineNumber":2,"author":{"gitId":"edwardrl101"},"content":"","lastModifiedDate":"2025-02-14","isFullCredit":false},{"lineNumber":3,"author":{"gitId":"edwardrl101"},"content":"public class Event extends Task {","lastModifiedDate":"2025-02-03","isFullCredit":false},{"lineNumber":4,"author":{"gitId":"edwardrl101"},"content":"    protected String from;","lastModifiedDate":"2025-02-03","isFullCredit":false},{"lineNumber":5,"author":{"gitId":"edwardrl101"},"content":"    protected String to;","lastModifiedDate":"2025-02-03","isFullCredit":false},{"lineNumber":6,"author":{"gitId":"edwardrl101"},"content":"","lastModifiedDate":"2025-02-03","isFullCredit":false},{"lineNumber":7,"author":{"gitId":"edwardrl101"},"content":"    public Event(String description, String from, String to) {","lastModifiedDate":"2025-02-03","isFullCredit":false},{"lineNumber":8,"author":{"gitId":"edwardrl101"},"content":"        super(description);","lastModifiedDate":"2025-02-03","isFullCredit":false},{"lineNumber":9,"author":{"gitId":"edwardrl101"},"content":"        this.from \u003d from;","lastModifiedDate":"2025-02-03","isFullCredit":false},{"lineNumber":10,"author":{"gitId":"edwardrl101"},"content":"        this.to \u003d to;","lastModifiedDate":"2025-02-03","isFullCredit":false},{"lineNumber":11,"author":{"gitId":"edwardrl101"},"content":"    }","lastModifiedDate":"2025-02-03","isFullCredit":false},{"lineNumber":12,"author":{"gitId":"edwardrl101"},"content":"","lastModifiedDate":"2025-02-03","isFullCredit":false},{"lineNumber":13,"author":{"gitId":"edwardrl101"},"content":"    @Override","lastModifiedDate":"2025-02-03","isFullCredit":false},{"lineNumber":14,"author":{"gitId":"edwardrl101"},"content":"    public String toString() {","lastModifiedDate":"2025-02-03","isFullCredit":false},{"lineNumber":15,"author":{"gitId":"edwardrl101"},"content":"        return \"[E][\" + getStatusIcon() + \"] \" + description + \" (from: \" + from + \" to: \" + to + \")\";","lastModifiedDate":"2025-02-03","isFullCredit":false},{"lineNumber":16,"author":{"gitId":"edwardrl101"},"content":"    }","lastModifiedDate":"2025-02-03","isFullCredit":false},{"lineNumber":17,"author":{"gitId":"edwardrl101"},"content":"}","lastModifiedDate":"2025-02-03","isFullCredit":false}],"authorContributionMap":{"edwardrl101":17}},{"path":"src/main/java/yoshi/task/Task.java","fileType":"java","lines":[{"lineNumber":1,"author":{"gitId":"edwardrl101"},"content":"package yoshi.task;","lastModifiedDate":"2025-02-14","isFullCredit":false},{"lineNumber":2,"author":{"gitId":"edwardrl101"},"content":"","lastModifiedDate":"2025-02-14","isFullCredit":false},{"lineNumber":3,"author":{"gitId":"edwardrl101"},"content":"public class Task {","lastModifiedDate":"2025-01-31","isFullCredit":false},{"lineNumber":4,"author":{"gitId":"edwardrl101"},"content":"    protected String description;","lastModifiedDate":"2025-01-31","isFullCredit":false},{"lineNumber":5,"author":{"gitId":"edwardrl101"},"content":"    protected boolean isDone;","lastModifiedDate":"2025-01-31","isFullCredit":false},{"lineNumber":6,"author":{"gitId":"edwardrl101"},"content":"","lastModifiedDate":"2025-01-31","isFullCredit":false},{"lineNumber":7,"author":{"gitId":"edwardrl101"},"content":"    public Task(String description) {","lastModifiedDate":"2025-01-31","isFullCredit":false},{"lineNumber":8,"author":{"gitId":"edwardrl101"},"content":"        this.description \u003d description;","lastModifiedDate":"2025-01-31","isFullCredit":false},{"lineNumber":9,"author":{"gitId":"edwardrl101"},"content":"        this.isDone \u003d false;","lastModifiedDate":"2025-01-31","isFullCredit":false},{"lineNumber":10,"author":{"gitId":"edwardrl101"},"content":"    }","lastModifiedDate":"2025-01-31","isFullCredit":false},{"lineNumber":11,"author":{"gitId":"edwardrl101"},"content":"","lastModifiedDate":"2025-01-31","isFullCredit":false},{"lineNumber":12,"author":{"gitId":"edwardrl101"},"content":"    public String getStatusIcon() {","lastModifiedDate":"2025-01-31","isFullCredit":false},{"lineNumber":13,"author":{"gitId":"edwardrl101"},"content":"        return (isDone ? \"X\" : \" \"); // mark done task with X","lastModifiedDate":"2025-01-31","isFullCredit":false},{"lineNumber":14,"author":{"gitId":"edwardrl101"},"content":"    }","lastModifiedDate":"2025-01-31","isFullCredit":false},{"lineNumber":15,"author":{"gitId":"edwardrl101"},"content":"","lastModifiedDate":"2025-01-31","isFullCredit":false},{"lineNumber":16,"author":{"gitId":"edwardrl101"},"content":"    public void markAsDone() {","lastModifiedDate":"2025-01-31","isFullCredit":false},{"lineNumber":17,"author":{"gitId":"edwardrl101"},"content":"        this.isDone \u003d true;","lastModifiedDate":"2025-01-31","isFullCredit":false},{"lineNumber":18,"author":{"gitId":"edwardrl101"},"content":"    }","lastModifiedDate":"2025-01-31","isFullCredit":false},{"lineNumber":19,"author":{"gitId":"edwardrl101"},"content":"","lastModifiedDate":"2025-01-31","isFullCredit":false},{"lineNumber":20,"author":{"gitId":"edwardrl101"},"content":"    public void unmarkAsDone() {","lastModifiedDate":"2025-01-31","isFullCredit":false},{"lineNumber":21,"author":{"gitId":"edwardrl101"},"content":"        this.isDone \u003d false;","lastModifiedDate":"2025-01-31","isFullCredit":false},{"lineNumber":22,"author":{"gitId":"edwardrl101"},"content":"    }","lastModifiedDate":"2025-01-31","isFullCredit":false},{"lineNumber":23,"author":{"gitId":"edwardrl101"},"content":"","lastModifiedDate":"2025-01-31","isFullCredit":false},{"lineNumber":24,"author":{"gitId":"edwardrl101"},"content":"    public String getDescription() {","lastModifiedDate":"2025-01-31","isFullCredit":false},{"lineNumber":25,"author":{"gitId":"edwardrl101"},"content":"        return description;","lastModifiedDate":"2025-01-31","isFullCredit":false},{"lineNumber":26,"author":{"gitId":"edwardrl101"},"content":"    }","lastModifiedDate":"2025-01-31","isFullCredit":false},{"lineNumber":27,"author":{"gitId":"edwardrl101"},"content":"","lastModifiedDate":"2025-01-31","isFullCredit":false},{"lineNumber":28,"author":{"gitId":"edwardrl101"},"content":"    public void setDescription(String description) {","lastModifiedDate":"2025-01-31","isFullCredit":false},{"lineNumber":29,"author":{"gitId":"edwardrl101"},"content":"        this.description \u003d description;","lastModifiedDate":"2025-01-31","isFullCredit":false},{"lineNumber":30,"author":{"gitId":"edwardrl101"},"content":"    }","lastModifiedDate":"2025-01-31","isFullCredit":false},{"lineNumber":31,"author":{"gitId":"edwardrl101"},"content":"","lastModifiedDate":"2025-02-03","isFullCredit":false},{"lineNumber":32,"author":{"gitId":"edwardrl101"},"content":"    @Override","lastModifiedDate":"2025-02-03","isFullCredit":false},{"lineNumber":33,"author":{"gitId":"edwardrl101"},"content":"    public String toString() {","lastModifiedDate":"2025-02-03","isFullCredit":false},{"lineNumber":34,"author":{"gitId":"edwardrl101"},"content":"        return \"[\" + getStatusIcon() + \"] \" + description;","lastModifiedDate":"2025-02-03","isFullCredit":false},{"lineNumber":35,"author":{"gitId":"edwardrl101"},"content":"    }","lastModifiedDate":"2025-02-03","isFullCredit":false},{"lineNumber":36,"author":{"gitId":"edwardrl101"},"content":"}","lastModifiedDate":"2025-01-31","isFullCredit":false}],"authorContributionMap":{"edwardrl101":36}},{"path":"src/main/java/yoshi/task/TaskManager.java","fileType":"java","lines":[{"lineNumber":1,"author":{"gitId":"edwardrl101"},"content":"package yoshi.task;","lastModifiedDate":"2025-02-14","isFullCredit":false},{"lineNumber":2,"author":{"gitId":"edwardrl101"},"content":"","lastModifiedDate":"2025-02-14","isFullCredit":false},{"lineNumber":3,"author":{"gitId":"edwardrl101"},"content":"import yoshi.ui.Printer;","lastModifiedDate":"2025-02-14","isFullCredit":false},{"lineNumber":4,"author":{"gitId":"edwardrl101"},"content":"","lastModifiedDate":"2025-02-14","isFullCredit":false},{"lineNumber":5,"author":{"gitId":"edwardrl101"},"content":"public class TaskManager {","lastModifiedDate":"2025-02-02","isFullCredit":false},{"lineNumber":6,"author":{"gitId":"edwardrl101"},"content":"    private static final int MAX_TASKS \u003d 100;","lastModifiedDate":"2025-02-02","isFullCredit":false},{"lineNumber":7,"author":{"gitId":"edwardrl101"},"content":"    private Task[] tasks;","lastModifiedDate":"2025-02-02","isFullCredit":false},{"lineNumber":8,"author":{"gitId":"edwardrl101"},"content":"    private int numTasks;","lastModifiedDate":"2025-02-02","isFullCredit":false},{"lineNumber":9,"author":{"gitId":"edwardrl101"},"content":"    private Printer printer;","lastModifiedDate":"2025-02-04","isFullCredit":false},{"lineNumber":10,"author":{"gitId":"edwardrl101"},"content":"","lastModifiedDate":"2025-02-02","isFullCredit":false},{"lineNumber":11,"author":{"gitId":"edwardrl101"},"content":"    public TaskManager() {","lastModifiedDate":"2025-02-02","isFullCredit":false},{"lineNumber":12,"author":{"gitId":"edwardrl101"},"content":"        this.tasks \u003d new Task[MAX_TASKS];","lastModifiedDate":"2025-02-02","isFullCredit":false},{"lineNumber":13,"author":{"gitId":"edwardrl101"},"content":"        this.numTasks \u003d 0;","lastModifiedDate":"2025-02-02","isFullCredit":false},{"lineNumber":14,"author":{"gitId":"edwardrl101"},"content":"        this.printer \u003d new Printer();","lastModifiedDate":"2025-02-04","isFullCredit":false},{"lineNumber":15,"author":{"gitId":"edwardrl101"},"content":"    }","lastModifiedDate":"2025-02-02","isFullCredit":false},{"lineNumber":16,"author":{"gitId":"edwardrl101"},"content":"","lastModifiedDate":"2025-02-02","isFullCredit":false},{"lineNumber":17,"author":{"gitId":"edwardrl101"},"content":"    public boolean isValidTaskAdded(String[] taskParts) {","lastModifiedDate":"2025-02-14","isFullCredit":false},{"lineNumber":18,"author":{"gitId":"edwardrl101"},"content":"        if(taskParts.length \u003c 2) {","lastModifiedDate":"2025-02-04","isFullCredit":false},{"lineNumber":19,"author":{"gitId":"edwardrl101"},"content":"            printer.printWithSeparator(\"Invalid command: Please specify the task details.\");","lastModifiedDate":"2025-02-04","isFullCredit":false},{"lineNumber":20,"author":{"gitId":"edwardrl101"},"content":"            return false;","lastModifiedDate":"2025-02-04","isFullCredit":false},{"lineNumber":21,"author":{"gitId":"edwardrl101"},"content":"        }","lastModifiedDate":"2025-02-04","isFullCredit":false},{"lineNumber":22,"author":{"gitId":"edwardrl101"},"content":"        if(numTasks \u003e\u003d MAX_TASKS) {","lastModifiedDate":"2025-02-04","isFullCredit":false},{"lineNumber":23,"author":{"gitId":"edwardrl101"},"content":"            printer.printWithSeparator(\"Unable to add task: your task list is full!.\");","lastModifiedDate":"2025-02-04","isFullCredit":false},{"lineNumber":24,"author":{"gitId":"edwardrl101"},"content":"        }","lastModifiedDate":"2025-02-04","isFullCredit":false},{"lineNumber":25,"author":{"gitId":"edwardrl101"},"content":"        return true;","lastModifiedDate":"2025-02-04","isFullCredit":false},{"lineNumber":26,"author":{"gitId":"edwardrl101"},"content":"    }","lastModifiedDate":"2025-02-04","isFullCredit":false},{"lineNumber":27,"author":{"gitId":"edwardrl101"},"content":"","lastModifiedDate":"2025-02-04","isFullCredit":false},{"lineNumber":28,"author":{"gitId":"edwardrl101"},"content":"    public Task initializeTask(String taskDetails, String taskType) {","lastModifiedDate":"2025-02-14","isFullCredit":false},{"lineNumber":29,"author":{"gitId":"edwardrl101"},"content":"        Task addedTask;","lastModifiedDate":"2025-02-14","isFullCredit":false},{"lineNumber":30,"author":{"gitId":"edwardrl101"},"content":"        switch (taskType) {","lastModifiedDate":"2025-02-03","isFullCredit":false},{"lineNumber":31,"author":{"gitId":"edwardrl101"},"content":"        case \"deadline\":","lastModifiedDate":"2025-02-03","isFullCredit":false},{"lineNumber":32,"author":{"gitId":"edwardrl101"},"content":"            addedTask \u003d initializeDeadline(taskDetails);","lastModifiedDate":"2025-02-14","isFullCredit":false},{"lineNumber":33,"author":{"gitId":"edwardrl101"},"content":"            break;","lastModifiedDate":"2025-02-03","isFullCredit":false},{"lineNumber":34,"author":{"gitId":"edwardrl101"},"content":"        case \"event\":","lastModifiedDate":"2025-02-03","isFullCredit":false},{"lineNumber":35,"author":{"gitId":"edwardrl101"},"content":"            addedTask \u003d initializeEvent(taskDetails);","lastModifiedDate":"2025-02-14","isFullCredit":false},{"lineNumber":36,"author":{"gitId":"edwardrl101"},"content":"            break;","lastModifiedDate":"2025-02-03","isFullCredit":false},{"lineNumber":37,"author":{"gitId":"edwardrl101"},"content":"        default:","lastModifiedDate":"2025-02-03","isFullCredit":false},{"lineNumber":38,"author":{"gitId":"edwardrl101"},"content":"            addedTask \u003d initializeTodo(taskDetails);","lastModifiedDate":"2025-02-14","isFullCredit":false},{"lineNumber":39,"author":{"gitId":"edwardrl101"},"content":"            break;","lastModifiedDate":"2025-02-03","isFullCredit":false},{"lineNumber":40,"author":{"gitId":"edwardrl101"},"content":"        }","lastModifiedDate":"2025-02-03","isFullCredit":false},{"lineNumber":41,"author":{"gitId":"edwardrl101"},"content":"        return addedTask;","lastModifiedDate":"2025-02-14","isFullCredit":false},{"lineNumber":42,"author":{"gitId":"edwardrl101"},"content":"    }","lastModifiedDate":"2025-02-14","isFullCredit":false},{"lineNumber":43,"author":{"gitId":"edwardrl101"},"content":"","lastModifiedDate":"2025-02-14","isFullCredit":false},{"lineNumber":44,"author":{"gitId":"edwardrl101"},"content":"    public Todo initializeTodo(String task) {","lastModifiedDate":"2025-02-14","isFullCredit":false},{"lineNumber":45,"author":{"gitId":"edwardrl101"},"content":"        return new Todo(task);","lastModifiedDate":"2025-02-14","isFullCredit":false},{"lineNumber":46,"author":{"gitId":"edwardrl101"},"content":"    }","lastModifiedDate":"2025-02-14","isFullCredit":false},{"lineNumber":47,"author":{"gitId":"edwardrl101"},"content":"","lastModifiedDate":"2025-02-14","isFullCredit":false},{"lineNumber":48,"author":{"gitId":"edwardrl101"},"content":"    public Deadline initializeDeadline(String task) throws ArrayIndexOutOfBoundsException {","lastModifiedDate":"2025-02-14","isFullCredit":false},{"lineNumber":49,"author":{"gitId":"edwardrl101"},"content":"        String[] taskParts \u003d task.split(\"/by\", 2);","lastModifiedDate":"2025-02-14","isFullCredit":false},{"lineNumber":50,"author":{"gitId":"edwardrl101"},"content":"        if(taskParts.length \u003c 2) {","lastModifiedDate":"2025-02-14","isFullCredit":false},{"lineNumber":51,"author":{"gitId":"edwardrl101"},"content":"            throw new ArrayIndexOutOfBoundsException(\"Invalid command: Please specify the deadline.\\n\"","lastModifiedDate":"2025-02-14","isFullCredit":false},{"lineNumber":52,"author":{"gitId":"edwardrl101"},"content":"            + \"     Check that your usage of /by is correct.\");","lastModifiedDate":"2025-02-14","isFullCredit":false},{"lineNumber":53,"author":{"gitId":"edwardrl101"},"content":"        }","lastModifiedDate":"2025-02-14","isFullCredit":false},{"lineNumber":54,"author":{"gitId":"edwardrl101"},"content":"        String activity \u003d taskParts[0].trim();","lastModifiedDate":"2025-02-14","isFullCredit":false},{"lineNumber":55,"author":{"gitId":"edwardrl101"},"content":"        String by \u003d taskParts[1].trim();","lastModifiedDate":"2025-02-14","isFullCredit":false},{"lineNumber":56,"author":{"gitId":"edwardrl101"},"content":"        return new Deadline(activity, by);","lastModifiedDate":"2025-02-14","isFullCredit":false},{"lineNumber":57,"author":{"gitId":"edwardrl101"},"content":"    }","lastModifiedDate":"2025-02-14","isFullCredit":false},{"lineNumber":58,"author":{"gitId":"edwardrl101"},"content":"","lastModifiedDate":"2025-02-14","isFullCredit":false},{"lineNumber":59,"author":{"gitId":"edwardrl101"},"content":"    public Event initializeEvent(String task) throws ArrayIndexOutOfBoundsException {","lastModifiedDate":"2025-02-14","isFullCredit":false},{"lineNumber":60,"author":{"gitId":"edwardrl101"},"content":"        String[] taskParts \u003d task.split(\"/from\", 2);","lastModifiedDate":"2025-02-14","isFullCredit":false},{"lineNumber":61,"author":{"gitId":"edwardrl101"},"content":"        if(taskParts.length \u003c 2) {","lastModifiedDate":"2025-02-14","isFullCredit":false},{"lineNumber":62,"author":{"gitId":"edwardrl101"},"content":"            throw new ArrayIndexOutOfBoundsException(\"Invalid command: Please specify the event start time.\\n\"","lastModifiedDate":"2025-02-14","isFullCredit":false},{"lineNumber":63,"author":{"gitId":"edwardrl101"},"content":"            + \"     Check that your usage of /from is correct\");","lastModifiedDate":"2025-02-14","isFullCredit":false},{"lineNumber":64,"author":{"gitId":"edwardrl101"},"content":"        }","lastModifiedDate":"2025-02-14","isFullCredit":false},{"lineNumber":65,"author":{"gitId":"edwardrl101"},"content":"        String activity \u003d taskParts[0].trim();","lastModifiedDate":"2025-02-14","isFullCredit":false},{"lineNumber":66,"author":{"gitId":"edwardrl101"},"content":"        String[] dates \u003d taskParts[1].split(\"/to\", 2);","lastModifiedDate":"2025-02-14","isFullCredit":false},{"lineNumber":67,"author":{"gitId":"edwardrl101"},"content":"        if(dates.length \u003c 2) {","lastModifiedDate":"2025-02-14","isFullCredit":false},{"lineNumber":68,"author":{"gitId":"edwardrl101"},"content":"            throw new ArrayIndexOutOfBoundsException(\"Invalid command: Please specify the event end time.\\n\"","lastModifiedDate":"2025-02-14","isFullCredit":false},{"lineNumber":69,"author":{"gitId":"edwardrl101"},"content":"            + \"     Check that your usage of /to is correct\");","lastModifiedDate":"2025-02-14","isFullCredit":false},{"lineNumber":70,"author":{"gitId":"edwardrl101"},"content":"        }","lastModifiedDate":"2025-02-14","isFullCredit":false},{"lineNumber":71,"author":{"gitId":"edwardrl101"},"content":"        String from \u003d dates[0].trim();","lastModifiedDate":"2025-02-14","isFullCredit":false},{"lineNumber":72,"author":{"gitId":"edwardrl101"},"content":"        String to \u003d dates[1].trim();","lastModifiedDate":"2025-02-14","isFullCredit":false},{"lineNumber":73,"author":{"gitId":"edwardrl101"},"content":"        return new Event(activity, from, to);","lastModifiedDate":"2025-02-14","isFullCredit":false},{"lineNumber":74,"author":{"gitId":"edwardrl101"},"content":"    }","lastModifiedDate":"2025-02-14","isFullCredit":false},{"lineNumber":75,"author":{"gitId":"edwardrl101"},"content":"","lastModifiedDate":"2025-02-14","isFullCredit":false},{"lineNumber":76,"author":{"gitId":"edwardrl101"},"content":"    public void addTask(String task) {","lastModifiedDate":"2025-02-14","isFullCredit":false},{"lineNumber":77,"author":{"gitId":"edwardrl101"},"content":"        String[] taskParts \u003d task.split(\" \", 2);","lastModifiedDate":"2025-02-14","isFullCredit":false},{"lineNumber":78,"author":{"gitId":"edwardrl101"},"content":"        if(!isValidTaskAdded(taskParts)) {","lastModifiedDate":"2025-02-14","isFullCredit":false},{"lineNumber":79,"author":{"gitId":"edwardrl101"},"content":"            return;","lastModifiedDate":"2025-02-14","isFullCredit":false},{"lineNumber":80,"author":{"gitId":"edwardrl101"},"content":"        }","lastModifiedDate":"2025-02-14","isFullCredit":false},{"lineNumber":81,"author":{"gitId":"edwardrl101"},"content":"        String taskType \u003d taskParts[0].trim();","lastModifiedDate":"2025-02-14","isFullCredit":false},{"lineNumber":82,"author":{"gitId":"edwardrl101"},"content":"        String taskDetails \u003d taskParts[1].trim();","lastModifiedDate":"2025-02-14","isFullCredit":false},{"lineNumber":83,"author":{"gitId":"edwardrl101"},"content":"        try {","lastModifiedDate":"2025-02-14","isFullCredit":false},{"lineNumber":84,"author":{"gitId":"edwardrl101"},"content":"            tasks[numTasks] \u003d initializeTask(taskDetails, taskType);","lastModifiedDate":"2025-02-14","isFullCredit":false},{"lineNumber":85,"author":{"gitId":"edwardrl101"},"content":"            printer.printAddTextMessage(numTasks, tasks);","lastModifiedDate":"2025-02-04","isFullCredit":false},{"lineNumber":86,"author":{"gitId":"edwardrl101"},"content":"            numTasks++;","lastModifiedDate":"2025-02-02","isFullCredit":false},{"lineNumber":87,"author":{"gitId":"edwardrl101"},"content":"        } catch(ArrayIndexOutOfBoundsException e) {","lastModifiedDate":"2025-02-14","isFullCredit":false},{"lineNumber":88,"author":{"gitId":"edwardrl101"},"content":"            printer.printWithSeparator(e.getMessage());","lastModifiedDate":"2025-02-14","isFullCredit":false},{"lineNumber":89,"author":{"gitId":"edwardrl101"},"content":"        }","lastModifiedDate":"2025-02-14","isFullCredit":false},{"lineNumber":90,"author":{"gitId":"edwardrl101"},"content":"    }","lastModifiedDate":"2025-02-02","isFullCredit":false},{"lineNumber":91,"author":{"gitId":"edwardrl101"},"content":"","lastModifiedDate":"2025-02-02","isFullCredit":false},{"lineNumber":92,"author":{"gitId":"edwardrl101"},"content":"    public void listTask() {","lastModifiedDate":"2025-02-02","isFullCredit":false},{"lineNumber":93,"author":{"gitId":"edwardrl101"},"content":"        if(numTasks \u003d\u003d 0) {","lastModifiedDate":"2025-02-14","isFullCredit":false},{"lineNumber":94,"author":{"gitId":"edwardrl101"},"content":"            printer.printWithSeparator(\"Oh no! You have no tasks in your list!\");","lastModifiedDate":"2025-02-14","isFullCredit":false},{"lineNumber":95,"author":{"gitId":"edwardrl101"},"content":"            return;","lastModifiedDate":"2025-02-14","isFullCredit":false},{"lineNumber":96,"author":{"gitId":"edwardrl101"},"content":"        }","lastModifiedDate":"2025-02-14","isFullCredit":false},{"lineNumber":97,"author":{"gitId":"edwardrl101"},"content":"        printer.printLine();","lastModifiedDate":"2025-02-04","isFullCredit":false},{"lineNumber":98,"author":{"gitId":"edwardrl101"},"content":"        printer.printWithIndentation(\" Here are the tasks in your list:\");","lastModifiedDate":"2025-02-04","isFullCredit":false},{"lineNumber":99,"author":{"gitId":"edwardrl101"},"content":"        for (int i \u003d 1; i \u003c\u003d numTasks; i++) {","lastModifiedDate":"2025-02-02","isFullCredit":false},{"lineNumber":100,"author":{"gitId":"edwardrl101"},"content":"            printer.printWithIndentation( \" \" + i +\".\" + tasks[i-1]);","lastModifiedDate":"2025-02-04","isFullCredit":false},{"lineNumber":101,"author":{"gitId":"edwardrl101"},"content":"        }","lastModifiedDate":"2025-02-04","isFullCredit":false},{"lineNumber":102,"author":{"gitId":"edwardrl101"},"content":"        printer.printLine();","lastModifiedDate":"2025-02-04","isFullCredit":false},{"lineNumber":103,"author":{"gitId":"edwardrl101"},"content":"    }","lastModifiedDate":"2025-02-04","isFullCredit":false},{"lineNumber":104,"author":{"gitId":"edwardrl101"},"content":"","lastModifiedDate":"2025-02-04","isFullCredit":false},{"lineNumber":105,"author":{"gitId":"edwardrl101"},"content":"    public boolean isValidToggleTask(int taskNumber) {","lastModifiedDate":"2025-02-04","isFullCredit":false},{"lineNumber":106,"author":{"gitId":"edwardrl101"},"content":"        if(taskNumber \u003c 0 || taskNumber \u003e\u003d MAX_TASKS) {","lastModifiedDate":"2025-02-04","isFullCredit":false},{"lineNumber":107,"author":{"gitId":"edwardrl101"},"content":"            printer.printWithSeparator(\"Invalid task number: Please enter a valid task number (1-100).\");","lastModifiedDate":"2025-02-14","isFullCredit":false},{"lineNumber":108,"author":{"gitId":"edwardrl101"},"content":"            return false;","lastModifiedDate":"2025-02-04","isFullCredit":false},{"lineNumber":109,"author":{"gitId":"edwardrl101"},"content":"        }","lastModifiedDate":"2025-02-02","isFullCredit":false},{"lineNumber":110,"author":{"gitId":"edwardrl101"},"content":"        if(tasks[taskNumber] \u003d\u003d null) {","lastModifiedDate":"2025-02-04","isFullCredit":false},{"lineNumber":111,"author":{"gitId":"edwardrl101"},"content":"            printer.printWithSeparator(\"Invalid command: You have no task here.\");","lastModifiedDate":"2025-02-04","isFullCredit":false},{"lineNumber":112,"author":{"gitId":"edwardrl101"},"content":"            return false;","lastModifiedDate":"2025-02-04","isFullCredit":false},{"lineNumber":113,"author":{"gitId":"edwardrl101"},"content":"        }","lastModifiedDate":"2025-02-04","isFullCredit":false},{"lineNumber":114,"author":{"gitId":"edwardrl101"},"content":"        return true;","lastModifiedDate":"2025-02-04","isFullCredit":false},{"lineNumber":115,"author":{"gitId":"edwardrl101"},"content":"    }","lastModifiedDate":"2025-02-02","isFullCredit":false},{"lineNumber":116,"author":{"gitId":"edwardrl101"},"content":"","lastModifiedDate":"2025-02-02","isFullCredit":false},{"lineNumber":117,"author":{"gitId":"edwardrl101"},"content":"    public void toggleTask(int taskNumber, String command) {","lastModifiedDate":"2025-02-02","isFullCredit":false},{"lineNumber":118,"author":{"gitId":"edwardrl101"},"content":"        if(!isValidToggleTask(taskNumber)) {","lastModifiedDate":"2025-02-04","isFullCredit":false},{"lineNumber":119,"author":{"gitId":"edwardrl101"},"content":"            return;","lastModifiedDate":"2025-02-04","isFullCredit":false},{"lineNumber":120,"author":{"gitId":"edwardrl101"},"content":"        }","lastModifiedDate":"2025-02-04","isFullCredit":false},{"lineNumber":121,"author":{"gitId":"edwardrl101"},"content":"        printer.printLine();","lastModifiedDate":"2025-02-04","isFullCredit":false},{"lineNumber":122,"author":{"gitId":"edwardrl101"},"content":"        if (command.equals(\"mark\")) {","lastModifiedDate":"2025-02-04","isFullCredit":false},{"lineNumber":123,"author":{"gitId":"edwardrl101"},"content":"            tasks[taskNumber].markAsDone();","lastModifiedDate":"2025-02-02","isFullCredit":false},{"lineNumber":124,"author":{"gitId":"edwardrl101"},"content":"            printer.printWithIndentation(\" Great job! I\u0027ve marked this task as done:\");","lastModifiedDate":"2025-02-04","isFullCredit":false},{"lineNumber":125,"author":{"gitId":"edwardrl101"},"content":"        } else {","lastModifiedDate":"2025-02-02","isFullCredit":false},{"lineNumber":126,"author":{"gitId":"edwardrl101"},"content":"            tasks[taskNumber].unmarkAsDone();;","lastModifiedDate":"2025-02-02","isFullCredit":false},{"lineNumber":127,"author":{"gitId":"edwardrl101"},"content":"            printer.printWithIndentation( \" Sure! I\u0027ve marked this task as not done yet:\");","lastModifiedDate":"2025-02-04","isFullCredit":false},{"lineNumber":128,"author":{"gitId":"edwardrl101"},"content":"        }","lastModifiedDate":"2025-02-02","isFullCredit":false},{"lineNumber":129,"author":{"gitId":"edwardrl101"},"content":"        printer.printWithIndentation(\"  \" + tasks[taskNumber]);","lastModifiedDate":"2025-02-04","isFullCredit":false},{"lineNumber":130,"author":{"gitId":"edwardrl101"},"content":"        printer.printLine();","lastModifiedDate":"2025-02-04","isFullCredit":false},{"lineNumber":131,"author":{"gitId":"edwardrl101"},"content":"    }","lastModifiedDate":"2025-02-02","isFullCredit":false},{"lineNumber":132,"author":{"gitId":"edwardrl101"},"content":"}","lastModifiedDate":"2025-02-02","isFullCredit":false}],"authorContributionMap":{"edwardrl101":132}},{"path":"src/main/java/yoshi/task/Todo.java","fileType":"java","lines":[{"lineNumber":1,"author":{"gitId":"edwardrl101"},"content":"package yoshi.task;","lastModifiedDate":"2025-02-14","isFullCredit":false},{"lineNumber":2,"author":{"gitId":"edwardrl101"},"content":"","lastModifiedDate":"2025-02-14","isFullCredit":false},{"lineNumber":3,"author":{"gitId":"edwardrl101"},"content":"public class Todo extends Task{","lastModifiedDate":"2025-02-03","isFullCredit":false},{"lineNumber":4,"author":{"gitId":"edwardrl101"},"content":"    public Todo(String description) {","lastModifiedDate":"2025-02-03","isFullCredit":false},{"lineNumber":5,"author":{"gitId":"edwardrl101"},"content":"        super(description);","lastModifiedDate":"2025-02-03","isFullCredit":false},{"lineNumber":6,"author":{"gitId":"edwardrl101"},"content":"    }","lastModifiedDate":"2025-02-03","isFullCredit":false},{"lineNumber":7,"author":{"gitId":"edwardrl101"},"content":"","lastModifiedDate":"2025-02-03","isFullCredit":false},{"lineNumber":8,"author":{"gitId":"edwardrl101"},"content":"    @Override","lastModifiedDate":"2025-02-03","isFullCredit":false},{"lineNumber":9,"author":{"gitId":"edwardrl101"},"content":"    public String toString() {","lastModifiedDate":"2025-02-03","isFullCredit":false},{"lineNumber":10,"author":{"gitId":"edwardrl101"},"content":"        return \"[T][\" + getStatusIcon() + \"] \" + description;","lastModifiedDate":"2025-02-03","isFullCredit":false},{"lineNumber":11,"author":{"gitId":"edwardrl101"},"content":"    }","lastModifiedDate":"2025-02-03","isFullCredit":false},{"lineNumber":12,"author":{"gitId":"edwardrl101"},"content":"}","lastModifiedDate":"2025-02-03","isFullCredit":false}],"authorContributionMap":{"edwardrl101":12}},{"path":"src/main/java/yoshi/ui/Printer.java","fileType":"java","lines":[{"lineNumber":1,"author":{"gitId":"edwardrl101"},"content":"package yoshi.ui;","lastModifiedDate":"2025-02-14","isFullCredit":false},{"lineNumber":2,"author":{"gitId":"edwardrl101"},"content":"","lastModifiedDate":"2025-02-14","isFullCredit":false},{"lineNumber":3,"author":{"gitId":"edwardrl101"},"content":"import yoshi.task.Task;","lastModifiedDate":"2025-02-14","isFullCredit":false},{"lineNumber":4,"author":{"gitId":"edwardrl101"},"content":"","lastModifiedDate":"2025-02-14","isFullCredit":false},{"lineNumber":5,"author":{"gitId":"edwardrl101"},"content":"public class Printer {","lastModifiedDate":"2025-02-04","isFullCredit":false},{"lineNumber":6,"author":{"gitId":"edwardrl101"},"content":"    private static final String INDENT \u003d \"    \";","lastModifiedDate":"2025-02-04","isFullCredit":false},{"lineNumber":7,"author":{"gitId":"edwardrl101"},"content":"    private static final String LINE \u003d INDENT + \"____________________________________________________________\";","lastModifiedDate":"2025-02-04","isFullCredit":false},{"lineNumber":8,"author":{"gitId":"edwardrl101"},"content":"","lastModifiedDate":"2025-02-04","isFullCredit":false},{"lineNumber":9,"author":{"gitId":"edwardrl101"},"content":"    public void printLine() {","lastModifiedDate":"2025-02-04","isFullCredit":false},{"lineNumber":10,"author":{"gitId":"edwardrl101"},"content":"        System.out.println(LINE);","lastModifiedDate":"2025-02-04","isFullCredit":false},{"lineNumber":11,"author":{"gitId":"edwardrl101"},"content":"    }","lastModifiedDate":"2025-02-04","isFullCredit":false},{"lineNumber":12,"author":{"gitId":"edwardrl101"},"content":"","lastModifiedDate":"2025-02-04","isFullCredit":false},{"lineNumber":13,"author":{"gitId":"edwardrl101"},"content":"    public void printWithSeparator(String text) {","lastModifiedDate":"2025-02-04","isFullCredit":false},{"lineNumber":14,"author":{"gitId":"edwardrl101"},"content":"        System.out.println(LINE);","lastModifiedDate":"2025-02-04","isFullCredit":false},{"lineNumber":15,"author":{"gitId":"edwardrl101"},"content":"        System.out.println(INDENT + text);","lastModifiedDate":"2025-02-04","isFullCredit":false},{"lineNumber":16,"author":{"gitId":"edwardrl101"},"content":"        System.out.println(LINE);","lastModifiedDate":"2025-02-04","isFullCredit":false},{"lineNumber":17,"author":{"gitId":"edwardrl101"},"content":"    }","lastModifiedDate":"2025-02-04","isFullCredit":false},{"lineNumber":18,"author":{"gitId":"edwardrl101"},"content":"","lastModifiedDate":"2025-02-04","isFullCredit":false},{"lineNumber":19,"author":{"gitId":"edwardrl101"},"content":"    public void printWelcomeMessage() {","lastModifiedDate":"2025-02-04","isFullCredit":false},{"lineNumber":20,"author":{"gitId":"edwardrl101"},"content":"        printLine();","lastModifiedDate":"2025-02-04","isFullCredit":false},{"lineNumber":21,"author":{"gitId":"edwardrl101"},"content":"        System.out.println(\"    Hello! I\u0027m Yoshi!\");","lastModifiedDate":"2025-02-04","isFullCredit":false},{"lineNumber":22,"author":{"gitId":"edwardrl101"},"content":"        System.out.println(\"    __   __  _______  _______  __   __  ___ \\n\" +","lastModifiedDate":"2025-02-04","isFullCredit":false},{"lineNumber":23,"author":{"gitId":"edwardrl101"},"content":"                \"   |  | |  ||       ||       ||  | |  ||   |\\n\" +","lastModifiedDate":"2025-02-04","isFullCredit":false},{"lineNumber":24,"author":{"gitId":"edwardrl101"},"content":"                \"   |  |_|  ||   _   ||  _____||  |_|  ||   |\\n\" +","lastModifiedDate":"2025-02-04","isFullCredit":false},{"lineNumber":25,"author":{"gitId":"edwardrl101"},"content":"                \"   |       ||  | |  || |_____ |       ||   |\\n\" +","lastModifiedDate":"2025-02-04","isFullCredit":false},{"lineNumber":26,"author":{"gitId":"edwardrl101"},"content":"                \"   |_     _||  |_|  ||_____  ||       ||   |\\n\" +","lastModifiedDate":"2025-02-04","isFullCredit":false},{"lineNumber":27,"author":{"gitId":"edwardrl101"},"content":"                \"     |   |  |       | _____| ||   _   ||   |\\n\" +","lastModifiedDate":"2025-02-04","isFullCredit":false},{"lineNumber":28,"author":{"gitId":"edwardrl101"},"content":"                \"     |___|  |_______||_______||__| |__||___|\");","lastModifiedDate":"2025-02-04","isFullCredit":false},{"lineNumber":29,"author":{"gitId":"edwardrl101"},"content":"        System.out.println(\"    How may I assist you today? :D\");","lastModifiedDate":"2025-02-04","isFullCredit":false},{"lineNumber":30,"author":{"gitId":"edwardrl101"},"content":"        printLine();","lastModifiedDate":"2025-02-04","isFullCredit":false},{"lineNumber":31,"author":{"gitId":"edwardrl101"},"content":"    }","lastModifiedDate":"2025-02-04","isFullCredit":false},{"lineNumber":32,"author":{"gitId":"edwardrl101"},"content":"","lastModifiedDate":"2025-02-04","isFullCredit":false},{"lineNumber":33,"author":{"gitId":"edwardrl101"},"content":"    public void printGoodbyeMessage() {","lastModifiedDate":"2025-02-04","isFullCredit":false},{"lineNumber":34,"author":{"gitId":"edwardrl101"},"content":"        printWithSeparator(\"Bye! Hope to see you again soon! Keep working hard! :-)\");","lastModifiedDate":"2025-02-04","isFullCredit":false},{"lineNumber":35,"author":{"gitId":"edwardrl101"},"content":"    }","lastModifiedDate":"2025-02-04","isFullCredit":false},{"lineNumber":36,"author":{"gitId":"edwardrl101"},"content":"","lastModifiedDate":"2025-02-04","isFullCredit":false},{"lineNumber":37,"author":{"gitId":"edwardrl101"},"content":"    public void printWithIndentation(String text) {","lastModifiedDate":"2025-02-04","isFullCredit":false},{"lineNumber":38,"author":{"gitId":"edwardrl101"},"content":"        System.out.println(INDENT + text);","lastModifiedDate":"2025-02-04","isFullCredit":false},{"lineNumber":39,"author":{"gitId":"edwardrl101"},"content":"    }","lastModifiedDate":"2025-02-04","isFullCredit":false},{"lineNumber":40,"author":{"gitId":"edwardrl101"},"content":"","lastModifiedDate":"2025-02-04","isFullCredit":false},{"lineNumber":41,"author":{"gitId":"edwardrl101"},"content":"    public void printAddTextMessage(int numTasks, Task[] tasks) {","lastModifiedDate":"2025-02-04","isFullCredit":false},{"lineNumber":42,"author":{"gitId":"edwardrl101"},"content":"        printLine();","lastModifiedDate":"2025-02-04","isFullCredit":false},{"lineNumber":43,"author":{"gitId":"edwardrl101"},"content":"        printWithIndentation(\"Sure! I\u0027ve added this task:\");","lastModifiedDate":"2025-02-04","isFullCredit":false},{"lineNumber":44,"author":{"gitId":"edwardrl101"},"content":"        printWithIndentation(\" \" + tasks[numTasks]);","lastModifiedDate":"2025-02-04","isFullCredit":false},{"lineNumber":45,"author":{"gitId":"edwardrl101"},"content":"        printWithIndentation(\"You now have \" + (numTasks + 1) +","lastModifiedDate":"2025-02-07","isFullCredit":false},{"lineNumber":46,"author":{"gitId":"edwardrl101"},"content":"                \" \" + ((numTasks + 1) \u003d\u003d 1 ? \"task\" : \"tasks\") + \" in your list!\");","lastModifiedDate":"2025-02-07","isFullCredit":false},{"lineNumber":47,"author":{"gitId":"edwardrl101"},"content":"","lastModifiedDate":"2025-02-07","isFullCredit":false},{"lineNumber":48,"author":{"gitId":"edwardrl101"},"content":"        printLine();","lastModifiedDate":"2025-02-04","isFullCredit":false},{"lineNumber":49,"author":{"gitId":"edwardrl101"},"content":"    }","lastModifiedDate":"2025-02-04","isFullCredit":false},{"lineNumber":50,"author":{"gitId":"edwardrl101"},"content":"}","lastModifiedDate":"2025-02-04","isFullCredit":false}],"authorContributionMap":{"edwardrl101":50}},{"path":"src/main/java/yoshi/ui/Yoshi.java","fileType":"java","lines":[{"lineNumber":1,"author":{"gitId":"edwardrl101"},"content":"package yoshi.ui;","lastModifiedDate":"2025-02-14","isFullCredit":false},{"lineNumber":2,"author":{"gitId":"edwardrl101"},"content":"","lastModifiedDate":"2025-02-14","isFullCredit":false},{"lineNumber":3,"author":{"gitId":"edwardrl101"},"content":"import yoshi.task.TaskManager;","lastModifiedDate":"2025-02-14","isFullCredit":false},{"lineNumber":4,"author":{"gitId":"edwardrl101"},"content":"","lastModifiedDate":"2025-02-14","isFullCredit":false},{"lineNumber":5,"author":{"gitId":"edwardrl101"},"content":"import java.util.Scanner;","lastModifiedDate":"2025-01-31","isFullCredit":false},{"lineNumber":6,"author":{"gitId":"edwardrl101"},"content":"","lastModifiedDate":"2025-01-31","isFullCredit":false},{"lineNumber":7,"author":{"gitId":"edwardrl101"},"content":"public class Yoshi {","lastModifiedDate":"2025-01-24","isFullCredit":false},{"lineNumber":8,"author":{"gitId":"edwardrl101"},"content":"    public static void main(String[] args) {","lastModifiedDate":"2025-01-24","isFullCredit":false},{"lineNumber":9,"author":{"gitId":"edwardrl101"},"content":"        Printer printer \u003d new Printer();","lastModifiedDate":"2025-02-04","isFullCredit":false},{"lineNumber":10,"author":{"gitId":"edwardrl101"},"content":"        printer.printWelcomeMessage();","lastModifiedDate":"2025-02-04","isFullCredit":false},{"lineNumber":11,"author":{"gitId":"edwardrl101"},"content":"","lastModifiedDate":"2025-01-31","isFullCredit":false},{"lineNumber":12,"author":{"gitId":"edwardrl101"},"content":"        Scanner in \u003d new Scanner(System.in);","lastModifiedDate":"2025-01-31","isFullCredit":false},{"lineNumber":13,"author":{"gitId":"edwardrl101"},"content":"        TaskManager userTaskManager \u003d new TaskManager();","lastModifiedDate":"2025-02-02","isFullCredit":false},{"lineNumber":14,"author":{"gitId":"edwardrl101"},"content":"        int numTasks \u003d 0;","lastModifiedDate":"2025-01-31","isFullCredit":false},{"lineNumber":15,"author":{"gitId":"edwardrl101"},"content":"        boolean USER_IS_CHATTING \u003d true;","lastModifiedDate":"2025-02-02","isFullCredit":false},{"lineNumber":16,"author":{"gitId":"edwardrl101"},"content":"","lastModifiedDate":"2025-01-31","isFullCredit":false},{"lineNumber":17,"author":{"gitId":"edwardrl101"},"content":"        while(USER_IS_CHATTING) {","lastModifiedDate":"2025-02-02","isFullCredit":false},{"lineNumber":18,"author":{"gitId":"edwardrl101"},"content":"            if (!in.hasNextLine()) {","lastModifiedDate":"2025-02-14","isFullCredit":false},{"lineNumber":19,"author":{"gitId":"edwardrl101"},"content":"                break;","lastModifiedDate":"2025-02-14","isFullCredit":false},{"lineNumber":20,"author":{"gitId":"edwardrl101"},"content":"            }","lastModifiedDate":"2025-02-14","isFullCredit":false},{"lineNumber":21,"author":{"gitId":"edwardrl101"},"content":"            String line \u003d in.nextLine();","lastModifiedDate":"2025-01-31","isFullCredit":false},{"lineNumber":22,"author":{"gitId":"edwardrl101"},"content":"            String[] words \u003d line.split(\" \");","lastModifiedDate":"2025-01-31","isFullCredit":false},{"lineNumber":23,"author":{"gitId":"edwardrl101"},"content":"            switch(words[0].toLowerCase()) {","lastModifiedDate":"2025-02-07","isFullCredit":false},{"lineNumber":24,"author":{"gitId":"edwardrl101"},"content":"            case \"bye\":","lastModifiedDate":"2025-01-31","isFullCredit":false},{"lineNumber":25,"author":{"gitId":"edwardrl101"},"content":"                USER_IS_CHATTING \u003d false;","lastModifiedDate":"2025-02-02","isFullCredit":false},{"lineNumber":26,"author":{"gitId":"edwardrl101"},"content":"                printer.printGoodbyeMessage();","lastModifiedDate":"2025-02-04","isFullCredit":false},{"lineNumber":27,"author":{"gitId":"edwardrl101"},"content":"                in.close();","lastModifiedDate":"2025-02-14","isFullCredit":false},{"lineNumber":28,"author":{"gitId":"edwardrl101"},"content":"                break;","lastModifiedDate":"2025-02-02","isFullCredit":false},{"lineNumber":29,"author":{"gitId":"edwardrl101"},"content":"            case \"list\":","lastModifiedDate":"2025-01-31","isFullCredit":false},{"lineNumber":30,"author":{"gitId":"edwardrl101"},"content":"                userTaskManager.listTask();","lastModifiedDate":"2025-02-02","isFullCredit":false},{"lineNumber":31,"author":{"gitId":"edwardrl101"},"content":"                break;","lastModifiedDate":"2025-01-31","isFullCredit":false},{"lineNumber":32,"author":{"gitId":"edwardrl101"},"content":"            case \"mark\":","lastModifiedDate":"2025-01-31","isFullCredit":false},{"lineNumber":33,"author":{"gitId":"edwardrl101"},"content":"            case \"unmark\":","lastModifiedDate":"2025-01-31","isFullCredit":false},{"lineNumber":34,"author":{"gitId":"edwardrl101"},"content":"                if(words.length \u003c 2) {","lastModifiedDate":"2025-02-02","isFullCredit":false},{"lineNumber":35,"author":{"gitId":"edwardrl101"},"content":"                    printer.printWithSeparator(\"Invalid command: Please enter the task number for this command.\");","lastModifiedDate":"2025-02-04","isFullCredit":false},{"lineNumber":36,"author":{"gitId":"edwardrl101"},"content":"                } else {","lastModifiedDate":"2025-02-02","isFullCredit":false},{"lineNumber":37,"author":{"gitId":"edwardrl101"},"content":"                    int taskNumber \u003d Integer.parseInt(words[1]) - 1;","lastModifiedDate":"2025-01-31","isFullCredit":false},{"lineNumber":38,"author":{"gitId":"edwardrl101"},"content":"                    userTaskManager.toggleTask(taskNumber, words[0].toLowerCase());","lastModifiedDate":"2025-02-07","isFullCredit":false},{"lineNumber":39,"author":{"gitId":"edwardrl101"},"content":"                }","lastModifiedDate":"2025-02-02","isFullCredit":false},{"lineNumber":40,"author":{"gitId":"edwardrl101"},"content":"                break;","lastModifiedDate":"2025-01-31","isFullCredit":false},{"lineNumber":41,"author":{"gitId":"edwardrl101"},"content":"            case \"event\":","lastModifiedDate":"2025-02-14","isFullCredit":false},{"lineNumber":42,"author":{"gitId":"edwardrl101"},"content":"            case \"deadline\":","lastModifiedDate":"2025-02-14","isFullCredit":false},{"lineNumber":43,"author":{"gitId":"edwardrl101"},"content":"            case \"todo\":","lastModifiedDate":"2025-02-14","isFullCredit":false},{"lineNumber":44,"author":{"gitId":"edwardrl101"},"content":"                userTaskManager.addTask(line);","lastModifiedDate":"2025-02-02","isFullCredit":false},{"lineNumber":45,"author":{"gitId":"edwardrl101"},"content":"                break;","lastModifiedDate":"2025-01-31","isFullCredit":false},{"lineNumber":46,"author":{"gitId":"edwardrl101"},"content":"            default:","lastModifiedDate":"2025-02-14","isFullCredit":false},{"lineNumber":47,"author":{"gitId":"edwardrl101"},"content":"                printer.printWithSeparator(\"Sorry, I am still too underdeveloped to understand that :(\\n\" +","lastModifiedDate":"2025-02-14","isFullCredit":false},{"lineNumber":48,"author":{"gitId":"edwardrl101"},"content":"                        \"    Please give me a valid command.\");","lastModifiedDate":"2025-02-14","isFullCredit":false},{"lineNumber":49,"author":{"gitId":"edwardrl101"},"content":"            }","lastModifiedDate":"2025-01-31","isFullCredit":false},{"lineNumber":50,"author":{"gitId":"edwardrl101"},"content":"        }","lastModifiedDate":"2025-01-31","isFullCredit":false},{"lineNumber":51,"author":{"gitId":"edwardrl101"},"content":"    }","lastModifiedDate":"2025-01-24","isFullCredit":false},{"lineNumber":52,"author":{"gitId":"edwardrl101"},"content":"}","lastModifiedDate":"2025-01-24","isFullCredit":false}],"authorContributionMap":{"edwardrl101":52}},{"path":"text-ui-test/input.txt","fileType":"txt","lines":[{"lineNumber":1,"author":{"gitId":"edwardrl101"},"content":"todo Edward Rafael Lukito: Answer CS2113 tutorial questions","lastModifiedDate":"2025-02-14","isFullCredit":false},{"lineNumber":2,"author":{"gitId":"edwardrl101"},"content":"deadline weekly CS2113 quiz /by Monday 9pm","lastModifiedDate":"2025-02-14","isFullCredit":false},{"lineNumber":3,"author":{"gitId":"edwardrl101"},"content":"list","lastModifiedDate":"2025-02-14","isFullCredit":false},{"lineNumber":4,"author":{"gitId":"edwardrl101"},"content":"event CS2113 lecture /from Friday 4 /to 6pm","lastModifiedDate":"2025-02-14","isFullCredit":false},{"lineNumber":5,"author":{"gitId":"edwardrl101"},"content":"mark 1","lastModifiedDate":"2025-02-14","isFullCredit":false},{"lineNumber":6,"author":{"gitId":"edwardrl101"},"content":"list","lastModifiedDate":"2025-02-14","isFullCredit":false},{"lineNumber":7,"author":{"gitId":"edwardrl101"},"content":"bye","lastModifiedDate":"2025-02-14","isFullCredit":false}],"authorContributionMap":{"edwardrl101":7}},{"path":"text-ui-test/runtest.bat","fileType":"bat","lines":[{"lineNumber":1,"author":{"gitId":"-"},"content":"@ECHO OFF","lastModifiedDate":"2020-05-25","isFullCredit":false},{"lineNumber":2,"author":{"gitId":"-"},"content":"","lastModifiedDate":"2020-05-25","isFullCredit":false},{"lineNumber":3,"author":{"gitId":"-"},"content":"REM create bin directory if it doesn\u0027t exist","lastModifiedDate":"2020-05-25","isFullCredit":false},{"lineNumber":4,"author":{"gitId":"-"},"content":"if not exist ..\\bin mkdir ..\\bin","lastModifiedDate":"2020-05-25","isFullCredit":false},{"lineNumber":5,"author":{"gitId":"-"},"content":"","lastModifiedDate":"2020-05-25","isFullCredit":false},{"lineNumber":6,"author":{"gitId":"-"},"content":"REM delete output from previous run","lastModifiedDate":"2020-05-25","isFullCredit":false},{"lineNumber":7,"author":{"gitId":"-"},"content":"if exist ACTUAL.TXT del ACTUAL.TXT","lastModifiedDate":"2020-08-25","isFullCredit":false},{"lineNumber":8,"author":{"gitId":"-"},"content":"","lastModifiedDate":"2020-05-25","isFullCredit":false},{"lineNumber":9,"author":{"gitId":"-"},"content":"REM compile the code into the bin folder","lastModifiedDate":"2020-05-25","isFullCredit":false},{"lineNumber":10,"author":{"gitId":"-"},"content":"javac  -cp ..\\src\\main\\java -Xlint:none -d ..\\bin ..\\src\\main\\java\\*.java","lastModifiedDate":"2020-08-25","isFullCredit":false},{"lineNumber":11,"author":{"gitId":"-"},"content":"IF ERRORLEVEL 1 (","lastModifiedDate":"2020-05-25","isFullCredit":false},{"lineNumber":12,"author":{"gitId":"-"},"content":"    echo ********** BUILD FAILURE **********","lastModifiedDate":"2020-05-25","isFullCredit":false},{"lineNumber":13,"author":{"gitId":"-"},"content":"    exit /b 1","lastModifiedDate":"2020-05-25","isFullCredit":false},{"lineNumber":14,"author":{"gitId":"-"},"content":")","lastModifiedDate":"2020-05-25","isFullCredit":false},{"lineNumber":15,"author":{"gitId":"-"},"content":"REM no error here, errorlevel \u003d\u003d 0","lastModifiedDate":"2020-05-25","isFullCredit":false},{"lineNumber":16,"author":{"gitId":"-"},"content":"","lastModifiedDate":"2020-05-25","isFullCredit":false},{"lineNumber":17,"author":{"gitId":"-"},"content":"REM run the program, feed commands from input.txt file and redirect the output to the ACTUAL.TXT","lastModifiedDate":"2020-05-25","isFullCredit":false},{"lineNumber":18,"author":{"gitId":"edwardrl101"},"content":"java -classpath ..\\bin Yoshi \u003c input.txt \u003e ACTUAL.TXT","lastModifiedDate":"2025-01-24","isFullCredit":false},{"lineNumber":19,"author":{"gitId":"-"},"content":"","lastModifiedDate":"2020-05-25","isFullCredit":false},{"lineNumber":20,"author":{"gitId":"-"},"content":"REM compare the output to the expected output","lastModifiedDate":"2020-05-25","isFullCredit":false},{"lineNumber":21,"author":{"gitId":"-"},"content":"FC ACTUAL.TXT EXPECTED.TXT","lastModifiedDate":"2020-05-25","isFullCredit":false}],"authorContributionMap":{"edwardrl101":1,"-":20}}]
