{"authorDailyContributionsMap":{"xhuinn":[{"date":"2025-01-22","commitResults":[{"hash":"de264d56441bfd5b6ff02c8968c6dcb44e2966b9","isMergeCommit":false,"messageTitle":"Update uiai.java level0","messageBody":"","tags":["Level-0"],"fileTypesAndContributionMap":{"java":{"insertions":17,"deletions":10}}}]},{"date":"2025-01-26","commitResults":[{"hash":"a8731e1d6bbea1de939f70226ffef2e7e98c181a","isMergeCommit":false,"messageTitle":"Add level-1 echo","messageBody":"","tags":["Level-1"],"fileTypesAndContributionMap":{"java":{"insertions":23,"deletions":7}}},{"hash":"4a39f4cdd970ee2ec2e4de82f054096b7e2dec32","isMergeCommit":false,"messageTitle":"Add level-2 add, list","messageBody":"","tags":["Level-2"],"fileTypesAndContributionMap":{"java":{"insertions":14,"deletions":9}}},{"hash":"ae9b787442f3612162d0421b115b7315aa5cfdb1","isMergeCommit":false,"messageTitle":"Add level-3 mark as done","messageBody":"","tags":["Level-3","A-CodingStandard","A-Classes"],"fileTypesAndContributionMap":{"java":{"insertions":94,"deletions":38}}}]},{"date":"2025-02-04","commitResults":[{"hash":"991a10ea75d70c0815cae30c312e851a21a24ab3","isMergeCommit":false,"messageTitle":"Add level-4 ToDos, Events, Deadlines","messageBody":"","tags":["Level-4","A-Inheritance"],"fileTypesAndContributionMap":{"java":{"insertions":112,"deletions":26}}},{"hash":"a3b7ac688ffd018e3661bd2644d7a8297ccbf9c9","isMergeCommit":false,"messageTitle":"Add automated text ui testing","messageBody":"","tags":["A-TextUiTesting"],"fileTypesAndContributionMap":{"txt":{"insertions":14,"deletions":0},"java":{"insertions":13,"deletions":13},"bat":{"insertions":1,"deletions":1}}},{"hash":"29611bc949823533c71f6439cc47322a3c7d8c48","isMergeCommit":false,"messageTitle":"Improve code quality","messageBody":"","tags":["A-CodeQuality"],"fileTypesAndContributionMap":{"java":{"insertions":79,"deletions":41}}}]}]},"authorFileTypeContributionMap":{"xhuinn":{"java":218,"md":0,"fxml":0,"sh":0,"bat":1,"gradle":0,"txt":14}},"authorContributionVariance":{"xhuinn":4418.1353},"authorDisplayNameMap":{"xhuinn":"WONG.. HUI"}}
