{"authorDailyContributionsMap":{"NotGiggs":[{"date":"2025-01-25","commitResults":[{"hash":"b86f625433b72c239772f4df0153f41714466a28","isMergeCommit":false,"messageTitle":"Change Duke to Bartholomew","messageBody":"","tags":["Level-0"],"fileTypesAndContributionMap":{"java":{"insertions":8,"deletions":10}}}]},{"date":"2025-02-04","commitResults":[{"hash":"c8cb3f5483e722ba3d4dd7cd11a2039632c0ade3","isMergeCommit":false,"messageTitle":"Add scanning function to Bartholomew to repeat user inputs","messageBody":"","tags":["Level-1"],"fileTypesAndContributionMap":{"java":{"insertions":16,"deletions":3}}},{"hash":"9c47ceb64067f5515e8210f0de9de75ab952af93","isMergeCommit":false,"messageTitle":"Add task manager functionality","messageBody":"","tags":["Level-2"],"fileTypesAndContributionMap":{"java":{"insertions":15,"deletions":3}}},{"hash":"b31769ff843c7c990c2a9d36ec6635b372a3b571","isMergeCommit":false,"messageTitle":"Add mark as done functionality through the use of a Task class","messageBody":"","fileTypesAndContributionMap":{"java":{"insertions":82,"deletions":11}}},{"hash":"c1496af187fc5a2f5dda651d1b6badc9c455b874","isMergeCommit":false,"messageTitle":"Add mark as done funtionality through the use of Task class","messageBody":"","tags":["Level-3"],"fileTypesAndContributionMap":{"java":{"insertions":5,"deletions":5}}}]},{"date":"2025-02-06","commitResults":[{"hash":"c5cb1b4ebfd5ce602961190fa5851157ab68edd0","isMergeCommit":false,"messageTitle":"Add todo, deadline and event","messageBody":"","tags":["Level-4"],"fileTypesAndContributionMap":{"java":{"insertions":86,"deletions":55}}}]},{"date":"2025-02-07","commitResults":[{"hash":"cb2afb90e037d32cc6c26f5caefce03fe6cb6b95","isMergeCommit":false,"messageTitle":"Refactor code to follow coding standards","messageBody":"","tags":["A-CodingStandard","A-CodeQuality"],"fileTypesAndContributionMap":{"java":{"insertions":92,"deletions":53}}}]},{"date":"2025-02-14","commitResults":[{"hash":"f0de565dcad772cd42006a146a59c3b40ce072df","isMergeCommit":false,"messageTitle":"Add exceptions to handle errors","messageBody":"","tags":["Level-5","A-Exceptions"],"fileTypesAndContributionMap":{"java":{"insertions":68,"deletions":33}}},{"hash":"e48b7509e576a4367ab4a69d6f25aab9a78eb4bb","isMergeCommit":true,"messageTitle":"Merge branch \u0027branch-Level-5\u0027","messageBody":"","fileTypesAndContributionMap":{}}]},{"date":"2025-02-20","commitResults":[{"hash":"abe31c7a9a04a0133e16f29bafb39cef5946553a","isMergeCommit":false,"messageTitle":"Add delete command","messageBody":"","tags":["Level-6","A-Collections"],"fileTypesAndContributionMap":{"java":{"insertions":50,"deletions":38}}},{"hash":"37d3d2c5799627fd7e70292a55843ee6e4511024","isMergeCommit":false,"messageTitle":"Add save functionality","messageBody":"","tags":["Level-7"],"fileTypesAndContributionMap":{"txt":{"insertions":2,"deletions":0},"java":{"insertions":185,"deletions":54}}},{"hash":"5402170f4bd4cb436ced181a70c18a3e3da7412e","isMergeCommit":true,"messageTitle":"Merge branch \u0027branch-Level-6\u0027","messageBody":"","fileTypesAndContributionMap":{}},{"hash":"6eb6d49b8f5f2b7ba03ea7290340f7d84fe61cce","isMergeCommit":true,"messageTitle":"Merge branch \u0027branch-Level-7\u0027","messageBody":"# Conflicts:\n#\tsrc/main/java/Bartholomew.java\n#\tsrc/main/java/out/production/main/Bartholomew.class\n","fileTypesAndContributionMap":{}}]}]},"authorFileTypeContributionMap":{"NotGiggs":{"java":340,"md":0,"fxml":0,"sh":0,"bat":0,"gradle":0,"txt":2}},"authorContributionVariance":{"NotGiggs":3835.345},"authorDisplayNameMap":{"NotGiggs":"CS2113-W13-3 LOH ..IGGS"}}
