{"authorDailyContributionsMap":{"NotGiggs":[{"date":"2025-01-25","commitResults":[{"hash":"b86f625433b72c239772f4df0153f41714466a28","isMergeCommit":false,"messageTitle":"Change Duke to Bartholomew","messageBody":"","tags":["Level-0"],"fileTypesAndContributionMap":{"java":{"insertions":8,"deletions":10}}}]},{"date":"2025-02-04","commitResults":[{"hash":"c8cb3f5483e722ba3d4dd7cd11a2039632c0ade3","isMergeCommit":false,"messageTitle":"Add scanning function to Bartholomew to repeat user inputs","messageBody":"","tags":["Level-1"],"fileTypesAndContributionMap":{"java":{"insertions":16,"deletions":3}}},{"hash":"9c47ceb64067f5515e8210f0de9de75ab952af93","isMergeCommit":false,"messageTitle":"Add task manager functionality","messageBody":"","tags":["Level-2"],"fileTypesAndContributionMap":{"java":{"insertions":15,"deletions":3}}},{"hash":"b31769ff843c7c990c2a9d36ec6635b372a3b571","isMergeCommit":false,"messageTitle":"Add mark as done functionality through the use of a Task class","messageBody":"","fileTypesAndContributionMap":{"java":{"insertions":82,"deletions":11}}},{"hash":"c1496af187fc5a2f5dda651d1b6badc9c455b874","isMergeCommit":false,"messageTitle":"Add mark as done funtionality through the use of Task class","messageBody":"","tags":["Level-3"],"fileTypesAndContributionMap":{"java":{"insertions":5,"deletions":5}}}]}]},"authorFileTypeContributionMap":{"NotGiggs":{"java":104,"md":0,"fxml":0,"sh":0,"bat":0,"gradle":0,"txt":0}},"authorContributionVariance":{"NotGiggs":729.3788},"authorDisplayNameMap":{"NotGiggs":"LOH ..IGGS"}}
