{"authorDailyContributionsMap":{"roshnidaksha":[{"date":"2025-01-19","commitResults":[{"hash":"ff5c39272ff71d8f975ab8a08c48a3a42416c78c","isMergeCommit":false,"messageTitle":"feat(level-0): rename chatbot to Planit and implement greeting and exit","messageBody":"","fileTypesAndContributionMap":{"java":{"insertions":24,"deletions":10},"sh":{"insertions":1,"deletions":1}}},{"hash":"7367df151563f3789a521aab231661963d6b8b92","isMergeCommit":false,"messageTitle":"refactor(level-0): split main method into greet and exit methods","messageBody":"","fileTypesAndContributionMap":{"java":{"insertions":17,"deletions":5}}},{"hash":"711b782e25c50e86520231890723a6dab6bda6f4","isMergeCommit":false,"messageTitle":"Update README.md to match actual product name","messageBody":"","tags":["Level-0"],"fileTypesAndContributionMap":{"md":{"insertions":17,"deletions":9}}}]},{"date":"2025-01-24","commitResults":[{"hash":"4811469a46ed6f5c11b610eaa1ef26e2f8fa6cc6","isMergeCommit":false,"messageTitle":"Implement Echo class to repeat user input","messageBody":"","tags":["Level-1"],"fileTypesAndContributionMap":{"java":{"insertions":78,"deletions":14}}}]},{"date":"2025-01-25","commitResults":[{"hash":"9b4e8297d9814d683310aabb3addb0fab3a056e2","isMergeCommit":false,"messageTitle":"Add playGame method to Planit class","messageBody":"Planit task management system has multiple features (echoing user input\nand managing tasks).\n\nKeeping all the logic in main method makes it hard to read.\n\nCreating a separate method for playing a game improves code readability.\n","fileTypesAndContributionMap":{"java":{"insertions":46,"deletions":9}}},{"hash":"f92258bc06d1e49698dcf1166bc0cc4bd1939a56","isMergeCommit":false,"messageTitle":"Create Task and TaskList classes","messageBody":"The Task class includes attributes to define individual tasks, while\nthe TaskList class stores all tasks and manages related methods.\n","tags":["A-Classes"],"fileTypesAndContributionMap":{"java":{"insertions":55,"deletions":0}}},{"hash":"049dc3312e7874b960587ca1269f0b1f52ff2f67","isMergeCommit":false,"messageTitle":"Create manageTask method in Planit Class","messageBody":"","tags":["Level-2"],"fileTypesAndContributionMap":{"java":{"insertions":32,"deletions":1}}}]},{"date":"2025-01-26","commitResults":[{"hash":"8f102673bf8d67335af7f21993704410a9359a40","isMergeCommit":false,"messageTitle":"Rename TaskList.java to TaskManager.java and implement marking of tasks","messageBody":"Methods inside TaskList.java like addTask should not be static as it\ndoes not affect other instances of TaskList object.\n\nRename TaskList.java to TaskManager.java and move static manageTask\nmethod from Planit class to non-static run method of TaskManager class.\n\nUpdate other attributes and methods in TaskManager class as non-static.\n","tags":["Level-3"],"fileTypesAndContributionMap":{"java":{"insertions":115,"deletions":75}}}]},{"date":"2025-01-28","commitResults":[{"hash":"d56b566db4a8d235378cb95e6b8c0b210b2a9c3c","isMergeCommit":false,"messageTitle":"Add Javadoc comments at appropriate places","messageBody":"","tags":["A-CodingStandard"],"fileTypesAndContributionMap":{"java":{"insertions":21,"deletions":17}}}]},{"date":"2025-02-01","commitResults":[{"hash":"1f73cb76de6c21e57a963bac64f8ef71fd742caa","isMergeCommit":false,"messageTitle":"Create subclasses, Todo, Deadline and Event for Task class","messageBody":"There are different types of tasks that have some common behaviors\n(e.g. toString()) and attributes (e.g. description, isDone).\n\nExtracting the common behavior into a super class allows us to use\npolymorphism.\n\nLet\u0027s assign Task class as a parent class and create three other\nsubclasses. Using inheritance is preferable in this situation to\navoid code duplication.\n","tags":["A-Inheritance"],"fileTypesAndContributionMap":{"java":{"insertions":82,"deletions":0}}},{"hash":"841e5b11035125f206455301f3e1cb12f4bdfc79","isMergeCommit":false,"messageTitle":"Implement task creation feature","messageBody":"","fileTypesAndContributionMap":{"java":{"insertions":29,"deletions":14}}},{"hash":"78314bf5c03249da938940d8484aa22a336ad75d","isMergeCommit":false,"messageTitle":"Move task-related methods from TaskManager to new TaskList class","messageBody":"TaskManager handles both user input and task management, violating the\nsingle responsibility principle.\n\nExtracting methods like addTask, displayAllTasks, and toggleTaskStatus\ninto TaskList improves modularity.\n","tags":["Level-4"],"fileTypesAndContributionMap":{"java":{"insertions":71,"deletions":61}}},{"hash":"4a57970dcca63c0c2fa216b848c1227375564d7b","isMergeCommit":false,"messageTitle":"Update testing to include task creation and mark/unmarking tasks","messageBody":"","tags":["A-TextUiTesting"],"fileTypesAndContributionMap":{"txt":{"insertions":16,"deletions":0},"bat":{"insertions":1,"deletions":1}}},{"hash":"10f53fd024de5f45102e0c3d9b8a41f24474cfaf","isMergeCommit":false,"messageTitle":"Planit class: remove method PlayGame","messageBody":"","fileTypesAndContributionMap":{"java":{"insertions":1,"deletions":29}}},{"hash":"2697bb40f5f655dd430dc827dc5daf696f367369","isMergeCommit":false,"messageTitle":"Add UI class for user input and message display","messageBody":"","fileTypesAndContributionMap":{"java":{"insertions":124,"deletions":72}}},{"hash":"3a6fb7014c83891ba781a8b66e4f46ebbdc3e63a","isMergeCommit":false,"messageTitle":"Create CommandType enum to define task-related commands","messageBody":"","tags":["A-CodeQuality"],"fileTypesAndContributionMap":{"java":{"insertions":81,"deletions":35}}}]},{"date":"2025-02-07","commitResults":[{"hash":"419fff4bd26f3f2c359cc9fbd44d0db9fcbdc2bd","isMergeCommit":false,"messageTitle":"Make Task class abstract","messageBody":"Task has three subclasses: Todo, Deadline, and Event.\nSince tasks must belong to one of these types, making Task abstract\nprevents instantiation of generic tasks.\n","fileTypesAndContributionMap":{"java":{"insertions":11,"deletions":18}}}]},{"date":"2025-02-08","commitResults":[{"hash":"d3054dff359c92f424b01c996ecc6df1554a7658","isMergeCommit":false,"messageTitle":"Add Parser class to process user input","messageBody":"","fileTypesAndContributionMap":{"java":{"insertions":31,"deletions":26}}},{"hash":"d7292a2bb750cfeb22aefe655162474263905146","isMergeCommit":false,"messageTitle":"Add error handling for invalid user input","messageBody":"","fileTypesAndContributionMap":{"java":{"insertions":86,"deletions":27}}},{"hash":"245cce63f8ff5a9cb5d940b84defec232529b395","isMergeCommit":false,"messageTitle":"Add EmptyCommandException for incomplete arguments","messageBody":"","tags":["A-Exceptions"],"fileTypesAndContributionMap":{"java":{"insertions":44,"deletions":17}}},{"hash":"25ac00e5026baf2068a5addace22c95d128db5ae","isMergeCommit":true,"messageTitle":"Merge branch \u0027branch-Level-5\u0027","messageBody":"","tags":["Level-5"],"fileTypesAndContributionMap":{}},{"hash":"a50645a0356c38252a4c0d2d8ebd4072e68f3f34","isMergeCommit":false,"messageTitle":"Reorganize classes into appropriate Java packages","messageBody":"","fileTypesAndContributionMap":{"java":{"insertions":40,"deletions":2}}},{"hash":"a9b06fe8965809adbaab68a67add8368a40701c6","isMergeCommit":true,"messageTitle":"Merge branch \u0027branch-A-Packages\u0027","messageBody":"","tags":["A-Packages"],"fileTypesAndContributionMap":{}}]},{"date":"2025-02-12","commitResults":[{"hash":"3f5c51cb400e9f205f4efbea171f67c9ac50ef98","isMergeCommit":false,"messageTitle":"Update text-ui-test to include error handling","messageBody":"","fileTypesAndContributionMap":{"txt":{"insertions":2,"deletions":0},"bat":{"insertions":1,"deletions":1}}},{"hash":"b5c64cd2a406a62c1b5350c0965aa95ccc6c4f3d","isMergeCommit":false,"messageTitle":"Use Java Collections to manage task list","messageBody":"","tags":["A-Collections"],"fileTypesAndContributionMap":{"java":{"insertions":7,"deletions":5}}}]},{"date":"2025-02-13","commitResults":[{"hash":"146ce71827927081b98914bd182a61c34789ed0d","isMergeCommit":false,"messageTitle":"Implement task deletion functionality","messageBody":"","fileTypesAndContributionMap":{"java":{"insertions":42,"deletions":8}}}]},{"date":"2025-02-14","commitResults":[{"hash":"4f520fb2b4e237d88b0a69795707cc3817f330b9","isMergeCommit":false,"messageTitle":"Add Storage class to save tasks in hard disk","messageBody":"","fileTypesAndContributionMap":{"java":{"insertions":306,"deletions":5}}},{"hash":"f495c13ddd419728e03351581cbf9fd587c2fe71","isMergeCommit":false,"messageTitle":"Implement saving tasks to disk","messageBody":"","fileTypesAndContributionMap":{"java":{"insertions":56,"deletions":18}}},{"hash":"477f3d60e57815acc97615913685f1f96147555e","isMergeCommit":true,"messageTitle":"Merge branch \u0027branch-Level-6\u0027","messageBody":"","tags":["Level-6"],"fileTypesAndContributionMap":{}},{"hash":"c0c6811799f7215f00a45654ea19210b9b364870","isMergeCommit":true,"messageTitle":"Merge branch \u0027branch-Level-7\u0027","messageBody":"# Conflicts:\n#\tsrc/main/java/planit/task/TaskList.java\n","tags":["Level-7"],"fileTypesAndContributionMap":{}},{"hash":"832ecc530da6dc84cbc98bb589cd7a747dbd06b4","isMergeCommit":false,"messageTitle":"Use Java Path objects for cross-platform file path management","messageBody":"","fileTypesAndContributionMap":{"java":{"insertions":3,"deletions":1}}},{"hash":"5c26012f9ebbbbdb60906e04479724cf55e8c609","isMergeCommit":false,"messageTitle":"Refactor TaskList to use a Map for task storage by type","messageBody":"Let\u0027s replace the single ArrayList\u003cTask\u003e with a\nMap\u003cString, ArrayList\u003cTask\u003e\u003e to categorize tasks by type (todo,\ndeadline, event).\n\nThis improves task retrieval and makes it easier to display tasks\ncategorized by type.\n","fileTypesAndContributionMap":{"java":{"insertions":90,"deletions":36}}}]},{"date":"2025-02-17","commitResults":[{"hash":"ed96bb198ff390c78234c84f856fc68c9c971ef3","isMergeCommit":false,"messageTitle":"Display user-friendly messages and package app as JAR","messageBody":"- Added descriptive messages to inform users about task retrieval\nstatus.\n- Packaged the application as a JAR file for easy distribution.\n","tags":["A-Jar"],"fileTypesAndContributionMap":{"java":{"insertions":7,"deletions":4}}},{"hash":"0be5f0edc7abbb21044e7f0f17d3209732c5c042","isMergeCommit":false,"messageTitle":"Extract command classes to inherit from abstract Command class","messageBody":"Refactored command classes to inherit from a common Command class,\nensuring each command has its own implementation.\nThis improves code clarity and maintainability.\n","fileTypesAndContributionMap":{"java":{"insertions":531,"deletions":113}}},{"hash":"8a27f7deb6be597e3af56ba1d182b2e25f574d28","isMergeCommit":false,"messageTitle":"fix(command): ensure new command instances are created for each user input","messageBody":"Previously, the chatbot reused the same command instances from a static\nHashMap, causing input states to persist across multiple user\ninteractions. This led to issues such as error messages appearing\nrepeatedly even after correcting the input.\n\nTo resolve this:\n- Refactored the `Command.getCommand()` method to return a new\ninstance of the requested command each time it is called.\n- Ensured that each command execution is stateless by creating fresh\ninstances, preventing unexpected behaviors due to shared state.\n","fileTypesAndContributionMap":{"java":{"insertions":21,"deletions":15}}},{"hash":"0cd85806ddd7bb75f2021f07cceee431e8b36608","isMergeCommit":false,"messageTitle":"fix(parser): Correctly handle input starting with a key","messageBody":"Previously, the `parseKeyValuePairs` function would incorrectly treat\ninput starting with a key (e.g., \"/by tmr\") as part of the description.\nThis led to issues where key-value pairs were not parsed properly when\nno description was provided.\n\nLet\u0027s adjust the logic to split the input correctly, treating everything\nbefore the first `/` as the description, and the rest as key-value pairs.\n","fileTypesAndContributionMap":{"java":{"insertions":24,"deletions":13}}}]},{"date":"2025-02-18","commitResults":[{"hash":"aeb7c8c60696577454387a7b0acd06e5b58fa54c","isMergeCommit":false,"messageTitle":"Extract Planit messages to messages package","messageBody":"Moved all chatbot response messages to a new package for better\nmaintainability, consistency, and scalability. Centralized message\nmanagement allows for easier updates and potential future localization.\n","fileTypesAndContributionMap":{"java":{"insertions":143,"deletions":62}}},{"hash":"baf60d59e98af6dc49a4de74c15fe597b4f2d21b","isMergeCommit":true,"messageTitle":"Merge branch \u0027branch-A-MoreOOP\u0027","messageBody":"","tags":["A-MoreOOP"],"fileTypesAndContributionMap":{}}]},{"date":"2025-02-21","commitResults":[{"hash":"0a705e98573ebb4c52b0095919d93bae0f9df30e","isMergeCommit":false,"messageTitle":"Add help command to display user guide","messageBody":"","fileTypesAndContributionMap":{"java":{"insertions":136,"deletions":23}}}]},{"date":"2025-02-22","commitResults":[{"hash":"605900385c2f6aea59fba6cd58bf5f917686c652","isMergeCommit":false,"messageTitle":"fix(parser): remove matcher.matches() check before matcher.find()","messageBody":"Previously, the code used matcher.matches() to validate the entire input\nbefore processing key-value pairs with matcher.find(). However, this caused\nissues when only one match existed, as matcher.find() evaluated to false.\n\n- Removed `if (!matcher.matches())` check.\n- Now, `matcher.find()` runs directly, ensuring it processes key-value pairs\n  correctly even when only key-value pair is present.\n","fileTypesAndContributionMap":{"java":{"insertions":0,"deletions":4}}},{"hash":"e0be77765ef07380e7a12c7753d18b1a2898bcb0","isMergeCommit":false,"messageTitle":"Add DateParser class to handle date parsing","messageBody":"","fileTypesAndContributionMap":{"java":{"insertions":102,"deletions":23}}},{"hash":"8b0965a97d648bb98c083d16e71f02e51cd239b7","isMergeCommit":false,"messageTitle":"Implement date command to show tasks for a specific date","messageBody":"","fileTypesAndContributionMap":{"java":{"insertions":75,"deletions":0}}}]},{"date":"2025-02-23","commitResults":[{"hash":"8c7c34a77a77738f16b92b98352caf1404bee1ce","isMergeCommit":false,"messageTitle":"fix(DateParser): correct handling of date and datetime inputs","messageBody":"Date-only inputs (e.g., 23/2/2025) were not correctly parsed, even when\ntime was optional in the formatter. This was because LocalDateTime\nobjects cannot store dates without a time component.\n\nTo fix this:\n- First attempt parsing the input as a LocalDateTime.\n- If that fails, parse it as a LocalDate and convert it to LocalDateTime\n  with a default time of 00:00.\n\nThis ensures proper handling of both date-only and datetime inputs.\n","fileTypesAndContributionMap":{"java":{"insertions":28,"deletions":7}}},{"hash":"4d2f015a6664b76eaa18d436e450524bcfed3ecd","isMergeCommit":false,"messageTitle":"Update runtest.bat in text UI tests to reflect new features","messageBody":"","fileTypesAndContributionMap":{"bat":{"insertions":2,"deletions":2}}}]},{"date":"2025-02-24","commitResults":[{"hash":"166cd05265e0c7dffcebb4584b9fd7d741c6a22c","isMergeCommit":false,"messageTitle":"Implement find command to show tasks with a specific keyword","messageBody":"","fileTypesAndContributionMap":{"java":{"insertions":68,"deletions":1}}},{"hash":"ab51abe1af5f9578febeb13e1272b7c9ec74b1c0","isMergeCommit":true,"messageTitle":"Merge pull request #1 from roshnidaksha/branch-Level-8","messageBody":"Implement Date and Time Parsing and Storage","tags":["Level-8"],"fileTypesAndContributionMap":{}},{"hash":"9a1f6934874e982dd3cc9b573ee2f7bca78ba763","isMergeCommit":true,"messageTitle":"Merge pull request #2 from roshnidaksha/branch-Level-9","messageBody":"Implement finding tasks by keyword","tags":["Level-9"],"fileTypesAndContributionMap":{}}]},{"date":"2025-02-25","commitResults":[{"hash":"a6e6dc44d3a60e588b311be30fe00e4fafc96602","isMergeCommit":false,"messageTitle":"Add JavaDoc comments to classes and methods","messageBody":"","fileTypesAndContributionMap":{"java":{"insertions":87,"deletions":17}}},{"hash":"b7ef9d18ceeab76eab2b542856463ab865495da8","isMergeCommit":false,"messageTitle":"Improve user message formatting for better readability","messageBody":"","fileTypesAndContributionMap":{"java":{"insertions":13,"deletions":22}}},{"hash":"66e0ebe0a1d266da2d9bf45c5a05a71d2e37e340","isMergeCommit":false,"messageTitle":"Add CommandResult class to encapsulate command execution results","messageBody":"","fileTypesAndContributionMap":{"java":{"insertions":276,"deletions":86}}},{"hash":"7613700e787b1fdd82aa442786aa2b5e7dfd94f8","isMergeCommit":false,"messageTitle":"Include relevant tasks in CommandResult for list, find, and date","messageBody":"","fileTypesAndContributionMap":{"java":{"insertions":41,"deletions":32}}},{"hash":"8399cf997b107963793a347c76ecf6c3c0f4eac4","isMergeCommit":false,"messageTitle":"fix(Parser): handle /on flag properly for date command","messageBody":"","fileTypesAndContributionMap":{"java":{"insertions":3,"deletions":2}}},{"hash":"3166d58b8674f920a3c3bef1efa66f5c14b187da","isMergeCommit":true,"messageTitle":"Merge pull request #3 from roshnidaksha/branch-A-JavaDoc","messageBody":"Add JavaDoc comments","tags":["A-JavaDoc"],"fileTypesAndContributionMap":{}},{"hash":"884847e371adfb5f9bcd38eff5a67ae0c16104a3","isMergeCommit":false,"messageTitle":"Refine user messages for better clarity","messageBody":"","fileTypesAndContributionMap":{"java":{"insertions":11,"deletions":1}}},{"hash":"e81e75d79480e73cb86706bde0575f6542706ad1","isMergeCommit":false,"messageTitle":"Add user guide with instructions","messageBody":"","tags":["A-UserGuide"],"fileTypesAndContributionMap":{"md":{"insertions":285,"deletions":13}}}]},{"date":"2025-02-26","commitResults":[{"hash":"30410a4bc6dd3c591f94a1f68739a4ab61252ff3","isMergeCommit":false,"messageTitle":"Update message display","messageBody":"","fileTypesAndContributionMap":{"java":{"insertions":1,"deletions":0}}}]},{"date":"2025-02-27","commitResults":[{"hash":"47b88df1b1609a64de5140ba2d58ee20d911cab5","isMergeCommit":false,"messageTitle":"fix(Event): add validation to ensure event start time is before end time","messageBody":"","fileTypesAndContributionMap":{"java":{"insertions":8,"deletions":2}}},{"hash":"f4a469f180b2f00a99872b2aa1f7c4074a235b46","isMergeCommit":false,"messageTitle":"fix: save data immediately after add and delete commands","messageBody":"Tasks were only saved when the user exited with \u0027bye\u0027, which could\ncause data loss if the program crashed.\n\nLet\u0027s save tasks immediately after every add or delete command to\nensure data persistence.\n","fileTypesAndContributionMap":{"java":{"insertions":7,"deletions":3}}},{"hash":"5322fe683c2f90111f1599bb681d977b52fc2b5b","isMergeCommit":false,"messageTitle":"Add command to clear all tasks and update README.md","messageBody":"","fileTypesAndContributionMap":{"java":{"insertions":98,"deletions":6},"md":{"insertions":54,"deletions":12}}},{"hash":"a3025af62a3562d4bd70516d48b42c407e339eaa","isMergeCommit":false,"messageTitle":"Update README.md to improve formatting","messageBody":"","fileTypesAndContributionMap":{"md":{"insertions":8,"deletions":2}}}]},{"date":"2025-03-01","commitResults":[{"hash":"0bf0fee9631f5539a40547c1a7bbb269b91661e9","isMergeCommit":false,"messageTitle":"fix(Parser): remove unnecessary checks","messageBody":"","fileTypesAndContributionMap":{"java":{"insertions":31,"deletions":21}}}]}]},"authorFileTypeContributionMap":{"roshnidaksha":{"java":2249,"md":335,"fxml":0,"sh":1,"bat":2,"gradle":0,"txt":18}},"authorContributionVariance":{"roshnidaksha":36512.29},"authorDisplayNameMap":{"roshnidaksha":"CS2113-T11a-3 GOVI..KSHA"}}
