[{"path":"README.md","fileType":"md","lines":[{"lineNumber":1,"author":{"gitId":"irfandeen"},"content":"# WallE project template","lastModifiedDate":"2025-01-21","isFullCredit":false},{"lineNumber":2,"author":{"gitId":"-"},"content":"","lastModifiedDate":"2020-05-25","isFullCredit":false},{"lineNumber":3,"author":{"gitId":"-"},"content":"This is a project template for a greenfield Java project. It\u0027s named after the Java mascot _Duke_. Given below are instructions on how to use it.","lastModifiedDate":"2020-05-25","isFullCredit":false},{"lineNumber":4,"author":{"gitId":"-"},"content":"","lastModifiedDate":"2020-05-25","isFullCredit":false},{"lineNumber":5,"author":{"gitId":"-"},"content":"## Setting up in Intellij","lastModifiedDate":"2020-05-25","isFullCredit":false},{"lineNumber":6,"author":{"gitId":"-"},"content":"","lastModifiedDate":"2020-05-25","isFullCredit":false},{"lineNumber":7,"author":{"gitId":"-"},"content":"Prerequisites: JDK 17, update Intellij to the most recent version.","lastModifiedDate":"2024-07-11","isFullCredit":false},{"lineNumber":8,"author":{"gitId":"-"},"content":"","lastModifiedDate":"2020-05-25","isFullCredit":false},{"lineNumber":9,"author":{"gitId":"-"},"content":"1. Open Intellij (if you are not in the welcome screen, click `File` \u003e `Close Project` to close the existing project first)","lastModifiedDate":"2021-01-17","isFullCredit":false},{"lineNumber":10,"author":{"gitId":"-"},"content":"1. Open the project into Intellij as follows:","lastModifiedDate":"2021-01-17","isFullCredit":false},{"lineNumber":11,"author":{"gitId":"-"},"content":"   1. Click `Open`.","lastModifiedDate":"2021-01-17","isFullCredit":false},{"lineNumber":12,"author":{"gitId":"-"},"content":"   1. Select the project directory, and click `OK`.","lastModifiedDate":"2021-01-17","isFullCredit":false},{"lineNumber":13,"author":{"gitId":"-"},"content":"   1. If there are any further prompts, accept the defaults.","lastModifiedDate":"2020-05-25","isFullCredit":false},{"lineNumber":14,"author":{"gitId":"-"},"content":"1. Configure the project to use **JDK 17** (not other versions) as explained in [here](https://www.jetbrains.com/help/idea/sdk.html#set-up-jdk).\u003cbr\u003e","lastModifiedDate":"2024-07-11","isFullCredit":false},{"lineNumber":15,"author":{"gitId":"-"},"content":"   In the same dialog, set the **Project language level** field to the `SDK default` option.","lastModifiedDate":"2021-07-29","isFullCredit":false},{"lineNumber":16,"author":{"gitId":"irfandeen"},"content":"1. After that, locate the `src/main/java/WallE.java` file, right-click it, and choose `Run WallE.main()` (if the code editor is showing compile errors, try restarting the IDE). If the setup is correct, you should see something like the below as the output:","lastModifiedDate":"2025-01-21","isFullCredit":false},{"lineNumber":17,"author":{"gitId":"-"},"content":"   ```","lastModifiedDate":"2020-05-25","isFullCredit":false},{"lineNumber":18,"author":{"gitId":"-"},"content":"   Hello from","lastModifiedDate":"2020-05-25","isFullCredit":false},{"lineNumber":19,"author":{"gitId":"-"},"content":"    ____        _        ","lastModifiedDate":"2020-05-25","isFullCredit":false},{"lineNumber":20,"author":{"gitId":"-"},"content":"   |  _ \\ _   _| | _____ ","lastModifiedDate":"2020-05-25","isFullCredit":false},{"lineNumber":21,"author":{"gitId":"-"},"content":"   | | | | | | | |/ / _ \\","lastModifiedDate":"2020-05-25","isFullCredit":false},{"lineNumber":22,"author":{"gitId":"-"},"content":"   | |_| | |_| |   \u003c  __/","lastModifiedDate":"2020-05-25","isFullCredit":false},{"lineNumber":23,"author":{"gitId":"-"},"content":"   |____/ \\__,_|_|\\_\\___|","lastModifiedDate":"2020-05-25","isFullCredit":false},{"lineNumber":24,"author":{"gitId":"-"},"content":"   ```","lastModifiedDate":"2020-05-25","isFullCredit":false},{"lineNumber":25,"author":{"gitId":"-"},"content":"","lastModifiedDate":"2025-01-04","isFullCredit":false},{"lineNumber":26,"author":{"gitId":"-"},"content":"**Warning:** Keep the `src\\main\\java` folder as the root folder for Java files (i.e., don\u0027t rename those folders or move Java files to another folder outside of this folder path), as this is the default location some tools (e.g., Gradle) expect to find Java files.","lastModifiedDate":"2025-01-04","isFullCredit":false}],"authorContributionMap":{"irfandeen":2,"-":24}},{"path":"docs/README.md","fileType":"md","lines":[{"lineNumber":1,"author":{"gitId":"irfandeen"},"content":"# WallE User Guide","lastModifiedDate":"2025-01-21","isFullCredit":false},{"lineNumber":2,"author":{"gitId":"-"},"content":"","lastModifiedDate":"2019-07-29","isFullCredit":false},{"lineNumber":3,"author":{"gitId":"-"},"content":"// Update the title above to match the actual product name","lastModifiedDate":"2024-01-07","isFullCredit":false},{"lineNumber":4,"author":{"gitId":"-"},"content":"","lastModifiedDate":"2019-07-29","isFullCredit":false},{"lineNumber":5,"author":{"gitId":"-"},"content":"// Product screenshot goes here","lastModifiedDate":"2024-01-07","isFullCredit":false},{"lineNumber":6,"author":{"gitId":"-"},"content":"","lastModifiedDate":"2021-07-17","isFullCredit":false},{"lineNumber":7,"author":{"gitId":"-"},"content":"// Product intro goes here","lastModifiedDate":"2024-01-07","isFullCredit":false},{"lineNumber":8,"author":{"gitId":"-"},"content":"","lastModifiedDate":"2021-07-17","isFullCredit":false},{"lineNumber":9,"author":{"gitId":"-"},"content":"## Adding deadlines","lastModifiedDate":"2024-01-07","isFullCredit":false},{"lineNumber":10,"author":{"gitId":"-"},"content":"","lastModifiedDate":"2021-07-17","isFullCredit":false},{"lineNumber":11,"author":{"gitId":"-"},"content":"// Describe the action and its outcome.","lastModifiedDate":"2024-01-07","isFullCredit":false},{"lineNumber":12,"author":{"gitId":"-"},"content":"","lastModifiedDate":"2019-07-29","isFullCredit":false},{"lineNumber":13,"author":{"gitId":"-"},"content":"// Give examples of usage","lastModifiedDate":"2024-01-07","isFullCredit":false},{"lineNumber":14,"author":{"gitId":"-"},"content":"","lastModifiedDate":"2019-07-29","isFullCredit":false},{"lineNumber":15,"author":{"gitId":"-"},"content":"Example: `keyword (optional arguments)`","lastModifiedDate":"2024-01-07","isFullCredit":false},{"lineNumber":16,"author":{"gitId":"-"},"content":"","lastModifiedDate":"2019-07-29","isFullCredit":false},{"lineNumber":17,"author":{"gitId":"-"},"content":"// A description of the expected outcome goes here","lastModifiedDate":"2024-01-07","isFullCredit":false},{"lineNumber":18,"author":{"gitId":"-"},"content":"","lastModifiedDate":"2019-07-29","isFullCredit":false},{"lineNumber":19,"author":{"gitId":"-"},"content":"```","lastModifiedDate":"2024-01-07","isFullCredit":false},{"lineNumber":20,"author":{"gitId":"-"},"content":"expected output","lastModifiedDate":"2024-01-07","isFullCredit":false},{"lineNumber":21,"author":{"gitId":"-"},"content":"```","lastModifiedDate":"2024-01-07","isFullCredit":false},{"lineNumber":22,"author":{"gitId":"-"},"content":"","lastModifiedDate":"2019-07-29","isFullCredit":false},{"lineNumber":23,"author":{"gitId":"-"},"content":"## Feature ABC","lastModifiedDate":"2024-01-07","isFullCredit":false},{"lineNumber":24,"author":{"gitId":"-"},"content":"","lastModifiedDate":"2019-07-29","isFullCredit":false},{"lineNumber":25,"author":{"gitId":"-"},"content":"// Feature details","lastModifiedDate":"2024-01-07","isFullCredit":false},{"lineNumber":26,"author":{"gitId":"-"},"content":"","lastModifiedDate":"2019-07-29","isFullCredit":false},{"lineNumber":27,"author":{"gitId":"-"},"content":"","lastModifiedDate":"2021-07-17","isFullCredit":false},{"lineNumber":28,"author":{"gitId":"-"},"content":"## Feature XYZ","lastModifiedDate":"2024-01-07","isFullCredit":false},{"lineNumber":29,"author":{"gitId":"-"},"content":"","lastModifiedDate":"2024-01-07","isFullCredit":false},{"lineNumber":30,"author":{"gitId":"-"},"content":"// Feature details","lastModifiedDate":"2024-01-07","isFullCredit":false}],"authorContributionMap":{"irfandeen":1,"-":29}},{"path":"src/main/java/walle/Deadline.java","fileType":"java","lines":[{"lineNumber":1,"author":{"gitId":"irfandeen"},"content":"package walle;","lastModifiedDate":"2025-02-15","isFullCredit":false},{"lineNumber":2,"author":{"gitId":"irfandeen"},"content":"","lastModifiedDate":"2025-02-15","isFullCredit":false},{"lineNumber":3,"author":{"gitId":"irfandeen"},"content":"public class Deadline extends Task {","lastModifiedDate":"2025-02-12","isFullCredit":false},{"lineNumber":4,"author":{"gitId":"irfandeen"},"content":"    protected String dueDate;","lastModifiedDate":"2025-02-12","isFullCredit":false},{"lineNumber":5,"author":{"gitId":"irfandeen"},"content":"","lastModifiedDate":"2025-02-12","isFullCredit":false},{"lineNumber":6,"author":{"gitId":"irfandeen"},"content":"    public Deadline(String description, String dueDate) {","lastModifiedDate":"2025-02-12","isFullCredit":false},{"lineNumber":7,"author":{"gitId":"irfandeen"},"content":"        super(description);","lastModifiedDate":"2025-02-12","isFullCredit":false},{"lineNumber":8,"author":{"gitId":"irfandeen"},"content":"        this.dueDate \u003d dueDate;","lastModifiedDate":"2025-02-12","isFullCredit":false},{"lineNumber":9,"author":{"gitId":"irfandeen"},"content":"    }","lastModifiedDate":"2025-02-12","isFullCredit":false},{"lineNumber":10,"author":{"gitId":"irfandeen"},"content":"","lastModifiedDate":"2025-02-12","isFullCredit":false},{"lineNumber":11,"author":{"gitId":"irfandeen"},"content":"    @Override","lastModifiedDate":"2025-02-12","isFullCredit":false},{"lineNumber":12,"author":{"gitId":"irfandeen"},"content":"    public String getType() {","lastModifiedDate":"2025-02-12","isFullCredit":false},{"lineNumber":13,"author":{"gitId":"irfandeen"},"content":"        return \"[D]\";","lastModifiedDate":"2025-02-12","isFullCredit":false},{"lineNumber":14,"author":{"gitId":"irfandeen"},"content":"    }","lastModifiedDate":"2025-02-12","isFullCredit":false},{"lineNumber":15,"author":{"gitId":"irfandeen"},"content":"","lastModifiedDate":"2025-02-15","isFullCredit":false},{"lineNumber":16,"author":{"gitId":"irfandeen"},"content":"    @Override","lastModifiedDate":"2025-02-15","isFullCredit":false},{"lineNumber":17,"author":{"gitId":"irfandeen"},"content":"    public String toString() {","lastModifiedDate":"2025-02-15","isFullCredit":false},{"lineNumber":18,"author":{"gitId":"irfandeen"},"content":"        return super.toString() + \" (by: \" + dueDate + \")\";","lastModifiedDate":"2025-02-15","isFullCredit":false},{"lineNumber":19,"author":{"gitId":"irfandeen"},"content":"    }","lastModifiedDate":"2025-02-15","isFullCredit":false},{"lineNumber":20,"author":{"gitId":"irfandeen"},"content":"}","lastModifiedDate":"2025-02-12","isFullCredit":false}],"authorContributionMap":{"irfandeen":20}},{"path":"src/main/java/walle/Event.java","fileType":"java","lines":[{"lineNumber":1,"author":{"gitId":"irfandeen"},"content":"package walle;","lastModifiedDate":"2025-02-15","isFullCredit":false},{"lineNumber":2,"author":{"gitId":"irfandeen"},"content":"","lastModifiedDate":"2025-02-15","isFullCredit":false},{"lineNumber":3,"author":{"gitId":"irfandeen"},"content":"public class Event extends Task {","lastModifiedDate":"2025-02-12","isFullCredit":false},{"lineNumber":4,"author":{"gitId":"irfandeen"},"content":"    protected String startDate;","lastModifiedDate":"2025-02-12","isFullCredit":false},{"lineNumber":5,"author":{"gitId":"irfandeen"},"content":"    protected String endDate;","lastModifiedDate":"2025-02-12","isFullCredit":false},{"lineNumber":6,"author":{"gitId":"irfandeen"},"content":"","lastModifiedDate":"2025-02-12","isFullCredit":false},{"lineNumber":7,"author":{"gitId":"irfandeen"},"content":"    public Event(String description, String startDate, String endDate) {","lastModifiedDate":"2025-02-12","isFullCredit":false},{"lineNumber":8,"author":{"gitId":"irfandeen"},"content":"        super(description);","lastModifiedDate":"2025-02-12","isFullCredit":false},{"lineNumber":9,"author":{"gitId":"irfandeen"},"content":"        this.startDate \u003d startDate;","lastModifiedDate":"2025-02-12","isFullCredit":false},{"lineNumber":10,"author":{"gitId":"irfandeen"},"content":"        this.endDate \u003d endDate;","lastModifiedDate":"2025-02-12","isFullCredit":false},{"lineNumber":11,"author":{"gitId":"irfandeen"},"content":"    }","lastModifiedDate":"2025-02-12","isFullCredit":false},{"lineNumber":12,"author":{"gitId":"irfandeen"},"content":"","lastModifiedDate":"2025-02-12","isFullCredit":false},{"lineNumber":13,"author":{"gitId":"irfandeen"},"content":"    @Override","lastModifiedDate":"2025-02-12","isFullCredit":false},{"lineNumber":14,"author":{"gitId":"irfandeen"},"content":"    public String getType() {","lastModifiedDate":"2025-02-12","isFullCredit":false},{"lineNumber":15,"author":{"gitId":"irfandeen"},"content":"        return \"[E]\";","lastModifiedDate":"2025-02-12","isFullCredit":false},{"lineNumber":16,"author":{"gitId":"irfandeen"},"content":"    }","lastModifiedDate":"2025-02-12","isFullCredit":false},{"lineNumber":17,"author":{"gitId":"irfandeen"},"content":"","lastModifiedDate":"2025-02-15","isFullCredit":false},{"lineNumber":18,"author":{"gitId":"irfandeen"},"content":"    @Override","lastModifiedDate":"2025-02-15","isFullCredit":false},{"lineNumber":19,"author":{"gitId":"irfandeen"},"content":"    public String toString() {","lastModifiedDate":"2025-02-15","isFullCredit":false},{"lineNumber":20,"author":{"gitId":"irfandeen"},"content":"        return super.toString() + \" (from: \" + startDate + \", to: \" + endDate + \")\";","lastModifiedDate":"2025-02-15","isFullCredit":false},{"lineNumber":21,"author":{"gitId":"irfandeen"},"content":"    }","lastModifiedDate":"2025-02-15","isFullCredit":false},{"lineNumber":22,"author":{"gitId":"irfandeen"},"content":"}","lastModifiedDate":"2025-02-12","isFullCredit":false}],"authorContributionMap":{"irfandeen":22}},{"path":"src/main/java/walle/Task.java","fileType":"java","lines":[{"lineNumber":1,"author":{"gitId":"irfandeen"},"content":"package walle;","lastModifiedDate":"2025-02-15","isFullCredit":false},{"lineNumber":2,"author":{"gitId":"irfandeen"},"content":"","lastModifiedDate":"2025-02-15","isFullCredit":false},{"lineNumber":3,"author":{"gitId":"irfandeen"},"content":"public class Task {","lastModifiedDate":"2025-02-02","isFullCredit":false},{"lineNumber":4,"author":{"gitId":"irfandeen"},"content":"    protected String description;","lastModifiedDate":"2025-02-02","isFullCredit":false},{"lineNumber":5,"author":{"gitId":"irfandeen"},"content":"    protected boolean isDone;","lastModifiedDate":"2025-02-02","isFullCredit":false},{"lineNumber":6,"author":{"gitId":"irfandeen"},"content":"","lastModifiedDate":"2025-02-02","isFullCredit":false},{"lineNumber":7,"author":{"gitId":"irfandeen"},"content":"    public Task(String description) {","lastModifiedDate":"2025-02-02","isFullCredit":false},{"lineNumber":8,"author":{"gitId":"irfandeen"},"content":"        this.description \u003d description;","lastModifiedDate":"2025-02-02","isFullCredit":false},{"lineNumber":9,"author":{"gitId":"irfandeen"},"content":"        this.isDone \u003d false;","lastModifiedDate":"2025-02-02","isFullCredit":false},{"lineNumber":10,"author":{"gitId":"irfandeen"},"content":"    }","lastModifiedDate":"2025-02-02","isFullCredit":false},{"lineNumber":11,"author":{"gitId":"irfandeen"},"content":"","lastModifiedDate":"2025-02-02","isFullCredit":false},{"lineNumber":12,"author":{"gitId":"irfandeen"},"content":"    public String getStatusIcon() {","lastModifiedDate":"2025-02-02","isFullCredit":false},{"lineNumber":13,"author":{"gitId":"irfandeen"},"content":"        return (isDone ? \"[X]\" : \"[ ]\");","lastModifiedDate":"2025-02-12","isFullCredit":false},{"lineNumber":14,"author":{"gitId":"irfandeen"},"content":"    }","lastModifiedDate":"2025-02-02","isFullCredit":false},{"lineNumber":15,"author":{"gitId":"irfandeen"},"content":"","lastModifiedDate":"2025-02-02","isFullCredit":false},{"lineNumber":16,"author":{"gitId":"irfandeen"},"content":"    public void markAsDone() {","lastModifiedDate":"2025-02-02","isFullCredit":false},{"lineNumber":17,"author":{"gitId":"irfandeen"},"content":"        isDone \u003d true;","lastModifiedDate":"2025-02-02","isFullCredit":false},{"lineNumber":18,"author":{"gitId":"irfandeen"},"content":"    }","lastModifiedDate":"2025-02-02","isFullCredit":false},{"lineNumber":19,"author":{"gitId":"irfandeen"},"content":"","lastModifiedDate":"2025-02-02","isFullCredit":false},{"lineNumber":20,"author":{"gitId":"irfandeen"},"content":"    public void unmarkAsDone() {","lastModifiedDate":"2025-02-02","isFullCredit":false},{"lineNumber":21,"author":{"gitId":"irfandeen"},"content":"        isDone \u003d false;","lastModifiedDate":"2025-02-02","isFullCredit":false},{"lineNumber":22,"author":{"gitId":"irfandeen"},"content":"    }","lastModifiedDate":"2025-02-02","isFullCredit":false},{"lineNumber":23,"author":{"gitId":"irfandeen"},"content":"","lastModifiedDate":"2025-02-12","isFullCredit":false},{"lineNumber":24,"author":{"gitId":"irfandeen"},"content":"    public String getType() {","lastModifiedDate":"2025-02-12","isFullCredit":false},{"lineNumber":25,"author":{"gitId":"irfandeen"},"content":"        return \"[ ]\";","lastModifiedDate":"2025-02-12","isFullCredit":false},{"lineNumber":26,"author":{"gitId":"irfandeen"},"content":"    }","lastModifiedDate":"2025-02-12","isFullCredit":false},{"lineNumber":27,"author":{"gitId":"irfandeen"},"content":"","lastModifiedDate":"2025-02-12","isFullCredit":false},{"lineNumber":28,"author":{"gitId":"irfandeen"},"content":"    @Override","lastModifiedDate":"2025-02-12","isFullCredit":false},{"lineNumber":29,"author":{"gitId":"irfandeen"},"content":"    public String toString() {","lastModifiedDate":"2025-02-12","isFullCredit":false},{"lineNumber":30,"author":{"gitId":"irfandeen"},"content":"        return getType() + getStatusIcon() + \" \" + description;","lastModifiedDate":"2025-02-12","isFullCredit":false},{"lineNumber":31,"author":{"gitId":"irfandeen"},"content":"    }","lastModifiedDate":"2025-02-12","isFullCredit":false},{"lineNumber":32,"author":{"gitId":"irfandeen"},"content":"}","lastModifiedDate":"2025-02-02","isFullCredit":false}],"authorContributionMap":{"irfandeen":32}},{"path":"src/main/java/walle/Todo.java","fileType":"java","lines":[{"lineNumber":1,"author":{"gitId":"irfandeen"},"content":"package walle;","lastModifiedDate":"2025-02-15","isFullCredit":false},{"lineNumber":2,"author":{"gitId":"irfandeen"},"content":"","lastModifiedDate":"2025-02-15","isFullCredit":false},{"lineNumber":3,"author":{"gitId":"irfandeen"},"content":"public class Todo extends Task {","lastModifiedDate":"2025-02-12","isFullCredit":false},{"lineNumber":4,"author":{"gitId":"irfandeen"},"content":"    public Todo(String description) {","lastModifiedDate":"2025-02-12","isFullCredit":false},{"lineNumber":5,"author":{"gitId":"irfandeen"},"content":"        super(description);","lastModifiedDate":"2025-02-12","isFullCredit":false},{"lineNumber":6,"author":{"gitId":"irfandeen"},"content":"    }","lastModifiedDate":"2025-02-12","isFullCredit":false},{"lineNumber":7,"author":{"gitId":"irfandeen"},"content":"","lastModifiedDate":"2025-02-12","isFullCredit":false},{"lineNumber":8,"author":{"gitId":"irfandeen"},"content":"    @Override","lastModifiedDate":"2025-02-12","isFullCredit":false},{"lineNumber":9,"author":{"gitId":"irfandeen"},"content":"    public String getType() {","lastModifiedDate":"2025-02-12","isFullCredit":false},{"lineNumber":10,"author":{"gitId":"irfandeen"},"content":"        return \"[T]\";","lastModifiedDate":"2025-02-12","isFullCredit":false},{"lineNumber":11,"author":{"gitId":"irfandeen"},"content":"    }","lastModifiedDate":"2025-02-12","isFullCredit":false},{"lineNumber":12,"author":{"gitId":"irfandeen"},"content":"}","lastModifiedDate":"2025-02-12","isFullCredit":false}],"authorContributionMap":{"irfandeen":12}},{"path":"src/main/java/walle/WallE.java","fileType":"java","lines":[{"lineNumber":1,"author":{"gitId":"irfandeen"},"content":"package walle;","lastModifiedDate":"2025-02-15","isFullCredit":false},{"lineNumber":2,"author":{"gitId":"irfandeen"},"content":"","lastModifiedDate":"2025-02-15","isFullCredit":false},{"lineNumber":3,"author":{"gitId":"irfandeen"},"content":"import java.util.Scanner;","lastModifiedDate":"2025-02-02","isFullCredit":false},{"lineNumber":4,"author":{"gitId":"irfandeen"},"content":"","lastModifiedDate":"2025-02-02","isFullCredit":false},{"lineNumber":5,"author":{"gitId":"irfandeen"},"content":"public class WallE {","lastModifiedDate":"2025-01-21","isFullCredit":false},{"lineNumber":6,"author":{"gitId":"irfandeen"},"content":"    private static final int MAX_LIST_SIZE \u003d 100;","lastModifiedDate":"2025-02-12","isFullCredit":false},{"lineNumber":7,"author":{"gitId":"irfandeen"},"content":"    private static final String exitMessage \u003d \"Bye. Hope to see you again soon!\";","lastModifiedDate":"2025-02-12","isFullCredit":false},{"lineNumber":8,"author":{"gitId":"irfandeen"},"content":"    private static final String greeting \u003d \"Hello! I\u0027m Wall-E!\\n\" + \"\\tWhat can I do for you?\\n\\n\";","lastModifiedDate":"2025-02-12","isFullCredit":false},{"lineNumber":9,"author":{"gitId":"irfandeen"},"content":"    private static int listSize \u003d 0;","lastModifiedDate":"2025-02-12","isFullCredit":false},{"lineNumber":10,"author":{"gitId":"irfandeen"},"content":"","lastModifiedDate":"2025-02-12","isFullCredit":false},{"lineNumber":11,"author":{"gitId":"irfandeen"},"content":"    public static void printLineBreak() {","lastModifiedDate":"2025-02-02","isFullCredit":false},{"lineNumber":12,"author":{"gitId":"irfandeen"},"content":"        String lineBreak \u003d \"\\t_________________________________\\n\";","lastModifiedDate":"2025-02-02","isFullCredit":false},{"lineNumber":13,"author":{"gitId":"irfandeen"},"content":"        System.out.print(lineBreak);","lastModifiedDate":"2025-02-02","isFullCredit":false},{"lineNumber":14,"author":{"gitId":"irfandeen"},"content":"    }","lastModifiedDate":"2025-02-02","isFullCredit":false},{"lineNumber":15,"author":{"gitId":"irfandeen"},"content":"","lastModifiedDate":"2025-02-02","isFullCredit":false},{"lineNumber":16,"author":{"gitId":"irfandeen"},"content":"    public static void printWithLineBreak(String response) {","lastModifiedDate":"2025-02-02","isFullCredit":false},{"lineNumber":17,"author":{"gitId":"irfandeen"},"content":"        printLineBreak();","lastModifiedDate":"2025-02-02","isFullCredit":false},{"lineNumber":18,"author":{"gitId":"irfandeen"},"content":"        System.out.println(\"\\t\" + response);","lastModifiedDate":"2025-02-02","isFullCredit":false},{"lineNumber":19,"author":{"gitId":"irfandeen"},"content":"        printLineBreak();","lastModifiedDate":"2025-02-02","isFullCredit":false},{"lineNumber":20,"author":{"gitId":"irfandeen"},"content":"    }","lastModifiedDate":"2025-02-02","isFullCredit":false},{"lineNumber":21,"author":{"gitId":"irfandeen"},"content":"","lastModifiedDate":"2025-02-02","isFullCredit":false},{"lineNumber":22,"author":{"gitId":"irfandeen"},"content":"    public static void printWithoutLineBreak(String response) {","lastModifiedDate":"2025-02-02","isFullCredit":false},{"lineNumber":23,"author":{"gitId":"irfandeen"},"content":"        System.out.println(\"\\t\" + response);","lastModifiedDate":"2025-02-02","isFullCredit":false},{"lineNumber":24,"author":{"gitId":"irfandeen"},"content":"    }","lastModifiedDate":"2025-02-02","isFullCredit":false},{"lineNumber":25,"author":{"gitId":"irfandeen"},"content":"","lastModifiedDate":"2025-02-02","isFullCredit":false},{"lineNumber":26,"author":{"gitId":"irfandeen"},"content":"    public static void printGreeting() {","lastModifiedDate":"2025-02-02","isFullCredit":false},{"lineNumber":27,"author":{"gitId":"irfandeen"},"content":"        printWithLineBreak(greeting);","lastModifiedDate":"2025-02-02","isFullCredit":false},{"lineNumber":28,"author":{"gitId":"irfandeen"},"content":"    }","lastModifiedDate":"2025-02-02","isFullCredit":false},{"lineNumber":29,"author":{"gitId":"irfandeen"},"content":"","lastModifiedDate":"2025-02-02","isFullCredit":false},{"lineNumber":30,"author":{"gitId":"irfandeen"},"content":"    public static void printExitMessage() {","lastModifiedDate":"2025-02-15","isFullCredit":false},{"lineNumber":31,"author":{"gitId":"irfandeen"},"content":"        printWithLineBreak(exitMessage);","lastModifiedDate":"2025-02-02","isFullCredit":false},{"lineNumber":32,"author":{"gitId":"irfandeen"},"content":"    }","lastModifiedDate":"2025-02-02","isFullCredit":false},{"lineNumber":33,"author":{"gitId":"irfandeen"},"content":"","lastModifiedDate":"2025-02-02","isFullCredit":false},{"lineNumber":34,"author":{"gitId":"irfandeen"},"content":"    public static void printTaskList(Task[] tasks, int size) {","lastModifiedDate":"2025-02-02","isFullCredit":false},{"lineNumber":35,"author":{"gitId":"irfandeen"},"content":"        printLineBreak();","lastModifiedDate":"2025-02-02","isFullCredit":false},{"lineNumber":36,"author":{"gitId":"irfandeen"},"content":"        printWithoutLineBreak(\"Here are the tasks in your list: \");","lastModifiedDate":"2025-02-02","isFullCredit":false},{"lineNumber":37,"author":{"gitId":"irfandeen"},"content":"        for (int i \u003d 0; i \u003c size; i++) {","lastModifiedDate":"2025-02-02","isFullCredit":false},{"lineNumber":38,"author":{"gitId":"irfandeen"},"content":"            printWithoutLineBreak(Integer.toString(i + 1) + \". \" + tasks[i]);","lastModifiedDate":"2025-02-12","isFullCredit":false},{"lineNumber":39,"author":{"gitId":"irfandeen"},"content":"        }","lastModifiedDate":"2025-02-02","isFullCredit":false},{"lineNumber":40,"author":{"gitId":"irfandeen"},"content":"        printLineBreak();","lastModifiedDate":"2025-02-02","isFullCredit":false},{"lineNumber":41,"author":{"gitId":"irfandeen"},"content":"    }","lastModifiedDate":"2025-02-02","isFullCredit":false},{"lineNumber":42,"author":{"gitId":"irfandeen"},"content":"","lastModifiedDate":"2025-02-02","isFullCredit":false},{"lineNumber":43,"author":{"gitId":"irfandeen"},"content":"    public static void main(String[] args) {","lastModifiedDate":"2025-02-02","isFullCredit":false},{"lineNumber":44,"author":{"gitId":"irfandeen"},"content":"        printGreeting();","lastModifiedDate":"2025-02-02","isFullCredit":false},{"lineNumber":45,"author":{"gitId":"irfandeen"},"content":"        Scanner reader \u003d new Scanner(System.in);","lastModifiedDate":"2025-02-02","isFullCredit":false},{"lineNumber":46,"author":{"gitId":"irfandeen"},"content":"        String userInput \u003d reader.nextLine();","lastModifiedDate":"2025-02-02","isFullCredit":false},{"lineNumber":47,"author":{"gitId":"irfandeen"},"content":"        Task[] tasks \u003d new Task[MAX_LIST_SIZE];","lastModifiedDate":"2025-02-12","isFullCredit":false},{"lineNumber":48,"author":{"gitId":"irfandeen"},"content":"","lastModifiedDate":"2025-02-02","isFullCredit":false},{"lineNumber":49,"author":{"gitId":"irfandeen"},"content":"        // Echoes the input, unless input \u003d\u003d bye","lastModifiedDate":"2025-02-02","isFullCredit":false},{"lineNumber":50,"author":{"gitId":"irfandeen"},"content":"        while (!userInput.equals(\"bye\")) {","lastModifiedDate":"2025-02-02","isFullCredit":false},{"lineNumber":51,"author":{"gitId":"irfandeen"},"content":"            String[] params \u003d userInput.split(\" \");","lastModifiedDate":"2025-02-02","isFullCredit":false},{"lineNumber":52,"author":{"gitId":"irfandeen"},"content":"            int taskIndex \u003d 0;","lastModifiedDate":"2025-02-02","isFullCredit":false},{"lineNumber":53,"author":{"gitId":"irfandeen"},"content":"            processInput(params, tasks, userInput);","lastModifiedDate":"2025-02-15","isFullCredit":false},{"lineNumber":54,"author":{"gitId":"irfandeen"},"content":"            userInput \u003d reader.nextLine();","lastModifiedDate":"2025-02-15","isFullCredit":false},{"lineNumber":55,"author":{"gitId":"irfandeen"},"content":"        }","lastModifiedDate":"2025-02-15","isFullCredit":false},{"lineNumber":56,"author":{"gitId":"irfandeen"},"content":"","lastModifiedDate":"2025-02-15","isFullCredit":false},{"lineNumber":57,"author":{"gitId":"irfandeen"},"content":"        printExitMessage();","lastModifiedDate":"2025-02-15","isFullCredit":false},{"lineNumber":58,"author":{"gitId":"irfandeen"},"content":"        reader.close();","lastModifiedDate":"2025-02-15","isFullCredit":false},{"lineNumber":59,"author":{"gitId":"irfandeen"},"content":"    }","lastModifiedDate":"2025-02-15","isFullCredit":false},{"lineNumber":60,"author":{"gitId":"irfandeen"},"content":"","lastModifiedDate":"2025-02-02","isFullCredit":false},{"lineNumber":61,"author":{"gitId":"irfandeen"},"content":"    private static void processInput(String[] params, Task[] tasks, String userInput) {","lastModifiedDate":"2025-02-15","isFullCredit":false},{"lineNumber":62,"author":{"gitId":"irfandeen"},"content":"        try {","lastModifiedDate":"2025-02-15","isFullCredit":false},{"lineNumber":63,"author":{"gitId":"irfandeen"},"content":"            switch (params[0]) {","lastModifiedDate":"2025-02-02","isFullCredit":false},{"lineNumber":64,"author":{"gitId":"irfandeen"},"content":"            case \"list\":","lastModifiedDate":"2025-02-02","isFullCredit":false},{"lineNumber":65,"author":{"gitId":"irfandeen"},"content":"                printTaskList(tasks, listSize);","lastModifiedDate":"2025-02-12","isFullCredit":false},{"lineNumber":66,"author":{"gitId":"irfandeen"},"content":"                break;","lastModifiedDate":"2025-02-02","isFullCredit":false},{"lineNumber":67,"author":{"gitId":"irfandeen"},"content":"","lastModifiedDate":"2025-02-12","isFullCredit":false},{"lineNumber":68,"author":{"gitId":"irfandeen"},"content":"            case \"mark\":","lastModifiedDate":"2025-02-02","isFullCredit":false},{"lineNumber":69,"author":{"gitId":"irfandeen"},"content":"                markTask(params, tasks);","lastModifiedDate":"2025-02-12","isFullCredit":false},{"lineNumber":70,"author":{"gitId":"irfandeen"},"content":"                break;","lastModifiedDate":"2025-02-02","isFullCredit":false},{"lineNumber":71,"author":{"gitId":"irfandeen"},"content":"","lastModifiedDate":"2025-02-12","isFullCredit":false},{"lineNumber":72,"author":{"gitId":"irfandeen"},"content":"            case \"unmark\":","lastModifiedDate":"2025-02-02","isFullCredit":false},{"lineNumber":73,"author":{"gitId":"irfandeen"},"content":"                unmarkTask(params, tasks);","lastModifiedDate":"2025-02-12","isFullCredit":false},{"lineNumber":74,"author":{"gitId":"irfandeen"},"content":"                break;","lastModifiedDate":"2025-02-02","isFullCredit":false},{"lineNumber":75,"author":{"gitId":"irfandeen"},"content":"","lastModifiedDate":"2025-02-12","isFullCredit":false},{"lineNumber":76,"author":{"gitId":"irfandeen"},"content":"            case \"todo\":","lastModifiedDate":"2025-02-12","isFullCredit":false},{"lineNumber":77,"author":{"gitId":"irfandeen"},"content":"                addTodo(tasks, params, userInput);","lastModifiedDate":"2025-02-12","isFullCredit":false},{"lineNumber":78,"author":{"gitId":"irfandeen"},"content":"                break;","lastModifiedDate":"2025-02-12","isFullCredit":false},{"lineNumber":79,"author":{"gitId":"irfandeen"},"content":"","lastModifiedDate":"2025-02-12","isFullCredit":false},{"lineNumber":80,"author":{"gitId":"irfandeen"},"content":"            case \"deadline\":","lastModifiedDate":"2025-02-12","isFullCredit":false},{"lineNumber":81,"author":{"gitId":"irfandeen"},"content":"                addDeadline(tasks, params);","lastModifiedDate":"2025-02-12","isFullCredit":false},{"lineNumber":82,"author":{"gitId":"irfandeen"},"content":"                break;","lastModifiedDate":"2025-02-12","isFullCredit":false},{"lineNumber":83,"author":{"gitId":"irfandeen"},"content":"","lastModifiedDate":"2025-02-12","isFullCredit":false},{"lineNumber":84,"author":{"gitId":"irfandeen"},"content":"            case \"event\":","lastModifiedDate":"2025-02-12","isFullCredit":false},{"lineNumber":85,"author":{"gitId":"irfandeen"},"content":"                addEvent(tasks, params);","lastModifiedDate":"2025-02-12","isFullCredit":false},{"lineNumber":86,"author":{"gitId":"irfandeen"},"content":"                break;","lastModifiedDate":"2025-02-12","isFullCredit":false},{"lineNumber":87,"author":{"gitId":"irfandeen"},"content":"","lastModifiedDate":"2025-02-12","isFullCredit":false},{"lineNumber":88,"author":{"gitId":"irfandeen"},"content":"            default:","lastModifiedDate":"2025-02-02","isFullCredit":false},{"lineNumber":89,"author":{"gitId":"irfandeen"},"content":"                throw new WallEException(\"Invalid command\");","lastModifiedDate":"2025-02-15","isFullCredit":false},{"lineNumber":90,"author":{"gitId":"irfandeen"},"content":"            }","lastModifiedDate":"2025-02-02","isFullCredit":false},{"lineNumber":91,"author":{"gitId":"irfandeen"},"content":"        } catch(IndexOutOfBoundsException e) {","lastModifiedDate":"2025-02-15","isFullCredit":false},{"lineNumber":92,"author":{"gitId":"irfandeen"},"content":"            printWithLineBreak(\"Invalid number of arguments.\");","lastModifiedDate":"2025-02-15","isFullCredit":false},{"lineNumber":93,"author":{"gitId":"irfandeen"},"content":"        } catch (WallEException e) {","lastModifiedDate":"2025-02-15","isFullCredit":false},{"lineNumber":94,"author":{"gitId":"irfandeen"},"content":"            printWithLineBreak(e.getMessage());","lastModifiedDate":"2025-02-15","isFullCredit":false},{"lineNumber":95,"author":{"gitId":"irfandeen"},"content":"        }","lastModifiedDate":"2025-02-15","isFullCredit":false},{"lineNumber":96,"author":{"gitId":"irfandeen"},"content":"    }","lastModifiedDate":"2025-01-21","isFullCredit":false},{"lineNumber":97,"author":{"gitId":"irfandeen"},"content":"","lastModifiedDate":"2025-02-12","isFullCredit":false},{"lineNumber":98,"author":{"gitId":"irfandeen"},"content":"    private static void addTask(Task[] tasks, String userInput) {","lastModifiedDate":"2025-02-12","isFullCredit":false},{"lineNumber":99,"author":{"gitId":"irfandeen"},"content":"        tasks[listSize] \u003d new Task(userInput);","lastModifiedDate":"2025-02-12","isFullCredit":false},{"lineNumber":100,"author":{"gitId":"irfandeen"},"content":"        listSize++;","lastModifiedDate":"2025-02-12","isFullCredit":false},{"lineNumber":101,"author":{"gitId":"irfandeen"},"content":"        printWithLineBreak(\"added: \" + userInput);","lastModifiedDate":"2025-02-12","isFullCredit":false},{"lineNumber":102,"author":{"gitId":"irfandeen"},"content":"    }","lastModifiedDate":"2025-02-12","isFullCredit":false},{"lineNumber":103,"author":{"gitId":"irfandeen"},"content":"","lastModifiedDate":"2025-02-12","isFullCredit":false},{"lineNumber":104,"author":{"gitId":"irfandeen"},"content":"    private static void addEvent(Task[] tasks, String[] params) {","lastModifiedDate":"2025-02-12","isFullCredit":false},{"lineNumber":105,"author":{"gitId":"irfandeen"},"content":"        tasks[listSize] \u003d new Event(params[1], params[2], params[3]);","lastModifiedDate":"2025-02-12","isFullCredit":false},{"lineNumber":106,"author":{"gitId":"irfandeen"},"content":"        listSize++;","lastModifiedDate":"2025-02-12","isFullCredit":false},{"lineNumber":107,"author":{"gitId":"irfandeen"},"content":"        printWithLineBreak(\"added: \" + params[1] + \" \" + params[2] + params[3]);","lastModifiedDate":"2025-02-12","isFullCredit":false},{"lineNumber":108,"author":{"gitId":"irfandeen"},"content":"    }","lastModifiedDate":"2025-02-12","isFullCredit":false},{"lineNumber":109,"author":{"gitId":"irfandeen"},"content":"","lastModifiedDate":"2025-02-12","isFullCredit":false},{"lineNumber":110,"author":{"gitId":"irfandeen"},"content":"    private static void addDeadline(Task[] tasks, String[] params) {","lastModifiedDate":"2025-02-12","isFullCredit":false},{"lineNumber":111,"author":{"gitId":"irfandeen"},"content":"        tasks[listSize] \u003d new Deadline(params[1], params[2]);","lastModifiedDate":"2025-02-12","isFullCredit":false},{"lineNumber":112,"author":{"gitId":"irfandeen"},"content":"        listSize++;","lastModifiedDate":"2025-02-12","isFullCredit":false},{"lineNumber":113,"author":{"gitId":"irfandeen"},"content":"        printWithLineBreak(\"added: \" + params[1] + \" \" + params[2]);","lastModifiedDate":"2025-02-12","isFullCredit":false},{"lineNumber":114,"author":{"gitId":"irfandeen"},"content":"    }","lastModifiedDate":"2025-02-12","isFullCredit":false},{"lineNumber":115,"author":{"gitId":"irfandeen"},"content":"","lastModifiedDate":"2025-02-12","isFullCredit":false},{"lineNumber":116,"author":{"gitId":"irfandeen"},"content":"    private static void addTodo(Task[] tasks, String[] params, String userInput) {","lastModifiedDate":"2025-02-12","isFullCredit":false},{"lineNumber":117,"author":{"gitId":"irfandeen"},"content":"        tasks[listSize] \u003d new Todo(params[1]);","lastModifiedDate":"2025-02-12","isFullCredit":false},{"lineNumber":118,"author":{"gitId":"irfandeen"},"content":"        listSize++;","lastModifiedDate":"2025-02-12","isFullCredit":false},{"lineNumber":119,"author":{"gitId":"irfandeen"},"content":"        printWithLineBreak(\"added: \" + userInput);","lastModifiedDate":"2025-02-12","isFullCredit":false},{"lineNumber":120,"author":{"gitId":"irfandeen"},"content":"    }","lastModifiedDate":"2025-02-12","isFullCredit":false},{"lineNumber":121,"author":{"gitId":"irfandeen"},"content":"","lastModifiedDate":"2025-02-12","isFullCredit":false},{"lineNumber":122,"author":{"gitId":"irfandeen"},"content":"    private static void unmarkTask(String[] params, Task[] tasks) {","lastModifiedDate":"2025-02-12","isFullCredit":false},{"lineNumber":123,"author":{"gitId":"irfandeen"},"content":"        int taskIndex;","lastModifiedDate":"2025-02-12","isFullCredit":false},{"lineNumber":124,"author":{"gitId":"irfandeen"},"content":"        taskIndex \u003d Integer.parseInt(params[1]);","lastModifiedDate":"2025-02-12","isFullCredit":false},{"lineNumber":125,"author":{"gitId":"irfandeen"},"content":"        tasks[taskIndex - 1].unmarkAsDone();","lastModifiedDate":"2025-02-12","isFullCredit":false},{"lineNumber":126,"author":{"gitId":"irfandeen"},"content":"        printWithLineBreak(\"OK, I\u0027ve marked this task as not done yet:\\n\"","lastModifiedDate":"2025-02-12","isFullCredit":false},{"lineNumber":127,"author":{"gitId":"irfandeen"},"content":"                            + \"\\t\" + tasks[taskIndex - 1]);","lastModifiedDate":"2025-02-12","isFullCredit":false},{"lineNumber":128,"author":{"gitId":"irfandeen"},"content":"    }","lastModifiedDate":"2025-02-12","isFullCredit":false},{"lineNumber":129,"author":{"gitId":"irfandeen"},"content":"","lastModifiedDate":"2025-02-12","isFullCredit":false},{"lineNumber":130,"author":{"gitId":"irfandeen"},"content":"    private static void markTask(String[] params, Task[] tasks) {","lastModifiedDate":"2025-02-12","isFullCredit":false},{"lineNumber":131,"author":{"gitId":"irfandeen"},"content":"        int taskIndex;","lastModifiedDate":"2025-02-12","isFullCredit":false},{"lineNumber":132,"author":{"gitId":"irfandeen"},"content":"        taskIndex \u003d Integer.parseInt(params[1]);","lastModifiedDate":"2025-02-12","isFullCredit":false},{"lineNumber":133,"author":{"gitId":"irfandeen"},"content":"        tasks[taskIndex - 1].markAsDone();","lastModifiedDate":"2025-02-12","isFullCredit":false},{"lineNumber":134,"author":{"gitId":"irfandeen"},"content":"        printWithLineBreak(\"Nice! I\u0027ve marked this task as done:\\n\"","lastModifiedDate":"2025-02-12","isFullCredit":false},{"lineNumber":135,"author":{"gitId":"irfandeen"},"content":"                            + \"\\t\" + tasks[taskIndex - 1]);","lastModifiedDate":"2025-02-12","isFullCredit":false},{"lineNumber":136,"author":{"gitId":"irfandeen"},"content":"    }","lastModifiedDate":"2025-02-12","isFullCredit":false},{"lineNumber":137,"author":{"gitId":"irfandeen"},"content":"}","lastModifiedDate":"2025-01-21","isFullCredit":false}],"authorContributionMap":{"irfandeen":137}},{"path":"src/main/java/walle/WallEException.java","fileType":"java","lines":[{"lineNumber":1,"author":{"gitId":"irfandeen"},"content":"package walle;","lastModifiedDate":"2025-02-15","isFullCredit":false},{"lineNumber":2,"author":{"gitId":"irfandeen"},"content":"","lastModifiedDate":"2025-02-15","isFullCredit":false},{"lineNumber":3,"author":{"gitId":"irfandeen"},"content":"public class WallEException extends Exception {","lastModifiedDate":"2025-02-15","isFullCredit":false},{"lineNumber":4,"author":{"gitId":"irfandeen"},"content":"    public WallEException(String errorMessage) {","lastModifiedDate":"2025-02-15","isFullCredit":false},{"lineNumber":5,"author":{"gitId":"irfandeen"},"content":"        super(errorMessage);","lastModifiedDate":"2025-02-15","isFullCredit":false},{"lineNumber":6,"author":{"gitId":"irfandeen"},"content":"    }","lastModifiedDate":"2025-02-15","isFullCredit":false},{"lineNumber":7,"author":{"gitId":"irfandeen"},"content":"}","lastModifiedDate":"2025-02-15","isFullCredit":false}],"authorContributionMap":{"irfandeen":7}},{"path":"text-ui-test/runtest.bat","fileType":"bat","lines":[{"lineNumber":1,"author":{"gitId":"-"},"content":"@ECHO OFF","lastModifiedDate":"2020-05-25","isFullCredit":false},{"lineNumber":2,"author":{"gitId":"-"},"content":"","lastModifiedDate":"2020-05-25","isFullCredit":false},{"lineNumber":3,"author":{"gitId":"-"},"content":"REM create bin directory if it doesn\u0027t exist","lastModifiedDate":"2020-05-25","isFullCredit":false},{"lineNumber":4,"author":{"gitId":"-"},"content":"if not exist ..\\bin mkdir ..\\bin","lastModifiedDate":"2020-05-25","isFullCredit":false},{"lineNumber":5,"author":{"gitId":"-"},"content":"","lastModifiedDate":"2020-05-25","isFullCredit":false},{"lineNumber":6,"author":{"gitId":"-"},"content":"REM delete output from previous run","lastModifiedDate":"2020-05-25","isFullCredit":false},{"lineNumber":7,"author":{"gitId":"-"},"content":"if exist ACTUAL.TXT del ACTUAL.TXT","lastModifiedDate":"2020-08-25","isFullCredit":false},{"lineNumber":8,"author":{"gitId":"-"},"content":"","lastModifiedDate":"2020-05-25","isFullCredit":false},{"lineNumber":9,"author":{"gitId":"-"},"content":"REM compile the code into the bin folder","lastModifiedDate":"2020-05-25","isFullCredit":false},{"lineNumber":10,"author":{"gitId":"-"},"content":"javac  -cp ..\\src\\main\\java -Xlint:none -d ..\\bin ..\\src\\main\\java\\*.java","lastModifiedDate":"2020-08-25","isFullCredit":false},{"lineNumber":11,"author":{"gitId":"-"},"content":"IF ERRORLEVEL 1 (","lastModifiedDate":"2020-05-25","isFullCredit":false},{"lineNumber":12,"author":{"gitId":"-"},"content":"    echo ********** BUILD FAILURE **********","lastModifiedDate":"2020-05-25","isFullCredit":false},{"lineNumber":13,"author":{"gitId":"-"},"content":"    exit /b 1","lastModifiedDate":"2020-05-25","isFullCredit":false},{"lineNumber":14,"author":{"gitId":"-"},"content":")","lastModifiedDate":"2020-05-25","isFullCredit":false},{"lineNumber":15,"author":{"gitId":"-"},"content":"REM no error here, errorlevel \u003d\u003d 0","lastModifiedDate":"2020-05-25","isFullCredit":false},{"lineNumber":16,"author":{"gitId":"-"},"content":"","lastModifiedDate":"2020-05-25","isFullCredit":false},{"lineNumber":17,"author":{"gitId":"-"},"content":"REM run the program, feed commands from input.txt file and redirect the output to the ACTUAL.TXT","lastModifiedDate":"2020-05-25","isFullCredit":false},{"lineNumber":18,"author":{"gitId":"irfandeen"},"content":"java -classpath ..\\bin WallE \u003c input.txt \u003e ACTUAL.TXT","lastModifiedDate":"2025-01-21","isFullCredit":false},{"lineNumber":19,"author":{"gitId":"-"},"content":"","lastModifiedDate":"2020-05-25","isFullCredit":false},{"lineNumber":20,"author":{"gitId":"-"},"content":"REM compare the output to the expected output","lastModifiedDate":"2020-05-25","isFullCredit":false},{"lineNumber":21,"author":{"gitId":"-"},"content":"FC ACTUAL.TXT EXPECTED.TXT","lastModifiedDate":"2020-05-25","isFullCredit":false}],"authorContributionMap":{"irfandeen":1,"-":20}}]
