{"authorDailyContributionsMap":{"irfandeen":[{"date":"2025-01-21","commitResults":[{"hash":"876151e391a92f769e35faf1d1526c353b6784b1","isMergeCommit":false,"messageTitle":"Add level 0 increment","messageBody":"","tags":["Level-0"],"fileTypesAndContributionMap":{"java":{"insertions":17,"deletions":10},"bat":{"insertions":1,"deletions":1},"md":{"insertions":3,"deletions":3}}},{"hash":"e614df32a95f7698d60275628070fe61770ee4d5","isMergeCommit":false,"messageTitle":"Remove unused variables in WallE.java","messageBody":"","fileTypesAndContributionMap":{"java":{"insertions":0,"deletions":5}}}]},{"date":"2025-02-02","commitResults":[{"hash":"bf9e4bd0eaaf78d4ba0b10542965a0e6d689fb97","isMergeCommit":false,"messageTitle":"Add echo command functionality","messageBody":"","tags":["Level-1"],"fileTypesAndContributionMap":{"java":{"insertions":17,"deletions":5}}},{"hash":"290ffb1f006e255e2e413423e613cc20ba6d3720","isMergeCommit":false,"messageTitle":"Add list to store and list out tasks","messageBody":"","tags":["Level-2"],"fileTypesAndContributionMap":{"java":{"insertions":22,"deletions":5}}},{"hash":"90a643a0aeaf8c2d3ae42ae0b7667b9196dca40c","isMergeCommit":false,"messageTitle":"Add mark and unmark functionality to task list","messageBody":"","tags":["Level-3"],"fileTypesAndContributionMap":{"java":{"insertions":23,"deletions":1}}},{"hash":"827efec60a0f46b887e14db3a66f59d33654612a","isMergeCommit":false,"messageTitle":"Create Task class to represent tasks","messageBody":"","tags":["A-Classes"],"fileTypesAndContributionMap":{"java":{"insertions":68,"deletions":34}}},{"hash":"7fec201270fd39cd06bb0f9fe795122fc102cc14","isMergeCommit":false,"messageTitle":"Modify code to adhere to coding standard","messageBody":"","tags":["A-CodingStandard"],"fileTypesAndContributionMap":{"java":{"insertions":8,"deletions":5}}}]},{"date":"2025-02-12","commitResults":[{"hash":"b578e77b8522373f0d200a8c3b43cdfcaab2457f","isMergeCommit":false,"messageTitle":"Add subclasses extending Task class","messageBody":"","tags":["A-Inheritance"],"fileTypesAndContributionMap":{"java":{"insertions":42,"deletions":0}}},{"hash":"a2e877e876dc8b0bfd3c37b76efa4f95a9748ac7","isMergeCommit":false,"messageTitle":"Add toString() method to base class","messageBody":"","tags":["Level-4"],"fileTypesAndContributionMap":{"java":{"insertions":30,"deletions":6}}},{"hash":"9c6ad3ea3fbc11d0db66e55694ce5a1ebfb34315","isMergeCommit":false,"messageTitle":"Refactor WallE class to improve readability","messageBody":"","tags":["A-CodeQuality"],"fileTypesAndContributionMap":{"java":{"insertions":53,"deletions":25}}}]},{"date":"2025-02-15","commitResults":[{"hash":"46c910b0ed9ed6ab5f545687c99968bfe0f0f5d7","isMergeCommit":false,"messageTitle":"Add try catch for all exceptions","messageBody":"","fileTypesAndContributionMap":{"java":{"insertions":31,"deletions":28}}},{"hash":"39abee73010dc942cb30aaf376e631bea11dffd6","isMergeCommit":false,"messageTitle":"Fix toString() methods","messageBody":"","fileTypesAndContributionMap":{"java":{"insertions":10,"deletions":0}}},{"hash":"19184189ae1cb17de5ed12d2a92810599b8f6537","isMergeCommit":false,"messageTitle":"Add error handling","messageBody":"","fileTypesAndContributionMap":{"java":{"insertions":41,"deletions":35}}},{"hash":"cbafecbe338774ed694a3dcf5eaa4f066cf7f261","isMergeCommit":true,"messageTitle":"Merge branch \u0027branch-Level-5\u0027","messageBody":"","tags":["Level-5"],"fileTypesAndContributionMap":{}},{"hash":"657845051642f3b397a2b1f1723cf90df78bac0b","isMergeCommit":false,"messageTitle":"Add Wall-E Exception class","messageBody":"","tags":["A-Exceptions"],"fileTypesAndContributionMap":{"java":{"insertions":7,"deletions":2}}},{"hash":"5ca2ee57e866c9c4305da8e38b883b9b2e00728e","isMergeCommit":false,"messageTitle":"Refactor code into Wall-E package","messageBody":"","tags":["A-Packages"],"fileTypesAndContributionMap":{"java":{"insertions":12,"deletions":0}}}]},{"date":"2025-02-21","commitResults":[{"hash":"03306fb5b759e2fa4694216bae8544c2bbdd9240","isMergeCommit":false,"messageTitle":"feature: allow multi-word dates for events and deadlines","messageBody":"","fileTypesAndContributionMap":{"java":{"insertions":65,"deletions":4}}},{"hash":"bba92997bbc601d1d8d2b47dbfb247abe27a5d9a","isMergeCommit":false,"messageTitle":"Refactor Task array into ArrayList for dynamic access","messageBody":"","tags":["A-Collections"],"fileTypesAndContributionMap":{"java":{"insertions":30,"deletions":27}}},{"hash":"e601a9f44c318f3e3b77c47ec243744e1d0d91ab","isMergeCommit":false,"messageTitle":"Add delete task functionality","messageBody":"","tags":["Level-6"],"fileTypesAndContributionMap":{"java":{"insertions":12,"deletions":1}}}]},{"date":"2025-02-22","commitResults":[{"hash":"43d21ea183e203405dafc8b2a337722b67a37d40","isMergeCommit":false,"messageTitle":"Add file parser. Processing file parser output TBC","messageBody":"","fileTypesAndContributionMap":{"txt":{"insertions":4,"deletions":0},"java":{"insertions":145,"deletions":5}}},{"hash":"45037e0d120e8e6bfa386fa1caa7d7b84ed1194b","isMergeCommit":false,"messageTitle":"feature: persistence with text file","messageBody":"","tags":["Level-7"],"fileTypesAndContributionMap":{"txt":{"insertions":4,"deletions":4},"java":{"insertions":11,"deletions":14}}},{"hash":"34ff431b02e6c70073c13b20758fc1764a2ab4c5","isMergeCommit":true,"messageTitle":"Merge branch \u0027branch-Level-6\u0027","messageBody":"","fileTypesAndContributionMap":{}},{"hash":"0aec5e36d7cbe6add13974e874f56295945769f0","isMergeCommit":true,"messageTitle":"Resolve merge conflicts","messageBody":"","fileTypesAndContributionMap":{}},{"hash":"43b40c82e4db8f13acb93a12c53af98412fb6e0a","isMergeCommit":false,"messageTitle":"Fix bugs arising from ArrayList access","messageBody":"","fileTypesAndContributionMap":{"txt":{"insertions":1,"deletions":1},"java":{"insertions":8,"deletions":7}}},{"hash":"e0c8602bcc8f1ae26465844c514776a3721b71b9","isMergeCommit":false,"messageTitle":"Add JAR manifest","messageBody":"","tags":["A-Jar"],"fileTypesAndContributionMap":{"txt":{"insertions":1,"deletions":1}}}]},{"date":"2025-03-06","commitResults":[{"hash":"543da723713399f3489fc54ac947881965b37d93","isMergeCommit":false,"messageTitle":"Refactor to be more modularized. Full functionality not yet restored.","messageBody":"","fileTypesAndContributionMap":{"txt":{"insertions":3,"deletions":4},"java":{"insertions":342,"deletions":221}}}]},{"date":"2025-03-07","commitResults":[{"hash":"31afe0205fab8d8219d83428c2af548edf3e3c83","isMergeCommit":false,"messageTitle":"Refactor complete. Fully functional and modularized","messageBody":"","tags":["A-MoreOOP"],"fileTypesAndContributionMap":{"txt":{"insertions":8,"deletions":3},"java":{"insertions":200,"deletions":128}}},{"hash":"9e75e321bca6811b6ab6fe38053df46504bac7ad","isMergeCommit":false,"messageTitle":"Add date time functionality to deadline","messageBody":"","fileTypesAndContributionMap":{"txt":{"insertions":2,"deletions":7},"java":{"insertions":74,"deletions":17}}},{"hash":"da8b95bdb0813fa560509a3bcb4800897e3be8f7","isMergeCommit":false,"messageTitle":"Fix code style nit","messageBody":"","fileTypesAndContributionMap":{"java":{"insertions":2,"deletions":2}}},{"hash":"fe47074fbe34845dd96160117224c00a28e3765e","isMergeCommit":false,"messageTitle":"Add find functionality to WallE","messageBody":"","fileTypesAndContributionMap":{"java":{"insertions":39,"deletions":3}}},{"hash":"e6338cdd2006a0c7cbebc44ec83b5acb929e55f2","isMergeCommit":false,"messageTitle":"Add JavaDoc comments for public methods and classes.","messageBody":"","fileTypesAndContributionMap":{"java":{"insertions":258,"deletions":2}}},{"hash":"826535c6688cef9ca6b6842b39e8073d3224b995","isMergeCommit":true,"messageTitle":"Merge pull request #1 from irfandeen/branch-Level-8","messageBody":"Add date time functionality to Deadline class","tags":["Level-8"],"fileTypesAndContributionMap":{}},{"hash":"bff51c2ab0f0aadb68510d94802179c88adf4016","isMergeCommit":true,"messageTitle":"Resolve conflicts between Find functionality and DateTime functionality","messageBody":"","fileTypesAndContributionMap":{}},{"hash":"0f2aa023bac644e9ea7c65b5b93de6a032191746","isMergeCommit":true,"messageTitle":"Merge pull request #2 from irfandeen/branch-Level-9","messageBody":"Add find functionality to WallE","tags":["Level-9"],"fileTypesAndContributionMap":{}},{"hash":"300372ab1022cffadd6cdf1a18185709e8bbebc9","isMergeCommit":true,"messageTitle":"Resolve conflicts between master and JavaDoc branch","messageBody":"","fileTypesAndContributionMap":{}},{"hash":"a1a16edf6863b9e09a577db3f61cfd1cbd186b47","isMergeCommit":true,"messageTitle":"Merge pull request #3 from irfandeen/branch-A-JavaDoc","messageBody":"Add JavaDoc comments for public methods and classes","tags":["A-JavaDoc"],"fileTypesAndContributionMap":{}},{"hash":"d13d5bd3006d0f521c866eda77abf3c85b7a3e4e","isMergeCommit":false,"messageTitle":"Add Readme.md","messageBody":"","tags":["A-UserGuide"],"fileTypesAndContributionMap":{"txt":{"insertions":4,"deletions":3},"java":{"insertions":1,"deletions":1},"md":{"insertions":137,"deletions":14}}}]},{"date":"2025-03-12","commitResults":[{"hash":"a106526c0075e22a42aa35a0ede3ab77fe8a5bad","isMergeCommit":false,"messageTitle":"Fix bugs with deadline command","messageBody":"","fileTypesAndContributionMap":{"txt":{"insertions":1,"deletions":1},"java":{"insertions":9,"deletions":3}}},{"hash":"642d36b67c05d4e750983bcdc00af5711a5cf108","isMergeCommit":false,"messageTitle":"Add input into UserInterface class","messageBody":"","tags":["A-Release"],"fileTypesAndContributionMap":{"txt":{"insertions":3,"deletions":1},"java":{"insertions":25,"deletions":6}}}]}]},"authorFileTypeContributionMap":{"irfandeen":{"java":1001,"md":139,"fxml":0,"sh":0,"bat":1,"gradle":0,"txt":6}},"authorContributionVariance":{"irfandeen":19395.791},"authorDisplayNameMap":{"irfandeen":"CS2113-T11a-2 ABDU..DEEN"}}
