[{"path":"src/main/java/Deadline.java","fileType":"java","lines":[{"lineNumber":1,"author":{"gitId":"zavsky"},"content":"public class Deadline extends Task {","lastModifiedDate":"2025-02-09","isFullCredit":false},{"lineNumber":2,"author":{"gitId":"zavsky"},"content":"    private String by;","lastModifiedDate":"2025-02-09","isFullCredit":false},{"lineNumber":3,"author":{"gitId":"zavsky"},"content":"","lastModifiedDate":"2025-02-09","isFullCredit":false},{"lineNumber":4,"author":{"gitId":"zavsky"},"content":"    public Deadline(String description, String by) {","lastModifiedDate":"2025-02-09","isFullCredit":false},{"lineNumber":5,"author":{"gitId":"zavsky"},"content":"        super(description);","lastModifiedDate":"2025-02-09","isFullCredit":false},{"lineNumber":6,"author":{"gitId":"zavsky"},"content":"        setBy(by);","lastModifiedDate":"2025-02-09","isFullCredit":false},{"lineNumber":7,"author":{"gitId":"zavsky"},"content":"    }","lastModifiedDate":"2025-02-09","isFullCredit":false},{"lineNumber":8,"author":{"gitId":"zavsky"},"content":"","lastModifiedDate":"2025-02-09","isFullCredit":false},{"lineNumber":9,"author":{"gitId":"zavsky"},"content":"    public String getBy() {","lastModifiedDate":"2025-02-09","isFullCredit":false},{"lineNumber":10,"author":{"gitId":"zavsky"},"content":"        return by;","lastModifiedDate":"2025-02-09","isFullCredit":false},{"lineNumber":11,"author":{"gitId":"zavsky"},"content":"    }","lastModifiedDate":"2025-02-09","isFullCredit":false},{"lineNumber":12,"author":{"gitId":"zavsky"},"content":"","lastModifiedDate":"2025-02-09","isFullCredit":false},{"lineNumber":13,"author":{"gitId":"zavsky"},"content":"    public void setBy(String by) {","lastModifiedDate":"2025-02-09","isFullCredit":false},{"lineNumber":14,"author":{"gitId":"zavsky"},"content":"        this.by \u003d by;","lastModifiedDate":"2025-02-09","isFullCredit":false},{"lineNumber":15,"author":{"gitId":"zavsky"},"content":"    }","lastModifiedDate":"2025-02-09","isFullCredit":false},{"lineNumber":16,"author":{"gitId":"zavsky"},"content":"","lastModifiedDate":"2025-02-09","isFullCredit":false},{"lineNumber":17,"author":{"gitId":"zavsky"},"content":"    public String toString() {","lastModifiedDate":"2025-02-09","isFullCredit":false},{"lineNumber":18,"author":{"gitId":"zavsky"},"content":"        return \"[D] \" + super.toString() + \" (by: \" + by + \")\";","lastModifiedDate":"2025-02-09","isFullCredit":false},{"lineNumber":19,"author":{"gitId":"zavsky"},"content":"    }","lastModifiedDate":"2025-02-09","isFullCredit":false},{"lineNumber":20,"author":{"gitId":"zavsky"},"content":"}","lastModifiedDate":"2025-02-09","isFullCredit":false}],"authorContributionMap":{"zavsky":20}},{"path":"src/main/java/Event.java","fileType":"java","lines":[{"lineNumber":1,"author":{"gitId":"zavsky"},"content":"public class Event extends Task {","lastModifiedDate":"2025-02-09","isFullCredit":false},{"lineNumber":2,"author":{"gitId":"zavsky"},"content":"    private String from;","lastModifiedDate":"2025-02-09","isFullCredit":false},{"lineNumber":3,"author":{"gitId":"zavsky"},"content":"    private String to;","lastModifiedDate":"2025-02-09","isFullCredit":false},{"lineNumber":4,"author":{"gitId":"zavsky"},"content":"","lastModifiedDate":"2025-02-09","isFullCredit":false},{"lineNumber":5,"author":{"gitId":"zavsky"},"content":"    public Event(String description, String from, String to) {","lastModifiedDate":"2025-02-09","isFullCredit":false},{"lineNumber":6,"author":{"gitId":"zavsky"},"content":"        super(description);","lastModifiedDate":"2025-02-09","isFullCredit":false},{"lineNumber":7,"author":{"gitId":"zavsky"},"content":"        setFrom(from);","lastModifiedDate":"2025-02-09","isFullCredit":false},{"lineNumber":8,"author":{"gitId":"zavsky"},"content":"        setTo(to);","lastModifiedDate":"2025-02-09","isFullCredit":false},{"lineNumber":9,"author":{"gitId":"zavsky"},"content":"    }","lastModifiedDate":"2025-02-09","isFullCredit":false},{"lineNumber":10,"author":{"gitId":"zavsky"},"content":"","lastModifiedDate":"2025-02-09","isFullCredit":false},{"lineNumber":11,"author":{"gitId":"zavsky"},"content":"    public String getFrom() {","lastModifiedDate":"2025-02-09","isFullCredit":false},{"lineNumber":12,"author":{"gitId":"zavsky"},"content":"        return from;","lastModifiedDate":"2025-02-09","isFullCredit":false},{"lineNumber":13,"author":{"gitId":"zavsky"},"content":"    }","lastModifiedDate":"2025-02-09","isFullCredit":false},{"lineNumber":14,"author":{"gitId":"zavsky"},"content":"","lastModifiedDate":"2025-02-09","isFullCredit":false},{"lineNumber":15,"author":{"gitId":"zavsky"},"content":"    public void setFrom(String from) {","lastModifiedDate":"2025-02-09","isFullCredit":false},{"lineNumber":16,"author":{"gitId":"zavsky"},"content":"        this.from \u003d from;","lastModifiedDate":"2025-02-09","isFullCredit":false},{"lineNumber":17,"author":{"gitId":"zavsky"},"content":"    }","lastModifiedDate":"2025-02-09","isFullCredit":false},{"lineNumber":18,"author":{"gitId":"zavsky"},"content":"","lastModifiedDate":"2025-02-09","isFullCredit":false},{"lineNumber":19,"author":{"gitId":"zavsky"},"content":"    public String getTo() {","lastModifiedDate":"2025-02-09","isFullCredit":false},{"lineNumber":20,"author":{"gitId":"zavsky"},"content":"        return to;","lastModifiedDate":"2025-02-09","isFullCredit":false},{"lineNumber":21,"author":{"gitId":"zavsky"},"content":"    }","lastModifiedDate":"2025-02-09","isFullCredit":false},{"lineNumber":22,"author":{"gitId":"zavsky"},"content":"","lastModifiedDate":"2025-02-09","isFullCredit":false},{"lineNumber":23,"author":{"gitId":"zavsky"},"content":"    public void setTo(String to) {","lastModifiedDate":"2025-02-09","isFullCredit":false},{"lineNumber":24,"author":{"gitId":"zavsky"},"content":"        this.to \u003d to;","lastModifiedDate":"2025-02-09","isFullCredit":false},{"lineNumber":25,"author":{"gitId":"zavsky"},"content":"    }","lastModifiedDate":"2025-02-09","isFullCredit":false},{"lineNumber":26,"author":{"gitId":"zavsky"},"content":"","lastModifiedDate":"2025-02-09","isFullCredit":false},{"lineNumber":27,"author":{"gitId":"zavsky"},"content":"    public String toString() {","lastModifiedDate":"2025-02-09","isFullCredit":false},{"lineNumber":28,"author":{"gitId":"zavsky"},"content":"        return \"[E] \" + super.toString() + \" (from: \" + from + \" to: \" + to + \")\";","lastModifiedDate":"2025-02-09","isFullCredit":false},{"lineNumber":29,"author":{"gitId":"zavsky"},"content":"    }","lastModifiedDate":"2025-02-09","isFullCredit":false},{"lineNumber":30,"author":{"gitId":"zavsky"},"content":"}","lastModifiedDate":"2025-02-09","isFullCredit":false}],"authorContributionMap":{"zavsky":30}},{"path":"src/main/java/Main.java","fileType":"java","lines":[{"lineNumber":1,"author":{"gitId":"zavsky"},"content":"import java.util.ArrayList;","lastModifiedDate":"2025-02-09","isFullCredit":false},{"lineNumber":2,"author":{"gitId":"zavsky"},"content":"import java.util.Scanner;","lastModifiedDate":"2025-02-07","isFullCredit":false},{"lineNumber":3,"author":{"gitId":"zavsky"},"content":"","lastModifiedDate":"2025-02-07","isFullCredit":false},{"lineNumber":4,"author":{"gitId":"zavsky"},"content":"public class Main {","lastModifiedDate":"2025-02-07","isFullCredit":false},{"lineNumber":5,"author":{"gitId":"zavsky"},"content":"    private static final ArrayList\u003cTask\u003e tasks \u003d new ArrayList\u003c\u003e();","lastModifiedDate":"2025-02-09","isFullCredit":false},{"lineNumber":6,"author":{"gitId":"zavsky"},"content":"    private static final Scanner scanner \u003d new Scanner(System.in);","lastModifiedDate":"2025-02-09","isFullCredit":false},{"lineNumber":7,"author":{"gitId":"zavsky"},"content":"    // protected static State runState;","lastModifiedDate":"2025-02-09","isFullCredit":false},{"lineNumber":8,"author":{"gitId":"zavsky"},"content":"    // private static Task[] userTasks \u003d new Task[100];","lastModifiedDate":"2025-02-09","isFullCredit":false},{"lineNumber":9,"author":{"gitId":"zavsky"},"content":"    // private static int userTaskCount \u003d 0;","lastModifiedDate":"2025-02-09","isFullCredit":false},{"lineNumber":10,"author":{"gitId":"zavsky"},"content":"","lastModifiedDate":"2025-02-07","isFullCredit":false},{"lineNumber":11,"author":{"gitId":"zavsky"},"content":"    // enum State {","lastModifiedDate":"2025-02-09","isFullCredit":false},{"lineNumber":12,"author":{"gitId":"zavsky"},"content":"    //     LISTEN,","lastModifiedDate":"2025-02-09","isFullCredit":false},{"lineNumber":13,"author":{"gitId":"zavsky"},"content":"    //     CREATETASK,","lastModifiedDate":"2025-02-09","isFullCredit":false},{"lineNumber":14,"author":{"gitId":"zavsky"},"content":"    //     LISTTASK,","lastModifiedDate":"2025-02-09","isFullCredit":false},{"lineNumber":15,"author":{"gitId":"zavsky"},"content":"    //     EXIT","lastModifiedDate":"2025-02-09","isFullCredit":false},{"lineNumber":16,"author":{"gitId":"zavsky"},"content":"    // }","lastModifiedDate":"2025-02-09","isFullCredit":false},{"lineNumber":17,"author":{"gitId":"zavsky"},"content":"","lastModifiedDate":"2025-02-09","isFullCredit":false},{"lineNumber":18,"author":{"gitId":"zavsky"},"content":"    public static void main (String[] args) {","lastModifiedDate":"2025-02-09","isFullCredit":false},{"lineNumber":19,"author":{"gitId":"zavsky"},"content":"        Bluebird bb \u003d new Bluebird();","lastModifiedDate":"2025-02-10","isFullCredit":false},{"lineNumber":20,"author":{"gitId":"zavsky"},"content":"        bb.greetHello();","lastModifiedDate":"2025-02-09","isFullCredit":false},{"lineNumber":21,"author":{"gitId":"zavsky"},"content":"","lastModifiedDate":"2025-02-09","isFullCredit":false},{"lineNumber":22,"author":{"gitId":"zavsky"},"content":"        while (true) {","lastModifiedDate":"2025-02-09","isFullCredit":false},{"lineNumber":23,"author":{"gitId":"zavsky"},"content":"            String userInput \u003d getUserInput();","lastModifiedDate":"2025-02-10","isFullCredit":false},{"lineNumber":24,"author":{"gitId":"zavsky"},"content":"            String[] userInputParts \u003d userInput.split(\" \", 2);","lastModifiedDate":"2025-02-09","isFullCredit":false},{"lineNumber":25,"author":{"gitId":"zavsky"},"content":"            String command \u003d userInputParts[0];","lastModifiedDate":"2025-02-09","isFullCredit":false},{"lineNumber":26,"author":{"gitId":"zavsky"},"content":"            // updateState(userInput);","lastModifiedDate":"2025-02-09","isFullCredit":false},{"lineNumber":27,"author":{"gitId":"zavsky"},"content":"","lastModifiedDate":"2025-02-09","isFullCredit":false},{"lineNumber":28,"author":{"gitId":"zavsky"},"content":"            clearScreen();","lastModifiedDate":"2025-02-09","isFullCredit":false},{"lineNumber":29,"author":{"gitId":"zavsky"},"content":"","lastModifiedDate":"2025-02-09","isFullCredit":false},{"lineNumber":30,"author":{"gitId":"zavsky"},"content":"            switch(command) {","lastModifiedDate":"2025-02-09","isFullCredit":false},{"lineNumber":31,"author":{"gitId":"zavsky"},"content":"            case \"list\":","lastModifiedDate":"2025-02-09","isFullCredit":false},{"lineNumber":32,"author":{"gitId":"zavsky"},"content":"            case \"l\":","lastModifiedDate":"2025-02-09","isFullCredit":false},{"lineNumber":33,"author":{"gitId":"zavsky"},"content":"                listTask();","lastModifiedDate":"2025-02-09","isFullCredit":false},{"lineNumber":34,"author":{"gitId":"zavsky"},"content":"                break;","lastModifiedDate":"2025-02-09","isFullCredit":false},{"lineNumber":35,"author":{"gitId":"zavsky"},"content":"            case \"add\":","lastModifiedDate":"2025-02-09","isFullCredit":false},{"lineNumber":36,"author":{"gitId":"zavsky"},"content":"            case \"a\":","lastModifiedDate":"2025-02-09","isFullCredit":false},{"lineNumber":37,"author":{"gitId":"zavsky"},"content":"                if (userInputParts.length \u003e 1) {","lastModifiedDate":"2025-02-10","isFullCredit":false},{"lineNumber":38,"author":{"gitId":"zavsky"},"content":"                    addTask(userInputParts[1]);","lastModifiedDate":"2025-02-10","isFullCredit":false},{"lineNumber":39,"author":{"gitId":"zavsky"},"content":"                } else {","lastModifiedDate":"2025-02-10","isFullCredit":false},{"lineNumber":40,"author":{"gitId":"zavsky"},"content":"                    addTask();","lastModifiedDate":"2025-02-10","isFullCredit":false},{"lineNumber":41,"author":{"gitId":"zavsky"},"content":"                }","lastModifiedDate":"2025-02-10","isFullCredit":false},{"lineNumber":42,"author":{"gitId":"zavsky"},"content":"                break;","lastModifiedDate":"2025-02-09","isFullCredit":false},{"lineNumber":43,"author":{"gitId":"zavsky"},"content":"            case \"mark\":","lastModifiedDate":"2025-02-09","isFullCredit":false},{"lineNumber":44,"author":{"gitId":"zavsky"},"content":"            case \"m\":","lastModifiedDate":"2025-02-09","isFullCredit":false},{"lineNumber":45,"author":{"gitId":"zavsky"},"content":"                if (userInputParts.length \u003e 1) {","lastModifiedDate":"2025-02-10","isFullCredit":false},{"lineNumber":46,"author":{"gitId":"zavsky"},"content":"                    markTask(Integer.parseInt(userInputParts[1]) - 1);","lastModifiedDate":"2025-02-10","isFullCredit":false},{"lineNumber":47,"author":{"gitId":"zavsky"},"content":"                } else {","lastModifiedDate":"2025-02-10","isFullCredit":false},{"lineNumber":48,"author":{"gitId":"zavsky"},"content":"                    markTask();","lastModifiedDate":"2025-02-10","isFullCredit":false},{"lineNumber":49,"author":{"gitId":"zavsky"},"content":"                }","lastModifiedDate":"2025-02-10","isFullCredit":false},{"lineNumber":50,"author":{"gitId":"zavsky"},"content":"                break;","lastModifiedDate":"2025-02-09","isFullCredit":false},{"lineNumber":51,"author":{"gitId":"zavsky"},"content":"            case \"unmark\":","lastModifiedDate":"2025-02-09","isFullCredit":false},{"lineNumber":52,"author":{"gitId":"zavsky"},"content":"            case \"u\":","lastModifiedDate":"2025-02-09","isFullCredit":false},{"lineNumber":53,"author":{"gitId":"zavsky"},"content":"                if (userInputParts.length \u003e 1) {","lastModifiedDate":"2025-02-10","isFullCredit":false},{"lineNumber":54,"author":{"gitId":"zavsky"},"content":"                    unmarkTask(Integer.parseInt(userInputParts[1]) - 1);","lastModifiedDate":"2025-02-10","isFullCredit":false},{"lineNumber":55,"author":{"gitId":"zavsky"},"content":"                } else {","lastModifiedDate":"2025-02-10","isFullCredit":false},{"lineNumber":56,"author":{"gitId":"zavsky"},"content":"                    unmarkTask();","lastModifiedDate":"2025-02-10","isFullCredit":false},{"lineNumber":57,"author":{"gitId":"zavsky"},"content":"                }","lastModifiedDate":"2025-02-10","isFullCredit":false},{"lineNumber":58,"author":{"gitId":"zavsky"},"content":"                break;","lastModifiedDate":"2025-02-09","isFullCredit":false},{"lineNumber":59,"author":{"gitId":"zavsky"},"content":"            case \"delete\":","lastModifiedDate":"2025-02-09","isFullCredit":false},{"lineNumber":60,"author":{"gitId":"zavsky"},"content":"            case \"d\":","lastModifiedDate":"2025-02-09","isFullCredit":false},{"lineNumber":61,"author":{"gitId":"zavsky"},"content":"                if (userInputParts.length \u003e 1) {","lastModifiedDate":"2025-02-10","isFullCredit":false},{"lineNumber":62,"author":{"gitId":"zavsky"},"content":"                    deleteTask(Integer.parseInt(userInputParts[1]) - 1);","lastModifiedDate":"2025-02-10","isFullCredit":false},{"lineNumber":63,"author":{"gitId":"zavsky"},"content":"                } else {","lastModifiedDate":"2025-02-10","isFullCredit":false},{"lineNumber":64,"author":{"gitId":"zavsky"},"content":"                    deleteTask();","lastModifiedDate":"2025-02-10","isFullCredit":false},{"lineNumber":65,"author":{"gitId":"zavsky"},"content":"                }","lastModifiedDate":"2025-02-10","isFullCredit":false},{"lineNumber":66,"author":{"gitId":"zavsky"},"content":"                break;","lastModifiedDate":"2025-02-09","isFullCredit":false},{"lineNumber":67,"author":{"gitId":"zavsky"},"content":"            case \"undo\":","lastModifiedDate":"2025-02-09","isFullCredit":false},{"lineNumber":68,"author":{"gitId":"zavsky"},"content":"            case \"x\":","lastModifiedDate":"2025-02-09","isFullCredit":false},{"lineNumber":69,"author":{"gitId":"zavsky"},"content":"                // implement undo last functionality","lastModifiedDate":"2025-02-09","isFullCredit":false},{"lineNumber":70,"author":{"gitId":"zavsky"},"content":"                break;","lastModifiedDate":"2025-02-09","isFullCredit":false},{"lineNumber":71,"author":{"gitId":"zavsky"},"content":"            case \"help\":","lastModifiedDate":"2025-02-09","isFullCredit":false},{"lineNumber":72,"author":{"gitId":"zavsky"},"content":"            case \"h\":","lastModifiedDate":"2025-02-09","isFullCredit":false},{"lineNumber":73,"author":{"gitId":"zavsky"},"content":"                // implement help string","lastModifiedDate":"2025-02-09","isFullCredit":false},{"lineNumber":74,"author":{"gitId":"zavsky"},"content":"                break;","lastModifiedDate":"2025-02-09","isFullCredit":false},{"lineNumber":75,"author":{"gitId":"zavsky"},"content":"            case \"exit\":","lastModifiedDate":"2025-02-09","isFullCredit":false},{"lineNumber":76,"author":{"gitId":"zavsky"},"content":"            case \"e\":","lastModifiedDate":"2025-02-09","isFullCredit":false},{"lineNumber":77,"author":{"gitId":"zavsky"},"content":"                bb.greetGoodbye();","lastModifiedDate":"2025-02-09","isFullCredit":false},{"lineNumber":78,"author":{"gitId":"zavsky"},"content":"                return;","lastModifiedDate":"2025-02-09","isFullCredit":false},{"lineNumber":79,"author":{"gitId":"zavsky"},"content":"            default:","lastModifiedDate":"2025-02-09","isFullCredit":false},{"lineNumber":80,"author":{"gitId":"zavsky"},"content":"                System.out.println(\"Unknown command. Use list, add, mark, unmark or exit\");","lastModifiedDate":"2025-02-09","isFullCredit":false},{"lineNumber":81,"author":{"gitId":"zavsky"},"content":"            }","lastModifiedDate":"2025-02-07","isFullCredit":false},{"lineNumber":82,"author":{"gitId":"zavsky"},"content":"        }","lastModifiedDate":"2025-02-07","isFullCredit":false},{"lineNumber":83,"author":{"gitId":"zavsky"},"content":"    }","lastModifiedDate":"2025-02-07","isFullCredit":false},{"lineNumber":84,"author":{"gitId":"zavsky"},"content":"","lastModifiedDate":"2025-02-09","isFullCredit":false},{"lineNumber":85,"author":{"gitId":"zavsky"},"content":"    // public static void updateState(String userInput) {","lastModifiedDate":"2025-02-09","isFullCredit":false},{"lineNumber":86,"author":{"gitId":"zavsky"},"content":"    //     switch (userInput.trim().toLowerCase()) {","lastModifiedDate":"2025-02-09","isFullCredit":false},{"lineNumber":87,"author":{"gitId":"zavsky"},"content":"    //         case \"bye\": runState \u003d State.EXIT; break;","lastModifiedDate":"2025-02-09","isFullCredit":false},{"lineNumber":88,"author":{"gitId":"zavsky"},"content":"    //         case \"list\": runState \u003d State.LISTEN; listTask(); break;","lastModifiedDate":"2025-02-09","isFullCredit":false},{"lineNumber":89,"author":{"gitId":"zavsky"},"content":"    //         default: runState \u003d State.LISTEN; createTask(userInput); break;","lastModifiedDate":"2025-02-09","isFullCredit":false},{"lineNumber":90,"author":{"gitId":"zavsky"},"content":"    //     }","lastModifiedDate":"2025-02-09","isFullCredit":false},{"lineNumber":91,"author":{"gitId":"zavsky"},"content":"    // }","lastModifiedDate":"2025-02-09","isFullCredit":false},{"lineNumber":92,"author":{"gitId":"zavsky"},"content":"","lastModifiedDate":"2025-02-09","isFullCredit":false},{"lineNumber":93,"author":{"gitId":"zavsky"},"content":"    public static void listTask() {","lastModifiedDate":"2025-02-07","isFullCredit":false},{"lineNumber":94,"author":{"gitId":"zavsky"},"content":"        printLine();","lastModifiedDate":"2025-02-09","isFullCredit":false},{"lineNumber":95,"author":{"gitId":"zavsky"},"content":"        System.out.println(\"    Here\u0027s your todo:\");","lastModifiedDate":"2025-02-09","isFullCredit":false},{"lineNumber":96,"author":{"gitId":"zavsky"},"content":"        for (int i \u003d 0; i \u003c tasks.size(); i++) {","lastModifiedDate":"2025-02-09","isFullCredit":false},{"lineNumber":97,"author":{"gitId":"zavsky"},"content":"            System.out.println(\"        \" + (i + 1) + \". \" + tasks.get(i));","lastModifiedDate":"2025-02-09","isFullCredit":false},{"lineNumber":98,"author":{"gitId":"zavsky"},"content":"        }","lastModifiedDate":"2025-02-07","isFullCredit":false},{"lineNumber":99,"author":{"gitId":"zavsky"},"content":"        printLine();","lastModifiedDate":"2025-02-09","isFullCredit":false},{"lineNumber":100,"author":{"gitId":"zavsky"},"content":"    }","lastModifiedDate":"2025-02-07","isFullCredit":false},{"lineNumber":101,"author":{"gitId":"zavsky"},"content":"","lastModifiedDate":"2025-02-07","isFullCredit":false},{"lineNumber":102,"author":{"gitId":"zavsky"},"content":"    public static void addTask() {","lastModifiedDate":"2025-02-09","isFullCredit":false},{"lineNumber":103,"author":{"gitId":"zavsky"},"content":"        clearScreen();","lastModifiedDate":"2025-02-09","isFullCredit":false},{"lineNumber":104,"author":{"gitId":"zavsky"},"content":"        System.out.println(\"Add deadline, todo or event?\");","lastModifiedDate":"2025-02-09","isFullCredit":false},{"lineNumber":105,"author":{"gitId":"zavsky"},"content":"        String userInput \u003d scanner.nextLine().trim();","lastModifiedDate":"2025-02-09","isFullCredit":false},{"lineNumber":106,"author":{"gitId":"zavsky"},"content":"        addTask(userInput);","lastModifiedDate":"2025-02-09","isFullCredit":false},{"lineNumber":107,"author":{"gitId":"zavsky"},"content":"    }","lastModifiedDate":"2025-02-09","isFullCredit":false},{"lineNumber":108,"author":{"gitId":"zavsky"},"content":"","lastModifiedDate":"2025-02-09","isFullCredit":false},{"lineNumber":109,"author":{"gitId":"zavsky"},"content":"    public static void addTask(String input) {","lastModifiedDate":"2025-02-09","isFullCredit":false},{"lineNumber":110,"author":{"gitId":"zavsky"},"content":"        String[] inputParts \u003d input.split(\" \", 2);","lastModifiedDate":"2025-02-09","isFullCredit":false},{"lineNumber":111,"author":{"gitId":"zavsky"},"content":"        String command \u003d inputParts[0];","lastModifiedDate":"2025-02-09","isFullCredit":false},{"lineNumber":112,"author":{"gitId":"zavsky"},"content":"","lastModifiedDate":"2025-02-09","isFullCredit":false},{"lineNumber":113,"author":{"gitId":"zavsky"},"content":"        switch (command) {","lastModifiedDate":"2025-02-09","isFullCredit":false},{"lineNumber":114,"author":{"gitId":"zavsky"},"content":"        case \"deadline\":","lastModifiedDate":"2025-02-09","isFullCredit":false},{"lineNumber":115,"author":{"gitId":"zavsky"},"content":"        case \"d\":","lastModifiedDate":"2025-02-09","isFullCredit":false},{"lineNumber":116,"author":{"gitId":"zavsky"},"content":"            if (inputParts.length \u003e 1) {","lastModifiedDate":"2025-02-10","isFullCredit":false},{"lineNumber":117,"author":{"gitId":"zavsky"},"content":"                addDeadline(inputParts[1]);","lastModifiedDate":"2025-02-10","isFullCredit":false},{"lineNumber":118,"author":{"gitId":"zavsky"},"content":"            } else {","lastModifiedDate":"2025-02-10","isFullCredit":false},{"lineNumber":119,"author":{"gitId":"zavsky"},"content":"                addDeadline();","lastModifiedDate":"2025-02-09","isFullCredit":false},{"lineNumber":120,"author":{"gitId":"zavsky"},"content":"            }","lastModifiedDate":"2025-02-10","isFullCredit":false},{"lineNumber":121,"author":{"gitId":"zavsky"},"content":"            break;","lastModifiedDate":"2025-02-09","isFullCredit":false},{"lineNumber":122,"author":{"gitId":"zavsky"},"content":"        case \"todo\":","lastModifiedDate":"2025-02-09","isFullCredit":false},{"lineNumber":123,"author":{"gitId":"zavsky"},"content":"        case \"t\":","lastModifiedDate":"2025-02-09","isFullCredit":false},{"lineNumber":124,"author":{"gitId":"zavsky"},"content":"            if (inputParts.length \u003e 1) {","lastModifiedDate":"2025-02-10","isFullCredit":false},{"lineNumber":125,"author":{"gitId":"zavsky"},"content":"                addToDo(inputParts[1]);","lastModifiedDate":"2025-02-10","isFullCredit":false},{"lineNumber":126,"author":{"gitId":"zavsky"},"content":"            } else {","lastModifiedDate":"2025-02-10","isFullCredit":false},{"lineNumber":127,"author":{"gitId":"zavsky"},"content":"                addToDo();","lastModifiedDate":"2025-02-09","isFullCredit":false},{"lineNumber":128,"author":{"gitId":"zavsky"},"content":"            }","lastModifiedDate":"2025-02-10","isFullCredit":false},{"lineNumber":129,"author":{"gitId":"zavsky"},"content":"            break;","lastModifiedDate":"2025-02-09","isFullCredit":false},{"lineNumber":130,"author":{"gitId":"zavsky"},"content":"        case \"event\":","lastModifiedDate":"2025-02-09","isFullCredit":false},{"lineNumber":131,"author":{"gitId":"zavsky"},"content":"        case \"e\":","lastModifiedDate":"2025-02-09","isFullCredit":false},{"lineNumber":132,"author":{"gitId":"zavsky"},"content":"            if (inputParts.length \u003e 1) {","lastModifiedDate":"2025-02-10","isFullCredit":false},{"lineNumber":133,"author":{"gitId":"zavsky"},"content":"                addEvent(inputParts[1]);","lastModifiedDate":"2025-02-10","isFullCredit":false},{"lineNumber":134,"author":{"gitId":"zavsky"},"content":"            } else {","lastModifiedDate":"2025-02-10","isFullCredit":false},{"lineNumber":135,"author":{"gitId":"zavsky"},"content":"                addEvent();","lastModifiedDate":"2025-02-09","isFullCredit":false},{"lineNumber":136,"author":{"gitId":"zavsky"},"content":"            }","lastModifiedDate":"2025-02-10","isFullCredit":false},{"lineNumber":137,"author":{"gitId":"zavsky"},"content":"            break;","lastModifiedDate":"2025-02-09","isFullCredit":false},{"lineNumber":138,"author":{"gitId":"zavsky"},"content":"        case \"exit\":","lastModifiedDate":"2025-02-09","isFullCredit":false},{"lineNumber":139,"author":{"gitId":"zavsky"},"content":"        case \"quit\":","lastModifiedDate":"2025-02-09","isFullCredit":false},{"lineNumber":140,"author":{"gitId":"zavsky"},"content":"            return;","lastModifiedDate":"2025-02-09","isFullCredit":false},{"lineNumber":141,"author":{"gitId":"zavsky"},"content":"        default:","lastModifiedDate":"2025-02-09","isFullCredit":false},{"lineNumber":142,"author":{"gitId":"zavsky"},"content":"            System.out.println(\"Unknown add .. command. Use deadline, todo or event\");","lastModifiedDate":"2025-02-09","isFullCredit":false},{"lineNumber":143,"author":{"gitId":"zavsky"},"content":"            addTask();","lastModifiedDate":"2025-02-09","isFullCredit":false},{"lineNumber":144,"author":{"gitId":"zavsky"},"content":"        }","lastModifiedDate":"2025-02-09","isFullCredit":false},{"lineNumber":145,"author":{"gitId":"zavsky"},"content":"        ","lastModifiedDate":"2025-02-09","isFullCredit":false},{"lineNumber":146,"author":{"gitId":"zavsky"},"content":"    }","lastModifiedDate":"2025-02-09","isFullCredit":false},{"lineNumber":147,"author":{"gitId":"zavsky"},"content":"","lastModifiedDate":"2025-02-09","isFullCredit":false},{"lineNumber":148,"author":{"gitId":"zavsky"},"content":"    private static void addDeadline() {","lastModifiedDate":"2025-02-09","isFullCredit":false},{"lineNumber":149,"author":{"gitId":"zavsky"},"content":"        clearScreen();","lastModifiedDate":"2025-02-09","isFullCredit":false},{"lineNumber":150,"author":{"gitId":"zavsky"},"content":"        System.out.println(\"Deadline /by?\");","lastModifiedDate":"2025-02-09","isFullCredit":false},{"lineNumber":151,"author":{"gitId":"zavsky"},"content":"        String userInput \u003d getUserInput();","lastModifiedDate":"2025-02-09","isFullCredit":false},{"lineNumber":152,"author":{"gitId":"zavsky"},"content":"        addDeadline(userInput);","lastModifiedDate":"2025-02-09","isFullCredit":false},{"lineNumber":153,"author":{"gitId":"zavsky"},"content":"    }","lastModifiedDate":"2025-02-09","isFullCredit":false},{"lineNumber":154,"author":{"gitId":"zavsky"},"content":"","lastModifiedDate":"2025-02-09","isFullCredit":false},{"lineNumber":155,"author":{"gitId":"zavsky"},"content":"    private static void addDeadline(String input) {","lastModifiedDate":"2025-02-09","isFullCredit":false},{"lineNumber":156,"author":{"gitId":"zavsky"},"content":"        String[] inputParts \u003d input.split(\"/by\", 2);","lastModifiedDate":"2025-02-09","isFullCredit":false},{"lineNumber":157,"author":{"gitId":"zavsky"},"content":"        ","lastModifiedDate":"2025-02-09","isFullCredit":false},{"lineNumber":158,"author":{"gitId":"zavsky"},"content":"        if (inputParts.length \u003c 2) {","lastModifiedDate":"2025-02-09","isFullCredit":false},{"lineNumber":159,"author":{"gitId":"zavsky"},"content":"            return;","lastModifiedDate":"2025-02-09","isFullCredit":false},{"lineNumber":160,"author":{"gitId":"zavsky"},"content":"        }","lastModifiedDate":"2025-02-09","isFullCredit":false},{"lineNumber":161,"author":{"gitId":"zavsky"},"content":"        ","lastModifiedDate":"2025-02-09","isFullCredit":false},{"lineNumber":162,"author":{"gitId":"zavsky"},"content":"        String description \u003d inputParts[0].trim();","lastModifiedDate":"2025-02-09","isFullCredit":false},{"lineNumber":163,"author":{"gitId":"zavsky"},"content":"        String by \u003d inputParts[1].trim();","lastModifiedDate":"2025-02-09","isFullCredit":false},{"lineNumber":164,"author":{"gitId":"zavsky"},"content":"","lastModifiedDate":"2025-02-09","isFullCredit":false},{"lineNumber":165,"author":{"gitId":"zavsky"},"content":"        Deadline newDeadLine \u003d new Deadline(description, by);","lastModifiedDate":"2025-02-09","isFullCredit":false},{"lineNumber":166,"author":{"gitId":"zavsky"},"content":"        tasks.add(newDeadLine);","lastModifiedDate":"2025-02-09","isFullCredit":false},{"lineNumber":167,"author":{"gitId":"zavsky"},"content":"        printAddSuccess(newDeadLine);","lastModifiedDate":"2025-02-09","isFullCredit":false},{"lineNumber":168,"author":{"gitId":"zavsky"},"content":"    }","lastModifiedDate":"2025-02-09","isFullCredit":false},{"lineNumber":169,"author":{"gitId":"zavsky"},"content":"","lastModifiedDate":"2025-02-09","isFullCredit":false},{"lineNumber":170,"author":{"gitId":"zavsky"},"content":"    private static void addEvent() {","lastModifiedDate":"2025-02-09","isFullCredit":false},{"lineNumber":171,"author":{"gitId":"zavsky"},"content":"        clearScreen();","lastModifiedDate":"2025-02-09","isFullCredit":false},{"lineNumber":172,"author":{"gitId":"zavsky"},"content":"        System.out.println(\"Event /from /to?\");","lastModifiedDate":"2025-02-09","isFullCredit":false},{"lineNumber":173,"author":{"gitId":"zavsky"},"content":"        String userInput \u003d getUserInput();","lastModifiedDate":"2025-02-09","isFullCredit":false},{"lineNumber":174,"author":{"gitId":"zavsky"},"content":"        addEvent(userInput);","lastModifiedDate":"2025-02-09","isFullCredit":false},{"lineNumber":175,"author":{"gitId":"zavsky"},"content":"    }","lastModifiedDate":"2025-02-09","isFullCredit":false},{"lineNumber":176,"author":{"gitId":"zavsky"},"content":"","lastModifiedDate":"2025-02-09","isFullCredit":false},{"lineNumber":177,"author":{"gitId":"zavsky"},"content":"    private static void addEvent(String input) {","lastModifiedDate":"2025-02-09","isFullCredit":false},{"lineNumber":178,"author":{"gitId":"zavsky"},"content":"        // improve description, from and to checking, making sure the order is not reversed","lastModifiedDate":"2025-02-09","isFullCredit":false},{"lineNumber":179,"author":{"gitId":"zavsky"},"content":"        String[] inputParts \u003d input.split(\"/from|/to\", 3);","lastModifiedDate":"2025-02-09","isFullCredit":false},{"lineNumber":180,"author":{"gitId":"zavsky"},"content":"        String description \u003d inputParts[0].trim();","lastModifiedDate":"2025-02-09","isFullCredit":false},{"lineNumber":181,"author":{"gitId":"zavsky"},"content":"        String from \u003d inputParts[1].trim();","lastModifiedDate":"2025-02-09","isFullCredit":false},{"lineNumber":182,"author":{"gitId":"zavsky"},"content":"        String to \u003d inputParts[2].trim();","lastModifiedDate":"2025-02-09","isFullCredit":false},{"lineNumber":183,"author":{"gitId":"zavsky"},"content":"","lastModifiedDate":"2025-02-09","isFullCredit":false},{"lineNumber":184,"author":{"gitId":"zavsky"},"content":"        Event newEvent \u003d new Event(description, from, to);","lastModifiedDate":"2025-02-09","isFullCredit":false},{"lineNumber":185,"author":{"gitId":"zavsky"},"content":"        tasks.add(newEvent);","lastModifiedDate":"2025-02-09","isFullCredit":false},{"lineNumber":186,"author":{"gitId":"zavsky"},"content":"        printAddSuccess(newEvent);","lastModifiedDate":"2025-02-09","isFullCredit":false},{"lineNumber":187,"author":{"gitId":"zavsky"},"content":"    }","lastModifiedDate":"2025-02-09","isFullCredit":false},{"lineNumber":188,"author":{"gitId":"zavsky"},"content":"","lastModifiedDate":"2025-02-09","isFullCredit":false},{"lineNumber":189,"author":{"gitId":"zavsky"},"content":"    private static void addToDo() {","lastModifiedDate":"2025-02-09","isFullCredit":false},{"lineNumber":190,"author":{"gitId":"zavsky"},"content":"        clearScreen();","lastModifiedDate":"2025-02-09","isFullCredit":false},{"lineNumber":191,"author":{"gitId":"zavsky"},"content":"        System.out.println(\"Todo?\");","lastModifiedDate":"2025-02-09","isFullCredit":false},{"lineNumber":192,"author":{"gitId":"zavsky"},"content":"        String userInput \u003d getUserInput();","lastModifiedDate":"2025-02-09","isFullCredit":false},{"lineNumber":193,"author":{"gitId":"zavsky"},"content":"        addToDo(userInput);","lastModifiedDate":"2025-02-09","isFullCredit":false},{"lineNumber":194,"author":{"gitId":"zavsky"},"content":"    }","lastModifiedDate":"2025-02-09","isFullCredit":false},{"lineNumber":195,"author":{"gitId":"zavsky"},"content":"","lastModifiedDate":"2025-02-09","isFullCredit":false},{"lineNumber":196,"author":{"gitId":"zavsky"},"content":"    private static void addToDo(String description) {","lastModifiedDate":"2025-02-09","isFullCredit":false},{"lineNumber":197,"author":{"gitId":"zavsky"},"content":"        ToDo newToDo \u003d new ToDo(description.trim());","lastModifiedDate":"2025-02-09","isFullCredit":false},{"lineNumber":198,"author":{"gitId":"zavsky"},"content":"        tasks.add(newToDo);","lastModifiedDate":"2025-02-09","isFullCredit":false},{"lineNumber":199,"author":{"gitId":"zavsky"},"content":"        printAddSuccess(newToDo);","lastModifiedDate":"2025-02-09","isFullCredit":false},{"lineNumber":200,"author":{"gitId":"zavsky"},"content":"    }","lastModifiedDate":"2025-02-09","isFullCredit":false},{"lineNumber":201,"author":{"gitId":"zavsky"},"content":"","lastModifiedDate":"2025-02-09","isFullCredit":false},{"lineNumber":202,"author":{"gitId":"zavsky"},"content":"    private static void printAddSuccess(Task tasks) {","lastModifiedDate":"2025-02-09","isFullCredit":false},{"lineNumber":203,"author":{"gitId":"zavsky"},"content":"        clearScreen();","lastModifiedDate":"2025-02-09","isFullCredit":false},{"lineNumber":204,"author":{"gitId":"zavsky"},"content":"        printLine();","lastModifiedDate":"2025-02-09","isFullCredit":false},{"lineNumber":205,"author":{"gitId":"zavsky"},"content":"        System.out.println(\"    Created \" + tasks.getClass().getSimpleName() + \": \" + tasks.getDescription());","lastModifiedDate":"2025-02-09","isFullCredit":false},{"lineNumber":206,"author":{"gitId":"zavsky"},"content":"        printLine();","lastModifiedDate":"2025-02-09","isFullCredit":false},{"lineNumber":207,"author":{"gitId":"zavsky"},"content":"    }","lastModifiedDate":"2025-02-09","isFullCredit":false},{"lineNumber":208,"author":{"gitId":"zavsky"},"content":"","lastModifiedDate":"2025-02-07","isFullCredit":false},{"lineNumber":209,"author":{"gitId":"zavsky"},"content":"    public static void markTask() {","lastModifiedDate":"2025-02-09","isFullCredit":false},{"lineNumber":210,"author":{"gitId":"zavsky"},"content":"        System.out.println(\"Mark which as done?\");","lastModifiedDate":"2025-02-09","isFullCredit":false},{"lineNumber":211,"author":{"gitId":"zavsky"},"content":"        listTask();","lastModifiedDate":"2025-02-09","isFullCredit":false},{"lineNumber":212,"author":{"gitId":"zavsky"},"content":"        String userInput \u003d getUserInput();","lastModifiedDate":"2025-02-09","isFullCredit":false},{"lineNumber":213,"author":{"gitId":"zavsky"},"content":"","lastModifiedDate":"2025-02-09","isFullCredit":false},{"lineNumber":214,"author":{"gitId":"zavsky"},"content":"        // check if user has input an integer","lastModifiedDate":"2025-02-09","isFullCredit":false},{"lineNumber":215,"author":{"gitId":"zavsky"},"content":"        if (!userInput.matches(\"-?\\\\d+\")) {","lastModifiedDate":"2025-02-09","isFullCredit":false},{"lineNumber":216,"author":{"gitId":"zavsky"},"content":"            System.out.println(\"Not an integer\");","lastModifiedDate":"2025-02-09","isFullCredit":false},{"lineNumber":217,"author":{"gitId":"zavsky"},"content":"            return;","lastModifiedDate":"2025-02-09","isFullCredit":false},{"lineNumber":218,"author":{"gitId":"zavsky"},"content":"        }","lastModifiedDate":"2025-02-09","isFullCredit":false},{"lineNumber":219,"author":{"gitId":"zavsky"},"content":"","lastModifiedDate":"2025-02-09","isFullCredit":false},{"lineNumber":220,"author":{"gitId":"zavsky"},"content":"        int taskIndex \u003d Integer.parseInt(userInput) - 1;","lastModifiedDate":"2025-02-09","isFullCredit":false},{"lineNumber":221,"author":{"gitId":"zavsky"},"content":"        markTask(taskIndex);","lastModifiedDate":"2025-02-09","isFullCredit":false},{"lineNumber":222,"author":{"gitId":"zavsky"},"content":"    }","lastModifiedDate":"2025-02-09","isFullCredit":false},{"lineNumber":223,"author":{"gitId":"zavsky"},"content":"","lastModifiedDate":"2025-02-09","isFullCredit":false},{"lineNumber":224,"author":{"gitId":"zavsky"},"content":"    public static void markTask(int taskIndex) {","lastModifiedDate":"2025-02-09","isFullCredit":false},{"lineNumber":225,"author":{"gitId":"zavsky"},"content":"        if (taskIndex \u003e\u003d 0 \u0026\u0026 taskIndex \u003c tasks.size()) {","lastModifiedDate":"2025-02-09","isFullCredit":false},{"lineNumber":226,"author":{"gitId":"zavsky"},"content":"            clearScreen();","lastModifiedDate":"2025-02-09","isFullCredit":false},{"lineNumber":227,"author":{"gitId":"zavsky"},"content":"            tasks.get(taskIndex).markDone(true);","lastModifiedDate":"2025-02-09","isFullCredit":false},{"lineNumber":228,"author":{"gitId":"zavsky"},"content":"            printLine();","lastModifiedDate":"2025-02-09","isFullCredit":false},{"lineNumber":229,"author":{"gitId":"zavsky"},"content":"            System.out.println(\"    Caw! I\u0027ve marked the following as done:\");","lastModifiedDate":"2025-02-09","isFullCredit":false},{"lineNumber":230,"author":{"gitId":"zavsky"},"content":"            System.out.println(\"        \" + tasks.get(taskIndex));","lastModifiedDate":"2025-02-09","isFullCredit":false},{"lineNumber":231,"author":{"gitId":"zavsky"},"content":"        } else {","lastModifiedDate":"2025-02-09","isFullCredit":false},{"lineNumber":232,"author":{"gitId":"zavsky"},"content":"            System.out.println(\"Invalid task number\");","lastModifiedDate":"2025-02-09","isFullCredit":false},{"lineNumber":233,"author":{"gitId":"zavsky"},"content":"        }","lastModifiedDate":"2025-02-09","isFullCredit":false},{"lineNumber":234,"author":{"gitId":"zavsky"},"content":"    }","lastModifiedDate":"2025-02-09","isFullCredit":false},{"lineNumber":235,"author":{"gitId":"zavsky"},"content":"","lastModifiedDate":"2025-02-07","isFullCredit":false},{"lineNumber":236,"author":{"gitId":"zavsky"},"content":"    public static void unmarkTask() {","lastModifiedDate":"2025-02-09","isFullCredit":false},{"lineNumber":237,"author":{"gitId":"zavsky"},"content":"        System.out.println(\"Mark which as not done?\");","lastModifiedDate":"2025-02-09","isFullCredit":false},{"lineNumber":238,"author":{"gitId":"zavsky"},"content":"        listTask();","lastModifiedDate":"2025-02-09","isFullCredit":false},{"lineNumber":239,"author":{"gitId":"zavsky"},"content":"        String userInput \u003d getUserInput();","lastModifiedDate":"2025-02-09","isFullCredit":false},{"lineNumber":240,"author":{"gitId":"zavsky"},"content":"","lastModifiedDate":"2025-02-09","isFullCredit":false},{"lineNumber":241,"author":{"gitId":"zavsky"},"content":"        // check if user has input an integer","lastModifiedDate":"2025-02-09","isFullCredit":false},{"lineNumber":242,"author":{"gitId":"zavsky"},"content":"        if (!userInput.matches(\"-?\\\\d+\")) {","lastModifiedDate":"2025-02-09","isFullCredit":false},{"lineNumber":243,"author":{"gitId":"zavsky"},"content":"            System.out.println(\"Not an integer\");","lastModifiedDate":"2025-02-09","isFullCredit":false},{"lineNumber":244,"author":{"gitId":"zavsky"},"content":"            return;","lastModifiedDate":"2025-02-09","isFullCredit":false},{"lineNumber":245,"author":{"gitId":"zavsky"},"content":"        }","lastModifiedDate":"2025-02-09","isFullCredit":false},{"lineNumber":246,"author":{"gitId":"zavsky"},"content":"","lastModifiedDate":"2025-02-09","isFullCredit":false},{"lineNumber":247,"author":{"gitId":"zavsky"},"content":"        int taskIndex \u003d Integer.parseInt(userInput) - 1;","lastModifiedDate":"2025-02-09","isFullCredit":false},{"lineNumber":248,"author":{"gitId":"zavsky"},"content":"        unmarkTask(taskIndex);","lastModifiedDate":"2025-02-09","isFullCredit":false},{"lineNumber":249,"author":{"gitId":"zavsky"},"content":"    }","lastModifiedDate":"2025-02-09","isFullCredit":false},{"lineNumber":250,"author":{"gitId":"zavsky"},"content":"","lastModifiedDate":"2025-02-09","isFullCredit":false},{"lineNumber":251,"author":{"gitId":"zavsky"},"content":"    public static void unmarkTask(int taskIndex) {","lastModifiedDate":"2025-02-09","isFullCredit":false},{"lineNumber":252,"author":{"gitId":"zavsky"},"content":"        if (taskIndex \u003e\u003d 0 \u0026\u0026 taskIndex \u003c tasks.size()) {","lastModifiedDate":"2025-02-09","isFullCredit":false},{"lineNumber":253,"author":{"gitId":"zavsky"},"content":"            clearScreen();","lastModifiedDate":"2025-02-09","isFullCredit":false},{"lineNumber":254,"author":{"gitId":"zavsky"},"content":"            tasks.get(taskIndex).markDone(false);","lastModifiedDate":"2025-02-09","isFullCredit":false},{"lineNumber":255,"author":{"gitId":"zavsky"},"content":"            printLine();","lastModifiedDate":"2025-02-09","isFullCredit":false},{"lineNumber":256,"author":{"gitId":"zavsky"},"content":"            System.out.println(\"    Stop fooling, seize the day!\");","lastModifiedDate":"2025-02-09","isFullCredit":false},{"lineNumber":257,"author":{"gitId":"zavsky"},"content":"            System.out.println(\"        \\\"\" + tasks.get(taskIndex).getDescription() + \"\\\" is now marked undone\");","lastModifiedDate":"2025-02-09","isFullCredit":false},{"lineNumber":258,"author":{"gitId":"zavsky"},"content":"            printLine();","lastModifiedDate":"2025-02-09","isFullCredit":false},{"lineNumber":259,"author":{"gitId":"zavsky"},"content":"        } else {","lastModifiedDate":"2025-02-09","isFullCredit":false},{"lineNumber":260,"author":{"gitId":"zavsky"},"content":"            System.out.println(\"Invalid task number\");","lastModifiedDate":"2025-02-09","isFullCredit":false},{"lineNumber":261,"author":{"gitId":"zavsky"},"content":"        }","lastModifiedDate":"2025-02-09","isFullCredit":false},{"lineNumber":262,"author":{"gitId":"zavsky"},"content":"    }","lastModifiedDate":"2025-02-09","isFullCredit":false},{"lineNumber":263,"author":{"gitId":"zavsky"},"content":"","lastModifiedDate":"2025-02-07","isFullCredit":false},{"lineNumber":264,"author":{"gitId":"zavsky"},"content":"    public static void deleteTask() {","lastModifiedDate":"2025-02-09","isFullCredit":false},{"lineNumber":265,"author":{"gitId":"zavsky"},"content":"        System.out.println(\"Delete which task?\");","lastModifiedDate":"2025-02-09","isFullCredit":false},{"lineNumber":266,"author":{"gitId":"zavsky"},"content":"        listTask();","lastModifiedDate":"2025-02-09","isFullCredit":false},{"lineNumber":267,"author":{"gitId":"zavsky"},"content":"        String userInput \u003d getUserInput();","lastModifiedDate":"2025-02-09","isFullCredit":false},{"lineNumber":268,"author":{"gitId":"zavsky"},"content":"","lastModifiedDate":"2025-02-09","isFullCredit":false},{"lineNumber":269,"author":{"gitId":"zavsky"},"content":"        // check if user has input an integer","lastModifiedDate":"2025-02-09","isFullCredit":false},{"lineNumber":270,"author":{"gitId":"zavsky"},"content":"        if (!userInput.matches(\"-?\\\\d+\")) {","lastModifiedDate":"2025-02-09","isFullCredit":false},{"lineNumber":271,"author":{"gitId":"zavsky"},"content":"            System.out.println(\"Not an integer\");","lastModifiedDate":"2025-02-09","isFullCredit":false},{"lineNumber":272,"author":{"gitId":"zavsky"},"content":"            return;","lastModifiedDate":"2025-02-09","isFullCredit":false},{"lineNumber":273,"author":{"gitId":"zavsky"},"content":"        }","lastModifiedDate":"2025-02-09","isFullCredit":false},{"lineNumber":274,"author":{"gitId":"zavsky"},"content":"","lastModifiedDate":"2025-02-09","isFullCredit":false},{"lineNumber":275,"author":{"gitId":"zavsky"},"content":"        int taskIndex \u003d Integer.parseInt(userInput) - 1;","lastModifiedDate":"2025-02-09","isFullCredit":false},{"lineNumber":276,"author":{"gitId":"zavsky"},"content":"        deleteTask(taskIndex);","lastModifiedDate":"2025-02-09","isFullCredit":false},{"lineNumber":277,"author":{"gitId":"zavsky"},"content":"    }","lastModifiedDate":"2025-02-09","isFullCredit":false},{"lineNumber":278,"author":{"gitId":"zavsky"},"content":"","lastModifiedDate":"2025-02-09","isFullCredit":false},{"lineNumber":279,"author":{"gitId":"zavsky"},"content":"    public static void deleteTask(int taskIndex) {","lastModifiedDate":"2025-02-09","isFullCredit":false},{"lineNumber":280,"author":{"gitId":"zavsky"},"content":"        if (taskIndex \u003e\u003d 0 \u0026\u0026 taskIndex \u003c tasks.size()) {","lastModifiedDate":"2025-02-09","isFullCredit":false},{"lineNumber":281,"author":{"gitId":"zavsky"},"content":"            clearScreen();","lastModifiedDate":"2025-02-09","isFullCredit":false},{"lineNumber":282,"author":{"gitId":"zavsky"},"content":"            printLine();","lastModifiedDate":"2025-02-09","isFullCredit":false},{"lineNumber":283,"author":{"gitId":"zavsky"},"content":"            System.out.println(\"    One less item on your bucketlist. The following has been deleted:\");","lastModifiedDate":"2025-02-09","isFullCredit":false},{"lineNumber":284,"author":{"gitId":"zavsky"},"content":"            System.out.println(\"        \" + tasks.get(taskIndex));","lastModifiedDate":"2025-02-09","isFullCredit":false},{"lineNumber":285,"author":{"gitId":"zavsky"},"content":"            printLine();","lastModifiedDate":"2025-02-09","isFullCredit":false},{"lineNumber":286,"author":{"gitId":"zavsky"},"content":"            tasks.remove(taskIndex);","lastModifiedDate":"2025-02-09","isFullCredit":false},{"lineNumber":287,"author":{"gitId":"zavsky"},"content":"        } else {","lastModifiedDate":"2025-02-09","isFullCredit":false},{"lineNumber":288,"author":{"gitId":"zavsky"},"content":"            System.out.println(\"Invalid task number\");","lastModifiedDate":"2025-02-09","isFullCredit":false},{"lineNumber":289,"author":{"gitId":"zavsky"},"content":"        }","lastModifiedDate":"2025-02-09","isFullCredit":false},{"lineNumber":290,"author":{"gitId":"zavsky"},"content":"    }","lastModifiedDate":"2025-02-07","isFullCredit":false},{"lineNumber":291,"author":{"gitId":"zavsky"},"content":"","lastModifiedDate":"2025-02-07","isFullCredit":false},{"lineNumber":292,"author":{"gitId":"zavsky"},"content":"    private static String getUserInput() {","lastModifiedDate":"2025-02-09","isFullCredit":false},{"lineNumber":293,"author":{"gitId":"zavsky"},"content":"        return scanner.nextLine().trim();","lastModifiedDate":"2025-02-09","isFullCredit":false},{"lineNumber":294,"author":{"gitId":"zavsky"},"content":"    }","lastModifiedDate":"2025-02-09","isFullCredit":false},{"lineNumber":295,"author":{"gitId":"zavsky"},"content":"","lastModifiedDate":"2025-02-09","isFullCredit":false},{"lineNumber":296,"author":{"gitId":"zavsky"},"content":"    private static void printLine() {","lastModifiedDate":"2025-02-09","isFullCredit":false},{"lineNumber":297,"author":{"gitId":"zavsky"},"content":"        System.out.println(\"    ____________________________________________________________\");","lastModifiedDate":"2025-02-09","isFullCredit":false},{"lineNumber":298,"author":{"gitId":"zavsky"},"content":"        System.out.println(\"\");","lastModifiedDate":"2025-02-09","isFullCredit":false},{"lineNumber":299,"author":{"gitId":"zavsky"},"content":"    }","lastModifiedDate":"2025-02-09","isFullCredit":false},{"lineNumber":300,"author":{"gitId":"zavsky"},"content":"","lastModifiedDate":"2025-02-09","isFullCredit":false},{"lineNumber":301,"author":{"gitId":"zavsky"},"content":"    public static void clearScreen() {","lastModifiedDate":"2025-02-09","isFullCredit":false},{"lineNumber":302,"author":{"gitId":"zavsky"},"content":"        System.out.print(\"\\033[H\\033[2J\");  ","lastModifiedDate":"2025-02-09","isFullCredit":false},{"lineNumber":303,"author":{"gitId":"zavsky"},"content":"        System.out.flush();  ","lastModifiedDate":"2025-02-09","isFullCredit":false},{"lineNumber":304,"author":{"gitId":"zavsky"},"content":"    }","lastModifiedDate":"2025-02-07","isFullCredit":false},{"lineNumber":305,"author":{"gitId":"zavsky"},"content":"}","lastModifiedDate":"2025-02-07","isFullCredit":false}],"authorContributionMap":{"zavsky":305}},{"path":"src/main/java/Task.java","fileType":"java","lines":[{"lineNumber":1,"author":{"gitId":"zavsky"},"content":"public abstract class Task {","lastModifiedDate":"2025-02-09","isFullCredit":false},{"lineNumber":2,"author":{"gitId":"zavsky"},"content":"    protected String description;","lastModifiedDate":"2025-02-07","isFullCredit":false},{"lineNumber":3,"author":{"gitId":"zavsky"},"content":"    protected boolean isDone;","lastModifiedDate":"2025-02-09","isFullCredit":false},{"lineNumber":4,"author":{"gitId":"zavsky"},"content":"","lastModifiedDate":"2025-02-07","isFullCredit":false},{"lineNumber":5,"author":{"gitId":"zavsky"},"content":"    public Task(String description) {","lastModifiedDate":"2025-02-07","isFullCredit":false},{"lineNumber":6,"author":{"gitId":"zavsky"},"content":"        this.description \u003d description;","lastModifiedDate":"2025-02-07","isFullCredit":false},{"lineNumber":7,"author":{"gitId":"zavsky"},"content":"        this.isDone \u003d false;","lastModifiedDate":"2025-02-09","isFullCredit":false},{"lineNumber":8,"author":{"gitId":"zavsky"},"content":"    }","lastModifiedDate":"2025-02-07","isFullCredit":false},{"lineNumber":9,"author":{"gitId":"zavsky"},"content":"","lastModifiedDate":"2025-02-07","isFullCredit":false},{"lineNumber":10,"author":{"gitId":"zavsky"},"content":"    public String getDescription() {","lastModifiedDate":"2025-02-07","isFullCredit":false},{"lineNumber":11,"author":{"gitId":"zavsky"},"content":"        return this.description;","lastModifiedDate":"2025-02-07","isFullCredit":false},{"lineNumber":12,"author":{"gitId":"zavsky"},"content":"    }","lastModifiedDate":"2025-02-07","isFullCredit":false},{"lineNumber":13,"author":{"gitId":"zavsky"},"content":"","lastModifiedDate":"2025-02-09","isFullCredit":false},{"lineNumber":14,"author":{"gitId":"zavsky"},"content":"    public void markDone(boolean isDone) {","lastModifiedDate":"2025-02-09","isFullCredit":false},{"lineNumber":15,"author":{"gitId":"zavsky"},"content":"        this.isDone \u003d isDone;","lastModifiedDate":"2025-02-09","isFullCredit":false},{"lineNumber":16,"author":{"gitId":"zavsky"},"content":"    }","lastModifiedDate":"2025-02-09","isFullCredit":false},{"lineNumber":17,"author":{"gitId":"zavsky"},"content":"","lastModifiedDate":"2025-02-09","isFullCredit":false},{"lineNumber":18,"author":{"gitId":"zavsky"},"content":"    public String getStatusIcon() {","lastModifiedDate":"2025-02-09","isFullCredit":false},{"lineNumber":19,"author":{"gitId":"zavsky"},"content":"        return isDone ? \"[X]\" : \"[ ]\";","lastModifiedDate":"2025-02-09","isFullCredit":false},{"lineNumber":20,"author":{"gitId":"zavsky"},"content":"    }","lastModifiedDate":"2025-02-09","isFullCredit":false},{"lineNumber":21,"author":{"gitId":"zavsky"},"content":"","lastModifiedDate":"2025-02-09","isFullCredit":false},{"lineNumber":22,"author":{"gitId":"zavsky"},"content":"    @Override","lastModifiedDate":"2025-02-09","isFullCredit":false},{"lineNumber":23,"author":{"gitId":"zavsky"},"content":"    public String toString() {","lastModifiedDate":"2025-02-09","isFullCredit":false},{"lineNumber":24,"author":{"gitId":"zavsky"},"content":"        return getStatusIcon() + \" \" + description;","lastModifiedDate":"2025-02-09","isFullCredit":false},{"lineNumber":25,"author":{"gitId":"zavsky"},"content":"    }","lastModifiedDate":"2025-02-09","isFullCredit":false},{"lineNumber":26,"author":{"gitId":"zavsky"},"content":"}","lastModifiedDate":"2025-02-07","isFullCredit":false}],"authorContributionMap":{"zavsky":26}},{"path":"src/main/java/ToDo.java","fileType":"java","lines":[{"lineNumber":1,"author":{"gitId":"zavsky"},"content":"public class ToDo extends Task {","lastModifiedDate":"2025-02-09","isFullCredit":false},{"lineNumber":2,"author":{"gitId":"zavsky"},"content":"    public ToDo(String description) {","lastModifiedDate":"2025-02-09","isFullCredit":false},{"lineNumber":3,"author":{"gitId":"zavsky"},"content":"        super(description);","lastModifiedDate":"2025-02-09","isFullCredit":false},{"lineNumber":4,"author":{"gitId":"zavsky"},"content":"    }","lastModifiedDate":"2025-02-09","isFullCredit":false},{"lineNumber":5,"author":{"gitId":"zavsky"},"content":"    public String toString() {","lastModifiedDate":"2025-02-09","isFullCredit":false},{"lineNumber":6,"author":{"gitId":"zavsky"},"content":"        return \"[T] \" + super.toString();","lastModifiedDate":"2025-02-09","isFullCredit":false},{"lineNumber":7,"author":{"gitId":"zavsky"},"content":"    }","lastModifiedDate":"2025-02-09","isFullCredit":false},{"lineNumber":8,"author":{"gitId":"zavsky"},"content":"}","lastModifiedDate":"2025-02-09","isFullCredit":false}],"authorContributionMap":{"zavsky":8}},{"path":"src/main/java/bluebird.java","fileType":"java","lines":[{"lineNumber":1,"author":{"gitId":"zavsky"},"content":"public class Bluebird {","lastModifiedDate":"2025-02-10","isFullCredit":false},{"lineNumber":2,"author":{"gitId":"zavsky"},"content":"    ","lastModifiedDate":"2025-01-24","isFullCredit":false},{"lineNumber":3,"author":{"gitId":"zavsky"},"content":"    public Bluebird() {","lastModifiedDate":"2025-02-10","isFullCredit":false},{"lineNumber":4,"author":{"gitId":"zavsky"},"content":"","lastModifiedDate":"2025-02-07","isFullCredit":false},{"lineNumber":5,"author":{"gitId":"zavsky"},"content":"    }","lastModifiedDate":"2025-01-24","isFullCredit":false},{"lineNumber":6,"author":{"gitId":"zavsky"},"content":"","lastModifiedDate":"2025-01-24","isFullCredit":false},{"lineNumber":7,"author":{"gitId":"zavsky"},"content":"    public void greetHello() {","lastModifiedDate":"2025-02-07","isFullCredit":false},{"lineNumber":8,"author":{"gitId":"zavsky"},"content":"        clearScreen();","lastModifiedDate":"2025-02-09","isFullCredit":false},{"lineNumber":9,"author":{"gitId":"zavsky"},"content":"        System.out.println(\"Hello, I am Bluebird\");","lastModifiedDate":"2025-01-24","isFullCredit":false},{"lineNumber":10,"author":{"gitId":"zavsky"},"content":"        System.out.println(\"What can I do for you?\");","lastModifiedDate":"2025-01-24","isFullCredit":false},{"lineNumber":11,"author":{"gitId":"zavsky"},"content":"        System.out.println(\"\");","lastModifiedDate":"2025-02-09","isFullCredit":false},{"lineNumber":12,"author":{"gitId":"zavsky"},"content":"    }","lastModifiedDate":"2025-01-24","isFullCredit":false},{"lineNumber":13,"author":{"gitId":"zavsky"},"content":"","lastModifiedDate":"2025-01-24","isFullCredit":false},{"lineNumber":14,"author":{"gitId":"zavsky"},"content":"    public void greetGoodbye() {","lastModifiedDate":"2025-02-07","isFullCredit":false},{"lineNumber":15,"author":{"gitId":"zavsky"},"content":"        clearScreen();","lastModifiedDate":"2025-02-09","isFullCredit":false},{"lineNumber":16,"author":{"gitId":"zavsky"},"content":"        System.out.println(\"CAWWW\");","lastModifiedDate":"2025-02-09","isFullCredit":false},{"lineNumber":17,"author":{"gitId":"zavsky"},"content":"        System.out.println(\"\");","lastModifiedDate":"2025-02-09","isFullCredit":false},{"lineNumber":18,"author":{"gitId":"zavsky"},"content":"    }","lastModifiedDate":"2025-01-24","isFullCredit":false},{"lineNumber":19,"author":{"gitId":"zavsky"},"content":"","lastModifiedDate":"2025-02-09","isFullCredit":false},{"lineNumber":20,"author":{"gitId":"zavsky"},"content":"    public static void clearScreen() {","lastModifiedDate":"2025-02-09","isFullCredit":false},{"lineNumber":21,"author":{"gitId":"zavsky"},"content":"        System.out.print(\"\\033[H\\033[2J\");  ","lastModifiedDate":"2025-02-09","isFullCredit":false},{"lineNumber":22,"author":{"gitId":"zavsky"},"content":"        System.out.flush();  ","lastModifiedDate":"2025-02-09","isFullCredit":false},{"lineNumber":23,"author":{"gitId":"zavsky"},"content":"    }","lastModifiedDate":"2025-02-09","isFullCredit":false},{"lineNumber":24,"author":{"gitId":"zavsky"},"content":"}","lastModifiedDate":"2025-01-24","isFullCredit":false}],"authorContributionMap":{"zavsky":24}}]
