{"authorDailyContributionsMap":{"zavsky":[{"date":"2025-01-24","commitResults":[{"hash":"cf970a89e11380cfee2200aaf19cfbe801d1ed22","isMergeCommit":false,"messageTitle":"Rename, add greet, exit","messageBody":"","fileTypesAndContributionMap":{"java":{"insertions":18,"deletions":0}}}]},{"date":"2025-02-07","commitResults":[{"hash":"2bbab8cdde205cba0597d77cf807f130dc8489fe","isMergeCommit":false,"messageTitle":"Add greeting, exit","messageBody":"","tags":["Level-0"],"fileTypesAndContributionMap":{"java":{"insertions":11,"deletions":17}}},{"hash":"6c70db665de448e08b60e64bdb4ff014a5097b6b","isMergeCommit":false,"messageTitle":"Add echo user input","messageBody":"","tags":["Level-1"],"fileTypesAndContributionMap":{"java":{"insertions":13,"deletions":0}}},{"hash":"c4c4faf253acbb112561f9fa3abd7dde3f608a4a","isMergeCommit":false,"messageTitle":"Add tasks, list tasks","messageBody":"","tags":["Level-2"],"fileTypesAndContributionMap":{"java":{"insertions":47,"deletions":7}}}]}]},"authorFileTypeContributionMap":{"zavsky":{"java":75,"md":0,"fxml":0,"sh":0,"bat":0,"gradle":0,"txt":0}},"authorContributionVariance":{"zavsky":307.1962},"authorDisplayNameMap":{"zavsky":"IRWI.. KAI"}}
