{"authorDailyContributionsMap":{"choiak":[{"date":"2025-01-19","commitResults":[{"hash":"8c7430f023d548b5af15367b356e4fdfcf4a558a","isMergeCommit":false,"messageTitle":"Rename Duke to InuChan","messageBody":"","fileTypesAndContributionMap":{"java":{"insertions":4,"deletions":10},"bat":{"insertions":1,"deletions":1},"md":{"insertions":3,"deletions":3}}},{"hash":"c9b2023f52121e9fe9923e9321ef4742873a1d1b","isMergeCommit":false,"messageTitle":"Add greet and exit","messageBody":"","fileTypesAndContributionMap":{"java":{"insertions":45,"deletions":0}}},{"hash":"d08586f588fd03950ff032668202ab41613c991e","isMergeCommit":false,"messageTitle":"Add method say","messageBody":"","fileTypesAndContributionMap":{"java":{"insertions":9,"deletions":0}}}]},{"date":"2025-01-28","commitResults":[{"hash":"df30a10a3393e1cac33844cb60330bba91433030","isMergeCommit":false,"messageTitle":"Add increment Level-1","messageBody":"","tags":["Level-1"],"fileTypesAndContributionMap":{"java":{"insertions":49,"deletions":26},"md":{"insertions":0,"deletions":2}}}]},{"date":"2025-01-29","commitResults":[{"hash":"4613752a7e743222d3a8dc3477cd863a281820a0","isMergeCommit":false,"messageTitle":"Add increment Level-2","messageBody":"","tags":["Level-2"],"fileTypesAndContributionMap":{"java":{"insertions":27,"deletions":5}}},{"hash":"ca02acd7c8b4a8ceeb7886d63789f0995e6068df","isMergeCommit":false,"messageTitle":"Add class Task","messageBody":"","fileTypesAndContributionMap":{"java":{"insertions":35,"deletions":0}}},{"hash":"3fbbea926cfd7b47425c30767d9a494ce86ae556","isMergeCommit":false,"messageTitle":"Add class ToDoList","messageBody":"","fileTypesAndContributionMap":{"java":{"insertions":51,"deletions":0}}},{"hash":"b8bd4c0de80c8760a9458f341e4eab9b0d2b5543","isMergeCommit":false,"messageTitle":"Debug ToDoList.java","messageBody":"","fileTypesAndContributionMap":{"java":{"insertions":27,"deletions":6}}},{"hash":"fdc4161e22850456c24322128f8ab543858026c8","isMergeCommit":false,"messageTitle":"Add increment Level-3","messageBody":"","tags":["Level-3"],"fileTypesAndContributionMap":{"java":{"insertions":32,"deletions":10}}}]},{"date":"2025-01-31","commitResults":[{"hash":"bb68daa3b23a7fb20fcd839ab600923781809251","isMergeCommit":false,"messageTitle":"Refactor class ToDoList to TaskList","messageBody":"","fileTypesAndContributionMap":{"java":{"insertions":18,"deletions":21}}}]},{"date":"2025-02-01","commitResults":[{"hash":"9dd74d35d4e212cdc1af8659e8eb98e2a3504eb8","isMergeCommit":false,"messageTitle":"Refactor: rename variables and methods","messageBody":"","fileTypesAndContributionMap":{"java":{"insertions":30,"deletions":33}}},{"hash":"531c01e5b2c108f6e649c25faefff05dd0cd4140","isMergeCommit":false,"messageTitle":"Refactor: implement output of tasks and task list with toString()","messageBody":"","fileTypesAndContributionMap":{"java":{"insertions":17,"deletions":22}}},{"hash":"cbdea60e098fb10f5961af2ad6e03de7a3240bc9","isMergeCommit":false,"messageTitle":"Add increment Level-4","messageBody":"","tags":["Level-4"],"fileTypesAndContributionMap":{"java":{"insertions":133,"deletions":12}}},{"hash":"dab9487177ce794ac983d8629a965a71089488de","isMergeCommit":false,"messageTitle":"Refactor: rename id to index","messageBody":"","fileTypesAndContributionMap":{"java":{"insertions":19,"deletions":19}}},{"hash":"94d6c241672ee631c6add61594fab34473730896","isMergeCommit":false,"messageTitle":"docs/README.md: Add description of all current features","messageBody":"","fileTypesAndContributionMap":{"md":{"insertions":142,"deletions":0}}}]},{"date":"2025-02-09","commitResults":[{"hash":"39be231f91e2fe53f5fd0f15532816a2c8cf3b5a","isMergeCommit":false,"messageTitle":"Add error handling","messageBody":"","fileTypesAndContributionMap":{"java":{"insertions":111,"deletions":49}}},{"hash":"57889440d1e1aae03bfee904a1c9a7f9262adcd3","isMergeCommit":false,"messageTitle":"Refactor: change error handling implementation","messageBody":"","fileTypesAndContributionMap":{"java":{"insertions":27,"deletions":23}}},{"hash":"1a6140323ea5f7a0adeddb0156981d107b0db260","isMergeCommit":false,"messageTitle":"Refactor: rename variables","messageBody":"","fileTypesAndContributionMap":{"java":{"insertions":36,"deletions":35}}},{"hash":"67bf5572868fd8c232da42fc99c64c6b0e5e3e33","isMergeCommit":true,"messageTitle":"Merge branch \u0027branch-Level-5\u0027","messageBody":"","fileTypesAndContributionMap":{}},{"hash":"6fad2b4a1185c66c95d0e74c99c66b98b7fffe06","isMergeCommit":false,"messageTitle":"Refactor: restructure project folder","messageBody":"","tags":["A-Packages"],"fileTypesAndContributionMap":{"java":{"insertions":30,"deletions":3},"bat":{"insertions":1,"deletions":1},"md":{"insertions":7,"deletions":7}}},{"hash":"e9592085e079a2768ce543051035c0b741cc9fa5","isMergeCommit":false,"messageTitle":"Refactor: reimplement tokenize with methods","messageBody":"","fileTypesAndContributionMap":{"java":{"insertions":82,"deletions":73}}},{"hash":"41d82a46fd120fd5586612b55237451056b5356d","isMergeCommit":false,"messageTitle":"Add input and output of testcases","messageBody":"","fileTypesAndContributionMap":{"txt":{"insertions":68,"deletions":0}}},{"hash":"2c5f6f534bdee0b97201fb84950de8d9e6076fce","isMergeCommit":false,"messageTitle":"runtest.sh: Add 4 testcases","messageBody":"","fileTypesAndContributionMap":{"sh":{"insertions":44,"deletions":11}}},{"hash":"317ff427114ba6c73a91df93c63c5db07912987a","isMergeCommit":false,"messageTitle":"Debug error handling","messageBody":"","tags":["Level-5"],"fileTypesAndContributionMap":{"java":{"insertions":15,"deletions":8}}},{"hash":"8be3e8d18f17bc6c52bce3ab14c345e515e652c8","isMergeCommit":false,"messageTitle":"Add more command for exiting program","messageBody":"","fileTypesAndContributionMap":{"java":{"insertions":2,"deletions":2},"md":{"insertions":6,"deletions":3}}}]}]},"authorFileTypeContributionMap":{"choiak":{"java":451,"md":148,"fxml":0,"sh":43,"bat":1,"gradle":0,"txt":68}},"authorContributionVariance":{"choiak":18682.418},"authorDisplayNameMap":{"choiak":"CHOI..LONG"}}
