[{"path":"src/main/java/Deadline.java","fileType":"java","lines":[{"lineNumber":1,"author":{"gitId":"zexueteh"},"content":"public class Deadline extends Task{","lastModifiedDate":"2025-02-06","isFullCredit":false},{"lineNumber":2,"author":{"gitId":"zexueteh"},"content":"    protected String by;","lastModifiedDate":"2025-02-06","isFullCredit":false},{"lineNumber":3,"author":{"gitId":"zexueteh"},"content":"","lastModifiedDate":"2025-02-06","isFullCredit":false},{"lineNumber":4,"author":{"gitId":"zexueteh"},"content":"    public Deadline(String description, String by) {","lastModifiedDate":"2025-02-06","isFullCredit":false},{"lineNumber":5,"author":{"gitId":"zexueteh"},"content":"        super(description);","lastModifiedDate":"2025-02-06","isFullCredit":false},{"lineNumber":6,"author":{"gitId":"zexueteh"},"content":"        this.by \u003d by;","lastModifiedDate":"2025-02-06","isFullCredit":false},{"lineNumber":7,"author":{"gitId":"zexueteh"},"content":"    }","lastModifiedDate":"2025-02-06","isFullCredit":false},{"lineNumber":8,"author":{"gitId":"zexueteh"},"content":"","lastModifiedDate":"2025-02-06","isFullCredit":false},{"lineNumber":9,"author":{"gitId":"zexueteh"},"content":"    public String getBy() {","lastModifiedDate":"2025-02-06","isFullCredit":false},{"lineNumber":10,"author":{"gitId":"zexueteh"},"content":"        return this.by;","lastModifiedDate":"2025-02-06","isFullCredit":false},{"lineNumber":11,"author":{"gitId":"zexueteh"},"content":"    }","lastModifiedDate":"2025-02-06","isFullCredit":false},{"lineNumber":12,"author":{"gitId":"zexueteh"},"content":"    public void setBy(String by) {","lastModifiedDate":"2025-02-06","isFullCredit":false},{"lineNumber":13,"author":{"gitId":"zexueteh"},"content":"        this.by \u003d by;","lastModifiedDate":"2025-02-06","isFullCredit":false},{"lineNumber":14,"author":{"gitId":"zexueteh"},"content":"    }","lastModifiedDate":"2025-02-06","isFullCredit":false},{"lineNumber":15,"author":{"gitId":"zexueteh"},"content":"","lastModifiedDate":"2025-02-06","isFullCredit":false},{"lineNumber":16,"author":{"gitId":"zexueteh"},"content":"    @Override","lastModifiedDate":"2025-02-06","isFullCredit":false},{"lineNumber":17,"author":{"gitId":"zexueteh"},"content":"    public String getSymbol() {","lastModifiedDate":"2025-02-06","isFullCredit":false},{"lineNumber":18,"author":{"gitId":"zexueteh"},"content":"        return \"D\";","lastModifiedDate":"2025-02-06","isFullCredit":false},{"lineNumber":19,"author":{"gitId":"zexueteh"},"content":"    }","lastModifiedDate":"2025-02-06","isFullCredit":false},{"lineNumber":20,"author":{"gitId":"zexueteh"},"content":"","lastModifiedDate":"2025-02-06","isFullCredit":false},{"lineNumber":21,"author":{"gitId":"zexueteh"},"content":"    @Override","lastModifiedDate":"2025-02-06","isFullCredit":false},{"lineNumber":22,"author":{"gitId":"zexueteh"},"content":"    public String toString() {","lastModifiedDate":"2025-02-06","isFullCredit":false},{"lineNumber":23,"author":{"gitId":"zexueteh"},"content":"        return super.toString() + \" (by: \" + this.by + \")\";","lastModifiedDate":"2025-02-06","isFullCredit":false},{"lineNumber":24,"author":{"gitId":"zexueteh"},"content":"    }","lastModifiedDate":"2025-02-06","isFullCredit":false},{"lineNumber":25,"author":{"gitId":"zexueteh"},"content":"}","lastModifiedDate":"2025-02-06","isFullCredit":false}],"authorContributionMap":{"zexueteh":25}},{"path":"src/main/java/Event.java","fileType":"java","lines":[{"lineNumber":1,"author":{"gitId":"zexueteh"},"content":"public class Event extends Task{","lastModifiedDate":"2025-02-06","isFullCredit":false},{"lineNumber":2,"author":{"gitId":"zexueteh"},"content":"    protected String from;","lastModifiedDate":"2025-02-06","isFullCredit":false},{"lineNumber":3,"author":{"gitId":"zexueteh"},"content":"    protected String to;","lastModifiedDate":"2025-02-06","isFullCredit":false},{"lineNumber":4,"author":{"gitId":"zexueteh"},"content":"","lastModifiedDate":"2025-02-06","isFullCredit":false},{"lineNumber":5,"author":{"gitId":"zexueteh"},"content":"    public Event(String description, String from, String to){","lastModifiedDate":"2025-02-06","isFullCredit":false},{"lineNumber":6,"author":{"gitId":"zexueteh"},"content":"        super(description);","lastModifiedDate":"2025-02-06","isFullCredit":false},{"lineNumber":7,"author":{"gitId":"zexueteh"},"content":"        this.from \u003d from;","lastModifiedDate":"2025-02-06","isFullCredit":false},{"lineNumber":8,"author":{"gitId":"zexueteh"},"content":"        this.to \u003d to;","lastModifiedDate":"2025-02-06","isFullCredit":false},{"lineNumber":9,"author":{"gitId":"zexueteh"},"content":"    }","lastModifiedDate":"2025-02-06","isFullCredit":false},{"lineNumber":10,"author":{"gitId":"zexueteh"},"content":"","lastModifiedDate":"2025-02-06","isFullCredit":false},{"lineNumber":11,"author":{"gitId":"zexueteh"},"content":"    public String getFrom(){","lastModifiedDate":"2025-02-06","isFullCredit":false},{"lineNumber":12,"author":{"gitId":"zexueteh"},"content":"        return from;","lastModifiedDate":"2025-02-06","isFullCredit":false},{"lineNumber":13,"author":{"gitId":"zexueteh"},"content":"    }","lastModifiedDate":"2025-02-06","isFullCredit":false},{"lineNumber":14,"author":{"gitId":"zexueteh"},"content":"    public String getTo(){","lastModifiedDate":"2025-02-06","isFullCredit":false},{"lineNumber":15,"author":{"gitId":"zexueteh"},"content":"        return to;","lastModifiedDate":"2025-02-06","isFullCredit":false},{"lineNumber":16,"author":{"gitId":"zexueteh"},"content":"    }","lastModifiedDate":"2025-02-06","isFullCredit":false},{"lineNumber":17,"author":{"gitId":"zexueteh"},"content":"","lastModifiedDate":"2025-02-06","isFullCredit":false},{"lineNumber":18,"author":{"gitId":"zexueteh"},"content":"    public void setFrom(String from){","lastModifiedDate":"2025-02-06","isFullCredit":false},{"lineNumber":19,"author":{"gitId":"zexueteh"},"content":"        this.from \u003d from;","lastModifiedDate":"2025-02-06","isFullCredit":false},{"lineNumber":20,"author":{"gitId":"zexueteh"},"content":"    }","lastModifiedDate":"2025-02-06","isFullCredit":false},{"lineNumber":21,"author":{"gitId":"zexueteh"},"content":"    public void setTo(String to){","lastModifiedDate":"2025-02-06","isFullCredit":false},{"lineNumber":22,"author":{"gitId":"zexueteh"},"content":"        this.to \u003d to;","lastModifiedDate":"2025-02-06","isFullCredit":false},{"lineNumber":23,"author":{"gitId":"zexueteh"},"content":"    }","lastModifiedDate":"2025-02-06","isFullCredit":false},{"lineNumber":24,"author":{"gitId":"zexueteh"},"content":"","lastModifiedDate":"2025-02-06","isFullCredit":false},{"lineNumber":25,"author":{"gitId":"zexueteh"},"content":"    @Override","lastModifiedDate":"2025-02-06","isFullCredit":false},{"lineNumber":26,"author":{"gitId":"zexueteh"},"content":"    public String getSymbol() {","lastModifiedDate":"2025-02-06","isFullCredit":false},{"lineNumber":27,"author":{"gitId":"zexueteh"},"content":"        return \"E\";","lastModifiedDate":"2025-02-06","isFullCredit":false},{"lineNumber":28,"author":{"gitId":"zexueteh"},"content":"    }","lastModifiedDate":"2025-02-06","isFullCredit":false},{"lineNumber":29,"author":{"gitId":"zexueteh"},"content":"","lastModifiedDate":"2025-02-06","isFullCredit":false},{"lineNumber":30,"author":{"gitId":"zexueteh"},"content":"    @Override","lastModifiedDate":"2025-02-06","isFullCredit":false},{"lineNumber":31,"author":{"gitId":"zexueteh"},"content":"    public String toString() {","lastModifiedDate":"2025-02-06","isFullCredit":false},{"lineNumber":32,"author":{"gitId":"zexueteh"},"content":"        return super.toString() + \" (from: \" + this.from + \" to: \" + this.to + \")\";","lastModifiedDate":"2025-02-06","isFullCredit":false},{"lineNumber":33,"author":{"gitId":"zexueteh"},"content":"    }","lastModifiedDate":"2025-02-06","isFullCredit":false},{"lineNumber":34,"author":{"gitId":"zexueteh"},"content":"}","lastModifiedDate":"2025-02-06","isFullCredit":false}],"authorContributionMap":{"zexueteh":34}},{"path":"src/main/java/TARS.java","fileType":"java","lines":[{"lineNumber":1,"author":{"gitId":"zexueteh"},"content":"import java.util.Scanner;","lastModifiedDate":"2025-02-04","isFullCredit":false},{"lineNumber":2,"author":{"gitId":"zexueteh"},"content":"","lastModifiedDate":"2025-02-04","isFullCredit":false},{"lineNumber":3,"author":{"gitId":"zexueteh"},"content":"public class TARS {","lastModifiedDate":"2025-01-27","isFullCredit":false},{"lineNumber":4,"author":{"gitId":"zexueteh"},"content":"    private static final String LINE_SEPERATOR \u003d \"    ____________________________________________________________\";","lastModifiedDate":"2025-02-05","isFullCredit":false},{"lineNumber":5,"author":{"gitId":"zexueteh"},"content":"    private static int nTasks \u003d 0;","lastModifiedDate":"2025-02-04","isFullCredit":false},{"lineNumber":6,"author":{"gitId":"zexueteh"},"content":"    private static final int MAX_TASK \u003d 100;","lastModifiedDate":"2025-02-05","isFullCredit":false},{"lineNumber":7,"author":{"gitId":"zexueteh"},"content":"    private static Task[] taskList \u003d new Task[MAX_TASK];","lastModifiedDate":"2025-02-05","isFullCredit":false},{"lineNumber":8,"author":{"gitId":"zexueteh"},"content":"","lastModifiedDate":"2025-02-04","isFullCredit":false},{"lineNumber":9,"author":{"gitId":"zexueteh"},"content":"    /**","lastModifiedDate":"2025-02-05","isFullCredit":false},{"lineNumber":10,"author":{"gitId":"zexueteh"},"content":"     * The main entry point into TARS Chatbot Application","lastModifiedDate":"2025-02-05","isFullCredit":false},{"lineNumber":11,"author":{"gitId":"zexueteh"},"content":"     *","lastModifiedDate":"2025-02-05","isFullCredit":false},{"lineNumber":12,"author":{"gitId":"zexueteh"},"content":"     * This method initializes the chatbot, displays a welcome message","lastModifiedDate":"2025-02-05","isFullCredit":false},{"lineNumber":13,"author":{"gitId":"zexueteh"},"content":"     * and maintains a handler loop for user input until \"bye\" command is entered.","lastModifiedDate":"2025-02-05","isFullCredit":false},{"lineNumber":14,"author":{"gitId":"zexueteh"},"content":"     * Users can add tasks, list tasks, mark tasks as done, unmark tasks","lastModifiedDate":"2025-02-05","isFullCredit":false},{"lineNumber":15,"author":{"gitId":"zexueteh"},"content":"     *","lastModifiedDate":"2025-02-05","isFullCredit":false},{"lineNumber":16,"author":{"gitId":"zexueteh"},"content":"     * Commands supported","lastModifiedDate":"2025-02-05","isFullCredit":false},{"lineNumber":17,"author":{"gitId":"zexueteh"},"content":"     * - Add Task: Any text input added as task (Exceptions below)","lastModifiedDate":"2025-02-05","isFullCredit":false},{"lineNumber":18,"author":{"gitId":"zexueteh"},"content":"     * - List Tasks: command \"list\"","lastModifiedDate":"2025-02-05","isFullCredit":false},{"lineNumber":19,"author":{"gitId":"zexueteh"},"content":"     * - Marking Tasks as done: command \"mark {task_number}\"","lastModifiedDate":"2025-02-05","isFullCredit":false},{"lineNumber":20,"author":{"gitId":"zexueteh"},"content":"     * - Marking Tasks as undone: command \"unmark {task_number}\"","lastModifiedDate":"2025-02-05","isFullCredit":false},{"lineNumber":21,"author":{"gitId":"zexueteh"},"content":"     * - Exit: command \"bye\"","lastModifiedDate":"2025-02-05","isFullCredit":false},{"lineNumber":22,"author":{"gitId":"zexueteh"},"content":"     *","lastModifiedDate":"2025-02-05","isFullCredit":false},{"lineNumber":23,"author":{"gitId":"zexueteh"},"content":"     * @param args String buffer","lastModifiedDate":"2025-02-05","isFullCredit":false},{"lineNumber":24,"author":{"gitId":"zexueteh"},"content":"     */","lastModifiedDate":"2025-02-05","isFullCredit":false},{"lineNumber":25,"author":{"gitId":"zexueteh"},"content":"    public static void main(String[] args) {","lastModifiedDate":"2025-01-27","isFullCredit":false},{"lineNumber":26,"author":{"gitId":"zexueteh"},"content":"        printHelloMessage();","lastModifiedDate":"2025-01-27","isFullCredit":false},{"lineNumber":27,"author":{"gitId":"zexueteh"},"content":"        String line;","lastModifiedDate":"2025-02-04","isFullCredit":false},{"lineNumber":28,"author":{"gitId":"zexueteh"},"content":"        Scanner sc \u003d new Scanner(System.in);","lastModifiedDate":"2025-02-04","isFullCredit":false},{"lineNumber":29,"author":{"gitId":"zexueteh"},"content":"","lastModifiedDate":"2025-02-04","isFullCredit":false},{"lineNumber":30,"author":{"gitId":"zexueteh"},"content":"        while (true) {","lastModifiedDate":"2025-02-04","isFullCredit":false},{"lineNumber":31,"author":{"gitId":"zexueteh"},"content":"            line \u003d sc.nextLine().strip();","lastModifiedDate":"2025-02-04","isFullCredit":false},{"lineNumber":32,"author":{"gitId":"zexueteh"},"content":"            if (line.equals(\"bye\")) {","lastModifiedDate":"2025-02-04","isFullCredit":false},{"lineNumber":33,"author":{"gitId":"zexueteh"},"content":"                break;","lastModifiedDate":"2025-02-04","isFullCredit":false},{"lineNumber":34,"author":{"gitId":"zexueteh"},"content":"            } else if (line.equals(\"list\")) {","lastModifiedDate":"2025-02-04","isFullCredit":false},{"lineNumber":35,"author":{"gitId":"zexueteh"},"content":"                printTaskList();","lastModifiedDate":"2025-02-05","isFullCredit":false},{"lineNumber":36,"author":{"gitId":"zexueteh"},"content":"            } else if (line.startsWith(\"mark\") || line.startsWith(\"unmark\")) {","lastModifiedDate":"2025-02-05","isFullCredit":false},{"lineNumber":37,"author":{"gitId":"zexueteh"},"content":"                int index \u003d parseMarkCommand(line);","lastModifiedDate":"2025-02-05","isFullCredit":false},{"lineNumber":38,"author":{"gitId":"zexueteh"},"content":"                boolean isMarking \u003d line.startsWith(\"mark\");","lastModifiedDate":"2025-02-05","isFullCredit":false},{"lineNumber":39,"author":{"gitId":"zexueteh"},"content":"                markHandler(index, isMarking);","lastModifiedDate":"2025-02-05","isFullCredit":false},{"lineNumber":40,"author":{"gitId":"zexueteh"},"content":"","lastModifiedDate":"2025-02-04","isFullCredit":false},{"lineNumber":41,"author":{"gitId":"zexueteh"},"content":"            } else {","lastModifiedDate":"2025-02-04","isFullCredit":false},{"lineNumber":42,"author":{"gitId":"zexueteh"},"content":"                Task newTask \u003d taskParser(line);","lastModifiedDate":"2025-02-06","isFullCredit":false},{"lineNumber":43,"author":{"gitId":"zexueteh"},"content":"                addTask(newTask);","lastModifiedDate":"2025-02-06","isFullCredit":false},{"lineNumber":44,"author":{"gitId":"zexueteh"},"content":"","lastModifiedDate":"2025-02-06","isFullCredit":false},{"lineNumber":45,"author":{"gitId":"zexueteh"},"content":"            }","lastModifiedDate":"2025-02-04","isFullCredit":false},{"lineNumber":46,"author":{"gitId":"zexueteh"},"content":"        }","lastModifiedDate":"2025-02-04","isFullCredit":false},{"lineNumber":47,"author":{"gitId":"zexueteh"},"content":"","lastModifiedDate":"2025-02-04","isFullCredit":false},{"lineNumber":48,"author":{"gitId":"zexueteh"},"content":"        printGoodbyeMessage();","lastModifiedDate":"2025-01-27","isFullCredit":false},{"lineNumber":49,"author":{"gitId":"zexueteh"},"content":"    }","lastModifiedDate":"2025-01-27","isFullCredit":false},{"lineNumber":50,"author":{"gitId":"zexueteh"},"content":"","lastModifiedDate":"2025-01-27","isFullCredit":false},{"lineNumber":51,"author":{"gitId":"zexueteh"},"content":"    /**","lastModifiedDate":"2025-02-05","isFullCredit":false},{"lineNumber":52,"author":{"gitId":"zexueteh"},"content":"     * Prints the hello message to welcome the user.","lastModifiedDate":"2025-02-05","isFullCredit":false},{"lineNumber":53,"author":{"gitId":"zexueteh"},"content":"     */","lastModifiedDate":"2025-02-05","isFullCredit":false},{"lineNumber":54,"author":{"gitId":"zexueteh"},"content":"    private static void printHelloMessage() {","lastModifiedDate":"2025-01-27","isFullCredit":false},{"lineNumber":55,"author":{"gitId":"zexueteh"},"content":"        System.out.println(LINE_SEPERATOR);","lastModifiedDate":"2025-02-05","isFullCredit":false},{"lineNumber":56,"author":{"gitId":"zexueteh"},"content":"        System.out.println(\"      _____  _    ____  ____  \");","lastModifiedDate":"2025-01-27","isFullCredit":false},{"lineNumber":57,"author":{"gitId":"zexueteh"},"content":"        System.out.println(\"     |_   _|/ \\\\  |  _ \\\\/ ___| \");","lastModifiedDate":"2025-01-27","isFullCredit":false},{"lineNumber":58,"author":{"gitId":"zexueteh"},"content":"        System.out.println(\"       | | / _ \\\\ | |_) \\\\___ \\\\ \");","lastModifiedDate":"2025-01-27","isFullCredit":false},{"lineNumber":59,"author":{"gitId":"zexueteh"},"content":"        System.out.println(\"       | |/ ___ \\\\|  _ \u003c ___) |\");","lastModifiedDate":"2025-01-27","isFullCredit":false},{"lineNumber":60,"author":{"gitId":"zexueteh"},"content":"        System.out.println(\"       |_/_/   \\\\_\\\\_| \\\\_\\\\____/ \");","lastModifiedDate":"2025-01-27","isFullCredit":false},{"lineNumber":61,"author":{"gitId":"zexueteh"},"content":"        System.out.println(\"                              \");","lastModifiedDate":"2025-01-27","isFullCredit":false},{"lineNumber":62,"author":{"gitId":"zexueteh"},"content":"        System.out.println(\"    Hello, I\u0027m TARS, your friendly chatbot assistant. \");","lastModifiedDate":"2025-01-27","isFullCredit":false},{"lineNumber":63,"author":{"gitId":"zexueteh"},"content":"        System.out.println(\"    How can I help you today?\");","lastModifiedDate":"2025-01-27","isFullCredit":false},{"lineNumber":64,"author":{"gitId":"zexueteh"},"content":"        System.out.println(LINE_SEPERATOR);","lastModifiedDate":"2025-02-05","isFullCredit":false},{"lineNumber":65,"author":{"gitId":"zexueteh"},"content":"    }","lastModifiedDate":"2025-01-27","isFullCredit":false},{"lineNumber":66,"author":{"gitId":"zexueteh"},"content":"","lastModifiedDate":"2025-01-27","isFullCredit":false},{"lineNumber":67,"author":{"gitId":"zexueteh"},"content":"    /**","lastModifiedDate":"2025-02-05","isFullCredit":false},{"lineNumber":68,"author":{"gitId":"zexueteh"},"content":"     * Prints the goodbye message before exiting.","lastModifiedDate":"2025-02-05","isFullCredit":false},{"lineNumber":69,"author":{"gitId":"zexueteh"},"content":"     */","lastModifiedDate":"2025-02-05","isFullCredit":false},{"lineNumber":70,"author":{"gitId":"zexueteh"},"content":"    private static void printGoodbyeMessage() {","lastModifiedDate":"2025-01-27","isFullCredit":false},{"lineNumber":71,"author":{"gitId":"zexueteh"},"content":"        System.out.println(LINE_SEPERATOR);","lastModifiedDate":"2025-02-05","isFullCredit":false},{"lineNumber":72,"author":{"gitId":"zexueteh"},"content":"        System.out.println(\"    Goodbye and Goodnight! \");","lastModifiedDate":"2025-01-27","isFullCredit":false},{"lineNumber":73,"author":{"gitId":"zexueteh"},"content":"        System.out.println(LINE_SEPERATOR);","lastModifiedDate":"2025-02-05","isFullCredit":false},{"lineNumber":74,"author":{"gitId":"zexueteh"},"content":"    }","lastModifiedDate":"2025-02-05","isFullCredit":false},{"lineNumber":75,"author":{"gitId":"zexueteh"},"content":"","lastModifiedDate":"2025-02-05","isFullCredit":false},{"lineNumber":76,"author":{"gitId":"zexueteh"},"content":"    /**","lastModifiedDate":"2025-02-05","isFullCredit":false},{"lineNumber":77,"author":{"gitId":"zexueteh"},"content":"     * Appends new Task object to taskList array","lastModifiedDate":"2025-02-06","isFullCredit":false},{"lineNumber":78,"author":{"gitId":"zexueteh"},"content":"     * @param newTask Task Object","lastModifiedDate":"2025-02-06","isFullCredit":false},{"lineNumber":79,"author":{"gitId":"zexueteh"},"content":"     */","lastModifiedDate":"2025-02-05","isFullCredit":false},{"lineNumber":80,"author":{"gitId":"zexueteh"},"content":"    private static void addTask(Task newTask) {","lastModifiedDate":"2025-02-06","isFullCredit":false},{"lineNumber":81,"author":{"gitId":"zexueteh"},"content":"","lastModifiedDate":"2025-02-06","isFullCredit":false},{"lineNumber":82,"author":{"gitId":"zexueteh"},"content":"        taskList[nTasks] \u003d newTask;","lastModifiedDate":"2025-02-06","isFullCredit":false},{"lineNumber":83,"author":{"gitId":"zexueteh"},"content":"","lastModifiedDate":"2025-02-06","isFullCredit":false},{"lineNumber":84,"author":{"gitId":"zexueteh"},"content":"        System.out.println(LINE_SEPERATOR);","lastModifiedDate":"2025-02-05","isFullCredit":false},{"lineNumber":85,"author":{"gitId":"zexueteh"},"content":"        System.out.println(\"    Yes Captain. I\u0027ve added this task.\");","lastModifiedDate":"2025-02-06","isFullCredit":false},{"lineNumber":86,"author":{"gitId":"zexueteh"},"content":"        System.out.println(\"      \" + taskList[nTasks]);","lastModifiedDate":"2025-02-06","isFullCredit":false},{"lineNumber":87,"author":{"gitId":"zexueteh"},"content":"","lastModifiedDate":"2025-02-06","isFullCredit":false},{"lineNumber":88,"author":{"gitId":"zexueteh"},"content":"        nTasks++;","lastModifiedDate":"2025-02-06","isFullCredit":false},{"lineNumber":89,"author":{"gitId":"zexueteh"},"content":"        System.out.println(\"    There are \" + nTasks + \" tasks in your list.\");","lastModifiedDate":"2025-02-06","isFullCredit":false},{"lineNumber":90,"author":{"gitId":"zexueteh"},"content":"        System.out.println(LINE_SEPERATOR);","lastModifiedDate":"2025-02-05","isFullCredit":false},{"lineNumber":91,"author":{"gitId":"zexueteh"},"content":"","lastModifiedDate":"2025-02-05","isFullCredit":false},{"lineNumber":92,"author":{"gitId":"zexueteh"},"content":"    }","lastModifiedDate":"2025-02-05","isFullCredit":false},{"lineNumber":93,"author":{"gitId":"zexueteh"},"content":"","lastModifiedDate":"2025-02-05","isFullCredit":false},{"lineNumber":94,"author":{"gitId":"zexueteh"},"content":"    /**","lastModifiedDate":"2025-02-05","isFullCredit":false},{"lineNumber":95,"author":{"gitId":"zexueteh"},"content":"     * Formats and prints Tasks objects in taskList","lastModifiedDate":"2025-02-05","isFullCredit":false},{"lineNumber":96,"author":{"gitId":"zexueteh"},"content":"     */","lastModifiedDate":"2025-02-05","isFullCredit":false},{"lineNumber":97,"author":{"gitId":"zexueteh"},"content":"    private static void printTaskList() {","lastModifiedDate":"2025-02-05","isFullCredit":false},{"lineNumber":98,"author":{"gitId":"zexueteh"},"content":"        System.out.println(LINE_SEPERATOR);","lastModifiedDate":"2025-02-05","isFullCredit":false},{"lineNumber":99,"author":{"gitId":"zexueteh"},"content":"        System.out.println(\"    Here are the tasks in your list:\");","lastModifiedDate":"2025-02-05","isFullCredit":false},{"lineNumber":100,"author":{"gitId":"zexueteh"},"content":"        for (int i \u003d 0; i \u003c nTasks; i++) {","lastModifiedDate":"2025-02-05","isFullCredit":false},{"lineNumber":101,"author":{"gitId":"zexueteh"},"content":"            System.out.println(\"    \" + (i+1) + \".\" +taskList[i]);","lastModifiedDate":"2025-02-05","isFullCredit":false},{"lineNumber":102,"author":{"gitId":"zexueteh"},"content":"        }","lastModifiedDate":"2025-01-27","isFullCredit":false},{"lineNumber":103,"author":{"gitId":"zexueteh"},"content":"        System.out.println(LINE_SEPERATOR);","lastModifiedDate":"2025-02-05","isFullCredit":false},{"lineNumber":104,"author":{"gitId":"zexueteh"},"content":"    }","lastModifiedDate":"2025-02-05","isFullCredit":false},{"lineNumber":105,"author":{"gitId":"zexueteh"},"content":"","lastModifiedDate":"2025-02-05","isFullCredit":false},{"lineNumber":106,"author":{"gitId":"zexueteh"},"content":"    /**","lastModifiedDate":"2025-02-05","isFullCredit":false},{"lineNumber":107,"author":{"gitId":"zexueteh"},"content":"     * parses line in the case of mark/unmark command to extract Task index","lastModifiedDate":"2025-02-05","isFullCredit":false},{"lineNumber":108,"author":{"gitId":"zexueteh"},"content":"     * @param line command read by scanner","lastModifiedDate":"2025-02-05","isFullCredit":false},{"lineNumber":109,"author":{"gitId":"zexueteh"},"content":"     * @return 0-indexed integer corresponding to Task in taskList","lastModifiedDate":"2025-02-05","isFullCredit":false},{"lineNumber":110,"author":{"gitId":"zexueteh"},"content":"     */","lastModifiedDate":"2025-02-05","isFullCredit":false},{"lineNumber":111,"author":{"gitId":"zexueteh"},"content":"    private static int parseMarkCommand(String line) {","lastModifiedDate":"2025-02-05","isFullCredit":false},{"lineNumber":112,"author":{"gitId":"zexueteh"},"content":"        int seperatorIndex \u003d line.indexOf(\" \") + 1;","lastModifiedDate":"2025-02-05","isFullCredit":false},{"lineNumber":113,"author":{"gitId":"zexueteh"},"content":"        String indexString \u003d line.substring(seperatorIndex);","lastModifiedDate":"2025-02-05","isFullCredit":false},{"lineNumber":114,"author":{"gitId":"zexueteh"},"content":"","lastModifiedDate":"2025-02-05","isFullCredit":false},{"lineNumber":115,"author":{"gitId":"zexueteh"},"content":"        return Integer.parseInt(indexString) - 1;","lastModifiedDate":"2025-02-05","isFullCredit":false},{"lineNumber":116,"author":{"gitId":"zexueteh"},"content":"    }","lastModifiedDate":"2025-02-05","isFullCredit":false},{"lineNumber":117,"author":{"gitId":"zexueteh"},"content":"","lastModifiedDate":"2025-02-05","isFullCredit":false},{"lineNumber":118,"author":{"gitId":"zexueteh"},"content":"    /**","lastModifiedDate":"2025-02-05","isFullCredit":false},{"lineNumber":119,"author":{"gitId":"zexueteh"},"content":"     * Marks/Unmarks task in taskList","lastModifiedDate":"2025-02-05","isFullCredit":false},{"lineNumber":120,"author":{"gitId":"zexueteh"},"content":"     * @param index index of Task in taskList","lastModifiedDate":"2025-02-05","isFullCredit":false},{"lineNumber":121,"author":{"gitId":"zexueteh"},"content":"     * @param isMarking differentiates mark/unmark","lastModifiedDate":"2025-02-05","isFullCredit":false},{"lineNumber":122,"author":{"gitId":"zexueteh"},"content":"     */","lastModifiedDate":"2025-02-05","isFullCredit":false},{"lineNumber":123,"author":{"gitId":"zexueteh"},"content":"    private static void markHandler(int index, boolean isMarking) {","lastModifiedDate":"2025-02-05","isFullCredit":false},{"lineNumber":124,"author":{"gitId":"zexueteh"},"content":"        taskList[index].setIsDone(isMarking);","lastModifiedDate":"2025-02-05","isFullCredit":false},{"lineNumber":125,"author":{"gitId":"zexueteh"},"content":"","lastModifiedDate":"2025-02-05","isFullCredit":false},{"lineNumber":126,"author":{"gitId":"zexueteh"},"content":"        System.out.println(LINE_SEPERATOR);","lastModifiedDate":"2025-02-05","isFullCredit":false},{"lineNumber":127,"author":{"gitId":"zexueteh"},"content":"        System.out.println(","lastModifiedDate":"2025-02-05","isFullCredit":false},{"lineNumber":128,"author":{"gitId":"zexueteh"},"content":"            isMarking","lastModifiedDate":"2025-02-05","isFullCredit":false},{"lineNumber":129,"author":{"gitId":"zexueteh"},"content":"                ? \"    Task Done. Good job Captain!\"","lastModifiedDate":"2025-02-06","isFullCredit":false},{"lineNumber":130,"author":{"gitId":"zexueteh"},"content":"                : \"    Ok, your task is marked as not done yet.\"","lastModifiedDate":"2025-02-05","isFullCredit":false},{"lineNumber":131,"author":{"gitId":"zexueteh"},"content":"        );","lastModifiedDate":"2025-02-05","isFullCredit":false},{"lineNumber":132,"author":{"gitId":"zexueteh"},"content":"        System.out.println(\"      \" + taskList[index]);","lastModifiedDate":"2025-02-05","isFullCredit":false},{"lineNumber":133,"author":{"gitId":"zexueteh"},"content":"        System.out.println(LINE_SEPERATOR);","lastModifiedDate":"2025-02-05","isFullCredit":false},{"lineNumber":134,"author":{"gitId":"zexueteh"},"content":"    }","lastModifiedDate":"2025-02-05","isFullCredit":false},{"lineNumber":135,"author":{"gitId":"zexueteh"},"content":"","lastModifiedDate":"2025-02-05","isFullCredit":false},{"lineNumber":136,"author":{"gitId":"zexueteh"},"content":"    /**","lastModifiedDate":"2025-02-06","isFullCredit":false},{"lineNumber":137,"author":{"gitId":"zexueteh"},"content":"     * takes user input line and parses out Task attributes to return Task Object","lastModifiedDate":"2025-02-06","isFullCredit":false},{"lineNumber":138,"author":{"gitId":"zexueteh"},"content":"     * parsing logic depends on command type","lastModifiedDate":"2025-02-06","isFullCredit":false},{"lineNumber":139,"author":{"gitId":"zexueteh"},"content":"     * WARNING: only basic input validation implemented","lastModifiedDate":"2025-02-06","isFullCredit":false},{"lineNumber":140,"author":{"gitId":"zexueteh"},"content":"     * @param line user input String","lastModifiedDate":"2025-02-06","isFullCredit":false},{"lineNumber":141,"author":{"gitId":"zexueteh"},"content":"     * @return Todo, Deadline or Event Object","lastModifiedDate":"2025-02-06","isFullCredit":false},{"lineNumber":142,"author":{"gitId":"zexueteh"},"content":"     */","lastModifiedDate":"2025-02-06","isFullCredit":false},{"lineNumber":143,"author":{"gitId":"zexueteh"},"content":"    private static Task taskParser(String line) {","lastModifiedDate":"2025-02-06","isFullCredit":false},{"lineNumber":144,"author":{"gitId":"zexueteh"},"content":"        Task newTask \u003d null;","lastModifiedDate":"2025-02-06","isFullCredit":false},{"lineNumber":145,"author":{"gitId":"zexueteh"},"content":"        String description \u003d null;","lastModifiedDate":"2025-02-06","isFullCredit":false},{"lineNumber":146,"author":{"gitId":"zexueteh"},"content":"        String by  \u003d null;","lastModifiedDate":"2025-02-06","isFullCredit":false},{"lineNumber":147,"author":{"gitId":"zexueteh"},"content":"        String from \u003d null;","lastModifiedDate":"2025-02-06","isFullCredit":false},{"lineNumber":148,"author":{"gitId":"zexueteh"},"content":"        String to \u003d null;","lastModifiedDate":"2025-02-06","isFullCredit":false},{"lineNumber":149,"author":{"gitId":"zexueteh"},"content":"","lastModifiedDate":"2025-02-06","isFullCredit":false},{"lineNumber":150,"author":{"gitId":"zexueteh"},"content":"        // Eg. event E /from a /to b","lastModifiedDate":"2025-02-06","isFullCredit":false},{"lineNumber":151,"author":{"gitId":"zexueteh"},"content":"        //     commandType \u003d \"event\";  commandBody \u003d \"E /from a /to b\";","lastModifiedDate":"2025-02-06","isFullCredit":false},{"lineNumber":152,"author":{"gitId":"zexueteh"},"content":"        String commandType \u003d line.substring(0, line.indexOf(\" \"));","lastModifiedDate":"2025-02-06","isFullCredit":false},{"lineNumber":153,"author":{"gitId":"zexueteh"},"content":"        String commandBody \u003d line.substring(line.indexOf(\" \") + 1);","lastModifiedDate":"2025-02-06","isFullCredit":false},{"lineNumber":154,"author":{"gitId":"zexueteh"},"content":"","lastModifiedDate":"2025-02-06","isFullCredit":false},{"lineNumber":155,"author":{"gitId":"zexueteh"},"content":"","lastModifiedDate":"2025-02-06","isFullCredit":false},{"lineNumber":156,"author":{"gitId":"zexueteh"},"content":"        if (!commandType.isEmpty() \u0026\u0026 (commandType.equals(\"todo\") || commandType.equals(\"deadline\") || commandType.equals(\"event\"))) {","lastModifiedDate":"2025-02-06","isFullCredit":false},{"lineNumber":157,"author":{"gitId":"zexueteh"},"content":"","lastModifiedDate":"2025-02-06","isFullCredit":false},{"lineNumber":158,"author":{"gitId":"zexueteh"},"content":"            description \u003d commandBody;","lastModifiedDate":"2025-02-06","isFullCredit":false},{"lineNumber":159,"author":{"gitId":"zexueteh"},"content":"            // Handle /by","lastModifiedDate":"2025-02-06","isFullCredit":false},{"lineNumber":160,"author":{"gitId":"zexueteh"},"content":"            int byIndex \u003d commandBody.indexOf(\"/by\");","lastModifiedDate":"2025-02-06","isFullCredit":false},{"lineNumber":161,"author":{"gitId":"zexueteh"},"content":"            if (byIndex !\u003d -1) {","lastModifiedDate":"2025-02-06","isFullCredit":false},{"lineNumber":162,"author":{"gitId":"zexueteh"},"content":"                by \u003d commandBody.substring(byIndex + 3).trim();","lastModifiedDate":"2025-02-06","isFullCredit":false},{"lineNumber":163,"author":{"gitId":"zexueteh"},"content":"                description \u003d commandBody.substring(0, byIndex).trim();","lastModifiedDate":"2025-02-06","isFullCredit":false},{"lineNumber":164,"author":{"gitId":"zexueteh"},"content":"            }","lastModifiedDate":"2025-02-06","isFullCredit":false},{"lineNumber":165,"author":{"gitId":"zexueteh"},"content":"","lastModifiedDate":"2025-02-06","isFullCredit":false},{"lineNumber":166,"author":{"gitId":"zexueteh"},"content":"            int fromIndex \u003d commandBody.indexOf(\"/from\");","lastModifiedDate":"2025-02-06","isFullCredit":false},{"lineNumber":167,"author":{"gitId":"zexueteh"},"content":"            int toIndex \u003d commandBody.indexOf(\"/to\");","lastModifiedDate":"2025-02-06","isFullCredit":false},{"lineNumber":168,"author":{"gitId":"zexueteh"},"content":"","lastModifiedDate":"2025-02-06","isFullCredit":false},{"lineNumber":169,"author":{"gitId":"zexueteh"},"content":"            if (fromIndex !\u003d -1 \u0026\u0026 toIndex !\u003d -1 \u0026\u0026 fromIndex \u003c toIndex) {","lastModifiedDate":"2025-02-06","isFullCredit":false},{"lineNumber":170,"author":{"gitId":"zexueteh"},"content":"                from \u003d description.substring(fromIndex + 5, toIndex).trim();","lastModifiedDate":"2025-02-06","isFullCredit":false},{"lineNumber":171,"author":{"gitId":"zexueteh"},"content":"                to \u003d description.substring(toIndex + 3).trim();","lastModifiedDate":"2025-02-06","isFullCredit":false},{"lineNumber":172,"author":{"gitId":"zexueteh"},"content":"                description \u003d description.substring(0, fromIndex).trim();","lastModifiedDate":"2025-02-06","isFullCredit":false},{"lineNumber":173,"author":{"gitId":"zexueteh"},"content":"            }","lastModifiedDate":"2025-02-06","isFullCredit":false},{"lineNumber":174,"author":{"gitId":"zexueteh"},"content":"","lastModifiedDate":"2025-02-06","isFullCredit":false},{"lineNumber":175,"author":{"gitId":"zexueteh"},"content":"            switch (commandType) {","lastModifiedDate":"2025-02-06","isFullCredit":false},{"lineNumber":176,"author":{"gitId":"zexueteh"},"content":"            case \"todo\":","lastModifiedDate":"2025-02-06","isFullCredit":false},{"lineNumber":177,"author":{"gitId":"zexueteh"},"content":"                newTask \u003d new Todo(description);","lastModifiedDate":"2025-02-06","isFullCredit":false},{"lineNumber":178,"author":{"gitId":"zexueteh"},"content":"                break;","lastModifiedDate":"2025-02-06","isFullCredit":false},{"lineNumber":179,"author":{"gitId":"zexueteh"},"content":"            case \"deadline\":","lastModifiedDate":"2025-02-06","isFullCredit":false},{"lineNumber":180,"author":{"gitId":"zexueteh"},"content":"                newTask \u003d new Deadline(description, by);","lastModifiedDate":"2025-02-06","isFullCredit":false},{"lineNumber":181,"author":{"gitId":"zexueteh"},"content":"                break;","lastModifiedDate":"2025-02-06","isFullCredit":false},{"lineNumber":182,"author":{"gitId":"zexueteh"},"content":"            case \"event\":","lastModifiedDate":"2025-02-06","isFullCredit":false},{"lineNumber":183,"author":{"gitId":"zexueteh"},"content":"                newTask \u003d new Event(description, to, from);","lastModifiedDate":"2025-02-06","isFullCredit":false},{"lineNumber":184,"author":{"gitId":"zexueteh"},"content":"                break;","lastModifiedDate":"2025-02-06","isFullCredit":false},{"lineNumber":185,"author":{"gitId":"zexueteh"},"content":"            }","lastModifiedDate":"2025-02-06","isFullCredit":false},{"lineNumber":186,"author":{"gitId":"zexueteh"},"content":"        }","lastModifiedDate":"2025-02-06","isFullCredit":false},{"lineNumber":187,"author":{"gitId":"zexueteh"},"content":"        return newTask;","lastModifiedDate":"2025-02-06","isFullCredit":false},{"lineNumber":188,"author":{"gitId":"zexueteh"},"content":"    }","lastModifiedDate":"2025-02-06","isFullCredit":false},{"lineNumber":189,"author":{"gitId":"zexueteh"},"content":"","lastModifiedDate":"2025-02-06","isFullCredit":false},{"lineNumber":190,"author":{"gitId":"zexueteh"},"content":"}","lastModifiedDate":"2025-01-27","isFullCredit":false}],"authorContributionMap":{"zexueteh":190}},{"path":"src/main/java/Task.java","fileType":"java","lines":[{"lineNumber":1,"author":{"gitId":"zexueteh"},"content":"public class Task {","lastModifiedDate":"2025-02-04","isFullCredit":false},{"lineNumber":2,"author":{"gitId":"zexueteh"},"content":"    protected String description;","lastModifiedDate":"2025-02-04","isFullCredit":false},{"lineNumber":3,"author":{"gitId":"zexueteh"},"content":"    protected boolean isDone;","lastModifiedDate":"2025-02-04","isFullCredit":false},{"lineNumber":4,"author":{"gitId":"zexueteh"},"content":"","lastModifiedDate":"2025-02-04","isFullCredit":false},{"lineNumber":5,"author":{"gitId":"zexueteh"},"content":"    public Task(String description) {","lastModifiedDate":"2025-02-04","isFullCredit":false},{"lineNumber":6,"author":{"gitId":"zexueteh"},"content":"        this.description \u003d description;","lastModifiedDate":"2025-02-04","isFullCredit":false},{"lineNumber":7,"author":{"gitId":"zexueteh"},"content":"        this.isDone \u003d false;","lastModifiedDate":"2025-02-04","isFullCredit":false},{"lineNumber":8,"author":{"gitId":"zexueteh"},"content":"    }","lastModifiedDate":"2025-02-04","isFullCredit":false},{"lineNumber":9,"author":{"gitId":"zexueteh"},"content":"","lastModifiedDate":"2025-02-04","isFullCredit":false},{"lineNumber":10,"author":{"gitId":"zexueteh"},"content":"    public String getDescription() {","lastModifiedDate":"2025-02-04","isFullCredit":false},{"lineNumber":11,"author":{"gitId":"zexueteh"},"content":"        return description;","lastModifiedDate":"2025-02-04","isFullCredit":false},{"lineNumber":12,"author":{"gitId":"zexueteh"},"content":"    }","lastModifiedDate":"2025-02-04","isFullCredit":false},{"lineNumber":13,"author":{"gitId":"zexueteh"},"content":"    public void setDescription(String description) {","lastModifiedDate":"2025-02-04","isFullCredit":false},{"lineNumber":14,"author":{"gitId":"zexueteh"},"content":"        this.description \u003d description;","lastModifiedDate":"2025-02-04","isFullCredit":false},{"lineNumber":15,"author":{"gitId":"zexueteh"},"content":"    }","lastModifiedDate":"2025-02-04","isFullCredit":false},{"lineNumber":16,"author":{"gitId":"zexueteh"},"content":"","lastModifiedDate":"2025-02-04","isFullCredit":false},{"lineNumber":17,"author":{"gitId":"zexueteh"},"content":"    public boolean isDone() {","lastModifiedDate":"2025-02-05","isFullCredit":false},{"lineNumber":18,"author":{"gitId":"zexueteh"},"content":"        return isDone;","lastModifiedDate":"2025-02-04","isFullCredit":false},{"lineNumber":19,"author":{"gitId":"zexueteh"},"content":"    }","lastModifiedDate":"2025-02-04","isFullCredit":false},{"lineNumber":20,"author":{"gitId":"zexueteh"},"content":"    public void setIsDone(boolean isDone) {","lastModifiedDate":"2025-02-04","isFullCredit":false},{"lineNumber":21,"author":{"gitId":"zexueteh"},"content":"        this.isDone \u003d isDone;","lastModifiedDate":"2025-02-04","isFullCredit":false},{"lineNumber":22,"author":{"gitId":"zexueteh"},"content":"    }","lastModifiedDate":"2025-02-04","isFullCredit":false},{"lineNumber":23,"author":{"gitId":"zexueteh"},"content":"","lastModifiedDate":"2025-02-04","isFullCredit":false},{"lineNumber":24,"author":{"gitId":"zexueteh"},"content":"    public String getSymbol() {","lastModifiedDate":"2025-02-06","isFullCredit":false},{"lineNumber":25,"author":{"gitId":"zexueteh"},"content":"        return \" \";","lastModifiedDate":"2025-02-06","isFullCredit":false},{"lineNumber":26,"author":{"gitId":"zexueteh"},"content":"    }","lastModifiedDate":"2025-02-06","isFullCredit":false},{"lineNumber":27,"author":{"gitId":"zexueteh"},"content":"","lastModifiedDate":"2025-02-06","isFullCredit":false},{"lineNumber":28,"author":{"gitId":"zexueteh"},"content":"    @Override","lastModifiedDate":"2025-02-04","isFullCredit":false},{"lineNumber":29,"author":{"gitId":"zexueteh"},"content":"    public String toString() {","lastModifiedDate":"2025-02-04","isFullCredit":false},{"lineNumber":30,"author":{"gitId":"zexueteh"},"content":"        return \"[\" + getSymbol() + \"][\" + (this.isDone ? \"X\" : \" \") + \"] \" + this.description;","lastModifiedDate":"2025-02-06","isFullCredit":false},{"lineNumber":31,"author":{"gitId":"zexueteh"},"content":"    }","lastModifiedDate":"2025-02-04","isFullCredit":false},{"lineNumber":32,"author":{"gitId":"zexueteh"},"content":"","lastModifiedDate":"2025-02-04","isFullCredit":false},{"lineNumber":33,"author":{"gitId":"zexueteh"},"content":"}","lastModifiedDate":"2025-02-04","isFullCredit":false}],"authorContributionMap":{"zexueteh":33}},{"path":"src/main/java/Todo.java","fileType":"java","lines":[{"lineNumber":1,"author":{"gitId":"zexueteh"},"content":"public class Todo extends Task {","lastModifiedDate":"2025-02-06","isFullCredit":false},{"lineNumber":2,"author":{"gitId":"zexueteh"},"content":"","lastModifiedDate":"2025-02-06","isFullCredit":false},{"lineNumber":3,"author":{"gitId":"zexueteh"},"content":"    public Todo(String Description) {","lastModifiedDate":"2025-02-06","isFullCredit":false},{"lineNumber":4,"author":{"gitId":"zexueteh"},"content":"        super(Description);","lastModifiedDate":"2025-02-06","isFullCredit":false},{"lineNumber":5,"author":{"gitId":"zexueteh"},"content":"    }","lastModifiedDate":"2025-02-06","isFullCredit":false},{"lineNumber":6,"author":{"gitId":"zexueteh"},"content":"","lastModifiedDate":"2025-02-06","isFullCredit":false},{"lineNumber":7,"author":{"gitId":"zexueteh"},"content":"    @Override","lastModifiedDate":"2025-02-06","isFullCredit":false},{"lineNumber":8,"author":{"gitId":"zexueteh"},"content":"    public String getSymbol() {","lastModifiedDate":"2025-02-06","isFullCredit":false},{"lineNumber":9,"author":{"gitId":"zexueteh"},"content":"        return \"T\";","lastModifiedDate":"2025-02-06","isFullCredit":false},{"lineNumber":10,"author":{"gitId":"zexueteh"},"content":"    }","lastModifiedDate":"2025-02-06","isFullCredit":false},{"lineNumber":11,"author":{"gitId":"zexueteh"},"content":"}","lastModifiedDate":"2025-02-06","isFullCredit":false}],"authorContributionMap":{"zexueteh":11}}]
