{"authorDailyContributionsMap":{"zexueteh":[{"date":"2025-01-27","commitResults":[{"hash":"c02dea2f79fc4f257c30ffb2608fce097d17eec2","isMergeCommit":false,"messageTitle":"feature: Introduce TARS Chatbot skeleton with hello \u0026 goodbye messages.","messageBody":"","tags":["Level-0"],"fileTypesAndContributionMap":{"java":{"insertions":25,"deletions":10}}}]},{"date":"2025-02-04","commitResults":[{"hash":"2bc1c08ad2c0e61bfc4eb90505d1f35247b25e3c","isMergeCommit":false,"messageTitle":"feature: Implement Level-1 Echo functionality for TARS Chatbot","messageBody":"","fileTypesAndContributionMap":{"java":{"insertions":14,"deletions":0}}},{"hash":"287ae64c413fdce2199a5ae44b8082c845e6ad94","isMergeCommit":false,"messageTitle":"fix: Echo functionality exits immediately after bye, chatbot reply formatting","messageBody":"","tags":["Level-1"],"fileTypesAndContributionMap":{"java":{"insertions":24,"deletions":19}}},{"hash":"fd6934b77d5aa09b319139e6fdde48b162b55081","isMergeCommit":false,"messageTitle":"feature: Implement Level-2 store functionality for user inputs, display with list command","messageBody":"","tags":["Level-2"],"fileTypesAndContributionMap":{"java":{"insertions":10,"deletions":1}}},{"hash":"b5e356174ed830f4ed6c316f73ea0bf54158a948","isMergeCommit":false,"messageTitle":"feature: Implemented Task Class, modified list functionality, mark/unmark command to update task status","messageBody":"","tags":["Level-3"],"fileTypesAndContributionMap":{"java":{"insertions":50,"deletions":3}}}]},{"date":"2025-02-05","commitResults":[{"hash":"1c905cc8d5c146fd1c86c362f1e55b55f59ba3f2","isMergeCommit":false,"messageTitle":"refactor: Improve coding standards compliance for TARS chatbot","messageBody":"- Added Javadoc comments for all methods to enhance documentation.\n- Replaced magic numbers with named constants. Example: maximum task size.\n- Renamed variables and methods to follow Java naming conventions.\n- Modularized code by extracting program logic into functions.\n- Example: mark/unmark logic into \u0027MarkHandler\u0027\n- Improved code formatting and layout for better adherence to style guide.\n","tags":["A-CodingStandard"],"fileTypesAndContributionMap":{"java":{"insertions":93,"deletions":34}}}]},{"date":"2025-02-06","commitResults":[{"hash":"e898454418e775a4424a441079f9b9d4682a75f1","isMergeCommit":false,"messageTitle":"feature: Implemented Level-4 Todo, Event and Deadline functionality - Task class added new Superclass method getSymbol and modified toString - Added new classes Todo, Event and Deadline inherit from Task - new method \u0027taskParser\u0027 that handles user input and creates Task Objects - updated \u0027addTask\u0027 method to handle different class Types. - Improved `printTaskList` formatting for better readability. - Refactored task marking logic into `markHandler` to improve maintainability. - Ensured basic input validation for command parsing.","messageBody":"","tags":["Level-4"],"fileTypesAndContributionMap":{"java":{"insertions":144,"deletions":10}}}]},{"date":"2025-02-09","commitResults":[{"hash":"a1d6d521a309f0fedc3423d02a745b2bd64c1e90","isMergeCommit":false,"messageTitle":"test: Implemented A-TextUiTesting for automated testing - input.txt updated with commands corresponding to week 4 examples - EXPTECTED.txt updated with expected output - minor changes to TARS to remove trailing whitespaces","messageBody":"","tags":["A-TextUiTesting"],"fileTypesAndContributionMap":{"txt":{"insertions":11,"deletions":0},"java":{"insertions":7,"deletions":7},"bat":{"insertions":1,"deletions":1}}},{"hash":"68b4bc2e7f9d3792d87df264b1e0f6748acfe474","isMergeCommit":false,"messageTitle":"refactor: Improve A-CodeQuality for TARS Chatbot. - moved welcome/goodbye messages from multi-line prints to String constants - replaced all instances of leading whitespace in prints to \\t characters - updated EXPECTED.txt to accommodate output changes - reduced nesting in taskParser by splitting out switch statement - Utilised abstract declaration for Task to prevent instantiation.","messageBody":"","tags":["A-CodeQuality"],"fileTypesAndContributionMap":{"java":{"insertions":79,"deletions":47}}}]},{"date":"2025-02-12","commitResults":[{"hash":"64bb52d16fa346f9d6182fd9a5e1326c2f562306","isMergeCommit":false,"messageTitle":"refactor: Started on Level-5 error validation - updated parseCommandType to be case-insensitive, throw exception for empty commands - introduced CommandType Enum to validate string, eliminating magic strings. - minor refactoring to other methods to restructure validation logic","messageBody":"","fileTypesAndContributionMap":{"java":{"insertions":73,"deletions":40}}}]},{"date":"2025-02-13","commitResults":[{"hash":"da513548dceb68bfb94023a77e120d9ba0da225c","isMergeCommit":false,"messageTitle":"refactor: implemented custom A-Exceptions - introduced new TARSInvalidCommandBodyException to validate command body - created new parseCommandBody function to validate command body based on command type. LIST, MARK, UNMARK validation implemented - updated parseCommandType to throw Exceptions - Try-Catch block in main program loop that handles exceptions from two aforementioned parsing methods - todo: finish validation for all command types. Implement command handler method to be called after validation.","messageBody":"","tags":["A-Exceptions"],"fileTypesAndContributionMap":{"java":{"insertions":105,"deletions":58}}}]},{"date":"2025-02-17","commitResults":[{"hash":"3dbc8e7c9ef159a28a50a911fecc486a1e8e9a4f","isMergeCommit":false,"messageTitle":"refactor: Implemented Level-5 error validation - Implemented parseCommandBody to validate command arguments and enforce proper structure. - Added validation for /by, /from, /to flags in DEADLINE and EVENT commands. - Ensured MARK and UNMARK commands validate task index before processing. - Refactored commandHandler() to improve separation of responsibility.","messageBody":"","fileTypesAndContributionMap":{"java":{"insertions":103,"deletions":48}}},{"hash":"573eb62a19a597e3a614de87fa30fa29ff4501a5","isMergeCommit":false,"messageTitle":"refactor: Refined Level-5 Error Validation - Updated TARSInvalidCommandBodyException constructor method to accept error message - Implemented Stretch Goal: error-specific error messages for each Exception - Small changes to validation logic, reordering of validation. - input.txt updated with invalid command test cases - EXPTECTED.txt updated with expected output for invalid cases","messageBody":"","fileTypesAndContributionMap":{"txt":{"insertions":12,"deletions":1},"java":{"insertions":86,"deletions":47}}},{"hash":"fce4da5c6fd5fcee13ede8bfba3b4ab35d68e848","isMergeCommit":true,"messageTitle":"Merge Level-5 features","messageBody":"","tags":["Level-5"],"fileTypesAndContributionMap":{}},{"hash":"69970bdfa5dcddc85d267868083219d37258b345","isMergeCommit":false,"messageTitle":"refactor: Restructured TARS into A-Packages - Moved CommandType and TARSInvalidCommandBodException into TARS.command package - Organized Task, Todo, Deadline and Event Classes into TARS.task package - Moved TARS main class into TARS.ui package - Updated all references to reflect new package structure - Modified EXPECTED.txt and runtest.bat to align with updated structure","messageBody":"","fileTypesAndContributionMap":{"java":{"insertions":48,"deletions":26},"bat":{"insertions":2,"deletions":2}}},{"hash":"ea45abb7c84c53239f7f8c048723b8a1166448ef","isMergeCommit":true,"messageTitle":"Merge A-Packages restructuring","messageBody":"","tags":["A-Packages"],"fileTypesAndContributionMap":{}}]},{"date":"2025-02-18","commitResults":[{"hash":"b792c6a1540bdb35d2ce4747d69da37985b3594b","isMergeCommit":false,"messageTitle":"refactor: Implemented taskList with A-Collections - taskList implemented with ArrayList instead of Array - updated array indexing with ArrayList Methods e.g. get, add - nTasks can be dynamically represented with taskList.size() - removed nTasks counter variable, updated logic in listing and validation","messageBody":"","tags":["A-Collections"],"fileTypesAndContributionMap":{"java":{"insertions":10,"deletions":12}}},{"hash":"f5258239b918ea00715d30f53b9c40b35c6f3674","isMergeCommit":false,"messageTitle":"feature: Implemented Level-6 delete function - implemented new CommandType DELETE to Enum - delete command implemented with same syntax/validation as mark/unmark - created deleteHandler function that handles deletion logic - Added DELETE case to commandHandler - bug-fix to validation: amended search term for hasBy, hasFrom, hasTo flag detection booleans","messageBody":"","tags":["Level-6"],"fileTypesAndContributionMap":{"java":{"insertions":28,"deletions":9}}}]},{"date":"2025-02-21","commitResults":[{"hash":"bc856ed39f12c37263d8fc690f8410101c1ef6c0","isMergeCommit":false,"messageTitle":"feature: Implemented Level-7 file storage function - Added writeFile() method to save task list data to /data/data.txt file - Implemented loadFile() method to read task list data from storage. - checkDataPathExists() method ensures data directory/file exits before IO operations - initializeTaskList() method converts stored data into Task objects saved in taskList array - Refactored getTask() method to use by/to/from delimiters to parse String representation of Tasks stored in data file.","messageBody":"","tags":["Level-7"],"fileTypesAndContributionMap":{"java":{"insertions":166,"deletions":13}}},{"hash":"f95237339485c86741fc0e462bb126056fe5938b","isMergeCommit":true,"messageTitle":"merged Level-7 branch","messageBody":"","fileTypesAndContributionMap":{}},{"hash":"63d679a8374ffdd289cdbf905b2768deddfb3c9a","isMergeCommit":true,"messageTitle":"resolved conflict when merging Level-6 branch","messageBody":"","tags":["v0.1","A-Jar"],"fileTypesAndContributionMap":{}}]},{"date":"2025-03-05","commitResults":[{"hash":"1e8b37cbb29b04734c8aa60674d2ca494ee18447","isMergeCommit":false,"messageTitle":"refactor: Started on A-MoreOOP increment - Separated functionality into command, logic, task and util packages - new UI class to handle user interactions (e.g. console print, user input) - new Storage class to handle file IO operations (only Load method implemented) - new TaskList class to handle program memory (only initialise method implemented) - new Parser class to parse file/command lines with regex and return Task/Command (only parse File implemented) - new TaskType Enum to represent/validate Todo, Deadline, Event classes - modifications to Task class and subclasses with default constructor, new TaskType attribute - Todo: abstract Command and subclasses, parsing/validation/exception handling for command lines.","messageBody":"","fileTypesAndContributionMap":{"java":{"insertions":497,"deletions":194},"bat":{"insertions":1,"deletions":1}}}]},{"date":"2025-03-07","commitResults":[{"hash":"5309ebeaecf8e40dc8e1378b1d25a71668329b1b","isMergeCommit":false,"messageTitle":"refactor: Completed A-MoreOOP increment - new Validator class validates user input before parsing. Throws TARSValidateCommandType/Param exceptions. - Validator class validates 1. CommandType is valid 2. parameters of specific CommandType are valid. - Parser parses input after validation, assumes valid input. Instantiates Command classes to be executed - new Command Abstract class with execute method, which is inherited by specific Command subclasses e.g. AddCommand. - TaskList CRUD methods and toString overwrite that returns all tasks as a contiguous String. - Storage class write method implemented to write data to file. - Updated text-ui-test script and expected outputs to reflect changes in project structure, UI.","messageBody":"","tags":["A-MoreOOP"],"fileTypesAndContributionMap":{"txt":{"insertions":35,"deletions":21},"java":{"insertions":476,"deletions":560},"bat":{"insertions":1,"deletions":1}}}]},{"date":"2025-03-10","commitResults":[{"hash":"e638b306decc5da9ff354d0e406c75ebac79da95","isMergeCommit":false,"messageTitle":"refactor: Improved Structure of Parser, Validator - new RegexConstants class to store regex strings used by Parser and Validator - renamed constant regex strings to follow SE-EDU convention","messageBody":"","fileTypesAndContributionMap":{"java":{"insertions":81,"deletions":68}}},{"hash":"a8ca8b66be478545de15a2b7a1b3a5e739545b54","isMergeCommit":false,"messageTitle":"feature: Implemented Level-8 DateTime replacement - DateTimeParser class that handles parsing of DateTime objects from parameter string - Replaces date strings in \"yyyy-MM-dd\" format to \"d MMM yyyy\" format (e.g. 2025-03-10 to 10 Mar 2025) - Replaces time strings in \"HHmm\" format to \"h.mm a\" format (e.g 0127 to 1.27 am) - Updated ParseTask to implement dateTime replacement when getting new command string","messageBody":"","tags":["Level-8"],"fileTypesAndContributionMap":{"java":{"insertions":77,"deletions":5}}},{"hash":"76ff5c62d8da0bc0ed94146c61df7820f24afa94","isMergeCommit":false,"messageTitle":"feature: Implemented Level-9 find function - updated CommandType with FIND command - new FindCommand class that implements find functionality - new /find searchterm command that matches the search term to any part of the Task string - Updaded Parser/Validator classes to account for /find functionality","messageBody":"","tags":["Level-9"],"fileTypesAndContributionMap":{"java":{"insertions":61,"deletions":8}}},{"hash":"ec7e0fb799241375c14a81c5a7e2623d89463a64","isMergeCommit":false,"messageTitle":"refactor: A-JavaDoc added comments - Added Javadoc comments to multiple classes and methods - Documenting all non-private classes and methods, ensuring clarity and maintainability.","messageBody":"","tags":["A-JavaDoc"],"fileTypesAndContributionMap":{"java":{"insertions":278,"deletions":35}}},{"hash":"e496eb31b91febe37d110f8e398c861d65a313bc","isMergeCommit":true,"messageTitle":"Merge pull request #1 from zexueteh/branch-Level-8","messageBody":"Branch level 8","fileTypesAndContributionMap":{}},{"hash":"bd21aded0ee87623e35ba3ecb492be20cf54fb3c","isMergeCommit":true,"messageTitle":"Merge pull request #2 from zexueteh/branch-Level-9","messageBody":"feature: Implemented Level-9 find function","fileTypesAndContributionMap":{}},{"hash":"7b8f84c3a046fa719048e7a31d6679083ce6163d","isMergeCommit":true,"messageTitle":"merged Level-9 and JavaDoc branches","messageBody":"","fileTypesAndContributionMap":{}},{"hash":"06649872e86815055fdbd274c7cc941caf1aacf9","isMergeCommit":true,"messageTitle":"Merge pull request #3 from zexueteh/branch-A-JavaDoc","messageBody":"Branch A-JavaDoc Merge","fileTypesAndContributionMap":{}}]},{"date":"2025-03-11","commitResults":[{"hash":"9f0af3665f1f42012cc26100575b8c3737ea3356","isMergeCommit":false,"messageTitle":"Update TARS README.md","messageBody":"","fileTypesAndContributionMap":{"md":{"insertions":136,"deletions":19}}},{"hash":"f2a701d2a2cea89c0e5bc4425d3206680da9329e","isMergeCommit":false,"messageTitle":"Update README.md","messageBody":"","tags":["A-UserGuide"],"fileTypesAndContributionMap":{"md":{"insertions":38,"deletions":9}}},{"hash":"d95405515d0ac63b6f0b26814427c8edf82ae0f0","isMergeCommit":false,"messageTitle":"minor bug fix to parser","messageBody":"","fileTypesAndContributionMap":{"java":{"insertions":2,"deletions":2}}},{"hash":"05ba5f561c0401df1915296cf9158e9bc67eb6ad","isMergeCommit":true,"messageTitle":"Merge branch \u0027master\u0027 of https://github.com/zexueteh/ip","messageBody":"","fileTypesAndContributionMap":{}},{"hash":"c01de1a50bba9685622e66eb21505d33841ecec4","isMergeCommit":false,"messageTitle":"Update README.md","messageBody":"formatting fix","fileTypesAndContributionMap":{"md":{"insertions":8,"deletions":0}}}]},{"date":"2025-03-12","commitResults":[{"hash":"2d778026c0855fa330ea60128b9fd2d493b2dc78","isMergeCommit":false,"messageTitle":"Add help command and minor bug fixes before release","messageBody":"","fileTypesAndContributionMap":{"java":{"insertions":74,"deletions":73}}},{"hash":"e24a70d6e00e953cedf6db601ff84fc8e72db1aa","isMergeCommit":true,"messageTitle":"Merge branch \u0027master\u0027 of https://github.com/zexueteh/ip","messageBody":"","tags":["A-Release"],"fileTypesAndContributionMap":{}},{"hash":"c2b64218c9c4c9cd2f797eb63998d72bcded1343","isMergeCommit":false,"messageTitle":"bug-fix: seperated parsing for index and descriptions","messageBody":"","fileTypesAndContributionMap":{"java":{"insertions":7,"deletions":4}}},{"hash":"1c72a685771746281ddbc07be501f62ce4226c3e","isMergeCommit":false,"messageTitle":"bug-fix: Find command searches Task attributes only","messageBody":"","fileTypesAndContributionMap":{"java":{"insertions":16,"deletions":2}}},{"hash":"f5f9336ce415cf74fb298d5eb40616b2396c1903","isMergeCommit":false,"messageTitle":"bug-fix: Datetime parser format updated to HH:mm","messageBody":"","fileTypesAndContributionMap":{"java":{"insertions":8,"deletions":10}}},{"hash":"113fdd3278349f55d5c4e190e757cebf2a8e240e","isMergeCommit":false,"messageTitle":"Update README.md","messageBody":"","fileTypesAndContributionMap":{"md":{"insertions":23,"deletions":9}}}]}]},"authorFileTypeContributionMap":{"zexueteh":{"java":1321,"md":189,"fxml":0,"sh":0,"bat":2,"gradle":0,"txt":36}},"authorContributionVariance":{"zexueteh":34572.0},"authorDisplayNameMap":{"zexueteh":"CS2113-T11a-2 TEH .. XUE"}}
