{"authorDailyContributionsMap":{"RaidaNUS":[{"date":"2025-01-24","commitResults":[{"hash":"1bc3319008acaaafbabda9682f92d5723315dcc1","isMergeCommit":false,"messageTitle":"Implement Level-0: Rename chatbot and add greeting/exit functionality","messageBody":"","fileTypesAndContributionMap":{"java":{"insertions":15,"deletions":10}}}]},{"date":"2025-01-30","commitResults":[{"hash":"6a90c11e267b33961e6cc7b2388cfcc4475d6382","isMergeCommit":true,"messageTitle":"Merge pull request #1 from RaidaNUS/main","messageBody":"Implement Level-0: Rename chatbot and add greeting/exit functionality","fileTypesAndContributionMap":{}},{"hash":"86800fe3313c16e693b427d44cf0955dcbdd486d","isMergeCommit":false,"messageTitle":"TEST COMMIT","messageBody":"","fileTypesAndContributionMap":{"java":{"insertions":1,"deletions":1}}},{"hash":"79388a00cf700df8500310c557c46dcde82bd669","isMergeCommit":false,"messageTitle":"Level 0 - Implementation of New code for Alo","messageBody":"","tags":["V0.0","Level-0"],"fileTypesAndContributionMap":{"java":{"insertions":1,"deletions":1}}}]},{"date":"2025-01-31","commitResults":[{"hash":"74a2f0484611b66dd4194da09dd8d3fecaaf27b2","isMergeCommit":false,"messageTitle":"Level-1 : Echo Implementation","messageBody":"","tags":["V1.0","Level-1"],"fileTypesAndContributionMap":{"java":{"insertions":19,"deletions":4}}},{"hash":"225facac7f4bb3e17b6dd901b532fe42ea2c33c1","isMergeCommit":false,"messageTitle":"Level-2: List Implementation","messageBody":"","tags":["V2.0","Level-2"],"fileTypesAndContributionMap":{"java":{"insertions":15,"deletions":4}}},{"hash":"b550f20cd1d18b0af8ced301dbc1c3107f763a8d","isMergeCommit":false,"messageTitle":"Level 3 - Adding Markings","messageBody":"","tags":["V3.0","Level-3","A-Classes"],"fileTypesAndContributionMap":{"java":{"insertions":66,"deletions":11}}}]},{"date":"2025-02-07","commitResults":[{"hash":"ccb1e29c8df807a5270fee22d057d44cb05da3f0","isMergeCommit":false,"messageTitle":"Level - 3.2 Impovements after feedback.","messageBody":"","tags":["V3.2","A-CodingStandard"],"fileTypesAndContributionMap":{"java":{"insertions":105,"deletions":53}}},{"hash":"b9e1da96a7df5fe027239d33be15b535880420f3","isMergeCommit":false,"messageTitle":"Level 4 : Implementation of different kinds of tasks","messageBody":"","tags":["V4.0","Level-4","A-CodeQuality"],"fileTypesAndContributionMap":{"java":{"insertions":133,"deletions":34}}}]},{"date":"2025-02-14","commitResults":[{"hash":"febc1d7c027b1a49c3fc0b01fd9e542906dc61bf","isMergeCommit":false,"messageTitle":"Level 5: Error in Command Word, and or Task Handled","messageBody":"","tags":["V5.0","Level-5"],"fileTypesAndContributionMap":{"java":{"insertions":26,"deletions":1}}},{"hash":"a2ff3f6985b3845375736847b1e446a53918f68c","isMergeCommit":false,"messageTitle":"Level 5: Using Exception Class to Make TaskExceptions Class","messageBody":"","fileTypesAndContributionMap":{"java":{"insertions":79,"deletions":28}}},{"hash":"dbbaef7a0888849b5cccc764b8a8478927029576","isMergeCommit":false,"messageTitle":"Level 5.2 : Making Packages \u0026 Importing Packages","messageBody":"","fileTypesAndContributionMap":{"java":{"insertions":34,"deletions":7}}}]},{"date":"2025-02-21","commitResults":[{"hash":"5f9087f2c7c3319f952144ed68acb1e5eb734a0e","isMergeCommit":false,"messageTitle":"Saving work before branching Level-5","messageBody":"","fileTypesAndContributionMap":{"java":{"insertions":0,"deletions":1}}},{"hash":"6d490dcb801c3a767e9639601b184475b58c80ff","isMergeCommit":false,"messageTitle":"Level-6: Delete task option","messageBody":"","tags":["Week-6-Jar"],"fileTypesAndContributionMap":{"java":{"insertions":40,"deletions":2}}}]}]},"authorFileTypeContributionMap":{"RaidaNUS":{"java":387,"md":0,"fxml":0,"sh":0,"bat":0,"gradle":0,"txt":0}},"authorContributionVariance":{"RaidaNUS":3297.5989},"authorDisplayNameMap":{"RaidaNUS":"CHOW..RNAZ"}}
