[{"path":"src/main/java/Deadline.java","fileType":"java","lines":[{"lineNumber":1,"author":{"gitId":"limleyhooi"},"content":"public class Deadline extends Task{","lastModifiedDate":"2025-03-01","isFullCredit":false},{"lineNumber":2,"author":{"gitId":"limleyhooi"},"content":"    protected String description;","lastModifiedDate":"2025-03-01","isFullCredit":false},{"lineNumber":3,"author":{"gitId":"limleyhooi"},"content":"    protected String date;","lastModifiedDate":"2025-03-01","isFullCredit":false},{"lineNumber":4,"author":{"gitId":"limleyhooi"},"content":"    public Deadline(String description, String date){","lastModifiedDate":"2025-03-01","isFullCredit":false},{"lineNumber":5,"author":{"gitId":"limleyhooi"},"content":"        super(description);","lastModifiedDate":"2025-03-01","isFullCredit":false},{"lineNumber":6,"author":{"gitId":"limleyhooi"},"content":"        this.date \u003d date;","lastModifiedDate":"2025-03-01","isFullCredit":false},{"lineNumber":7,"author":{"gitId":"limleyhooi"},"content":"    }","lastModifiedDate":"2025-03-01","isFullCredit":false},{"lineNumber":8,"author":{"gitId":"limleyhooi"},"content":"    @Override","lastModifiedDate":"2025-03-01","isFullCredit":false},{"lineNumber":9,"author":{"gitId":"limleyhooi"},"content":"    public String toString(){","lastModifiedDate":"2025-03-01","isFullCredit":false},{"lineNumber":10,"author":{"gitId":"limleyhooi"},"content":"        return \"[D]\" + super.toString() + \" (by: \" + date + \")\";","lastModifiedDate":"2025-03-01","isFullCredit":false},{"lineNumber":11,"author":{"gitId":"limleyhooi"},"content":"    }","lastModifiedDate":"2025-03-01","isFullCredit":false},{"lineNumber":12,"author":{"gitId":"limleyhooi"},"content":"}","lastModifiedDate":"2025-03-01","isFullCredit":false}],"authorContributionMap":{"limleyhooi":12}},{"path":"src/main/java/Event.java","fileType":"java","lines":[{"lineNumber":1,"author":{"gitId":"limleyhooi"},"content":"public class Event extends Task{","lastModifiedDate":"2025-03-01","isFullCredit":false},{"lineNumber":2,"author":{"gitId":"limleyhooi"},"content":"    protected String description;","lastModifiedDate":"2025-03-01","isFullCredit":false},{"lineNumber":3,"author":{"gitId":"limleyhooi"},"content":"    protected String time1;","lastModifiedDate":"2025-03-01","isFullCredit":false},{"lineNumber":4,"author":{"gitId":"limleyhooi"},"content":"    protected String time2;","lastModifiedDate":"2025-03-01","isFullCredit":false},{"lineNumber":5,"author":{"gitId":"limleyhooi"},"content":"    public Event(String description, String time1, String time2){","lastModifiedDate":"2025-03-01","isFullCredit":false},{"lineNumber":6,"author":{"gitId":"limleyhooi"},"content":"        super(description);","lastModifiedDate":"2025-03-01","isFullCredit":false},{"lineNumber":7,"author":{"gitId":"limleyhooi"},"content":"        this.time1 \u003d time1;","lastModifiedDate":"2025-03-01","isFullCredit":false},{"lineNumber":8,"author":{"gitId":"limleyhooi"},"content":"        this.time2 \u003d time2;","lastModifiedDate":"2025-03-01","isFullCredit":false},{"lineNumber":9,"author":{"gitId":"limleyhooi"},"content":"    }","lastModifiedDate":"2025-03-01","isFullCredit":false},{"lineNumber":10,"author":{"gitId":"limleyhooi"},"content":"    @Override","lastModifiedDate":"2025-03-01","isFullCredit":false},{"lineNumber":11,"author":{"gitId":"limleyhooi"},"content":"    public String toString(){","lastModifiedDate":"2025-03-01","isFullCredit":false},{"lineNumber":12,"author":{"gitId":"limleyhooi"},"content":"        return \"[E]\" + super.toString() + \" (from: \" + time1 + \" to: \" + time2 + \")\";","lastModifiedDate":"2025-03-01","isFullCredit":false},{"lineNumber":13,"author":{"gitId":"limleyhooi"},"content":"    }","lastModifiedDate":"2025-03-01","isFullCredit":false},{"lineNumber":14,"author":{"gitId":"limleyhooi"},"content":"}","lastModifiedDate":"2025-03-01","isFullCredit":false}],"authorContributionMap":{"limleyhooi":14}},{"path":"src/main/java/Rick.java","fileType":"java","lines":[{"lineNumber":1,"author":{"gitId":"limleyhooi"},"content":"import java.util.Scanner ;","lastModifiedDate":"2025-02-08","isFullCredit":false},{"lineNumber":2,"author":{"gitId":"limleyhooi"},"content":"","lastModifiedDate":"2025-02-08","isFullCredit":false},{"lineNumber":3,"author":{"gitId":"limleyhooi"},"content":"public class Rick {","lastModifiedDate":"2025-02-08","isFullCredit":false},{"lineNumber":4,"author":{"gitId":"limleyhooi"},"content":"    private static final String DIVIDER \u003d \"    ____________________________________________________________\";","lastModifiedDate":"2025-02-28","isFullCredit":false},{"lineNumber":5,"author":{"gitId":"limleyhooi"},"content":"    private static void printDivider() {","lastModifiedDate":"2025-02-28","isFullCredit":false},{"lineNumber":6,"author":{"gitId":"limleyhooi"},"content":"        System.out.println(DIVIDER);","lastModifiedDate":"2025-02-28","isFullCredit":false},{"lineNumber":7,"author":{"gitId":"limleyhooi"},"content":"    }","lastModifiedDate":"2025-02-28","isFullCredit":false},{"lineNumber":8,"author":{"gitId":"limleyhooi"},"content":"","lastModifiedDate":"2025-03-01","isFullCredit":false},{"lineNumber":9,"author":{"gitId":"limleyhooi"},"content":"    public static void main(String[] args) {","lastModifiedDate":"2025-02-08","isFullCredit":false},{"lineNumber":10,"author":{"gitId":"limleyhooi"},"content":"        String logo \u003d","lastModifiedDate":"2025-02-08","isFullCredit":false},{"lineNumber":11,"author":{"gitId":"limleyhooi"},"content":"                \" ____  _      _    \\n\" +","lastModifiedDate":"2025-02-08","isFullCredit":false},{"lineNumber":12,"author":{"gitId":"limleyhooi"},"content":"                        \"|  _ \\\\(_) ___| | __\\n\" +","lastModifiedDate":"2025-02-08","isFullCredit":false},{"lineNumber":13,"author":{"gitId":"limleyhooi"},"content":"                        \"| |_) | |/ __| |/ /\\n\" +","lastModifiedDate":"2025-02-08","isFullCredit":false},{"lineNumber":14,"author":{"gitId":"limleyhooi"},"content":"                        \"|  _ \u003c| | (__|   \u003c \\n\" +","lastModifiedDate":"2025-02-08","isFullCredit":false},{"lineNumber":15,"author":{"gitId":"limleyhooi"},"content":"                        \"|_| \\\\_\\\\_|\\\\___|_|\\\\_\\\\\";","lastModifiedDate":"2025-02-08","isFullCredit":false},{"lineNumber":16,"author":{"gitId":"limleyhooi"},"content":"        System.out.println(\"Hello from\\n\" + logo);","lastModifiedDate":"2025-02-08","isFullCredit":false},{"lineNumber":17,"author":{"gitId":"limleyhooi"},"content":"        System.out.println(\"\"\"","lastModifiedDate":"2025-02-08","isFullCredit":false},{"lineNumber":18,"author":{"gitId":"limleyhooi"},"content":"                Hello, I\u0027m rick","lastModifiedDate":"2025-02-08","isFullCredit":false},{"lineNumber":19,"author":{"gitId":"limleyhooi"},"content":"                What can I do for you?","lastModifiedDate":"2025-02-08","isFullCredit":false},{"lineNumber":20,"author":{"gitId":"limleyhooi"},"content":"                \"\"\");","lastModifiedDate":"2025-02-08","isFullCredit":false},{"lineNumber":21,"author":{"gitId":"limleyhooi"},"content":"        Scanner s \u003d new Scanner(System.in);","lastModifiedDate":"2025-02-08","isFullCredit":false},{"lineNumber":22,"author":{"gitId":"limleyhooi"},"content":"        Task[] tasks \u003d new Task[100]; //create an Task array called tasks that hold 100 Task elements;","lastModifiedDate":"2025-02-28","isFullCredit":false},{"lineNumber":23,"author":{"gitId":"limleyhooi"},"content":"        int i \u003d 0;","lastModifiedDate":"2025-02-15","isFullCredit":false},{"lineNumber":24,"author":{"gitId":"limleyhooi"},"content":"","lastModifiedDate":"2025-02-08","isFullCredit":false},{"lineNumber":25,"author":{"gitId":"limleyhooi"},"content":"        while (true) {","lastModifiedDate":"2025-02-08","isFullCredit":false},{"lineNumber":26,"author":{"gitId":"limleyhooi"},"content":"            System.out.print(\"\u003e\");","lastModifiedDate":"2025-02-08","isFullCredit":false},{"lineNumber":27,"author":{"gitId":"limleyhooi"},"content":"            String input \u003d s.nextLine(); //enter string element;","lastModifiedDate":"2025-02-28","isFullCredit":false},{"lineNumber":28,"author":{"gitId":"limleyhooi"},"content":"","lastModifiedDate":"2025-02-08","isFullCredit":false},{"lineNumber":29,"author":{"gitId":"limleyhooi"},"content":"","lastModifiedDate":"2025-02-08","isFullCredit":false},{"lineNumber":30,"author":{"gitId":"limleyhooi"},"content":"            if (input.equalsIgnoreCase(\"bye\")) {","lastModifiedDate":"2025-02-08","isFullCredit":false},{"lineNumber":31,"author":{"gitId":"limleyhooi"},"content":"                System.out.println(\"bye bye! Hope to see you soon ^-^ \");","lastModifiedDate":"2025-02-08","isFullCredit":false},{"lineNumber":32,"author":{"gitId":"limleyhooi"},"content":"                break;","lastModifiedDate":"2025-02-08","isFullCredit":false},{"lineNumber":33,"author":{"gitId":"limleyhooi"},"content":"            }","lastModifiedDate":"2025-02-08","isFullCredit":false},{"lineNumber":34,"author":{"gitId":"limleyhooi"},"content":"            if (input.equalsIgnoreCase(\"list\")){","lastModifiedDate":"2025-02-15","isFullCredit":false},{"lineNumber":35,"author":{"gitId":"limleyhooi"},"content":"                if (i \u003d\u003d0) {","lastModifiedDate":"2025-02-15","isFullCredit":false},{"lineNumber":36,"author":{"gitId":"limleyhooi"},"content":"                    System.out.println(\" No tasks added.\"); //tasks array is empty","lastModifiedDate":"2025-02-28","isFullCredit":false},{"lineNumber":37,"author":{"gitId":"limleyhooi"},"content":"                } else {","lastModifiedDate":"2025-02-15","isFullCredit":false},{"lineNumber":38,"author":{"gitId":"limleyhooi"},"content":"                    System.out.println(\"Here are the items in your list:\");","lastModifiedDate":"2025-02-28","isFullCredit":false},{"lineNumber":39,"author":{"gitId":"limleyhooi"},"content":"                    for (int j \u003d 0; j \u003c i; j++) {","lastModifiedDate":"2025-02-15","isFullCredit":false},{"lineNumber":40,"author":{"gitId":"limleyhooi"},"content":"                        System.out.print(j + 1+\".\"); //iterate through tasks array;","lastModifiedDate":"2025-03-01","isFullCredit":false},{"lineNumber":41,"author":{"gitId":"limleyhooi"},"content":"                        System.out.println(tasks[j]);","lastModifiedDate":"2025-03-01","isFullCredit":false},{"lineNumber":42,"author":{"gitId":"limleyhooi"},"content":"","lastModifiedDate":"2025-02-15","isFullCredit":false},{"lineNumber":43,"author":{"gitId":"limleyhooi"},"content":"                    }","lastModifiedDate":"2025-02-15","isFullCredit":false},{"lineNumber":44,"author":{"gitId":"limleyhooi"},"content":"                }","lastModifiedDate":"2025-02-15","isFullCredit":false},{"lineNumber":45,"author":{"gitId":"limleyhooi"},"content":"                continue;","lastModifiedDate":"2025-02-15","isFullCredit":false},{"lineNumber":46,"author":{"gitId":"limleyhooi"},"content":"            }","lastModifiedDate":"2025-02-15","isFullCredit":false},{"lineNumber":47,"author":{"gitId":"limleyhooi"},"content":"            if(input.startsWith(\"mark \")){","lastModifiedDate":"2025-02-28","isFullCredit":false},{"lineNumber":48,"author":{"gitId":"limleyhooi"},"content":"                int taskIndex \u003d Integer.parseInt(input.substring(5))-1; //finding the index to mark;","lastModifiedDate":"2025-02-28","isFullCredit":false},{"lineNumber":49,"author":{"gitId":"limleyhooi"},"content":"                if (taskIndex \u003e\u003d 0 \u0026\u0026 taskIndex \u003c i) {","lastModifiedDate":"2025-02-28","isFullCredit":false},{"lineNumber":50,"author":{"gitId":"limleyhooi"},"content":"                    tasks[taskIndex].markAsDone();","lastModifiedDate":"2025-02-28","isFullCredit":false},{"lineNumber":51,"author":{"gitId":"limleyhooi"},"content":"                    printDivider();","lastModifiedDate":"2025-02-28","isFullCredit":false},{"lineNumber":52,"author":{"gitId":"limleyhooi"},"content":"                    System.out.println(\" Nice! I\u0027ve marked this task as done:\");","lastModifiedDate":"2025-02-28","isFullCredit":false},{"lineNumber":53,"author":{"gitId":"limleyhooi"},"content":"                    System.out.println(tasks[taskIndex]);","lastModifiedDate":"2025-03-01","isFullCredit":false},{"lineNumber":54,"author":{"gitId":"limleyhooi"},"content":"                    printDivider();","lastModifiedDate":"2025-02-28","isFullCredit":false},{"lineNumber":55,"author":{"gitId":"limleyhooi"},"content":"                } else {","lastModifiedDate":"2025-02-28","isFullCredit":false},{"lineNumber":56,"author":{"gitId":"limleyhooi"},"content":"                    System.out.println(\"Invalid task number!\");","lastModifiedDate":"2025-02-28","isFullCredit":false},{"lineNumber":57,"author":{"gitId":"limleyhooi"},"content":"                }","lastModifiedDate":"2025-02-28","isFullCredit":false},{"lineNumber":58,"author":{"gitId":"limleyhooi"},"content":"                continue;","lastModifiedDate":"2025-02-28","isFullCredit":false},{"lineNumber":59,"author":{"gitId":"limleyhooi"},"content":"            }","lastModifiedDate":"2025-02-28","isFullCredit":false},{"lineNumber":60,"author":{"gitId":"limleyhooi"},"content":"            if(input.startsWith(\"unmark \")){","lastModifiedDate":"2025-02-28","isFullCredit":false},{"lineNumber":61,"author":{"gitId":"limleyhooi"},"content":"                int taskIndex \u003d Integer.parseInt(input.substring(7))-1;","lastModifiedDate":"2025-02-28","isFullCredit":false},{"lineNumber":62,"author":{"gitId":"limleyhooi"},"content":"                if (taskIndex \u003e\u003d 0 \u0026\u0026 taskIndex \u003c i) {","lastModifiedDate":"2025-02-28","isFullCredit":false},{"lineNumber":63,"author":{"gitId":"limleyhooi"},"content":"                    tasks[taskIndex].markAsUndone();","lastModifiedDate":"2025-02-28","isFullCredit":false},{"lineNumber":64,"author":{"gitId":"limleyhooi"},"content":"                    printDivider();","lastModifiedDate":"2025-02-28","isFullCredit":false},{"lineNumber":65,"author":{"gitId":"limleyhooi"},"content":"                    System.out.println(\" Nice! I\u0027ve marked this task as done:\");","lastModifiedDate":"2025-02-28","isFullCredit":false},{"lineNumber":66,"author":{"gitId":"limleyhooi"},"content":"                    System.out.println(tasks[taskIndex]);","lastModifiedDate":"2025-03-01","isFullCredit":false},{"lineNumber":67,"author":{"gitId":"limleyhooi"},"content":"                    printDivider();","lastModifiedDate":"2025-02-28","isFullCredit":false},{"lineNumber":68,"author":{"gitId":"limleyhooi"},"content":"                } else {","lastModifiedDate":"2025-02-28","isFullCredit":false},{"lineNumber":69,"author":{"gitId":"limleyhooi"},"content":"                    System.out.println(\"Invalid task number!\");","lastModifiedDate":"2025-02-28","isFullCredit":false},{"lineNumber":70,"author":{"gitId":"limleyhooi"},"content":"                }","lastModifiedDate":"2025-02-28","isFullCredit":false},{"lineNumber":71,"author":{"gitId":"limleyhooi"},"content":"                continue;","lastModifiedDate":"2025-02-28","isFullCredit":false},{"lineNumber":72,"author":{"gitId":"limleyhooi"},"content":"            }","lastModifiedDate":"2025-02-28","isFullCredit":false},{"lineNumber":73,"author":{"gitId":"limleyhooi"},"content":"            if(input.startsWith(\"todo\")){","lastModifiedDate":"2025-03-01","isFullCredit":false},{"lineNumber":74,"author":{"gitId":"limleyhooi"},"content":"                System.out.println(\"Got it, added to task:\");","lastModifiedDate":"2025-03-01","isFullCredit":false},{"lineNumber":75,"author":{"gitId":"limleyhooi"},"content":"                String inputTodo \u003d input.substring(5);","lastModifiedDate":"2025-03-01","isFullCredit":false},{"lineNumber":76,"author":{"gitId":"limleyhooi"},"content":"                tasks[i] \u003d new Todo(inputTodo);","lastModifiedDate":"2025-03-01","isFullCredit":false},{"lineNumber":77,"author":{"gitId":"limleyhooi"},"content":"            }","lastModifiedDate":"2025-03-01","isFullCredit":false},{"lineNumber":78,"author":{"gitId":"limleyhooi"},"content":"            if(input.startsWith(\"deadline\")){","lastModifiedDate":"2025-03-01","isFullCredit":false},{"lineNumber":79,"author":{"gitId":"limleyhooi"},"content":"                System.out.println(\"Got it, added to task:\");","lastModifiedDate":"2025-03-01","isFullCredit":false},{"lineNumber":80,"author":{"gitId":"limleyhooi"},"content":"                int firstSpace \u003d input.indexOf(\" \");","lastModifiedDate":"2025-03-01","isFullCredit":false},{"lineNumber":81,"author":{"gitId":"limleyhooi"},"content":"                String modifiedInput \u003d input.substring(firstSpace+1);//remove the word deadline;","lastModifiedDate":"2025-03-01","isFullCredit":false},{"lineNumber":82,"author":{"gitId":"limleyhooi"},"content":"                String[] part \u003d modifiedInput.split(\"/by\",2); //split modified string to description and date;","lastModifiedDate":"2025-03-01","isFullCredit":false},{"lineNumber":83,"author":{"gitId":"limleyhooi"},"content":"                String Deadline_description \u003d part[0].trim();","lastModifiedDate":"2025-03-01","isFullCredit":false},{"lineNumber":84,"author":{"gitId":"limleyhooi"},"content":"                String Deadline_date \u003d part[1].trim();","lastModifiedDate":"2025-03-01","isFullCredit":false},{"lineNumber":85,"author":{"gitId":"limleyhooi"},"content":"                tasks[i] \u003d new Deadline(Deadline_description,Deadline_date);","lastModifiedDate":"2025-03-01","isFullCredit":false},{"lineNumber":86,"author":{"gitId":"limleyhooi"},"content":"","lastModifiedDate":"2025-02-15","isFullCredit":false},{"lineNumber":87,"author":{"gitId":"limleyhooi"},"content":"","lastModifiedDate":"2025-02-28","isFullCredit":false},{"lineNumber":88,"author":{"gitId":"limleyhooi"},"content":"            }","lastModifiedDate":"2025-03-01","isFullCredit":false},{"lineNumber":89,"author":{"gitId":"limleyhooi"},"content":"            if(input.startsWith(\"event\")){","lastModifiedDate":"2025-03-01","isFullCredit":false},{"lineNumber":90,"author":{"gitId":"limleyhooi"},"content":"                System.out.println(\"Got it, added to task:\");","lastModifiedDate":"2025-03-01","isFullCredit":false},{"lineNumber":91,"author":{"gitId":"limleyhooi"},"content":"                int firstSpace \u003d input.indexOf(\" \");","lastModifiedDate":"2025-03-01","isFullCredit":false},{"lineNumber":92,"author":{"gitId":"limleyhooi"},"content":"                String modifiedInput \u003d input.substring(firstSpace+1);","lastModifiedDate":"2025-03-01","isFullCredit":false},{"lineNumber":93,"author":{"gitId":"limleyhooi"},"content":"                String[] part \u003d modifiedInput.split(\"/from|/to\", 3);","lastModifiedDate":"2025-03-01","isFullCredit":false},{"lineNumber":94,"author":{"gitId":"limleyhooi"},"content":"                String description \u003d part[0].trim();","lastModifiedDate":"2025-03-01","isFullCredit":false},{"lineNumber":95,"author":{"gitId":"limleyhooi"},"content":"                String time1 \u003d part[1].trim();","lastModifiedDate":"2025-03-01","isFullCredit":false},{"lineNumber":96,"author":{"gitId":"limleyhooi"},"content":"                String time2 \u003d part[2].trim();","lastModifiedDate":"2025-03-01","isFullCredit":false},{"lineNumber":97,"author":{"gitId":"limleyhooi"},"content":"                int eventIndex \u003d i + 1;","lastModifiedDate":"2025-03-01","isFullCredit":false},{"lineNumber":98,"author":{"gitId":"limleyhooi"},"content":"                tasks[i] \u003d new Event(description, time1, time2);","lastModifiedDate":"2025-03-01","isFullCredit":false},{"lineNumber":99,"author":{"gitId":"limleyhooi"},"content":"","lastModifiedDate":"2025-03-01","isFullCredit":false},{"lineNumber":100,"author":{"gitId":"limleyhooi"},"content":"","lastModifiedDate":"2025-03-01","isFullCredit":false},{"lineNumber":101,"author":{"gitId":"limleyhooi"},"content":"            }","lastModifiedDate":"2025-03-01","isFullCredit":false},{"lineNumber":102,"author":{"gitId":"limleyhooi"},"content":"","lastModifiedDate":"2025-03-01","isFullCredit":false},{"lineNumber":103,"author":{"gitId":"limleyhooi"},"content":"            System.out.println(tasks[i]);","lastModifiedDate":"2025-03-01","isFullCredit":false},{"lineNumber":104,"author":{"gitId":"limleyhooi"},"content":"            System.out.println(\"Now you have \"+ String.valueOf(i + 1)+ \" tasks in list\");","lastModifiedDate":"2025-03-01","isFullCredit":false},{"lineNumber":105,"author":{"gitId":"limleyhooi"},"content":"            i++;","lastModifiedDate":"2025-02-15","isFullCredit":false},{"lineNumber":106,"author":{"gitId":"limleyhooi"},"content":"","lastModifiedDate":"2025-02-15","isFullCredit":false},{"lineNumber":107,"author":{"gitId":"limleyhooi"},"content":"","lastModifiedDate":"2025-02-08","isFullCredit":false},{"lineNumber":108,"author":{"gitId":"limleyhooi"},"content":"","lastModifiedDate":"2025-02-08","isFullCredit":false},{"lineNumber":109,"author":{"gitId":"limleyhooi"},"content":"","lastModifiedDate":"2025-03-01","isFullCredit":false},{"lineNumber":110,"author":{"gitId":"limleyhooi"},"content":"","lastModifiedDate":"2025-03-01","isFullCredit":false},{"lineNumber":111,"author":{"gitId":"limleyhooi"},"content":"","lastModifiedDate":"2025-03-01","isFullCredit":false},{"lineNumber":112,"author":{"gitId":"limleyhooi"},"content":"","lastModifiedDate":"2025-03-01","isFullCredit":false},{"lineNumber":113,"author":{"gitId":"limleyhooi"},"content":"","lastModifiedDate":"2025-03-01","isFullCredit":false},{"lineNumber":114,"author":{"gitId":"limleyhooi"},"content":"","lastModifiedDate":"2025-03-01","isFullCredit":false},{"lineNumber":115,"author":{"gitId":"limleyhooi"},"content":"","lastModifiedDate":"2025-03-01","isFullCredit":false},{"lineNumber":116,"author":{"gitId":"limleyhooi"},"content":"        }","lastModifiedDate":"2025-02-08","isFullCredit":false},{"lineNumber":117,"author":{"gitId":"limleyhooi"},"content":"    }","lastModifiedDate":"2025-02-08","isFullCredit":false},{"lineNumber":118,"author":{"gitId":"limleyhooi"},"content":"","lastModifiedDate":"2025-02-08","isFullCredit":false},{"lineNumber":119,"author":{"gitId":"limleyhooi"},"content":"}","lastModifiedDate":"2025-02-28","isFullCredit":false}],"authorContributionMap":{"limleyhooi":119}},{"path":"src/main/java/Task.java","fileType":"java","lines":[{"lineNumber":1,"author":{"gitId":"limleyhooi"},"content":"public class Task {","lastModifiedDate":"2025-02-28","isFullCredit":false},{"lineNumber":2,"author":{"gitId":"limleyhooi"},"content":"    protected String description;","lastModifiedDate":"2025-02-28","isFullCredit":false},{"lineNumber":3,"author":{"gitId":"limleyhooi"},"content":"    protected boolean isDone;","lastModifiedDate":"2025-02-28","isFullCredit":false},{"lineNumber":4,"author":{"gitId":"limleyhooi"},"content":"","lastModifiedDate":"2025-02-28","isFullCredit":false},{"lineNumber":5,"author":{"gitId":"limleyhooi"},"content":"    public Task(String description) {","lastModifiedDate":"2025-02-28","isFullCredit":false},{"lineNumber":6,"author":{"gitId":"limleyhooi"},"content":"        this.description \u003d description;","lastModifiedDate":"2025-02-28","isFullCredit":false},{"lineNumber":7,"author":{"gitId":"limleyhooi"},"content":"        this.isDone \u003d false;","lastModifiedDate":"2025-02-28","isFullCredit":false},{"lineNumber":8,"author":{"gitId":"limleyhooi"},"content":"    }","lastModifiedDate":"2025-02-28","isFullCredit":false},{"lineNumber":9,"author":{"gitId":"limleyhooi"},"content":"","lastModifiedDate":"2025-02-28","isFullCredit":false},{"lineNumber":10,"author":{"gitId":"limleyhooi"},"content":"    public String getStatusIcon() {","lastModifiedDate":"2025-02-28","isFullCredit":false},{"lineNumber":11,"author":{"gitId":"limleyhooi"},"content":"        return (isDone ? \"X\" : \" \"); // mark done task with X","lastModifiedDate":"2025-02-28","isFullCredit":false},{"lineNumber":12,"author":{"gitId":"limleyhooi"},"content":"    }","lastModifiedDate":"2025-02-28","isFullCredit":false},{"lineNumber":13,"author":{"gitId":"limleyhooi"},"content":"","lastModifiedDate":"2025-02-28","isFullCredit":false},{"lineNumber":14,"author":{"gitId":"limleyhooi"},"content":"    public void markAsDone(){","lastModifiedDate":"2025-02-28","isFullCredit":false},{"lineNumber":15,"author":{"gitId":"limleyhooi"},"content":"        this.isDone \u003d true;","lastModifiedDate":"2025-02-28","isFullCredit":false},{"lineNumber":16,"author":{"gitId":"limleyhooi"},"content":"    }","lastModifiedDate":"2025-02-28","isFullCredit":false},{"lineNumber":17,"author":{"gitId":"limleyhooi"},"content":"","lastModifiedDate":"2025-02-28","isFullCredit":false},{"lineNumber":18,"author":{"gitId":"limleyhooi"},"content":"    public void markAsUndone(){","lastModifiedDate":"2025-02-28","isFullCredit":false},{"lineNumber":19,"author":{"gitId":"limleyhooi"},"content":"        this.isDone \u003d false;","lastModifiedDate":"2025-02-28","isFullCredit":false},{"lineNumber":20,"author":{"gitId":"limleyhooi"},"content":"    }","lastModifiedDate":"2025-02-28","isFullCredit":false},{"lineNumber":21,"author":{"gitId":"limleyhooi"},"content":"    @Override","lastModifiedDate":"2025-03-01","isFullCredit":false},{"lineNumber":22,"author":{"gitId":"limleyhooi"},"content":"    public String toString(){","lastModifiedDate":"2025-03-01","isFullCredit":false},{"lineNumber":23,"author":{"gitId":"limleyhooi"},"content":"        return \"[\" + getStatusIcon() +\"] \" + description;","lastModifiedDate":"2025-03-01","isFullCredit":false},{"lineNumber":24,"author":{"gitId":"limleyhooi"},"content":"    }","lastModifiedDate":"2025-03-01","isFullCredit":false},{"lineNumber":25,"author":{"gitId":"limleyhooi"},"content":"}","lastModifiedDate":"2025-02-28","isFullCredit":false}],"authorContributionMap":{"limleyhooi":25}},{"path":"src/main/java/Todo.java","fileType":"java","lines":[{"lineNumber":1,"author":{"gitId":"limleyhooi"},"content":"public class Todo extends Task{","lastModifiedDate":"2025-03-01","isFullCredit":false},{"lineNumber":2,"author":{"gitId":"limleyhooi"},"content":"    public Todo(String description){","lastModifiedDate":"2025-03-01","isFullCredit":false},{"lineNumber":3,"author":{"gitId":"limleyhooi"},"content":"        super(description);","lastModifiedDate":"2025-03-01","isFullCredit":false},{"lineNumber":4,"author":{"gitId":"limleyhooi"},"content":"    }","lastModifiedDate":"2025-03-01","isFullCredit":false},{"lineNumber":5,"author":{"gitId":"limleyhooi"},"content":"    @Override","lastModifiedDate":"2025-03-01","isFullCredit":false},{"lineNumber":6,"author":{"gitId":"limleyhooi"},"content":"    public String toString(){","lastModifiedDate":"2025-03-01","isFullCredit":false},{"lineNumber":7,"author":{"gitId":"limleyhooi"},"content":"        return \"[T]\" + super.toString();","lastModifiedDate":"2025-03-01","isFullCredit":false},{"lineNumber":8,"author":{"gitId":"limleyhooi"},"content":"    }","lastModifiedDate":"2025-03-01","isFullCredit":false},{"lineNumber":9,"author":{"gitId":"limleyhooi"},"content":"}","lastModifiedDate":"2025-03-01","isFullCredit":false}],"authorContributionMap":{"limleyhooi":9}}]
