{"authorDailyContributionsMap":{"felfelyuen":[{"date":"2025-01-31","commitResults":[{"hash":"1b39d1cbd71a30dd999b7dc4e6a6ed2a4495d508","isMergeCommit":false,"messageTitle":"Level-0","messageBody":"","fileTypesAndContributionMap":{"java":{"insertions":21,"deletions":10}}},{"hash":"2d004d3eddfd4344f96bc4dc5c8d44fe1ad3b8f2","isMergeCommit":false,"messageTitle":"Revert \"Level-0\"","messageBody":"This reverts commit 1b39d1cbd71a30dd999b7dc4e6a6ed2a4495d508.\n","fileTypesAndContributionMap":{"java":{"insertions":10,"deletions":21}}},{"hash":"6732c47085ae1407f2bd2b5bf13a3a7c2d6c354e","isMergeCommit":false,"messageTitle":"Changed name of Helper","messageBody":"Changed name from Duke to Harry\nRemoved logo and added other greetings\n","tags":["Level-0"],"fileTypesAndContributionMap":{"java":{"insertions":16,"deletions":10},"bat":{"insertions":1,"deletions":1},"md":{"insertions":3,"deletions":3}}}]},{"date":"2025-02-01","commitResults":[{"hash":"9568591bd4ebf942ae505664a85f9c32bbf30110","isMergeCommit":false,"messageTitle":"Implemented Echo in main","messageBody":"Added Echo function to echo back inputs\nExits when \"bye\" is inputted\n","tags":["Level-1"],"fileTypesAndContributionMap":{"java":{"insertions":23,"deletions":1}}}]},{"date":"2025-02-02","commitResults":[{"hash":"ef41ee7bbe57ac4c57a6b80f0f5047e4f75ad114","isMergeCommit":false,"messageTitle":"Implemented Task and TaskManager","messageBody":"Added Task class for each task\nAdded TaskManager class to edit tasks within array of tasks\nAdded PrintLine class to print a line\n","tags":["Level-2"],"fileTypesAndContributionMap":{"java":{"insertions":56,"deletions":17}}},{"hash":"64426d37063905112f821ecd6c1a37a9a9496821","isMergeCommit":false,"messageTitle":"Added checkboxes and completed? functionality","messageBody":"Added isCompleted to each task\nCheckboxes added to list now\nCan mark or unmark boxes\n","tags":["Level-3"],"fileTypesAndContributionMap":{"java":{"insertions":59,"deletions":6}}}]},{"date":"2025-02-06","commitResults":[{"hash":"9b5ffc487188db071e1e82fe39b6d38701b7d07e","isMergeCommit":false,"messageTitle":"Added Todo, Deadline, and Events","messageBody":"Added the aforementioned types between tasks\nEdited the output messages for customisation\n","fileTypesAndContributionMap":{"java":{"insertions":95,"deletions":12}}}]},{"date":"2025-02-13","commitResults":[{"hash":"b192b0c718550f341eca5e485ea3cfb8c666273f","isMergeCommit":false,"messageTitle":"Added Todo, Deadline, Event classes, and updated code accordingly","messageBody":"Changed previous code to include aforementioned classes for better readability\nReformatted the main Harry code to handle input as an array of words\n","tags":["Level-4"],"fileTypesAndContributionMap":{"java":{"insertions":188,"deletions":117}}}]}]},"authorFileTypeContributionMap":{"felfelyuen":{"java":284,"md":3,"fxml":0,"sh":0,"bat":1,"gradle":0,"txt":0}},"authorContributionVariance":{"felfelyuen":3442.4082},"authorDisplayNameMap":{"felfelyuen":"FELI..N QI"}}
