{"authorDailyContributionsMap":{"adoorknob":[{"date":"2025-01-23","commitResults":[{"hash":"4bd90389666bff72e01cffeab3bfe7fa51b48bc1","isMergeCommit":false,"messageTitle":"change name","messageBody":"","tags":["Level-1","Level-0"],"fileTypesAndContributionMap":{"java":{"insertions":15,"deletions":10}}}]},{"date":"2025-02-01","commitResults":[{"hash":"ad5a4f933317712b5648972997322b67302c6211","isMergeCommit":false,"messageTitle":"Update Duck to echo user input","messageBody":"","tags":["Level-2"],"fileTypesAndContributionMap":{"java":{"insertions":92,"deletions":7}}},{"hash":"3459561501f03dc109a0c16d485581f95700fc6f","isMergeCommit":false,"messageTitle":"Update Duck to list items","messageBody":"","tags":["Level-3","A-CodingStandard"],"fileTypesAndContributionMap":{"java":{"insertions":25,"deletions":1}}},{"hash":"30478a0586726a47aaed3c8ff4d51070404e0994","isMergeCommit":false,"messageTitle":"Create Task class and update Duck class to track task status","messageBody":"","tags":["Level-4","A\u003dCodeQuality","A-Classes"],"fileTypesAndContributionMap":{"java":{"insertions":71,"deletions":4}}}]},{"date":"2025-02-05","commitResults":[{"hash":"0789e3c66c6cc86f1962d51dc4b725c5400d36ff","isMergeCommit":false,"messageTitle":"Create Todo, Deadline and Event inheritance classes","messageBody":"","fileTypesAndContributionMap":{"java":{"insertions":264,"deletions":109}}},{"hash":"36aa90683e40a3fe20ccfd2c9cf7c207335c8e13","isMergeCommit":false,"messageTitle":"Fix Event printTask bug","messageBody":"","fileTypesAndContributionMap":{"java":{"insertions":3,"deletions":2}}}]},{"date":"2025-02-11","commitResults":[{"hash":"f4dbdd42f6e79341a932fc70f2e1a57de58edf43","isMergeCommit":false,"messageTitle":"Refactor Duck for readability and modularity","messageBody":"","fileTypesAndContributionMap":{"java":{"insertions":79,"deletions":60}}},{"hash":"6755e2b5cb1e1f7c296f7a36bcb7238f9dea939b","isMergeCommit":false,"messageTitle":"Create exception classes and update duck to handle user input errors","messageBody":"","tags":["Level-5","A-Exceptions"],"fileTypesAndContributionMap":{"java":{"insertions":36,"deletions":13}}},{"hash":"cddf7fbc116edbefe120bb36e71dec00d7cc010f","isMergeCommit":false,"messageTitle":"Divide classes into packages","messageBody":"","tags":["A-Packages"],"fileTypesAndContributionMap":{"java":{"insertions":26,"deletions":1}}},{"hash":"eb706e806758b902c6636bf5e2612285e86619f1","isMergeCommit":true,"messageTitle":"Merge branch \u0027branch-A-Packages\u0027","messageBody":"","tags":["Level-6"],"fileTypesAndContributionMap":{}}]},{"date":"2025-02-17","commitResults":[{"hash":"36fe732034accaa6c8660eb6caa6f4a0c8b2653b","isMergeCommit":false,"messageTitle":"Update Duck to accept delete command","messageBody":"","tags":["A-Collections"],"fileTypesAndContributionMap":{"java":{"insertions":29,"deletions":10}}}]},{"date":"2025-02-19","commitResults":[{"hash":"6a4b667ed22141947545de43141839ef00688493","isMergeCommit":false,"messageTitle":"Update Duck to write list to duckOutput.txt","messageBody":"","fileTypesAndContributionMap":{"txt":{"insertions":2,"deletions":0},"java":{"insertions":41,"deletions":1}}},{"hash":"8a98103cfc4b2d972927cd012c8ff3e38ccca0b1","isMergeCommit":true,"messageTitle":"Merge branch \u0027branch-Level-6\u0027","messageBody":"","fileTypesAndContributionMap":{}},{"hash":"b9f7982f2cede7737033302aca7a313cda071275","isMergeCommit":true,"messageTitle":"Merge branch \u0027branch-Level-7\u0027","messageBody":"# Conflicts:\n#\tsrc/main/java/duke/Duck.java\n","fileTypesAndContributionMap":{}},{"hash":"972e0fdb792ac961062e18274521b7534e8aa924","isMergeCommit":false,"messageTitle":"Update Duck to read from previous file output","messageBody":"","fileTypesAndContributionMap":{"txt":{"insertions":1,"deletions":2},"java":{"insertions":83,"deletions":8}}}]},{"date":"2025-02-21","commitResults":[{"hash":"efdf6b34c42b21569ac2e884c05027599aa864ef","isMergeCommit":false,"messageTitle":"Update Duck to talk like a duck","messageBody":"","fileTypesAndContributionMap":{"txt":{"insertions":4,"deletions":1},"java":{"insertions":40,"deletions":50}}}]}]},"authorFileTypeContributionMap":{"adoorknob":{"java":539,"md":0,"fxml":0,"sh":0,"bat":0,"gradle":0,"txt":4}},"authorContributionVariance":{"adoorknob":5388.2266},"authorDisplayNameMap":{"adoorknob":"QUAN.. WAI"}}
