[{"path":"src/main/java/Deadline.java","fileType":"java","lines":[{"lineNumber":1,"author":{"gitId":"HalFentise"},"content":"public class Deadline extends Task{","lastModifiedDate":"2025-02-03","isFullCredit":false},{"lineNumber":2,"author":{"gitId":"HalFentise"},"content":"    private String deadline;","lastModifiedDate":"2025-02-03","isFullCredit":false},{"lineNumber":3,"author":{"gitId":"HalFentise"},"content":"","lastModifiedDate":"2025-02-03","isFullCredit":false},{"lineNumber":4,"author":{"gitId":"HalFentise"},"content":"    Deadline(String taskName,String deadline) {","lastModifiedDate":"2025-02-03","isFullCredit":false},{"lineNumber":5,"author":{"gitId":"HalFentise"},"content":"        super(taskName);","lastModifiedDate":"2025-02-03","isFullCredit":false},{"lineNumber":6,"author":{"gitId":"HalFentise"},"content":"        this.deadline \u003d deadline;","lastModifiedDate":"2025-02-03","isFullCredit":false},{"lineNumber":7,"author":{"gitId":"HalFentise"},"content":"    }","lastModifiedDate":"2025-02-03","isFullCredit":false},{"lineNumber":8,"author":{"gitId":"HalFentise"},"content":"","lastModifiedDate":"2025-02-03","isFullCredit":false},{"lineNumber":9,"author":{"gitId":"HalFentise"},"content":"    public String toString() {","lastModifiedDate":"2025-02-03","isFullCredit":false},{"lineNumber":10,"author":{"gitId":"HalFentise"},"content":"        String state \u003d isDone ? \"[X]\" : \"[ ]\";","lastModifiedDate":"2025-02-03","isFullCredit":false},{"lineNumber":11,"author":{"gitId":"HalFentise"},"content":"        return \"[D]\" + state + \" \" + taskName + \" (by:\" + deadline + \" )\";","lastModifiedDate":"2025-02-03","isFullCredit":false},{"lineNumber":12,"author":{"gitId":"HalFentise"},"content":"    }","lastModifiedDate":"2025-02-03","isFullCredit":false},{"lineNumber":13,"author":{"gitId":"HalFentise"},"content":"}","lastModifiedDate":"2025-02-03","isFullCredit":false}],"authorContributionMap":{"HalFentise":13}},{"path":"src/main/java/Event.java","fileType":"java","lines":[{"lineNumber":1,"author":{"gitId":"HalFentise"},"content":"public class Event extends Task{","lastModifiedDate":"2025-02-03","isFullCredit":false},{"lineNumber":2,"author":{"gitId":"HalFentise"},"content":"    private String startTime;","lastModifiedDate":"2025-02-04","isFullCredit":false},{"lineNumber":3,"author":{"gitId":"HalFentise"},"content":"    private String endTime;","lastModifiedDate":"2025-02-04","isFullCredit":false},{"lineNumber":4,"author":{"gitId":"HalFentise"},"content":"","lastModifiedDate":"2025-02-04","isFullCredit":false},{"lineNumber":5,"author":{"gitId":"HalFentise"},"content":"    Event(String taskName,String startTime,String endTime) {","lastModifiedDate":"2025-02-04","isFullCredit":false},{"lineNumber":6,"author":{"gitId":"HalFentise"},"content":"        super(taskName);","lastModifiedDate":"2025-02-03","isFullCredit":false},{"lineNumber":7,"author":{"gitId":"HalFentise"},"content":"        this.startTime \u003d startTime;","lastModifiedDate":"2025-02-04","isFullCredit":false},{"lineNumber":8,"author":{"gitId":"HalFentise"},"content":"        this.endTime \u003d endTime;","lastModifiedDate":"2025-02-04","isFullCredit":false},{"lineNumber":9,"author":{"gitId":"HalFentise"},"content":"    }","lastModifiedDate":"2025-02-03","isFullCredit":false},{"lineNumber":10,"author":{"gitId":"HalFentise"},"content":"","lastModifiedDate":"2025-02-03","isFullCredit":false},{"lineNumber":11,"author":{"gitId":"HalFentise"},"content":"    public String toString() {","lastModifiedDate":"2025-02-03","isFullCredit":false},{"lineNumber":12,"author":{"gitId":"HalFentise"},"content":"        String state \u003d isDone ? \"[X]\" : \"[ ]\";","lastModifiedDate":"2025-02-03","isFullCredit":false},{"lineNumber":13,"author":{"gitId":"HalFentise"},"content":"        String time \u003d \"(from: \" + this.startTime + \" to: \" + this.endTime + \")\";","lastModifiedDate":"2025-02-04","isFullCredit":false},{"lineNumber":14,"author":{"gitId":"HalFentise"},"content":"        return \"[E]\" + state + \" \" + taskName + \" \" + time;","lastModifiedDate":"2025-02-04","isFullCredit":false},{"lineNumber":15,"author":{"gitId":"HalFentise"},"content":"    }","lastModifiedDate":"2025-02-03","isFullCredit":false},{"lineNumber":16,"author":{"gitId":"HalFentise"},"content":"}","lastModifiedDate":"2025-02-03","isFullCredit":false}],"authorContributionMap":{"HalFentise":16}},{"path":"src/main/java/HaHaHa.java","fileType":"java","lines":[{"lineNumber":1,"author":{"gitId":"HalFentise"},"content":"import java.util.Scanner;","lastModifiedDate":"2025-01-31","isFullCredit":false},{"lineNumber":2,"author":{"gitId":"HalFentise"},"content":"","lastModifiedDate":"2025-01-31","isFullCredit":false},{"lineNumber":3,"author":{"gitId":"HalFentise"},"content":"public class HaHaHa {","lastModifiedDate":"2025-02-04","isFullCredit":false},{"lineNumber":4,"author":{"gitId":"HalFentise"},"content":"","lastModifiedDate":"2025-01-31","isFullCredit":false},{"lineNumber":5,"author":{"gitId":"-"},"content":"    public static void main(String[] args) {","lastModifiedDate":"2019-07-29","isFullCredit":false},{"lineNumber":6,"author":{"gitId":"HalFentise"},"content":"        Scanner scanner \u003d new Scanner(System.in);","lastModifiedDate":"2025-01-31","isFullCredit":false},{"lineNumber":7,"author":{"gitId":"HalFentise"},"content":"        String command;","lastModifiedDate":"2025-01-31","isFullCredit":false},{"lineNumber":8,"author":{"gitId":"HalFentise"},"content":"        TaskManager tasklist \u003d new TaskManager();","lastModifiedDate":"2025-02-04","isFullCredit":false},{"lineNumber":9,"author":{"gitId":"HalFentise"},"content":"","lastModifiedDate":"2025-02-03","isFullCredit":false},{"lineNumber":10,"author":{"gitId":"HalFentise"},"content":"        //greeting","lastModifiedDate":"2025-01-31","isFullCredit":false},{"lineNumber":11,"author":{"gitId":"HalFentise"},"content":"        Special.greeting();","lastModifiedDate":"2025-02-03","isFullCredit":false},{"lineNumber":12,"author":{"gitId":"HalFentise"},"content":"","lastModifiedDate":"2025-01-31","isFullCredit":false},{"lineNumber":13,"author":{"gitId":"HalFentise"},"content":"        //main loop","lastModifiedDate":"2025-01-31","isFullCredit":false},{"lineNumber":14,"author":{"gitId":"HalFentise"},"content":"        while(true) {","lastModifiedDate":"2025-01-31","isFullCredit":false},{"lineNumber":15,"author":{"gitId":"HalFentise"},"content":"            command \u003d scanner.nextLine();","lastModifiedDate":"2025-01-31","isFullCredit":false},{"lineNumber":16,"author":{"gitId":"HalFentise"},"content":"","lastModifiedDate":"2025-02-03","isFullCredit":false},{"lineNumber":17,"author":{"gitId":"HalFentise"},"content":"            //bye","lastModifiedDate":"2025-02-03","isFullCredit":false},{"lineNumber":18,"author":{"gitId":"HalFentise"},"content":"            if (command.equals(\"bye\")) {","lastModifiedDate":"2025-02-02","isFullCredit":false},{"lineNumber":19,"author":{"gitId":"HalFentise"},"content":"                Special.bye();","lastModifiedDate":"2025-02-03","isFullCredit":false},{"lineNumber":20,"author":{"gitId":"HalFentise"},"content":"                return;","lastModifiedDate":"2025-01-31","isFullCredit":false},{"lineNumber":21,"author":{"gitId":"HalFentise"},"content":"            }","lastModifiedDate":"2025-01-31","isFullCredit":false},{"lineNumber":22,"author":{"gitId":"HalFentise"},"content":"","lastModifiedDate":"2025-02-03","isFullCredit":false},{"lineNumber":23,"author":{"gitId":"HalFentise"},"content":"            //detect command","lastModifiedDate":"2025-02-03","isFullCredit":false},{"lineNumber":24,"author":{"gitId":"HalFentise"},"content":"            if (command.equals(\"list\")) {","lastModifiedDate":"2025-02-03","isFullCredit":false},{"lineNumber":25,"author":{"gitId":"HalFentise"},"content":"                tasklist.list();","lastModifiedDate":"2025-02-03","isFullCredit":false},{"lineNumber":26,"author":{"gitId":"HalFentise"},"content":"                continue;","lastModifiedDate":"2025-02-03","isFullCredit":false},{"lineNumber":27,"author":{"gitId":"HalFentise"},"content":"            }","lastModifiedDate":"2025-02-03","isFullCredit":false},{"lineNumber":28,"author":{"gitId":"HalFentise"},"content":"            if (command.startsWith(\"mark\")) {","lastModifiedDate":"2025-02-03","isFullCredit":false},{"lineNumber":29,"author":{"gitId":"HalFentise"},"content":"                String[] parts \u003d command.split(\"\\\\s+\");","lastModifiedDate":"2025-02-03","isFullCredit":false},{"lineNumber":30,"author":{"gitId":"HalFentise"},"content":"                int index \u003d Integer.parseInt(parts[parts.length - 1]);","lastModifiedDate":"2025-02-03","isFullCredit":false},{"lineNumber":31,"author":{"gitId":"HalFentise"},"content":"                tasklist.mark(index);","lastModifiedDate":"2025-02-03","isFullCredit":false},{"lineNumber":32,"author":{"gitId":"HalFentise"},"content":"                continue;","lastModifiedDate":"2025-02-03","isFullCredit":false},{"lineNumber":33,"author":{"gitId":"HalFentise"},"content":"            }","lastModifiedDate":"2025-02-03","isFullCredit":false},{"lineNumber":34,"author":{"gitId":"HalFentise"},"content":"            if (command.startsWith(\"unmark\")) {","lastModifiedDate":"2025-02-03","isFullCredit":false},{"lineNumber":35,"author":{"gitId":"HalFentise"},"content":"                String[] parts \u003d command.split(\"\\\\s+\");","lastModifiedDate":"2025-02-03","isFullCredit":false},{"lineNumber":36,"author":{"gitId":"HalFentise"},"content":"                int index \u003d Integer.parseInt(parts[parts.length - 1]);","lastModifiedDate":"2025-02-03","isFullCredit":false},{"lineNumber":37,"author":{"gitId":"HalFentise"},"content":"                tasklist.unmark(index);","lastModifiedDate":"2025-02-03","isFullCredit":false},{"lineNumber":38,"author":{"gitId":"HalFentise"},"content":"                continue;","lastModifiedDate":"2025-02-03","isFullCredit":false},{"lineNumber":39,"author":{"gitId":"HalFentise"},"content":"            }","lastModifiedDate":"2025-02-03","isFullCredit":false},{"lineNumber":40,"author":{"gitId":"HalFentise"},"content":"            tasklist.add(command);","lastModifiedDate":"2025-02-02","isFullCredit":false},{"lineNumber":41,"author":{"gitId":"HalFentise"},"content":"        }","lastModifiedDate":"2025-01-31","isFullCredit":false},{"lineNumber":42,"author":{"gitId":"-"},"content":"    }","lastModifiedDate":"2019-07-29","isFullCredit":false},{"lineNumber":43,"author":{"gitId":"-"},"content":"}","lastModifiedDate":"2019-07-29","isFullCredit":false}],"authorContributionMap":{"-":3,"HalFentise":40}},{"path":"src/main/java/InformationError.java","fileType":"java","lines":[{"lineNumber":1,"author":{"gitId":"HalFentise"},"content":"public class InformationError extends TaskException {","lastModifiedDate":"2025-02-11","isFullCredit":false},{"lineNumber":2,"author":{"gitId":"HalFentise"},"content":"    public InformationError(String message) {","lastModifiedDate":"2025-02-11","isFullCredit":false},{"lineNumber":3,"author":{"gitId":"HalFentise"},"content":"        super(message);","lastModifiedDate":"2025-02-11","isFullCredit":false},{"lineNumber":4,"author":{"gitId":"HalFentise"},"content":"    }","lastModifiedDate":"2025-02-11","isFullCredit":false},{"lineNumber":5,"author":{"gitId":"HalFentise"},"content":"}","lastModifiedDate":"2025-02-11","isFullCredit":false}],"authorContributionMap":{"HalFentise":5}},{"path":"src/main/java/Special.java","fileType":"java","lines":[{"lineNumber":1,"author":{"gitId":"HalFentise"},"content":"public class Special {","lastModifiedDate":"2025-02-03","isFullCredit":false},{"lineNumber":2,"author":{"gitId":"HalFentise"},"content":"    static void greeting() {","lastModifiedDate":"2025-01-31","isFullCredit":false},{"lineNumber":3,"author":{"gitId":"HalFentise"},"content":"        System.out.println(\"--------------------------------\");","lastModifiedDate":"2025-01-31","isFullCredit":false},{"lineNumber":4,"author":{"gitId":"HalFentise"},"content":"        System.out.println(\"Hello, I am HaHaHa!\\nWhat can I do for you?\");","lastModifiedDate":"2025-02-04","isFullCredit":false},{"lineNumber":5,"author":{"gitId":"HalFentise"},"content":"        System.out.println(\"--------------------------------\");","lastModifiedDate":"2025-01-31","isFullCredit":false},{"lineNumber":6,"author":{"gitId":"HalFentise"},"content":"    }","lastModifiedDate":"2025-01-31","isFullCredit":false},{"lineNumber":7,"author":{"gitId":"HalFentise"},"content":"","lastModifiedDate":"2025-01-31","isFullCredit":false},{"lineNumber":8,"author":{"gitId":"HalFentise"},"content":"    static void bye() {","lastModifiedDate":"2025-02-02","isFullCredit":false},{"lineNumber":9,"author":{"gitId":"HalFentise"},"content":"        System.out.println(\"Bye, see you next time!\");","lastModifiedDate":"2025-02-02","isFullCredit":false},{"lineNumber":10,"author":{"gitId":"HalFentise"},"content":"        System.out.println(\"--------------------------------\");","lastModifiedDate":"2025-02-02","isFullCredit":false},{"lineNumber":11,"author":{"gitId":"HalFentise"},"content":"    }","lastModifiedDate":"2025-02-02","isFullCredit":false},{"lineNumber":12,"author":{"gitId":"HalFentise"},"content":"}","lastModifiedDate":"2025-01-31","isFullCredit":false}],"authorContributionMap":{"HalFentise":12}},{"path":"src/main/java/Task.java","fileType":"java","lines":[{"lineNumber":1,"author":{"gitId":"HalFentise"},"content":"public class Task {","lastModifiedDate":"2025-02-02","isFullCredit":false},{"lineNumber":2,"author":{"gitId":"HalFentise"},"content":"    protected String taskName;","lastModifiedDate":"2025-02-03","isFullCredit":false},{"lineNumber":3,"author":{"gitId":"HalFentise"},"content":"    protected boolean isDone;","lastModifiedDate":"2025-02-03","isFullCredit":false},{"lineNumber":4,"author":{"gitId":"HalFentise"},"content":"","lastModifiedDate":"2025-02-02","isFullCredit":false},{"lineNumber":5,"author":{"gitId":"HalFentise"},"content":"    Task(String taskName) {","lastModifiedDate":"2025-02-02","isFullCredit":false},{"lineNumber":6,"author":{"gitId":"HalFentise"},"content":"        this.taskName \u003d taskName;","lastModifiedDate":"2025-02-02","isFullCredit":false},{"lineNumber":7,"author":{"gitId":"HalFentise"},"content":"        isDone \u003d false;","lastModifiedDate":"2025-02-02","isFullCredit":false},{"lineNumber":8,"author":{"gitId":"HalFentise"},"content":"    }","lastModifiedDate":"2025-02-02","isFullCredit":false},{"lineNumber":9,"author":{"gitId":"HalFentise"},"content":"","lastModifiedDate":"2025-02-02","isFullCredit":false},{"lineNumber":10,"author":{"gitId":"HalFentise"},"content":"    public String toString() {","lastModifiedDate":"2025-02-02","isFullCredit":false},{"lineNumber":11,"author":{"gitId":"HalFentise"},"content":"        String state \u003d isDone ? \"[X]\" : \"[ ]\";","lastModifiedDate":"2025-02-02","isFullCredit":false},{"lineNumber":12,"author":{"gitId":"HalFentise"},"content":"        return state + \" \" + taskName;","lastModifiedDate":"2025-02-02","isFullCredit":false},{"lineNumber":13,"author":{"gitId":"HalFentise"},"content":"    }","lastModifiedDate":"2025-02-02","isFullCredit":false},{"lineNumber":14,"author":{"gitId":"HalFentise"},"content":"","lastModifiedDate":"2025-02-02","isFullCredit":false},{"lineNumber":15,"author":{"gitId":"HalFentise"},"content":"    public void mark() {","lastModifiedDate":"2025-02-02","isFullCredit":false},{"lineNumber":16,"author":{"gitId":"HalFentise"},"content":"        isDone \u003d true;","lastModifiedDate":"2025-02-02","isFullCredit":false},{"lineNumber":17,"author":{"gitId":"HalFentise"},"content":"    }","lastModifiedDate":"2025-02-02","isFullCredit":false},{"lineNumber":18,"author":{"gitId":"HalFentise"},"content":"","lastModifiedDate":"2025-02-02","isFullCredit":false},{"lineNumber":19,"author":{"gitId":"HalFentise"},"content":"    public void unmark() {","lastModifiedDate":"2025-02-02","isFullCredit":false},{"lineNumber":20,"author":{"gitId":"HalFentise"},"content":"        isDone \u003d false;","lastModifiedDate":"2025-02-02","isFullCredit":false},{"lineNumber":21,"author":{"gitId":"HalFentise"},"content":"    }","lastModifiedDate":"2025-02-02","isFullCredit":false},{"lineNumber":22,"author":{"gitId":"HalFentise"},"content":"","lastModifiedDate":"2025-02-02","isFullCredit":false},{"lineNumber":23,"author":{"gitId":"HalFentise"},"content":"    boolean isSame(String taskName) {","lastModifiedDate":"2025-02-02","isFullCredit":false},{"lineNumber":24,"author":{"gitId":"HalFentise"},"content":"        if (this.taskName.equals(taskName)) {","lastModifiedDate":"2025-02-02","isFullCredit":false},{"lineNumber":25,"author":{"gitId":"HalFentise"},"content":"            return true;","lastModifiedDate":"2025-02-02","isFullCredit":false},{"lineNumber":26,"author":{"gitId":"HalFentise"},"content":"        }","lastModifiedDate":"2025-02-02","isFullCredit":false},{"lineNumber":27,"author":{"gitId":"HalFentise"},"content":"        return false;","lastModifiedDate":"2025-02-02","isFullCredit":false},{"lineNumber":28,"author":{"gitId":"HalFentise"},"content":"    }","lastModifiedDate":"2025-02-02","isFullCredit":false},{"lineNumber":29,"author":{"gitId":"HalFentise"},"content":"","lastModifiedDate":"2025-02-03","isFullCredit":false},{"lineNumber":30,"author":{"gitId":"HalFentise"},"content":"    String getTaskName() {","lastModifiedDate":"2025-02-03","isFullCredit":false},{"lineNumber":31,"author":{"gitId":"HalFentise"},"content":"        return taskName;","lastModifiedDate":"2025-02-03","isFullCredit":false},{"lineNumber":32,"author":{"gitId":"HalFentise"},"content":"    }","lastModifiedDate":"2025-02-03","isFullCredit":false},{"lineNumber":33,"author":{"gitId":"HalFentise"},"content":"}","lastModifiedDate":"2025-02-02","isFullCredit":false}],"authorContributionMap":{"HalFentise":33}},{"path":"src/main/java/TaskException.java","fileType":"java","lines":[{"lineNumber":1,"author":{"gitId":"HalFentise"},"content":"public class TaskException extends Exception{","lastModifiedDate":"2025-02-11","isFullCredit":false},{"lineNumber":2,"author":{"gitId":"HalFentise"},"content":"    public TaskException(String message) {","lastModifiedDate":"2025-02-11","isFullCredit":false},{"lineNumber":3,"author":{"gitId":"HalFentise"},"content":"        super(message);","lastModifiedDate":"2025-02-11","isFullCredit":false},{"lineNumber":4,"author":{"gitId":"HalFentise"},"content":"    }","lastModifiedDate":"2025-02-11","isFullCredit":false},{"lineNumber":5,"author":{"gitId":"HalFentise"},"content":"}","lastModifiedDate":"2025-02-11","isFullCredit":false}],"authorContributionMap":{"HalFentise":5}},{"path":"src/main/java/TaskManager.java","fileType":"java","lines":[{"lineNumber":1,"author":{"gitId":"HalFentise"},"content":"import java.util.Arrays;","lastModifiedDate":"2025-02-02","isFullCredit":false},{"lineNumber":2,"author":{"gitId":"HalFentise"},"content":"","lastModifiedDate":"2025-02-02","isFullCredit":false},{"lineNumber":3,"author":{"gitId":"HalFentise"},"content":"public class TaskManager {","lastModifiedDate":"2025-02-04","isFullCredit":false},{"lineNumber":4,"author":{"gitId":"HalFentise"},"content":"    private Task[] taskList \u003d new Task[0];","lastModifiedDate":"2025-02-02","isFullCredit":false},{"lineNumber":5,"author":{"gitId":"HalFentise"},"content":"","lastModifiedDate":"2025-02-02","isFullCredit":false},{"lineNumber":6,"author":{"gitId":"HalFentise"},"content":"    public void add(String taskString) {","lastModifiedDate":"2025-02-03","isFullCredit":false},{"lineNumber":7,"author":{"gitId":"HalFentise"},"content":"        Task task \u003d null;","lastModifiedDate":"2025-02-11","isFullCredit":false},{"lineNumber":8,"author":{"gitId":"HalFentise"},"content":"","lastModifiedDate":"2025-02-03","isFullCredit":false},{"lineNumber":9,"author":{"gitId":"HalFentise"},"content":"        String[] parts \u003d taskString.split(\"\\\\s+\",2);","lastModifiedDate":"2025-02-03","isFullCredit":false},{"lineNumber":10,"author":{"gitId":"HalFentise"},"content":"        String type \u003d parts[0];","lastModifiedDate":"2025-02-03","isFullCredit":false},{"lineNumber":11,"author":{"gitId":"HalFentise"},"content":"","lastModifiedDate":"2025-02-11","isFullCredit":false},{"lineNumber":12,"author":{"gitId":"HalFentise"},"content":"        try {","lastModifiedDate":"2025-02-11","isFullCredit":false},{"lineNumber":13,"author":{"gitId":"HalFentise"},"content":"            if (type.equals(\"todo\")) {","lastModifiedDate":"2025-02-03","isFullCredit":false},{"lineNumber":14,"author":{"gitId":"HalFentise"},"content":"                if (parts.length \u003c 2) {","lastModifiedDate":"2025-02-11","isFullCredit":false},{"lineNumber":15,"author":{"gitId":"HalFentise"},"content":"                    throw new InformationError(\"The description of Todo task cannot be empty, can you add it later?\");","lastModifiedDate":"2025-02-11","isFullCredit":false},{"lineNumber":16,"author":{"gitId":"HalFentise"},"content":"                }","lastModifiedDate":"2025-02-11","isFullCredit":false},{"lineNumber":17,"author":{"gitId":"HalFentise"},"content":"                String name \u003d parts[1];","lastModifiedDate":"2025-02-03","isFullCredit":false},{"lineNumber":18,"author":{"gitId":"HalFentise"},"content":"                task \u003d new Todo(name);","lastModifiedDate":"2025-02-03","isFullCredit":false},{"lineNumber":19,"author":{"gitId":"HalFentise"},"content":"            } else if (type.equals(\"deadline\")) {","lastModifiedDate":"2025-02-03","isFullCredit":false},{"lineNumber":20,"author":{"gitId":"HalFentise"},"content":"                String deadline \u003d parts[1];","lastModifiedDate":"2025-02-03","isFullCredit":false},{"lineNumber":21,"author":{"gitId":"HalFentise"},"content":"                String name \u003d deadline.split(\" /by \")[0];","lastModifiedDate":"2025-02-03","isFullCredit":false},{"lineNumber":22,"author":{"gitId":"HalFentise"},"content":"                String time \u003d deadline.split(\" /by \")[1];","lastModifiedDate":"2025-02-03","isFullCredit":false},{"lineNumber":23,"author":{"gitId":"HalFentise"},"content":"                task \u003d new Deadline(name, time);","lastModifiedDate":"2025-02-03","isFullCredit":false},{"lineNumber":24,"author":{"gitId":"HalFentise"},"content":"            } else if (type.equals(\"event\")) {","lastModifiedDate":"2025-02-04","isFullCredit":false},{"lineNumber":25,"author":{"gitId":"HalFentise"},"content":"                String event \u003d parts[1];","lastModifiedDate":"2025-02-04","isFullCredit":false},{"lineNumber":26,"author":{"gitId":"HalFentise"},"content":"                String name \u003d event.split(\" /from \")[0];","lastModifiedDate":"2025-02-04","isFullCredit":false},{"lineNumber":27,"author":{"gitId":"HalFentise"},"content":"                String time \u003d event.split(\" /from \",2)[1];","lastModifiedDate":"2025-02-04","isFullCredit":false},{"lineNumber":28,"author":{"gitId":"HalFentise"},"content":"                String startTime \u003d time.split(\" /to \")[0];","lastModifiedDate":"2025-02-04","isFullCredit":false},{"lineNumber":29,"author":{"gitId":"HalFentise"},"content":"                String endTime \u003d time.split(\" /to \",2)[1];","lastModifiedDate":"2025-02-04","isFullCredit":false},{"lineNumber":30,"author":{"gitId":"HalFentise"},"content":"                task \u003d new Event(name, startTime, endTime);","lastModifiedDate":"2025-02-04","isFullCredit":false},{"lineNumber":31,"author":{"gitId":"HalFentise"},"content":"            } else {","lastModifiedDate":"2025-02-03","isFullCredit":false},{"lineNumber":32,"author":{"gitId":"HalFentise"},"content":"                throw new UnSupportCommandException(\"Sorry, I don\u0027t know what is this mean (T⌓T)\");","lastModifiedDate":"2025-02-11","isFullCredit":false},{"lineNumber":33,"author":{"gitId":"HalFentise"},"content":"            }","lastModifiedDate":"2025-02-11","isFullCredit":false},{"lineNumber":34,"author":{"gitId":"HalFentise"},"content":"        } catch (TaskException e) {","lastModifiedDate":"2025-02-11","isFullCredit":false},{"lineNumber":35,"author":{"gitId":"HalFentise"},"content":"                System.out.println(e.getMessage());","lastModifiedDate":"2025-02-11","isFullCredit":false},{"lineNumber":36,"author":{"gitId":"HalFentise"},"content":"                System.out.println(\"--------------------------------\");","lastModifiedDate":"2025-02-03","isFullCredit":false},{"lineNumber":37,"author":{"gitId":"HalFentise"},"content":"                return;","lastModifiedDate":"2025-02-03","isFullCredit":false},{"lineNumber":38,"author":{"gitId":"HalFentise"},"content":"        }","lastModifiedDate":"2025-02-03","isFullCredit":false},{"lineNumber":39,"author":{"gitId":"HalFentise"},"content":"","lastModifiedDate":"2025-02-03","isFullCredit":false},{"lineNumber":40,"author":{"gitId":"HalFentise"},"content":"        //add to list","lastModifiedDate":"2025-02-03","isFullCredit":false},{"lineNumber":41,"author":{"gitId":"HalFentise"},"content":"        taskList \u003d Arrays.copyOf(taskList,taskList.length + 1);","lastModifiedDate":"2025-02-02","isFullCredit":false},{"lineNumber":42,"author":{"gitId":"HalFentise"},"content":"        taskList[taskList.length-1] \u003d task;","lastModifiedDate":"2025-02-02","isFullCredit":false},{"lineNumber":43,"author":{"gitId":"HalFentise"},"content":"        System.out.println(\"added: \" + task.getTaskName());","lastModifiedDate":"2025-02-03","isFullCredit":false},{"lineNumber":44,"author":{"gitId":"HalFentise"},"content":"        System.out.println(\"Now you have \" + taskList.length + \" in the list.\");","lastModifiedDate":"2025-02-03","isFullCredit":false},{"lineNumber":45,"author":{"gitId":"HalFentise"},"content":"        System.out.println(\"--------------------------------\");","lastModifiedDate":"2025-02-02","isFullCredit":false},{"lineNumber":46,"author":{"gitId":"HalFentise"},"content":"    }","lastModifiedDate":"2025-02-02","isFullCredit":false},{"lineNumber":47,"author":{"gitId":"HalFentise"},"content":"","lastModifiedDate":"2025-02-02","isFullCredit":false},{"lineNumber":48,"author":{"gitId":"HalFentise"},"content":"    public void list() {","lastModifiedDate":"2025-02-02","isFullCredit":false},{"lineNumber":49,"author":{"gitId":"HalFentise"},"content":"        if (taskList.length \u003d\u003d 0) {","lastModifiedDate":"2025-02-03","isFullCredit":false},{"lineNumber":50,"author":{"gitId":"HalFentise"},"content":"            System.out.println(\"No task in the list, go and add something!\");","lastModifiedDate":"2025-02-03","isFullCredit":false},{"lineNumber":51,"author":{"gitId":"HalFentise"},"content":"            System.out.println(\"--------------------------------\");","lastModifiedDate":"2025-02-03","isFullCredit":false},{"lineNumber":52,"author":{"gitId":"HalFentise"},"content":"            return;","lastModifiedDate":"2025-02-03","isFullCredit":false},{"lineNumber":53,"author":{"gitId":"HalFentise"},"content":"        }","lastModifiedDate":"2025-02-03","isFullCredit":false},{"lineNumber":54,"author":{"gitId":"HalFentise"},"content":"        System.out.println(\"[X] means done, you can check your work here.\");","lastModifiedDate":"2025-02-03","isFullCredit":false},{"lineNumber":55,"author":{"gitId":"HalFentise"},"content":"        for (int i \u003d 0; i \u003c taskList.length; i++) {","lastModifiedDate":"2025-02-02","isFullCredit":false},{"lineNumber":56,"author":{"gitId":"HalFentise"},"content":"            System.out.printf(\"%d. \" + taskList[i] + \"\\n\",i + 1);","lastModifiedDate":"2025-02-02","isFullCredit":false},{"lineNumber":57,"author":{"gitId":"HalFentise"},"content":"        }","lastModifiedDate":"2025-02-02","isFullCredit":false},{"lineNumber":58,"author":{"gitId":"HalFentise"},"content":"        System.out.println(\"--------------------------------\");","lastModifiedDate":"2025-02-02","isFullCredit":false},{"lineNumber":59,"author":{"gitId":"HalFentise"},"content":"    }","lastModifiedDate":"2025-02-02","isFullCredit":false},{"lineNumber":60,"author":{"gitId":"HalFentise"},"content":"","lastModifiedDate":"2025-02-02","isFullCredit":false},{"lineNumber":61,"author":{"gitId":"HalFentise"},"content":"    Task search(String taskName) {","lastModifiedDate":"2025-02-02","isFullCredit":false},{"lineNumber":62,"author":{"gitId":"HalFentise"},"content":"        for (Task tasks : taskList) {","lastModifiedDate":"2025-02-02","isFullCredit":false},{"lineNumber":63,"author":{"gitId":"HalFentise"},"content":"            if (tasks.isSame(taskName)) {","lastModifiedDate":"2025-02-02","isFullCredit":false},{"lineNumber":64,"author":{"gitId":"HalFentise"},"content":"                return tasks;","lastModifiedDate":"2025-02-02","isFullCredit":false},{"lineNumber":65,"author":{"gitId":"HalFentise"},"content":"            }","lastModifiedDate":"2025-02-02","isFullCredit":false},{"lineNumber":66,"author":{"gitId":"HalFentise"},"content":"        }","lastModifiedDate":"2025-02-02","isFullCredit":false},{"lineNumber":67,"author":{"gitId":"HalFentise"},"content":"        return null;","lastModifiedDate":"2025-02-02","isFullCredit":false},{"lineNumber":68,"author":{"gitId":"HalFentise"},"content":"    }","lastModifiedDate":"2025-02-02","isFullCredit":false},{"lineNumber":69,"author":{"gitId":"HalFentise"},"content":"","lastModifiedDate":"2025-02-03","isFullCredit":false},{"lineNumber":70,"author":{"gitId":"HalFentise"},"content":"    void mark(int index) {","lastModifiedDate":"2025-02-03","isFullCredit":false},{"lineNumber":71,"author":{"gitId":"HalFentise"},"content":"        if (index \u003e taskList.length || index \u003c 0) {","lastModifiedDate":"2025-02-03","isFullCredit":false},{"lineNumber":72,"author":{"gitId":"HalFentise"},"content":"            System.out.println(\"index is out of range :(\");","lastModifiedDate":"2025-02-03","isFullCredit":false},{"lineNumber":73,"author":{"gitId":"HalFentise"},"content":"            System.out.println(\"--------------------------------\");","lastModifiedDate":"2025-02-03","isFullCredit":false},{"lineNumber":74,"author":{"gitId":"HalFentise"},"content":"            return;","lastModifiedDate":"2025-02-03","isFullCredit":false},{"lineNumber":75,"author":{"gitId":"HalFentise"},"content":"        }","lastModifiedDate":"2025-02-03","isFullCredit":false},{"lineNumber":76,"author":{"gitId":"HalFentise"},"content":"        Task task \u003d taskList[index - 1];","lastModifiedDate":"2025-02-03","isFullCredit":false},{"lineNumber":77,"author":{"gitId":"HalFentise"},"content":"        if (task \u003d\u003d null) {","lastModifiedDate":"2025-02-03","isFullCredit":false},{"lineNumber":78,"author":{"gitId":"HalFentise"},"content":"            System.out.println(\"task not found\");","lastModifiedDate":"2025-02-03","isFullCredit":false},{"lineNumber":79,"author":{"gitId":"HalFentise"},"content":"        }","lastModifiedDate":"2025-02-03","isFullCredit":false},{"lineNumber":80,"author":{"gitId":"HalFentise"},"content":"        else {","lastModifiedDate":"2025-02-03","isFullCredit":false},{"lineNumber":81,"author":{"gitId":"HalFentise"},"content":"            task.mark();","lastModifiedDate":"2025-02-03","isFullCredit":false},{"lineNumber":82,"author":{"gitId":"HalFentise"},"content":"            System.out.println(\"Great! This task has been marked done!\");","lastModifiedDate":"2025-02-03","isFullCredit":false},{"lineNumber":83,"author":{"gitId":"HalFentise"},"content":"            System.out.println(index + \". \" + task);","lastModifiedDate":"2025-02-03","isFullCredit":false},{"lineNumber":84,"author":{"gitId":"HalFentise"},"content":"            System.out.println(\"--------------------------------\");","lastModifiedDate":"2025-02-03","isFullCredit":false},{"lineNumber":85,"author":{"gitId":"HalFentise"},"content":"        }","lastModifiedDate":"2025-02-03","isFullCredit":false},{"lineNumber":86,"author":{"gitId":"HalFentise"},"content":"    }","lastModifiedDate":"2025-02-03","isFullCredit":false},{"lineNumber":87,"author":{"gitId":"HalFentise"},"content":"","lastModifiedDate":"2025-02-03","isFullCredit":false},{"lineNumber":88,"author":{"gitId":"HalFentise"},"content":"    void unmark(int index) {","lastModifiedDate":"2025-02-03","isFullCredit":false},{"lineNumber":89,"author":{"gitId":"HalFentise"},"content":"        if (index \u003e taskList.length || index \u003c 0) {","lastModifiedDate":"2025-02-03","isFullCredit":false},{"lineNumber":90,"author":{"gitId":"HalFentise"},"content":"            System.out.println(\"index is out of range :(\");","lastModifiedDate":"2025-02-03","isFullCredit":false},{"lineNumber":91,"author":{"gitId":"HalFentise"},"content":"            System.out.println(\"--------------------------------\");","lastModifiedDate":"2025-02-03","isFullCredit":false},{"lineNumber":92,"author":{"gitId":"HalFentise"},"content":"            return;","lastModifiedDate":"2025-02-03","isFullCredit":false},{"lineNumber":93,"author":{"gitId":"HalFentise"},"content":"        }","lastModifiedDate":"2025-02-03","isFullCredit":false},{"lineNumber":94,"author":{"gitId":"HalFentise"},"content":"        Task task \u003d taskList[index - 1];","lastModifiedDate":"2025-02-03","isFullCredit":false},{"lineNumber":95,"author":{"gitId":"HalFentise"},"content":"        if (task \u003d\u003d null) {","lastModifiedDate":"2025-02-03","isFullCredit":false},{"lineNumber":96,"author":{"gitId":"HalFentise"},"content":"            System.out.println(\"task not found\");","lastModifiedDate":"2025-02-03","isFullCredit":false},{"lineNumber":97,"author":{"gitId":"HalFentise"},"content":"        }","lastModifiedDate":"2025-02-03","isFullCredit":false},{"lineNumber":98,"author":{"gitId":"HalFentise"},"content":"        else {","lastModifiedDate":"2025-02-03","isFullCredit":false},{"lineNumber":99,"author":{"gitId":"HalFentise"},"content":"            task.unmark();","lastModifiedDate":"2025-02-03","isFullCredit":false},{"lineNumber":100,"author":{"gitId":"HalFentise"},"content":"            System.out.println(\"Unmark this task, you need to finish it later!\");","lastModifiedDate":"2025-02-03","isFullCredit":false},{"lineNumber":101,"author":{"gitId":"HalFentise"},"content":"            System.out.println(index + \". \" + task);","lastModifiedDate":"2025-02-03","isFullCredit":false},{"lineNumber":102,"author":{"gitId":"HalFentise"},"content":"            System.out.println(\"--------------------------------\");","lastModifiedDate":"2025-02-03","isFullCredit":false},{"lineNumber":103,"author":{"gitId":"HalFentise"},"content":"        }","lastModifiedDate":"2025-02-03","isFullCredit":false},{"lineNumber":104,"author":{"gitId":"HalFentise"},"content":"    }","lastModifiedDate":"2025-02-03","isFullCredit":false},{"lineNumber":105,"author":{"gitId":"HalFentise"},"content":"}","lastModifiedDate":"2025-02-02","isFullCredit":false}],"authorContributionMap":{"HalFentise":105}},{"path":"src/main/java/Todo.java","fileType":"java","lines":[{"lineNumber":1,"author":{"gitId":"HalFentise"},"content":"public class Todo extends Task{","lastModifiedDate":"2025-02-03","isFullCredit":false},{"lineNumber":2,"author":{"gitId":"HalFentise"},"content":"    Todo(String taskName) {","lastModifiedDate":"2025-02-03","isFullCredit":false},{"lineNumber":3,"author":{"gitId":"HalFentise"},"content":"        super(taskName);","lastModifiedDate":"2025-02-03","isFullCredit":false},{"lineNumber":4,"author":{"gitId":"HalFentise"},"content":"    }","lastModifiedDate":"2025-02-03","isFullCredit":false},{"lineNumber":5,"author":{"gitId":"HalFentise"},"content":"","lastModifiedDate":"2025-02-03","isFullCredit":false},{"lineNumber":6,"author":{"gitId":"HalFentise"},"content":"    public String toString() {","lastModifiedDate":"2025-02-03","isFullCredit":false},{"lineNumber":7,"author":{"gitId":"HalFentise"},"content":"        String state \u003d isDone ? \"[X]\" : \"[ ]\";","lastModifiedDate":"2025-02-03","isFullCredit":false},{"lineNumber":8,"author":{"gitId":"HalFentise"},"content":"        return \"[T]\" + state + \" \" + taskName;","lastModifiedDate":"2025-02-03","isFullCredit":false},{"lineNumber":9,"author":{"gitId":"HalFentise"},"content":"    }","lastModifiedDate":"2025-02-03","isFullCredit":false},{"lineNumber":10,"author":{"gitId":"HalFentise"},"content":"}","lastModifiedDate":"2025-02-03","isFullCredit":false}],"authorContributionMap":{"HalFentise":10}},{"path":"src/main/java/UnSupportCommandException.java","fileType":"java","lines":[{"lineNumber":1,"author":{"gitId":"HalFentise"},"content":"public class UnSupportCommandException extends TaskException{","lastModifiedDate":"2025-02-11","isFullCredit":false},{"lineNumber":2,"author":{"gitId":"HalFentise"},"content":"    public UnSupportCommandException(String message) {","lastModifiedDate":"2025-02-11","isFullCredit":false},{"lineNumber":3,"author":{"gitId":"HalFentise"},"content":"        super(message);","lastModifiedDate":"2025-02-11","isFullCredit":false},{"lineNumber":4,"author":{"gitId":"HalFentise"},"content":"    }","lastModifiedDate":"2025-02-11","isFullCredit":false},{"lineNumber":5,"author":{"gitId":"HalFentise"},"content":"}","lastModifiedDate":"2025-02-11","isFullCredit":false}],"authorContributionMap":{"HalFentise":5}},{"path":"src/main/java/UnSupportTaskException.java","fileType":"java","lines":[{"lineNumber":1,"author":{"gitId":"HalFentise"},"content":"public class UnSupportTaskException extends TaskException{","lastModifiedDate":"2025-02-11","isFullCredit":false},{"lineNumber":2,"author":{"gitId":"HalFentise"},"content":"    public UnSupportTaskException(String message){","lastModifiedDate":"2025-02-11","isFullCredit":false},{"lineNumber":3,"author":{"gitId":"HalFentise"},"content":"        super(message);","lastModifiedDate":"2025-02-11","isFullCredit":false},{"lineNumber":4,"author":{"gitId":"HalFentise"},"content":"    }","lastModifiedDate":"2025-02-11","isFullCredit":false},{"lineNumber":5,"author":{"gitId":"HalFentise"},"content":"}","lastModifiedDate":"2025-02-11","isFullCredit":false}],"authorContributionMap":{"HalFentise":5}},{"path":"text-ui-test/input.txt","fileType":"txt","lines":[{"lineNumber":1,"author":{"gitId":"HalFentise"},"content":"todo read book","lastModifiedDate":"2025-02-11","isFullCredit":false},{"lineNumber":2,"author":{"gitId":"HalFentise"},"content":"list","lastModifiedDate":"2025-02-11","isFullCredit":false},{"lineNumber":3,"author":{"gitId":"HalFentise"},"content":"mark 1","lastModifiedDate":"2025-02-11","isFullCredit":false},{"lineNumber":4,"author":{"gitId":"HalFentise"},"content":"bye","lastModifiedDate":"2025-02-11","isFullCredit":false}],"authorContributionMap":{"HalFentise":4}},{"path":"text-ui-test/runtest.bat","fileType":"bat","lines":[{"lineNumber":1,"author":{"gitId":"-"},"content":"@ECHO OFF","lastModifiedDate":"2020-05-25","isFullCredit":false},{"lineNumber":2,"author":{"gitId":"-"},"content":"","lastModifiedDate":"2020-05-25","isFullCredit":false},{"lineNumber":3,"author":{"gitId":"-"},"content":"REM create bin directory if it doesn\u0027t exist","lastModifiedDate":"2020-05-25","isFullCredit":false},{"lineNumber":4,"author":{"gitId":"-"},"content":"if not exist ..\\bin mkdir ..\\bin","lastModifiedDate":"2020-05-25","isFullCredit":false},{"lineNumber":5,"author":{"gitId":"-"},"content":"","lastModifiedDate":"2020-05-25","isFullCredit":false},{"lineNumber":6,"author":{"gitId":"-"},"content":"REM delete output from previous run","lastModifiedDate":"2020-05-25","isFullCredit":false},{"lineNumber":7,"author":{"gitId":"-"},"content":"if exist ACTUAL.TXT del ACTUAL.TXT","lastModifiedDate":"2020-08-25","isFullCredit":false},{"lineNumber":8,"author":{"gitId":"-"},"content":"","lastModifiedDate":"2020-05-25","isFullCredit":false},{"lineNumber":9,"author":{"gitId":"-"},"content":"REM compile the code into the bin folder","lastModifiedDate":"2020-05-25","isFullCredit":false},{"lineNumber":10,"author":{"gitId":"-"},"content":"javac  -cp ..\\src\\main\\java -Xlint:none -d ..\\bin ..\\src\\main\\java\\*.java","lastModifiedDate":"2020-08-25","isFullCredit":false},{"lineNumber":11,"author":{"gitId":"-"},"content":"IF ERRORLEVEL 1 (","lastModifiedDate":"2020-05-25","isFullCredit":false},{"lineNumber":12,"author":{"gitId":"-"},"content":"    echo ********** BUILD FAILURE **********","lastModifiedDate":"2020-05-25","isFullCredit":false},{"lineNumber":13,"author":{"gitId":"-"},"content":"    exit /b 1","lastModifiedDate":"2020-05-25","isFullCredit":false},{"lineNumber":14,"author":{"gitId":"-"},"content":")","lastModifiedDate":"2020-05-25","isFullCredit":false},{"lineNumber":15,"author":{"gitId":"-"},"content":"REM no error here, errorlevel \u003d\u003d 0","lastModifiedDate":"2020-05-25","isFullCredit":false},{"lineNumber":16,"author":{"gitId":"-"},"content":"","lastModifiedDate":"2020-05-25","isFullCredit":false},{"lineNumber":17,"author":{"gitId":"-"},"content":"REM run the program, feed commands from input.txt file and redirect the output to the ACTUAL.TXT","lastModifiedDate":"2020-05-25","isFullCredit":false},{"lineNumber":18,"author":{"gitId":"HalFentise"},"content":"java -classpath ..\\bin HaHaHa \u003c input.txt \u003e ACTUAL.TXT","lastModifiedDate":"2025-02-11","isFullCredit":false},{"lineNumber":19,"author":{"gitId":"-"},"content":"","lastModifiedDate":"2020-05-25","isFullCredit":false},{"lineNumber":20,"author":{"gitId":"-"},"content":"REM compare the output to the expected output","lastModifiedDate":"2020-05-25","isFullCredit":false},{"lineNumber":21,"author":{"gitId":"-"},"content":"FC ACTUAL.TXT EXPECTED.TXT","lastModifiedDate":"2020-05-25","isFullCredit":false}],"authorContributionMap":{"-":20,"HalFentise":1}}]
