{"authorDailyContributionsMap":{"Yikbing":[{"date":"2025-01-25","commitResults":[{"hash":"11e166c443a6a96fb1b7d1503de6f7c1021a5e27","isMergeCommit":false,"messageTitle":"rename duke to terry, add greeting and exit message","messageBody":"","fileTypesAndContributionMap":{"java":{"insertions":16,"deletions":10}}}]},{"date":"2025-01-30","commitResults":[{"hash":"39e3ae73b770c317da477b9581ca28435775484f","isMergeCommit":false,"messageTitle":"rename duke to terry, add greeting and exit message and added echo function, and exit message when \"bye\" is said","messageBody":"","tags":["v1.1","Level-1"],"fileTypesAndContributionMap":{"java":{"insertions":24,"deletions":9}}}]},{"date":"2025-01-31","commitResults":[{"hash":"91966cf1b1dcac55c547d32e6df53fd350337a98","isMergeCommit":false,"messageTitle":"add add function, list function and marking function","messageBody":"","tags":["v1.2","Level-2"],"fileTypesAndContributionMap":{"java":{"insertions":107,"deletions":4}}},{"hash":"9527102e9655234d7eb37c62ab079bc1746ca2f9","isMergeCommit":false,"messageTitle":"change InputItem name to task, added marking of tasks","messageBody":"","fileTypesAndContributionMap":{"java":{"insertions":72,"deletions":33}}},{"hash":"7b1115428a3fc9a1249bcbddba5e6294aeadd202","isMergeCommit":false,"messageTitle":"change InputItem name to task, add marking of tasks","messageBody":"","tags":["v1.3","Level-3"],"fileTypesAndContributionMap":{"java":{"insertions":72,"deletions":33}}},{"hash":"c9ad50383bba6785044aedd395c2f62b9baa6bf5","isMergeCommit":false,"messageTitle":"Revert \"change InputItem name to task, add marking of tasks\"","messageBody":"This reverts commit 7b1115428a3fc9a1249bcbddba5e6294aeadd202.\n","fileTypesAndContributionMap":{"java":{"insertions":33,"deletions":72}}}]},{"date":"2025-02-02","commitResults":[{"hash":"05498f347229c6de95e8ddf6cfc71a5ac9691631","isMergeCommit":false,"messageTitle":"implement abstraction for terry.java","messageBody":"","fileTypesAndContributionMap":{"java":{"insertions":17,"deletions":11}}}]},{"date":"2025-02-03","commitResults":[{"hash":"05c4b9a591be324626fe49194e3197f524bc0eec","isMergeCommit":true,"messageTitle":"Merge branch \u0027master\u0027 of https://github.com/Yikbing/ip","messageBody":"# Conflicts:\n#\tsrc/main/java/Terry.java\n","fileTypesAndContributionMap":{}}]},{"date":"2025-02-06","commitResults":[{"hash":"0ecfd323bb38017702098c2b2af867653b19b792","isMergeCommit":false,"messageTitle":"Resolve merge conflict in Terry.java","messageBody":"","tags":["Level-4"],"fileTypesAndContributionMap":{"java":{"insertions":7,"deletions":24}}},{"hash":"880f3b54712891accc9520ba68e9ac1380591267","isMergeCommit":false,"messageTitle":"add event, deadline and task option","messageBody":"","fileTypesAndContributionMap":{"java":{"insertions":139,"deletions":27}}}]},{"date":"2025-02-08","commitResults":[{"hash":"d6e2965209da8452b0d72d26b923b51df68f1b30","isMergeCommit":false,"messageTitle":"improve code quality through SLAP and reducing magic literals","messageBody":"","tags":["A-CodeQuality"],"fileTypesAndContributionMap":{"java":{"insertions":43,"deletions":33}}}]},{"date":"2025-02-12","commitResults":[{"hash":"71e82d37f2441adea061505618fcb062e4205b62","isMergeCommit":false,"messageTitle":"added TerryException class with exception and handled exception in main","messageBody":"","tags":["Level-5","A-Exceptions"],"fileTypesAndContributionMap":{"java":{"insertions":30,"deletions":15}}},{"hash":"72f544ed8016e8a99864843d6e5408de398f206d","isMergeCommit":true,"messageTitle":"Merge branch \u0027branch-Level-5\u0027","messageBody":"","fileTypesAndContributionMap":{}},{"hash":"35a3051eea3bf3541136641eb7f722c336972c17","isMergeCommit":false,"messageTitle":"add package \"task\" and refactor classes into package","messageBody":"","tags":["A-Packages"],"fileTypesAndContributionMap":{"java":{"insertions":12,"deletions":3}}}]},{"date":"2025-02-16","commitResults":[{"hash":"1f75472a6b9c9f5b86a1b9ea97511d1531a24a4c","isMergeCommit":false,"messageTitle":"add tag A-Exceptions","messageBody":"","fileTypesAndContributionMap":{"java":{"insertions":0,"deletions":6}}}]}]},"authorFileTypeContributionMap":{"Yikbing":{"java":312,"md":0,"fxml":0,"sh":0,"bat":0,"gradle":0,"txt":0}},"authorContributionVariance":{"Yikbing":5609.033},"authorDisplayNameMap":{"Yikbing":"GOH ..BING"}}
