{"authorDailyContributionsMap":{"louistaii":[{"date":"2025-02-06","commitResults":[{"hash":"1e68854159bb4201f403b5ff54f290407323eb95","isMergeCommit":false,"messageTitle":"Add greeting","messageBody":"","tags":["Level-0"],"fileTypesAndContributionMap":{"java":{"insertions":12,"deletions":10}}},{"hash":"d77a67963c8de8858533e8abc520428235f21217","isMergeCommit":false,"messageTitle":"Add task list","messageBody":"Added function to insert tasks, mark and unmark task as done, and view all tasks.\n","tags":["Level-3","Level-2","Level-1"],"fileTypesAndContributionMap":{"java":{"insertions":79,"deletions":4}}},{"hash":"668a44c299ab996575a930bbe2e3b8e3d5f8f423","isMergeCommit":false,"messageTitle":"Add multiple task types","messageBody":"now supports different task types (todo, deadline, event) and their respective dates\n","fileTypesAndContributionMap":{"java":{"insertions":91,"deletions":21}}},{"hash":"a0a8f4e59f177f7e90a1667955671a4c00536fa5","isMergeCommit":false,"messageTitle":"Bug fix and improvements","messageBody":"fixed looping task count. improved comparison of strings\n","tags":["Level-4"],"fileTypesAndContributionMap":{"java":{"insertions":4,"deletions":4}}},{"hash":"10e0a836ad5924204d25265534d179087596bd38","isMergeCommit":false,"messageTitle":"Improve OOP and variable names","messageBody":"Classes Todo, Deadline and Event now inherit from class Tasks.\nChanged variable names to suit naming convention\n","tags":["A-CodingStandard","A-CodeQuality"],"fileTypesAndContributionMap":{"java":{"insertions":198,"deletions":145}}}]},{"date":"2025-02-12","commitResults":[{"hash":"ff6771b6bf4ce90868ec7c64dddd46cdd8ba48b6","isMergeCommit":false,"messageTitle":"Add Parser and UI class","messageBody":"To better divide work between classes\n","fileTypesAndContributionMap":{"java":{"insertions":119,"deletions":87}}},{"hash":"a68fa44745ea51366f066d8cae891c4105b9d36c","isMergeCommit":false,"messageTitle":"Add error handling for exceptions","messageBody":"Handled errors:\ninvalidIndex\nmissingDetails\nmissingTaskName\nInvalid commands\nRepeated marking/unmarking tasks\n","tags":["A-Exceptions"],"fileTypesAndContributionMap":{"java":{"insertions":169,"deletions":0}}},{"hash":"d41cc1bcce93fd9791db836e534d35503973bdfe","isMergeCommit":true,"messageTitle":"Merge branch \u0027master\u0027 into branch-Level-5","messageBody":"","tags":["Level-5"],"fileTypesAndContributionMap":{}},{"hash":"5e846f270897bef7b295397462bc508c7e10d88d","isMergeCommit":true,"messageTitle":"Merge pull request #1 from louistaii/branch-Level-5","messageBody":"Add error handling for exceptions","fileTypesAndContributionMap":{}},{"hash":"e4142b2ec8dbd04c745ead2029c1e338334703c5","isMergeCommit":false,"messageTitle":"Sort classes into packages","messageBody":"Refactored code for packaging\n","tags":["A-Packages"],"fileTypesAndContributionMap":{"java":{"insertions":60,"deletions":15}}}]},{"date":"2025-02-20","commitResults":[{"hash":"43d54bdc217b5d895d71e915d0d826c8729a02ff","isMergeCommit":false,"messageTitle":"Add delete task functionality and convert array to ArrayList","messageBody":"Added delete function to delete tasks\n\nChanged taskArray from an array to an ArrayList for better functionalities\n","fileTypesAndContributionMap":{"java":{"insertions":241,"deletions":0}}},{"hash":"1779ecd53384d02302cec318c13d9e9f403601df","isMergeCommit":false,"messageTitle":"Add support for saving tasks to hard disk","messageBody":"Tasks are now saved in ./data/casio.txt whenever added/marked/unmarked\n","fileTypesAndContributionMap":{"java":{"insertions":421,"deletions":0}}},{"hash":"1f2b8a29635b7060bae1d0e7ff28bd604c5c7654","isMergeCommit":true,"messageTitle":"Merge branch \u0027branch-Level-6\u0027","messageBody":"","tags":["Level-6"],"fileTypesAndContributionMap":{}},{"hash":"4cb56dd728f889037c096cd6a7a6592967a6cb47","isMergeCommit":false,"messageTitle":"Dummy commit to allow merge","messageBody":"To fix error when merging previously\n","fileTypesAndContributionMap":{"java":{"insertions":1,"deletions":0}}}]},{"date":"2025-02-21","commitResults":[{"hash":"c1230dde419982d2cb3030ea790ce2fb534787b1","isMergeCommit":false,"messageTitle":"Add save tasks function","messageBody":"","fileTypesAndContributionMap":{"java":{"insertions":73,"deletions":0}}},{"hash":"addbe0775ea5d63939476c04befec9b195be7741","isMergeCommit":true,"messageTitle":"Merge branch \u0027branch-Level-7\u0027 of https://github.com/louistaii/ip into branch-Level-7","messageBody":"","fileTypesAndContributionMap":{}},{"hash":"dac2bb40a8c06d1aca73fc7d4c0e23c1bbee18b7","isMergeCommit":false,"messageTitle":"Fix merging","messageBody":"","fileTypesAndContributionMap":{"java":{"insertions":0,"deletions":10}}},{"hash":"52760b8bc80733bdf793a54fe576953a45950b54","isMergeCommit":true,"messageTitle":"Merge branch \u0027branch-Level-7\u0027","messageBody":"","tags":["Level-7","A-Collections"],"fileTypesAndContributionMap":{}}]},{"date":"2025-02-25","commitResults":[{"hash":"15067fd184da2343b33f226ace34d14edb5673e7","isMergeCommit":false,"messageTitle":"Refactor code style, fix exit bug, improve exceptions and naming","messageBody":"Refactored code to follow spacing convention\nExit function now exits loop\nNaming of functions made clearer\nAdded more exceptions for easier debugging\n","fileTypesAndContributionMap":{"java":{"insertions":75,"deletions":58}}},{"hash":"ec06378986c1e269120f6ad608e538239914236f","isMergeCommit":false,"messageTitle":" Improve UI\u0027s appearance and interaction","messageBody":"","fileTypesAndContributionMap":{"java":{"insertions":40,"deletions":13}}}]},{"date":"2025-03-04","commitResults":[{"hash":"5ea021e65cca76f0eceacb179b57aaef7ba4e905","isMergeCommit":false,"messageTitle":"Add class TaskList","messageBody":"Made the code more OOP\n","tags":["A-MoreOOP"],"fileTypesAndContributionMap":{"java":{"insertions":137,"deletions":84}}}]}]},"authorFileTypeContributionMap":{"louistaii":{"java":608,"md":0,"fxml":0,"sh":0,"bat":0,"gradle":0,"txt":0}},"authorContributionVariance":{"louistaii":17921.047},"authorDisplayNameMap":{"louistaii":"CS2113-T11b-3 TAI ..OUIS"}}
