[{"path":"src/main/java/Deadline.java","fileType":"java","lines":[{"lineNumber":1,"author":{"gitId":"pjahn31"},"content":"public class Deadline extends Task {","lastModifiedDate":"2025-02-12","isFullCredit":false},{"lineNumber":2,"author":{"gitId":"pjahn31"},"content":"","lastModifiedDate":"2025-02-12","isFullCredit":false},{"lineNumber":3,"author":{"gitId":"pjahn31"},"content":"    protected String by;","lastModifiedDate":"2025-02-12","isFullCredit":false},{"lineNumber":4,"author":{"gitId":"pjahn31"},"content":"","lastModifiedDate":"2025-02-12","isFullCredit":false},{"lineNumber":5,"author":{"gitId":"pjahn31"},"content":"    public Deadline(String description, String by) {","lastModifiedDate":"2025-02-12","isFullCredit":false},{"lineNumber":6,"author":{"gitId":"pjahn31"},"content":"        super(description);","lastModifiedDate":"2025-02-12","isFullCredit":false},{"lineNumber":7,"author":{"gitId":"pjahn31"},"content":"        this.by \u003d by;","lastModifiedDate":"2025-02-12","isFullCredit":false},{"lineNumber":8,"author":{"gitId":"pjahn31"},"content":"    }","lastModifiedDate":"2025-02-12","isFullCredit":false},{"lineNumber":9,"author":{"gitId":"pjahn31"},"content":"","lastModifiedDate":"2025-02-12","isFullCredit":false},{"lineNumber":10,"author":{"gitId":"pjahn31"},"content":"    @Override","lastModifiedDate":"2025-02-12","isFullCredit":false},{"lineNumber":11,"author":{"gitId":"pjahn31"},"content":"    public String toString() {","lastModifiedDate":"2025-02-12","isFullCredit":false},{"lineNumber":12,"author":{"gitId":"pjahn31"},"content":"        return \"[D]\" + super.toString() + \" (by: \" + by + \")\";","lastModifiedDate":"2025-02-12","isFullCredit":false},{"lineNumber":13,"author":{"gitId":"pjahn31"},"content":"    }","lastModifiedDate":"2025-02-12","isFullCredit":false},{"lineNumber":14,"author":{"gitId":"pjahn31"},"content":"}","lastModifiedDate":"2025-02-12","isFullCredit":false}],"authorContributionMap":{"pjahn31":14}},{"path":"src/main/java/Emily.java","fileType":"java","lines":[{"lineNumber":1,"author":{"gitId":"pjahn31"},"content":"import java.util.Scanner;","lastModifiedDate":"2025-02-02","isFullCredit":false},{"lineNumber":2,"author":{"gitId":"pjahn31"},"content":"import java.util.ArrayList;","lastModifiedDate":"2025-02-02","isFullCredit":false},{"lineNumber":3,"author":{"gitId":"pjahn31"},"content":"","lastModifiedDate":"2025-02-02","isFullCredit":false},{"lineNumber":4,"author":{"gitId":"pjahn31"},"content":"public class Emily {","lastModifiedDate":"2025-02-01","isFullCredit":false},{"lineNumber":5,"author":{"gitId":"pjahn31"},"content":"    public static final ArrayList\u003cTask\u003e tasks \u003d new ArrayList\u003c\u003e();","lastModifiedDate":"2025-02-12","isFullCredit":false},{"lineNumber":6,"author":{"gitId":"pjahn31"},"content":"","lastModifiedDate":"2025-02-02","isFullCredit":false},{"lineNumber":7,"author":{"gitId":"pjahn31"},"content":"    public static void main(String[] args) {","lastModifiedDate":"2025-02-01","isFullCredit":false},{"lineNumber":8,"author":{"gitId":"pjahn31"},"content":"        Scanner sc \u003d new Scanner(System.in);","lastModifiedDate":"2025-02-02","isFullCredit":false},{"lineNumber":9,"author":{"gitId":"pjahn31"},"content":"        greetUser();","lastModifiedDate":"2025-03-02","isFullCredit":false},{"lineNumber":10,"author":{"gitId":"pjahn31"},"content":"","lastModifiedDate":"2025-02-02","isFullCredit":false},{"lineNumber":11,"author":{"gitId":"pjahn31"},"content":"        while(true) {","lastModifiedDate":"2025-02-02","isFullCredit":false},{"lineNumber":12,"author":{"gitId":"pjahn31"},"content":"            String input \u003d sc.nextLine();","lastModifiedDate":"2025-02-02","isFullCredit":false},{"lineNumber":13,"author":{"gitId":"pjahn31"},"content":"","lastModifiedDate":"2025-02-02","isFullCredit":false},{"lineNumber":14,"author":{"gitId":"pjahn31"},"content":"            String[] parts \u003d input.split(\" \",2);","lastModifiedDate":"2025-03-02","isFullCredit":false},{"lineNumber":15,"author":{"gitId":"pjahn31"},"content":"            String command \u003d parts[0].toLowerCase();","lastModifiedDate":"2025-03-02","isFullCredit":false},{"lineNumber":16,"author":{"gitId":"pjahn31"},"content":"            String arguments \u003d parts.length \u003e 1 ? parts[1] : \"\";","lastModifiedDate":"2025-03-02","isFullCredit":false},{"lineNumber":17,"author":{"gitId":"pjahn31"},"content":"","lastModifiedDate":"2025-03-02","isFullCredit":false},{"lineNumber":18,"author":{"gitId":"pjahn31"},"content":"            switch (command) {","lastModifiedDate":"2025-03-02","isFullCredit":false},{"lineNumber":19,"author":{"gitId":"pjahn31"},"content":"                case \"bye\":","lastModifiedDate":"2025-03-02","isFullCredit":false},{"lineNumber":20,"author":{"gitId":"pjahn31"},"content":"                    exitProgram();","lastModifiedDate":"2025-03-02","isFullCredit":false},{"lineNumber":21,"author":{"gitId":"pjahn31"},"content":"                    return;","lastModifiedDate":"2025-03-02","isFullCredit":false},{"lineNumber":22,"author":{"gitId":"pjahn31"},"content":"","lastModifiedDate":"2025-03-02","isFullCredit":false},{"lineNumber":23,"author":{"gitId":"pjahn31"},"content":"                case \"list\":","lastModifiedDate":"2025-03-02","isFullCredit":false},{"lineNumber":24,"author":{"gitId":"pjahn31"},"content":"                    printTasks();","lastModifiedDate":"2025-02-02","isFullCredit":false},{"lineNumber":25,"author":{"gitId":"pjahn31"},"content":"                    break;","lastModifiedDate":"2025-03-02","isFullCredit":false},{"lineNumber":26,"author":{"gitId":"pjahn31"},"content":"","lastModifiedDate":"2025-03-02","isFullCredit":false},{"lineNumber":27,"author":{"gitId":"pjahn31"},"content":"                case \"mark\":","lastModifiedDate":"2025-03-02","isFullCredit":false},{"lineNumber":28,"author":{"gitId":"pjahn31"},"content":"                    markTask(Integer.parseInt(arguments));","lastModifiedDate":"2025-03-02","isFullCredit":false},{"lineNumber":29,"author":{"gitId":"pjahn31"},"content":"                    break;","lastModifiedDate":"2025-03-02","isFullCredit":false},{"lineNumber":30,"author":{"gitId":"pjahn31"},"content":"","lastModifiedDate":"2025-03-02","isFullCredit":false},{"lineNumber":31,"author":{"gitId":"pjahn31"},"content":"                case \"unmark\":","lastModifiedDate":"2025-03-02","isFullCredit":false},{"lineNumber":32,"author":{"gitId":"pjahn31"},"content":"                    unmarkTask(Integer.parseInt(arguments));","lastModifiedDate":"2025-03-02","isFullCredit":false},{"lineNumber":33,"author":{"gitId":"pjahn31"},"content":"                    break;","lastModifiedDate":"2025-03-02","isFullCredit":false},{"lineNumber":34,"author":{"gitId":"pjahn31"},"content":"","lastModifiedDate":"2025-03-02","isFullCredit":false},{"lineNumber":35,"author":{"gitId":"pjahn31"},"content":"                case \"todo\":","lastModifiedDate":"2025-03-02","isFullCredit":false},{"lineNumber":36,"author":{"gitId":"pjahn31"},"content":"                    addTask(new Todo(arguments));","lastModifiedDate":"2025-03-02","isFullCredit":false},{"lineNumber":37,"author":{"gitId":"pjahn31"},"content":"                    break;","lastModifiedDate":"2025-03-02","isFullCredit":false},{"lineNumber":38,"author":{"gitId":"pjahn31"},"content":"","lastModifiedDate":"2025-03-02","isFullCredit":false},{"lineNumber":39,"author":{"gitId":"pjahn31"},"content":"                case \"deadline\":","lastModifiedDate":"2025-03-02","isFullCredit":false},{"lineNumber":40,"author":{"gitId":"pjahn31"},"content":"                    parts \u003d arguments.split(\" by \", 2);","lastModifiedDate":"2025-03-02","isFullCredit":false},{"lineNumber":41,"author":{"gitId":"pjahn31"},"content":"                    if (parts.length \u003d\u003d 2) {","lastModifiedDate":"2025-03-02","isFullCredit":false},{"lineNumber":42,"author":{"gitId":"pjahn31"},"content":"                        addTask(new Deadline(parts[0], parts[1]));","lastModifiedDate":"2025-02-12","isFullCredit":false},{"lineNumber":43,"author":{"gitId":"pjahn31"},"content":"                    } else {","lastModifiedDate":"2025-03-02","isFullCredit":false},{"lineNumber":44,"author":{"gitId":"pjahn31"},"content":"                        System.out.println(\"Invalid deadline format. Use: deadline \u003ctask\u003e by \u003ctime\u003e\");","lastModifiedDate":"2025-03-02","isFullCredit":false},{"lineNumber":45,"author":{"gitId":"pjahn31"},"content":"                    }","lastModifiedDate":"2025-03-02","isFullCredit":false},{"lineNumber":46,"author":{"gitId":"pjahn31"},"content":"                    break;","lastModifiedDate":"2025-03-02","isFullCredit":false},{"lineNumber":47,"author":{"gitId":"pjahn31"},"content":"","lastModifiedDate":"2025-03-02","isFullCredit":false},{"lineNumber":48,"author":{"gitId":"pjahn31"},"content":"                case \"event\":","lastModifiedDate":"2025-03-02","isFullCredit":false},{"lineNumber":49,"author":{"gitId":"pjahn31"},"content":"                    parts \u003d arguments.split(\" from | to \", 2);","lastModifiedDate":"2025-03-02","isFullCredit":false},{"lineNumber":50,"author":{"gitId":"pjahn31"},"content":"                    if (parts.length \u003d\u003d 3) {","lastModifiedDate":"2025-03-02","isFullCredit":false},{"lineNumber":51,"author":{"gitId":"pjahn31"},"content":"                        addTask(new Event(parts[0], parts[1], parts[2]));","lastModifiedDate":"2025-02-12","isFullCredit":false},{"lineNumber":52,"author":{"gitId":"pjahn31"},"content":"                    } else {","lastModifiedDate":"2025-02-02","isFullCredit":false},{"lineNumber":53,"author":{"gitId":"pjahn31"},"content":"                        System.out.println(\"Invalid event format. Use: event \u003ctask\u003e from \u003ctime\u003e to \u003ctime\u003e\");","lastModifiedDate":"2025-03-02","isFullCredit":false},{"lineNumber":54,"author":{"gitId":"pjahn31"},"content":"                    }","lastModifiedDate":"2025-03-02","isFullCredit":false},{"lineNumber":55,"author":{"gitId":"pjahn31"},"content":"                    break;","lastModifiedDate":"2025-03-02","isFullCredit":false},{"lineNumber":56,"author":{"gitId":"pjahn31"},"content":"","lastModifiedDate":"2025-03-02","isFullCredit":false},{"lineNumber":57,"author":{"gitId":"pjahn31"},"content":"                default:","lastModifiedDate":"2025-03-02","isFullCredit":false},{"lineNumber":58,"author":{"gitId":"pjahn31"},"content":"                    System.out.println(\"Sorry, I am not sure what that means. Please start with either \u003ctodo\u003e, \u003cdeadline\u003e or \u003cevent\u003e\");","lastModifiedDate":"2025-03-02","isFullCredit":false},{"lineNumber":59,"author":{"gitId":"pjahn31"},"content":"                    break;","lastModifiedDate":"2025-03-02","isFullCredit":false},{"lineNumber":60,"author":{"gitId":"pjahn31"},"content":"            }","lastModifiedDate":"2025-02-02","isFullCredit":false},{"lineNumber":61,"author":{"gitId":"pjahn31"},"content":"        }","lastModifiedDate":"2025-02-02","isFullCredit":false},{"lineNumber":62,"author":{"gitId":"pjahn31"},"content":"    }","lastModifiedDate":"2025-02-02","isFullCredit":false},{"lineNumber":63,"author":{"gitId":"pjahn31"},"content":"","lastModifiedDate":"2025-02-02","isFullCredit":false},{"lineNumber":64,"author":{"gitId":"pjahn31"},"content":"    public static void greetUser() {","lastModifiedDate":"2025-03-02","isFullCredit":false},{"lineNumber":65,"author":{"gitId":"pjahn31"},"content":"        System.out.println(\"Hello! I\u0027m Emily.\");","lastModifiedDate":"2025-03-02","isFullCredit":false},{"lineNumber":66,"author":{"gitId":"pjahn31"},"content":"        System.out.println(\"What can I do for you?\");","lastModifiedDate":"2025-03-02","isFullCredit":false},{"lineNumber":67,"author":{"gitId":"pjahn31"},"content":"    }","lastModifiedDate":"2025-03-02","isFullCredit":false},{"lineNumber":68,"author":{"gitId":"pjahn31"},"content":"","lastModifiedDate":"2025-03-02","isFullCredit":false},{"lineNumber":69,"author":{"gitId":"pjahn31"},"content":"    public static void exitProgram() {","lastModifiedDate":"2025-03-02","isFullCredit":false},{"lineNumber":70,"author":{"gitId":"pjahn31"},"content":"        System.out.println(\"Bye. Hope to see you again soon!\");","lastModifiedDate":"2025-03-02","isFullCredit":false},{"lineNumber":71,"author":{"gitId":"pjahn31"},"content":"    }","lastModifiedDate":"2025-03-02","isFullCredit":false},{"lineNumber":72,"author":{"gitId":"pjahn31"},"content":"","lastModifiedDate":"2025-03-02","isFullCredit":false},{"lineNumber":73,"author":{"gitId":"pjahn31"},"content":"    public static void addTask(Task task) {","lastModifiedDate":"2025-02-12","isFullCredit":false},{"lineNumber":74,"author":{"gitId":"pjahn31"},"content":"        tasks.add(task);","lastModifiedDate":"2025-02-02","isFullCredit":false},{"lineNumber":75,"author":{"gitId":"pjahn31"},"content":"        System.out.println(\"Got it! I\u0027ve added this task.\");","lastModifiedDate":"2025-02-12","isFullCredit":false},{"lineNumber":76,"author":{"gitId":"pjahn31"},"content":"        System.out.println(\" \" + task);","lastModifiedDate":"2025-02-12","isFullCredit":false},{"lineNumber":77,"author":{"gitId":"pjahn31"},"content":"        System.out.println(\"Now you have \" + tasks.size() + \" tasks in the list.\");","lastModifiedDate":"2025-02-12","isFullCredit":false},{"lineNumber":78,"author":{"gitId":"pjahn31"},"content":"    }","lastModifiedDate":"2025-02-02","isFullCredit":false},{"lineNumber":79,"author":{"gitId":"pjahn31"},"content":"","lastModifiedDate":"2025-02-02","isFullCredit":false},{"lineNumber":80,"author":{"gitId":"pjahn31"},"content":"    public static void printTasks() {","lastModifiedDate":"2025-02-02","isFullCredit":false},{"lineNumber":81,"author":{"gitId":"pjahn31"},"content":"        if (tasks.isEmpty()) {","lastModifiedDate":"2025-03-02","isFullCredit":false},{"lineNumber":82,"author":{"gitId":"pjahn31"},"content":"            System.out.println(\"Your tasks list is empty!\");","lastModifiedDate":"2025-03-02","isFullCredit":false},{"lineNumber":83,"author":{"gitId":"pjahn31"},"content":"            return;","lastModifiedDate":"2025-03-02","isFullCredit":false},{"lineNumber":84,"author":{"gitId":"pjahn31"},"content":"        }","lastModifiedDate":"2025-03-02","isFullCredit":false},{"lineNumber":85,"author":{"gitId":"pjahn31"},"content":"        System.out.println(\"Here are the tasks in your list:\");","lastModifiedDate":"2025-02-02","isFullCredit":false},{"lineNumber":86,"author":{"gitId":"pjahn31"},"content":"        for (int i \u003d 0; i \u003c tasks.size(); i++) {","lastModifiedDate":"2025-02-02","isFullCredit":false},{"lineNumber":87,"author":{"gitId":"pjahn31"},"content":"            System.out.println((i + 1) + \".\" + tasks.get(i));","lastModifiedDate":"2025-02-12","isFullCredit":false},{"lineNumber":88,"author":{"gitId":"pjahn31"},"content":"        }","lastModifiedDate":"2025-02-02","isFullCredit":false},{"lineNumber":89,"author":{"gitId":"pjahn31"},"content":"    }","lastModifiedDate":"2025-02-02","isFullCredit":false},{"lineNumber":90,"author":{"gitId":"pjahn31"},"content":"","lastModifiedDate":"2025-02-02","isFullCredit":false},{"lineNumber":91,"author":{"gitId":"pjahn31"},"content":"    public static void markTask(int taskNumber) {","lastModifiedDate":"2025-02-07","isFullCredit":false},{"lineNumber":92,"author":{"gitId":"pjahn31"},"content":"        if (taskNumber \u003e 0 \u0026\u0026 taskNumber \u003c\u003d tasks.size()) {","lastModifiedDate":"2025-02-02","isFullCredit":false},{"lineNumber":93,"author":{"gitId":"pjahn31"},"content":"            Task task \u003d tasks.get(taskNumber - 1);","lastModifiedDate":"2025-02-02","isFullCredit":false},{"lineNumber":94,"author":{"gitId":"pjahn31"},"content":"            task.markAsDone();","lastModifiedDate":"2025-02-02","isFullCredit":false},{"lineNumber":95,"author":{"gitId":"pjahn31"},"content":"            System.out.println(\"Nice! I\u0027ve marked this task as done: \");","lastModifiedDate":"2025-02-02","isFullCredit":false},{"lineNumber":96,"author":{"gitId":"pjahn31"},"content":"            System.out.println(\" \" + task);","lastModifiedDate":"2025-02-12","isFullCredit":false},{"lineNumber":97,"author":{"gitId":"pjahn31"},"content":"        }","lastModifiedDate":"2025-02-02","isFullCredit":false},{"lineNumber":98,"author":{"gitId":"pjahn31"},"content":"    }","lastModifiedDate":"2025-02-02","isFullCredit":false},{"lineNumber":99,"author":{"gitId":"pjahn31"},"content":"","lastModifiedDate":"2025-02-02","isFullCredit":false},{"lineNumber":100,"author":{"gitId":"pjahn31"},"content":"    public static void unmarkTask(int taskNumber) {","lastModifiedDate":"2025-02-02","isFullCredit":false},{"lineNumber":101,"author":{"gitId":"pjahn31"},"content":"        if (taskNumber \u003e 0 \u0026\u0026 taskNumber \u003c\u003d tasks.size()) {","lastModifiedDate":"2025-02-02","isFullCredit":false},{"lineNumber":102,"author":{"gitId":"pjahn31"},"content":"            Task task \u003d tasks.get(taskNumber - 1);","lastModifiedDate":"2025-02-02","isFullCredit":false},{"lineNumber":103,"author":{"gitId":"pjahn31"},"content":"            task.unmarkAsDone();","lastModifiedDate":"2025-02-02","isFullCredit":false},{"lineNumber":104,"author":{"gitId":"pjahn31"},"content":"            System.out.println(\"Ok, I\u0027ve unmarked this task as not done yet:\");","lastModifiedDate":"2025-02-02","isFullCredit":false},{"lineNumber":105,"author":{"gitId":"pjahn31"},"content":"            System.out.println(\" \" + task);","lastModifiedDate":"2025-02-12","isFullCredit":false},{"lineNumber":106,"author":{"gitId":"pjahn31"},"content":"        }","lastModifiedDate":"2025-02-02","isFullCredit":false},{"lineNumber":107,"author":{"gitId":"pjahn31"},"content":"    }","lastModifiedDate":"2025-02-01","isFullCredit":false},{"lineNumber":108,"author":{"gitId":"pjahn31"},"content":"}","lastModifiedDate":"2025-02-01","isFullCredit":false}],"authorContributionMap":{"pjahn31":108}},{"path":"src/main/java/Emily_duke_ref.java","fileType":"java","lines":[{"lineNumber":1,"author":{"gitId":"pjahn31"},"content":"public class Emily_duke_ref {","lastModifiedDate":"2025-02-01","isFullCredit":false},{"lineNumber":2,"author":{"gitId":"-"},"content":"    public static void main(String[] args) {","lastModifiedDate":"2019-07-29","isFullCredit":false},{"lineNumber":3,"author":{"gitId":"-"},"content":"        String logo \u003d \" ____        _        \\n\"","lastModifiedDate":"2019-07-29","isFullCredit":false},{"lineNumber":4,"author":{"gitId":"-"},"content":"                + \"|  _ \\\\ _   _| | _____ \\n\"","lastModifiedDate":"2019-07-29","isFullCredit":false},{"lineNumber":5,"author":{"gitId":"-"},"content":"                + \"| | | | | | | |/ / _ \\\\\\n\"","lastModifiedDate":"2019-07-29","isFullCredit":false},{"lineNumber":6,"author":{"gitId":"-"},"content":"                + \"| |_| | |_| |   \u003c  __/\\n\"","lastModifiedDate":"2019-07-29","isFullCredit":false},{"lineNumber":7,"author":{"gitId":"-"},"content":"                + \"|____/ \\\\__,_|_|\\\\_\\\\___|\\n\";","lastModifiedDate":"2019-07-29","isFullCredit":false},{"lineNumber":8,"author":{"gitId":"-"},"content":"        System.out.println(\"Hello from\\n\" + logo);","lastModifiedDate":"2019-07-29","isFullCredit":false},{"lineNumber":9,"author":{"gitId":"-"},"content":"    }","lastModifiedDate":"2019-07-29","isFullCredit":false},{"lineNumber":10,"author":{"gitId":"-"},"content":"}","lastModifiedDate":"2019-07-29","isFullCredit":false}],"authorContributionMap":{"pjahn31":1,"-":9}},{"path":"src/main/java/Event.java","fileType":"java","lines":[{"lineNumber":1,"author":{"gitId":"pjahn31"},"content":"public class Event extends Task {","lastModifiedDate":"2025-02-12","isFullCredit":false},{"lineNumber":2,"author":{"gitId":"pjahn31"},"content":"","lastModifiedDate":"2025-02-12","isFullCredit":false},{"lineNumber":3,"author":{"gitId":"pjahn31"},"content":"    protected String from;","lastModifiedDate":"2025-02-12","isFullCredit":false},{"lineNumber":4,"author":{"gitId":"pjahn31"},"content":"    protected String to;","lastModifiedDate":"2025-02-12","isFullCredit":false},{"lineNumber":5,"author":{"gitId":"pjahn31"},"content":"","lastModifiedDate":"2025-02-12","isFullCredit":false},{"lineNumber":6,"author":{"gitId":"pjahn31"},"content":"    public Event(String description,String from, String to) {","lastModifiedDate":"2025-02-12","isFullCredit":false},{"lineNumber":7,"author":{"gitId":"pjahn31"},"content":"        super(description);","lastModifiedDate":"2025-02-12","isFullCredit":false},{"lineNumber":8,"author":{"gitId":"pjahn31"},"content":"        this.from \u003d from;","lastModifiedDate":"2025-02-12","isFullCredit":false},{"lineNumber":9,"author":{"gitId":"pjahn31"},"content":"        this.to \u003d to;","lastModifiedDate":"2025-02-12","isFullCredit":false},{"lineNumber":10,"author":{"gitId":"pjahn31"},"content":"    }","lastModifiedDate":"2025-02-12","isFullCredit":false},{"lineNumber":11,"author":{"gitId":"pjahn31"},"content":"","lastModifiedDate":"2025-02-12","isFullCredit":false},{"lineNumber":12,"author":{"gitId":"pjahn31"},"content":"    @Override","lastModifiedDate":"2025-02-12","isFullCredit":false},{"lineNumber":13,"author":{"gitId":"pjahn31"},"content":"    public String toString() {","lastModifiedDate":"2025-02-12","isFullCredit":false},{"lineNumber":14,"author":{"gitId":"pjahn31"},"content":"        return \"[E]\" + super.toString() + \"(from: \" + from + \" to: \" + to + \")\";","lastModifiedDate":"2025-02-12","isFullCredit":false},{"lineNumber":15,"author":{"gitId":"pjahn31"},"content":"    }","lastModifiedDate":"2025-02-12","isFullCredit":false},{"lineNumber":16,"author":{"gitId":"pjahn31"},"content":"}","lastModifiedDate":"2025-02-12","isFullCredit":false}],"authorContributionMap":{"pjahn31":16}},{"path":"src/main/java/Task.java","fileType":"java","lines":[{"lineNumber":1,"author":{"gitId":"pjahn31"},"content":"public class Task {","lastModifiedDate":"2025-02-02","isFullCredit":false},{"lineNumber":2,"author":{"gitId":"pjahn31"},"content":"","lastModifiedDate":"2025-03-01","isFullCredit":false},{"lineNumber":3,"author":{"gitId":"pjahn31"},"content":"    protected String description;","lastModifiedDate":"2025-02-02","isFullCredit":false},{"lineNumber":4,"author":{"gitId":"pjahn31"},"content":"    protected boolean isDone;","lastModifiedDate":"2025-02-07","isFullCredit":false},{"lineNumber":5,"author":{"gitId":"pjahn31"},"content":"","lastModifiedDate":"2025-02-02","isFullCredit":false},{"lineNumber":6,"author":{"gitId":"pjahn31"},"content":"    public Task(String description) {","lastModifiedDate":"2025-02-02","isFullCredit":false},{"lineNumber":7,"author":{"gitId":"pjahn31"},"content":"        this.description \u003d description;","lastModifiedDate":"2025-02-02","isFullCredit":false},{"lineNumber":8,"author":{"gitId":"pjahn31"},"content":"        this.isDone \u003d false;","lastModifiedDate":"2025-02-02","isFullCredit":false},{"lineNumber":9,"author":{"gitId":"pjahn31"},"content":"    }","lastModifiedDate":"2025-02-02","isFullCredit":false},{"lineNumber":10,"author":{"gitId":"pjahn31"},"content":"","lastModifiedDate":"2025-02-02","isFullCredit":false},{"lineNumber":11,"author":{"gitId":"pjahn31"},"content":"    public String getStatusIcon() {","lastModifiedDate":"2025-02-02","isFullCredit":false},{"lineNumber":12,"author":{"gitId":"pjahn31"},"content":"        return (isDone ? \"X\" : \" \"); //mark done task with X","lastModifiedDate":"2025-02-02","isFullCredit":false},{"lineNumber":13,"author":{"gitId":"pjahn31"},"content":"    }","lastModifiedDate":"2025-02-02","isFullCredit":false},{"lineNumber":14,"author":{"gitId":"pjahn31"},"content":"","lastModifiedDate":"2025-02-02","isFullCredit":false},{"lineNumber":15,"author":{"gitId":"pjahn31"},"content":"    public void markAsDone() {","lastModifiedDate":"2025-02-02","isFullCredit":false},{"lineNumber":16,"author":{"gitId":"pjahn31"},"content":"        this.isDone \u003d true;","lastModifiedDate":"2025-02-02","isFullCredit":false},{"lineNumber":17,"author":{"gitId":"pjahn31"},"content":"    }","lastModifiedDate":"2025-02-02","isFullCredit":false},{"lineNumber":18,"author":{"gitId":"pjahn31"},"content":"","lastModifiedDate":"2025-02-02","isFullCredit":false},{"lineNumber":19,"author":{"gitId":"pjahn31"},"content":"    public void unmarkAsDone() {","lastModifiedDate":"2025-02-02","isFullCredit":false},{"lineNumber":20,"author":{"gitId":"pjahn31"},"content":"        this.isDone \u003d false;","lastModifiedDate":"2025-02-02","isFullCredit":false},{"lineNumber":21,"author":{"gitId":"pjahn31"},"content":"    }","lastModifiedDate":"2025-02-02","isFullCredit":false},{"lineNumber":22,"author":{"gitId":"pjahn31"},"content":"","lastModifiedDate":"2025-02-12","isFullCredit":false},{"lineNumber":23,"author":{"gitId":"pjahn31"},"content":"    @Override","lastModifiedDate":"2025-02-12","isFullCredit":false},{"lineNumber":24,"author":{"gitId":"pjahn31"},"content":"    public String toString() {","lastModifiedDate":"2025-02-12","isFullCredit":false},{"lineNumber":25,"author":{"gitId":"pjahn31"},"content":"        return \"[\" + getStatusIcon() + \"] \" + description;","lastModifiedDate":"2025-02-12","isFullCredit":false},{"lineNumber":26,"author":{"gitId":"pjahn31"},"content":"    }","lastModifiedDate":"2025-02-12","isFullCredit":false},{"lineNumber":27,"author":{"gitId":"pjahn31"},"content":"}","lastModifiedDate":"2025-02-02","isFullCredit":false}],"authorContributionMap":{"pjahn31":27}},{"path":"src/main/java/Todo.java","fileType":"java","lines":[{"lineNumber":1,"author":{"gitId":"pjahn31"},"content":"public class Todo extends Task {","lastModifiedDate":"2025-02-12","isFullCredit":false},{"lineNumber":2,"author":{"gitId":"pjahn31"},"content":"","lastModifiedDate":"2025-03-01","isFullCredit":false},{"lineNumber":3,"author":{"gitId":"pjahn31"},"content":"    public Todo(String description) {","lastModifiedDate":"2025-02-12","isFullCredit":false},{"lineNumber":4,"author":{"gitId":"pjahn31"},"content":"        super(description);","lastModifiedDate":"2025-02-12","isFullCredit":false},{"lineNumber":5,"author":{"gitId":"pjahn31"},"content":"    }","lastModifiedDate":"2025-02-12","isFullCredit":false},{"lineNumber":6,"author":{"gitId":"pjahn31"},"content":"","lastModifiedDate":"2025-02-12","isFullCredit":false},{"lineNumber":7,"author":{"gitId":"pjahn31"},"content":"    @Override","lastModifiedDate":"2025-02-12","isFullCredit":false},{"lineNumber":8,"author":{"gitId":"pjahn31"},"content":"    public String toString() {","lastModifiedDate":"2025-02-12","isFullCredit":false},{"lineNumber":9,"author":{"gitId":"pjahn31"},"content":"        return \"[T]\" + super.toString();","lastModifiedDate":"2025-02-12","isFullCredit":false},{"lineNumber":10,"author":{"gitId":"pjahn31"},"content":"    }","lastModifiedDate":"2025-02-12","isFullCredit":false},{"lineNumber":11,"author":{"gitId":"pjahn31"},"content":"}","lastModifiedDate":"2025-02-12","isFullCredit":false}],"authorContributionMap":{"pjahn31":11}}]
