[{"path":"data/harry.txt","fileType":"txt","lines":[{"lineNumber":1,"author":{"gitId":"teokj"},"content":"T | 0 | borrow book","lastModifiedDate":"2025-02-28","isFullCredit":false},{"lineNumber":2,"author":{"gitId":"teokj"},"content":"D | 0 | do homework | no idea :p","lastModifiedDate":"2025-02-28","isFullCredit":false}],"authorContributionMap":{"teokj":2}},{"path":"src/main/java/harry/Harry.java","fileType":"java","lines":[{"lineNumber":1,"author":{"gitId":"teokj"},"content":"package harry;","lastModifiedDate":"2025-02-18","isFullCredit":false},{"lineNumber":2,"author":{"gitId":"teokj"},"content":"","lastModifiedDate":"2025-02-18","isFullCredit":false},{"lineNumber":3,"author":{"gitId":"teokj"},"content":"import harry.exception.HarryException;","lastModifiedDate":"2025-02-28","isFullCredit":false},{"lineNumber":4,"author":{"gitId":"teokj"},"content":"import harry.tasklist.TaskList;","lastModifiedDate":"2025-02-28","isFullCredit":false},{"lineNumber":5,"author":{"gitId":"teokj"},"content":"import harry.storage.Storage;","lastModifiedDate":"2025-02-28","isFullCredit":false},{"lineNumber":6,"author":{"gitId":"teokj"},"content":"import harry.ui.Ui;","lastModifiedDate":"2025-02-28","isFullCredit":false},{"lineNumber":7,"author":{"gitId":"teokj"},"content":"import harry.command.Command;","lastModifiedDate":"2025-02-28","isFullCredit":false},{"lineNumber":8,"author":{"gitId":"teokj"},"content":"import harry.parser.Parser;","lastModifiedDate":"2025-02-28","isFullCredit":false},{"lineNumber":9,"author":{"gitId":"teokj"},"content":"","lastModifiedDate":"2025-02-04","isFullCredit":false},{"lineNumber":10,"author":{"gitId":"teokj"},"content":"public class Harry {","lastModifiedDate":"2025-02-04","isFullCredit":false},{"lineNumber":11,"author":{"gitId":"teokj"},"content":"","lastModifiedDate":"2025-02-04","isFullCredit":false},{"lineNumber":12,"author":{"gitId":"teokj"},"content":"    private final Storage storage;","lastModifiedDate":"2025-02-28","isFullCredit":false},{"lineNumber":13,"author":{"gitId":"teokj"},"content":"    private TaskList tasks;","lastModifiedDate":"2025-02-28","isFullCredit":false},{"lineNumber":14,"author":{"gitId":"teokj"},"content":"    private final Ui ui;","lastModifiedDate":"2025-02-28","isFullCredit":false},{"lineNumber":15,"author":{"gitId":"teokj"},"content":"    private static final String FILE_PATH \u003d \"data/harry.txt\";","lastModifiedDate":"2025-02-28","isFullCredit":false},{"lineNumber":16,"author":{"gitId":"teokj"},"content":"","lastModifiedDate":"2025-02-04","isFullCredit":false},{"lineNumber":17,"author":{"gitId":"teokj"},"content":"    public Harry() {","lastModifiedDate":"2025-02-28","isFullCredit":false},{"lineNumber":18,"author":{"gitId":"teokj"},"content":"        ui \u003d new Ui();","lastModifiedDate":"2025-02-28","isFullCredit":false},{"lineNumber":19,"author":{"gitId":"teokj"},"content":"        storage \u003d new Storage(); // Use default constructor of Storage","lastModifiedDate":"2025-02-28","isFullCredit":false},{"lineNumber":20,"author":{"gitId":"teokj"},"content":"        try {","lastModifiedDate":"2025-02-18","isFullCredit":false},{"lineNumber":21,"author":{"gitId":"teokj"},"content":"            tasks \u003d new TaskList(storage.loadTasks(FILE_PATH)); // Pass file path to loadTasks","lastModifiedDate":"2025-02-28","isFullCredit":false},{"lineNumber":22,"author":{"gitId":"teokj"},"content":"        } catch (HarryException e) {","lastModifiedDate":"2025-02-18","isFullCredit":false},{"lineNumber":23,"author":{"gitId":"teokj"},"content":"            ui.showLoadingError();","lastModifiedDate":"2025-02-28","isFullCredit":false},{"lineNumber":24,"author":{"gitId":"teokj"},"content":"            tasks \u003d new TaskList();","lastModifiedDate":"2025-02-28","isFullCredit":false},{"lineNumber":25,"author":{"gitId":"teokj"},"content":"        }","lastModifiedDate":"2025-02-04","isFullCredit":false},{"lineNumber":26,"author":{"gitId":"teokj"},"content":"    }","lastModifiedDate":"2025-02-11","isFullCredit":false},{"lineNumber":27,"author":{"gitId":"teokj"},"content":"","lastModifiedDate":"2025-02-11","isFullCredit":false},{"lineNumber":28,"author":{"gitId":"teokj"},"content":"    public void run() {","lastModifiedDate":"2025-02-28","isFullCredit":false},{"lineNumber":29,"author":{"gitId":"teokj"},"content":"        ui.showWelcome();","lastModifiedDate":"2025-02-28","isFullCredit":false},{"lineNumber":30,"author":{"gitId":"teokj"},"content":"        boolean isExit \u003d false;","lastModifiedDate":"2025-02-28","isFullCredit":false},{"lineNumber":31,"author":{"gitId":"teokj"},"content":"        while (!isExit) {","lastModifiedDate":"2025-02-28","isFullCredit":false},{"lineNumber":32,"author":{"gitId":"teokj"},"content":"            try {","lastModifiedDate":"2025-02-18","isFullCredit":false},{"lineNumber":33,"author":{"gitId":"teokj"},"content":"                String fullCommand \u003d ui.readCommand();","lastModifiedDate":"2025-02-28","isFullCredit":false},{"lineNumber":34,"author":{"gitId":"teokj"},"content":"                ui.showLine(); // show the divider line","lastModifiedDate":"2025-02-28","isFullCredit":false},{"lineNumber":35,"author":{"gitId":"teokj"},"content":"                Command c \u003d Parser.parse(fullCommand);","lastModifiedDate":"2025-02-28","isFullCredit":false},{"lineNumber":36,"author":{"gitId":"teokj"},"content":"                c.execute(tasks, ui, storage);","lastModifiedDate":"2025-02-28","isFullCredit":false},{"lineNumber":37,"author":{"gitId":"teokj"},"content":"                isExit \u003d c.isExit();","lastModifiedDate":"2025-02-28","isFullCredit":false},{"lineNumber":38,"author":{"gitId":"teokj"},"content":"            } catch (HarryException e) {","lastModifiedDate":"2025-02-28","isFullCredit":false},{"lineNumber":39,"author":{"gitId":"teokj"},"content":"                ui.showError(e.getMessage());","lastModifiedDate":"2025-02-28","isFullCredit":false},{"lineNumber":40,"author":{"gitId":"teokj"},"content":"            } finally {","lastModifiedDate":"2025-02-28","isFullCredit":false},{"lineNumber":41,"author":{"gitId":"teokj"},"content":"                ui.showLine();","lastModifiedDate":"2025-02-28","isFullCredit":false},{"lineNumber":42,"author":{"gitId":"teokj"},"content":"            }","lastModifiedDate":"2025-02-18","isFullCredit":false},{"lineNumber":43,"author":{"gitId":"teokj"},"content":"        }","lastModifiedDate":"2025-02-18","isFullCredit":false},{"lineNumber":44,"author":{"gitId":"teokj"},"content":"    }","lastModifiedDate":"2025-02-18","isFullCredit":false},{"lineNumber":45,"author":{"gitId":"teokj"},"content":"","lastModifiedDate":"2025-02-18","isFullCredit":false},{"lineNumber":46,"author":{"gitId":"teokj"},"content":"    public static void main(String[] args) {","lastModifiedDate":"2025-02-28","isFullCredit":false},{"lineNumber":47,"author":{"gitId":"teokj"},"content":"        new Harry().run();","lastModifiedDate":"2025-02-28","isFullCredit":false},{"lineNumber":48,"author":{"gitId":"teokj"},"content":"    }","lastModifiedDate":"2025-02-04","isFullCredit":false},{"lineNumber":49,"author":{"gitId":"teokj"},"content":"}","lastModifiedDate":"2025-02-11","isFullCredit":false},{"lineNumber":50,"author":{"gitId":"teokj"},"content":"","lastModifiedDate":"2025-02-11","isFullCredit":false},{"lineNumber":51,"author":{"gitId":"teokj"},"content":"","lastModifiedDate":"2025-02-18","isFullCredit":false},{"lineNumber":52,"author":{"gitId":"teokj"},"content":"","lastModifiedDate":"2025-02-18","isFullCredit":false},{"lineNumber":53,"author":{"gitId":"teokj"},"content":"","lastModifiedDate":"2025-02-11","isFullCredit":false},{"lineNumber":54,"author":{"gitId":"teokj"},"content":"","lastModifiedDate":"2025-02-11","isFullCredit":false},{"lineNumber":55,"author":{"gitId":"teokj"},"content":"","lastModifiedDate":"2025-02-11","isFullCredit":false},{"lineNumber":56,"author":{"gitId":"teokj"},"content":"","lastModifiedDate":"2025-02-11","isFullCredit":false},{"lineNumber":57,"author":{"gitId":"teokj"},"content":"","lastModifiedDate":"2025-02-19","isFullCredit":false}],"authorContributionMap":{"teokj":57}},{"path":"src/main/java/harry/command/AddCommand.java","fileType":"java","lines":[{"lineNumber":1,"author":{"gitId":"teokj"},"content":"package harry.command;","lastModifiedDate":"2025-02-28","isFullCredit":false},{"lineNumber":2,"author":{"gitId":"teokj"},"content":"","lastModifiedDate":"2025-02-28","isFullCredit":false},{"lineNumber":3,"author":{"gitId":"teokj"},"content":"import harry.tasklist.TaskList;","lastModifiedDate":"2025-02-28","isFullCredit":false},{"lineNumber":4,"author":{"gitId":"teokj"},"content":"import harry.ui.Ui;","lastModifiedDate":"2025-02-28","isFullCredit":false},{"lineNumber":5,"author":{"gitId":"teokj"},"content":"import harry.storage.Storage;","lastModifiedDate":"2025-02-28","isFullCredit":false},{"lineNumber":6,"author":{"gitId":"teokj"},"content":"import harry.task.Task;","lastModifiedDate":"2025-02-28","isFullCredit":false},{"lineNumber":7,"author":{"gitId":"teokj"},"content":"import harry.exception.HarryException;","lastModifiedDate":"2025-02-28","isFullCredit":false},{"lineNumber":8,"author":{"gitId":"teokj"},"content":"","lastModifiedDate":"2025-02-28","isFullCredit":false},{"lineNumber":9,"author":{"gitId":"teokj"},"content":"public class AddCommand extends Command {","lastModifiedDate":"2025-02-28","isFullCredit":false},{"lineNumber":10,"author":{"gitId":"teokj"},"content":"    private final Task task;","lastModifiedDate":"2025-02-28","isFullCredit":false},{"lineNumber":11,"author":{"gitId":"teokj"},"content":"","lastModifiedDate":"2025-02-28","isFullCredit":false},{"lineNumber":12,"author":{"gitId":"teokj"},"content":"    public AddCommand(Task task) {","lastModifiedDate":"2025-02-28","isFullCredit":false},{"lineNumber":13,"author":{"gitId":"teokj"},"content":"        this.task \u003d task;","lastModifiedDate":"2025-02-28","isFullCredit":false},{"lineNumber":14,"author":{"gitId":"teokj"},"content":"    }","lastModifiedDate":"2025-02-28","isFullCredit":false},{"lineNumber":15,"author":{"gitId":"teokj"},"content":"","lastModifiedDate":"2025-02-28","isFullCredit":false},{"lineNumber":16,"author":{"gitId":"teokj"},"content":"    @Override","lastModifiedDate":"2025-02-28","isFullCredit":false},{"lineNumber":17,"author":{"gitId":"teokj"},"content":"    public void execute(TaskList tasks, Ui ui, Storage storage) throws HarryException {","lastModifiedDate":"2025-02-28","isFullCredit":false},{"lineNumber":18,"author":{"gitId":"teokj"},"content":"        tasks.addTask(task, ui);","lastModifiedDate":"2025-02-28","isFullCredit":false},{"lineNumber":19,"author":{"gitId":"teokj"},"content":"        storage.saveTasks(tasks.getTasks());","lastModifiedDate":"2025-02-28","isFullCredit":false},{"lineNumber":20,"author":{"gitId":"teokj"},"content":"    }","lastModifiedDate":"2025-02-28","isFullCredit":false},{"lineNumber":21,"author":{"gitId":"teokj"},"content":"}","lastModifiedDate":"2025-02-28","isFullCredit":false},{"lineNumber":22,"author":{"gitId":"teokj"},"content":"","lastModifiedDate":"2025-02-28","isFullCredit":false}],"authorContributionMap":{"teokj":22}},{"path":"src/main/java/harry/command/Command.java","fileType":"java","lines":[{"lineNumber":1,"author":{"gitId":"teokj"},"content":"package harry.command;","lastModifiedDate":"2025-02-28","isFullCredit":false},{"lineNumber":2,"author":{"gitId":"teokj"},"content":"","lastModifiedDate":"2025-02-28","isFullCredit":false},{"lineNumber":3,"author":{"gitId":"teokj"},"content":"import harry.tasklist.TaskList;","lastModifiedDate":"2025-02-28","isFullCredit":false},{"lineNumber":4,"author":{"gitId":"teokj"},"content":"import harry.ui.Ui;","lastModifiedDate":"2025-02-28","isFullCredit":false},{"lineNumber":5,"author":{"gitId":"teokj"},"content":"import harry.storage.Storage;","lastModifiedDate":"2025-02-28","isFullCredit":false},{"lineNumber":6,"author":{"gitId":"teokj"},"content":"import harry.exception.HarryException;","lastModifiedDate":"2025-02-28","isFullCredit":false},{"lineNumber":7,"author":{"gitId":"teokj"},"content":"","lastModifiedDate":"2025-02-28","isFullCredit":false},{"lineNumber":8,"author":{"gitId":"teokj"},"content":"public abstract class Command {","lastModifiedDate":"2025-02-28","isFullCredit":false},{"lineNumber":9,"author":{"gitId":"teokj"},"content":"    public abstract void execute(TaskList tasks, Ui ui, Storage storage) throws HarryException;","lastModifiedDate":"2025-02-28","isFullCredit":false},{"lineNumber":10,"author":{"gitId":"teokj"},"content":"    public boolean isExit() {","lastModifiedDate":"2025-02-28","isFullCredit":false},{"lineNumber":11,"author":{"gitId":"teokj"},"content":"        return false;","lastModifiedDate":"2025-02-28","isFullCredit":false},{"lineNumber":12,"author":{"gitId":"teokj"},"content":"    }","lastModifiedDate":"2025-02-28","isFullCredit":false},{"lineNumber":13,"author":{"gitId":"teokj"},"content":"}","lastModifiedDate":"2025-02-28","isFullCredit":false},{"lineNumber":14,"author":{"gitId":"teokj"},"content":"","lastModifiedDate":"2025-02-28","isFullCredit":false}],"authorContributionMap":{"teokj":14}},{"path":"src/main/java/harry/command/DeleteCommand.java","fileType":"java","lines":[{"lineNumber":1,"author":{"gitId":"teokj"},"content":"package harry.command;","lastModifiedDate":"2025-02-28","isFullCredit":false},{"lineNumber":2,"author":{"gitId":"teokj"},"content":"","lastModifiedDate":"2025-02-28","isFullCredit":false},{"lineNumber":3,"author":{"gitId":"teokj"},"content":"import harry.tasklist.TaskList;","lastModifiedDate":"2025-02-28","isFullCredit":false},{"lineNumber":4,"author":{"gitId":"teokj"},"content":"import harry.ui.Ui;","lastModifiedDate":"2025-02-28","isFullCredit":false},{"lineNumber":5,"author":{"gitId":"teokj"},"content":"import harry.storage.Storage;","lastModifiedDate":"2025-02-28","isFullCredit":false},{"lineNumber":6,"author":{"gitId":"teokj"},"content":"import harry.exception.HarryException;","lastModifiedDate":"2025-02-28","isFullCredit":false},{"lineNumber":7,"author":{"gitId":"teokj"},"content":"","lastModifiedDate":"2025-02-28","isFullCredit":false},{"lineNumber":8,"author":{"gitId":"teokj"},"content":"public class DeleteCommand extends Command {","lastModifiedDate":"2025-02-28","isFullCredit":false},{"lineNumber":9,"author":{"gitId":"teokj"},"content":"    private final int index;","lastModifiedDate":"2025-02-28","isFullCredit":false},{"lineNumber":10,"author":{"gitId":"teokj"},"content":"","lastModifiedDate":"2025-02-28","isFullCredit":false},{"lineNumber":11,"author":{"gitId":"teokj"},"content":"    public DeleteCommand(int index) {","lastModifiedDate":"2025-02-28","isFullCredit":false},{"lineNumber":12,"author":{"gitId":"teokj"},"content":"        this.index \u003d index;","lastModifiedDate":"2025-02-28","isFullCredit":false},{"lineNumber":13,"author":{"gitId":"teokj"},"content":"    }","lastModifiedDate":"2025-02-28","isFullCredit":false},{"lineNumber":14,"author":{"gitId":"teokj"},"content":"","lastModifiedDate":"2025-02-28","isFullCredit":false},{"lineNumber":15,"author":{"gitId":"teokj"},"content":"    @Override","lastModifiedDate":"2025-02-28","isFullCredit":false},{"lineNumber":16,"author":{"gitId":"teokj"},"content":"    public void execute(TaskList tasks, Ui ui, Storage storage) throws HarryException {","lastModifiedDate":"2025-02-28","isFullCredit":false},{"lineNumber":17,"author":{"gitId":"teokj"},"content":"        if (index \u003c 0 || index \u003e\u003d tasks.getTasks().size()) {","lastModifiedDate":"2025-02-28","isFullCredit":false},{"lineNumber":18,"author":{"gitId":"teokj"},"content":"            throw new HarryException(\"Invalid task number!\");","lastModifiedDate":"2025-02-28","isFullCredit":false},{"lineNumber":19,"author":{"gitId":"teokj"},"content":"        }","lastModifiedDate":"2025-02-28","isFullCredit":false},{"lineNumber":20,"author":{"gitId":"teokj"},"content":"        tasks.deleteTask(index, ui);","lastModifiedDate":"2025-02-28","isFullCredit":false},{"lineNumber":21,"author":{"gitId":"teokj"},"content":"        storage.saveTasks(tasks.getTasks());","lastModifiedDate":"2025-02-28","isFullCredit":false},{"lineNumber":22,"author":{"gitId":"teokj"},"content":"    }","lastModifiedDate":"2025-02-28","isFullCredit":false},{"lineNumber":23,"author":{"gitId":"teokj"},"content":"}","lastModifiedDate":"2025-02-28","isFullCredit":false},{"lineNumber":24,"author":{"gitId":"teokj"},"content":"","lastModifiedDate":"2025-02-28","isFullCredit":false}],"authorContributionMap":{"teokj":24}},{"path":"src/main/java/harry/command/ExitCommand.java","fileType":"java","lines":[{"lineNumber":1,"author":{"gitId":"teokj"},"content":"package harry.command;","lastModifiedDate":"2025-02-28","isFullCredit":false},{"lineNumber":2,"author":{"gitId":"teokj"},"content":"","lastModifiedDate":"2025-02-28","isFullCredit":false},{"lineNumber":3,"author":{"gitId":"teokj"},"content":"import harry.tasklist.TaskList;","lastModifiedDate":"2025-02-28","isFullCredit":false},{"lineNumber":4,"author":{"gitId":"teokj"},"content":"import harry.ui.Ui;","lastModifiedDate":"2025-02-28","isFullCredit":false},{"lineNumber":5,"author":{"gitId":"teokj"},"content":"import harry.storage.Storage;","lastModifiedDate":"2025-02-28","isFullCredit":false},{"lineNumber":6,"author":{"gitId":"teokj"},"content":"","lastModifiedDate":"2025-02-28","isFullCredit":false},{"lineNumber":7,"author":{"gitId":"teokj"},"content":"public class ExitCommand extends Command {","lastModifiedDate":"2025-02-28","isFullCredit":false},{"lineNumber":8,"author":{"gitId":"teokj"},"content":"    @Override","lastModifiedDate":"2025-02-28","isFullCredit":false},{"lineNumber":9,"author":{"gitId":"teokj"},"content":"    public void execute(TaskList tasks, Ui ui, Storage storage) {","lastModifiedDate":"2025-02-28","isFullCredit":false},{"lineNumber":10,"author":{"gitId":"teokj"},"content":"        ui.showExitMessage();","lastModifiedDate":"2025-02-28","isFullCredit":false},{"lineNumber":11,"author":{"gitId":"teokj"},"content":"    }","lastModifiedDate":"2025-02-28","isFullCredit":false},{"lineNumber":12,"author":{"gitId":"teokj"},"content":"","lastModifiedDate":"2025-02-28","isFullCredit":false},{"lineNumber":13,"author":{"gitId":"teokj"},"content":"    @Override","lastModifiedDate":"2025-02-28","isFullCredit":false},{"lineNumber":14,"author":{"gitId":"teokj"},"content":"    public boolean isExit() {","lastModifiedDate":"2025-02-28","isFullCredit":false},{"lineNumber":15,"author":{"gitId":"teokj"},"content":"        return true;","lastModifiedDate":"2025-02-28","isFullCredit":false},{"lineNumber":16,"author":{"gitId":"teokj"},"content":"    }","lastModifiedDate":"2025-02-28","isFullCredit":false},{"lineNumber":17,"author":{"gitId":"teokj"},"content":"}","lastModifiedDate":"2025-02-28","isFullCredit":false},{"lineNumber":18,"author":{"gitId":"teokj"},"content":"","lastModifiedDate":"2025-02-28","isFullCredit":false}],"authorContributionMap":{"teokj":18}},{"path":"src/main/java/harry/command/ListCommand.java","fileType":"java","lines":[{"lineNumber":1,"author":{"gitId":"teokj"},"content":"package harry.command;","lastModifiedDate":"2025-02-28","isFullCredit":false},{"lineNumber":2,"author":{"gitId":"teokj"},"content":"","lastModifiedDate":"2025-02-28","isFullCredit":false},{"lineNumber":3,"author":{"gitId":"teokj"},"content":"import harry.tasklist.TaskList;","lastModifiedDate":"2025-02-28","isFullCredit":false},{"lineNumber":4,"author":{"gitId":"teokj"},"content":"import harry.ui.Ui;","lastModifiedDate":"2025-02-28","isFullCredit":false},{"lineNumber":5,"author":{"gitId":"teokj"},"content":"import harry.storage.Storage;","lastModifiedDate":"2025-02-28","isFullCredit":false},{"lineNumber":6,"author":{"gitId":"teokj"},"content":"","lastModifiedDate":"2025-02-28","isFullCredit":false},{"lineNumber":7,"author":{"gitId":"teokj"},"content":"public class ListCommand extends Command {","lastModifiedDate":"2025-02-28","isFullCredit":false},{"lineNumber":8,"author":{"gitId":"teokj"},"content":"    @Override","lastModifiedDate":"2025-02-28","isFullCredit":false},{"lineNumber":9,"author":{"gitId":"teokj"},"content":"    public void execute(TaskList tasks, Ui ui, Storage storage) {","lastModifiedDate":"2025-02-28","isFullCredit":false},{"lineNumber":10,"author":{"gitId":"teokj"},"content":"        tasks.listTasks(ui);","lastModifiedDate":"2025-02-28","isFullCredit":false},{"lineNumber":11,"author":{"gitId":"teokj"},"content":"    }","lastModifiedDate":"2025-02-28","isFullCredit":false},{"lineNumber":12,"author":{"gitId":"teokj"},"content":"}","lastModifiedDate":"2025-02-28","isFullCredit":false},{"lineNumber":13,"author":{"gitId":"teokj"},"content":"","lastModifiedDate":"2025-02-28","isFullCredit":false}],"authorContributionMap":{"teokj":13}},{"path":"src/main/java/harry/command/MarkCommand.java","fileType":"java","lines":[{"lineNumber":1,"author":{"gitId":"teokj"},"content":"package harry.command;","lastModifiedDate":"2025-02-28","isFullCredit":false},{"lineNumber":2,"author":{"gitId":"teokj"},"content":"","lastModifiedDate":"2025-02-28","isFullCredit":false},{"lineNumber":3,"author":{"gitId":"teokj"},"content":"import harry.tasklist.TaskList;","lastModifiedDate":"2025-02-28","isFullCredit":false},{"lineNumber":4,"author":{"gitId":"teokj"},"content":"import harry.ui.Ui;","lastModifiedDate":"2025-02-28","isFullCredit":false},{"lineNumber":5,"author":{"gitId":"teokj"},"content":"import harry.storage.Storage;","lastModifiedDate":"2025-02-28","isFullCredit":false},{"lineNumber":6,"author":{"gitId":"teokj"},"content":"import harry.exception.HarryException;","lastModifiedDate":"2025-02-28","isFullCredit":false},{"lineNumber":7,"author":{"gitId":"teokj"},"content":"","lastModifiedDate":"2025-02-28","isFullCredit":false},{"lineNumber":8,"author":{"gitId":"teokj"},"content":"public class MarkCommand extends Command {","lastModifiedDate":"2025-02-28","isFullCredit":false},{"lineNumber":9,"author":{"gitId":"teokj"},"content":"    private final int index;","lastModifiedDate":"2025-02-28","isFullCredit":false},{"lineNumber":10,"author":{"gitId":"teokj"},"content":"","lastModifiedDate":"2025-02-28","isFullCredit":false},{"lineNumber":11,"author":{"gitId":"teokj"},"content":"    public MarkCommand(int index) {","lastModifiedDate":"2025-02-28","isFullCredit":false},{"lineNumber":12,"author":{"gitId":"teokj"},"content":"        this.index \u003d index;","lastModifiedDate":"2025-02-28","isFullCredit":false},{"lineNumber":13,"author":{"gitId":"teokj"},"content":"    }","lastModifiedDate":"2025-02-28","isFullCredit":false},{"lineNumber":14,"author":{"gitId":"teokj"},"content":"","lastModifiedDate":"2025-02-28","isFullCredit":false},{"lineNumber":15,"author":{"gitId":"teokj"},"content":"    @Override","lastModifiedDate":"2025-02-28","isFullCredit":false},{"lineNumber":16,"author":{"gitId":"teokj"},"content":"    public void execute(TaskList tasks, Ui ui, Storage storage) throws HarryException {","lastModifiedDate":"2025-02-28","isFullCredit":false},{"lineNumber":17,"author":{"gitId":"teokj"},"content":"        if (index \u003c 0 || index \u003e\u003d tasks.getTasks().size()) {","lastModifiedDate":"2025-02-28","isFullCredit":false},{"lineNumber":18,"author":{"gitId":"teokj"},"content":"            throw new HarryException(\"Invalid task number!\");","lastModifiedDate":"2025-02-28","isFullCredit":false},{"lineNumber":19,"author":{"gitId":"teokj"},"content":"        }","lastModifiedDate":"2025-02-28","isFullCredit":false},{"lineNumber":20,"author":{"gitId":"teokj"},"content":"        tasks.markTask(index, ui);","lastModifiedDate":"2025-02-28","isFullCredit":false},{"lineNumber":21,"author":{"gitId":"teokj"},"content":"        ui.showMessage(\"Task marked as done.\");","lastModifiedDate":"2025-02-28","isFullCredit":false},{"lineNumber":22,"author":{"gitId":"teokj"},"content":"        storage.saveTasks(tasks.getTasks());","lastModifiedDate":"2025-02-28","isFullCredit":false},{"lineNumber":23,"author":{"gitId":"teokj"},"content":"    }","lastModifiedDate":"2025-02-28","isFullCredit":false},{"lineNumber":24,"author":{"gitId":"teokj"},"content":"}","lastModifiedDate":"2025-02-28","isFullCredit":false},{"lineNumber":25,"author":{"gitId":"teokj"},"content":"","lastModifiedDate":"2025-02-28","isFullCredit":false}],"authorContributionMap":{"teokj":25}},{"path":"src/main/java/harry/command/UnmarkCommand.java","fileType":"java","lines":[{"lineNumber":1,"author":{"gitId":"teokj"},"content":"package harry.command;","lastModifiedDate":"2025-02-28","isFullCredit":false},{"lineNumber":2,"author":{"gitId":"teokj"},"content":"","lastModifiedDate":"2025-02-28","isFullCredit":false},{"lineNumber":3,"author":{"gitId":"teokj"},"content":"import harry.tasklist.TaskList;","lastModifiedDate":"2025-02-28","isFullCredit":false},{"lineNumber":4,"author":{"gitId":"teokj"},"content":"import harry.ui.Ui;","lastModifiedDate":"2025-02-28","isFullCredit":false},{"lineNumber":5,"author":{"gitId":"teokj"},"content":"import harry.storage.Storage;","lastModifiedDate":"2025-02-28","isFullCredit":false},{"lineNumber":6,"author":{"gitId":"teokj"},"content":"import harry.exception.HarryException;","lastModifiedDate":"2025-02-28","isFullCredit":false},{"lineNumber":7,"author":{"gitId":"teokj"},"content":"","lastModifiedDate":"2025-02-28","isFullCredit":false},{"lineNumber":8,"author":{"gitId":"teokj"},"content":"public class UnmarkCommand extends Command {","lastModifiedDate":"2025-02-28","isFullCredit":false},{"lineNumber":9,"author":{"gitId":"teokj"},"content":"    private final int index;","lastModifiedDate":"2025-02-28","isFullCredit":false},{"lineNumber":10,"author":{"gitId":"teokj"},"content":"","lastModifiedDate":"2025-02-28","isFullCredit":false},{"lineNumber":11,"author":{"gitId":"teokj"},"content":"    public UnmarkCommand(int index) {","lastModifiedDate":"2025-02-28","isFullCredit":false},{"lineNumber":12,"author":{"gitId":"teokj"},"content":"        this.index \u003d index;","lastModifiedDate":"2025-02-28","isFullCredit":false},{"lineNumber":13,"author":{"gitId":"teokj"},"content":"    }","lastModifiedDate":"2025-02-28","isFullCredit":false},{"lineNumber":14,"author":{"gitId":"teokj"},"content":"","lastModifiedDate":"2025-02-28","isFullCredit":false},{"lineNumber":15,"author":{"gitId":"teokj"},"content":"    @Override","lastModifiedDate":"2025-02-28","isFullCredit":false},{"lineNumber":16,"author":{"gitId":"teokj"},"content":"    public void execute(TaskList tasks, Ui ui, Storage storage) throws HarryException {","lastModifiedDate":"2025-02-28","isFullCredit":false},{"lineNumber":17,"author":{"gitId":"teokj"},"content":"        if (index \u003c 0 || index \u003e\u003d tasks.getTasks().size()) {","lastModifiedDate":"2025-02-28","isFullCredit":false},{"lineNumber":18,"author":{"gitId":"teokj"},"content":"            throw new HarryException(\"Invalid task number!\");","lastModifiedDate":"2025-02-28","isFullCredit":false},{"lineNumber":19,"author":{"gitId":"teokj"},"content":"        }","lastModifiedDate":"2025-02-28","isFullCredit":false},{"lineNumber":20,"author":{"gitId":"teokj"},"content":"        tasks.unmarkTask(index, ui);","lastModifiedDate":"2025-02-28","isFullCredit":false},{"lineNumber":21,"author":{"gitId":"teokj"},"content":"        ui.showMessage(\"Task marked as not done.\");","lastModifiedDate":"2025-02-28","isFullCredit":false},{"lineNumber":22,"author":{"gitId":"teokj"},"content":"        storage.saveTasks(tasks.getTasks());","lastModifiedDate":"2025-02-28","isFullCredit":false},{"lineNumber":23,"author":{"gitId":"teokj"},"content":"    }","lastModifiedDate":"2025-02-28","isFullCredit":false},{"lineNumber":24,"author":{"gitId":"teokj"},"content":"}","lastModifiedDate":"2025-02-28","isFullCredit":false},{"lineNumber":25,"author":{"gitId":"teokj"},"content":"","lastModifiedDate":"2025-02-28","isFullCredit":false}],"authorContributionMap":{"teokj":25}},{"path":"src/main/java/harry/exception/HarryException.java","fileType":"java","lines":[{"lineNumber":1,"author":{"gitId":"teokj"},"content":"package harry.exception;","lastModifiedDate":"2025-02-28","isFullCredit":false},{"lineNumber":2,"author":{"gitId":"teokj"},"content":"","lastModifiedDate":"2025-02-18","isFullCredit":false},{"lineNumber":3,"author":{"gitId":"teokj"},"content":"public class HarryException extends Exception {","lastModifiedDate":"2025-02-18","isFullCredit":false},{"lineNumber":4,"author":{"gitId":"teokj"},"content":"    public HarryException(String message) {","lastModifiedDate":"2025-02-18","isFullCredit":false},{"lineNumber":5,"author":{"gitId":"teokj"},"content":"        super(message);","lastModifiedDate":"2025-02-18","isFullCredit":false},{"lineNumber":6,"author":{"gitId":"teokj"},"content":"    }","lastModifiedDate":"2025-02-18","isFullCredit":false},{"lineNumber":7,"author":{"gitId":"teokj"},"content":"}","lastModifiedDate":"2025-02-18","isFullCredit":false}],"authorContributionMap":{"teokj":7}},{"path":"src/main/java/harry/parser/Parser.java","fileType":"java","lines":[{"lineNumber":1,"author":{"gitId":"teokj"},"content":"package harry.parser;","lastModifiedDate":"2025-02-28","isFullCredit":false},{"lineNumber":2,"author":{"gitId":"teokj"},"content":"","lastModifiedDate":"2025-02-28","isFullCredit":false},{"lineNumber":3,"author":{"gitId":"teokj"},"content":"import harry.command.*;","lastModifiedDate":"2025-02-28","isFullCredit":false},{"lineNumber":4,"author":{"gitId":"teokj"},"content":"import harry.exception.HarryException;","lastModifiedDate":"2025-02-28","isFullCredit":false},{"lineNumber":5,"author":{"gitId":"teokj"},"content":"import harry.task.Todo;","lastModifiedDate":"2025-02-28","isFullCredit":false},{"lineNumber":6,"author":{"gitId":"teokj"},"content":"import harry.task.Event;","lastModifiedDate":"2025-02-28","isFullCredit":false},{"lineNumber":7,"author":{"gitId":"teokj"},"content":"import harry.task.Deadline;","lastModifiedDate":"2025-02-28","isFullCredit":false},{"lineNumber":8,"author":{"gitId":"teokj"},"content":"","lastModifiedDate":"2025-02-28","isFullCredit":false},{"lineNumber":9,"author":{"gitId":"teokj"},"content":"public class Parser {","lastModifiedDate":"2025-02-28","isFullCredit":false},{"lineNumber":10,"author":{"gitId":"teokj"},"content":"    public static Command parse(String userInput) throws HarryException {","lastModifiedDate":"2025-02-28","isFullCredit":false},{"lineNumber":11,"author":{"gitId":"teokj"},"content":"        String[] parts \u003d userInput.split(\" \", 2);","lastModifiedDate":"2025-02-28","isFullCredit":false},{"lineNumber":12,"author":{"gitId":"teokj"},"content":"        String commandType \u003d parts[0];","lastModifiedDate":"2025-02-28","isFullCredit":false},{"lineNumber":13,"author":{"gitId":"teokj"},"content":"","lastModifiedDate":"2025-02-28","isFullCredit":false},{"lineNumber":14,"author":{"gitId":"teokj"},"content":"        switch (commandType) {","lastModifiedDate":"2025-02-28","isFullCredit":false},{"lineNumber":15,"author":{"gitId":"teokj"},"content":"            case \"bye\":","lastModifiedDate":"2025-02-28","isFullCredit":false},{"lineNumber":16,"author":{"gitId":"teokj"},"content":"                return new ExitCommand();","lastModifiedDate":"2025-02-28","isFullCredit":false},{"lineNumber":17,"author":{"gitId":"teokj"},"content":"            case \"list\":","lastModifiedDate":"2025-02-28","isFullCredit":false},{"lineNumber":18,"author":{"gitId":"teokj"},"content":"                return new ListCommand();","lastModifiedDate":"2025-02-28","isFullCredit":false},{"lineNumber":19,"author":{"gitId":"teokj"},"content":"            case \"mark\":","lastModifiedDate":"2025-02-28","isFullCredit":false},{"lineNumber":20,"author":{"gitId":"teokj"},"content":"                return new MarkCommand(Integer.parseInt(parts[1]) - 1);","lastModifiedDate":"2025-02-28","isFullCredit":false},{"lineNumber":21,"author":{"gitId":"teokj"},"content":"            case \"unmark\":","lastModifiedDate":"2025-02-28","isFullCredit":false},{"lineNumber":22,"author":{"gitId":"teokj"},"content":"                return new UnmarkCommand(Integer.parseInt(parts[1]) - 1);","lastModifiedDate":"2025-02-28","isFullCredit":false},{"lineNumber":23,"author":{"gitId":"teokj"},"content":"            case \"delete\":","lastModifiedDate":"2025-02-28","isFullCredit":false},{"lineNumber":24,"author":{"gitId":"teokj"},"content":"                return new DeleteCommand(Integer.parseInt(parts[1]) - 1);","lastModifiedDate":"2025-02-28","isFullCredit":false},{"lineNumber":25,"author":{"gitId":"teokj"},"content":"            case \"todo\":","lastModifiedDate":"2025-02-28","isFullCredit":false},{"lineNumber":26,"author":{"gitId":"teokj"},"content":"                if (parts.length \u003c 2 || parts[1].trim().isEmpty()) {","lastModifiedDate":"2025-02-28","isFullCredit":false},{"lineNumber":27,"author":{"gitId":"teokj"},"content":"                    throw new HarryException(\"OOPS!!! Invalid command. Use: todo [description]\");","lastModifiedDate":"2025-02-28","isFullCredit":false},{"lineNumber":28,"author":{"gitId":"teokj"},"content":"                }","lastModifiedDate":"2025-02-28","isFullCredit":false},{"lineNumber":29,"author":{"gitId":"teokj"},"content":"                return new AddCommand(new Todo(parts[1]));","lastModifiedDate":"2025-02-28","isFullCredit":false},{"lineNumber":30,"author":{"gitId":"teokj"},"content":"            case \"deadline\":","lastModifiedDate":"2025-02-28","isFullCredit":false},{"lineNumber":31,"author":{"gitId":"teokj"},"content":"                if (parts.length \u003c 2 || !parts[1].contains(\" /by \")) {","lastModifiedDate":"2025-02-28","isFullCredit":false},{"lineNumber":32,"author":{"gitId":"teokj"},"content":"                    throw new HarryException(\"OOPS!!! Invalid command. Use: deadline [description] /by [time]\");","lastModifiedDate":"2025-02-28","isFullCredit":false},{"lineNumber":33,"author":{"gitId":"teokj"},"content":"                }","lastModifiedDate":"2025-02-28","isFullCredit":false},{"lineNumber":34,"author":{"gitId":"teokj"},"content":"                String[] details \u003d parts[1].split(\" /by \", 2);","lastModifiedDate":"2025-02-28","isFullCredit":false},{"lineNumber":35,"author":{"gitId":"teokj"},"content":"                return new AddCommand(new Deadline(details[0], details[1]));","lastModifiedDate":"2025-02-28","isFullCredit":false},{"lineNumber":36,"author":{"gitId":"teokj"},"content":"            case \"event\":","lastModifiedDate":"2025-02-28","isFullCredit":false},{"lineNumber":37,"author":{"gitId":"teokj"},"content":"                if (parts.length \u003c 2 || !parts[1].contains(\" /from \") || !parts[1].contains(\" /to \")) {","lastModifiedDate":"2025-02-28","isFullCredit":false},{"lineNumber":38,"author":{"gitId":"teokj"},"content":"                    throw new HarryException(\"OOPS!!! Invalid command. Use: event [description] /from [start time] /to [end time]\");","lastModifiedDate":"2025-02-28","isFullCredit":false},{"lineNumber":39,"author":{"gitId":"teokj"},"content":"                }","lastModifiedDate":"2025-02-28","isFullCredit":false},{"lineNumber":40,"author":{"gitId":"teokj"},"content":"                String[] eventDetails \u003d parts[1].split(\" /from | /to \", 3);","lastModifiedDate":"2025-02-28","isFullCredit":false},{"lineNumber":41,"author":{"gitId":"teokj"},"content":"                return new AddCommand(new Event(eventDetails[0], eventDetails[1], eventDetails[2]));","lastModifiedDate":"2025-02-28","isFullCredit":false},{"lineNumber":42,"author":{"gitId":"teokj"},"content":"            default:","lastModifiedDate":"2025-02-28","isFullCredit":false},{"lineNumber":43,"author":{"gitId":"teokj"},"content":"                throw new HarryException(\"OOPS!!! Unknown command. Please try again.\");","lastModifiedDate":"2025-02-28","isFullCredit":false},{"lineNumber":44,"author":{"gitId":"teokj"},"content":"        }","lastModifiedDate":"2025-02-28","isFullCredit":false},{"lineNumber":45,"author":{"gitId":"teokj"},"content":"    }","lastModifiedDate":"2025-02-28","isFullCredit":false},{"lineNumber":46,"author":{"gitId":"teokj"},"content":"}","lastModifiedDate":"2025-02-28","isFullCredit":false},{"lineNumber":47,"author":{"gitId":"teokj"},"content":"","lastModifiedDate":"2025-02-28","isFullCredit":false}],"authorContributionMap":{"teokj":47}},{"path":"src/main/java/harry/storage/Storage.java","fileType":"java","lines":[{"lineNumber":1,"author":{"gitId":"teokj"},"content":"package harry.storage;","lastModifiedDate":"2025-02-28","isFullCredit":false},{"lineNumber":2,"author":{"gitId":"teokj"},"content":"","lastModifiedDate":"2025-02-28","isFullCredit":false},{"lineNumber":3,"author":{"gitId":"teokj"},"content":"import harry.task.Task;","lastModifiedDate":"2025-02-28","isFullCredit":false},{"lineNumber":4,"author":{"gitId":"teokj"},"content":"import harry.task.Todo;","lastModifiedDate":"2025-02-28","isFullCredit":false},{"lineNumber":5,"author":{"gitId":"teokj"},"content":"import harry.task.Deadline;","lastModifiedDate":"2025-02-28","isFullCredit":false},{"lineNumber":6,"author":{"gitId":"teokj"},"content":"import harry.task.Event;","lastModifiedDate":"2025-02-28","isFullCredit":false},{"lineNumber":7,"author":{"gitId":"teokj"},"content":"import harry.exception.HarryException;","lastModifiedDate":"2025-02-28","isFullCredit":false},{"lineNumber":8,"author":{"gitId":"teokj"},"content":"","lastModifiedDate":"2025-02-19","isFullCredit":false},{"lineNumber":9,"author":{"gitId":"teokj"},"content":"import java.io.*;","lastModifiedDate":"2025-02-19","isFullCredit":false},{"lineNumber":10,"author":{"gitId":"teokj"},"content":"import java.nio.file.Files;","lastModifiedDate":"2025-02-19","isFullCredit":false},{"lineNumber":11,"author":{"gitId":"teokj"},"content":"import java.nio.file.Path;","lastModifiedDate":"2025-02-19","isFullCredit":false},{"lineNumber":12,"author":{"gitId":"teokj"},"content":"import java.nio.file.Paths;","lastModifiedDate":"2025-02-19","isFullCredit":false},{"lineNumber":13,"author":{"gitId":"teokj"},"content":"import java.util.ArrayList;","lastModifiedDate":"2025-02-19","isFullCredit":false},{"lineNumber":14,"author":{"gitId":"teokj"},"content":"import java.util.List;","lastModifiedDate":"2025-02-19","isFullCredit":false},{"lineNumber":15,"author":{"gitId":"teokj"},"content":"","lastModifiedDate":"2025-02-19","isFullCredit":false},{"lineNumber":16,"author":{"gitId":"teokj"},"content":"public class Storage {","lastModifiedDate":"2025-02-19","isFullCredit":false},{"lineNumber":17,"author":{"gitId":"teokj"},"content":"    private static final String DIRECTORY \u003d \"data\";","lastModifiedDate":"2025-02-28","isFullCredit":false},{"lineNumber":18,"author":{"gitId":"teokj"},"content":"    private static final String FILE_PATH \u003d DIRECTORY + \"/harry.txt\";","lastModifiedDate":"2025-02-28","isFullCredit":false},{"lineNumber":19,"author":{"gitId":"teokj"},"content":"","lastModifiedDate":"2025-02-19","isFullCredit":false},{"lineNumber":20,"author":{"gitId":"teokj"},"content":"    public ArrayList\u003cTask\u003e loadTasks(String filePath) throws HarryException {","lastModifiedDate":"2025-02-28","isFullCredit":false},{"lineNumber":21,"author":{"gitId":"teokj"},"content":"        ArrayList\u003cTask\u003e tasks \u003d new ArrayList\u003c\u003e();","lastModifiedDate":"2025-02-19","isFullCredit":false},{"lineNumber":22,"author":{"gitId":"teokj"},"content":"        Path path \u003d Paths.get(filePath);","lastModifiedDate":"2025-02-28","isFullCredit":false},{"lineNumber":23,"author":{"gitId":"teokj"},"content":"","lastModifiedDate":"2025-02-19","isFullCredit":false},{"lineNumber":24,"author":{"gitId":"teokj"},"content":"        if (!Files.exists(path)) {","lastModifiedDate":"2025-02-28","isFullCredit":false},{"lineNumber":25,"author":{"gitId":"teokj"},"content":"            return tasks;","lastModifiedDate":"2025-02-28","isFullCredit":false},{"lineNumber":26,"author":{"gitId":"teokj"},"content":"        }","lastModifiedDate":"2025-02-19","isFullCredit":false},{"lineNumber":27,"author":{"gitId":"teokj"},"content":"","lastModifiedDate":"2025-02-19","isFullCredit":false},{"lineNumber":28,"author":{"gitId":"teokj"},"content":"        try (BufferedReader reader \u003d new BufferedReader(new FileReader(FILE_PATH))) {","lastModifiedDate":"2025-02-19","isFullCredit":false},{"lineNumber":29,"author":{"gitId":"teokj"},"content":"            String line;","lastModifiedDate":"2025-02-19","isFullCredit":false},{"lineNumber":30,"author":{"gitId":"teokj"},"content":"            while ((line \u003d reader.readLine()) !\u003d null) {","lastModifiedDate":"2025-02-19","isFullCredit":false},{"lineNumber":31,"author":{"gitId":"teokj"},"content":"                Task task \u003d parseTask(line);","lastModifiedDate":"2025-02-19","isFullCredit":false},{"lineNumber":32,"author":{"gitId":"teokj"},"content":"                if (task !\u003d null) {","lastModifiedDate":"2025-02-19","isFullCredit":false},{"lineNumber":33,"author":{"gitId":"teokj"},"content":"                    tasks.add(task);","lastModifiedDate":"2025-02-19","isFullCredit":false},{"lineNumber":34,"author":{"gitId":"teokj"},"content":"                }","lastModifiedDate":"2025-02-19","isFullCredit":false},{"lineNumber":35,"author":{"gitId":"teokj"},"content":"            }","lastModifiedDate":"2025-02-19","isFullCredit":false},{"lineNumber":36,"author":{"gitId":"teokj"},"content":"        } catch (IOException e) {","lastModifiedDate":"2025-02-19","isFullCredit":false},{"lineNumber":37,"author":{"gitId":"teokj"},"content":"            System.out.println(\"Error loading tasks: \" + e.getMessage());","lastModifiedDate":"2025-02-19","isFullCredit":false},{"lineNumber":38,"author":{"gitId":"teokj"},"content":"        }","lastModifiedDate":"2025-02-19","isFullCredit":false},{"lineNumber":39,"author":{"gitId":"teokj"},"content":"        return tasks;","lastModifiedDate":"2025-02-19","isFullCredit":false},{"lineNumber":40,"author":{"gitId":"teokj"},"content":"    }","lastModifiedDate":"2025-02-19","isFullCredit":false},{"lineNumber":41,"author":{"gitId":"teokj"},"content":"","lastModifiedDate":"2025-02-19","isFullCredit":false},{"lineNumber":42,"author":{"gitId":"teokj"},"content":"    public void saveTasks(List\u003cTask\u003e tasks) throws HarryException {","lastModifiedDate":"2025-02-28","isFullCredit":false},{"lineNumber":43,"author":{"gitId":"teokj"},"content":"        try {","lastModifiedDate":"2025-02-19","isFullCredit":false},{"lineNumber":44,"author":{"gitId":"teokj"},"content":"            Files.createDirectories(Paths.get(DIRECTORY));","lastModifiedDate":"2025-02-28","isFullCredit":false},{"lineNumber":45,"author":{"gitId":"teokj"},"content":"            FileWriter writer \u003d new FileWriter(FILE_PATH);","lastModifiedDate":"2025-02-19","isFullCredit":false},{"lineNumber":46,"author":{"gitId":"teokj"},"content":"            for (Task task : tasks) {","lastModifiedDate":"2025-02-19","isFullCredit":false},{"lineNumber":47,"author":{"gitId":"teokj"},"content":"                writer.write(task.toSaveFormat() + \"\\n\");","lastModifiedDate":"2025-02-19","isFullCredit":false},{"lineNumber":48,"author":{"gitId":"teokj"},"content":"            }","lastModifiedDate":"2025-02-19","isFullCredit":false},{"lineNumber":49,"author":{"gitId":"teokj"},"content":"            writer.close();","lastModifiedDate":"2025-02-19","isFullCredit":false},{"lineNumber":50,"author":{"gitId":"teokj"},"content":"        } catch (IOException e) {","lastModifiedDate":"2025-02-19","isFullCredit":false},{"lineNumber":51,"author":{"gitId":"teokj"},"content":"            throw new HarryException(\"Error saving tasks: \" + e.getMessage());","lastModifiedDate":"2025-02-28","isFullCredit":false},{"lineNumber":52,"author":{"gitId":"teokj"},"content":"        }","lastModifiedDate":"2025-02-19","isFullCredit":false},{"lineNumber":53,"author":{"gitId":"teokj"},"content":"    }","lastModifiedDate":"2025-02-19","isFullCredit":false},{"lineNumber":54,"author":{"gitId":"teokj"},"content":"","lastModifiedDate":"2025-02-19","isFullCredit":false},{"lineNumber":55,"author":{"gitId":"teokj"},"content":"    private Task parseTask(String line) {","lastModifiedDate":"2025-02-19","isFullCredit":false},{"lineNumber":56,"author":{"gitId":"teokj"},"content":"        String[] parts \u003d line.split(\" \\\\| \");","lastModifiedDate":"2025-02-19","isFullCredit":false},{"lineNumber":57,"author":{"gitId":"teokj"},"content":"        if (parts.length \u003c 3) {","lastModifiedDate":"2025-02-19","isFullCredit":false},{"lineNumber":58,"author":{"gitId":"teokj"},"content":"            return null;","lastModifiedDate":"2025-02-28","isFullCredit":false},{"lineNumber":59,"author":{"gitId":"teokj"},"content":"        }","lastModifiedDate":"2025-02-19","isFullCredit":false},{"lineNumber":60,"author":{"gitId":"teokj"},"content":"        boolean isDone \u003d parts[1].equals(\"1\");","lastModifiedDate":"2025-02-19","isFullCredit":false},{"lineNumber":61,"author":{"gitId":"teokj"},"content":"","lastModifiedDate":"2025-02-28","isFullCredit":false},{"lineNumber":62,"author":{"gitId":"teokj"},"content":"        return switch (parts[0]) {","lastModifiedDate":"2025-02-19","isFullCredit":false},{"lineNumber":63,"author":{"gitId":"teokj"},"content":"            case \"T\" -\u003e new Todo(parts[2], isDone);","lastModifiedDate":"2025-02-19","isFullCredit":false},{"lineNumber":64,"author":{"gitId":"teokj"},"content":"            case \"D\" -\u003e parts.length \u003d\u003d 4 ? new Deadline(parts[2], parts[3], isDone) : null;","lastModifiedDate":"2025-02-19","isFullCredit":false},{"lineNumber":65,"author":{"gitId":"teokj"},"content":"            case \"E\" -\u003e parts.length \u003d\u003d 5 ? new Event(parts[2], parts[3], parts[4], isDone) : null;","lastModifiedDate":"2025-02-19","isFullCredit":false},{"lineNumber":66,"author":{"gitId":"teokj"},"content":"            default -\u003e null;","lastModifiedDate":"2025-02-19","isFullCredit":false},{"lineNumber":67,"author":{"gitId":"teokj"},"content":"        };","lastModifiedDate":"2025-02-19","isFullCredit":false},{"lineNumber":68,"author":{"gitId":"teokj"},"content":"    }","lastModifiedDate":"2025-02-19","isFullCredit":false},{"lineNumber":69,"author":{"gitId":"teokj"},"content":"}","lastModifiedDate":"2025-02-19","isFullCredit":false},{"lineNumber":70,"author":{"gitId":"teokj"},"content":"","lastModifiedDate":"2025-02-19","isFullCredit":false},{"lineNumber":71,"author":{"gitId":"teokj"},"content":"","lastModifiedDate":"2025-02-19","isFullCredit":false},{"lineNumber":72,"author":{"gitId":"teokj"},"content":"","lastModifiedDate":"2025-02-28","isFullCredit":false}],"authorContributionMap":{"teokj":72}},{"path":"src/main/java/harry/task/Deadline.java","fileType":"java","lines":[{"lineNumber":1,"author":{"gitId":"teokj"},"content":"package harry.task;","lastModifiedDate":"2025-02-18","isFullCredit":false},{"lineNumber":2,"author":{"gitId":"teokj"},"content":"","lastModifiedDate":"2025-02-18","isFullCredit":false},{"lineNumber":3,"author":{"gitId":"teokj"},"content":"public class Deadline extends Task {","lastModifiedDate":"2025-02-11","isFullCredit":false},{"lineNumber":4,"author":{"gitId":"teokj"},"content":"    protected String by;","lastModifiedDate":"2025-02-19","isFullCredit":false},{"lineNumber":5,"author":{"gitId":"teokj"},"content":"","lastModifiedDate":"2025-02-19","isFullCredit":false},{"lineNumber":6,"author":{"gitId":"teokj"},"content":"    public Deadline(String description, String by) {","lastModifiedDate":"2025-02-11","isFullCredit":false},{"lineNumber":7,"author":{"gitId":"teokj"},"content":"        super(description);","lastModifiedDate":"2025-02-11","isFullCredit":false},{"lineNumber":8,"author":{"gitId":"teokj"},"content":"        this.by \u003d by;","lastModifiedDate":"2025-02-11","isFullCredit":false},{"lineNumber":9,"author":{"gitId":"teokj"},"content":"    }","lastModifiedDate":"2025-02-11","isFullCredit":false},{"lineNumber":10,"author":{"gitId":"teokj"},"content":"","lastModifiedDate":"2025-02-19","isFullCredit":false},{"lineNumber":11,"author":{"gitId":"teokj"},"content":"    public Deadline(String description, String by, boolean isDone) {","lastModifiedDate":"2025-02-19","isFullCredit":false},{"lineNumber":12,"author":{"gitId":"teokj"},"content":"        super(description, isDone);","lastModifiedDate":"2025-02-19","isFullCredit":false},{"lineNumber":13,"author":{"gitId":"teokj"},"content":"        this.by \u003d by;","lastModifiedDate":"2025-02-19","isFullCredit":false},{"lineNumber":14,"author":{"gitId":"teokj"},"content":"    }","lastModifiedDate":"2025-02-19","isFullCredit":false},{"lineNumber":15,"author":{"gitId":"teokj"},"content":"","lastModifiedDate":"2025-02-19","isFullCredit":false},{"lineNumber":16,"author":{"gitId":"teokj"},"content":"    @Override","lastModifiedDate":"2025-02-11","isFullCredit":false},{"lineNumber":17,"author":{"gitId":"teokj"},"content":"    public String toString() {","lastModifiedDate":"2025-02-11","isFullCredit":false},{"lineNumber":18,"author":{"gitId":"teokj"},"content":"        return \"[D]\" + \"[\" + getStatusIcon() + \"]\" + \" \" + description + \" (by: \" + by + \")\";","lastModifiedDate":"2025-02-19","isFullCredit":false},{"lineNumber":19,"author":{"gitId":"teokj"},"content":"    }","lastModifiedDate":"2025-02-11","isFullCredit":false},{"lineNumber":20,"author":{"gitId":"teokj"},"content":"","lastModifiedDate":"2025-02-19","isFullCredit":false},{"lineNumber":21,"author":{"gitId":"teokj"},"content":"    @Override","lastModifiedDate":"2025-02-19","isFullCredit":false},{"lineNumber":22,"author":{"gitId":"teokj"},"content":"    public String toSaveFormat() {","lastModifiedDate":"2025-02-19","isFullCredit":false},{"lineNumber":23,"author":{"gitId":"teokj"},"content":"        return \"D | \" + (isDone ? \"1\" : \"0\") + \" | \" + description + \" | \" + by;","lastModifiedDate":"2025-02-19","isFullCredit":false},{"lineNumber":24,"author":{"gitId":"teokj"},"content":"    }","lastModifiedDate":"2025-02-11","isFullCredit":false},{"lineNumber":25,"author":{"gitId":"teokj"},"content":"}","lastModifiedDate":"2025-02-19","isFullCredit":false},{"lineNumber":26,"author":{"gitId":"teokj"},"content":"","lastModifiedDate":"2025-02-19","isFullCredit":false},{"lineNumber":27,"author":{"gitId":"teokj"},"content":"","lastModifiedDate":"2025-02-11","isFullCredit":false}],"authorContributionMap":{"teokj":27}},{"path":"src/main/java/harry/task/Event.java","fileType":"java","lines":[{"lineNumber":1,"author":{"gitId":"teokj"},"content":"package harry.task;","lastModifiedDate":"2025-02-18","isFullCredit":false},{"lineNumber":2,"author":{"gitId":"teokj"},"content":"","lastModifiedDate":"2025-02-18","isFullCredit":false},{"lineNumber":3,"author":{"gitId":"teokj"},"content":"public class Event extends Task {","lastModifiedDate":"2025-02-11","isFullCredit":false},{"lineNumber":4,"author":{"gitId":"teokj"},"content":"    protected String from;","lastModifiedDate":"2025-02-19","isFullCredit":false},{"lineNumber":5,"author":{"gitId":"teokj"},"content":"    protected String to;","lastModifiedDate":"2025-02-19","isFullCredit":false},{"lineNumber":6,"author":{"gitId":"teokj"},"content":"","lastModifiedDate":"2025-02-19","isFullCredit":false},{"lineNumber":7,"author":{"gitId":"teokj"},"content":"    public Event(String description, String from, String to) {","lastModifiedDate":"2025-02-11","isFullCredit":false},{"lineNumber":8,"author":{"gitId":"teokj"},"content":"        super(description);","lastModifiedDate":"2025-02-11","isFullCredit":false},{"lineNumber":9,"author":{"gitId":"teokj"},"content":"        this.from \u003d from;","lastModifiedDate":"2025-02-11","isFullCredit":false},{"lineNumber":10,"author":{"gitId":"teokj"},"content":"        this.to \u003d to;","lastModifiedDate":"2025-02-11","isFullCredit":false},{"lineNumber":11,"author":{"gitId":"teokj"},"content":"    }","lastModifiedDate":"2025-02-11","isFullCredit":false},{"lineNumber":12,"author":{"gitId":"teokj"},"content":"","lastModifiedDate":"2025-02-19","isFullCredit":false},{"lineNumber":13,"author":{"gitId":"teokj"},"content":"    public Event(String description, String from, String to, boolean isDone) {","lastModifiedDate":"2025-02-19","isFullCredit":false},{"lineNumber":14,"author":{"gitId":"teokj"},"content":"        super(description, isDone);","lastModifiedDate":"2025-02-19","isFullCredit":false},{"lineNumber":15,"author":{"gitId":"teokj"},"content":"        this.from \u003d from;","lastModifiedDate":"2025-02-19","isFullCredit":false},{"lineNumber":16,"author":{"gitId":"teokj"},"content":"        this.to \u003d to;","lastModifiedDate":"2025-02-19","isFullCredit":false},{"lineNumber":17,"author":{"gitId":"teokj"},"content":"    }","lastModifiedDate":"2025-02-19","isFullCredit":false},{"lineNumber":18,"author":{"gitId":"teokj"},"content":"","lastModifiedDate":"2025-02-19","isFullCredit":false},{"lineNumber":19,"author":{"gitId":"teokj"},"content":"    @Override","lastModifiedDate":"2025-02-11","isFullCredit":false},{"lineNumber":20,"author":{"gitId":"teokj"},"content":"    public String toString() {","lastModifiedDate":"2025-02-11","isFullCredit":false},{"lineNumber":21,"author":{"gitId":"teokj"},"content":"        return \"[E]\" + \"[\" + getStatusIcon() + \"]\" + \" \" + description + \" (from: \" + from + \" to: \" + to + \")\";","lastModifiedDate":"2025-02-19","isFullCredit":false},{"lineNumber":22,"author":{"gitId":"teokj"},"content":"    }","lastModifiedDate":"2025-02-19","isFullCredit":false},{"lineNumber":23,"author":{"gitId":"teokj"},"content":"","lastModifiedDate":"2025-02-19","isFullCredit":false},{"lineNumber":24,"author":{"gitId":"teokj"},"content":"    @Override","lastModifiedDate":"2025-02-19","isFullCredit":false},{"lineNumber":25,"author":{"gitId":"teokj"},"content":"    public String toSaveFormat() {","lastModifiedDate":"2025-02-19","isFullCredit":false},{"lineNumber":26,"author":{"gitId":"teokj"},"content":"        return \"E | \" + (isDone ? \"1\" : \"0\") + \" | \" + description + \" | \" + from + \" | \" + to;","lastModifiedDate":"2025-02-19","isFullCredit":false},{"lineNumber":27,"author":{"gitId":"teokj"},"content":"    }","lastModifiedDate":"2025-02-11","isFullCredit":false},{"lineNumber":28,"author":{"gitId":"teokj"},"content":"}","lastModifiedDate":"2025-02-11","isFullCredit":false},{"lineNumber":29,"author":{"gitId":"teokj"},"content":"","lastModifiedDate":"2025-02-11","isFullCredit":false},{"lineNumber":30,"author":{"gitId":"teokj"},"content":"","lastModifiedDate":"2025-02-19","isFullCredit":false},{"lineNumber":31,"author":{"gitId":"teokj"},"content":"","lastModifiedDate":"2025-02-19","isFullCredit":false}],"authorContributionMap":{"teokj":31}},{"path":"src/main/java/harry/task/Task.java","fileType":"java","lines":[{"lineNumber":1,"author":{"gitId":"teokj"},"content":"package harry.task;","lastModifiedDate":"2025-02-18","isFullCredit":false},{"lineNumber":2,"author":{"gitId":"teokj"},"content":"","lastModifiedDate":"2025-02-18","isFullCredit":false},{"lineNumber":3,"author":{"gitId":"teokj"},"content":"// task class representing a task with description and done status","lastModifiedDate":"2025-02-11","isFullCredit":false},{"lineNumber":4,"author":{"gitId":"teokj"},"content":"public abstract class Task {","lastModifiedDate":"2025-02-19","isFullCredit":false},{"lineNumber":5,"author":{"gitId":"teokj"},"content":"    protected String description;","lastModifiedDate":"2025-02-11","isFullCredit":false},{"lineNumber":6,"author":{"gitId":"teokj"},"content":"    protected boolean isDone;","lastModifiedDate":"2025-02-11","isFullCredit":false},{"lineNumber":7,"author":{"gitId":"teokj"},"content":"","lastModifiedDate":"2025-02-11","isFullCredit":false},{"lineNumber":8,"author":{"gitId":"teokj"},"content":"    // constructor to initialize task with description and default done status","lastModifiedDate":"2025-02-11","isFullCredit":false},{"lineNumber":9,"author":{"gitId":"teokj"},"content":"    public Task(String description) {","lastModifiedDate":"2025-02-11","isFullCredit":false},{"lineNumber":10,"author":{"gitId":"teokj"},"content":"        this.description \u003d description;","lastModifiedDate":"2025-02-11","isFullCredit":false},{"lineNumber":11,"author":{"gitId":"teokj"},"content":"        this.isDone \u003d false;","lastModifiedDate":"2025-02-11","isFullCredit":false},{"lineNumber":12,"author":{"gitId":"teokj"},"content":"    }","lastModifiedDate":"2025-02-11","isFullCredit":false},{"lineNumber":13,"author":{"gitId":"teokj"},"content":"","lastModifiedDate":"2025-02-11","isFullCredit":false},{"lineNumber":14,"author":{"gitId":"teokj"},"content":"    public Task(String description, boolean isDone) {","lastModifiedDate":"2025-02-19","isFullCredit":false},{"lineNumber":15,"author":{"gitId":"teokj"},"content":"        this.description \u003d description;","lastModifiedDate":"2025-02-19","isFullCredit":false},{"lineNumber":16,"author":{"gitId":"teokj"},"content":"        this.isDone \u003d isDone;","lastModifiedDate":"2025-02-19","isFullCredit":false},{"lineNumber":17,"author":{"gitId":"teokj"},"content":"    }","lastModifiedDate":"2025-02-19","isFullCredit":false},{"lineNumber":18,"author":{"gitId":"teokj"},"content":"","lastModifiedDate":"2025-02-19","isFullCredit":false},{"lineNumber":19,"author":{"gitId":"teokj"},"content":"    public String getStatusIcon() {","lastModifiedDate":"2025-02-11","isFullCredit":false},{"lineNumber":20,"author":{"gitId":"teokj"},"content":"        return (isDone ? \"X\" : \" \");","lastModifiedDate":"2025-02-11","isFullCredit":false},{"lineNumber":21,"author":{"gitId":"teokj"},"content":"    }","lastModifiedDate":"2025-02-11","isFullCredit":false},{"lineNumber":22,"author":{"gitId":"teokj"},"content":"","lastModifiedDate":"2025-02-11","isFullCredit":false},{"lineNumber":23,"author":{"gitId":"teokj"},"content":"    public void markAsDone() {","lastModifiedDate":"2025-02-11","isFullCredit":false},{"lineNumber":24,"author":{"gitId":"teokj"},"content":"        this.isDone \u003d true;","lastModifiedDate":"2025-02-11","isFullCredit":false},{"lineNumber":25,"author":{"gitId":"teokj"},"content":"    }","lastModifiedDate":"2025-02-11","isFullCredit":false},{"lineNumber":26,"author":{"gitId":"teokj"},"content":"","lastModifiedDate":"2025-02-11","isFullCredit":false},{"lineNumber":27,"author":{"gitId":"teokj"},"content":"    public void markAsNotDone() {","lastModifiedDate":"2025-02-11","isFullCredit":false},{"lineNumber":28,"author":{"gitId":"teokj"},"content":"        this.isDone \u003d false;","lastModifiedDate":"2025-02-11","isFullCredit":false},{"lineNumber":29,"author":{"gitId":"teokj"},"content":"    }","lastModifiedDate":"2025-02-11","isFullCredit":false},{"lineNumber":30,"author":{"gitId":"teokj"},"content":"","lastModifiedDate":"2025-02-11","isFullCredit":false},{"lineNumber":31,"author":{"gitId":"teokj"},"content":"    // override toString method to display task with status","lastModifiedDate":"2025-02-11","isFullCredit":false},{"lineNumber":32,"author":{"gitId":"teokj"},"content":"    @Override","lastModifiedDate":"2025-02-11","isFullCredit":false},{"lineNumber":33,"author":{"gitId":"teokj"},"content":"    public String toString() {","lastModifiedDate":"2025-02-11","isFullCredit":false},{"lineNumber":34,"author":{"gitId":"teokj"},"content":"        return \"[\" + getStatusIcon() + \"] \" + description;","lastModifiedDate":"2025-02-11","isFullCredit":false},{"lineNumber":35,"author":{"gitId":"teokj"},"content":"    }","lastModifiedDate":"2025-02-11","isFullCredit":false},{"lineNumber":36,"author":{"gitId":"teokj"},"content":"","lastModifiedDate":"2025-02-19","isFullCredit":false},{"lineNumber":37,"author":{"gitId":"teokj"},"content":"    public abstract String toSaveFormat();","lastModifiedDate":"2025-02-19","isFullCredit":false},{"lineNumber":38,"author":{"gitId":"teokj"},"content":"}","lastModifiedDate":"2025-02-11","isFullCredit":false},{"lineNumber":39,"author":{"gitId":"teokj"},"content":"","lastModifiedDate":"2025-02-11","isFullCredit":false}],"authorContributionMap":{"teokj":39}},{"path":"src/main/java/harry/task/Todo.java","fileType":"java","lines":[{"lineNumber":1,"author":{"gitId":"teokj"},"content":"package harry.task;","lastModifiedDate":"2025-02-18","isFullCredit":false},{"lineNumber":2,"author":{"gitId":"teokj"},"content":"","lastModifiedDate":"2025-02-18","isFullCredit":false},{"lineNumber":3,"author":{"gitId":"teokj"},"content":"public class Todo extends Task {","lastModifiedDate":"2025-02-11","isFullCredit":false},{"lineNumber":4,"author":{"gitId":"teokj"},"content":"    public Todo(String description) {","lastModifiedDate":"2025-02-11","isFullCredit":false},{"lineNumber":5,"author":{"gitId":"teokj"},"content":"        super(description);","lastModifiedDate":"2025-02-11","isFullCredit":false},{"lineNumber":6,"author":{"gitId":"teokj"},"content":"    }","lastModifiedDate":"2025-02-11","isFullCredit":false},{"lineNumber":7,"author":{"gitId":"teokj"},"content":"","lastModifiedDate":"2025-02-19","isFullCredit":false},{"lineNumber":8,"author":{"gitId":"teokj"},"content":"    public Todo(String description, boolean isDone) {","lastModifiedDate":"2025-02-19","isFullCredit":false},{"lineNumber":9,"author":{"gitId":"teokj"},"content":"        super(description, isDone);","lastModifiedDate":"2025-02-19","isFullCredit":false},{"lineNumber":10,"author":{"gitId":"teokj"},"content":"    }","lastModifiedDate":"2025-02-19","isFullCredit":false},{"lineNumber":11,"author":{"gitId":"teokj"},"content":"","lastModifiedDate":"2025-02-19","isFullCredit":false},{"lineNumber":12,"author":{"gitId":"teokj"},"content":"    @Override","lastModifiedDate":"2025-02-11","isFullCredit":false},{"lineNumber":13,"author":{"gitId":"teokj"},"content":"    public String toString() {","lastModifiedDate":"2025-02-11","isFullCredit":false},{"lineNumber":14,"author":{"gitId":"teokj"},"content":"        return \"[T]\" + \"[\" + getStatusIcon() + \"]\" + \" \" + description;","lastModifiedDate":"2025-02-19","isFullCredit":false},{"lineNumber":15,"author":{"gitId":"teokj"},"content":"    }","lastModifiedDate":"2025-02-19","isFullCredit":false},{"lineNumber":16,"author":{"gitId":"teokj"},"content":"","lastModifiedDate":"2025-02-19","isFullCredit":false},{"lineNumber":17,"author":{"gitId":"teokj"},"content":"    @Override","lastModifiedDate":"2025-02-19","isFullCredit":false},{"lineNumber":18,"author":{"gitId":"teokj"},"content":"    public String toSaveFormat() {","lastModifiedDate":"2025-02-19","isFullCredit":false},{"lineNumber":19,"author":{"gitId":"teokj"},"content":"        return \"T | \" + (isDone ? \"1\" : \"0\") + \" | \" + description;","lastModifiedDate":"2025-02-19","isFullCredit":false},{"lineNumber":20,"author":{"gitId":"teokj"},"content":"    }","lastModifiedDate":"2025-02-11","isFullCredit":false},{"lineNumber":21,"author":{"gitId":"teokj"},"content":"}","lastModifiedDate":"2025-02-11","isFullCredit":false},{"lineNumber":22,"author":{"gitId":"teokj"},"content":"","lastModifiedDate":"2025-02-11","isFullCredit":false},{"lineNumber":23,"author":{"gitId":"teokj"},"content":"","lastModifiedDate":"2025-02-19","isFullCredit":false}],"authorContributionMap":{"teokj":23}},{"path":"src/main/java/harry/tasklist/TaskList.java","fileType":"java","lines":[{"lineNumber":1,"author":{"gitId":"teokj"},"content":"package harry.tasklist;","lastModifiedDate":"2025-02-28","isFullCredit":false},{"lineNumber":2,"author":{"gitId":"teokj"},"content":"","lastModifiedDate":"2025-02-28","isFullCredit":false},{"lineNumber":3,"author":{"gitId":"teokj"},"content":"import harry.task.Task;","lastModifiedDate":"2025-02-28","isFullCredit":false},{"lineNumber":4,"author":{"gitId":"teokj"},"content":"import harry.ui.Ui;","lastModifiedDate":"2025-02-28","isFullCredit":false},{"lineNumber":5,"author":{"gitId":"teokj"},"content":"import harry.exception.HarryException;","lastModifiedDate":"2025-02-28","isFullCredit":false},{"lineNumber":6,"author":{"gitId":"teokj"},"content":"import java.util.ArrayList;","lastModifiedDate":"2025-02-28","isFullCredit":false},{"lineNumber":7,"author":{"gitId":"teokj"},"content":"import java.util.List;","lastModifiedDate":"2025-02-28","isFullCredit":false},{"lineNumber":8,"author":{"gitId":"teokj"},"content":"","lastModifiedDate":"2025-02-28","isFullCredit":false},{"lineNumber":9,"author":{"gitId":"teokj"},"content":"public class TaskList {","lastModifiedDate":"2025-02-28","isFullCredit":false},{"lineNumber":10,"author":{"gitId":"teokj"},"content":"    private final List\u003cTask\u003e tasks;","lastModifiedDate":"2025-02-28","isFullCredit":false},{"lineNumber":11,"author":{"gitId":"teokj"},"content":"","lastModifiedDate":"2025-02-28","isFullCredit":false},{"lineNumber":12,"author":{"gitId":"teokj"},"content":"    public TaskList() {","lastModifiedDate":"2025-02-28","isFullCredit":false},{"lineNumber":13,"author":{"gitId":"teokj"},"content":"        this.tasks \u003d new ArrayList\u003c\u003e();","lastModifiedDate":"2025-02-28","isFullCredit":false},{"lineNumber":14,"author":{"gitId":"teokj"},"content":"    }","lastModifiedDate":"2025-02-28","isFullCredit":false},{"lineNumber":15,"author":{"gitId":"teokj"},"content":"","lastModifiedDate":"2025-02-28","isFullCredit":false},{"lineNumber":16,"author":{"gitId":"teokj"},"content":"    public TaskList(List\u003cTask\u003e tasks) {","lastModifiedDate":"2025-02-28","isFullCredit":false},{"lineNumber":17,"author":{"gitId":"teokj"},"content":"        this.tasks \u003d tasks;","lastModifiedDate":"2025-02-28","isFullCredit":false},{"lineNumber":18,"author":{"gitId":"teokj"},"content":"    }","lastModifiedDate":"2025-02-28","isFullCredit":false},{"lineNumber":19,"author":{"gitId":"teokj"},"content":"","lastModifiedDate":"2025-02-28","isFullCredit":false},{"lineNumber":20,"author":{"gitId":"teokj"},"content":"    public void addTask(Task task, Ui ui) {","lastModifiedDate":"2025-02-28","isFullCredit":false},{"lineNumber":21,"author":{"gitId":"teokj"},"content":"        tasks.add(task);","lastModifiedDate":"2025-02-28","isFullCredit":false},{"lineNumber":22,"author":{"gitId":"teokj"},"content":"        ui.showTaskAdded(task, tasks.size());","lastModifiedDate":"2025-02-28","isFullCredit":false},{"lineNumber":23,"author":{"gitId":"teokj"},"content":"    }","lastModifiedDate":"2025-02-28","isFullCredit":false},{"lineNumber":24,"author":{"gitId":"teokj"},"content":"","lastModifiedDate":"2025-02-28","isFullCredit":false},{"lineNumber":25,"author":{"gitId":"teokj"},"content":"    public void deleteTask(int index, Ui ui) throws HarryException {","lastModifiedDate":"2025-02-28","isFullCredit":false},{"lineNumber":26,"author":{"gitId":"teokj"},"content":"        if (isValidIndex(index)) { // Fix: Remove negation","lastModifiedDate":"2025-02-28","isFullCredit":false},{"lineNumber":27,"author":{"gitId":"teokj"},"content":"            Task removedTask \u003d tasks.remove(index);","lastModifiedDate":"2025-02-28","isFullCredit":false},{"lineNumber":28,"author":{"gitId":"teokj"},"content":"            ui.showTaskDeleted(removedTask, tasks.size());","lastModifiedDate":"2025-02-28","isFullCredit":false},{"lineNumber":29,"author":{"gitId":"teokj"},"content":"        } else {","lastModifiedDate":"2025-02-28","isFullCredit":false},{"lineNumber":30,"author":{"gitId":"teokj"},"content":"            throw new HarryException(\"Invalid task number!\");","lastModifiedDate":"2025-02-28","isFullCredit":false},{"lineNumber":31,"author":{"gitId":"teokj"},"content":"        }","lastModifiedDate":"2025-02-28","isFullCredit":false},{"lineNumber":32,"author":{"gitId":"teokj"},"content":"    }","lastModifiedDate":"2025-02-28","isFullCredit":false},{"lineNumber":33,"author":{"gitId":"teokj"},"content":"","lastModifiedDate":"2025-02-28","isFullCredit":false},{"lineNumber":34,"author":{"gitId":"teokj"},"content":"    public void markTask(int index, Ui ui) throws HarryException {","lastModifiedDate":"2025-02-28","isFullCredit":false},{"lineNumber":35,"author":{"gitId":"teokj"},"content":"        if (isValidIndex(index)) { // Fix: Remove negation","lastModifiedDate":"2025-02-28","isFullCredit":false},{"lineNumber":36,"author":{"gitId":"teokj"},"content":"            tasks.get(index).markAsDone();","lastModifiedDate":"2025-02-28","isFullCredit":false},{"lineNumber":37,"author":{"gitId":"teokj"},"content":"            ui.showTaskMarked(tasks.get(index));","lastModifiedDate":"2025-02-28","isFullCredit":false},{"lineNumber":38,"author":{"gitId":"teokj"},"content":"        } else {","lastModifiedDate":"2025-02-28","isFullCredit":false},{"lineNumber":39,"author":{"gitId":"teokj"},"content":"            throw new HarryException(\"Invalid task number!\");","lastModifiedDate":"2025-02-28","isFullCredit":false},{"lineNumber":40,"author":{"gitId":"teokj"},"content":"        }","lastModifiedDate":"2025-02-28","isFullCredit":false},{"lineNumber":41,"author":{"gitId":"teokj"},"content":"    }","lastModifiedDate":"2025-02-28","isFullCredit":false},{"lineNumber":42,"author":{"gitId":"teokj"},"content":"","lastModifiedDate":"2025-02-28","isFullCredit":false},{"lineNumber":43,"author":{"gitId":"teokj"},"content":"    public void unmarkTask(int index, Ui ui) throws HarryException {","lastModifiedDate":"2025-02-28","isFullCredit":false},{"lineNumber":44,"author":{"gitId":"teokj"},"content":"        if (isValidIndex(index)) { // Fix: Remove negation","lastModifiedDate":"2025-02-28","isFullCredit":false},{"lineNumber":45,"author":{"gitId":"teokj"},"content":"            tasks.get(index).markAsNotDone();","lastModifiedDate":"2025-02-28","isFullCredit":false},{"lineNumber":46,"author":{"gitId":"teokj"},"content":"            ui.showTaskUnmarked(tasks.get(index));","lastModifiedDate":"2025-02-28","isFullCredit":false},{"lineNumber":47,"author":{"gitId":"teokj"},"content":"        } else {","lastModifiedDate":"2025-02-28","isFullCredit":false},{"lineNumber":48,"author":{"gitId":"teokj"},"content":"            throw new HarryException(\"Invalid task number!\");","lastModifiedDate":"2025-02-28","isFullCredit":false},{"lineNumber":49,"author":{"gitId":"teokj"},"content":"        }","lastModifiedDate":"2025-02-28","isFullCredit":false},{"lineNumber":50,"author":{"gitId":"teokj"},"content":"    }","lastModifiedDate":"2025-02-28","isFullCredit":false},{"lineNumber":51,"author":{"gitId":"teokj"},"content":"","lastModifiedDate":"2025-02-28","isFullCredit":false},{"lineNumber":52,"author":{"gitId":"teokj"},"content":"    public void listTasks(Ui ui) {","lastModifiedDate":"2025-02-28","isFullCredit":false},{"lineNumber":53,"author":{"gitId":"teokj"},"content":"        if (tasks.isEmpty()) {","lastModifiedDate":"2025-02-28","isFullCredit":false},{"lineNumber":54,"author":{"gitId":"teokj"},"content":"            ui.showMessage(\"You have no tasks in your list.\");","lastModifiedDate":"2025-02-28","isFullCredit":false},{"lineNumber":55,"author":{"gitId":"teokj"},"content":"        } else {","lastModifiedDate":"2025-02-28","isFullCredit":false},{"lineNumber":56,"author":{"gitId":"teokj"},"content":"            ui.showTaskList(tasks);","lastModifiedDate":"2025-02-28","isFullCredit":false},{"lineNumber":57,"author":{"gitId":"teokj"},"content":"        }","lastModifiedDate":"2025-02-28","isFullCredit":false},{"lineNumber":58,"author":{"gitId":"teokj"},"content":"    }","lastModifiedDate":"2025-02-28","isFullCredit":false},{"lineNumber":59,"author":{"gitId":"teokj"},"content":"","lastModifiedDate":"2025-02-28","isFullCredit":false},{"lineNumber":60,"author":{"gitId":"teokj"},"content":"    public List\u003cTask\u003e getTasks() {","lastModifiedDate":"2025-02-28","isFullCredit":false},{"lineNumber":61,"author":{"gitId":"teokj"},"content":"        return tasks;","lastModifiedDate":"2025-02-28","isFullCredit":false},{"lineNumber":62,"author":{"gitId":"teokj"},"content":"    }","lastModifiedDate":"2025-02-28","isFullCredit":false},{"lineNumber":63,"author":{"gitId":"teokj"},"content":"","lastModifiedDate":"2025-02-28","isFullCredit":false},{"lineNumber":64,"author":{"gitId":"teokj"},"content":"    private boolean isValidIndex(int index) {","lastModifiedDate":"2025-02-28","isFullCredit":false},{"lineNumber":65,"author":{"gitId":"teokj"},"content":"        return index \u003e\u003d 0 \u0026\u0026 index \u003c tasks.size();","lastModifiedDate":"2025-02-28","isFullCredit":false},{"lineNumber":66,"author":{"gitId":"teokj"},"content":"    }","lastModifiedDate":"2025-02-28","isFullCredit":false},{"lineNumber":67,"author":{"gitId":"teokj"},"content":"}","lastModifiedDate":"2025-02-28","isFullCredit":false},{"lineNumber":68,"author":{"gitId":"teokj"},"content":"","lastModifiedDate":"2025-02-28","isFullCredit":false},{"lineNumber":69,"author":{"gitId":"teokj"},"content":"","lastModifiedDate":"2025-02-28","isFullCredit":false}],"authorContributionMap":{"teokj":69}},{"path":"src/main/java/harry/ui/Ui.java","fileType":"java","lines":[{"lineNumber":1,"author":{"gitId":"teokj"},"content":"package harry.ui;","lastModifiedDate":"2025-02-28","isFullCredit":false},{"lineNumber":2,"author":{"gitId":"teokj"},"content":"","lastModifiedDate":"2025-02-28","isFullCredit":false},{"lineNumber":3,"author":{"gitId":"teokj"},"content":"import harry.task.Task;","lastModifiedDate":"2025-02-28","isFullCredit":false},{"lineNumber":4,"author":{"gitId":"teokj"},"content":"import java.util.List;","lastModifiedDate":"2025-02-28","isFullCredit":false},{"lineNumber":5,"author":{"gitId":"teokj"},"content":"import java.util.Scanner;","lastModifiedDate":"2025-02-28","isFullCredit":false},{"lineNumber":6,"author":{"gitId":"teokj"},"content":"","lastModifiedDate":"2025-02-28","isFullCredit":false},{"lineNumber":7,"author":{"gitId":"teokj"},"content":"public class Ui {","lastModifiedDate":"2025-02-28","isFullCredit":false},{"lineNumber":8,"author":{"gitId":"teokj"},"content":"    private final Scanner scanner;","lastModifiedDate":"2025-02-28","isFullCredit":false},{"lineNumber":9,"author":{"gitId":"teokj"},"content":"","lastModifiedDate":"2025-02-28","isFullCredit":false},{"lineNumber":10,"author":{"gitId":"teokj"},"content":"    public Ui() {","lastModifiedDate":"2025-02-28","isFullCredit":false},{"lineNumber":11,"author":{"gitId":"teokj"},"content":"        this.scanner \u003d new Scanner(System.in);","lastModifiedDate":"2025-02-28","isFullCredit":false},{"lineNumber":12,"author":{"gitId":"teokj"},"content":"    }","lastModifiedDate":"2025-02-28","isFullCredit":false},{"lineNumber":13,"author":{"gitId":"teokj"},"content":"","lastModifiedDate":"2025-02-28","isFullCredit":false},{"lineNumber":14,"author":{"gitId":"teokj"},"content":"    public void showWelcome() {","lastModifiedDate":"2025-02-28","isFullCredit":false},{"lineNumber":15,"author":{"gitId":"teokj"},"content":"        showLine();","lastModifiedDate":"2025-02-28","isFullCredit":false},{"lineNumber":16,"author":{"gitId":"teokj"},"content":"        System.out.println(\"Hello! I\u0027m Harry\");","lastModifiedDate":"2025-02-28","isFullCredit":false},{"lineNumber":17,"author":{"gitId":"teokj"},"content":"        System.out.println(\"What can I do for you?\");","lastModifiedDate":"2025-02-28","isFullCredit":false},{"lineNumber":18,"author":{"gitId":"teokj"},"content":"        showLine();","lastModifiedDate":"2025-02-28","isFullCredit":false},{"lineNumber":19,"author":{"gitId":"teokj"},"content":"    }","lastModifiedDate":"2025-02-28","isFullCredit":false},{"lineNumber":20,"author":{"gitId":"teokj"},"content":"","lastModifiedDate":"2025-02-28","isFullCredit":false},{"lineNumber":21,"author":{"gitId":"teokj"},"content":"    public void showExitMessage() {","lastModifiedDate":"2025-02-28","isFullCredit":false},{"lineNumber":22,"author":{"gitId":"teokj"},"content":"        System.out.println(\"Bye. Hope to see you again soon!\");","lastModifiedDate":"2025-02-28","isFullCredit":false},{"lineNumber":23,"author":{"gitId":"teokj"},"content":"    }","lastModifiedDate":"2025-02-28","isFullCredit":false},{"lineNumber":24,"author":{"gitId":"teokj"},"content":"","lastModifiedDate":"2025-02-28","isFullCredit":false},{"lineNumber":25,"author":{"gitId":"teokj"},"content":"    public void showLine() {","lastModifiedDate":"2025-02-28","isFullCredit":false},{"lineNumber":26,"author":{"gitId":"teokj"},"content":"        System.out.println(\"____________________________________________________________\");","lastModifiedDate":"2025-02-28","isFullCredit":false},{"lineNumber":27,"author":{"gitId":"teokj"},"content":"    }","lastModifiedDate":"2025-02-28","isFullCredit":false},{"lineNumber":28,"author":{"gitId":"teokj"},"content":"","lastModifiedDate":"2025-02-28","isFullCredit":false},{"lineNumber":29,"author":{"gitId":"teokj"},"content":"    public void showMessage(String message) {","lastModifiedDate":"2025-02-28","isFullCredit":false},{"lineNumber":30,"author":{"gitId":"teokj"},"content":"        System.out.println(message);","lastModifiedDate":"2025-02-28","isFullCredit":false},{"lineNumber":31,"author":{"gitId":"teokj"},"content":"    }","lastModifiedDate":"2025-02-28","isFullCredit":false},{"lineNumber":32,"author":{"gitId":"teokj"},"content":"","lastModifiedDate":"2025-02-28","isFullCredit":false},{"lineNumber":33,"author":{"gitId":"teokj"},"content":"    public void showError(String message) {","lastModifiedDate":"2025-02-28","isFullCredit":false},{"lineNumber":34,"author":{"gitId":"teokj"},"content":"        System.out.println(message);","lastModifiedDate":"2025-02-28","isFullCredit":false},{"lineNumber":35,"author":{"gitId":"teokj"},"content":"    }","lastModifiedDate":"2025-02-28","isFullCredit":false},{"lineNumber":36,"author":{"gitId":"teokj"},"content":"","lastModifiedDate":"2025-02-28","isFullCredit":false},{"lineNumber":37,"author":{"gitId":"teokj"},"content":"    public void showLoadingError() {","lastModifiedDate":"2025-02-28","isFullCredit":false},{"lineNumber":38,"author":{"gitId":"teokj"},"content":"        System.out.println(\"Error loading tasks from file. Starting with an empty task list.\");","lastModifiedDate":"2025-02-28","isFullCredit":false},{"lineNumber":39,"author":{"gitId":"teokj"},"content":"    }","lastModifiedDate":"2025-02-28","isFullCredit":false},{"lineNumber":40,"author":{"gitId":"teokj"},"content":"","lastModifiedDate":"2025-02-28","isFullCredit":false},{"lineNumber":41,"author":{"gitId":"teokj"},"content":"    public String readCommand() {","lastModifiedDate":"2025-02-28","isFullCredit":false},{"lineNumber":42,"author":{"gitId":"teokj"},"content":"        return scanner.nextLine().trim();","lastModifiedDate":"2025-02-28","isFullCredit":false},{"lineNumber":43,"author":{"gitId":"teokj"},"content":"    }","lastModifiedDate":"2025-02-28","isFullCredit":false},{"lineNumber":44,"author":{"gitId":"teokj"},"content":"","lastModifiedDate":"2025-02-28","isFullCredit":false},{"lineNumber":45,"author":{"gitId":"teokj"},"content":"    public void showTaskAdded(Task task, int size) {","lastModifiedDate":"2025-02-28","isFullCredit":false},{"lineNumber":46,"author":{"gitId":"teokj"},"content":"        System.out.println(\"Got it. I\u0027ve added this task:\\n  \" + task);","lastModifiedDate":"2025-02-28","isFullCredit":false},{"lineNumber":47,"author":{"gitId":"teokj"},"content":"        System.out.println(\"Now you have \" + size + \" tasks in the list.\");","lastModifiedDate":"2025-02-28","isFullCredit":false},{"lineNumber":48,"author":{"gitId":"teokj"},"content":"    }","lastModifiedDate":"2025-02-28","isFullCredit":false},{"lineNumber":49,"author":{"gitId":"teokj"},"content":"","lastModifiedDate":"2025-02-28","isFullCredit":false},{"lineNumber":50,"author":{"gitId":"teokj"},"content":"    public void showTaskDeleted(Task task, int size) {","lastModifiedDate":"2025-02-28","isFullCredit":false},{"lineNumber":51,"author":{"gitId":"teokj"},"content":"        System.out.println(\"Noted. I\u0027ve removed this task:\\n  \" + task);","lastModifiedDate":"2025-02-28","isFullCredit":false},{"lineNumber":52,"author":{"gitId":"teokj"},"content":"        System.out.println(\"Now you have \" + size + \" tasks in the list.\");","lastModifiedDate":"2025-02-28","isFullCredit":false},{"lineNumber":53,"author":{"gitId":"teokj"},"content":"    }","lastModifiedDate":"2025-02-28","isFullCredit":false},{"lineNumber":54,"author":{"gitId":"teokj"},"content":"","lastModifiedDate":"2025-02-28","isFullCredit":false},{"lineNumber":55,"author":{"gitId":"teokj"},"content":"    public void showTaskMarked(Task task) {","lastModifiedDate":"2025-02-28","isFullCredit":false},{"lineNumber":56,"author":{"gitId":"teokj"},"content":"        System.out.println(\"Nice! I\u0027ve marked this task as done:\\n  \" + task);","lastModifiedDate":"2025-02-28","isFullCredit":false},{"lineNumber":57,"author":{"gitId":"teokj"},"content":"    }","lastModifiedDate":"2025-02-28","isFullCredit":false},{"lineNumber":58,"author":{"gitId":"teokj"},"content":"","lastModifiedDate":"2025-02-28","isFullCredit":false},{"lineNumber":59,"author":{"gitId":"teokj"},"content":"    public void showTaskUnmarked(Task task) {","lastModifiedDate":"2025-02-28","isFullCredit":false},{"lineNumber":60,"author":{"gitId":"teokj"},"content":"        System.out.println(\"OK! I\u0027ve marked this task as not done yet:\\n  \" + task);","lastModifiedDate":"2025-02-28","isFullCredit":false},{"lineNumber":61,"author":{"gitId":"teokj"},"content":"    }","lastModifiedDate":"2025-02-28","isFullCredit":false},{"lineNumber":62,"author":{"gitId":"teokj"},"content":"","lastModifiedDate":"2025-02-28","isFullCredit":false},{"lineNumber":63,"author":{"gitId":"teokj"},"content":"    public void showTaskList(List\u003cTask\u003e tasks) {","lastModifiedDate":"2025-02-28","isFullCredit":false},{"lineNumber":64,"author":{"gitId":"teokj"},"content":"        System.out.println(\"Here are the tasks in your list:\");","lastModifiedDate":"2025-02-28","isFullCredit":false},{"lineNumber":65,"author":{"gitId":"teokj"},"content":"        for (int i \u003d 0; i \u003c tasks.size(); i++) {","lastModifiedDate":"2025-02-28","isFullCredit":false},{"lineNumber":66,"author":{"gitId":"teokj"},"content":"            System.out.println((i + 1) + \". \" + tasks.get(i));","lastModifiedDate":"2025-02-28","isFullCredit":false},{"lineNumber":67,"author":{"gitId":"teokj"},"content":"        }","lastModifiedDate":"2025-02-28","isFullCredit":false},{"lineNumber":68,"author":{"gitId":"teokj"},"content":"    }","lastModifiedDate":"2025-02-28","isFullCredit":false},{"lineNumber":69,"author":{"gitId":"teokj"},"content":"}","lastModifiedDate":"2025-02-28","isFullCredit":false},{"lineNumber":70,"author":{"gitId":"teokj"},"content":"","lastModifiedDate":"2025-02-28","isFullCredit":false}],"authorContributionMap":{"teokj":70}},{"path":"text-ui-test/input.txt","fileType":"txt","lines":[{"lineNumber":1,"author":{"gitId":"teokj"},"content":"todo borrow book","lastModifiedDate":"2025-02-11","isFullCredit":false},{"lineNumber":2,"author":{"gitId":"teokj"},"content":"deadline return book /by Sunday","lastModifiedDate":"2025-02-11","isFullCredit":false},{"lineNumber":3,"author":{"gitId":"teokj"},"content":"event project meeting /from Mon 2pm /to 4pm","lastModifiedDate":"2025-02-11","isFullCredit":false},{"lineNumber":4,"author":{"gitId":"teokj"},"content":"list","lastModifiedDate":"2025-02-11","isFullCredit":false},{"lineNumber":5,"author":{"gitId":"teokj"},"content":"bye","lastModifiedDate":"2025-02-11","isFullCredit":false},{"lineNumber":6,"author":{"gitId":"teokj"},"content":"","lastModifiedDate":"2025-02-11","isFullCredit":false},{"lineNumber":7,"author":{"gitId":"teokj"},"content":"","lastModifiedDate":"2025-02-11","isFullCredit":false},{"lineNumber":8,"author":{"gitId":"teokj"},"content":"","lastModifiedDate":"2025-02-11","isFullCredit":false}],"authorContributionMap":{"teokj":8}},{"path":"text-ui-test/runtest.bat","fileType":"bat","lines":[{"lineNumber":1,"author":{"gitId":"-"},"content":"@ECHO OFF","lastModifiedDate":"2020-05-25","isFullCredit":false},{"lineNumber":2,"author":{"gitId":"-"},"content":"","lastModifiedDate":"2020-05-25","isFullCredit":false},{"lineNumber":3,"author":{"gitId":"-"},"content":"REM create bin directory if it doesn\u0027t exist","lastModifiedDate":"2020-05-25","isFullCredit":false},{"lineNumber":4,"author":{"gitId":"-"},"content":"if not exist ..\\bin mkdir ..\\bin","lastModifiedDate":"2020-05-25","isFullCredit":false},{"lineNumber":5,"author":{"gitId":"-"},"content":"","lastModifiedDate":"2020-05-25","isFullCredit":false},{"lineNumber":6,"author":{"gitId":"-"},"content":"REM delete output from previous run","lastModifiedDate":"2020-05-25","isFullCredit":false},{"lineNumber":7,"author":{"gitId":"-"},"content":"if exist ACTUAL.TXT del ACTUAL.TXT","lastModifiedDate":"2020-08-25","isFullCredit":false},{"lineNumber":8,"author":{"gitId":"-"},"content":"","lastModifiedDate":"2020-05-25","isFullCredit":false},{"lineNumber":9,"author":{"gitId":"-"},"content":"REM compile the code into the bin folder","lastModifiedDate":"2020-05-25","isFullCredit":false},{"lineNumber":10,"author":{"gitId":"teokj"},"content":"javac  -cp ..\\src\\main\\java\\harry.Harry.java -Xlint:none -d ..\\bin ..\\src\\main\\java\\*.java","lastModifiedDate":"2025-02-18","isFullCredit":false},{"lineNumber":11,"author":{"gitId":"-"},"content":"IF ERRORLEVEL 1 (","lastModifiedDate":"2020-05-25","isFullCredit":false},{"lineNumber":12,"author":{"gitId":"-"},"content":"    echo ********** BUILD FAILURE **********","lastModifiedDate":"2020-05-25","isFullCredit":false},{"lineNumber":13,"author":{"gitId":"-"},"content":"    exit /b 1","lastModifiedDate":"2020-05-25","isFullCredit":false},{"lineNumber":14,"author":{"gitId":"-"},"content":")","lastModifiedDate":"2020-05-25","isFullCredit":false},{"lineNumber":15,"author":{"gitId":"-"},"content":"REM no error here, errorlevel \u003d\u003d 0","lastModifiedDate":"2020-05-25","isFullCredit":false},{"lineNumber":16,"author":{"gitId":"-"},"content":"","lastModifiedDate":"2020-05-25","isFullCredit":false},{"lineNumber":17,"author":{"gitId":"-"},"content":"REM run the program, feed commands from input.txt file and redirect the output to the ACTUAL.TXT","lastModifiedDate":"2020-05-25","isFullCredit":false},{"lineNumber":18,"author":{"gitId":"teokj"},"content":"java -classpath ..\\bin Harry \u003c input.txt \u003e ACTUAL.TXT","lastModifiedDate":"2025-02-11","isFullCredit":false},{"lineNumber":19,"author":{"gitId":"-"},"content":"","lastModifiedDate":"2020-05-25","isFullCredit":false},{"lineNumber":20,"author":{"gitId":"-"},"content":"REM compare the output to the expected output","lastModifiedDate":"2020-05-25","isFullCredit":false},{"lineNumber":21,"author":{"gitId":"-"},"content":"FC ACTUAL.TXT EXPECTED.TXT","lastModifiedDate":"2020-05-25","isFullCredit":false},{"lineNumber":22,"author":{"gitId":"teokj"},"content":"","lastModifiedDate":"2025-02-11","isFullCredit":false}],"authorContributionMap":{"-":19,"teokj":3}},{"path":"text-ui-test/runtest.sh","fileType":"sh","lines":[{"lineNumber":1,"author":{"gitId":"-"},"content":"#!/usr/bin/env bash","lastModifiedDate":"2020-05-25","isFullCredit":false},{"lineNumber":2,"author":{"gitId":"-"},"content":"","lastModifiedDate":"2020-05-25","isFullCredit":false},{"lineNumber":3,"author":{"gitId":"-"},"content":"# create bin directory if it doesn\u0027t exist","lastModifiedDate":"2020-05-25","isFullCredit":false},{"lineNumber":4,"author":{"gitId":"-"},"content":"if [ ! -d \"../bin\" ]","lastModifiedDate":"2020-05-25","isFullCredit":false},{"lineNumber":5,"author":{"gitId":"-"},"content":"then","lastModifiedDate":"2020-05-25","isFullCredit":false},{"lineNumber":6,"author":{"gitId":"-"},"content":"    mkdir ../bin","lastModifiedDate":"2020-05-25","isFullCredit":false},{"lineNumber":7,"author":{"gitId":"-"},"content":"fi","lastModifiedDate":"2020-05-25","isFullCredit":false},{"lineNumber":8,"author":{"gitId":"-"},"content":"","lastModifiedDate":"2020-05-25","isFullCredit":false},{"lineNumber":9,"author":{"gitId":"-"},"content":"# delete output from previous run","lastModifiedDate":"2020-05-25","isFullCredit":false},{"lineNumber":10,"author":{"gitId":"-"},"content":"if [ -e \"./ACTUAL.TXT\" ]","lastModifiedDate":"2020-05-25","isFullCredit":false},{"lineNumber":11,"author":{"gitId":"-"},"content":"then","lastModifiedDate":"2020-05-25","isFullCredit":false},{"lineNumber":12,"author":{"gitId":"-"},"content":"    rm ACTUAL.TXT","lastModifiedDate":"2020-05-25","isFullCredit":false},{"lineNumber":13,"author":{"gitId":"-"},"content":"fi","lastModifiedDate":"2020-05-25","isFullCredit":false},{"lineNumber":14,"author":{"gitId":"-"},"content":"","lastModifiedDate":"2020-05-25","isFullCredit":false},{"lineNumber":15,"author":{"gitId":"-"},"content":"# compile the code into the bin folder, terminates if error occurred","lastModifiedDate":"2020-05-25","isFullCredit":false},{"lineNumber":16,"author":{"gitId":"teokj"},"content":"if ! javac -cp ../src/main/java/Harry.java -Xlint:none -d ../bin ../src/main/java/*.java","lastModifiedDate":"2025-02-11","isFullCredit":false},{"lineNumber":17,"author":{"gitId":"-"},"content":"then","lastModifiedDate":"2020-05-25","isFullCredit":false},{"lineNumber":18,"author":{"gitId":"-"},"content":"    echo \"********** BUILD FAILURE **********\"","lastModifiedDate":"2020-05-25","isFullCredit":false},{"lineNumber":19,"author":{"gitId":"-"},"content":"    exit 1","lastModifiedDate":"2020-05-25","isFullCredit":false},{"lineNumber":20,"author":{"gitId":"-"},"content":"fi","lastModifiedDate":"2020-05-25","isFullCredit":false},{"lineNumber":21,"author":{"gitId":"-"},"content":"","lastModifiedDate":"2020-05-25","isFullCredit":false},{"lineNumber":22,"author":{"gitId":"-"},"content":"# run the program, feed commands from input.txt file and redirect the output to the ACTUAL.TXT","lastModifiedDate":"2020-05-25","isFullCredit":false},{"lineNumber":23,"author":{"gitId":"teokj"},"content":"java -classpath ../bin Harry \u003c input.txt \u003e ACTUAL.TXT","lastModifiedDate":"2025-02-11","isFullCredit":false},{"lineNumber":24,"author":{"gitId":"-"},"content":"","lastModifiedDate":"2020-05-25","isFullCredit":false},{"lineNumber":25,"author":{"gitId":"-"},"content":"# convert to UNIX format","lastModifiedDate":"2020-05-25","isFullCredit":false},{"lineNumber":26,"author":{"gitId":"-"},"content":"cp EXPECTED.TXT EXPECTED-UNIX.TXT","lastModifiedDate":"2020-05-25","isFullCredit":false},{"lineNumber":27,"author":{"gitId":"-"},"content":"dos2unix ACTUAL.TXT EXPECTED-UNIX.TXT","lastModifiedDate":"2020-05-25","isFullCredit":false},{"lineNumber":28,"author":{"gitId":"-"},"content":"","lastModifiedDate":"2020-05-25","isFullCredit":false},{"lineNumber":29,"author":{"gitId":"-"},"content":"# compare the output to the expected output","lastModifiedDate":"2020-05-25","isFullCredit":false},{"lineNumber":30,"author":{"gitId":"-"},"content":"diff ACTUAL.TXT EXPECTED-UNIX.TXT","lastModifiedDate":"2020-05-25","isFullCredit":false},{"lineNumber":31,"author":{"gitId":"-"},"content":"if [ $? -eq 0 ]","lastModifiedDate":"2020-05-25","isFullCredit":false},{"lineNumber":32,"author":{"gitId":"-"},"content":"then","lastModifiedDate":"2020-05-25","isFullCredit":false},{"lineNumber":33,"author":{"gitId":"-"},"content":"    echo \"Test result: PASSED\"","lastModifiedDate":"2020-05-25","isFullCredit":false},{"lineNumber":34,"author":{"gitId":"-"},"content":"    exit 0","lastModifiedDate":"2020-05-25","isFullCredit":false},{"lineNumber":35,"author":{"gitId":"-"},"content":"else","lastModifiedDate":"2020-05-25","isFullCredit":false},{"lineNumber":36,"author":{"gitId":"-"},"content":"    echo \"Test result: FAILED\"","lastModifiedDate":"2020-05-25","isFullCredit":false},{"lineNumber":37,"author":{"gitId":"-"},"content":"    exit 1","lastModifiedDate":"2020-05-25","isFullCredit":false},{"lineNumber":38,"author":{"gitId":"-"},"content":"fi","lastModifiedDate":"2020-05-25","isFullCredit":false}],"authorContributionMap":{"-":36,"teokj":2}}]
