[{"path":"src/main/java/Deadline.java","fileType":"java","lines":[{"lineNumber":1,"author":{"gitId":"teokj"},"content":"public class Deadline extends Task {","lastModifiedDate":"2025-02-11","isFullCredit":false},{"lineNumber":2,"author":{"gitId":"teokj"},"content":"    protected String by;","lastModifiedDate":"2025-02-11","isFullCredit":false},{"lineNumber":3,"author":{"gitId":"teokj"},"content":"    public Deadline(String description, String by) {","lastModifiedDate":"2025-02-11","isFullCredit":false},{"lineNumber":4,"author":{"gitId":"teokj"},"content":"        super(description);","lastModifiedDate":"2025-02-11","isFullCredit":false},{"lineNumber":5,"author":{"gitId":"teokj"},"content":"        this.by \u003d by;","lastModifiedDate":"2025-02-11","isFullCredit":false},{"lineNumber":6,"author":{"gitId":"teokj"},"content":"    }","lastModifiedDate":"2025-02-11","isFullCredit":false},{"lineNumber":7,"author":{"gitId":"teokj"},"content":"    @Override","lastModifiedDate":"2025-02-11","isFullCredit":false},{"lineNumber":8,"author":{"gitId":"teokj"},"content":"    public String toString() {","lastModifiedDate":"2025-02-11","isFullCredit":false},{"lineNumber":9,"author":{"gitId":"teokj"},"content":"        return \"[D]\" + super.toString() + \" (by: \" + by + \")\";","lastModifiedDate":"2025-02-11","isFullCredit":false},{"lineNumber":10,"author":{"gitId":"teokj"},"content":"    }","lastModifiedDate":"2025-02-11","isFullCredit":false},{"lineNumber":11,"author":{"gitId":"teokj"},"content":"}","lastModifiedDate":"2025-02-11","isFullCredit":false},{"lineNumber":12,"author":{"gitId":"teokj"},"content":"","lastModifiedDate":"2025-02-11","isFullCredit":false}],"authorContributionMap":{"teokj":12}},{"path":"src/main/java/Event.java","fileType":"java","lines":[{"lineNumber":1,"author":{"gitId":"teokj"},"content":"public class Event extends Task {","lastModifiedDate":"2025-02-11","isFullCredit":false},{"lineNumber":2,"author":{"gitId":"teokj"},"content":"    protected String from;","lastModifiedDate":"2025-02-11","isFullCredit":false},{"lineNumber":3,"author":{"gitId":"teokj"},"content":"    protected String to;","lastModifiedDate":"2025-02-11","isFullCredit":false},{"lineNumber":4,"author":{"gitId":"teokj"},"content":"    public Event(String description, String from, String to) {","lastModifiedDate":"2025-02-11","isFullCredit":false},{"lineNumber":5,"author":{"gitId":"teokj"},"content":"        super(description);","lastModifiedDate":"2025-02-11","isFullCredit":false},{"lineNumber":6,"author":{"gitId":"teokj"},"content":"        this.from \u003d from;","lastModifiedDate":"2025-02-11","isFullCredit":false},{"lineNumber":7,"author":{"gitId":"teokj"},"content":"        this.to \u003d to;","lastModifiedDate":"2025-02-11","isFullCredit":false},{"lineNumber":8,"author":{"gitId":"teokj"},"content":"    }","lastModifiedDate":"2025-02-11","isFullCredit":false},{"lineNumber":9,"author":{"gitId":"teokj"},"content":"    @Override","lastModifiedDate":"2025-02-11","isFullCredit":false},{"lineNumber":10,"author":{"gitId":"teokj"},"content":"    public String toString() {","lastModifiedDate":"2025-02-11","isFullCredit":false},{"lineNumber":11,"author":{"gitId":"teokj"},"content":"        return \"[E]\" + super.toString() + \" (from: \" + from + \" to: \" + to + \")\";","lastModifiedDate":"2025-02-11","isFullCredit":false},{"lineNumber":12,"author":{"gitId":"teokj"},"content":"    }","lastModifiedDate":"2025-02-11","isFullCredit":false},{"lineNumber":13,"author":{"gitId":"teokj"},"content":"}","lastModifiedDate":"2025-02-11","isFullCredit":false},{"lineNumber":14,"author":{"gitId":"teokj"},"content":"","lastModifiedDate":"2025-02-11","isFullCredit":false}],"authorContributionMap":{"teokj":14}},{"path":"src/main/java/Harry.java","fileType":"java","lines":[{"lineNumber":1,"author":{"gitId":"teokj"},"content":"import java.util.Scanner;","lastModifiedDate":"2025-02-04","isFullCredit":false},{"lineNumber":2,"author":{"gitId":"teokj"},"content":"","lastModifiedDate":"2025-02-04","isFullCredit":false},{"lineNumber":3,"author":{"gitId":"teokj"},"content":"public class Harry {","lastModifiedDate":"2025-02-04","isFullCredit":false},{"lineNumber":4,"author":{"gitId":"teokj"},"content":"    // Constant max number of tasks","lastModifiedDate":"2025-02-11","isFullCredit":false},{"lineNumber":5,"author":{"gitId":"teokj"},"content":"    private static final int MAX_TASKS \u003d 100;","lastModifiedDate":"2025-02-04","isFullCredit":false},{"lineNumber":6,"author":{"gitId":"teokj"},"content":"","lastModifiedDate":"2025-02-04","isFullCredit":false},{"lineNumber":7,"author":{"gitId":"teokj"},"content":"    public static void main(String[] args) {","lastModifiedDate":"2025-02-04","isFullCredit":false},{"lineNumber":8,"author":{"gitId":"teokj"},"content":"        Scanner scanner \u003d new Scanner(System.in);","lastModifiedDate":"2025-02-04","isFullCredit":false},{"lineNumber":9,"author":{"gitId":"teokj"},"content":"        Task[] tasks \u003d new Task[MAX_TASKS]; // Task list to store user input","lastModifiedDate":"2025-02-11","isFullCredit":false},{"lineNumber":10,"author":{"gitId":"teokj"},"content":"        int taskCount \u003d 0;","lastModifiedDate":"2025-02-04","isFullCredit":false},{"lineNumber":11,"author":{"gitId":"teokj"},"content":"","lastModifiedDate":"2025-02-04","isFullCredit":false},{"lineNumber":12,"author":{"gitId":"teokj"},"content":"        System.out.println(\"____________________________________________________________\");","lastModifiedDate":"2025-02-04","isFullCredit":false},{"lineNumber":13,"author":{"gitId":"teokj"},"content":"        System.out.println(\" Hello! I\u0027m Harry\");","lastModifiedDate":"2025-02-04","isFullCredit":false},{"lineNumber":14,"author":{"gitId":"teokj"},"content":"        System.out.println(\" What can I do for you?\");","lastModifiedDate":"2025-02-04","isFullCredit":false},{"lineNumber":15,"author":{"gitId":"teokj"},"content":"        System.out.println(\"____________________________________________________________\");","lastModifiedDate":"2025-02-04","isFullCredit":false},{"lineNumber":16,"author":{"gitId":"teokj"},"content":"","lastModifiedDate":"2025-02-04","isFullCredit":false},{"lineNumber":17,"author":{"gitId":"teokj"},"content":"        while (true) {","lastModifiedDate":"2025-02-04","isFullCredit":false},{"lineNumber":18,"author":{"gitId":"teokj"},"content":"            String input \u003d scanner.nextLine();","lastModifiedDate":"2025-02-11","isFullCredit":false},{"lineNumber":19,"author":{"gitId":"teokj"},"content":"            String[] inputParts \u003d input.split(\" \", 2);","lastModifiedDate":"2025-02-11","isFullCredit":false},{"lineNumber":20,"author":{"gitId":"teokj"},"content":"            String command \u003d inputParts[0];","lastModifiedDate":"2025-02-11","isFullCredit":false},{"lineNumber":21,"author":{"gitId":"teokj"},"content":"","lastModifiedDate":"2025-02-04","isFullCredit":false},{"lineNumber":22,"author":{"gitId":"teokj"},"content":"            switch (command) {","lastModifiedDate":"2025-02-11","isFullCredit":false},{"lineNumber":23,"author":{"gitId":"teokj"},"content":"                case \"bye\":","lastModifiedDate":"2025-02-11","isFullCredit":false},{"lineNumber":24,"author":{"gitId":"teokj"},"content":"                    System.out.println(\"____________________________________________________________\");","lastModifiedDate":"2025-02-04","isFullCredit":false},{"lineNumber":25,"author":{"gitId":"teokj"},"content":"                    System.out.println(\" Bye. Hope to see you again soon!\");","lastModifiedDate":"2025-02-04","isFullCredit":false},{"lineNumber":26,"author":{"gitId":"teokj"},"content":"                    System.out.println(\"____________________________________________________________\");","lastModifiedDate":"2025-02-04","isFullCredit":false},{"lineNumber":27,"author":{"gitId":"teokj"},"content":"                    scanner.close();","lastModifiedDate":"2025-02-11","isFullCredit":false},{"lineNumber":28,"author":{"gitId":"teokj"},"content":"                    return;","lastModifiedDate":"2025-02-11","isFullCredit":false},{"lineNumber":29,"author":{"gitId":"teokj"},"content":"","lastModifiedDate":"2025-02-04","isFullCredit":false},{"lineNumber":30,"author":{"gitId":"teokj"},"content":"                case \"list\":","lastModifiedDate":"2025-02-11","isFullCredit":false},{"lineNumber":31,"author":{"gitId":"teokj"},"content":"                    displayTaskList(tasks, taskCount);","lastModifiedDate":"2025-02-04","isFullCredit":false},{"lineNumber":32,"author":{"gitId":"teokj"},"content":"                    break;","lastModifiedDate":"2025-02-11","isFullCredit":false},{"lineNumber":33,"author":{"gitId":"teokj"},"content":"","lastModifiedDate":"2025-02-11","isFullCredit":false},{"lineNumber":34,"author":{"gitId":"teokj"},"content":"                case \"mark\":","lastModifiedDate":"2025-02-11","isFullCredit":false},{"lineNumber":35,"author":{"gitId":"teokj"},"content":"                    if (inputParts.length \u003e 1) {","lastModifiedDate":"2025-02-11","isFullCredit":false},{"lineNumber":36,"author":{"gitId":"teokj"},"content":"                        markTaskAsDone(inputParts[1], tasks, taskCount);","lastModifiedDate":"2025-02-11","isFullCredit":false},{"lineNumber":37,"author":{"gitId":"teokj"},"content":"                    } else {","lastModifiedDate":"2025-02-11","isFullCredit":false},{"lineNumber":38,"author":{"gitId":"teokj"},"content":"                        System.out.println(\" Invalid command. Use \u0027mark [task number]\u0027.\");","lastModifiedDate":"2025-02-11","isFullCredit":false},{"lineNumber":39,"author":{"gitId":"teokj"},"content":"                    }","lastModifiedDate":"2025-02-04","isFullCredit":false},{"lineNumber":40,"author":{"gitId":"teokj"},"content":"                    break;","lastModifiedDate":"2025-02-11","isFullCredit":false},{"lineNumber":41,"author":{"gitId":"teokj"},"content":"","lastModifiedDate":"2025-02-11","isFullCredit":false},{"lineNumber":42,"author":{"gitId":"teokj"},"content":"                case \"unmark\":","lastModifiedDate":"2025-02-11","isFullCredit":false},{"lineNumber":43,"author":{"gitId":"teokj"},"content":"                    if (inputParts.length \u003e 1) {","lastModifiedDate":"2025-02-11","isFullCredit":false},{"lineNumber":44,"author":{"gitId":"teokj"},"content":"                        unmarkTask(inputParts[1], tasks, taskCount);","lastModifiedDate":"2025-02-11","isFullCredit":false},{"lineNumber":45,"author":{"gitId":"teokj"},"content":"                    } else {","lastModifiedDate":"2025-02-11","isFullCredit":false},{"lineNumber":46,"author":{"gitId":"teokj"},"content":"                        System.out.println(\" Invalid command. Use \u0027unmark [task number]\u0027.\");","lastModifiedDate":"2025-02-11","isFullCredit":false},{"lineNumber":47,"author":{"gitId":"teokj"},"content":"                    }","lastModifiedDate":"2025-02-04","isFullCredit":false},{"lineNumber":48,"author":{"gitId":"teokj"},"content":"                    break;","lastModifiedDate":"2025-02-11","isFullCredit":false},{"lineNumber":49,"author":{"gitId":"teokj"},"content":"","lastModifiedDate":"2025-02-11","isFullCredit":false},{"lineNumber":50,"author":{"gitId":"teokj"},"content":"                case \"todo\":","lastModifiedDate":"2025-02-11","isFullCredit":false},{"lineNumber":51,"author":{"gitId":"teokj"},"content":"                    if (inputParts.length \u003e 1) {","lastModifiedDate":"2025-02-11","isFullCredit":false},{"lineNumber":52,"author":{"gitId":"teokj"},"content":"                        tasks[taskCount] \u003d new Todo(inputParts[1]);","lastModifiedDate":"2025-02-11","isFullCredit":false},{"lineNumber":53,"author":{"gitId":"teokj"},"content":"                        taskCount++;","lastModifiedDate":"2025-02-11","isFullCredit":false},{"lineNumber":54,"author":{"gitId":"teokj"},"content":"                        printAddedTask(tasks[taskCount - 1], taskCount);","lastModifiedDate":"2025-02-11","isFullCredit":false},{"lineNumber":55,"author":{"gitId":"teokj"},"content":"                    } else {","lastModifiedDate":"2025-02-11","isFullCredit":false},{"lineNumber":56,"author":{"gitId":"teokj"},"content":"                        System.out.println(\" Invalid command. Use \u0027todo [task description]\u0027.\");","lastModifiedDate":"2025-02-11","isFullCredit":false},{"lineNumber":57,"author":{"gitId":"teokj"},"content":"                    }","lastModifiedDate":"2025-02-04","isFullCredit":false},{"lineNumber":58,"author":{"gitId":"teokj"},"content":"                    break;","lastModifiedDate":"2025-02-11","isFullCredit":false},{"lineNumber":59,"author":{"gitId":"teokj"},"content":"","lastModifiedDate":"2025-02-11","isFullCredit":false},{"lineNumber":60,"author":{"gitId":"teokj"},"content":"                case \"deadline\":","lastModifiedDate":"2025-02-11","isFullCredit":false},{"lineNumber":61,"author":{"gitId":"teokj"},"content":"                    if (inputParts.length \u003e 1 \u0026\u0026 inputParts[1].contains(\" /by \")) {","lastModifiedDate":"2025-02-11","isFullCredit":false},{"lineNumber":62,"author":{"gitId":"teokj"},"content":"                        String[] deadlineParts \u003d inputParts[1].split(\" /by \", 2);","lastModifiedDate":"2025-02-11","isFullCredit":false},{"lineNumber":63,"author":{"gitId":"teokj"},"content":"                        tasks[taskCount] \u003d new Deadline(deadlineParts[0], deadlineParts[1]);","lastModifiedDate":"2025-02-11","isFullCredit":false},{"lineNumber":64,"author":{"gitId":"teokj"},"content":"                        taskCount++;","lastModifiedDate":"2025-02-04","isFullCredit":false},{"lineNumber":65,"author":{"gitId":"teokj"},"content":"                        printAddedTask(tasks[taskCount - 1], taskCount);","lastModifiedDate":"2025-02-11","isFullCredit":false},{"lineNumber":66,"author":{"gitId":"teokj"},"content":"                    } else {","lastModifiedDate":"2025-02-11","isFullCredit":false},{"lineNumber":67,"author":{"gitId":"teokj"},"content":"                        System.out.println(\" Invalid command. Use \u0027deadline [task] /by [time]\u0027.\");","lastModifiedDate":"2025-02-11","isFullCredit":false},{"lineNumber":68,"author":{"gitId":"teokj"},"content":"                    }","lastModifiedDate":"2025-02-04","isFullCredit":false},{"lineNumber":69,"author":{"gitId":"teokj"},"content":"                    break;","lastModifiedDate":"2025-02-11","isFullCredit":false},{"lineNumber":70,"author":{"gitId":"teokj"},"content":"","lastModifiedDate":"2025-02-11","isFullCredit":false},{"lineNumber":71,"author":{"gitId":"teokj"},"content":"                case \"event\":","lastModifiedDate":"2025-02-11","isFullCredit":false},{"lineNumber":72,"author":{"gitId":"teokj"},"content":"                    if (inputParts.length \u003e 1 \u0026\u0026 inputParts[1].contains(\" /from \") \u0026\u0026 inputParts[1].contains(\" /to \")) {","lastModifiedDate":"2025-02-11","isFullCredit":false},{"lineNumber":73,"author":{"gitId":"teokj"},"content":"                        String[] eventParts \u003d inputParts[1].split(\" /from | /to \");","lastModifiedDate":"2025-02-11","isFullCredit":false},{"lineNumber":74,"author":{"gitId":"teokj"},"content":"                        tasks[taskCount] \u003d new Event(eventParts[0], eventParts[1], eventParts[2]);","lastModifiedDate":"2025-02-11","isFullCredit":false},{"lineNumber":75,"author":{"gitId":"teokj"},"content":"                        taskCount++;","lastModifiedDate":"2025-02-11","isFullCredit":false},{"lineNumber":76,"author":{"gitId":"teokj"},"content":"                        printAddedTask(tasks[taskCount - 1], taskCount);","lastModifiedDate":"2025-02-11","isFullCredit":false},{"lineNumber":77,"author":{"gitId":"teokj"},"content":"                    } else {","lastModifiedDate":"2025-02-11","isFullCredit":false},{"lineNumber":78,"author":{"gitId":"teokj"},"content":"                        System.out.println(\" Invalid command. Use \u0027event [task] /from [start] /to [end]\u0027.\");","lastModifiedDate":"2025-02-11","isFullCredit":false},{"lineNumber":79,"author":{"gitId":"teokj"},"content":"                    }","lastModifiedDate":"2025-02-04","isFullCredit":false},{"lineNumber":80,"author":{"gitId":"teokj"},"content":"                    break;","lastModifiedDate":"2025-02-11","isFullCredit":false},{"lineNumber":81,"author":{"gitId":"teokj"},"content":"","lastModifiedDate":"2025-02-04","isFullCredit":false},{"lineNumber":82,"author":{"gitId":"teokj"},"content":"                default:","lastModifiedDate":"2025-02-11","isFullCredit":false},{"lineNumber":83,"author":{"gitId":"teokj"},"content":"                    System.out.println(\" Unknown command. Please try again.\");","lastModifiedDate":"2025-02-11","isFullCredit":false},{"lineNumber":84,"author":{"gitId":"teokj"},"content":"                    break;","lastModifiedDate":"2025-02-11","isFullCredit":false},{"lineNumber":85,"author":{"gitId":"teokj"},"content":"            }","lastModifiedDate":"2025-02-11","isFullCredit":false},{"lineNumber":86,"author":{"gitId":"teokj"},"content":"        }","lastModifiedDate":"2025-02-11","isFullCredit":false},{"lineNumber":87,"author":{"gitId":"teokj"},"content":"    }","lastModifiedDate":"2025-02-04","isFullCredit":false},{"lineNumber":88,"author":{"gitId":"teokj"},"content":"","lastModifiedDate":"2025-02-04","isFullCredit":false},{"lineNumber":89,"author":{"gitId":"teokj"},"content":"    private static void displayTaskList(Task[] tasks, int taskCount) {","lastModifiedDate":"2025-02-04","isFullCredit":false},{"lineNumber":90,"author":{"gitId":"teokj"},"content":"        System.out.println(\"____________________________________________________________\");","lastModifiedDate":"2025-02-04","isFullCredit":false},{"lineNumber":91,"author":{"gitId":"teokj"},"content":"        System.out.println(\" Here are the tasks in your list:\");","lastModifiedDate":"2025-02-04","isFullCredit":false},{"lineNumber":92,"author":{"gitId":"teokj"},"content":"        if (taskCount \u003d\u003d 0) {","lastModifiedDate":"2025-02-04","isFullCredit":false},{"lineNumber":93,"author":{"gitId":"teokj"},"content":"            System.out.println(\" No tasks added yet.\");","lastModifiedDate":"2025-02-04","isFullCredit":false},{"lineNumber":94,"author":{"gitId":"teokj"},"content":"        } else {","lastModifiedDate":"2025-02-04","isFullCredit":false},{"lineNumber":95,"author":{"gitId":"teokj"},"content":"            for (int i \u003d 0; i \u003c taskCount; i++) {","lastModifiedDate":"2025-02-04","isFullCredit":false},{"lineNumber":96,"author":{"gitId":"teokj"},"content":"                System.out.println((i + 1) + \".\" + tasks[i]);","lastModifiedDate":"2025-02-04","isFullCredit":false},{"lineNumber":97,"author":{"gitId":"teokj"},"content":"            }","lastModifiedDate":"2025-02-04","isFullCredit":false},{"lineNumber":98,"author":{"gitId":"teokj"},"content":"        }","lastModifiedDate":"2025-02-04","isFullCredit":false},{"lineNumber":99,"author":{"gitId":"teokj"},"content":"        System.out.println(\"____________________________________________________________\");","lastModifiedDate":"2025-02-04","isFullCredit":false},{"lineNumber":100,"author":{"gitId":"teokj"},"content":"    }","lastModifiedDate":"2025-02-04","isFullCredit":false},{"lineNumber":101,"author":{"gitId":"teokj"},"content":"","lastModifiedDate":"2025-02-04","isFullCredit":false},{"lineNumber":102,"author":{"gitId":"teokj"},"content":"    private static void markTaskAsDone(String taskIndexStr, Task[] tasks, int taskCount) {","lastModifiedDate":"2025-02-11","isFullCredit":false},{"lineNumber":103,"author":{"gitId":"teokj"},"content":"        try {","lastModifiedDate":"2025-02-04","isFullCredit":false},{"lineNumber":104,"author":{"gitId":"teokj"},"content":"            int taskIndex \u003d Integer.parseInt(taskIndexStr) - 1;","lastModifiedDate":"2025-02-11","isFullCredit":false},{"lineNumber":105,"author":{"gitId":"teokj"},"content":"            if (taskIndex \u003e\u003d 0 \u0026\u0026 taskIndex \u003c taskCount) {","lastModifiedDate":"2025-02-04","isFullCredit":false},{"lineNumber":106,"author":{"gitId":"teokj"},"content":"                tasks[taskIndex].markAsDone();","lastModifiedDate":"2025-02-04","isFullCredit":false},{"lineNumber":107,"author":{"gitId":"teokj"},"content":"                System.out.println(\"____________________________________________________________\");","lastModifiedDate":"2025-02-04","isFullCredit":false},{"lineNumber":108,"author":{"gitId":"teokj"},"content":"                System.out.println(\" Nice! I\u0027ve marked this task as done:\");","lastModifiedDate":"2025-02-04","isFullCredit":false},{"lineNumber":109,"author":{"gitId":"teokj"},"content":"                System.out.println(\" \" + tasks[taskIndex]);","lastModifiedDate":"2025-02-04","isFullCredit":false},{"lineNumber":110,"author":{"gitId":"teokj"},"content":"                System.out.println(\"____________________________________________________________\");","lastModifiedDate":"2025-02-04","isFullCredit":false},{"lineNumber":111,"author":{"gitId":"teokj"},"content":"            } else {","lastModifiedDate":"2025-02-04","isFullCredit":false},{"lineNumber":112,"author":{"gitId":"teokj"},"content":"                System.out.println(\" Invalid task number.\");","lastModifiedDate":"2025-02-04","isFullCredit":false},{"lineNumber":113,"author":{"gitId":"teokj"},"content":"            }","lastModifiedDate":"2025-02-04","isFullCredit":false},{"lineNumber":114,"author":{"gitId":"teokj"},"content":"        } catch (NumberFormatException e) {","lastModifiedDate":"2025-02-11","isFullCredit":false},{"lineNumber":115,"author":{"gitId":"teokj"},"content":"            System.out.println(\" Invalid command. Use \u0027mark [task number]\u0027.\");","lastModifiedDate":"2025-02-04","isFullCredit":false},{"lineNumber":116,"author":{"gitId":"teokj"},"content":"        }","lastModifiedDate":"2025-02-04","isFullCredit":false},{"lineNumber":117,"author":{"gitId":"teokj"},"content":"    }","lastModifiedDate":"2025-02-04","isFullCredit":false},{"lineNumber":118,"author":{"gitId":"teokj"},"content":"","lastModifiedDate":"2025-02-04","isFullCredit":false},{"lineNumber":119,"author":{"gitId":"teokj"},"content":"    /**","lastModifiedDate":"2025-02-11","isFullCredit":false},{"lineNumber":120,"author":{"gitId":"teokj"},"content":"     * Unmarks a task as not done.","lastModifiedDate":"2025-02-11","isFullCredit":false},{"lineNumber":121,"author":{"gitId":"teokj"},"content":"     *","lastModifiedDate":"2025-02-11","isFullCredit":false},{"lineNumber":122,"author":{"gitId":"teokj"},"content":"     * @param taskIndexStr The index of the task to be unmarked.","lastModifiedDate":"2025-02-11","isFullCredit":false},{"lineNumber":123,"author":{"gitId":"teokj"},"content":"     * @param tasks The list of tasks.","lastModifiedDate":"2025-02-11","isFullCredit":false},{"lineNumber":124,"author":{"gitId":"teokj"},"content":"     * @param taskCount The number of tasks in the list.","lastModifiedDate":"2025-02-11","isFullCredit":false},{"lineNumber":125,"author":{"gitId":"teokj"},"content":"     */","lastModifiedDate":"2025-02-11","isFullCredit":false},{"lineNumber":126,"author":{"gitId":"teokj"},"content":"    private static void unmarkTask(String taskIndexStr, Task[] tasks, int taskCount) {","lastModifiedDate":"2025-02-11","isFullCredit":false},{"lineNumber":127,"author":{"gitId":"teokj"},"content":"        try {","lastModifiedDate":"2025-02-04","isFullCredit":false},{"lineNumber":128,"author":{"gitId":"teokj"},"content":"            int taskIndex \u003d Integer.parseInt(taskIndexStr) - 1;","lastModifiedDate":"2025-02-11","isFullCredit":false},{"lineNumber":129,"author":{"gitId":"teokj"},"content":"            if (taskIndex \u003e\u003d 0 \u0026\u0026 taskIndex \u003c taskCount) {","lastModifiedDate":"2025-02-04","isFullCredit":false},{"lineNumber":130,"author":{"gitId":"teokj"},"content":"                tasks[taskIndex].markAsNotDone();","lastModifiedDate":"2025-02-04","isFullCredit":false},{"lineNumber":131,"author":{"gitId":"teokj"},"content":"                System.out.println(\"____________________________________________________________\");","lastModifiedDate":"2025-02-04","isFullCredit":false},{"lineNumber":132,"author":{"gitId":"teokj"},"content":"                System.out.println(\" OK, I\u0027ve marked this task as not done yet:\");","lastModifiedDate":"2025-02-04","isFullCredit":false},{"lineNumber":133,"author":{"gitId":"teokj"},"content":"                System.out.println(\" \" + tasks[taskIndex]);","lastModifiedDate":"2025-02-04","isFullCredit":false},{"lineNumber":134,"author":{"gitId":"teokj"},"content":"                System.out.println(\"____________________________________________________________\");","lastModifiedDate":"2025-02-04","isFullCredit":false},{"lineNumber":135,"author":{"gitId":"teokj"},"content":"            } else {","lastModifiedDate":"2025-02-04","isFullCredit":false},{"lineNumber":136,"author":{"gitId":"teokj"},"content":"                System.out.println(\" Invalid task number.\");","lastModifiedDate":"2025-02-04","isFullCredit":false},{"lineNumber":137,"author":{"gitId":"teokj"},"content":"            }","lastModifiedDate":"2025-02-04","isFullCredit":false},{"lineNumber":138,"author":{"gitId":"teokj"},"content":"        } catch (NumberFormatException e) {","lastModifiedDate":"2025-02-11","isFullCredit":false},{"lineNumber":139,"author":{"gitId":"teokj"},"content":"            System.out.println(\" Invalid command. Use \u0027unmark [task number]\u0027.\");","lastModifiedDate":"2025-02-04","isFullCredit":false},{"lineNumber":140,"author":{"gitId":"teokj"},"content":"        }","lastModifiedDate":"2025-02-04","isFullCredit":false},{"lineNumber":141,"author":{"gitId":"teokj"},"content":"    }","lastModifiedDate":"2025-02-04","isFullCredit":false},{"lineNumber":142,"author":{"gitId":"teokj"},"content":"","lastModifiedDate":"2025-02-04","isFullCredit":false},{"lineNumber":143,"author":{"gitId":"teokj"},"content":"    private static void printAddedTask(Task task, int taskCount) {","lastModifiedDate":"2025-02-11","isFullCredit":false},{"lineNumber":144,"author":{"gitId":"teokj"},"content":"        System.out.println(\"____________________________________________________________\");","lastModifiedDate":"2025-02-04","isFullCredit":false},{"lineNumber":145,"author":{"gitId":"teokj"},"content":"        System.out.println(\" Got it. I\u0027ve added this task:\");","lastModifiedDate":"2025-02-11","isFullCredit":false},{"lineNumber":146,"author":{"gitId":"teokj"},"content":"        System.out.println(\"   \" + task);","lastModifiedDate":"2025-02-11","isFullCredit":false},{"lineNumber":147,"author":{"gitId":"teokj"},"content":"        System.out.println(\" Now you have \" + taskCount + \" tasks in the list.\");","lastModifiedDate":"2025-02-11","isFullCredit":false},{"lineNumber":148,"author":{"gitId":"teokj"},"content":"        System.out.println(\"____________________________________________________________\");","lastModifiedDate":"2025-02-04","isFullCredit":false},{"lineNumber":149,"author":{"gitId":"teokj"},"content":"    }","lastModifiedDate":"2025-02-04","isFullCredit":false},{"lineNumber":150,"author":{"gitId":"teokj"},"content":"}","lastModifiedDate":"2025-02-04","isFullCredit":false},{"lineNumber":151,"author":{"gitId":"teokj"},"content":"","lastModifiedDate":"2025-02-11","isFullCredit":false},{"lineNumber":152,"author":{"gitId":"teokj"},"content":"","lastModifiedDate":"2025-02-11","isFullCredit":false},{"lineNumber":153,"author":{"gitId":"teokj"},"content":"","lastModifiedDate":"2025-02-11","isFullCredit":false},{"lineNumber":154,"author":{"gitId":"teokj"},"content":"","lastModifiedDate":"2025-02-11","isFullCredit":false}],"authorContributionMap":{"teokj":154}},{"path":"src/main/java/Task.java","fileType":"java","lines":[{"lineNumber":1,"author":{"gitId":"teokj"},"content":"// task class representing a task with description and done status","lastModifiedDate":"2025-02-11","isFullCredit":false},{"lineNumber":2,"author":{"gitId":"teokj"},"content":"public class Task {","lastModifiedDate":"2025-02-11","isFullCredit":false},{"lineNumber":3,"author":{"gitId":"teokj"},"content":"    protected String description;","lastModifiedDate":"2025-02-11","isFullCredit":false},{"lineNumber":4,"author":{"gitId":"teokj"},"content":"    protected boolean isDone;","lastModifiedDate":"2025-02-11","isFullCredit":false},{"lineNumber":5,"author":{"gitId":"teokj"},"content":"","lastModifiedDate":"2025-02-11","isFullCredit":false},{"lineNumber":6,"author":{"gitId":"teokj"},"content":"    // constructor to initialize task with description and default done status","lastModifiedDate":"2025-02-11","isFullCredit":false},{"lineNumber":7,"author":{"gitId":"teokj"},"content":"    public Task(String description) {","lastModifiedDate":"2025-02-11","isFullCredit":false},{"lineNumber":8,"author":{"gitId":"teokj"},"content":"        this.description \u003d description;","lastModifiedDate":"2025-02-11","isFullCredit":false},{"lineNumber":9,"author":{"gitId":"teokj"},"content":"        this.isDone \u003d false;","lastModifiedDate":"2025-02-11","isFullCredit":false},{"lineNumber":10,"author":{"gitId":"teokj"},"content":"    }","lastModifiedDate":"2025-02-11","isFullCredit":false},{"lineNumber":11,"author":{"gitId":"teokj"},"content":"","lastModifiedDate":"2025-02-11","isFullCredit":false},{"lineNumber":12,"author":{"gitId":"teokj"},"content":"    public String getStatusIcon() {","lastModifiedDate":"2025-02-11","isFullCredit":false},{"lineNumber":13,"author":{"gitId":"teokj"},"content":"        return (isDone ? \"X\" : \" \");","lastModifiedDate":"2025-02-11","isFullCredit":false},{"lineNumber":14,"author":{"gitId":"teokj"},"content":"    }","lastModifiedDate":"2025-02-11","isFullCredit":false},{"lineNumber":15,"author":{"gitId":"teokj"},"content":"","lastModifiedDate":"2025-02-11","isFullCredit":false},{"lineNumber":16,"author":{"gitId":"teokj"},"content":"    public void markAsDone() {","lastModifiedDate":"2025-02-11","isFullCredit":false},{"lineNumber":17,"author":{"gitId":"teokj"},"content":"        this.isDone \u003d true;","lastModifiedDate":"2025-02-11","isFullCredit":false},{"lineNumber":18,"author":{"gitId":"teokj"},"content":"    }","lastModifiedDate":"2025-02-11","isFullCredit":false},{"lineNumber":19,"author":{"gitId":"teokj"},"content":"","lastModifiedDate":"2025-02-11","isFullCredit":false},{"lineNumber":20,"author":{"gitId":"teokj"},"content":"    public void markAsNotDone() {","lastModifiedDate":"2025-02-11","isFullCredit":false},{"lineNumber":21,"author":{"gitId":"teokj"},"content":"        this.isDone \u003d false;","lastModifiedDate":"2025-02-11","isFullCredit":false},{"lineNumber":22,"author":{"gitId":"teokj"},"content":"    }","lastModifiedDate":"2025-02-11","isFullCredit":false},{"lineNumber":23,"author":{"gitId":"teokj"},"content":"","lastModifiedDate":"2025-02-11","isFullCredit":false},{"lineNumber":24,"author":{"gitId":"teokj"},"content":"    // override toString method to display task with status","lastModifiedDate":"2025-02-11","isFullCredit":false},{"lineNumber":25,"author":{"gitId":"teokj"},"content":"    @Override","lastModifiedDate":"2025-02-11","isFullCredit":false},{"lineNumber":26,"author":{"gitId":"teokj"},"content":"    public String toString() {","lastModifiedDate":"2025-02-11","isFullCredit":false},{"lineNumber":27,"author":{"gitId":"teokj"},"content":"        return \"[\" + getStatusIcon() + \"] \" + description;","lastModifiedDate":"2025-02-11","isFullCredit":false},{"lineNumber":28,"author":{"gitId":"teokj"},"content":"    }","lastModifiedDate":"2025-02-11","isFullCredit":false},{"lineNumber":29,"author":{"gitId":"teokj"},"content":"}","lastModifiedDate":"2025-02-11","isFullCredit":false},{"lineNumber":30,"author":{"gitId":"teokj"},"content":"","lastModifiedDate":"2025-02-11","isFullCredit":false}],"authorContributionMap":{"teokj":30}},{"path":"src/main/java/Todo.java","fileType":"java","lines":[{"lineNumber":1,"author":{"gitId":"teokj"},"content":"public class Todo extends Task {","lastModifiedDate":"2025-02-11","isFullCredit":false},{"lineNumber":2,"author":{"gitId":"teokj"},"content":"    public Todo(String description) {","lastModifiedDate":"2025-02-11","isFullCredit":false},{"lineNumber":3,"author":{"gitId":"teokj"},"content":"        super(description);","lastModifiedDate":"2025-02-11","isFullCredit":false},{"lineNumber":4,"author":{"gitId":"teokj"},"content":"    }","lastModifiedDate":"2025-02-11","isFullCredit":false},{"lineNumber":5,"author":{"gitId":"teokj"},"content":"    @Override","lastModifiedDate":"2025-02-11","isFullCredit":false},{"lineNumber":6,"author":{"gitId":"teokj"},"content":"    public String toString() {","lastModifiedDate":"2025-02-11","isFullCredit":false},{"lineNumber":7,"author":{"gitId":"teokj"},"content":"        return \"[T]\" + super.toString();","lastModifiedDate":"2025-02-11","isFullCredit":false},{"lineNumber":8,"author":{"gitId":"teokj"},"content":"    }","lastModifiedDate":"2025-02-11","isFullCredit":false},{"lineNumber":9,"author":{"gitId":"teokj"},"content":"}","lastModifiedDate":"2025-02-11","isFullCredit":false},{"lineNumber":10,"author":{"gitId":"teokj"},"content":"","lastModifiedDate":"2025-02-11","isFullCredit":false}],"authorContributionMap":{"teokj":10}}]
