{"authorDailyContributionsMap":{"teokj":[{"date":"2025-02-04","commitResults":[{"hash":"e18809f2f61b66aa1ad32048c2a7837fecd2d863","isMergeCommit":false,"messageTitle":"Level 0","messageBody":"","tags":["Level-0"],"fileTypesAndContributionMap":{"java":{"insertions":7,"deletions":10}}},{"hash":"40c8f4aecaa4e58485fdaaf7a9e69add99106e10","isMergeCommit":false,"messageTitle":"Level 1","messageBody":"","tags":["Level-1"],"fileTypesAndContributionMap":{"java":{"insertions":24,"deletions":1}}},{"hash":"846e931cd9a7ddc9a668ad541d3841a086fc9709","isMergeCommit":false,"messageTitle":"Level 2","messageBody":"","tags":["Level-2"],"fileTypesAndContributionMap":{"java":{"insertions":24,"deletions":3}}},{"hash":"23ceaecd9b41c8061965e6aaa27f00faf97811b5","isMergeCommit":false,"messageTitle":"Level 3","messageBody":"","tags":["Level-3"],"fileTypesAndContributionMap":{"java":{"insertions":71,"deletions":7}}},{"hash":"640a372d16f029903676ff0606195d4776864c7f","isMergeCommit":false,"messageTitle":"A-CodingStandard","messageBody":"","tags":["A-CodingStandard"],"fileTypesAndContributionMap":{"java":{"insertions":76,"deletions":47}}}]},{"date":"2025-02-11","commitResults":[{"hash":"c1f4752e6e4cf53c4b88d4461f1f4ce60c6cfe71","isMergeCommit":false,"messageTitle":"Separated different classes into different files, changed if/else to switch statement, aded ToDo, Event, Deadline","messageBody":"","tags":["Level-4"],"fileTypesAndContributionMap":{"java":{"insertions":156,"deletions":80}}},{"hash":"8c587eaa6d310dd7ad122274907b9bc1c34e9ef0","isMergeCommit":false,"messageTitle":"Tested automated text UI testing","messageBody":"","tags":["A-TextUiTesting"],"fileTypesAndContributionMap":{"txt":{"insertions":8,"deletions":0},"java":{"insertions":1,"deletions":7},"bat":{"insertions":3,"deletions":2},"sh":{"insertions":2,"deletions":2}}},{"hash":"9b49ba870ed1ea8fbf9d9c3c47cce24bac86d64d","isMergeCommit":false,"messageTitle":"Improved code quality","messageBody":"","tags":["A-CodeQuality"],"fileTypesAndContributionMap":{"java":{"insertions":73,"deletions":70}}}]},{"date":"2025-02-18","commitResults":[{"hash":"d428e191682ed744f6a56ebe696fb036246c32f3","isMergeCommit":false,"messageTitle":"Teach the chatbot how to handle errors, implementing exceptions","messageBody":"","fileTypesAndContributionMap":{"java":{"insertions":92,"deletions":76}}},{"hash":"c4780b06408bea07ada6f17913a3fefb153a3469","isMergeCommit":true,"messageTitle":"Merge branch \u0027branch-Level-5\u0027","messageBody":"","tags":["Level-5","A-Exceptions"],"fileTypesAndContributionMap":{}},{"hash":"51a28e894f08706118ea283d56220bd0242f5eb5","isMergeCommit":false,"messageTitle":"Divided classes into packages","messageBody":"","fileTypesAndContributionMap":{"java":{"insertions":20,"deletions":3},"bat":{"insertions":1,"deletions":1}}},{"hash":"25acf90aecab1ab91729ae86559159b028ac894a","isMergeCommit":true,"messageTitle":"Merge branch \u0027branch-A-Packages\u0027","messageBody":"","tags":["A-Packages"],"fileTypesAndContributionMap":{}}]},{"date":"2025-02-19","commitResults":[{"hash":"2eb62461079f2376b983faf22032e9f153ba06ee","isMergeCommit":false,"messageTitle":"Able to delete tasks from list, implemented Java Collections Classes","messageBody":"","fileTypesAndContributionMap":{"java":{"insertions":18,"deletions":3}}},{"hash":"31dcbdb2220e5ae3ea9c802ab5a559d0b51cdfa3","isMergeCommit":false,"messageTitle":"Save and load tasks in the hard disk","messageBody":"","fileTypesAndContributionMap":{"txt":{"insertions":3,"deletions":0},"java":{"insertions":143,"deletions":11}}},{"hash":"7520c84701e63d05711aaab35a534c70b00dae12","isMergeCommit":true,"messageTitle":"Merge branch \u0027branch-Level-6\u0027","messageBody":"","tags":["Level-6","A-Collections"],"fileTypesAndContributionMap":{}},{"hash":"f13e6e4cb9ab9168e7653ba62167b9718dd78013","isMergeCommit":true,"messageTitle":"Merge branch \u0027branch-Level-7\u0027","messageBody":"","tags":["Level-7","A-Jar"],"fileTypesAndContributionMap":{}}]},{"date":"2025-02-28","commitResults":[{"hash":"f55196275a834ad53c3903e9e8ec4371cab0cde3","isMergeCommit":false,"messageTitle":"Used more OOP to extract classes like Ui, Parser, Storage and TaskList. Added new classes for commands.","messageBody":"","tags":["A-MoreOOP"],"fileTypesAndContributionMap":{"txt":{"insertions":2,"deletions":3},"java":{"insertions":381,"deletions":180}}}]}]},"authorFileTypeContributionMap":{"teokj":{"java":583,"md":0,"fxml":0,"sh":2,"bat":3,"gradle":0,"txt":10}},"authorContributionVariance":{"teokj":11469.972},"authorDisplayNameMap":{"teokj":"CS2113-T11a-4 TEO .. JER"}}
