[{"path":"src/Hudou.java","fileType":"java","lines":[{"lineNumber":1,"author":{"gitId":"Hudou0420"},"content":"import java.util.Scanner;","lastModifiedDate":"2025-01-30","isFullCredit":false},{"lineNumber":2,"author":{"gitId":"Hudou0420"},"content":"","lastModifiedDate":"2025-01-30","isFullCredit":false},{"lineNumber":3,"author":{"gitId":"Hudou0420"},"content":"public class Hudou {","lastModifiedDate":"2025-01-22","isFullCredit":false},{"lineNumber":4,"author":{"gitId":"Hudou0420"},"content":"    public static void main(String[] args) {","lastModifiedDate":"2025-01-22","isFullCredit":false},{"lineNumber":5,"author":{"gitId":"Hudou0420"},"content":"        chatBot chatBot \u003d new chatBot();","lastModifiedDate":"2025-01-30","isFullCredit":false},{"lineNumber":6,"author":{"gitId":"Hudou0420"},"content":"        String input \u003d null;","lastModifiedDate":"2025-01-30","isFullCredit":false},{"lineNumber":7,"author":{"gitId":"Hudou0420"},"content":"        do{","lastModifiedDate":"2025-01-30","isFullCredit":false},{"lineNumber":8,"author":{"gitId":"Hudou0420"},"content":"            Scanner scanner \u003d new Scanner(System.in);","lastModifiedDate":"2025-01-30","isFullCredit":false},{"lineNumber":9,"author":{"gitId":"Hudou0420"},"content":"            input \u003d scanner.nextLine();","lastModifiedDate":"2025-01-30","isFullCredit":false},{"lineNumber":10,"author":{"gitId":"Hudou0420"},"content":"            chatBot.processInputs(input);","lastModifiedDate":"2025-01-30","isFullCredit":false},{"lineNumber":11,"author":{"gitId":"Hudou0420"},"content":"        } while(!input.equals(\"bye\"));","lastModifiedDate":"2025-01-30","isFullCredit":false},{"lineNumber":12,"author":{"gitId":"Hudou0420"},"content":"    }","lastModifiedDate":"2025-01-22","isFullCredit":false},{"lineNumber":13,"author":{"gitId":"Hudou0420"},"content":"}","lastModifiedDate":"2025-01-22","isFullCredit":false}],"authorContributionMap":{"Hudou0420":13}},{"path":"src/TaskList.java","fileType":"java","lines":[{"lineNumber":1,"author":{"gitId":"Hudou0420"},"content":"public class TaskList {","lastModifiedDate":"2025-01-31","isFullCredit":false},{"lineNumber":2,"author":{"gitId":"Hudou0420"},"content":"","lastModifiedDate":"2025-01-30","isFullCredit":false},{"lineNumber":3,"author":{"gitId":"Hudou0420"},"content":"    private Tasks[] tasks;","lastModifiedDate":"2025-01-31","isFullCredit":false},{"lineNumber":4,"author":{"gitId":"Hudou0420"},"content":"    private int eventListSize;","lastModifiedDate":"2025-01-30","isFullCredit":false},{"lineNumber":5,"author":{"gitId":"Hudou0420"},"content":"","lastModifiedDate":"2025-01-30","isFullCredit":false},{"lineNumber":6,"author":{"gitId":"Hudou0420"},"content":"    public TaskList() {","lastModifiedDate":"2025-01-31","isFullCredit":false},{"lineNumber":7,"author":{"gitId":"Hudou0420"},"content":"        tasks \u003d new Tasks[100];","lastModifiedDate":"2025-01-31","isFullCredit":false},{"lineNumber":8,"author":{"gitId":"Hudou0420"},"content":"        eventListSize \u003d 0;","lastModifiedDate":"2025-01-30","isFullCredit":false},{"lineNumber":9,"author":{"gitId":"Hudou0420"},"content":"    }","lastModifiedDate":"2025-01-30","isFullCredit":false},{"lineNumber":10,"author":{"gitId":"Hudou0420"},"content":"","lastModifiedDate":"2025-01-30","isFullCredit":false},{"lineNumber":11,"author":{"gitId":"Hudou0420"},"content":"    public TaskList(Tasks[] tasks) {","lastModifiedDate":"2025-01-31","isFullCredit":false},{"lineNumber":12,"author":{"gitId":"Hudou0420"},"content":"        this.tasks \u003d tasks;","lastModifiedDate":"2025-01-31","isFullCredit":false},{"lineNumber":13,"author":{"gitId":"Hudou0420"},"content":"        eventListSize \u003d tasks.length;","lastModifiedDate":"2025-01-31","isFullCredit":false},{"lineNumber":14,"author":{"gitId":"Hudou0420"},"content":"    }","lastModifiedDate":"2025-01-30","isFullCredit":false},{"lineNumber":15,"author":{"gitId":"Hudou0420"},"content":"","lastModifiedDate":"2025-01-30","isFullCredit":false},{"lineNumber":16,"author":{"gitId":"Hudou0420"},"content":"    public TaskList(TaskList other) {","lastModifiedDate":"2025-01-31","isFullCredit":false},{"lineNumber":17,"author":{"gitId":"Hudou0420"},"content":"        this.tasks \u003d other.tasks;","lastModifiedDate":"2025-01-31","isFullCredit":false},{"lineNumber":18,"author":{"gitId":"Hudou0420"},"content":"        this.eventListSize \u003d other.eventListSize;","lastModifiedDate":"2025-01-30","isFullCredit":false},{"lineNumber":19,"author":{"gitId":"Hudou0420"},"content":"    }","lastModifiedDate":"2025-01-30","isFullCredit":false},{"lineNumber":20,"author":{"gitId":"Hudou0420"},"content":"","lastModifiedDate":"2025-01-30","isFullCredit":false},{"lineNumber":21,"author":{"gitId":"Hudou0420"},"content":"    public void addEvent(String event) {","lastModifiedDate":"2025-01-30","isFullCredit":false},{"lineNumber":22,"author":{"gitId":"Hudou0420"},"content":"        if (eventListSize \u003e\u003d 100){","lastModifiedDate":"2025-01-30","isFullCredit":false},{"lineNumber":23,"author":{"gitId":"Hudou0420"},"content":"            System.out.println(\"You have too many events in your list! Complete some before adding new ones.\");","lastModifiedDate":"2025-01-30","isFullCredit":false},{"lineNumber":24,"author":{"gitId":"Hudou0420"},"content":"            return;","lastModifiedDate":"2025-01-30","isFullCredit":false},{"lineNumber":25,"author":{"gitId":"Hudou0420"},"content":"        }","lastModifiedDate":"2025-01-30","isFullCredit":false},{"lineNumber":26,"author":{"gitId":"Hudou0420"},"content":"        Tasks newTasks \u003d new Tasks(event);","lastModifiedDate":"2025-01-31","isFullCredit":false},{"lineNumber":27,"author":{"gitId":"Hudou0420"},"content":"        tasks[eventListSize] \u003d newTasks;","lastModifiedDate":"2025-01-31","isFullCredit":false},{"lineNumber":28,"author":{"gitId":"Hudou0420"},"content":"        eventListSize++;","lastModifiedDate":"2025-01-30","isFullCredit":false},{"lineNumber":29,"author":{"gitId":"Hudou0420"},"content":"        System.out.println(\"Added new event: \" + newTasks.getEventName());","lastModifiedDate":"2025-01-31","isFullCredit":false},{"lineNumber":30,"author":{"gitId":"Hudou0420"},"content":"        System.out.println(\"You have \" + eventListSize + \" events in your list!\");","lastModifiedDate":"2025-01-30","isFullCredit":false},{"lineNumber":31,"author":{"gitId":"Hudou0420"},"content":"    }","lastModifiedDate":"2025-01-30","isFullCredit":false},{"lineNumber":32,"author":{"gitId":"Hudou0420"},"content":"","lastModifiedDate":"2025-01-30","isFullCredit":false},{"lineNumber":33,"author":{"gitId":"Hudou0420"},"content":"    public void listTasks(){","lastModifiedDate":"2025-01-31","isFullCredit":false},{"lineNumber":34,"author":{"gitId":"Hudou0420"},"content":"        if (eventListSize \u003d\u003d 0){","lastModifiedDate":"2025-01-30","isFullCredit":false},{"lineNumber":35,"author":{"gitId":"Hudou0420"},"content":"            System.out.println(\"You have no events in your list!\");","lastModifiedDate":"2025-01-30","isFullCredit":false},{"lineNumber":36,"author":{"gitId":"Hudou0420"},"content":"            return;","lastModifiedDate":"2025-01-30","isFullCredit":false},{"lineNumber":37,"author":{"gitId":"Hudou0420"},"content":"        }","lastModifiedDate":"2025-01-30","isFullCredit":false},{"lineNumber":38,"author":{"gitId":"Hudou0420"},"content":"        for (int i \u003d 0; i \u003c eventListSize; i++) {","lastModifiedDate":"2025-01-30","isFullCredit":false},{"lineNumber":39,"author":{"gitId":"Hudou0420"},"content":"            System.out.println((i + 1) + \". \" +","lastModifiedDate":"2025-01-30","isFullCredit":false},{"lineNumber":40,"author":{"gitId":"Hudou0420"},"content":"                    (tasks[i].getEventStatus() ? \"[X] \" : \"[ ] \")","lastModifiedDate":"2025-01-31","isFullCredit":false},{"lineNumber":41,"author":{"gitId":"Hudou0420"},"content":"                            + tasks[i].getEventName());","lastModifiedDate":"2025-01-31","isFullCredit":false},{"lineNumber":42,"author":{"gitId":"Hudou0420"},"content":"        }","lastModifiedDate":"2025-01-30","isFullCredit":false},{"lineNumber":43,"author":{"gitId":"Hudou0420"},"content":"    }","lastModifiedDate":"2025-01-30","isFullCredit":false},{"lineNumber":44,"author":{"gitId":"Hudou0420"},"content":"","lastModifiedDate":"2025-01-30","isFullCredit":false},{"lineNumber":45,"author":{"gitId":"Hudou0420"},"content":"    public void markDone(String eventName){","lastModifiedDate":"2025-01-30","isFullCredit":false},{"lineNumber":46,"author":{"gitId":"Hudou0420"},"content":"        if (eventListSize \u003d\u003d 0){","lastModifiedDate":"2025-01-30","isFullCredit":false},{"lineNumber":47,"author":{"gitId":"Hudou0420"},"content":"            System.out.println(\"You have no events in your list!\");","lastModifiedDate":"2025-01-30","isFullCredit":false},{"lineNumber":48,"author":{"gitId":"Hudou0420"},"content":"            return;","lastModifiedDate":"2025-01-30","isFullCredit":false},{"lineNumber":49,"author":{"gitId":"Hudou0420"},"content":"        }","lastModifiedDate":"2025-01-30","isFullCredit":false},{"lineNumber":50,"author":{"gitId":"Hudou0420"},"content":"        for (int i \u003d 0; i \u003c eventListSize; i++) {","lastModifiedDate":"2025-01-30","isFullCredit":false},{"lineNumber":51,"author":{"gitId":"Hudou0420"},"content":"            if (tasks[i].getEventName().equals(eventName)) {","lastModifiedDate":"2025-01-31","isFullCredit":false},{"lineNumber":52,"author":{"gitId":"Hudou0420"},"content":"                tasks[i].setCompleted();","lastModifiedDate":"2025-01-31","isFullCredit":false},{"lineNumber":53,"author":{"gitId":"Hudou0420"},"content":"                System.out.println(\"Event \" + eventName + \" has been marked done!\");","lastModifiedDate":"2025-01-30","isFullCredit":false},{"lineNumber":54,"author":{"gitId":"Hudou0420"},"content":"                //System.out.println(\"You have \" + eventListSize + \" events in your list!\");","lastModifiedDate":"2025-01-30","isFullCredit":false},{"lineNumber":55,"author":{"gitId":"Hudou0420"},"content":"                System.out.println(\"--------------------------------------------------\");","lastModifiedDate":"2025-01-30","isFullCredit":false},{"lineNumber":56,"author":{"gitId":"Hudou0420"},"content":"                listTasks();","lastModifiedDate":"2025-01-31","isFullCredit":false},{"lineNumber":57,"author":{"gitId":"Hudou0420"},"content":"                System.out.println(\"--------------------------------------------------\");","lastModifiedDate":"2025-01-30","isFullCredit":false},{"lineNumber":58,"author":{"gitId":"Hudou0420"},"content":"                return;","lastModifiedDate":"2025-01-30","isFullCredit":false},{"lineNumber":59,"author":{"gitId":"Hudou0420"},"content":"            }","lastModifiedDate":"2025-01-30","isFullCredit":false},{"lineNumber":60,"author":{"gitId":"Hudou0420"},"content":"        }","lastModifiedDate":"2025-01-30","isFullCredit":false},{"lineNumber":61,"author":{"gitId":"Hudou0420"},"content":"        System.out.println(\"The event is not in your list!\");","lastModifiedDate":"2025-01-30","isFullCredit":false},{"lineNumber":62,"author":{"gitId":"Hudou0420"},"content":"    }","lastModifiedDate":"2025-01-30","isFullCredit":false},{"lineNumber":63,"author":{"gitId":"Hudou0420"},"content":"","lastModifiedDate":"2025-01-30","isFullCredit":false},{"lineNumber":64,"author":{"gitId":"Hudou0420"},"content":"    public void markDone(int index){","lastModifiedDate":"2025-01-30","isFullCredit":false},{"lineNumber":65,"author":{"gitId":"Hudou0420"},"content":"        if (eventListSize \u003d\u003d 0){","lastModifiedDate":"2025-01-30","isFullCredit":false},{"lineNumber":66,"author":{"gitId":"Hudou0420"},"content":"            System.out.println(\"You have no events in your list!\");","lastModifiedDate":"2025-01-30","isFullCredit":false},{"lineNumber":67,"author":{"gitId":"Hudou0420"},"content":"            return;","lastModifiedDate":"2025-01-30","isFullCredit":false},{"lineNumber":68,"author":{"gitId":"Hudou0420"},"content":"        }","lastModifiedDate":"2025-01-30","isFullCredit":false},{"lineNumber":69,"author":{"gitId":"Hudou0420"},"content":"        if (index \u003e eventListSize){","lastModifiedDate":"2025-01-30","isFullCredit":false},{"lineNumber":70,"author":{"gitId":"Hudou0420"},"content":"            System.out.println(\"The event does not exist in your list!\");","lastModifiedDate":"2025-01-30","isFullCredit":false},{"lineNumber":71,"author":{"gitId":"Hudou0420"},"content":"            return;","lastModifiedDate":"2025-01-30","isFullCredit":false},{"lineNumber":72,"author":{"gitId":"Hudou0420"},"content":"        }","lastModifiedDate":"2025-01-30","isFullCredit":false},{"lineNumber":73,"author":{"gitId":"Hudou0420"},"content":"        if (tasks[index - 1].getEventStatus()) {","lastModifiedDate":"2025-01-31","isFullCredit":false},{"lineNumber":74,"author":{"gitId":"Hudou0420"},"content":"            System.out.println(\"Event \" + tasks[index - 1].getEventName() + \" has already been done!\");","lastModifiedDate":"2025-01-31","isFullCredit":false},{"lineNumber":75,"author":{"gitId":"Hudou0420"},"content":"            return;","lastModifiedDate":"2025-01-30","isFullCredit":false},{"lineNumber":76,"author":{"gitId":"Hudou0420"},"content":"        }","lastModifiedDate":"2025-01-30","isFullCredit":false},{"lineNumber":77,"author":{"gitId":"Hudou0420"},"content":"        tasks[index - 1].setCompleted();","lastModifiedDate":"2025-01-31","isFullCredit":false},{"lineNumber":78,"author":{"gitId":"Hudou0420"},"content":"        System.out.println(\"Event \" + tasks[index - 1].getEventName() + \" has been marked done!\");","lastModifiedDate":"2025-01-31","isFullCredit":false},{"lineNumber":79,"author":{"gitId":"Hudou0420"},"content":"        System.out.println(\"--------------------------------------------------\");","lastModifiedDate":"2025-01-30","isFullCredit":false},{"lineNumber":80,"author":{"gitId":"Hudou0420"},"content":"        listTasks();","lastModifiedDate":"2025-01-31","isFullCredit":false},{"lineNumber":81,"author":{"gitId":"Hudou0420"},"content":"        System.out.println(\"--------------------------------------------------\");","lastModifiedDate":"2025-01-30","isFullCredit":false},{"lineNumber":82,"author":{"gitId":"Hudou0420"},"content":"    }","lastModifiedDate":"2025-01-30","isFullCredit":false},{"lineNumber":83,"author":{"gitId":"Hudou0420"},"content":"","lastModifiedDate":"2025-01-30","isFullCredit":false},{"lineNumber":84,"author":{"gitId":"Hudou0420"},"content":"    public void markUndone(String eventName){","lastModifiedDate":"2025-01-30","isFullCredit":false},{"lineNumber":85,"author":{"gitId":"Hudou0420"},"content":"        for (int i \u003d 0; i \u003c eventListSize; i++) {","lastModifiedDate":"2025-01-30","isFullCredit":false},{"lineNumber":86,"author":{"gitId":"Hudou0420"},"content":"            if (tasks[i].getEventName().equals(eventName)) {","lastModifiedDate":"2025-01-31","isFullCredit":false},{"lineNumber":87,"author":{"gitId":"Hudou0420"},"content":"                tasks[i].setUncompleted();","lastModifiedDate":"2025-01-31","isFullCredit":false},{"lineNumber":88,"author":{"gitId":"Hudou0420"},"content":"                System.out.println(\"Event \" + eventName + \" has been unmarked!\");","lastModifiedDate":"2025-01-30","isFullCredit":false},{"lineNumber":89,"author":{"gitId":"Hudou0420"},"content":"                System.out.println(\"--------------------------------------------------\");","lastModifiedDate":"2025-01-30","isFullCredit":false},{"lineNumber":90,"author":{"gitId":"Hudou0420"},"content":"                listTasks();","lastModifiedDate":"2025-01-31","isFullCredit":false},{"lineNumber":91,"author":{"gitId":"Hudou0420"},"content":"                System.out.println(\"--------------------------------------------------\");","lastModifiedDate":"2025-01-30","isFullCredit":false},{"lineNumber":92,"author":{"gitId":"Hudou0420"},"content":"                return;","lastModifiedDate":"2025-01-30","isFullCredit":false},{"lineNumber":93,"author":{"gitId":"Hudou0420"},"content":"            }","lastModifiedDate":"2025-01-30","isFullCredit":false},{"lineNumber":94,"author":{"gitId":"Hudou0420"},"content":"        }","lastModifiedDate":"2025-01-30","isFullCredit":false},{"lineNumber":95,"author":{"gitId":"Hudou0420"},"content":"        System.out.println(\"The event is not in your list!\");","lastModifiedDate":"2025-01-30","isFullCredit":false},{"lineNumber":96,"author":{"gitId":"Hudou0420"},"content":"    }","lastModifiedDate":"2025-01-30","isFullCredit":false},{"lineNumber":97,"author":{"gitId":"Hudou0420"},"content":"","lastModifiedDate":"2025-01-30","isFullCredit":false},{"lineNumber":98,"author":{"gitId":"Hudou0420"},"content":"    public void markUndone(int index){","lastModifiedDate":"2025-01-30","isFullCredit":false},{"lineNumber":99,"author":{"gitId":"Hudou0420"},"content":"        if (eventListSize \u003d\u003d 0){","lastModifiedDate":"2025-01-30","isFullCredit":false},{"lineNumber":100,"author":{"gitId":"Hudou0420"},"content":"            System.out.println(\"You have no events in your list!\");","lastModifiedDate":"2025-01-30","isFullCredit":false},{"lineNumber":101,"author":{"gitId":"Hudou0420"},"content":"            return;","lastModifiedDate":"2025-01-30","isFullCredit":false},{"lineNumber":102,"author":{"gitId":"Hudou0420"},"content":"        }","lastModifiedDate":"2025-01-30","isFullCredit":false},{"lineNumber":103,"author":{"gitId":"Hudou0420"},"content":"        if (index \u003e eventListSize){","lastModifiedDate":"2025-01-30","isFullCredit":false},{"lineNumber":104,"author":{"gitId":"Hudou0420"},"content":"            System.out.println(\"The event does not exist in your list!\");","lastModifiedDate":"2025-01-30","isFullCredit":false},{"lineNumber":105,"author":{"gitId":"Hudou0420"},"content":"            return;","lastModifiedDate":"2025-01-30","isFullCredit":false},{"lineNumber":106,"author":{"gitId":"Hudou0420"},"content":"        }","lastModifiedDate":"2025-01-30","isFullCredit":false},{"lineNumber":107,"author":{"gitId":"Hudou0420"},"content":"        if (!tasks[index - 1].getEventStatus()) {","lastModifiedDate":"2025-01-31","isFullCredit":false},{"lineNumber":108,"author":{"gitId":"Hudou0420"},"content":"            System.out.println(\"Event \" + tasks[index - 1].getEventName() + \" has not been done!\");","lastModifiedDate":"2025-01-31","isFullCredit":false},{"lineNumber":109,"author":{"gitId":"Hudou0420"},"content":"            return;","lastModifiedDate":"2025-01-30","isFullCredit":false},{"lineNumber":110,"author":{"gitId":"Hudou0420"},"content":"        }","lastModifiedDate":"2025-01-30","isFullCredit":false},{"lineNumber":111,"author":{"gitId":"Hudou0420"},"content":"        tasks[index - 1].setUncompleted();","lastModifiedDate":"2025-01-31","isFullCredit":false},{"lineNumber":112,"author":{"gitId":"Hudou0420"},"content":"        System.out.println(\"Event \" + tasks[index - 1].getEventName() + \" has been unmarked!\");","lastModifiedDate":"2025-01-31","isFullCredit":false},{"lineNumber":113,"author":{"gitId":"Hudou0420"},"content":"        System.out.println(\"--------------------------------------------------\");","lastModifiedDate":"2025-01-30","isFullCredit":false},{"lineNumber":114,"author":{"gitId":"Hudou0420"},"content":"        listTasks();","lastModifiedDate":"2025-01-31","isFullCredit":false},{"lineNumber":115,"author":{"gitId":"Hudou0420"},"content":"        System.out.println(\"--------------------------------------------------\");","lastModifiedDate":"2025-01-30","isFullCredit":false},{"lineNumber":116,"author":{"gitId":"Hudou0420"},"content":"    }","lastModifiedDate":"2025-01-30","isFullCredit":false},{"lineNumber":117,"author":{"gitId":"Hudou0420"},"content":"}","lastModifiedDate":"2025-01-30","isFullCredit":false}],"authorContributionMap":{"Hudou0420":117}},{"path":"src/Tasks.java","fileType":"java","lines":[{"lineNumber":1,"author":{"gitId":"Hudou0420"},"content":"public class Tasks {","lastModifiedDate":"2025-01-31","isFullCredit":false},{"lineNumber":2,"author":{"gitId":"Hudou0420"},"content":"","lastModifiedDate":"2025-01-30","isFullCredit":false},{"lineNumber":3,"author":{"gitId":"Hudou0420"},"content":"    private String eventName;","lastModifiedDate":"2025-01-30","isFullCredit":false},{"lineNumber":4,"author":{"gitId":"Hudou0420"},"content":"    private String eventDate;","lastModifiedDate":"2025-01-30","isFullCredit":false},{"lineNumber":5,"author":{"gitId":"Hudou0420"},"content":"    private boolean isCompleted;","lastModifiedDate":"2025-01-30","isFullCredit":false},{"lineNumber":6,"author":{"gitId":"Hudou0420"},"content":"","lastModifiedDate":"2025-01-30","isFullCredit":false},{"lineNumber":7,"author":{"gitId":"Hudou0420"},"content":"","lastModifiedDate":"2025-01-30","isFullCredit":false},{"lineNumber":8,"author":{"gitId":"Hudou0420"},"content":"    public Tasks(String name){","lastModifiedDate":"2025-01-31","isFullCredit":false},{"lineNumber":9,"author":{"gitId":"Hudou0420"},"content":"        this.eventName \u003d name;","lastModifiedDate":"2025-01-30","isFullCredit":false},{"lineNumber":10,"author":{"gitId":"Hudou0420"},"content":"        this.isCompleted \u003d false;","lastModifiedDate":"2025-01-30","isFullCredit":false},{"lineNumber":11,"author":{"gitId":"Hudou0420"},"content":"    }","lastModifiedDate":"2025-01-30","isFullCredit":false},{"lineNumber":12,"author":{"gitId":"Hudou0420"},"content":"","lastModifiedDate":"2025-01-30","isFullCredit":false},{"lineNumber":13,"author":{"gitId":"Hudou0420"},"content":"    public Tasks(String name, String eventDate){","lastModifiedDate":"2025-01-31","isFullCredit":false},{"lineNumber":14,"author":{"gitId":"Hudou0420"},"content":"        this.eventName \u003d name;","lastModifiedDate":"2025-01-30","isFullCredit":false},{"lineNumber":15,"author":{"gitId":"Hudou0420"},"content":"        this.eventDate \u003d eventDate;","lastModifiedDate":"2025-01-30","isFullCredit":false},{"lineNumber":16,"author":{"gitId":"Hudou0420"},"content":"        this.isCompleted \u003d false;","lastModifiedDate":"2025-01-30","isFullCredit":false},{"lineNumber":17,"author":{"gitId":"Hudou0420"},"content":"    }","lastModifiedDate":"2025-01-30","isFullCredit":false},{"lineNumber":18,"author":{"gitId":"Hudou0420"},"content":"","lastModifiedDate":"2025-01-30","isFullCredit":false},{"lineNumber":19,"author":{"gitId":"Hudou0420"},"content":"    public String getEventName(){ return this.eventName; }","lastModifiedDate":"2025-01-30","isFullCredit":false},{"lineNumber":20,"author":{"gitId":"Hudou0420"},"content":"    public void changeEventName(String name){ this.eventName \u003d name; }","lastModifiedDate":"2025-01-30","isFullCredit":false},{"lineNumber":21,"author":{"gitId":"Hudou0420"},"content":"","lastModifiedDate":"2025-01-30","isFullCredit":false},{"lineNumber":22,"author":{"gitId":"Hudou0420"},"content":"    public boolean getEventStatus(){ return this.isCompleted; }","lastModifiedDate":"2025-01-30","isFullCredit":false},{"lineNumber":23,"author":{"gitId":"Hudou0420"},"content":"    public void setCompleted(){ this.isCompleted \u003d true; }","lastModifiedDate":"2025-01-30","isFullCredit":false},{"lineNumber":24,"author":{"gitId":"Hudou0420"},"content":"    public void setUncompleted(){ this.isCompleted \u003d false; }","lastModifiedDate":"2025-01-30","isFullCredit":false},{"lineNumber":25,"author":{"gitId":"Hudou0420"},"content":"}","lastModifiedDate":"2025-01-30","isFullCredit":false}],"authorContributionMap":{"Hudou0420":25}},{"path":"src/chatBot.java","fileType":"java","lines":[{"lineNumber":1,"author":{"gitId":"Hudou0420"},"content":"import java.util.Scanner;","lastModifiedDate":"2025-01-31","isFullCredit":false},{"lineNumber":2,"author":{"gitId":"Hudou0420"},"content":"","lastModifiedDate":"2025-01-31","isFullCredit":false},{"lineNumber":3,"author":{"gitId":"Hudou0420"},"content":"public class chatBot{","lastModifiedDate":"2025-01-22","isFullCredit":false},{"lineNumber":4,"author":{"gitId":"Hudou0420"},"content":"","lastModifiedDate":"2025-01-30","isFullCredit":false},{"lineNumber":5,"author":{"gitId":"Hudou0420"},"content":"    private TaskList taskList;","lastModifiedDate":"2025-01-31","isFullCredit":false},{"lineNumber":6,"author":{"gitId":"Hudou0420"},"content":"","lastModifiedDate":"2025-01-30","isFullCredit":false},{"lineNumber":7,"author":{"gitId":"Hudou0420"},"content":"    public chatBot(){","lastModifiedDate":"2025-01-30","isFullCredit":false},{"lineNumber":8,"author":{"gitId":"Hudou0420"},"content":"        greeting();","lastModifiedDate":"2025-01-30","isFullCredit":false},{"lineNumber":9,"author":{"gitId":"Hudou0420"},"content":"        taskList \u003d new TaskList();","lastModifiedDate":"2025-01-31","isFullCredit":false},{"lineNumber":10,"author":{"gitId":"Hudou0420"},"content":"    }","lastModifiedDate":"2025-01-30","isFullCredit":false},{"lineNumber":11,"author":{"gitId":"Hudou0420"},"content":"","lastModifiedDate":"2025-01-30","isFullCredit":false},{"lineNumber":12,"author":{"gitId":"Hudou0420"},"content":"    public static void greeting(){","lastModifiedDate":"2025-01-22","isFullCredit":false},{"lineNumber":13,"author":{"gitId":"Hudou0420"},"content":"        String chatbotName \u003d \"Hudou\";","lastModifiedDate":"2025-01-22","isFullCredit":false},{"lineNumber":14,"author":{"gitId":"Hudou0420"},"content":"//        String logo \u003d \" ____        _        \\n\"","lastModifiedDate":"2025-01-22","isFullCredit":false},{"lineNumber":15,"author":{"gitId":"Hudou0420"},"content":"//                + \"|  _ \\\\ _   _| | _____ \\n\"","lastModifiedDate":"2025-01-22","isFullCredit":false},{"lineNumber":16,"author":{"gitId":"Hudou0420"},"content":"//                + \"| | | | | | | |/ / _ \\\\\\n\"","lastModifiedDate":"2025-01-22","isFullCredit":false},{"lineNumber":17,"author":{"gitId":"Hudou0420"},"content":"//                + \"| |_| | |_| |   \u003c  __/\\n\"","lastModifiedDate":"2025-01-22","isFullCredit":false},{"lineNumber":18,"author":{"gitId":"Hudou0420"},"content":"//                + \"|____/ \\\\__,_|_|\\\\_\\\\___|\\n\";","lastModifiedDate":"2025-01-22","isFullCredit":false},{"lineNumber":19,"author":{"gitId":"Hudou0420"},"content":"        String chatbotGreeting \u003d \"-------------------------------------------\\n\" +","lastModifiedDate":"2025-01-22","isFullCredit":false},{"lineNumber":20,"author":{"gitId":"Hudou0420"},"content":"                \"Hello! I\u0027m \" + chatbotName + \"\\nWhat can I do for you?\\n\";","lastModifiedDate":"2025-01-22","isFullCredit":false},{"lineNumber":21,"author":{"gitId":"Hudou0420"},"content":"        System.out.println(chatbotGreeting);","lastModifiedDate":"2025-01-22","isFullCredit":false},{"lineNumber":22,"author":{"gitId":"Hudou0420"},"content":"    }","lastModifiedDate":"2025-01-22","isFullCredit":false},{"lineNumber":23,"author":{"gitId":"Hudou0420"},"content":"","lastModifiedDate":"2025-01-22","isFullCredit":false},{"lineNumber":24,"author":{"gitId":"Hudou0420"},"content":"    public static void endSession(){","lastModifiedDate":"2025-01-31","isFullCredit":false},{"lineNumber":25,"author":{"gitId":"Hudou0420"},"content":"        String chatbotExit \u003d  \"\\n-------------------------------------------\\n\" +","lastModifiedDate":"2025-01-22","isFullCredit":false},{"lineNumber":26,"author":{"gitId":"Hudou0420"},"content":"                \"Bye. Hope to see you again soon!\\n\" +","lastModifiedDate":"2025-01-31","isFullCredit":false},{"lineNumber":27,"author":{"gitId":"Hudou0420"},"content":"                \"-------------------------------------------\\n\";","lastModifiedDate":"2025-01-22","isFullCredit":false},{"lineNumber":28,"author":{"gitId":"Hudou0420"},"content":"        System.out.println(chatbotExit);","lastModifiedDate":"2025-01-22","isFullCredit":false},{"lineNumber":29,"author":{"gitId":"Hudou0420"},"content":"    }","lastModifiedDate":"2025-01-22","isFullCredit":false},{"lineNumber":30,"author":{"gitId":"Hudou0420"},"content":"","lastModifiedDate":"2025-01-31","isFullCredit":false},{"lineNumber":31,"author":{"gitId":"Hudou0420"},"content":"    public static void echo(){","lastModifiedDate":"2025-01-31","isFullCredit":false},{"lineNumber":32,"author":{"gitId":"Hudou0420"},"content":"        String user \u003d null;","lastModifiedDate":"2025-01-31","isFullCredit":false},{"lineNumber":33,"author":{"gitId":"Hudou0420"},"content":"        do {","lastModifiedDate":"2025-01-31","isFullCredit":false},{"lineNumber":34,"author":{"gitId":"Hudou0420"},"content":"            Scanner cin \u003d new Scanner(System.in);","lastModifiedDate":"2025-01-31","isFullCredit":false},{"lineNumber":35,"author":{"gitId":"Hudou0420"},"content":"            user \u003d cin.nextLine();","lastModifiedDate":"2025-01-31","isFullCredit":false},{"lineNumber":36,"author":{"gitId":"Hudou0420"},"content":"            if (!user.equals(\"bye\")) {","lastModifiedDate":"2025-01-31","isFullCredit":false},{"lineNumber":37,"author":{"gitId":"Hudou0420"},"content":"                System.out.println(\"------------------------------------------\");","lastModifiedDate":"2025-01-31","isFullCredit":false},{"lineNumber":38,"author":{"gitId":"Hudou0420"},"content":"                System.out.println(\"You said: \" + user);","lastModifiedDate":"2025-01-31","isFullCredit":false},{"lineNumber":39,"author":{"gitId":"Hudou0420"},"content":"                System.out.println(\"------------------------------------------\");","lastModifiedDate":"2025-01-31","isFullCredit":false},{"lineNumber":40,"author":{"gitId":"Hudou0420"},"content":"            }","lastModifiedDate":"2025-01-31","isFullCredit":false},{"lineNumber":41,"author":{"gitId":"Hudou0420"},"content":"        } while(!user.equals(\"bye\"));","lastModifiedDate":"2025-01-31","isFullCredit":false},{"lineNumber":42,"author":{"gitId":"Hudou0420"},"content":"    }","lastModifiedDate":"2025-01-31","isFullCredit":false},{"lineNumber":43,"author":{"gitId":"Hudou0420"},"content":"","lastModifiedDate":"2025-01-30","isFullCredit":false},{"lineNumber":44,"author":{"gitId":"Hudou0420"},"content":"    public static boolean isInteger(String str) {","lastModifiedDate":"2025-01-30","isFullCredit":false},{"lineNumber":45,"author":{"gitId":"Hudou0420"},"content":"        try {","lastModifiedDate":"2025-01-30","isFullCredit":false},{"lineNumber":46,"author":{"gitId":"Hudou0420"},"content":"            Integer.parseInt(str);","lastModifiedDate":"2025-01-30","isFullCredit":false},{"lineNumber":47,"author":{"gitId":"Hudou0420"},"content":"            return true;","lastModifiedDate":"2025-01-30","isFullCredit":false},{"lineNumber":48,"author":{"gitId":"Hudou0420"},"content":"        } catch (NumberFormatException e) {","lastModifiedDate":"2025-01-30","isFullCredit":false},{"lineNumber":49,"author":{"gitId":"Hudou0420"},"content":"            return false;","lastModifiedDate":"2025-01-30","isFullCredit":false},{"lineNumber":50,"author":{"gitId":"Hudou0420"},"content":"        }","lastModifiedDate":"2025-01-30","isFullCredit":false},{"lineNumber":51,"author":{"gitId":"Hudou0420"},"content":"    }","lastModifiedDate":"2025-01-30","isFullCredit":false},{"lineNumber":52,"author":{"gitId":"Hudou0420"},"content":"","lastModifiedDate":"2025-01-30","isFullCredit":false},{"lineNumber":53,"author":{"gitId":"Hudou0420"},"content":"    public void processInputs(String input){","lastModifiedDate":"2025-01-30","isFullCredit":false},{"lineNumber":54,"author":{"gitId":"Hudou0420"},"content":"        String[] inputs \u003d input.split(\" \");","lastModifiedDate":"2025-01-30","isFullCredit":false},{"lineNumber":55,"author":{"gitId":"Hudou0420"},"content":"        try{","lastModifiedDate":"2025-01-31","isFullCredit":false},{"lineNumber":56,"author":{"gitId":"Hudou0420"},"content":"            switch (inputs[0]){ //take the first arg of the inputs","lastModifiedDate":"2025-01-30","isFullCredit":false},{"lineNumber":57,"author":{"gitId":"Hudou0420"},"content":"            case \"list\":","lastModifiedDate":"2025-01-30","isFullCredit":false},{"lineNumber":58,"author":{"gitId":"Hudou0420"},"content":"                taskList.listTasks();","lastModifiedDate":"2025-01-31","isFullCredit":false},{"lineNumber":59,"author":{"gitId":"Hudou0420"},"content":"                break;","lastModifiedDate":"2025-01-30","isFullCredit":false},{"lineNumber":60,"author":{"gitId":"Hudou0420"},"content":"            case \"bye\":","lastModifiedDate":"2025-01-30","isFullCredit":false},{"lineNumber":61,"author":{"gitId":"Hudou0420"},"content":"                endSession();","lastModifiedDate":"2025-01-30","isFullCredit":false},{"lineNumber":62,"author":{"gitId":"Hudou0420"},"content":"                break;","lastModifiedDate":"2025-01-30","isFullCredit":false},{"lineNumber":63,"author":{"gitId":"Hudou0420"},"content":"            case \"mark\":","lastModifiedDate":"2025-01-30","isFullCredit":false},{"lineNumber":64,"author":{"gitId":"Hudou0420"},"content":"                if (isInteger(inputs[1])){","lastModifiedDate":"2025-01-30","isFullCredit":false},{"lineNumber":65,"author":{"gitId":"Hudou0420"},"content":"                    taskList.markDone(Integer.parseInt(inputs[1]));","lastModifiedDate":"2025-01-31","isFullCredit":false},{"lineNumber":66,"author":{"gitId":"Hudou0420"},"content":"                } else{","lastModifiedDate":"2025-01-30","isFullCredit":false},{"lineNumber":67,"author":{"gitId":"Hudou0420"},"content":"                    int firstSpaceIndex \u003d input.indexOf(\" \");","lastModifiedDate":"2025-01-30","isFullCredit":false},{"lineNumber":68,"author":{"gitId":"Hudou0420"},"content":"                    //take the rest of the command and find the event","lastModifiedDate":"2025-01-30","isFullCredit":false},{"lineNumber":69,"author":{"gitId":"Hudou0420"},"content":"                    String eventName \u003d (firstSpaceIndex !\u003d -1) ? input.substring(firstSpaceIndex + 1) : \"\";","lastModifiedDate":"2025-01-30","isFullCredit":false},{"lineNumber":70,"author":{"gitId":"Hudou0420"},"content":"                    taskList.markDone(eventName);","lastModifiedDate":"2025-01-31","isFullCredit":false},{"lineNumber":71,"author":{"gitId":"Hudou0420"},"content":"                }","lastModifiedDate":"2025-01-30","isFullCredit":false},{"lineNumber":72,"author":{"gitId":"Hudou0420"},"content":"                break;","lastModifiedDate":"2025-01-30","isFullCredit":false},{"lineNumber":73,"author":{"gitId":"Hudou0420"},"content":"            case \"unmark\":","lastModifiedDate":"2025-01-30","isFullCredit":false},{"lineNumber":74,"author":{"gitId":"Hudou0420"},"content":"                if (isInteger(inputs[1])){","lastModifiedDate":"2025-01-30","isFullCredit":false},{"lineNumber":75,"author":{"gitId":"Hudou0420"},"content":"                    taskList.markUndone(Integer.parseInt(inputs[1]));","lastModifiedDate":"2025-01-31","isFullCredit":false},{"lineNumber":76,"author":{"gitId":"Hudou0420"},"content":"                } else{","lastModifiedDate":"2025-01-30","isFullCredit":false},{"lineNumber":77,"author":{"gitId":"Hudou0420"},"content":"                    int firstSpaceIndex \u003d input.indexOf(\" \");","lastModifiedDate":"2025-01-30","isFullCredit":false},{"lineNumber":78,"author":{"gitId":"Hudou0420"},"content":"                    //take the rest of the command and find the event","lastModifiedDate":"2025-01-30","isFullCredit":false},{"lineNumber":79,"author":{"gitId":"Hudou0420"},"content":"                    String eventName \u003d (firstSpaceIndex !\u003d -1) ? input.substring(firstSpaceIndex + 1) : \"\";","lastModifiedDate":"2025-01-30","isFullCredit":false},{"lineNumber":80,"author":{"gitId":"Hudou0420"},"content":"                    taskList.markUndone(eventName);","lastModifiedDate":"2025-01-31","isFullCredit":false},{"lineNumber":81,"author":{"gitId":"Hudou0420"},"content":"                }","lastModifiedDate":"2025-01-30","isFullCredit":false},{"lineNumber":82,"author":{"gitId":"Hudou0420"},"content":"                break;","lastModifiedDate":"2025-01-30","isFullCredit":false},{"lineNumber":83,"author":{"gitId":"Hudou0420"},"content":"            case \"\":","lastModifiedDate":"2025-01-31","isFullCredit":false},{"lineNumber":84,"author":{"gitId":"Hudou0420"},"content":"                System.out.println(\"You did not say anything.\");","lastModifiedDate":"2025-01-31","isFullCredit":false},{"lineNumber":85,"author":{"gitId":"Hudou0420"},"content":"                break;","lastModifiedDate":"2025-01-31","isFullCredit":false},{"lineNumber":86,"author":{"gitId":"Hudou0420"},"content":"            default:","lastModifiedDate":"2025-01-30","isFullCredit":false},{"lineNumber":87,"author":{"gitId":"Hudou0420"},"content":"                taskList.addEvent(input);","lastModifiedDate":"2025-01-31","isFullCredit":false},{"lineNumber":88,"author":{"gitId":"Hudou0420"},"content":"            }","lastModifiedDate":"2025-01-31","isFullCredit":false},{"lineNumber":89,"author":{"gitId":"Hudou0420"},"content":"        } catch (IndexOutOfBoundsException e) {","lastModifiedDate":"2025-01-31","isFullCredit":false},{"lineNumber":90,"author":{"gitId":"Hudou0420"},"content":"            System.out.println(\"Error: You have entered an invalid input.\");","lastModifiedDate":"2025-01-31","isFullCredit":false},{"lineNumber":91,"author":{"gitId":"Hudou0420"},"content":"        } catch (NullPointerException e) {","lastModifiedDate":"2025-01-31","isFullCredit":false},{"lineNumber":92,"author":{"gitId":"Hudou0420"},"content":"            System.out.println(\"Error: You have entered an empty input.\");","lastModifiedDate":"2025-01-31","isFullCredit":false},{"lineNumber":93,"author":{"gitId":"Hudou0420"},"content":"        }","lastModifiedDate":"2025-01-30","isFullCredit":false},{"lineNumber":94,"author":{"gitId":"Hudou0420"},"content":"    }","lastModifiedDate":"2025-01-30","isFullCredit":false},{"lineNumber":95,"author":{"gitId":"Hudou0420"},"content":"}","lastModifiedDate":"2025-01-22","isFullCredit":false}],"authorContributionMap":{"Hudou0420":95}}]
