[{"path":"src/main/java/Hudou/command/ChatBot.java","fileType":"java","lines":[{"lineNumber":1,"author":{"gitId":"Hudou0420"},"content":"package main.java.Hudou.command;","lastModifiedDate":"2025-02-16","isFullCredit":false},{"lineNumber":2,"author":{"gitId":"Hudou0420"},"content":"import main.java.Hudou.task.*;","lastModifiedDate":"2025-02-16","isFullCredit":false},{"lineNumber":3,"author":{"gitId":"Hudou0420"},"content":"import main.java.Hudou.exception.*;","lastModifiedDate":"2025-02-16","isFullCredit":false},{"lineNumber":4,"author":{"gitId":"Hudou0420"},"content":"","lastModifiedDate":"2025-02-16","isFullCredit":false},{"lineNumber":5,"author":{"gitId":"Hudou0420"},"content":"","lastModifiedDate":"2025-02-16","isFullCredit":false},{"lineNumber":6,"author":{"gitId":"Hudou0420"},"content":"public class ChatBot {","lastModifiedDate":"2025-02-05","isFullCredit":false},{"lineNumber":7,"author":{"gitId":"Hudou0420"},"content":"    public static final String chatbotName \u003d \"Hudou\";","lastModifiedDate":"2025-02-11","isFullCredit":false},{"lineNumber":8,"author":{"gitId":"Hudou0420"},"content":"    public static final String lineSeparator \u003d \"-\".repeat(30);","lastModifiedDate":"2025-02-05","isFullCredit":false},{"lineNumber":9,"author":{"gitId":"Hudou0420"},"content":"","lastModifiedDate":"2025-01-31","isFullCredit":false},{"lineNumber":10,"author":{"gitId":"Hudou0420"},"content":"    public static final String chatbotGreeting \u003d lineSeparator + \u0027\\n\u0027 +","lastModifiedDate":"2025-02-11","isFullCredit":false},{"lineNumber":11,"author":{"gitId":"Hudou0420"},"content":"            \"Hello! I\u0027m \" + chatbotName + \"\\nWhat can I do for you?\\n\";","lastModifiedDate":"2025-02-11","isFullCredit":false},{"lineNumber":12,"author":{"gitId":"Hudou0420"},"content":"    public static final String chatbotExit \u003d  \u0027\\n\u0027 + lineSeparator + \u0027\\n\u0027 +","lastModifiedDate":"2025-02-11","isFullCredit":false},{"lineNumber":13,"author":{"gitId":"Hudou0420"},"content":"            \"Bye. Hope to see you again soon!\\n\" +","lastModifiedDate":"2025-02-11","isFullCredit":false},{"lineNumber":14,"author":{"gitId":"Hudou0420"},"content":"            lineSeparator + \u0027\\n\u0027;","lastModifiedDate":"2025-02-11","isFullCredit":false},{"lineNumber":15,"author":{"gitId":"Hudou0420"},"content":"","lastModifiedDate":"2025-01-30","isFullCredit":false},{"lineNumber":16,"author":{"gitId":"Hudou0420"},"content":"    private TaskList taskList;","lastModifiedDate":"2025-01-31","isFullCredit":false},{"lineNumber":17,"author":{"gitId":"Hudou0420"},"content":"","lastModifiedDate":"2025-01-30","isFullCredit":false},{"lineNumber":18,"author":{"gitId":"Hudou0420"},"content":"    public ChatBot(){","lastModifiedDate":"2025-02-05","isFullCredit":false},{"lineNumber":19,"author":{"gitId":"Hudou0420"},"content":"        greeting();","lastModifiedDate":"2025-01-30","isFullCredit":false},{"lineNumber":20,"author":{"gitId":"Hudou0420"},"content":"        taskList \u003d new TaskList();","lastModifiedDate":"2025-01-31","isFullCredit":false},{"lineNumber":21,"author":{"gitId":"Hudou0420"},"content":"    }","lastModifiedDate":"2025-01-30","isFullCredit":false},{"lineNumber":22,"author":{"gitId":"Hudou0420"},"content":"","lastModifiedDate":"2025-01-30","isFullCredit":false},{"lineNumber":23,"author":{"gitId":"Hudou0420"},"content":"    public static void greeting(){","lastModifiedDate":"2025-01-22","isFullCredit":false},{"lineNumber":24,"author":{"gitId":"Hudou0420"},"content":"        System.out.println(chatbotGreeting);","lastModifiedDate":"2025-01-22","isFullCredit":false},{"lineNumber":25,"author":{"gitId":"Hudou0420"},"content":"    }","lastModifiedDate":"2025-01-22","isFullCredit":false},{"lineNumber":26,"author":{"gitId":"Hudou0420"},"content":"","lastModifiedDate":"2025-01-22","isFullCredit":false},{"lineNumber":27,"author":{"gitId":"Hudou0420"},"content":"    public static void endSession(){","lastModifiedDate":"2025-01-31","isFullCredit":false},{"lineNumber":28,"author":{"gitId":"Hudou0420"},"content":"        System.out.println(chatbotExit);","lastModifiedDate":"2025-01-22","isFullCredit":false},{"lineNumber":29,"author":{"gitId":"Hudou0420"},"content":"    }","lastModifiedDate":"2025-01-22","isFullCredit":false},{"lineNumber":30,"author":{"gitId":"Hudou0420"},"content":"","lastModifiedDate":"2025-01-31","isFullCredit":false},{"lineNumber":31,"author":{"gitId":"Hudou0420"},"content":"    public static void echo(String input){","lastModifiedDate":"2025-02-05","isFullCredit":false},{"lineNumber":32,"author":{"gitId":"Hudou0420"},"content":"        System.out.println(lineSeparator);","lastModifiedDate":"2025-02-05","isFullCredit":false},{"lineNumber":33,"author":{"gitId":"Hudou0420"},"content":"        System.out.println(\"You said: \" + input);","lastModifiedDate":"2025-02-05","isFullCredit":false},{"lineNumber":34,"author":{"gitId":"Hudou0420"},"content":"        System.out.println(lineSeparator);","lastModifiedDate":"2025-02-05","isFullCredit":false},{"lineNumber":35,"author":{"gitId":"Hudou0420"},"content":"    }","lastModifiedDate":"2025-01-31","isFullCredit":false},{"lineNumber":36,"author":{"gitId":"Hudou0420"},"content":"","lastModifiedDate":"2025-01-30","isFullCredit":false},{"lineNumber":37,"author":{"gitId":"Hudou0420"},"content":"    public static boolean isInteger(String str) {","lastModifiedDate":"2025-01-30","isFullCredit":false},{"lineNumber":38,"author":{"gitId":"Hudou0420"},"content":"        try {","lastModifiedDate":"2025-01-30","isFullCredit":false},{"lineNumber":39,"author":{"gitId":"Hudou0420"},"content":"            Integer.parseInt(str);","lastModifiedDate":"2025-01-30","isFullCredit":false},{"lineNumber":40,"author":{"gitId":"Hudou0420"},"content":"            return true;","lastModifiedDate":"2025-01-30","isFullCredit":false},{"lineNumber":41,"author":{"gitId":"Hudou0420"},"content":"        } catch (NumberFormatException e) {","lastModifiedDate":"2025-01-30","isFullCredit":false},{"lineNumber":42,"author":{"gitId":"Hudou0420"},"content":"            return false;","lastModifiedDate":"2025-01-30","isFullCredit":false},{"lineNumber":43,"author":{"gitId":"Hudou0420"},"content":"        }","lastModifiedDate":"2025-01-30","isFullCredit":false},{"lineNumber":44,"author":{"gitId":"Hudou0420"},"content":"    }","lastModifiedDate":"2025-01-30","isFullCredit":false},{"lineNumber":45,"author":{"gitId":"Hudou0420"},"content":"","lastModifiedDate":"2025-01-30","isFullCredit":false},{"lineNumber":46,"author":{"gitId":"Hudou0420"},"content":"    public void reactToInputs(String input){","lastModifiedDate":"2025-02-05","isFullCredit":false},{"lineNumber":47,"author":{"gitId":"Hudou0420"},"content":"        String[] inputs \u003d input.split(\" \");","lastModifiedDate":"2025-01-30","isFullCredit":false},{"lineNumber":48,"author":{"gitId":"Hudou0420"},"content":"        try{","lastModifiedDate":"2025-01-31","isFullCredit":false},{"lineNumber":49,"author":{"gitId":"Hudou0420"},"content":"            switch (inputs[0]){ //take the first arg of the inputs","lastModifiedDate":"2025-01-30","isFullCredit":false},{"lineNumber":50,"author":{"gitId":"Hudou0420"},"content":"            case \"list\":","lastModifiedDate":"2025-01-30","isFullCredit":false},{"lineNumber":51,"author":{"gitId":"Hudou0420"},"content":"                taskList.listTasks();","lastModifiedDate":"2025-01-31","isFullCredit":false},{"lineNumber":52,"author":{"gitId":"Hudou0420"},"content":"                break;","lastModifiedDate":"2025-01-30","isFullCredit":false},{"lineNumber":53,"author":{"gitId":"Hudou0420"},"content":"            case \"bye\":","lastModifiedDate":"2025-01-30","isFullCredit":false},{"lineNumber":54,"author":{"gitId":"Hudou0420"},"content":"                endSession();","lastModifiedDate":"2025-01-30","isFullCredit":false},{"lineNumber":55,"author":{"gitId":"Hudou0420"},"content":"                break;","lastModifiedDate":"2025-01-30","isFullCredit":false},{"lineNumber":56,"author":{"gitId":"Hudou0420"},"content":"            case \"todo\":","lastModifiedDate":"2025-02-05","isFullCredit":false},{"lineNumber":57,"author":{"gitId":"Hudou0420"},"content":"            case \"deadline\":","lastModifiedDate":"2025-02-05","isFullCredit":false},{"lineNumber":58,"author":{"gitId":"Hudou0420"},"content":"            case \"event\":","lastModifiedDate":"2025-02-05","isFullCredit":false},{"lineNumber":59,"author":{"gitId":"Hudou0420"},"content":"                if (inputs.length \u003c 2){","lastModifiedDate":"2025-02-16","isFullCredit":false},{"lineNumber":60,"author":{"gitId":"Hudou0420"},"content":"                    System.out.println(HudouException.emptyDescription);","lastModifiedDate":"2025-02-16","isFullCredit":false},{"lineNumber":61,"author":{"gitId":"Hudou0420"},"content":"                    return;","lastModifiedDate":"2025-02-16","isFullCredit":false},{"lineNumber":62,"author":{"gitId":"Hudou0420"},"content":"                }","lastModifiedDate":"2025-02-16","isFullCredit":false},{"lineNumber":63,"author":{"gitId":"Hudou0420"},"content":"                taskList.addTask(input);","lastModifiedDate":"2025-02-16","isFullCredit":false},{"lineNumber":64,"author":{"gitId":"Hudou0420"},"content":"                break;","lastModifiedDate":"2025-02-05","isFullCredit":false},{"lineNumber":65,"author":{"gitId":"Hudou0420"},"content":"","lastModifiedDate":"2025-02-05","isFullCredit":false},{"lineNumber":66,"author":{"gitId":"Hudou0420"},"content":"            case \"mark\":","lastModifiedDate":"2025-01-30","isFullCredit":false},{"lineNumber":67,"author":{"gitId":"Hudou0420"},"content":"                if (isInteger(inputs[1])){","lastModifiedDate":"2025-01-30","isFullCredit":false},{"lineNumber":68,"author":{"gitId":"Hudou0420"},"content":"                    taskList.markDone(Integer.parseInt(inputs[1]));","lastModifiedDate":"2025-01-31","isFullCredit":false},{"lineNumber":69,"author":{"gitId":"Hudou0420"},"content":"                } else{","lastModifiedDate":"2025-01-30","isFullCredit":false},{"lineNumber":70,"author":{"gitId":"Hudou0420"},"content":"                    String taskName \u003d Task.getSubstringFromSecondWord(input);","lastModifiedDate":"2025-02-05","isFullCredit":false},{"lineNumber":71,"author":{"gitId":"Hudou0420"},"content":"                    taskList.markDone(taskName);","lastModifiedDate":"2025-02-05","isFullCredit":false},{"lineNumber":72,"author":{"gitId":"Hudou0420"},"content":"                }","lastModifiedDate":"2025-01-30","isFullCredit":false},{"lineNumber":73,"author":{"gitId":"Hudou0420"},"content":"                break;","lastModifiedDate":"2025-01-30","isFullCredit":false},{"lineNumber":74,"author":{"gitId":"Hudou0420"},"content":"            case \"unmark\":","lastModifiedDate":"2025-01-30","isFullCredit":false},{"lineNumber":75,"author":{"gitId":"Hudou0420"},"content":"                if (isInteger(inputs[1])){","lastModifiedDate":"2025-01-30","isFullCredit":false},{"lineNumber":76,"author":{"gitId":"Hudou0420"},"content":"                    taskList.markUndone(Integer.parseInt(inputs[1]));","lastModifiedDate":"2025-01-31","isFullCredit":false},{"lineNumber":77,"author":{"gitId":"Hudou0420"},"content":"                } else{","lastModifiedDate":"2025-01-30","isFullCredit":false},{"lineNumber":78,"author":{"gitId":"Hudou0420"},"content":"                    String taskName \u003d Task.getSubstringFromSecondWord(input);","lastModifiedDate":"2025-02-05","isFullCredit":false},{"lineNumber":79,"author":{"gitId":"Hudou0420"},"content":"                    taskList.markUndone(taskName);","lastModifiedDate":"2025-02-05","isFullCredit":false},{"lineNumber":80,"author":{"gitId":"Hudou0420"},"content":"                }","lastModifiedDate":"2025-01-30","isFullCredit":false},{"lineNumber":81,"author":{"gitId":"Hudou0420"},"content":"                break;","lastModifiedDate":"2025-01-30","isFullCredit":false},{"lineNumber":82,"author":{"gitId":"Hudou0420"},"content":"","lastModifiedDate":"2025-02-05","isFullCredit":false},{"lineNumber":83,"author":{"gitId":"Hudou0420"},"content":"            //handle exceptions","lastModifiedDate":"2025-02-05","isFullCredit":false},{"lineNumber":84,"author":{"gitId":"Hudou0420"},"content":"            case \"\":","lastModifiedDate":"2025-01-31","isFullCredit":false},{"lineNumber":85,"author":{"gitId":"Hudou0420"},"content":"                System.out.println(\"You did not say anything.\");","lastModifiedDate":"2025-01-31","isFullCredit":false},{"lineNumber":86,"author":{"gitId":"Hudou0420"},"content":"                break;","lastModifiedDate":"2025-01-31","isFullCredit":false},{"lineNumber":87,"author":{"gitId":"Hudou0420"},"content":"            default:","lastModifiedDate":"2025-01-30","isFullCredit":false},{"lineNumber":88,"author":{"gitId":"Hudou0420"},"content":"                System.out.println(HudouException.unknownInput);","lastModifiedDate":"2025-02-16","isFullCredit":false},{"lineNumber":89,"author":{"gitId":"Hudou0420"},"content":"                echo(input);","lastModifiedDate":"2025-02-05","isFullCredit":false},{"lineNumber":90,"author":{"gitId":"Hudou0420"},"content":"            }","lastModifiedDate":"2025-01-31","isFullCredit":false},{"lineNumber":91,"author":{"gitId":"Hudou0420"},"content":"        } catch (IndexOutOfBoundsException e) {","lastModifiedDate":"2025-01-31","isFullCredit":false},{"lineNumber":92,"author":{"gitId":"Hudou0420"},"content":"            HudouException.handleChatBotInvalidInput();","lastModifiedDate":"2025-02-16","isFullCredit":false},{"lineNumber":93,"author":{"gitId":"Hudou0420"},"content":"        } catch (NullPointerException e) {","lastModifiedDate":"2025-01-31","isFullCredit":false},{"lineNumber":94,"author":{"gitId":"Hudou0420"},"content":"            HudouException.handleChatBotEmptyInput();","lastModifiedDate":"2025-02-16","isFullCredit":false},{"lineNumber":95,"author":{"gitId":"Hudou0420"},"content":"        }","lastModifiedDate":"2025-01-30","isFullCredit":false},{"lineNumber":96,"author":{"gitId":"Hudou0420"},"content":"    }","lastModifiedDate":"2025-01-30","isFullCredit":false},{"lineNumber":97,"author":{"gitId":"Hudou0420"},"content":"}","lastModifiedDate":"2025-01-22","isFullCredit":false}],"authorContributionMap":{"Hudou0420":97}},{"path":"src/main/java/Hudou/command/Hudou.java","fileType":"java","lines":[{"lineNumber":1,"author":{"gitId":"Hudou0420"},"content":"package main.java.Hudou.command;","lastModifiedDate":"2025-02-16","isFullCredit":false},{"lineNumber":2,"author":{"gitId":"Hudou0420"},"content":"","lastModifiedDate":"2025-02-16","isFullCredit":false},{"lineNumber":3,"author":{"gitId":"Hudou0420"},"content":"import java.util.Scanner;","lastModifiedDate":"2025-01-30","isFullCredit":false},{"lineNumber":4,"author":{"gitId":"Hudou0420"},"content":"","lastModifiedDate":"2025-01-30","isFullCredit":false},{"lineNumber":5,"author":{"gitId":"Hudou0420"},"content":"public class Hudou {","lastModifiedDate":"2025-01-22","isFullCredit":false},{"lineNumber":6,"author":{"gitId":"Hudou0420"},"content":"    public static void main(String[] args) {","lastModifiedDate":"2025-01-22","isFullCredit":false},{"lineNumber":7,"author":{"gitId":"Hudou0420"},"content":"        ChatBot chatBot \u003d new ChatBot();","lastModifiedDate":"2025-02-05","isFullCredit":false},{"lineNumber":8,"author":{"gitId":"Hudou0420"},"content":"        String input \u003d null;","lastModifiedDate":"2025-01-30","isFullCredit":false},{"lineNumber":9,"author":{"gitId":"Hudou0420"},"content":"        Scanner scanner \u003d new Scanner(System.in);","lastModifiedDate":"2025-01-30","isFullCredit":false},{"lineNumber":10,"author":{"gitId":"Hudou0420"},"content":"        do{","lastModifiedDate":"2025-02-05","isFullCredit":false},{"lineNumber":11,"author":{"gitId":"Hudou0420"},"content":"            input \u003d scanner.nextLine();","lastModifiedDate":"2025-01-30","isFullCredit":false},{"lineNumber":12,"author":{"gitId":"Hudou0420"},"content":"            chatBot.reactToInputs(input);","lastModifiedDate":"2025-02-05","isFullCredit":false},{"lineNumber":13,"author":{"gitId":"Hudou0420"},"content":"        } while(!input.equalsIgnoreCase(\"bye\"));","lastModifiedDate":"2025-02-05","isFullCredit":false},{"lineNumber":14,"author":{"gitId":"Hudou0420"},"content":"    }","lastModifiedDate":"2025-01-22","isFullCredit":false},{"lineNumber":15,"author":{"gitId":"Hudou0420"},"content":"}","lastModifiedDate":"2025-01-22","isFullCredit":false}],"authorContributionMap":{"Hudou0420":15}},{"path":"src/main/java/Hudou/exception/HudouException.java","fileType":"java","lines":[{"lineNumber":1,"author":{"gitId":"Hudou0420"},"content":"package main.java.Hudou.exception;","lastModifiedDate":"2025-02-16","isFullCredit":false},{"lineNumber":2,"author":{"gitId":"Hudou0420"},"content":"","lastModifiedDate":"2025-02-11","isFullCredit":false},{"lineNumber":3,"author":{"gitId":"Hudou0420"},"content":"public class HudouException {","lastModifiedDate":"2025-02-16","isFullCredit":false},{"lineNumber":4,"author":{"gitId":"Hudou0420"},"content":"","lastModifiedDate":"2025-02-16","isFullCredit":false},{"lineNumber":5,"author":{"gitId":"Hudou0420"},"content":"    public static final String emptyDescription \u003d \"You did not enter a description for the task.\";","lastModifiedDate":"2025-02-16","isFullCredit":false},{"lineNumber":6,"author":{"gitId":"Hudou0420"},"content":"    public static final String unknownInput \u003d \"I have no idea what you\u0027ve said\\nSo I am just gonna repeat what you\u0027ve said.\";","lastModifiedDate":"2025-02-16","isFullCredit":false},{"lineNumber":7,"author":{"gitId":"Hudou0420"},"content":"","lastModifiedDate":"2025-02-16","isFullCredit":false},{"lineNumber":8,"author":{"gitId":"Hudou0420"},"content":"    public static final String emptyTask \u003d \"Event not added, the input is empty.\";","lastModifiedDate":"2025-02-16","isFullCredit":false},{"lineNumber":9,"author":{"gitId":"Hudou0420"},"content":"    public static final String invalidTask \u003d \"task.Event not added, the input is invalid.\";","lastModifiedDate":"2025-02-16","isFullCredit":false},{"lineNumber":10,"author":{"gitId":"Hudou0420"},"content":"","lastModifiedDate":"2025-02-11","isFullCredit":false},{"lineNumber":11,"author":{"gitId":"Hudou0420"},"content":"    public static final String noTaskNotifier \u003d \"You have no task in your list!\";","lastModifiedDate":"2025-02-11","isFullCredit":false},{"lineNumber":12,"author":{"gitId":"Hudou0420"},"content":"    public static final String nonExistentTaskNotifier \u003d \"The task is not in your list!\";","lastModifiedDate":"2025-02-11","isFullCredit":false},{"lineNumber":13,"author":{"gitId":"Hudou0420"},"content":"","lastModifiedDate":"2025-02-11","isFullCredit":false},{"lineNumber":14,"author":{"gitId":"Hudou0420"},"content":"    public static final String chatBotEmptyInput \u003d \"Error: You have entered an empty input.\";","lastModifiedDate":"2025-02-11","isFullCredit":false},{"lineNumber":15,"author":{"gitId":"Hudou0420"},"content":"    public static final String chatBotInvalidInput \u003d \"Error: You have entered an invalid input.\";","lastModifiedDate":"2025-02-11","isFullCredit":false},{"lineNumber":16,"author":{"gitId":"Hudou0420"},"content":"","lastModifiedDate":"2025-02-11","isFullCredit":false},{"lineNumber":17,"author":{"gitId":"Hudou0420"},"content":"    //exceptions for the main.java.Hudou.task.Task class","lastModifiedDate":"2025-02-16","isFullCredit":false},{"lineNumber":18,"author":{"gitId":"Hudou0420"},"content":"    public static void handleEmptyTask(){ System.out.println(emptyTask); }","lastModifiedDate":"2025-02-11","isFullCredit":false},{"lineNumber":19,"author":{"gitId":"Hudou0420"},"content":"    public static void handleInvalidTask(){ System.out.println(invalidTask); }","lastModifiedDate":"2025-02-11","isFullCredit":false},{"lineNumber":20,"author":{"gitId":"Hudou0420"},"content":"","lastModifiedDate":"2025-02-11","isFullCredit":false},{"lineNumber":21,"author":{"gitId":"Hudou0420"},"content":"    //exceptions for the tasklist class","lastModifiedDate":"2025-02-11","isFullCredit":false},{"lineNumber":22,"author":{"gitId":"Hudou0420"},"content":"    public static void handleNoTaskNotifier(){ System.out.println(noTaskNotifier); }","lastModifiedDate":"2025-02-11","isFullCredit":false},{"lineNumber":23,"author":{"gitId":"Hudou0420"},"content":"    public static void handleNonExistentTaskNotifier(){ System.out.println(nonExistentTaskNotifier); }","lastModifiedDate":"2025-02-11","isFullCredit":false},{"lineNumber":24,"author":{"gitId":"Hudou0420"},"content":"","lastModifiedDate":"2025-02-11","isFullCredit":false},{"lineNumber":25,"author":{"gitId":"Hudou0420"},"content":"    //exceptions for the chatBot class","lastModifiedDate":"2025-02-11","isFullCredit":false},{"lineNumber":26,"author":{"gitId":"Hudou0420"},"content":"    public static void handleChatBotEmptyInput(){ System.out.println(chatBotEmptyInput); }","lastModifiedDate":"2025-02-11","isFullCredit":false},{"lineNumber":27,"author":{"gitId":"Hudou0420"},"content":"    public static void handleChatBotInvalidInput(){ System.out.println(chatBotInvalidInput); }","lastModifiedDate":"2025-02-11","isFullCredit":false},{"lineNumber":28,"author":{"gitId":"Hudou0420"},"content":"}","lastModifiedDate":"2025-02-11","isFullCredit":false}],"authorContributionMap":{"Hudou0420":28}},{"path":"src/main/java/Hudou/task/Deadline.java","fileType":"java","lines":[{"lineNumber":1,"author":{"gitId":"Hudou0420"},"content":"package main.java.Hudou.task;","lastModifiedDate":"2025-02-16","isFullCredit":false},{"lineNumber":2,"author":{"gitId":"Hudou0420"},"content":"","lastModifiedDate":"2025-02-16","isFullCredit":false},{"lineNumber":3,"author":{"gitId":"Hudou0420"},"content":"import main.java.Hudou.exception.HudouException;","lastModifiedDate":"2025-02-16","isFullCredit":false},{"lineNumber":4,"author":{"gitId":"Hudou0420"},"content":"","lastModifiedDate":"2025-02-16","isFullCredit":false},{"lineNumber":5,"author":{"gitId":"Hudou0420"},"content":"public class Deadline extends Task {","lastModifiedDate":"2025-02-05","isFullCredit":false},{"lineNumber":6,"author":{"gitId":"Hudou0420"},"content":"    protected String deadline;","lastModifiedDate":"2025-02-05","isFullCredit":false},{"lineNumber":7,"author":{"gitId":"Hudou0420"},"content":"    protected final String taskType \u003d \"[D]\";","lastModifiedDate":"2025-02-05","isFullCredit":false},{"lineNumber":8,"author":{"gitId":"Hudou0420"},"content":"    protected final String taskCommand \u003d \"/by\";","lastModifiedDate":"2025-02-05","isFullCredit":false},{"lineNumber":9,"author":{"gitId":"Hudou0420"},"content":"","lastModifiedDate":"2025-02-05","isFullCredit":false},{"lineNumber":10,"author":{"gitId":"Hudou0420"},"content":"    public Deadline(String input){","lastModifiedDate":"2025-02-05","isFullCredit":false},{"lineNumber":11,"author":{"gitId":"Hudou0420"},"content":"        try{","lastModifiedDate":"2025-02-05","isFullCredit":false},{"lineNumber":12,"author":{"gitId":"Hudou0420"},"content":"            String taskDetail \u003d getSubstringFromSecondWord(input);","lastModifiedDate":"2025-02-05","isFullCredit":false},{"lineNumber":13,"author":{"gitId":"Hudou0420"},"content":"            String[] taskDetails \u003d splitBySubstringCommands(taskDetail, taskCommand);","lastModifiedDate":"2025-02-05","isFullCredit":false},{"lineNumber":14,"author":{"gitId":"Hudou0420"},"content":"            this.taskName \u003d taskDetails[0];","lastModifiedDate":"2025-02-05","isFullCredit":false},{"lineNumber":15,"author":{"gitId":"Hudou0420"},"content":"            this.deadline \u003d taskDetails[1];","lastModifiedDate":"2025-02-05","isFullCredit":false},{"lineNumber":16,"author":{"gitId":"Hudou0420"},"content":"            System.out.println(\"Added new deadline: \" + this.taskName + \", by: \" + this.deadline);","lastModifiedDate":"2025-02-05","isFullCredit":false},{"lineNumber":17,"author":{"gitId":"Hudou0420"},"content":"        } catch (NullPointerException e){","lastModifiedDate":"2025-02-05","isFullCredit":false},{"lineNumber":18,"author":{"gitId":"Hudou0420"},"content":"            HudouException.handleEmptyTask();","lastModifiedDate":"2025-02-16","isFullCredit":false},{"lineNumber":19,"author":{"gitId":"Hudou0420"},"content":"        } catch (ArrayIndexOutOfBoundsException e){","lastModifiedDate":"2025-02-05","isFullCredit":false},{"lineNumber":20,"author":{"gitId":"Hudou0420"},"content":"            HudouException.handleInvalidTask();","lastModifiedDate":"2025-02-16","isFullCredit":false},{"lineNumber":21,"author":{"gitId":"Hudou0420"},"content":"        }","lastModifiedDate":"2025-02-05","isFullCredit":false},{"lineNumber":22,"author":{"gitId":"Hudou0420"},"content":"    }","lastModifiedDate":"2025-02-05","isFullCredit":false},{"lineNumber":23,"author":{"gitId":"Hudou0420"},"content":"","lastModifiedDate":"2025-02-05","isFullCredit":false},{"lineNumber":24,"author":{"gitId":"Hudou0420"},"content":"    public String printTask(){","lastModifiedDate":"2025-02-05","isFullCredit":false},{"lineNumber":25,"author":{"gitId":"Hudou0420"},"content":"        String completionStatus \u003d isCompleted ? \"[X] \" : \"[ ] \";","lastModifiedDate":"2025-02-05","isFullCredit":false},{"lineNumber":26,"author":{"gitId":"Hudou0420"},"content":"        return (taskType + completionStatus + this.taskName + \" (by: \" + this.deadline + \")\");","lastModifiedDate":"2025-02-05","isFullCredit":false},{"lineNumber":27,"author":{"gitId":"Hudou0420"},"content":"    }","lastModifiedDate":"2025-02-05","isFullCredit":false},{"lineNumber":28,"author":{"gitId":"Hudou0420"},"content":"}","lastModifiedDate":"2025-02-05","isFullCredit":false}],"authorContributionMap":{"Hudou0420":28}},{"path":"src/main/java/Hudou/task/Event.java","fileType":"java","lines":[{"lineNumber":1,"author":{"gitId":"Hudou0420"},"content":"package main.java.Hudou.task;","lastModifiedDate":"2025-02-16","isFullCredit":false},{"lineNumber":2,"author":{"gitId":"Hudou0420"},"content":"","lastModifiedDate":"2025-02-16","isFullCredit":false},{"lineNumber":3,"author":{"gitId":"Hudou0420"},"content":"import main.java.Hudou.exception.HudouException;","lastModifiedDate":"2025-02-16","isFullCredit":false},{"lineNumber":4,"author":{"gitId":"Hudou0420"},"content":"","lastModifiedDate":"2025-02-16","isFullCredit":false},{"lineNumber":5,"author":{"gitId":"Hudou0420"},"content":"public class Event extends Task{","lastModifiedDate":"2025-02-05","isFullCredit":false},{"lineNumber":6,"author":{"gitId":"Hudou0420"},"content":"    protected final String taskType \u003d \"[E]\";","lastModifiedDate":"2025-02-05","isFullCredit":false},{"lineNumber":7,"author":{"gitId":"Hudou0420"},"content":"    protected final String startTimeCommand \u003d \"/from\";","lastModifiedDate":"2025-02-05","isFullCredit":false},{"lineNumber":8,"author":{"gitId":"Hudou0420"},"content":"    protected final String endTimeCommand \u003d \"/to\";","lastModifiedDate":"2025-02-05","isFullCredit":false},{"lineNumber":9,"author":{"gitId":"Hudou0420"},"content":"","lastModifiedDate":"2025-02-05","isFullCredit":false},{"lineNumber":10,"author":{"gitId":"Hudou0420"},"content":"    protected String startTime;","lastModifiedDate":"2025-02-05","isFullCredit":false},{"lineNumber":11,"author":{"gitId":"Hudou0420"},"content":"    protected String endTime;","lastModifiedDate":"2025-02-05","isFullCredit":false},{"lineNumber":12,"author":{"gitId":"Hudou0420"},"content":"","lastModifiedDate":"2025-02-05","isFullCredit":false},{"lineNumber":13,"author":{"gitId":"Hudou0420"},"content":"","lastModifiedDate":"2025-02-05","isFullCredit":false},{"lineNumber":14,"author":{"gitId":"Hudou0420"},"content":"    public Event(String input){","lastModifiedDate":"2025-02-05","isFullCredit":false},{"lineNumber":15,"author":{"gitId":"Hudou0420"},"content":"        try{","lastModifiedDate":"2025-02-05","isFullCredit":false},{"lineNumber":16,"author":{"gitId":"Hudou0420"},"content":"            String taskDetail \u003d getSubstringFromSecondWord(input);","lastModifiedDate":"2025-02-05","isFullCredit":false},{"lineNumber":17,"author":{"gitId":"Hudou0420"},"content":"            String[] taskDetails \u003d splitBySubstringCommands(taskDetail, startTimeCommand);","lastModifiedDate":"2025-02-05","isFullCredit":false},{"lineNumber":18,"author":{"gitId":"Hudou0420"},"content":"            this.taskName \u003d taskDetails[0];","lastModifiedDate":"2025-02-05","isFullCredit":false},{"lineNumber":19,"author":{"gitId":"Hudou0420"},"content":"            String[] taskStartAndEndTime \u003d splitBySubstringCommands(taskDetails[1], endTimeCommand);","lastModifiedDate":"2025-02-05","isFullCredit":false},{"lineNumber":20,"author":{"gitId":"Hudou0420"},"content":"            this.startTime \u003d taskStartAndEndTime[0];","lastModifiedDate":"2025-02-05","isFullCredit":false},{"lineNumber":21,"author":{"gitId":"Hudou0420"},"content":"            this.endTime \u003d taskStartAndEndTime[1];","lastModifiedDate":"2025-02-05","isFullCredit":false},{"lineNumber":22,"author":{"gitId":"Hudou0420"},"content":"            System.out.println(\"Added new event: \" + this.taskName + \" from: \" + this.startTime + \", to: \" + this.endTime);","lastModifiedDate":"2025-02-05","isFullCredit":false},{"lineNumber":23,"author":{"gitId":"Hudou0420"},"content":"        } catch (NullPointerException e){","lastModifiedDate":"2025-02-05","isFullCredit":false},{"lineNumber":24,"author":{"gitId":"Hudou0420"},"content":"            HudouException.handleEmptyTask();","lastModifiedDate":"2025-02-16","isFullCredit":false},{"lineNumber":25,"author":{"gitId":"Hudou0420"},"content":"        } catch (ArrayIndexOutOfBoundsException e){","lastModifiedDate":"2025-02-05","isFullCredit":false},{"lineNumber":26,"author":{"gitId":"Hudou0420"},"content":"            HudouException.handleInvalidTask();","lastModifiedDate":"2025-02-16","isFullCredit":false},{"lineNumber":27,"author":{"gitId":"Hudou0420"},"content":"        }","lastModifiedDate":"2025-02-05","isFullCredit":false},{"lineNumber":28,"author":{"gitId":"Hudou0420"},"content":"    }","lastModifiedDate":"2025-02-05","isFullCredit":false},{"lineNumber":29,"author":{"gitId":"Hudou0420"},"content":"","lastModifiedDate":"2025-02-05","isFullCredit":false},{"lineNumber":30,"author":{"gitId":"Hudou0420"},"content":"    public String printTask(){","lastModifiedDate":"2025-02-05","isFullCredit":false},{"lineNumber":31,"author":{"gitId":"Hudou0420"},"content":"        String completionStatus \u003d isCompleted ? \"[X] \" : \"[ ] \";","lastModifiedDate":"2025-02-05","isFullCredit":false},{"lineNumber":32,"author":{"gitId":"Hudou0420"},"content":"        return (taskType + completionStatus + this.taskName + \" (from: \"+ this.startTime +  \", to: \"  + this.endTime + \")\");","lastModifiedDate":"2025-02-05","isFullCredit":false},{"lineNumber":33,"author":{"gitId":"Hudou0420"},"content":"    }","lastModifiedDate":"2025-02-05","isFullCredit":false},{"lineNumber":34,"author":{"gitId":"Hudou0420"},"content":"","lastModifiedDate":"2025-02-05","isFullCredit":false},{"lineNumber":35,"author":{"gitId":"Hudou0420"},"content":"}","lastModifiedDate":"2025-02-05","isFullCredit":false}],"authorContributionMap":{"Hudou0420":35}},{"path":"src/main/java/Hudou/task/Task.java","fileType":"java","lines":[{"lineNumber":1,"author":{"gitId":"Hudou0420"},"content":"package main.java.Hudou.task;","lastModifiedDate":"2025-02-16","isFullCredit":false},{"lineNumber":2,"author":{"gitId":"Hudou0420"},"content":"","lastModifiedDate":"2025-02-16","isFullCredit":false},{"lineNumber":3,"author":{"gitId":"Hudou0420"},"content":"public class Task {","lastModifiedDate":"2025-02-05","isFullCredit":false},{"lineNumber":4,"author":{"gitId":"Hudou0420"},"content":"","lastModifiedDate":"2025-02-05","isFullCredit":false},{"lineNumber":5,"author":{"gitId":"Hudou0420"},"content":"","lastModifiedDate":"2025-02-11","isFullCredit":false},{"lineNumber":6,"author":{"gitId":"Hudou0420"},"content":"","lastModifiedDate":"2025-02-05","isFullCredit":false},{"lineNumber":7,"author":{"gitId":"Hudou0420"},"content":"    protected String taskName;","lastModifiedDate":"2025-02-05","isFullCredit":false},{"lineNumber":8,"author":{"gitId":"Hudou0420"},"content":"    protected boolean isCompleted;","lastModifiedDate":"2025-02-05","isFullCredit":false},{"lineNumber":9,"author":{"gitId":"Hudou0420"},"content":"","lastModifiedDate":"2025-02-05","isFullCredit":false},{"lineNumber":10,"author":{"gitId":"Hudou0420"},"content":"    /**","lastModifiedDate":"2025-02-05","isFullCredit":false},{"lineNumber":11,"author":{"gitId":"Hudou0420"},"content":"     * @brief method to get the substring of the input, from second word onwards","lastModifiedDate":"2025-02-05","isFullCredit":false},{"lineNumber":12,"author":{"gitId":"Hudou0420"},"content":"     * the purpose of this method is to separate command type and the actual task name","lastModifiedDate":"2025-02-05","isFullCredit":false},{"lineNumber":13,"author":{"gitId":"Hudou0420"},"content":"     * and other types of commands","lastModifiedDate":"2025-02-05","isFullCredit":false},{"lineNumber":14,"author":{"gitId":"Hudou0420"},"content":"     * @param str input argument from the command line","lastModifiedDate":"2025-02-05","isFullCredit":false},{"lineNumber":15,"author":{"gitId":"Hudou0420"},"content":"     * @return String of the input after the first word. Usually the task name and","lastModifiedDate":"2025-02-05","isFullCredit":false},{"lineNumber":16,"author":{"gitId":"Hudou0420"},"content":"     * its required parameters","lastModifiedDate":"2025-02-05","isFullCredit":false},{"lineNumber":17,"author":{"gitId":"Hudou0420"},"content":"     */","lastModifiedDate":"2025-02-05","isFullCredit":false},{"lineNumber":18,"author":{"gitId":"Hudou0420"},"content":"    public static String getSubstringFromSecondWord(String str) {","lastModifiedDate":"2025-02-05","isFullCredit":false},{"lineNumber":19,"author":{"gitId":"Hudou0420"},"content":"        String[] words \u003d str.split(\" \"); // Split by spaces","lastModifiedDate":"2025-02-05","isFullCredit":false},{"lineNumber":20,"author":{"gitId":"Hudou0420"},"content":"        return words.length \u003e 1 ? String.join(\" \",","lastModifiedDate":"2025-02-05","isFullCredit":false},{"lineNumber":21,"author":{"gitId":"Hudou0420"},"content":"                java.util.Arrays.copyOfRange(words, 1, words.length)) : \"\";","lastModifiedDate":"2025-02-05","isFullCredit":false},{"lineNumber":22,"author":{"gitId":"Hudou0420"},"content":"    }","lastModifiedDate":"2025-02-05","isFullCredit":false},{"lineNumber":23,"author":{"gitId":"Hudou0420"},"content":"","lastModifiedDate":"2025-02-05","isFullCredit":false},{"lineNumber":24,"author":{"gitId":"Hudou0420"},"content":"    /**","lastModifiedDate":"2025-02-05","isFullCredit":false},{"lineNumber":25,"author":{"gitId":"Hudou0420"},"content":"     * @brief this method splits the user\u0027s input for special task type","lastModifiedDate":"2025-02-05","isFullCredit":false},{"lineNumber":26,"author":{"gitId":"Hudou0420"},"content":"     * such as \"Events\". Its purpose is to identify 2 arguments from the","lastModifiedDate":"2025-02-05","isFullCredit":false},{"lineNumber":27,"author":{"gitId":"Hudou0420"},"content":"     * user input, such as \"/from\" and \"/to\", to store be called in the","lastModifiedDate":"2025-02-05","isFullCredit":false},{"lineNumber":28,"author":{"gitId":"Hudou0420"},"content":"     * constructor and store it in the child class inherited from this","lastModifiedDate":"2025-02-05","isFullCredit":false},{"lineNumber":29,"author":{"gitId":"Hudou0420"},"content":"     * parent class.","lastModifiedDate":"2025-02-05","isFullCredit":false},{"lineNumber":30,"author":{"gitId":"Hudou0420"},"content":"     * @param str input argument from the command line","lastModifiedDate":"2025-02-05","isFullCredit":false},{"lineNumber":31,"author":{"gitId":"Hudou0420"},"content":"     * @param keyword the word to be found in the string and","lastModifiedDate":"2025-02-05","isFullCredit":false},{"lineNumber":32,"author":{"gitId":"Hudou0420"},"content":"     *                split the string to front and back substring","lastModifiedDate":"2025-02-05","isFullCredit":false},{"lineNumber":33,"author":{"gitId":"Hudou0420"},"content":"     * @return an String array size of 2, containing front and back of the","lastModifiedDate":"2025-02-05","isFullCredit":false},{"lineNumber":34,"author":{"gitId":"Hudou0420"},"content":"     *         complete string, excluding the keyword","lastModifiedDate":"2025-02-05","isFullCredit":false},{"lineNumber":35,"author":{"gitId":"Hudou0420"},"content":"     */","lastModifiedDate":"2025-02-05","isFullCredit":false},{"lineNumber":36,"author":{"gitId":"Hudou0420"},"content":"    public static String[] splitBySubstringCommands(String str, String keyword) {","lastModifiedDate":"2025-02-05","isFullCredit":false},{"lineNumber":37,"author":{"gitId":"Hudou0420"},"content":"        int index \u003d str.indexOf(keyword);","lastModifiedDate":"2025-02-05","isFullCredit":false},{"lineNumber":38,"author":{"gitId":"Hudou0420"},"content":"        if (index \u003d\u003d -1) {","lastModifiedDate":"2025-02-05","isFullCredit":false},{"lineNumber":39,"author":{"gitId":"Hudou0420"},"content":"            return new String[]{str, \"\"};  // If not found, return the full string as front, empty back","lastModifiedDate":"2025-02-05","isFullCredit":false},{"lineNumber":40,"author":{"gitId":"Hudou0420"},"content":"        }","lastModifiedDate":"2025-02-05","isFullCredit":false},{"lineNumber":41,"author":{"gitId":"Hudou0420"},"content":"        String front \u003d str.substring(0, index);","lastModifiedDate":"2025-02-05","isFullCredit":false},{"lineNumber":42,"author":{"gitId":"Hudou0420"},"content":"        String back \u003d str.substring(index + keyword.length());","lastModifiedDate":"2025-02-05","isFullCredit":false},{"lineNumber":43,"author":{"gitId":"Hudou0420"},"content":"        return new String[]{front, back};","lastModifiedDate":"2025-02-05","isFullCredit":false},{"lineNumber":44,"author":{"gitId":"Hudou0420"},"content":"    }","lastModifiedDate":"2025-02-05","isFullCredit":false},{"lineNumber":45,"author":{"gitId":"Hudou0420"},"content":"","lastModifiedDate":"2025-02-05","isFullCredit":false},{"lineNumber":46,"author":{"gitId":"Hudou0420"},"content":"    public Task(){","lastModifiedDate":"2025-02-05","isFullCredit":false},{"lineNumber":47,"author":{"gitId":"Hudou0420"},"content":"        this.isCompleted \u003d false;","lastModifiedDate":"2025-02-05","isFullCredit":false},{"lineNumber":48,"author":{"gitId":"Hudou0420"},"content":"        this.taskName \u003d null;","lastModifiedDate":"2025-02-05","isFullCredit":false},{"lineNumber":49,"author":{"gitId":"Hudou0420"},"content":"    }","lastModifiedDate":"2025-02-05","isFullCredit":false},{"lineNumber":50,"author":{"gitId":"Hudou0420"},"content":"    public Task(String taskName){","lastModifiedDate":"2025-02-05","isFullCredit":false},{"lineNumber":51,"author":{"gitId":"Hudou0420"},"content":"        this.taskName \u003d taskName;","lastModifiedDate":"2025-02-05","isFullCredit":false},{"lineNumber":52,"author":{"gitId":"Hudou0420"},"content":"        this.isCompleted \u003d false;","lastModifiedDate":"2025-02-05","isFullCredit":false},{"lineNumber":53,"author":{"gitId":"Hudou0420"},"content":"    }","lastModifiedDate":"2025-02-05","isFullCredit":false},{"lineNumber":54,"author":{"gitId":"Hudou0420"},"content":"","lastModifiedDate":"2025-02-05","isFullCredit":false},{"lineNumber":55,"author":{"gitId":"Hudou0420"},"content":"    public String getTaskName(){ return this.taskName; }","lastModifiedDate":"2025-02-05","isFullCredit":false},{"lineNumber":56,"author":{"gitId":"Hudou0420"},"content":"    public boolean getTaskCompletionStatus(){ return this.isCompleted; }","lastModifiedDate":"2025-02-05","isFullCredit":false},{"lineNumber":57,"author":{"gitId":"Hudou0420"},"content":"","lastModifiedDate":"2025-02-05","isFullCredit":false},{"lineNumber":58,"author":{"gitId":"Hudou0420"},"content":"    public void setCompleted(){ this.isCompleted \u003d true; }","lastModifiedDate":"2025-02-05","isFullCredit":false},{"lineNumber":59,"author":{"gitId":"Hudou0420"},"content":"    public void setUncompleted(){ this.isCompleted \u003d false; }","lastModifiedDate":"2025-02-05","isFullCredit":false},{"lineNumber":60,"author":{"gitId":"Hudou0420"},"content":"","lastModifiedDate":"2025-02-05","isFullCredit":false},{"lineNumber":61,"author":{"gitId":"Hudou0420"},"content":"    public String printTask(){","lastModifiedDate":"2025-02-05","isFullCredit":false},{"lineNumber":62,"author":{"gitId":"Hudou0420"},"content":"        String completionStatus \u003d this.isCompleted ? \"[X]\" : \"[ ]\";","lastModifiedDate":"2025-02-05","isFullCredit":false},{"lineNumber":63,"author":{"gitId":"Hudou0420"},"content":"        return (completionStatus + \" \" + this.taskName);","lastModifiedDate":"2025-02-05","isFullCredit":false},{"lineNumber":64,"author":{"gitId":"Hudou0420"},"content":"    }","lastModifiedDate":"2025-02-05","isFullCredit":false},{"lineNumber":65,"author":{"gitId":"Hudou0420"},"content":"}","lastModifiedDate":"2025-02-05","isFullCredit":false}],"authorContributionMap":{"Hudou0420":65}},{"path":"src/main/java/Hudou/task/TaskList.java","fileType":"java","lines":[{"lineNumber":1,"author":{"gitId":"Hudou0420"},"content":"package main.java.Hudou.task;","lastModifiedDate":"2025-02-16","isFullCredit":false},{"lineNumber":2,"author":{"gitId":"Hudou0420"},"content":"","lastModifiedDate":"2025-02-16","isFullCredit":false},{"lineNumber":3,"author":{"gitId":"Hudou0420"},"content":"import main.java.Hudou.command.ChatBot;","lastModifiedDate":"2025-02-16","isFullCredit":false},{"lineNumber":4,"author":{"gitId":"Hudou0420"},"content":"import main.java.Hudou.exception.HudouException;","lastModifiedDate":"2025-02-16","isFullCredit":false},{"lineNumber":5,"author":{"gitId":"Hudou0420"},"content":"","lastModifiedDate":"2025-02-16","isFullCredit":false},{"lineNumber":6,"author":{"gitId":"Hudou0420"},"content":"public class TaskList {","lastModifiedDate":"2025-01-31","isFullCredit":false},{"lineNumber":7,"author":{"gitId":"Hudou0420"},"content":"","lastModifiedDate":"2025-01-30","isFullCredit":false},{"lineNumber":8,"author":{"gitId":"Hudou0420"},"content":"    public static final int MAXTASKCOUNT \u003d 100;","lastModifiedDate":"2025-02-05","isFullCredit":false},{"lineNumber":9,"author":{"gitId":"Hudou0420"},"content":"    public static final String tooManyTasksNotifier \u003d \"You have too many events in your list! Complete some before adding new ones.\";","lastModifiedDate":"2025-02-11","isFullCredit":false},{"lineNumber":10,"author":{"gitId":"Hudou0420"},"content":"","lastModifiedDate":"2025-02-11","isFullCredit":false},{"lineNumber":11,"author":{"gitId":"Hudou0420"},"content":"","lastModifiedDate":"2025-01-30","isFullCredit":false},{"lineNumber":12,"author":{"gitId":"Hudou0420"},"content":"    private Task[] tasks;","lastModifiedDate":"2025-02-05","isFullCredit":false},{"lineNumber":13,"author":{"gitId":"Hudou0420"},"content":"    private int taskCounter;","lastModifiedDate":"2025-02-05","isFullCredit":false},{"lineNumber":14,"author":{"gitId":"Hudou0420"},"content":"    private int unfinishedTaskCounter;","lastModifiedDate":"2025-02-16","isFullCredit":false},{"lineNumber":15,"author":{"gitId":"Hudou0420"},"content":"","lastModifiedDate":"2025-02-05","isFullCredit":false},{"lineNumber":16,"author":{"gitId":"Hudou0420"},"content":"    private Task classifyTaskTypes(String input){","lastModifiedDate":"2025-02-05","isFullCredit":false},{"lineNumber":17,"author":{"gitId":"Hudou0420"},"content":"        String[] inputArray \u003d input.split(\" \");","lastModifiedDate":"2025-02-05","isFullCredit":false},{"lineNumber":18,"author":{"gitId":"Hudou0420"},"content":"        return switch (inputArray[0]) {","lastModifiedDate":"2025-02-05","isFullCredit":false},{"lineNumber":19,"author":{"gitId":"Hudou0420"},"content":"            case \"todo\" -\u003e new Todo(input);","lastModifiedDate":"2025-02-05","isFullCredit":false},{"lineNumber":20,"author":{"gitId":"Hudou0420"},"content":"            case \"deadline\" -\u003e new Deadline(input);","lastModifiedDate":"2025-02-05","isFullCredit":false},{"lineNumber":21,"author":{"gitId":"Hudou0420"},"content":"            case \"event\" -\u003e new Event(input);","lastModifiedDate":"2025-02-05","isFullCredit":false},{"lineNumber":22,"author":{"gitId":"Hudou0420"},"content":"            default -\u003e new Task(input);","lastModifiedDate":"2025-02-05","isFullCredit":false},{"lineNumber":23,"author":{"gitId":"Hudou0420"},"content":"        };","lastModifiedDate":"2025-02-05","isFullCredit":false},{"lineNumber":24,"author":{"gitId":"Hudou0420"},"content":"    }","lastModifiedDate":"2025-02-05","isFullCredit":false},{"lineNumber":25,"author":{"gitId":"Hudou0420"},"content":"","lastModifiedDate":"2025-02-05","isFullCredit":false},{"lineNumber":26,"author":{"gitId":"Hudou0420"},"content":"    //parameterless","lastModifiedDate":"2025-02-05","isFullCredit":false},{"lineNumber":27,"author":{"gitId":"Hudou0420"},"content":"    public TaskList() {","lastModifiedDate":"2025-01-31","isFullCredit":false},{"lineNumber":28,"author":{"gitId":"Hudou0420"},"content":"        tasks \u003d new Task[MAXTASKCOUNT];","lastModifiedDate":"2025-02-05","isFullCredit":false},{"lineNumber":29,"author":{"gitId":"Hudou0420"},"content":"        taskCounter \u003d 0;","lastModifiedDate":"2025-02-05","isFullCredit":false},{"lineNumber":30,"author":{"gitId":"Hudou0420"},"content":"        unfinishedTaskCounter \u003d 0;","lastModifiedDate":"2025-02-16","isFullCredit":false},{"lineNumber":31,"author":{"gitId":"Hudou0420"},"content":"    }","lastModifiedDate":"2025-01-30","isFullCredit":false},{"lineNumber":32,"author":{"gitId":"Hudou0420"},"content":"","lastModifiedDate":"2025-01-30","isFullCredit":false},{"lineNumber":33,"author":{"gitId":"Hudou0420"},"content":"    //constructor that takes in an already existed task list","lastModifiedDate":"2025-02-05","isFullCredit":false},{"lineNumber":34,"author":{"gitId":"Hudou0420"},"content":"    //use later if needed","lastModifiedDate":"2025-02-05","isFullCredit":false},{"lineNumber":35,"author":{"gitId":"Hudou0420"},"content":"    public TaskList(Task[] tasks) {","lastModifiedDate":"2025-02-05","isFullCredit":false},{"lineNumber":36,"author":{"gitId":"Hudou0420"},"content":"        this.tasks \u003d tasks;","lastModifiedDate":"2025-01-31","isFullCredit":false},{"lineNumber":37,"author":{"gitId":"Hudou0420"},"content":"        taskCounter \u003d tasks.length;","lastModifiedDate":"2025-02-05","isFullCredit":false},{"lineNumber":38,"author":{"gitId":"Hudou0420"},"content":"    }","lastModifiedDate":"2025-01-30","isFullCredit":false},{"lineNumber":39,"author":{"gitId":"Hudou0420"},"content":"","lastModifiedDate":"2025-01-30","isFullCredit":false},{"lineNumber":40,"author":{"gitId":"Hudou0420"},"content":"    //copy constructor for later use if needed","lastModifiedDate":"2025-02-05","isFullCredit":false},{"lineNumber":41,"author":{"gitId":"Hudou0420"},"content":"    public TaskList(TaskList other) {","lastModifiedDate":"2025-01-31","isFullCredit":false},{"lineNumber":42,"author":{"gitId":"Hudou0420"},"content":"        this.tasks \u003d other.tasks;","lastModifiedDate":"2025-01-31","isFullCredit":false},{"lineNumber":43,"author":{"gitId":"Hudou0420"},"content":"        this.taskCounter \u003d other.taskCounter;","lastModifiedDate":"2025-02-05","isFullCredit":false},{"lineNumber":44,"author":{"gitId":"Hudou0420"},"content":"    }","lastModifiedDate":"2025-01-30","isFullCredit":false},{"lineNumber":45,"author":{"gitId":"Hudou0420"},"content":"","lastModifiedDate":"2025-01-30","isFullCredit":false},{"lineNumber":46,"author":{"gitId":"Hudou0420"},"content":"","lastModifiedDate":"2025-02-05","isFullCredit":false},{"lineNumber":47,"author":{"gitId":"Hudou0420"},"content":"    public void addTask(String taskInput) {","lastModifiedDate":"2025-02-16","isFullCredit":false},{"lineNumber":48,"author":{"gitId":"Hudou0420"},"content":"        //handle exception of too many events being in the list","lastModifiedDate":"2025-02-05","isFullCredit":false},{"lineNumber":49,"author":{"gitId":"Hudou0420"},"content":"        if (taskCounter \u003e\u003d MAXTASKCOUNT){","lastModifiedDate":"2025-02-05","isFullCredit":false},{"lineNumber":50,"author":{"gitId":"Hudou0420"},"content":"            System.out.println(tooManyTasksNotifier);","lastModifiedDate":"2025-02-11","isFullCredit":false},{"lineNumber":51,"author":{"gitId":"Hudou0420"},"content":"            return;","lastModifiedDate":"2025-01-30","isFullCredit":false},{"lineNumber":52,"author":{"gitId":"Hudou0420"},"content":"        }","lastModifiedDate":"2025-01-30","isFullCredit":false},{"lineNumber":53,"author":{"gitId":"Hudou0420"},"content":"        //process the first arg to get the type of the task","lastModifiedDate":"2025-02-05","isFullCredit":false},{"lineNumber":54,"author":{"gitId":"Hudou0420"},"content":"        tasks[taskCounter] \u003d classifyTaskTypes(taskInput);","lastModifiedDate":"2025-02-05","isFullCredit":false},{"lineNumber":55,"author":{"gitId":"Hudou0420"},"content":"        taskCounter++;","lastModifiedDate":"2025-02-05","isFullCredit":false},{"lineNumber":56,"author":{"gitId":"Hudou0420"},"content":"        unfinishedTaskCounter++;","lastModifiedDate":"2025-02-16","isFullCredit":false},{"lineNumber":57,"author":{"gitId":"Hudou0420"},"content":"        listTasks();","lastModifiedDate":"2025-02-05","isFullCredit":false},{"lineNumber":58,"author":{"gitId":"Hudou0420"},"content":"    }","lastModifiedDate":"2025-01-30","isFullCredit":false},{"lineNumber":59,"author":{"gitId":"Hudou0420"},"content":"","lastModifiedDate":"2025-01-30","isFullCredit":false},{"lineNumber":60,"author":{"gitId":"Hudou0420"},"content":"    //method to print out all the tasks, whether it is completed or not","lastModifiedDate":"2025-02-05","isFullCredit":false},{"lineNumber":61,"author":{"gitId":"Hudou0420"},"content":"    //this method prints the tasks added earliest first.","lastModifiedDate":"2025-02-05","isFullCredit":false},{"lineNumber":62,"author":{"gitId":"Hudou0420"},"content":"    public void listTasks(){","lastModifiedDate":"2025-01-31","isFullCredit":false},{"lineNumber":63,"author":{"gitId":"Hudou0420"},"content":"        if (taskCounter \u003d\u003d 0){","lastModifiedDate":"2025-02-05","isFullCredit":false},{"lineNumber":64,"author":{"gitId":"Hudou0420"},"content":"            HudouException.handleNoTaskNotifier();","lastModifiedDate":"2025-02-16","isFullCredit":false},{"lineNumber":65,"author":{"gitId":"Hudou0420"},"content":"            return;","lastModifiedDate":"2025-01-30","isFullCredit":false},{"lineNumber":66,"author":{"gitId":"Hudou0420"},"content":"        }","lastModifiedDate":"2025-01-30","isFullCredit":false},{"lineNumber":67,"author":{"gitId":"Hudou0420"},"content":"        System.out.println(\"You have \" + unfinishedTaskCounter + \" unfinished tasks in your list!\");","lastModifiedDate":"2025-02-16","isFullCredit":false},{"lineNumber":68,"author":{"gitId":"Hudou0420"},"content":"        System.out.println(ChatBot.lineSeparator);","lastModifiedDate":"2025-02-05","isFullCredit":false},{"lineNumber":69,"author":{"gitId":"Hudou0420"},"content":"        for (int i \u003d 0; i \u003c taskCounter; i++) {","lastModifiedDate":"2025-02-05","isFullCredit":false},{"lineNumber":70,"author":{"gitId":"Hudou0420"},"content":"            System.out.println((i + 1) + \".\" + tasks[i].printTask());","lastModifiedDate":"2025-02-05","isFullCredit":false},{"lineNumber":71,"author":{"gitId":"Hudou0420"},"content":"        }","lastModifiedDate":"2025-01-30","isFullCredit":false},{"lineNumber":72,"author":{"gitId":"Hudou0420"},"content":"        System.out.println(ChatBot.lineSeparator);","lastModifiedDate":"2025-02-05","isFullCredit":false},{"lineNumber":73,"author":{"gitId":"Hudou0420"},"content":"    }","lastModifiedDate":"2025-01-30","isFullCredit":false},{"lineNumber":74,"author":{"gitId":"Hudou0420"},"content":"","lastModifiedDate":"2025-01-30","isFullCredit":false},{"lineNumber":75,"author":{"gitId":"Hudou0420"},"content":"    public void markDone(String taskName){","lastModifiedDate":"2025-02-05","isFullCredit":false},{"lineNumber":76,"author":{"gitId":"Hudou0420"},"content":"        if (taskCounter \u003d\u003d 0){","lastModifiedDate":"2025-02-05","isFullCredit":false},{"lineNumber":77,"author":{"gitId":"Hudou0420"},"content":"            HudouException.handleNoTaskNotifier();","lastModifiedDate":"2025-02-16","isFullCredit":false},{"lineNumber":78,"author":{"gitId":"Hudou0420"},"content":"            return;","lastModifiedDate":"2025-01-30","isFullCredit":false},{"lineNumber":79,"author":{"gitId":"Hudou0420"},"content":"        }","lastModifiedDate":"2025-01-30","isFullCredit":false},{"lineNumber":80,"author":{"gitId":"Hudou0420"},"content":"        //iterate through the list to identify the task satisfying the name \"taskName\"","lastModifiedDate":"2025-02-05","isFullCredit":false},{"lineNumber":81,"author":{"gitId":"Hudou0420"},"content":"        for (int i \u003d 0; i \u003c taskCounter; i++) {","lastModifiedDate":"2025-02-05","isFullCredit":false},{"lineNumber":82,"author":{"gitId":"Hudou0420"},"content":"            if (tasks[i].getTaskName().equals(taskName)) {","lastModifiedDate":"2025-02-05","isFullCredit":false},{"lineNumber":83,"author":{"gitId":"Hudou0420"},"content":"                tasks[i].setCompleted();","lastModifiedDate":"2025-01-31","isFullCredit":false},{"lineNumber":84,"author":{"gitId":"Hudou0420"},"content":"                unfinishedTaskCounter--;","lastModifiedDate":"2025-02-16","isFullCredit":false},{"lineNumber":85,"author":{"gitId":"Hudou0420"},"content":"                System.out.println(\"main.java.Hudou.task.Event \" + taskName + \" has been marked done!\");","lastModifiedDate":"2025-02-16","isFullCredit":false},{"lineNumber":86,"author":{"gitId":"Hudou0420"},"content":"                listTasks();","lastModifiedDate":"2025-01-31","isFullCredit":false},{"lineNumber":87,"author":{"gitId":"Hudou0420"},"content":"                return;","lastModifiedDate":"2025-01-30","isFullCredit":false},{"lineNumber":88,"author":{"gitId":"Hudou0420"},"content":"            }","lastModifiedDate":"2025-01-30","isFullCredit":false},{"lineNumber":89,"author":{"gitId":"Hudou0420"},"content":"        }","lastModifiedDate":"2025-01-30","isFullCredit":false},{"lineNumber":90,"author":{"gitId":"Hudou0420"},"content":"        HudouException.handleNonExistentTaskNotifier();","lastModifiedDate":"2025-02-16","isFullCredit":false},{"lineNumber":91,"author":{"gitId":"Hudou0420"},"content":"    }","lastModifiedDate":"2025-01-30","isFullCredit":false},{"lineNumber":92,"author":{"gitId":"Hudou0420"},"content":"","lastModifiedDate":"2025-01-30","isFullCredit":false},{"lineNumber":93,"author":{"gitId":"Hudou0420"},"content":"    public void markDone(int index){","lastModifiedDate":"2025-01-30","isFullCredit":false},{"lineNumber":94,"author":{"gitId":"Hudou0420"},"content":"        //handle exception where there is no task in the list","lastModifiedDate":"2025-02-05","isFullCredit":false},{"lineNumber":95,"author":{"gitId":"Hudou0420"},"content":"        if (taskCounter \u003d\u003d 0){","lastModifiedDate":"2025-02-05","isFullCredit":false},{"lineNumber":96,"author":{"gitId":"Hudou0420"},"content":"            HudouException.handleNoTaskNotifier();","lastModifiedDate":"2025-02-16","isFullCredit":false},{"lineNumber":97,"author":{"gitId":"Hudou0420"},"content":"            return;","lastModifiedDate":"2025-01-30","isFullCredit":false},{"lineNumber":98,"author":{"gitId":"Hudou0420"},"content":"        }","lastModifiedDate":"2025-01-30","isFullCredit":false},{"lineNumber":99,"author":{"gitId":"Hudou0420"},"content":"        //handle exception where the input index is","lastModifiedDate":"2025-02-05","isFullCredit":false},{"lineNumber":100,"author":{"gitId":"Hudou0420"},"content":"        //greater than the number of tasks inside the list","lastModifiedDate":"2025-02-05","isFullCredit":false},{"lineNumber":101,"author":{"gitId":"Hudou0420"},"content":"        if (index \u003e taskCounter){","lastModifiedDate":"2025-02-05","isFullCredit":false},{"lineNumber":102,"author":{"gitId":"Hudou0420"},"content":"            HudouException.handleNonExistentTaskNotifier();","lastModifiedDate":"2025-02-16","isFullCredit":false},{"lineNumber":103,"author":{"gitId":"Hudou0420"},"content":"            return;","lastModifiedDate":"2025-01-30","isFullCredit":false},{"lineNumber":104,"author":{"gitId":"Hudou0420"},"content":"        }","lastModifiedDate":"2025-01-30","isFullCredit":false},{"lineNumber":105,"author":{"gitId":"Hudou0420"},"content":"        if (tasks[index - 1].getTaskCompletionStatus()) {","lastModifiedDate":"2025-02-05","isFullCredit":false},{"lineNumber":106,"author":{"gitId":"Hudou0420"},"content":"            System.out.println(\"main.java.Hudou.task.Task \" + tasks[index - 1].getTaskName() + \" has already been done!\");","lastModifiedDate":"2025-02-16","isFullCredit":false},{"lineNumber":107,"author":{"gitId":"Hudou0420"},"content":"            //print task returns string because I need String output","lastModifiedDate":"2025-02-05","isFullCredit":false},{"lineNumber":108,"author":{"gitId":"Hudou0420"},"content":"            //in the lisTasks() method","lastModifiedDate":"2025-02-05","isFullCredit":false},{"lineNumber":109,"author":{"gitId":"Hudou0420"},"content":"            System.out.println(tasks[index - 1].printTask());","lastModifiedDate":"2025-02-05","isFullCredit":false},{"lineNumber":110,"author":{"gitId":"Hudou0420"},"content":"            return;","lastModifiedDate":"2025-01-30","isFullCredit":false},{"lineNumber":111,"author":{"gitId":"Hudou0420"},"content":"        }","lastModifiedDate":"2025-01-30","isFullCredit":false},{"lineNumber":112,"author":{"gitId":"Hudou0420"},"content":"        tasks[index - 1].setCompleted();","lastModifiedDate":"2025-01-31","isFullCredit":false},{"lineNumber":113,"author":{"gitId":"Hudou0420"},"content":"        unfinishedTaskCounter--;","lastModifiedDate":"2025-02-16","isFullCredit":false},{"lineNumber":114,"author":{"gitId":"Hudou0420"},"content":"        System.out.println(\"main.java.Hudou.task.Task \" + tasks[index - 1].getTaskName() + \" has been marked done!\");","lastModifiedDate":"2025-02-16","isFullCredit":false},{"lineNumber":115,"author":{"gitId":"Hudou0420"},"content":"        listTasks();","lastModifiedDate":"2025-01-31","isFullCredit":false},{"lineNumber":116,"author":{"gitId":"Hudou0420"},"content":"    }","lastModifiedDate":"2025-01-30","isFullCredit":false},{"lineNumber":117,"author":{"gitId":"Hudou0420"},"content":"","lastModifiedDate":"2025-01-30","isFullCredit":false},{"lineNumber":118,"author":{"gitId":"Hudou0420"},"content":"    public void markUndone(String taskName){","lastModifiedDate":"2025-02-05","isFullCredit":false},{"lineNumber":119,"author":{"gitId":"Hudou0420"},"content":"        if (taskCounter \u003d\u003d 0){","lastModifiedDate":"2025-02-05","isFullCredit":false},{"lineNumber":120,"author":{"gitId":"Hudou0420"},"content":"            HudouException.handleNoTaskNotifier();","lastModifiedDate":"2025-02-16","isFullCredit":false},{"lineNumber":121,"author":{"gitId":"Hudou0420"},"content":"            return;","lastModifiedDate":"2025-02-05","isFullCredit":false},{"lineNumber":122,"author":{"gitId":"Hudou0420"},"content":"        }","lastModifiedDate":"2025-02-05","isFullCredit":false},{"lineNumber":123,"author":{"gitId":"Hudou0420"},"content":"        //iterate through the list to identify the task satisfying the name \"taskName\"","lastModifiedDate":"2025-02-05","isFullCredit":false},{"lineNumber":124,"author":{"gitId":"Hudou0420"},"content":"        for (int i \u003d 0; i \u003c taskCounter; i++) {","lastModifiedDate":"2025-02-05","isFullCredit":false},{"lineNumber":125,"author":{"gitId":"Hudou0420"},"content":"            if (tasks[i].getTaskName().equals(taskName)) {","lastModifiedDate":"2025-02-05","isFullCredit":false},{"lineNumber":126,"author":{"gitId":"Hudou0420"},"content":"                tasks[i].setUncompleted();","lastModifiedDate":"2025-01-31","isFullCredit":false},{"lineNumber":127,"author":{"gitId":"Hudou0420"},"content":"                unfinishedTaskCounter++;","lastModifiedDate":"2025-02-16","isFullCredit":false},{"lineNumber":128,"author":{"gitId":"Hudou0420"},"content":"                System.out.println(\"main.java.Hudou.task.Task \" + taskName + \" has been unmarked!\");","lastModifiedDate":"2025-02-16","isFullCredit":false},{"lineNumber":129,"author":{"gitId":"Hudou0420"},"content":"                listTasks();","lastModifiedDate":"2025-01-31","isFullCredit":false},{"lineNumber":130,"author":{"gitId":"Hudou0420"},"content":"                return;","lastModifiedDate":"2025-01-30","isFullCredit":false},{"lineNumber":131,"author":{"gitId":"Hudou0420"},"content":"            }","lastModifiedDate":"2025-01-30","isFullCredit":false},{"lineNumber":132,"author":{"gitId":"Hudou0420"},"content":"        }","lastModifiedDate":"2025-01-30","isFullCredit":false},{"lineNumber":133,"author":{"gitId":"Hudou0420"},"content":"        HudouException.handleNonExistentTaskNotifier();","lastModifiedDate":"2025-02-16","isFullCredit":false},{"lineNumber":134,"author":{"gitId":"Hudou0420"},"content":"    }","lastModifiedDate":"2025-01-30","isFullCredit":false},{"lineNumber":135,"author":{"gitId":"Hudou0420"},"content":"","lastModifiedDate":"2025-01-30","isFullCredit":false},{"lineNumber":136,"author":{"gitId":"Hudou0420"},"content":"    public void markUndone(int index){","lastModifiedDate":"2025-01-30","isFullCredit":false},{"lineNumber":137,"author":{"gitId":"Hudou0420"},"content":"        if (taskCounter \u003d\u003d 0){","lastModifiedDate":"2025-02-05","isFullCredit":false},{"lineNumber":138,"author":{"gitId":"Hudou0420"},"content":"            HudouException.handleNoTaskNotifier();","lastModifiedDate":"2025-02-16","isFullCredit":false},{"lineNumber":139,"author":{"gitId":"Hudou0420"},"content":"            return;","lastModifiedDate":"2025-01-30","isFullCredit":false},{"lineNumber":140,"author":{"gitId":"Hudou0420"},"content":"        }","lastModifiedDate":"2025-01-30","isFullCredit":false},{"lineNumber":141,"author":{"gitId":"Hudou0420"},"content":"        if (index \u003e taskCounter){","lastModifiedDate":"2025-02-05","isFullCredit":false},{"lineNumber":142,"author":{"gitId":"Hudou0420"},"content":"            HudouException.handleNonExistentTaskNotifier();","lastModifiedDate":"2025-02-16","isFullCredit":false},{"lineNumber":143,"author":{"gitId":"Hudou0420"},"content":"            return;","lastModifiedDate":"2025-01-30","isFullCredit":false},{"lineNumber":144,"author":{"gitId":"Hudou0420"},"content":"        }","lastModifiedDate":"2025-01-30","isFullCredit":false},{"lineNumber":145,"author":{"gitId":"Hudou0420"},"content":"        if (!tasks[index - 1].getTaskCompletionStatus()) {","lastModifiedDate":"2025-02-05","isFullCredit":false},{"lineNumber":146,"author":{"gitId":"Hudou0420"},"content":"            System.out.println(\"main.java.Hudou.task.Task \" + tasks[index - 1].getTaskName() + \" has not been done!\");","lastModifiedDate":"2025-02-16","isFullCredit":false},{"lineNumber":147,"author":{"gitId":"Hudou0420"},"content":"            System.out.println(tasks[index - 1].printTask());","lastModifiedDate":"2025-02-05","isFullCredit":false},{"lineNumber":148,"author":{"gitId":"Hudou0420"},"content":"            return;","lastModifiedDate":"2025-01-30","isFullCredit":false},{"lineNumber":149,"author":{"gitId":"Hudou0420"},"content":"        }","lastModifiedDate":"2025-01-30","isFullCredit":false},{"lineNumber":150,"author":{"gitId":"Hudou0420"},"content":"        tasks[index - 1].setUncompleted();","lastModifiedDate":"2025-01-31","isFullCredit":false},{"lineNumber":151,"author":{"gitId":"Hudou0420"},"content":"        unfinishedTaskCounter++;","lastModifiedDate":"2025-02-16","isFullCredit":false},{"lineNumber":152,"author":{"gitId":"Hudou0420"},"content":"        System.out.println(\"main.java.Hudou.task.Task \" + tasks[index - 1].getTaskName() + \" has been unmarked!\");","lastModifiedDate":"2025-02-16","isFullCredit":false},{"lineNumber":153,"author":{"gitId":"Hudou0420"},"content":"        listTasks();","lastModifiedDate":"2025-01-31","isFullCredit":false},{"lineNumber":154,"author":{"gitId":"Hudou0420"},"content":"    }","lastModifiedDate":"2025-01-30","isFullCredit":false},{"lineNumber":155,"author":{"gitId":"Hudou0420"},"content":"}","lastModifiedDate":"2025-01-30","isFullCredit":false}],"authorContributionMap":{"Hudou0420":155}},{"path":"src/main/java/Hudou/task/Todo.java","fileType":"java","lines":[{"lineNumber":1,"author":{"gitId":"Hudou0420"},"content":"package main.java.Hudou.task;","lastModifiedDate":"2025-02-16","isFullCredit":false},{"lineNumber":2,"author":{"gitId":"Hudou0420"},"content":"","lastModifiedDate":"2025-02-16","isFullCredit":false},{"lineNumber":3,"author":{"gitId":"Hudou0420"},"content":"import main.java.Hudou.exception.HudouException;","lastModifiedDate":"2025-02-16","isFullCredit":false},{"lineNumber":4,"author":{"gitId":"Hudou0420"},"content":"","lastModifiedDate":"2025-02-16","isFullCredit":false},{"lineNumber":5,"author":{"gitId":"Hudou0420"},"content":"public class Todo extends Task {","lastModifiedDate":"2025-02-05","isFullCredit":false},{"lineNumber":6,"author":{"gitId":"Hudou0420"},"content":"    protected final String taskType \u003d \"[T]\";","lastModifiedDate":"2025-02-05","isFullCredit":false},{"lineNumber":7,"author":{"gitId":"Hudou0420"},"content":"","lastModifiedDate":"2025-02-05","isFullCredit":false},{"lineNumber":8,"author":{"gitId":"Hudou0420"},"content":"","lastModifiedDate":"2025-02-05","isFullCredit":false},{"lineNumber":9,"author":{"gitId":"Hudou0420"},"content":"    public Todo(String input){","lastModifiedDate":"2025-02-05","isFullCredit":false},{"lineNumber":10,"author":{"gitId":"Hudou0420"},"content":"        try{","lastModifiedDate":"2025-02-05","isFullCredit":false},{"lineNumber":11,"author":{"gitId":"Hudou0420"},"content":"            this.taskName \u003d getSubstringFromSecondWord(input);","lastModifiedDate":"2025-02-05","isFullCredit":false},{"lineNumber":12,"author":{"gitId":"Hudou0420"},"content":"            this.isCompleted \u003d false;","lastModifiedDate":"2025-02-05","isFullCredit":false},{"lineNumber":13,"author":{"gitId":"Hudou0420"},"content":"            System.out.println(\"Added new todo task: \" + this.taskName);","lastModifiedDate":"2025-02-05","isFullCredit":false},{"lineNumber":14,"author":{"gitId":"Hudou0420"},"content":"        } catch (NullPointerException e){","lastModifiedDate":"2025-02-05","isFullCredit":false},{"lineNumber":15,"author":{"gitId":"Hudou0420"},"content":"            HudouException.handleEmptyTask();","lastModifiedDate":"2025-02-16","isFullCredit":false},{"lineNumber":16,"author":{"gitId":"Hudou0420"},"content":"        } catch (ArrayIndexOutOfBoundsException e){","lastModifiedDate":"2025-02-05","isFullCredit":false},{"lineNumber":17,"author":{"gitId":"Hudou0420"},"content":"            HudouException.handleInvalidTask();","lastModifiedDate":"2025-02-16","isFullCredit":false},{"lineNumber":18,"author":{"gitId":"Hudou0420"},"content":"        }","lastModifiedDate":"2025-02-05","isFullCredit":false},{"lineNumber":19,"author":{"gitId":"Hudou0420"},"content":"    }","lastModifiedDate":"2025-02-05","isFullCredit":false},{"lineNumber":20,"author":{"gitId":"Hudou0420"},"content":"","lastModifiedDate":"2025-02-05","isFullCredit":false},{"lineNumber":21,"author":{"gitId":"Hudou0420"},"content":"    public String printTask(){","lastModifiedDate":"2025-02-05","isFullCredit":false},{"lineNumber":22,"author":{"gitId":"Hudou0420"},"content":"        String completionStatus \u003d isCompleted ? \"[X] \" : \"[ ] \";","lastModifiedDate":"2025-02-05","isFullCredit":false},{"lineNumber":23,"author":{"gitId":"Hudou0420"},"content":"        return (taskType + completionStatus + this.taskName);","lastModifiedDate":"2025-02-05","isFullCredit":false},{"lineNumber":24,"author":{"gitId":"Hudou0420"},"content":"    }","lastModifiedDate":"2025-02-05","isFullCredit":false},{"lineNumber":25,"author":{"gitId":"Hudou0420"},"content":"","lastModifiedDate":"2025-02-05","isFullCredit":false},{"lineNumber":26,"author":{"gitId":"Hudou0420"},"content":"}","lastModifiedDate":"2025-02-05","isFullCredit":false}],"authorContributionMap":{"Hudou0420":26}}]
