{"authorDailyContributionsMap":{"denzelloke":[{"date":"2025-02-04","commitResults":[{"hash":"cd32793065a886d9dd62a7e3cae86c8ca42100c9","isMergeCommit":false,"messageTitle":"add SHREK","messageBody":"","fileTypesAndContributionMap":{"java":{"insertions":46,"deletions":10}}},{"hash":"d8a6f74c5789b1ebf6158ef2be12b90fc7fa692c","isMergeCommit":false,"messageTitle":"implemented echo","messageBody":"","fileTypesAndContributionMap":{"java":{"insertions":21,"deletions":1}}},{"hash":"bb9b371cd3619f25c8ccdbc763da44bceac05f02","isMergeCommit":false,"messageTitle":"breathed life into SHREK","messageBody":"","fileTypesAndContributionMap":{"java":{"insertions":1,"deletions":2}}},{"hash":"c0cecbc71314e746ba615bcf99009088f4f8f2de","isMergeCommit":false,"messageTitle":"level-1","messageBody":"","fileTypesAndContributionMap":{"java":{"insertions":36,"deletions":35}}},{"hash":"74efd6f8f9d022ae29f9b385191c225626406c18","isMergeCommit":false,"messageTitle":"Level-2","messageBody":"","fileTypesAndContributionMap":{"java":{"insertions":21,"deletions":13}}}]},{"date":"2025-02-05","commitResults":[{"hash":"9b37275bba75736a6b4902e857da9bb35a6360eb","isMergeCommit":false,"messageTitle":"Level-3","messageBody":"","fileTypesAndContributionMap":{"java":{"insertions":37,"deletions":15}}},{"hash":"24423d73c08d24191fe18c2f931b2f0b63727923","isMergeCommit":false,"messageTitle":"improvements based on PR","messageBody":"","fileTypesAndContributionMap":{"java":{"insertions":85,"deletions":33}}},{"hash":"b9a8d2821fc90e10e46c94d5e698b72270769776","isMergeCommit":false,"messageTitle":"Rename SHREK.java to Shrek.java","messageBody":"","fileTypesAndContributionMap":{"java":{"insertions":0,"deletions":0}}},{"hash":"968704267db8df33c3642cf503a24c2520c5d01d","isMergeCommit":true,"messageTitle":"Merge branch \u0027master\u0027 of https://github.com/denzelloke/ip","messageBody":"","fileTypesAndContributionMap":{}}]},{"date":"2025-02-09","commitResults":[{"hash":"93b2172cd24c032bb87fb2739d914d41cd56ea4b","isMergeCommit":false,"messageTitle":"Level-4","messageBody":"","fileTypesAndContributionMap":{"java":{"insertions":234,"deletions":84}}},{"hash":"cec919d36c01925688b5f51e786f6d3d3d519c86","isMergeCommit":false,"messageTitle":"Level-4","messageBody":"","fileTypesAndContributionMap":{"java":{"insertions":7,"deletions":13}}}]},{"date":"2025-02-10","commitResults":[{"hash":"a48db9f0fa0d7cf6b964fbeef151e5a33c7b786c","isMergeCommit":false,"messageTitle":"Level-4","messageBody":"","fileTypesAndContributionMap":{"java":{"insertions":150,"deletions":86}}},{"hash":"617544be12253a405685724678e3f4c117fc6e75","isMergeCommit":false,"messageTitle":"A-Inheritance","messageBody":"","fileTypesAndContributionMap":{"java":{"insertions":2,"deletions":0}}}]}]},"authorFileTypeContributionMap":{"denzelloke":{"java":358,"md":0,"fxml":0,"sh":0,"bat":0,"gradle":0,"txt":0}},"authorContributionVariance":{"denzelloke":6476.2344},"authorDisplayNameMap":{"denzelloke":"LOKE..NZEL"}}
