[{"path":"README.md","fileType":"md","lines":[{"lineNumber":1,"author":{"gitId":"thienkimtranhoang"},"content":"# Mimon project template","lastModifiedDate":"2025-02-03","isFullCredit":false},{"lineNumber":2,"author":{"gitId":"-"},"content":"","lastModifiedDate":"2020-05-25","isFullCredit":false},{"lineNumber":3,"author":{"gitId":"-"},"content":"This is a project template for a greenfield Java project. It\u0027s named after the Java mascot _Duke_. Given below are instructions on how to use it.","lastModifiedDate":"2020-05-25","isFullCredit":false},{"lineNumber":4,"author":{"gitId":"-"},"content":"","lastModifiedDate":"2020-05-25","isFullCredit":false},{"lineNumber":5,"author":{"gitId":"-"},"content":"## Setting up in Intellij","lastModifiedDate":"2020-05-25","isFullCredit":false},{"lineNumber":6,"author":{"gitId":"-"},"content":"","lastModifiedDate":"2020-05-25","isFullCredit":false},{"lineNumber":7,"author":{"gitId":"-"},"content":"Prerequisites: JDK 17, update Intellij to the most recent version.","lastModifiedDate":"2024-07-11","isFullCredit":false},{"lineNumber":8,"author":{"gitId":"-"},"content":"","lastModifiedDate":"2020-05-25","isFullCredit":false},{"lineNumber":9,"author":{"gitId":"-"},"content":"1. Open Intellij (if you are not in the welcome screen, click `File` \u003e `Close Project` to close the existing project first)","lastModifiedDate":"2021-01-17","isFullCredit":false},{"lineNumber":10,"author":{"gitId":"-"},"content":"1. Open the project into Intellij as follows:","lastModifiedDate":"2021-01-17","isFullCredit":false},{"lineNumber":11,"author":{"gitId":"-"},"content":"   1. Click `Open`.","lastModifiedDate":"2021-01-17","isFullCredit":false},{"lineNumber":12,"author":{"gitId":"-"},"content":"   1. Select the project directory, and click `OK`.","lastModifiedDate":"2021-01-17","isFullCredit":false},{"lineNumber":13,"author":{"gitId":"-"},"content":"   1. If there are any further prompts, accept the defaults.","lastModifiedDate":"2020-05-25","isFullCredit":false},{"lineNumber":14,"author":{"gitId":"-"},"content":"1. Configure the project to use **JDK 17** (not other versions) as explained in [here](https://www.jetbrains.com/help/idea/sdk.html#set-up-jdk).\u003cbr\u003e","lastModifiedDate":"2024-07-11","isFullCredit":false},{"lineNumber":15,"author":{"gitId":"-"},"content":"   In the same dialog, set the **Project language level** field to the `SDK default` option.","lastModifiedDate":"2021-07-29","isFullCredit":false},{"lineNumber":16,"author":{"gitId":"thienkimtranhoang"},"content":"1. After that, locate the `src/main/java/Mimon.java` file, right-click it, and choose `Run Mimon.main()` (if the code editor is showing compile errors, try restarting the IDE). If the setup is correct, you should see something like the below as the output:","lastModifiedDate":"2025-02-03","isFullCredit":false},{"lineNumber":17,"author":{"gitId":"-"},"content":"   ```","lastModifiedDate":"2020-05-25","isFullCredit":false},{"lineNumber":18,"author":{"gitId":"-"},"content":"   Hello from","lastModifiedDate":"2020-05-25","isFullCredit":false},{"lineNumber":19,"author":{"gitId":"-"},"content":"    ____        _        ","lastModifiedDate":"2020-05-25","isFullCredit":false},{"lineNumber":20,"author":{"gitId":"-"},"content":"   |  _ \\ _   _| | _____ ","lastModifiedDate":"2020-05-25","isFullCredit":false},{"lineNumber":21,"author":{"gitId":"-"},"content":"   | | | | | | | |/ / _ \\","lastModifiedDate":"2020-05-25","isFullCredit":false},{"lineNumber":22,"author":{"gitId":"-"},"content":"   | |_| | |_| |   \u003c  __/","lastModifiedDate":"2020-05-25","isFullCredit":false},{"lineNumber":23,"author":{"gitId":"-"},"content":"   |____/ \\__,_|_|\\_\\___|","lastModifiedDate":"2020-05-25","isFullCredit":false},{"lineNumber":24,"author":{"gitId":"-"},"content":"   ```","lastModifiedDate":"2020-05-25","isFullCredit":false},{"lineNumber":25,"author":{"gitId":"-"},"content":"","lastModifiedDate":"2025-01-04","isFullCredit":false},{"lineNumber":26,"author":{"gitId":"-"},"content":"**Warning:** Keep the `src\\main\\java` folder as the root folder for Java files (i.e., don\u0027t rename those folders or move Java files to another folder outside of this folder path), as this is the default location some tools (e.g., Gradle) expect to find Java files.","lastModifiedDate":"2025-01-04","isFullCredit":false}],"authorContributionMap":{"thienkimtranhoang":2,"-":24}},{"path":"docs/README.md","fileType":"md","lines":[{"lineNumber":1,"author":{"gitId":"thienkimtranhoang"},"content":"# Mimon User Guide","lastModifiedDate":"2025-02-03","isFullCredit":false},{"lineNumber":2,"author":{"gitId":"-"},"content":"","lastModifiedDate":"2019-07-29","isFullCredit":false},{"lineNumber":3,"author":{"gitId":"-"},"content":"// Update the title above to match the actual product name","lastModifiedDate":"2024-01-07","isFullCredit":false},{"lineNumber":4,"author":{"gitId":"-"},"content":"","lastModifiedDate":"2019-07-29","isFullCredit":false},{"lineNumber":5,"author":{"gitId":"-"},"content":"// Product screenshot goes here","lastModifiedDate":"2024-01-07","isFullCredit":false},{"lineNumber":6,"author":{"gitId":"-"},"content":"","lastModifiedDate":"2021-07-17","isFullCredit":false},{"lineNumber":7,"author":{"gitId":"-"},"content":"// Product intro goes here","lastModifiedDate":"2024-01-07","isFullCredit":false},{"lineNumber":8,"author":{"gitId":"-"},"content":"","lastModifiedDate":"2021-07-17","isFullCredit":false},{"lineNumber":9,"author":{"gitId":"-"},"content":"## Adding deadlines","lastModifiedDate":"2024-01-07","isFullCredit":false},{"lineNumber":10,"author":{"gitId":"-"},"content":"","lastModifiedDate":"2021-07-17","isFullCredit":false},{"lineNumber":11,"author":{"gitId":"-"},"content":"// Describe the action and its outcome.","lastModifiedDate":"2024-01-07","isFullCredit":false},{"lineNumber":12,"author":{"gitId":"-"},"content":"","lastModifiedDate":"2019-07-29","isFullCredit":false},{"lineNumber":13,"author":{"gitId":"-"},"content":"// Give examples of usage","lastModifiedDate":"2024-01-07","isFullCredit":false},{"lineNumber":14,"author":{"gitId":"-"},"content":"","lastModifiedDate":"2019-07-29","isFullCredit":false},{"lineNumber":15,"author":{"gitId":"-"},"content":"Example: `keyword (optional arguments)`","lastModifiedDate":"2024-01-07","isFullCredit":false},{"lineNumber":16,"author":{"gitId":"-"},"content":"","lastModifiedDate":"2019-07-29","isFullCredit":false},{"lineNumber":17,"author":{"gitId":"-"},"content":"// A description of the expected outcome goes here","lastModifiedDate":"2024-01-07","isFullCredit":false},{"lineNumber":18,"author":{"gitId":"-"},"content":"","lastModifiedDate":"2019-07-29","isFullCredit":false},{"lineNumber":19,"author":{"gitId":"-"},"content":"```","lastModifiedDate":"2024-01-07","isFullCredit":false},{"lineNumber":20,"author":{"gitId":"-"},"content":"expected output","lastModifiedDate":"2024-01-07","isFullCredit":false},{"lineNumber":21,"author":{"gitId":"-"},"content":"```","lastModifiedDate":"2024-01-07","isFullCredit":false},{"lineNumber":22,"author":{"gitId":"-"},"content":"","lastModifiedDate":"2019-07-29","isFullCredit":false},{"lineNumber":23,"author":{"gitId":"-"},"content":"## Feature ABC","lastModifiedDate":"2024-01-07","isFullCredit":false},{"lineNumber":24,"author":{"gitId":"-"},"content":"","lastModifiedDate":"2019-07-29","isFullCredit":false},{"lineNumber":25,"author":{"gitId":"-"},"content":"// Feature details","lastModifiedDate":"2024-01-07","isFullCredit":false},{"lineNumber":26,"author":{"gitId":"-"},"content":"","lastModifiedDate":"2019-07-29","isFullCredit":false},{"lineNumber":27,"author":{"gitId":"-"},"content":"","lastModifiedDate":"2021-07-17","isFullCredit":false},{"lineNumber":28,"author":{"gitId":"-"},"content":"## Feature XYZ","lastModifiedDate":"2024-01-07","isFullCredit":false},{"lineNumber":29,"author":{"gitId":"-"},"content":"","lastModifiedDate":"2024-01-07","isFullCredit":false},{"lineNumber":30,"author":{"gitId":"-"},"content":"// Feature details","lastModifiedDate":"2024-01-07","isFullCredit":false}],"authorContributionMap":{"thienkimtranhoang":1,"-":29}},{"path":"src/main/java/Deadline.java","fileType":"java","lines":[{"lineNumber":1,"author":{"gitId":"thienkimtranhoang"},"content":"public class Deadline extends Task {","lastModifiedDate":"2025-02-03","isFullCredit":false},{"lineNumber":2,"author":{"gitId":"thienkimtranhoang"},"content":"    private String by;","lastModifiedDate":"2025-02-03","isFullCredit":false},{"lineNumber":3,"author":{"gitId":"thienkimtranhoang"},"content":"","lastModifiedDate":"2025-02-03","isFullCredit":false},{"lineNumber":4,"author":{"gitId":"thienkimtranhoang"},"content":"    public Deadline(String description, String by) {","lastModifiedDate":"2025-02-03","isFullCredit":false},{"lineNumber":5,"author":{"gitId":"thienkimtranhoang"},"content":"        super(description);","lastModifiedDate":"2025-02-03","isFullCredit":false},{"lineNumber":6,"author":{"gitId":"thienkimtranhoang"},"content":"        this.by \u003d by;","lastModifiedDate":"2025-02-03","isFullCredit":false},{"lineNumber":7,"author":{"gitId":"thienkimtranhoang"},"content":"    }","lastModifiedDate":"2025-02-03","isFullCredit":false},{"lineNumber":8,"author":{"gitId":"thienkimtranhoang"},"content":"","lastModifiedDate":"2025-02-03","isFullCredit":false},{"lineNumber":9,"author":{"gitId":"thienkimtranhoang"},"content":"    @Override","lastModifiedDate":"2025-02-03","isFullCredit":false},{"lineNumber":10,"author":{"gitId":"thienkimtranhoang"},"content":"    public String toString() {","lastModifiedDate":"2025-02-03","isFullCredit":false},{"lineNumber":11,"author":{"gitId":"thienkimtranhoang"},"content":"        return \"[D]\" + super.toString() + \" (by: \" + by + \")\";","lastModifiedDate":"2025-02-03","isFullCredit":false},{"lineNumber":12,"author":{"gitId":"thienkimtranhoang"},"content":"    }","lastModifiedDate":"2025-02-03","isFullCredit":false},{"lineNumber":13,"author":{"gitId":"thienkimtranhoang"},"content":"}","lastModifiedDate":"2025-02-03","isFullCredit":false}],"authorContributionMap":{"thienkimtranhoang":13}},{"path":"src/main/java/Event.java","fileType":"java","lines":[{"lineNumber":1,"author":{"gitId":"thienkimtranhoang"},"content":"public class Event extends Task {","lastModifiedDate":"2025-02-03","isFullCredit":false},{"lineNumber":2,"author":{"gitId":"thienkimtranhoang"},"content":"    private String from;","lastModifiedDate":"2025-02-03","isFullCredit":false},{"lineNumber":3,"author":{"gitId":"thienkimtranhoang"},"content":"    private String to;","lastModifiedDate":"2025-02-03","isFullCredit":false},{"lineNumber":4,"author":{"gitId":"thienkimtranhoang"},"content":"","lastModifiedDate":"2025-02-03","isFullCredit":false},{"lineNumber":5,"author":{"gitId":"thienkimtranhoang"},"content":"    public Event(String description, String from, String to) {","lastModifiedDate":"2025-02-03","isFullCredit":false},{"lineNumber":6,"author":{"gitId":"thienkimtranhoang"},"content":"        super(description);","lastModifiedDate":"2025-02-03","isFullCredit":false},{"lineNumber":7,"author":{"gitId":"thienkimtranhoang"},"content":"        this.from \u003d from;","lastModifiedDate":"2025-02-03","isFullCredit":false},{"lineNumber":8,"author":{"gitId":"thienkimtranhoang"},"content":"        this.to \u003d to;","lastModifiedDate":"2025-02-03","isFullCredit":false},{"lineNumber":9,"author":{"gitId":"thienkimtranhoang"},"content":"    }","lastModifiedDate":"2025-02-03","isFullCredit":false},{"lineNumber":10,"author":{"gitId":"thienkimtranhoang"},"content":"","lastModifiedDate":"2025-02-03","isFullCredit":false},{"lineNumber":11,"author":{"gitId":"thienkimtranhoang"},"content":"    @Override","lastModifiedDate":"2025-02-03","isFullCredit":false},{"lineNumber":12,"author":{"gitId":"thienkimtranhoang"},"content":"    public String toString() {","lastModifiedDate":"2025-02-03","isFullCredit":false},{"lineNumber":13,"author":{"gitId":"thienkimtranhoang"},"content":"        return \"[E]\" + super.toString() + \" (from: \" + from + \" to: \" + to + \")\";","lastModifiedDate":"2025-02-03","isFullCredit":false},{"lineNumber":14,"author":{"gitId":"thienkimtranhoang"},"content":"    }","lastModifiedDate":"2025-02-03","isFullCredit":false},{"lineNumber":15,"author":{"gitId":"thienkimtranhoang"},"content":"}","lastModifiedDate":"2025-02-03","isFullCredit":false}],"authorContributionMap":{"thienkimtranhoang":15}},{"path":"src/main/java/Mimon.java","fileType":"java","lines":[{"lineNumber":1,"author":{"gitId":"thienkimtranhoang"},"content":"import java.util.Scanner;","lastModifiedDate":"2025-01-25","isFullCredit":false},{"lineNumber":2,"author":{"gitId":"thienkimtranhoang"},"content":"","lastModifiedDate":"2025-01-25","isFullCredit":false},{"lineNumber":3,"author":{"gitId":"thienkimtranhoang"},"content":"public class Mimon {","lastModifiedDate":"2025-02-03","isFullCredit":false},{"lineNumber":4,"author":{"gitId":"thienkimtranhoang"},"content":"    private static final int MAX_TASKS \u003d 100;","lastModifiedDate":"2025-02-07","isFullCredit":false},{"lineNumber":5,"author":{"gitId":"thienkimtranhoang"},"content":"    public static final String DASHED_LINE \u003d \"____________________________________________________________\";","lastModifiedDate":"2025-02-07","isFullCredit":false},{"lineNumber":6,"author":{"gitId":"thienkimtranhoang"},"content":"    private static Task[] tasks \u003d new Task[MAX_TASKS];","lastModifiedDate":"2025-02-07","isFullCredit":false},{"lineNumber":7,"author":{"gitId":"thienkimtranhoang"},"content":"    private static int taskCount \u003d 0;","lastModifiedDate":"2025-02-07","isFullCredit":false},{"lineNumber":8,"author":{"gitId":"thienkimtranhoang"},"content":"    private static Scanner scanner \u003d new Scanner(System.in);","lastModifiedDate":"2025-02-07","isFullCredit":false},{"lineNumber":9,"author":{"gitId":"thienkimtranhoang"},"content":"","lastModifiedDate":"2025-02-01","isFullCredit":false},{"lineNumber":10,"author":{"gitId":"thienkimtranhoang"},"content":"    public static void main(String[] args) {","lastModifiedDate":"2025-02-07","isFullCredit":false},{"lineNumber":11,"author":{"gitId":"thienkimtranhoang"},"content":"        printWelcomeMessage();","lastModifiedDate":"2025-02-07","isFullCredit":false},{"lineNumber":12,"author":{"gitId":"thienkimtranhoang"},"content":"","lastModifiedDate":"2025-01-25","isFullCredit":false},{"lineNumber":13,"author":{"gitId":"thienkimtranhoang"},"content":"        while (true) {","lastModifiedDate":"2025-02-01","isFullCredit":false},{"lineNumber":14,"author":{"gitId":"thienkimtranhoang"},"content":"            String userInput \u003d scanner.nextLine().trim();","lastModifiedDate":"2025-02-07","isFullCredit":false},{"lineNumber":15,"author":{"gitId":"thienkimtranhoang"},"content":"","lastModifiedDate":"2025-01-25","isFullCredit":false},{"lineNumber":16,"author":{"gitId":"thienkimtranhoang"},"content":"            if (userInput.equalsIgnoreCase(\"bye\")) {","lastModifiedDate":"2025-02-01","isFullCredit":false},{"lineNumber":17,"author":{"gitId":"thienkimtranhoang"},"content":"                printExitMessage();","lastModifiedDate":"2025-02-07","isFullCredit":false},{"lineNumber":18,"author":{"gitId":"thienkimtranhoang"},"content":"                break;","lastModifiedDate":"2025-02-01","isFullCredit":false},{"lineNumber":19,"author":{"gitId":"thienkimtranhoang"},"content":"            }","lastModifiedDate":"2025-02-01","isFullCredit":false},{"lineNumber":20,"author":{"gitId":"thienkimtranhoang"},"content":"","lastModifiedDate":"2025-02-01","isFullCredit":false},{"lineNumber":21,"author":{"gitId":"thienkimtranhoang"},"content":"            processUserCommand(userInput);","lastModifiedDate":"2025-02-07","isFullCredit":false},{"lineNumber":22,"author":{"gitId":"thienkimtranhoang"},"content":"        }","lastModifiedDate":"2025-02-07","isFullCredit":false},{"lineNumber":23,"author":{"gitId":"thienkimtranhoang"},"content":"    }","lastModifiedDate":"2025-02-07","isFullCredit":false},{"lineNumber":24,"author":{"gitId":"thienkimtranhoang"},"content":"","lastModifiedDate":"2025-02-07","isFullCredit":false},{"lineNumber":25,"author":{"gitId":"thienkimtranhoang"},"content":"    /**","lastModifiedDate":"2025-02-07","isFullCredit":false},{"lineNumber":26,"author":{"gitId":"thienkimtranhoang"},"content":"     * Processes user input and executes corresponding commands.","lastModifiedDate":"2025-02-07","isFullCredit":false},{"lineNumber":27,"author":{"gitId":"thienkimtranhoang"},"content":"     */","lastModifiedDate":"2025-02-07","isFullCredit":false},{"lineNumber":28,"author":{"gitId":"thienkimtranhoang"},"content":"    private static void processUserCommand(String userInput) {","lastModifiedDate":"2025-02-07","isFullCredit":false},{"lineNumber":29,"author":{"gitId":"thienkimtranhoang"},"content":"        if (userInput.equalsIgnoreCase(\"list\")) {","lastModifiedDate":"2025-02-01","isFullCredit":false},{"lineNumber":30,"author":{"gitId":"thienkimtranhoang"},"content":"            listTasks();","lastModifiedDate":"2025-02-07","isFullCredit":false},{"lineNumber":31,"author":{"gitId":"thienkimtranhoang"},"content":"        } else if (userInput.startsWith(\"mark \")) {","lastModifiedDate":"2025-02-07","isFullCredit":false},{"lineNumber":32,"author":{"gitId":"thienkimtranhoang"},"content":"            markTask(userInput, true);","lastModifiedDate":"2025-02-07","isFullCredit":false},{"lineNumber":33,"author":{"gitId":"thienkimtranhoang"},"content":"        } else if (userInput.startsWith(\"unmark \")) {","lastModifiedDate":"2025-02-07","isFullCredit":false},{"lineNumber":34,"author":{"gitId":"thienkimtranhoang"},"content":"            markTask(userInput, false);","lastModifiedDate":"2025-02-07","isFullCredit":false},{"lineNumber":35,"author":{"gitId":"thienkimtranhoang"},"content":"        } else if (userInput.startsWith(\"todo \")) {","lastModifiedDate":"2025-02-07","isFullCredit":false},{"lineNumber":36,"author":{"gitId":"thienkimtranhoang"},"content":"            addTodoTask(userInput.substring(5));","lastModifiedDate":"2025-02-07","isFullCredit":false},{"lineNumber":37,"author":{"gitId":"thienkimtranhoang"},"content":"        } else if (userInput.startsWith(\"deadline \")) {","lastModifiedDate":"2025-02-07","isFullCredit":false},{"lineNumber":38,"author":{"gitId":"thienkimtranhoang"},"content":"            addDeadlineTask(userInput.substring(9));","lastModifiedDate":"2025-02-07","isFullCredit":false},{"lineNumber":39,"author":{"gitId":"thienkimtranhoang"},"content":"        } else if (userInput.startsWith(\"event \")) {","lastModifiedDate":"2025-02-07","isFullCredit":false},{"lineNumber":40,"author":{"gitId":"thienkimtranhoang"},"content":"            addEventTask(userInput.substring(6));","lastModifiedDate":"2025-02-07","isFullCredit":false},{"lineNumber":41,"author":{"gitId":"thienkimtranhoang"},"content":"        } else {","lastModifiedDate":"2025-02-07","isFullCredit":false},{"lineNumber":42,"author":{"gitId":"thienkimtranhoang"},"content":"            System.out.println(\"Invalid command. Try again.\");","lastModifiedDate":"2025-02-07","isFullCredit":false},{"lineNumber":43,"author":{"gitId":"thienkimtranhoang"},"content":"        }","lastModifiedDate":"2025-02-07","isFullCredit":false},{"lineNumber":44,"author":{"gitId":"thienkimtranhoang"},"content":"    }","lastModifiedDate":"2025-02-07","isFullCredit":false},{"lineNumber":45,"author":{"gitId":"thienkimtranhoang"},"content":"","lastModifiedDate":"2025-02-07","isFullCredit":false},{"lineNumber":46,"author":{"gitId":"thienkimtranhoang"},"content":"    /**","lastModifiedDate":"2025-02-07","isFullCredit":false},{"lineNumber":47,"author":{"gitId":"thienkimtranhoang"},"content":"     * Prints the welcome message when the application starts.","lastModifiedDate":"2025-02-07","isFullCredit":false},{"lineNumber":48,"author":{"gitId":"thienkimtranhoang"},"content":"     */","lastModifiedDate":"2025-02-07","isFullCredit":false},{"lineNumber":49,"author":{"gitId":"thienkimtranhoang"},"content":"    private static void printWelcomeMessage() {","lastModifiedDate":"2025-02-07","isFullCredit":false},{"lineNumber":50,"author":{"gitId":"thienkimtranhoang"},"content":"        System.out.println(DASHED_LINE);","lastModifiedDate":"2025-02-07","isFullCredit":false},{"lineNumber":51,"author":{"gitId":"thienkimtranhoang"},"content":"        System.out.println(\"Hello! I\u0027m Mimon\");","lastModifiedDate":"2025-02-07","isFullCredit":false},{"lineNumber":52,"author":{"gitId":"thienkimtranhoang"},"content":"        System.out.println(\"What can I do for you?\");","lastModifiedDate":"2025-02-07","isFullCredit":false},{"lineNumber":53,"author":{"gitId":"thienkimtranhoang"},"content":"        System.out.println(DASHED_LINE);","lastModifiedDate":"2025-02-07","isFullCredit":false},{"lineNumber":54,"author":{"gitId":"thienkimtranhoang"},"content":"    }","lastModifiedDate":"2025-02-07","isFullCredit":false},{"lineNumber":55,"author":{"gitId":"thienkimtranhoang"},"content":"","lastModifiedDate":"2025-02-07","isFullCredit":false},{"lineNumber":56,"author":{"gitId":"thienkimtranhoang"},"content":"    /**","lastModifiedDate":"2025-02-07","isFullCredit":false},{"lineNumber":57,"author":{"gitId":"thienkimtranhoang"},"content":"     * Prints the exit message when the user quits the application.","lastModifiedDate":"2025-02-07","isFullCredit":false},{"lineNumber":58,"author":{"gitId":"thienkimtranhoang"},"content":"     */","lastModifiedDate":"2025-02-07","isFullCredit":false},{"lineNumber":59,"author":{"gitId":"thienkimtranhoang"},"content":"    private static void printExitMessage() {","lastModifiedDate":"2025-02-07","isFullCredit":false},{"lineNumber":60,"author":{"gitId":"thienkimtranhoang"},"content":"        System.out.println(DASHED_LINE);","lastModifiedDate":"2025-02-07","isFullCredit":false},{"lineNumber":61,"author":{"gitId":"thienkimtranhoang"},"content":"        System.out.println(\"Bye. Hope to see you again soon!\");","lastModifiedDate":"2025-02-07","isFullCredit":false},{"lineNumber":62,"author":{"gitId":"thienkimtranhoang"},"content":"        System.out.println(DASHED_LINE);","lastModifiedDate":"2025-02-07","isFullCredit":false},{"lineNumber":63,"author":{"gitId":"thienkimtranhoang"},"content":"    }","lastModifiedDate":"2025-02-07","isFullCredit":false},{"lineNumber":64,"author":{"gitId":"thienkimtranhoang"},"content":"","lastModifiedDate":"2025-02-07","isFullCredit":false},{"lineNumber":65,"author":{"gitId":"thienkimtranhoang"},"content":"    /**","lastModifiedDate":"2025-02-07","isFullCredit":false},{"lineNumber":66,"author":{"gitId":"thienkimtranhoang"},"content":"     * Lists all tasks stored in the task array.","lastModifiedDate":"2025-02-07","isFullCredit":false},{"lineNumber":67,"author":{"gitId":"thienkimtranhoang"},"content":"     */","lastModifiedDate":"2025-02-07","isFullCredit":false},{"lineNumber":68,"author":{"gitId":"thienkimtranhoang"},"content":"    private static void listTasks() {","lastModifiedDate":"2025-02-07","isFullCredit":false},{"lineNumber":69,"author":{"gitId":"thienkimtranhoang"},"content":"        System.out.println(DASHED_LINE);","lastModifiedDate":"2025-02-07","isFullCredit":false},{"lineNumber":70,"author":{"gitId":"thienkimtranhoang"},"content":"        System.out.println(\"Here are the tasks in your list:\");","lastModifiedDate":"2025-02-01","isFullCredit":false},{"lineNumber":71,"author":{"gitId":"thienkimtranhoang"},"content":"        if (taskCount \u003d\u003d 0) {","lastModifiedDate":"2025-02-01","isFullCredit":false},{"lineNumber":72,"author":{"gitId":"thienkimtranhoang"},"content":"            System.out.println(\"No tasks added yet.\");","lastModifiedDate":"2025-02-01","isFullCredit":false},{"lineNumber":73,"author":{"gitId":"thienkimtranhoang"},"content":"        } else {","lastModifiedDate":"2025-02-01","isFullCredit":false},{"lineNumber":74,"author":{"gitId":"thienkimtranhoang"},"content":"            for (int i \u003d 0; i \u003c taskCount; i++) {","lastModifiedDate":"2025-02-01","isFullCredit":false},{"lineNumber":75,"author":{"gitId":"thienkimtranhoang"},"content":"                System.out.println((i + 1) + \". \" + tasks[i]);","lastModifiedDate":"2025-02-01","isFullCredit":false},{"lineNumber":76,"author":{"gitId":"thienkimtranhoang"},"content":"            }","lastModifiedDate":"2025-02-01","isFullCredit":false},{"lineNumber":77,"author":{"gitId":"thienkimtranhoang"},"content":"        }","lastModifiedDate":"2025-02-01","isFullCredit":false},{"lineNumber":78,"author":{"gitId":"thienkimtranhoang"},"content":"        System.out.println(DASHED_LINE);","lastModifiedDate":"2025-02-07","isFullCredit":false},{"lineNumber":79,"author":{"gitId":"thienkimtranhoang"},"content":"    }","lastModifiedDate":"2025-02-01","isFullCredit":false},{"lineNumber":80,"author":{"gitId":"thienkimtranhoang"},"content":"","lastModifiedDate":"2025-02-01","isFullCredit":false},{"lineNumber":81,"author":{"gitId":"thienkimtranhoang"},"content":"    /**","lastModifiedDate":"2025-02-07","isFullCredit":false},{"lineNumber":82,"author":{"gitId":"thienkimtranhoang"},"content":"     * Marks or unmarks a task as done or not done.","lastModifiedDate":"2025-02-07","isFullCredit":false},{"lineNumber":83,"author":{"gitId":"thienkimtranhoang"},"content":"     * @param userInput The user command specifying which task to mark/unmark.","lastModifiedDate":"2025-02-07","isFullCredit":false},{"lineNumber":84,"author":{"gitId":"thienkimtranhoang"},"content":"     * @param isDone Boolean flag indicating whether to mark or unmark the task.","lastModifiedDate":"2025-02-07","isFullCredit":false},{"lineNumber":85,"author":{"gitId":"thienkimtranhoang"},"content":"     */","lastModifiedDate":"2025-02-07","isFullCredit":false},{"lineNumber":86,"author":{"gitId":"thienkimtranhoang"},"content":"    private static void markTask(String userInput, boolean isDone) {","lastModifiedDate":"2025-02-07","isFullCredit":false},{"lineNumber":87,"author":{"gitId":"thienkimtranhoang"},"content":"        try {","lastModifiedDate":"2025-02-07","isFullCredit":false},{"lineNumber":88,"author":{"gitId":"thienkimtranhoang"},"content":"            int taskIndex \u003d Integer.parseInt(userInput.split(\" \")[1]) - 1;","lastModifiedDate":"2025-02-07","isFullCredit":false},{"lineNumber":89,"author":{"gitId":"thienkimtranhoang"},"content":"            if (taskIndex \u003e\u003d 0 \u0026\u0026 taskIndex \u003c taskCount) {","lastModifiedDate":"2025-02-01","isFullCredit":false},{"lineNumber":90,"author":{"gitId":"thienkimtranhoang"},"content":"                if (isDone) {","lastModifiedDate":"2025-02-07","isFullCredit":false},{"lineNumber":91,"author":{"gitId":"thienkimtranhoang"},"content":"                    tasks[taskIndex].markAsDone();","lastModifiedDate":"2025-02-01","isFullCredit":false},{"lineNumber":92,"author":{"gitId":"thienkimtranhoang"},"content":"                    System.out.println(DASHED_LINE);","lastModifiedDate":"2025-02-07","isFullCredit":false},{"lineNumber":93,"author":{"gitId":"thienkimtranhoang"},"content":"                    System.out.println(\"Nice! I\u0027ve marked this task as done:\");","lastModifiedDate":"2025-02-01","isFullCredit":false},{"lineNumber":94,"author":{"gitId":"thienkimtranhoang"},"content":"                } else {","lastModifiedDate":"2025-02-07","isFullCredit":false},{"lineNumber":95,"author":{"gitId":"thienkimtranhoang"},"content":"                    tasks[taskIndex].markAsNotDone();","lastModifiedDate":"2025-02-07","isFullCredit":false},{"lineNumber":96,"author":{"gitId":"thienkimtranhoang"},"content":"                    System.out.println(DASHED_LINE);","lastModifiedDate":"2025-02-07","isFullCredit":false},{"lineNumber":97,"author":{"gitId":"thienkimtranhoang"},"content":"                    System.out.println(\"OK, I\u0027ve marked this task as not done yet:\");","lastModifiedDate":"2025-02-07","isFullCredit":false},{"lineNumber":98,"author":{"gitId":"thienkimtranhoang"},"content":"                }","lastModifiedDate":"2025-02-07","isFullCredit":false},{"lineNumber":99,"author":{"gitId":"thienkimtranhoang"},"content":"                System.out.println(\"  \" + tasks[taskIndex]);","lastModifiedDate":"2025-02-01","isFullCredit":false},{"lineNumber":100,"author":{"gitId":"thienkimtranhoang"},"content":"                System.out.println(DASHED_LINE);","lastModifiedDate":"2025-02-07","isFullCredit":false},{"lineNumber":101,"author":{"gitId":"thienkimtranhoang"},"content":"            } else {","lastModifiedDate":"2025-02-07","isFullCredit":false},{"lineNumber":102,"author":{"gitId":"thienkimtranhoang"},"content":"                System.out.println(\"Invalid task number.\");","lastModifiedDate":"2025-02-07","isFullCredit":false},{"lineNumber":103,"author":{"gitId":"thienkimtranhoang"},"content":"            }","lastModifiedDate":"2025-02-07","isFullCredit":false},{"lineNumber":104,"author":{"gitId":"thienkimtranhoang"},"content":"        } catch (NumberFormatException e) {","lastModifiedDate":"2025-02-07","isFullCredit":false},{"lineNumber":105,"author":{"gitId":"thienkimtranhoang"},"content":"            System.out.println(\"Invalid command format. Use: mark/unmark \u003ctask_number\u003e\");","lastModifiedDate":"2025-02-07","isFullCredit":false},{"lineNumber":106,"author":{"gitId":"thienkimtranhoang"},"content":"        }","lastModifiedDate":"2025-02-01","isFullCredit":false},{"lineNumber":107,"author":{"gitId":"thienkimtranhoang"},"content":"    }","lastModifiedDate":"2025-02-01","isFullCredit":false},{"lineNumber":108,"author":{"gitId":"thienkimtranhoang"},"content":"","lastModifiedDate":"2025-01-25","isFullCredit":false},{"lineNumber":109,"author":{"gitId":"thienkimtranhoang"},"content":"    /**","lastModifiedDate":"2025-02-07","isFullCredit":false},{"lineNumber":110,"author":{"gitId":"thienkimtranhoang"},"content":"     * Adds a new To-Do task to the task list.","lastModifiedDate":"2025-02-07","isFullCredit":false},{"lineNumber":111,"author":{"gitId":"thienkimtranhoang"},"content":"     * @param description The description of the to-do task.","lastModifiedDate":"2025-02-07","isFullCredit":false},{"lineNumber":112,"author":{"gitId":"thienkimtranhoang"},"content":"     */","lastModifiedDate":"2025-02-07","isFullCredit":false},{"lineNumber":113,"author":{"gitId":"thienkimtranhoang"},"content":"    private static void addTodoTask(String description) {","lastModifiedDate":"2025-02-07","isFullCredit":false},{"lineNumber":114,"author":{"gitId":"thienkimtranhoang"},"content":"        addTask(new Todo(description));","lastModifiedDate":"2025-02-07","isFullCredit":false},{"lineNumber":115,"author":{"gitId":"thienkimtranhoang"},"content":"    }","lastModifiedDate":"2025-02-07","isFullCredit":false},{"lineNumber":116,"author":{"gitId":"thienkimtranhoang"},"content":"","lastModifiedDate":"2025-02-07","isFullCredit":false},{"lineNumber":117,"author":{"gitId":"thienkimtranhoang"},"content":"    /**","lastModifiedDate":"2025-02-07","isFullCredit":false},{"lineNumber":118,"author":{"gitId":"thienkimtranhoang"},"content":"     * Adds a new Deadline task to the task list.","lastModifiedDate":"2025-02-07","isFullCredit":false},{"lineNumber":119,"author":{"gitId":"thienkimtranhoang"},"content":"     * @param input The user input containing the task description and due date.","lastModifiedDate":"2025-02-07","isFullCredit":false},{"lineNumber":120,"author":{"gitId":"thienkimtranhoang"},"content":"     */","lastModifiedDate":"2025-02-07","isFullCredit":false},{"lineNumber":121,"author":{"gitId":"thienkimtranhoang"},"content":"    private static void addDeadlineTask(String input) {","lastModifiedDate":"2025-02-07","isFullCredit":false},{"lineNumber":122,"author":{"gitId":"thienkimtranhoang"},"content":"        String[] parts \u003d input.split(\" /by \", 2);","lastModifiedDate":"2025-02-07","isFullCredit":false},{"lineNumber":123,"author":{"gitId":"thienkimtranhoang"},"content":"        if (parts.length \u003c 2) {","lastModifiedDate":"2025-02-07","isFullCredit":false},{"lineNumber":124,"author":{"gitId":"thienkimtranhoang"},"content":"            System.out.println(\"Invalid deadline format. Use: deadline description /by DATE\");","lastModifiedDate":"2025-02-07","isFullCredit":false},{"lineNumber":125,"author":{"gitId":"thienkimtranhoang"},"content":"            return;","lastModifiedDate":"2025-02-07","isFullCredit":false},{"lineNumber":126,"author":{"gitId":"thienkimtranhoang"},"content":"        }","lastModifiedDate":"2025-02-01","isFullCredit":false},{"lineNumber":127,"author":{"gitId":"thienkimtranhoang"},"content":"        addTask(new Deadline(parts[0], parts[1]));","lastModifiedDate":"2025-02-07","isFullCredit":false},{"lineNumber":128,"author":{"gitId":"thienkimtranhoang"},"content":"    }","lastModifiedDate":"2025-02-01","isFullCredit":false},{"lineNumber":129,"author":{"gitId":"thienkimtranhoang"},"content":"","lastModifiedDate":"2025-02-01","isFullCredit":false},{"lineNumber":130,"author":{"gitId":"thienkimtranhoang"},"content":"    /**","lastModifiedDate":"2025-02-07","isFullCredit":false},{"lineNumber":131,"author":{"gitId":"thienkimtranhoang"},"content":"     * Adds a new Event task to the task list.","lastModifiedDate":"2025-02-07","isFullCredit":false},{"lineNumber":132,"author":{"gitId":"thienkimtranhoang"},"content":"     * @param input The user input containing the event description, start, and end times.","lastModifiedDate":"2025-02-07","isFullCredit":false},{"lineNumber":133,"author":{"gitId":"thienkimtranhoang"},"content":"     */","lastModifiedDate":"2025-02-07","isFullCredit":false},{"lineNumber":134,"author":{"gitId":"thienkimtranhoang"},"content":"    private static void addEventTask(String input) {","lastModifiedDate":"2025-02-07","isFullCredit":false},{"lineNumber":135,"author":{"gitId":"thienkimtranhoang"},"content":"        String[] parts \u003d input.split(\" /from | /to \", 3);","lastModifiedDate":"2025-02-07","isFullCredit":false},{"lineNumber":136,"author":{"gitId":"thienkimtranhoang"},"content":"        if (parts.length \u003c 3) {","lastModifiedDate":"2025-02-07","isFullCredit":false},{"lineNumber":137,"author":{"gitId":"thienkimtranhoang"},"content":"            System.out.println(\"Invalid event format. Use: event description /from START /to END\");","lastModifiedDate":"2025-02-03","isFullCredit":false},{"lineNumber":138,"author":{"gitId":"thienkimtranhoang"},"content":"            return;","lastModifiedDate":"2025-02-07","isFullCredit":false},{"lineNumber":139,"author":{"gitId":"thienkimtranhoang"},"content":"        }","lastModifiedDate":"2025-02-03","isFullCredit":false},{"lineNumber":140,"author":{"gitId":"thienkimtranhoang"},"content":"        addTask(new Event(parts[0], parts[1], parts[2]));","lastModifiedDate":"2025-02-07","isFullCredit":false},{"lineNumber":141,"author":{"gitId":"thienkimtranhoang"},"content":"    }","lastModifiedDate":"2025-02-03","isFullCredit":false},{"lineNumber":142,"author":{"gitId":"thienkimtranhoang"},"content":"","lastModifiedDate":"2025-02-01","isFullCredit":false},{"lineNumber":143,"author":{"gitId":"thienkimtranhoang"},"content":"    /**","lastModifiedDate":"2025-02-07","isFullCredit":false},{"lineNumber":144,"author":{"gitId":"thienkimtranhoang"},"content":"     * Adds a new task to the task list.","lastModifiedDate":"2025-02-07","isFullCredit":false},{"lineNumber":145,"author":{"gitId":"thienkimtranhoang"},"content":"     * @param task The task object to be added.","lastModifiedDate":"2025-02-07","isFullCredit":false},{"lineNumber":146,"author":{"gitId":"thienkimtranhoang"},"content":"     */","lastModifiedDate":"2025-02-07","isFullCredit":false},{"lineNumber":147,"author":{"gitId":"thienkimtranhoang"},"content":"    private static void addTask(Task task) {","lastModifiedDate":"2025-02-07","isFullCredit":false},{"lineNumber":148,"author":{"gitId":"thienkimtranhoang"},"content":"        if (taskCount \u003e\u003d MAX_TASKS) {","lastModifiedDate":"2025-02-07","isFullCredit":false},{"lineNumber":149,"author":{"gitId":"thienkimtranhoang"},"content":"            System.out.println(\"Task list is full! Cannot add more tasks.\");","lastModifiedDate":"2025-02-07","isFullCredit":false},{"lineNumber":150,"author":{"gitId":"thienkimtranhoang"},"content":"            return;","lastModifiedDate":"2025-02-07","isFullCredit":false},{"lineNumber":151,"author":{"gitId":"thienkimtranhoang"},"content":"        }","lastModifiedDate":"2025-02-07","isFullCredit":false},{"lineNumber":152,"author":{"gitId":"thienkimtranhoang"},"content":"        tasks[taskCount++] \u003d task;","lastModifiedDate":"2025-02-07","isFullCredit":false},{"lineNumber":153,"author":{"gitId":"thienkimtranhoang"},"content":"        System.out.println(DASHED_LINE);","lastModifiedDate":"2025-02-07","isFullCredit":false},{"lineNumber":154,"author":{"gitId":"thienkimtranhoang"},"content":"        System.out.println(\"Got it. I\u0027ve added this task:\");","lastModifiedDate":"2025-02-03","isFullCredit":false},{"lineNumber":155,"author":{"gitId":"thienkimtranhoang"},"content":"        System.out.println(\"  \" + task);","lastModifiedDate":"2025-02-07","isFullCredit":false},{"lineNumber":156,"author":{"gitId":"thienkimtranhoang"},"content":"        System.out.println(\"Now you have \" + taskCount + \" tasks in the list.\");","lastModifiedDate":"2025-02-03","isFullCredit":false},{"lineNumber":157,"author":{"gitId":"thienkimtranhoang"},"content":"        System.out.println(DASHED_LINE);","lastModifiedDate":"2025-02-07","isFullCredit":false},{"lineNumber":158,"author":{"gitId":"-"},"content":"    }","lastModifiedDate":"2019-07-29","isFullCredit":false},{"lineNumber":159,"author":{"gitId":"-"},"content":"}","lastModifiedDate":"2019-07-29","isFullCredit":false}],"authorContributionMap":{"thienkimtranhoang":157,"-":2}},{"path":"src/main/java/Task.java","fileType":"java","lines":[{"lineNumber":1,"author":{"gitId":"thienkimtranhoang"},"content":"public class Task {","lastModifiedDate":"2025-02-01","isFullCredit":false},{"lineNumber":2,"author":{"gitId":"thienkimtranhoang"},"content":"    protected String description;","lastModifiedDate":"2025-02-03","isFullCredit":false},{"lineNumber":3,"author":{"gitId":"thienkimtranhoang"},"content":"    protected boolean isDone;","lastModifiedDate":"2025-02-03","isFullCredit":false},{"lineNumber":4,"author":{"gitId":"thienkimtranhoang"},"content":"","lastModifiedDate":"2025-02-01","isFullCredit":false},{"lineNumber":5,"author":{"gitId":"thienkimtranhoang"},"content":"    public Task(String description) {","lastModifiedDate":"2025-02-03","isFullCredit":false},{"lineNumber":6,"author":{"gitId":"thienkimtranhoang"},"content":"        this.description \u003d description;","lastModifiedDate":"2025-02-01","isFullCredit":false},{"lineNumber":7,"author":{"gitId":"thienkimtranhoang"},"content":"        this.isDone \u003d false;","lastModifiedDate":"2025-02-03","isFullCredit":false},{"lineNumber":8,"author":{"gitId":"thienkimtranhoang"},"content":"    }","lastModifiedDate":"2025-02-01","isFullCredit":false},{"lineNumber":9,"author":{"gitId":"thienkimtranhoang"},"content":"","lastModifiedDate":"2025-02-01","isFullCredit":false},{"lineNumber":10,"author":{"gitId":"thienkimtranhoang"},"content":"    public String getStatusIcon() {","lastModifiedDate":"2025-02-01","isFullCredit":false},{"lineNumber":11,"author":{"gitId":"thienkimtranhoang"},"content":"        return (isDone ? \"[X]\" : \"[ ]\");","lastModifiedDate":"2025-02-01","isFullCredit":false},{"lineNumber":12,"author":{"gitId":"thienkimtranhoang"},"content":"    }","lastModifiedDate":"2025-02-01","isFullCredit":false},{"lineNumber":13,"author":{"gitId":"thienkimtranhoang"},"content":"","lastModifiedDate":"2025-02-01","isFullCredit":false},{"lineNumber":14,"author":{"gitId":"thienkimtranhoang"},"content":"    public void markAsDone() {","lastModifiedDate":"2025-02-01","isFullCredit":false},{"lineNumber":15,"author":{"gitId":"thienkimtranhoang"},"content":"        this.isDone \u003d true;","lastModifiedDate":"2025-02-01","isFullCredit":false},{"lineNumber":16,"author":{"gitId":"thienkimtranhoang"},"content":"    }","lastModifiedDate":"2025-02-01","isFullCredit":false},{"lineNumber":17,"author":{"gitId":"thienkimtranhoang"},"content":"","lastModifiedDate":"2025-02-01","isFullCredit":false},{"lineNumber":18,"author":{"gitId":"thienkimtranhoang"},"content":"    public void markAsNotDone() {","lastModifiedDate":"2025-02-01","isFullCredit":false},{"lineNumber":19,"author":{"gitId":"thienkimtranhoang"},"content":"        this.isDone \u003d false;","lastModifiedDate":"2025-02-01","isFullCredit":false},{"lineNumber":20,"author":{"gitId":"thienkimtranhoang"},"content":"    }","lastModifiedDate":"2025-02-01","isFullCredit":false},{"lineNumber":21,"author":{"gitId":"thienkimtranhoang"},"content":"","lastModifiedDate":"2025-02-01","isFullCredit":false},{"lineNumber":22,"author":{"gitId":"thienkimtranhoang"},"content":"    @Override","lastModifiedDate":"2025-02-03","isFullCredit":false},{"lineNumber":23,"author":{"gitId":"thienkimtranhoang"},"content":"    public String toString() {","lastModifiedDate":"2025-02-01","isFullCredit":false},{"lineNumber":24,"author":{"gitId":"thienkimtranhoang"},"content":"        return getStatusIcon() + \" \" + description;","lastModifiedDate":"2025-02-03","isFullCredit":false},{"lineNumber":25,"author":{"gitId":"thienkimtranhoang"},"content":"    }","lastModifiedDate":"2025-02-01","isFullCredit":false},{"lineNumber":26,"author":{"gitId":"thienkimtranhoang"},"content":"}","lastModifiedDate":"2025-02-01","isFullCredit":false}],"authorContributionMap":{"thienkimtranhoang":26}},{"path":"src/main/java/Todo.java","fileType":"java","lines":[{"lineNumber":1,"author":{"gitId":"thienkimtranhoang"},"content":"public class Todo extends Task {","lastModifiedDate":"2025-02-03","isFullCredit":false},{"lineNumber":2,"author":{"gitId":"thienkimtranhoang"},"content":"    public Todo(String description) {","lastModifiedDate":"2025-02-03","isFullCredit":false},{"lineNumber":3,"author":{"gitId":"thienkimtranhoang"},"content":"        super(description);","lastModifiedDate":"2025-02-03","isFullCredit":false},{"lineNumber":4,"author":{"gitId":"thienkimtranhoang"},"content":"    }","lastModifiedDate":"2025-02-03","isFullCredit":false},{"lineNumber":5,"author":{"gitId":"thienkimtranhoang"},"content":"","lastModifiedDate":"2025-02-03","isFullCredit":false},{"lineNumber":6,"author":{"gitId":"thienkimtranhoang"},"content":"    @Override","lastModifiedDate":"2025-02-03","isFullCredit":false},{"lineNumber":7,"author":{"gitId":"thienkimtranhoang"},"content":"    public String toString() {","lastModifiedDate":"2025-02-03","isFullCredit":false},{"lineNumber":8,"author":{"gitId":"thienkimtranhoang"},"content":"        return \"[T]\" + super.toString();","lastModifiedDate":"2025-02-03","isFullCredit":false},{"lineNumber":9,"author":{"gitId":"thienkimtranhoang"},"content":"    }","lastModifiedDate":"2025-02-03","isFullCredit":false},{"lineNumber":10,"author":{"gitId":"thienkimtranhoang"},"content":"}","lastModifiedDate":"2025-02-03","isFullCredit":false}],"authorContributionMap":{"thienkimtranhoang":10}},{"path":"text-ui-test/input.txt","fileType":"txt","lines":[{"lineNumber":1,"author":{"gitId":"thienkimtranhoang"},"content":"todo read book","lastModifiedDate":"2025-02-03","isFullCredit":false},{"lineNumber":2,"author":{"gitId":"thienkimtranhoang"},"content":"deadline return book /by Sunday","lastModifiedDate":"2025-02-03","isFullCredit":false},{"lineNumber":3,"author":{"gitId":"thienkimtranhoang"},"content":"event project meeting /from Monday /to Tuesday","lastModifiedDate":"2025-02-03","isFullCredit":false},{"lineNumber":4,"author":{"gitId":"thienkimtranhoang"},"content":"list","lastModifiedDate":"2025-02-03","isFullCredit":false},{"lineNumber":5,"author":{"gitId":"thienkimtranhoang"},"content":"mark 1","lastModifiedDate":"2025-02-03","isFullCredit":false},{"lineNumber":6,"author":{"gitId":"thienkimtranhoang"},"content":"unmark 1","lastModifiedDate":"2025-02-03","isFullCredit":false},{"lineNumber":7,"author":{"gitId":"thienkimtranhoang"},"content":"bye","lastModifiedDate":"2025-02-03","isFullCredit":false}],"authorContributionMap":{"thienkimtranhoang":7}},{"path":"text-ui-test/runtest.bat","fileType":"bat","lines":[{"lineNumber":1,"author":{"gitId":"-"},"content":"@ECHO OFF","lastModifiedDate":"2020-05-25","isFullCredit":false},{"lineNumber":2,"author":{"gitId":"-"},"content":"","lastModifiedDate":"2020-05-25","isFullCredit":false},{"lineNumber":3,"author":{"gitId":"-"},"content":"REM create bin directory if it doesn\u0027t exist","lastModifiedDate":"2020-05-25","isFullCredit":false},{"lineNumber":4,"author":{"gitId":"-"},"content":"if not exist ..\\bin mkdir ..\\bin","lastModifiedDate":"2020-05-25","isFullCredit":false},{"lineNumber":5,"author":{"gitId":"-"},"content":"","lastModifiedDate":"2020-05-25","isFullCredit":false},{"lineNumber":6,"author":{"gitId":"-"},"content":"REM delete output from previous run","lastModifiedDate":"2020-05-25","isFullCredit":false},{"lineNumber":7,"author":{"gitId":"-"},"content":"if exist ACTUAL.TXT del ACTUAL.TXT","lastModifiedDate":"2020-08-25","isFullCredit":false},{"lineNumber":8,"author":{"gitId":"-"},"content":"","lastModifiedDate":"2020-05-25","isFullCredit":false},{"lineNumber":9,"author":{"gitId":"-"},"content":"REM compile the code into the bin folder","lastModifiedDate":"2020-05-25","isFullCredit":false},{"lineNumber":10,"author":{"gitId":"-"},"content":"javac  -cp ..\\src\\main\\java -Xlint:none -d ..\\bin ..\\src\\main\\java\\*.java","lastModifiedDate":"2020-08-25","isFullCredit":false},{"lineNumber":11,"author":{"gitId":"-"},"content":"IF ERRORLEVEL 1 (","lastModifiedDate":"2020-05-25","isFullCredit":false},{"lineNumber":12,"author":{"gitId":"-"},"content":"    echo ********** BUILD FAILURE **********","lastModifiedDate":"2020-05-25","isFullCredit":false},{"lineNumber":13,"author":{"gitId":"-"},"content":"    exit /b 1","lastModifiedDate":"2020-05-25","isFullCredit":false},{"lineNumber":14,"author":{"gitId":"-"},"content":")","lastModifiedDate":"2020-05-25","isFullCredit":false},{"lineNumber":15,"author":{"gitId":"-"},"content":"REM no error here, errorlevel \u003d\u003d 0","lastModifiedDate":"2020-05-25","isFullCredit":false},{"lineNumber":16,"author":{"gitId":"-"},"content":"","lastModifiedDate":"2020-05-25","isFullCredit":false},{"lineNumber":17,"author":{"gitId":"-"},"content":"REM run the program, feed commands from input.txt file and redirect the output to the ACTUAL.TXT","lastModifiedDate":"2020-05-25","isFullCredit":false},{"lineNumber":18,"author":{"gitId":"thienkimtranhoang"},"content":"java -classpath ..\\bin Mimon \u003c input.txt \u003e ACTUAL.TXT","lastModifiedDate":"2025-02-03","isFullCredit":false},{"lineNumber":19,"author":{"gitId":"-"},"content":"","lastModifiedDate":"2020-05-25","isFullCredit":false},{"lineNumber":20,"author":{"gitId":"-"},"content":"REM compare the output to the expected output","lastModifiedDate":"2020-05-25","isFullCredit":false},{"lineNumber":21,"author":{"gitId":"-"},"content":"FC ACTUAL.TXT EXPECTED.TXT","lastModifiedDate":"2020-05-25","isFullCredit":false}],"authorContributionMap":{"thienkimtranhoang":1,"-":20}}]
