[{"path":"src/main/java/Nyani.java","fileType":"java","lines":[{"lineNumber":1,"author":{"gitId":"hannahtay"},"content":"import java.util.Scanner;","lastModifiedDate":"2025-01-31","isFullCredit":false},{"lineNumber":2,"author":{"gitId":"hannahtay"},"content":"","lastModifiedDate":"2025-01-31","isFullCredit":false},{"lineNumber":3,"author":{"gitId":"hannahtay"},"content":"public class Nyani {","lastModifiedDate":"2025-01-22","isFullCredit":false},{"lineNumber":4,"author":{"gitId":"hannahtay"},"content":"    public static void main(String[] args) {","lastModifiedDate":"2025-01-22","isFullCredit":false},{"lineNumber":5,"author":{"gitId":"hannahtay"},"content":"        Scanner sc \u003d new Scanner(System.in);","lastModifiedDate":"2025-01-31","isFullCredit":false},{"lineNumber":6,"author":{"gitId":"hannahtay"},"content":"        sysMsgs systemOut \u003d new sysMsgs();","lastModifiedDate":"2025-01-31","isFullCredit":false},{"lineNumber":7,"author":{"gitId":"hannahtay"},"content":"        systemOut.showIntro();","lastModifiedDate":"2025-01-31","isFullCredit":false},{"lineNumber":8,"author":{"gitId":"hannahtay"},"content":"        todoList toDo \u003d new todoList();","lastModifiedDate":"2025-01-31","isFullCredit":false},{"lineNumber":9,"author":{"gitId":"hannahtay"},"content":"","lastModifiedDate":"2025-01-31","isFullCredit":false},{"lineNumber":10,"author":{"gitId":"hannahtay"},"content":"        while (true) {","lastModifiedDate":"2025-01-31","isFullCredit":false},{"lineNumber":11,"author":{"gitId":"hannahtay"},"content":"            String input \u003d sc.nextLine();","lastModifiedDate":"2025-01-31","isFullCredit":false},{"lineNumber":12,"author":{"gitId":"hannahtay"},"content":"","lastModifiedDate":"2025-01-31","isFullCredit":false},{"lineNumber":13,"author":{"gitId":"hannahtay"},"content":"            if (input.equals(\"list\")) {","lastModifiedDate":"2025-01-31","isFullCredit":false},{"lineNumber":14,"author":{"gitId":"hannahtay"},"content":"                toDo.showTasks();","lastModifiedDate":"2025-01-31","isFullCredit":false},{"lineNumber":15,"author":{"gitId":"hannahtay"},"content":"            } else if (input.startsWith(\"mark \")) {","lastModifiedDate":"2025-01-31","isFullCredit":false},{"lineNumber":16,"author":{"gitId":"hannahtay"},"content":"                try {","lastModifiedDate":"2025-01-31","isFullCredit":false},{"lineNumber":17,"author":{"gitId":"hannahtay"},"content":"                    int taskNumber \u003d Integer.parseInt(input.substring(5).trim());","lastModifiedDate":"2025-01-31","isFullCredit":false},{"lineNumber":18,"author":{"gitId":"hannahtay"},"content":"                    toDo.markTaskAsDone(taskNumber);","lastModifiedDate":"2025-01-31","isFullCredit":false},{"lineNumber":19,"author":{"gitId":"hannahtay"},"content":"                } catch (NumberFormatException e) {","lastModifiedDate":"2025-01-31","isFullCredit":false},{"lineNumber":20,"author":{"gitId":"hannahtay"},"content":"                    System.out.println(\"Invalid task number :(\");","lastModifiedDate":"2025-01-31","isFullCredit":false},{"lineNumber":21,"author":{"gitId":"hannahtay"},"content":"                }","lastModifiedDate":"2025-01-31","isFullCredit":false},{"lineNumber":22,"author":{"gitId":"hannahtay"},"content":"            }","lastModifiedDate":"2025-01-31","isFullCredit":false},{"lineNumber":23,"author":{"gitId":"hannahtay"},"content":"","lastModifiedDate":"2025-01-31","isFullCredit":false},{"lineNumber":24,"author":{"gitId":"hannahtay"},"content":"            else if (input.startsWith(\"unmark \")) {","lastModifiedDate":"2025-01-31","isFullCredit":false},{"lineNumber":25,"author":{"gitId":"hannahtay"},"content":"                try {","lastModifiedDate":"2025-01-31","isFullCredit":false},{"lineNumber":26,"author":{"gitId":"hannahtay"},"content":"                    int taskNumber \u003d Integer.parseInt(input.substring(7).trim());","lastModifiedDate":"2025-01-31","isFullCredit":false},{"lineNumber":27,"author":{"gitId":"hannahtay"},"content":"                    toDo.markTaskAsNotDone(taskNumber);","lastModifiedDate":"2025-01-31","isFullCredit":false},{"lineNumber":28,"author":{"gitId":"hannahtay"},"content":"                } catch (NumberFormatException e) {","lastModifiedDate":"2025-01-31","isFullCredit":false},{"lineNumber":29,"author":{"gitId":"hannahtay"},"content":"                    System.out.println(\"Invalid task number :(\");","lastModifiedDate":"2025-01-31","isFullCredit":false},{"lineNumber":30,"author":{"gitId":"hannahtay"},"content":"                }","lastModifiedDate":"2025-01-31","isFullCredit":false},{"lineNumber":31,"author":{"gitId":"hannahtay"},"content":"            }","lastModifiedDate":"2025-01-31","isFullCredit":false},{"lineNumber":32,"author":{"gitId":"hannahtay"},"content":"","lastModifiedDate":"2025-01-31","isFullCredit":false},{"lineNumber":33,"author":{"gitId":"hannahtay"},"content":"            else if (input.equalsIgnoreCase(\"bye\")) {","lastModifiedDate":"2025-01-31","isFullCredit":false},{"lineNumber":34,"author":{"gitId":"hannahtay"},"content":"               systemOut.exitMsg();","lastModifiedDate":"2025-01-31","isFullCredit":false},{"lineNumber":35,"author":{"gitId":"hannahtay"},"content":"                break;","lastModifiedDate":"2025-01-31","isFullCredit":false},{"lineNumber":36,"author":{"gitId":"hannahtay"},"content":"            } else {","lastModifiedDate":"2025-01-31","isFullCredit":false},{"lineNumber":37,"author":{"gitId":"hannahtay"},"content":"                toDo.addTask(input);","lastModifiedDate":"2025-01-31","isFullCredit":false},{"lineNumber":38,"author":{"gitId":"hannahtay"},"content":"            }","lastModifiedDate":"2025-01-31","isFullCredit":false},{"lineNumber":39,"author":{"gitId":"hannahtay"},"content":"        }","lastModifiedDate":"2025-01-31","isFullCredit":false},{"lineNumber":40,"author":{"gitId":"hannahtay"},"content":"        sc.close();","lastModifiedDate":"2025-01-31","isFullCredit":false},{"lineNumber":41,"author":{"gitId":"hannahtay"},"content":"    }","lastModifiedDate":"2025-01-22","isFullCredit":false},{"lineNumber":42,"author":{"gitId":"hannahtay"},"content":"","lastModifiedDate":"2025-01-22","isFullCredit":false},{"lineNumber":43,"author":{"gitId":"hannahtay"},"content":"","lastModifiedDate":"2025-01-22","isFullCredit":false},{"lineNumber":44,"author":{"gitId":"hannahtay"},"content":"}","lastModifiedDate":"2025-01-22","isFullCredit":false}],"authorContributionMap":{"hannahtay":44}},{"path":"src/main/java/sysMsgs.java","fileType":"java","lines":[{"lineNumber":1,"author":{"gitId":"hannahtay"},"content":"public class sysMsgs {","lastModifiedDate":"2025-01-31","isFullCredit":false},{"lineNumber":2,"author":{"gitId":"hannahtay"},"content":"","lastModifiedDate":"2025-01-31","isFullCredit":false},{"lineNumber":3,"author":{"gitId":"hannahtay"},"content":"    public void showIntro() {","lastModifiedDate":"2025-01-31","isFullCredit":false},{"lineNumber":4,"author":{"gitId":"hannahtay"},"content":"        String logo \u003d","lastModifiedDate":"2025-01-31","isFullCredit":false},{"lineNumber":5,"author":{"gitId":"hannahtay"},"content":"                \"     /ᐠ,,,,∧\\n\"","lastModifiedDate":"2025-01-31","isFullCredit":false},{"lineNumber":6,"author":{"gitId":"hannahtay"},"content":"                        + \"     (֊⎚-⎚)\\n\"","lastModifiedDate":"2025-01-31","isFullCredit":false},{"lineNumber":7,"author":{"gitId":"hannahtay"},"content":"                        + \"     /⌒   づ\\uD83D\\uDCD7\";","lastModifiedDate":"2025-01-31","isFullCredit":false},{"lineNumber":8,"author":{"gitId":"hannahtay"},"content":"        System.out.println(logo);","lastModifiedDate":"2025-01-31","isFullCredit":false},{"lineNumber":9,"author":{"gitId":"hannahtay"},"content":"        System.out.println(\"Hi there! I\u0027m NYANI ^_^\");","lastModifiedDate":"2025-01-31","isFullCredit":false},{"lineNumber":10,"author":{"gitId":"hannahtay"},"content":"        System.out.println(\"What shall we do today?\");","lastModifiedDate":"2025-01-31","isFullCredit":false},{"lineNumber":11,"author":{"gitId":"hannahtay"},"content":"    }","lastModifiedDate":"2025-01-31","isFullCredit":false},{"lineNumber":12,"author":{"gitId":"hannahtay"},"content":"","lastModifiedDate":"2025-01-31","isFullCredit":false},{"lineNumber":13,"author":{"gitId":"hannahtay"},"content":"    public void exitMsg() {","lastModifiedDate":"2025-01-31","isFullCredit":false},{"lineNumber":14,"author":{"gitId":"hannahtay"},"content":"        System.out.println(\"──────────୨ৎ──────────\");","lastModifiedDate":"2025-01-31","isFullCredit":false},{"lineNumber":15,"author":{"gitId":"hannahtay"},"content":"        System.out.println(\"c U soon! ꈍ ꈍ\");","lastModifiedDate":"2025-01-31","isFullCredit":false},{"lineNumber":16,"author":{"gitId":"hannahtay"},"content":"        System.out.println(\"──────────୨ৎ──────────\");","lastModifiedDate":"2025-01-31","isFullCredit":false},{"lineNumber":17,"author":{"gitId":"hannahtay"},"content":"    }","lastModifiedDate":"2025-01-31","isFullCredit":false},{"lineNumber":18,"author":{"gitId":"hannahtay"},"content":"}","lastModifiedDate":"2025-01-31","isFullCredit":false}],"authorContributionMap":{"hannahtay":18}},{"path":"src/main/java/todoList.java","fileType":"java","lines":[{"lineNumber":1,"author":{"gitId":"hannahtay"},"content":"import java.util.ArrayList;","lastModifiedDate":"2025-01-31","isFullCredit":false},{"lineNumber":2,"author":{"gitId":"hannahtay"},"content":"import java.util.List;","lastModifiedDate":"2025-01-31","isFullCredit":false},{"lineNumber":3,"author":{"gitId":"hannahtay"},"content":"","lastModifiedDate":"2025-01-31","isFullCredit":false},{"lineNumber":4,"author":{"gitId":"hannahtay"},"content":"class Task {","lastModifiedDate":"2025-01-31","isFullCredit":false},{"lineNumber":5,"author":{"gitId":"hannahtay"},"content":"    private String description;","lastModifiedDate":"2025-01-31","isFullCredit":false},{"lineNumber":6,"author":{"gitId":"hannahtay"},"content":"    private boolean isDone;","lastModifiedDate":"2025-01-31","isFullCredit":false},{"lineNumber":7,"author":{"gitId":"hannahtay"},"content":"","lastModifiedDate":"2025-01-31","isFullCredit":false},{"lineNumber":8,"author":{"gitId":"hannahtay"},"content":"    public Task(String description) {","lastModifiedDate":"2025-01-31","isFullCredit":false},{"lineNumber":9,"author":{"gitId":"hannahtay"},"content":"        this.description \u003d description;","lastModifiedDate":"2025-01-31","isFullCredit":false},{"lineNumber":10,"author":{"gitId":"hannahtay"},"content":"        this.isDone \u003d false;","lastModifiedDate":"2025-01-31","isFullCredit":false},{"lineNumber":11,"author":{"gitId":"hannahtay"},"content":"    }","lastModifiedDate":"2025-01-31","isFullCredit":false},{"lineNumber":12,"author":{"gitId":"hannahtay"},"content":"","lastModifiedDate":"2025-01-31","isFullCredit":false},{"lineNumber":13,"author":{"gitId":"hannahtay"},"content":"    public void markDone() {","lastModifiedDate":"2025-01-31","isFullCredit":false},{"lineNumber":14,"author":{"gitId":"hannahtay"},"content":"       isDone \u003d true;","lastModifiedDate":"2025-01-31","isFullCredit":false},{"lineNumber":15,"author":{"gitId":"hannahtay"},"content":"    }","lastModifiedDate":"2025-01-31","isFullCredit":false},{"lineNumber":16,"author":{"gitId":"hannahtay"},"content":"","lastModifiedDate":"2025-01-31","isFullCredit":false},{"lineNumber":17,"author":{"gitId":"hannahtay"},"content":"    public void markNotDone() {","lastModifiedDate":"2025-01-31","isFullCredit":false},{"lineNumber":18,"author":{"gitId":"hannahtay"},"content":"        isDone \u003d false;","lastModifiedDate":"2025-01-31","isFullCredit":false},{"lineNumber":19,"author":{"gitId":"hannahtay"},"content":"    }","lastModifiedDate":"2025-01-31","isFullCredit":false},{"lineNumber":20,"author":{"gitId":"hannahtay"},"content":"","lastModifiedDate":"2025-01-31","isFullCredit":false},{"lineNumber":21,"author":{"gitId":"hannahtay"},"content":"    public boolean isDone() {","lastModifiedDate":"2025-01-31","isFullCredit":false},{"lineNumber":22,"author":{"gitId":"hannahtay"},"content":"        return isDone;","lastModifiedDate":"2025-01-31","isFullCredit":false},{"lineNumber":23,"author":{"gitId":"hannahtay"},"content":"    }","lastModifiedDate":"2025-01-31","isFullCredit":false},{"lineNumber":24,"author":{"gitId":"hannahtay"},"content":"","lastModifiedDate":"2025-01-31","isFullCredit":false},{"lineNumber":25,"author":{"gitId":"hannahtay"},"content":"    public String getDescription() {","lastModifiedDate":"2025-01-31","isFullCredit":false},{"lineNumber":26,"author":{"gitId":"hannahtay"},"content":"        return description;","lastModifiedDate":"2025-01-31","isFullCredit":false},{"lineNumber":27,"author":{"gitId":"hannahtay"},"content":"    }","lastModifiedDate":"2025-01-31","isFullCredit":false},{"lineNumber":28,"author":{"gitId":"hannahtay"},"content":"","lastModifiedDate":"2025-01-31","isFullCredit":false},{"lineNumber":29,"author":{"gitId":"hannahtay"},"content":"    public String toString() {","lastModifiedDate":"2025-01-31","isFullCredit":false},{"lineNumber":30,"author":{"gitId":"hannahtay"},"content":"        return (isDone ? \"[✮] \" : \"[ ] \") + description;","lastModifiedDate":"2025-01-31","isFullCredit":false},{"lineNumber":31,"author":{"gitId":"hannahtay"},"content":"    }","lastModifiedDate":"2025-01-31","isFullCredit":false},{"lineNumber":32,"author":{"gitId":"hannahtay"},"content":"}","lastModifiedDate":"2025-01-31","isFullCredit":false},{"lineNumber":33,"author":{"gitId":"hannahtay"},"content":"","lastModifiedDate":"2025-01-31","isFullCredit":false},{"lineNumber":34,"author":{"gitId":"hannahtay"},"content":"public class todoList {","lastModifiedDate":"2025-01-31","isFullCredit":false},{"lineNumber":35,"author":{"gitId":"hannahtay"},"content":"    private List\u003cTask\u003e tasks;","lastModifiedDate":"2025-01-31","isFullCredit":false},{"lineNumber":36,"author":{"gitId":"hannahtay"},"content":"    public todoList() {","lastModifiedDate":"2025-01-31","isFullCredit":false},{"lineNumber":37,"author":{"gitId":"hannahtay"},"content":"        this.tasks \u003d new ArrayList\u003c\u003e();","lastModifiedDate":"2025-01-31","isFullCredit":false},{"lineNumber":38,"author":{"gitId":"hannahtay"},"content":"    }","lastModifiedDate":"2025-01-31","isFullCredit":false},{"lineNumber":39,"author":{"gitId":"hannahtay"},"content":"    public void addTask(String taskDescription) {","lastModifiedDate":"2025-01-31","isFullCredit":false},{"lineNumber":40,"author":{"gitId":"hannahtay"},"content":"        tasks.add(new Task(taskDescription));","lastModifiedDate":"2025-01-31","isFullCredit":false},{"lineNumber":41,"author":{"gitId":"hannahtay"},"content":"        System.out.println(\"\\uD83C\\uDF53 Added! \u003e \" + taskDescription + \" \u003c\");","lastModifiedDate":"2025-01-31","isFullCredit":false},{"lineNumber":42,"author":{"gitId":"hannahtay"},"content":"    }","lastModifiedDate":"2025-01-31","isFullCredit":false},{"lineNumber":43,"author":{"gitId":"hannahtay"},"content":"","lastModifiedDate":"2025-01-31","isFullCredit":false},{"lineNumber":44,"author":{"gitId":"hannahtay"},"content":"    public void markTaskAsDone(int taskNumber) {","lastModifiedDate":"2025-01-31","isFullCredit":false},{"lineNumber":45,"author":{"gitId":"hannahtay"},"content":"        if (taskNumber \u003e tasks.size() || taskNumber \u003c\u003d 0) {","lastModifiedDate":"2025-01-31","isFullCredit":false},{"lineNumber":46,"author":{"gitId":"hannahtay"},"content":"            System.out.println(\"There\u0027s no such task!\");","lastModifiedDate":"2025-01-31","isFullCredit":false},{"lineNumber":47,"author":{"gitId":"hannahtay"},"content":"        } else {","lastModifiedDate":"2025-01-31","isFullCredit":false},{"lineNumber":48,"author":{"gitId":"hannahtay"},"content":"            Task task \u003d tasks.get(taskNumber - 1);","lastModifiedDate":"2025-01-31","isFullCredit":false},{"lineNumber":49,"author":{"gitId":"hannahtay"},"content":"            task.markDone();","lastModifiedDate":"2025-01-31","isFullCredit":false},{"lineNumber":50,"author":{"gitId":"hannahtay"},"content":"            System.out.println(\"\\uD83C\\uDF53 Marked \u003e \" + task.getDescription() + \" \u003c as done!\");","lastModifiedDate":"2025-01-31","isFullCredit":false},{"lineNumber":51,"author":{"gitId":"hannahtay"},"content":"        }","lastModifiedDate":"2025-01-31","isFullCredit":false},{"lineNumber":52,"author":{"gitId":"hannahtay"},"content":"    }","lastModifiedDate":"2025-01-31","isFullCredit":false},{"lineNumber":53,"author":{"gitId":"hannahtay"},"content":"","lastModifiedDate":"2025-01-31","isFullCredit":false},{"lineNumber":54,"author":{"gitId":"hannahtay"},"content":"    public void markTaskAsNotDone(int taskNumber) {","lastModifiedDate":"2025-01-31","isFullCredit":false},{"lineNumber":55,"author":{"gitId":"hannahtay"},"content":"        if (taskNumber \u003e tasks.size() || taskNumber \u003c\u003d 0) {","lastModifiedDate":"2025-01-31","isFullCredit":false},{"lineNumber":56,"author":{"gitId":"hannahtay"},"content":"            System.out.println(\"There\u0027s no such task!\");","lastModifiedDate":"2025-01-31","isFullCredit":false},{"lineNumber":57,"author":{"gitId":"hannahtay"},"content":"        } else {","lastModifiedDate":"2025-01-31","isFullCredit":false},{"lineNumber":58,"author":{"gitId":"hannahtay"},"content":"            Task task \u003d tasks.get(taskNumber - 1);","lastModifiedDate":"2025-01-31","isFullCredit":false},{"lineNumber":59,"author":{"gitId":"hannahtay"},"content":"            task.markNotDone();","lastModifiedDate":"2025-01-31","isFullCredit":false},{"lineNumber":60,"author":{"gitId":"hannahtay"},"content":"            System.out.println(\"\\uD83C\\uDF53 Unmarked \u003e \" + task.getDescription() + \" \u003c as done!\");","lastModifiedDate":"2025-01-31","isFullCredit":false},{"lineNumber":61,"author":{"gitId":"hannahtay"},"content":"        }","lastModifiedDate":"2025-01-31","isFullCredit":false},{"lineNumber":62,"author":{"gitId":"hannahtay"},"content":"    }","lastModifiedDate":"2025-01-31","isFullCredit":false},{"lineNumber":63,"author":{"gitId":"hannahtay"},"content":"","lastModifiedDate":"2025-01-31","isFullCredit":false},{"lineNumber":64,"author":{"gitId":"hannahtay"},"content":"    public void showTasks() {","lastModifiedDate":"2025-01-31","isFullCredit":false},{"lineNumber":65,"author":{"gitId":"hannahtay"},"content":"        if (tasks.isEmpty()){","lastModifiedDate":"2025-01-31","isFullCredit":false},{"lineNumber":66,"author":{"gitId":"hannahtay"},"content":"            System.out.println(\"──────────୨ৎ──────────\");","lastModifiedDate":"2025-01-31","isFullCredit":false},{"lineNumber":67,"author":{"gitId":"hannahtay"},"content":"            System.out.println(\"Time to chill ₊˚⊹ ᰔ\");","lastModifiedDate":"2025-01-31","isFullCredit":false},{"lineNumber":68,"author":{"gitId":"hannahtay"},"content":"            System.out.println(\"──────────୨ৎ──────────\");","lastModifiedDate":"2025-01-31","isFullCredit":false},{"lineNumber":69,"author":{"gitId":"hannahtay"},"content":"        } else {","lastModifiedDate":"2025-01-31","isFullCredit":false},{"lineNumber":70,"author":{"gitId":"hannahtay"},"content":"            System.out.println(\"──────────୨ৎ──────────\");","lastModifiedDate":"2025-01-31","isFullCredit":false},{"lineNumber":71,"author":{"gitId":"hannahtay"},"content":"            System.out.println(\"To-do!\");","lastModifiedDate":"2025-01-31","isFullCredit":false},{"lineNumber":72,"author":{"gitId":"hannahtay"},"content":"            for (int i \u003d 0; i \u003c tasks.size(); i++) {","lastModifiedDate":"2025-01-31","isFullCredit":false},{"lineNumber":73,"author":{"gitId":"hannahtay"},"content":"                System.out.println((i + 1) + \". \" + tasks.get(i));","lastModifiedDate":"2025-01-31","isFullCredit":false},{"lineNumber":74,"author":{"gitId":"hannahtay"},"content":"            }","lastModifiedDate":"2025-01-31","isFullCredit":false},{"lineNumber":75,"author":{"gitId":"hannahtay"},"content":"            System.out.println(\"──────────୨ৎ──────────\");","lastModifiedDate":"2025-01-31","isFullCredit":false},{"lineNumber":76,"author":{"gitId":"hannahtay"},"content":"        }","lastModifiedDate":"2025-01-31","isFullCredit":false},{"lineNumber":77,"author":{"gitId":"hannahtay"},"content":"    }","lastModifiedDate":"2025-01-31","isFullCredit":false},{"lineNumber":78,"author":{"gitId":"hannahtay"},"content":"","lastModifiedDate":"2025-01-31","isFullCredit":false},{"lineNumber":79,"author":{"gitId":"hannahtay"},"content":"}","lastModifiedDate":"2025-01-31","isFullCredit":false},{"lineNumber":80,"author":{"gitId":"hannahtay"},"content":"","lastModifiedDate":"2025-01-31","isFullCredit":false}],"authorContributionMap":{"hannahtay":80}}]
