{"authorDailyContributionsMap":{"Jasonlobo21":[{"date":"2025-01-26","commitResults":[{"hash":"0705a2c7cba82a468abc5188310f726d80c04b55","isMergeCommit":false,"messageTitle":"Jason\u0027s greetings","messageBody":"","tags":["Level-0"],"fileTypesAndContributionMap":{"java":{"insertions":7,"deletions":10},"md":{"insertions":1,"deletions":1}}}]},{"date":"2025-01-29","commitResults":[{"hash":"f5f2c6bc1a31c7c54bd0beec639adf20c3ddafae","isMergeCommit":false,"messageTitle":"Terry echos and exits on bye","messageBody":"","tags":["Level-1"],"fileTypesAndContributionMap":{"java":{"insertions":30,"deletions":7},"md":{"insertions":1,"deletions":1}}},{"hash":"4dafeea82e603e7fc5bf7324606e45eafd4d9823","isMergeCommit":false,"messageTitle":"Terry records and displays tasks","messageBody":"","tags":["Level-2"],"fileTypesAndContributionMap":{"java":{"insertions":50,"deletions":1}}}]},{"date":"2025-01-30","commitResults":[{"hash":"bbed07b50e6d96aa202523e262b97f764bd49d62","isMergeCommit":false,"messageTitle":"Terry marks and unmarks tasks","messageBody":"","tags":["Level-3","A-CodingStandard"],"fileTypesAndContributionMap":{"java":{"insertions":93,"deletions":8}}}]},{"date":"2025-02-05","commitResults":[{"hash":"4b77ba9238250ddaf549d9c694cd94cdb8a7e938","isMergeCommit":false,"messageTitle":"Terry tracks three types of tasks","messageBody":"","tags":["Level-4"],"fileTypesAndContributionMap":{"java":{"insertions":86,"deletions":27}}}]},{"date":"2025-02-06","commitResults":[{"hash":"1ba23894c2a66984b73a1d5f29907d8f2a93bcd7","isMergeCommit":false,"messageTitle":"Automated Text UI Testing and Improve Code Quality","messageBody":"","tags":["A-TextUiTesting","A-CodeQuality"],"fileTypesAndContributionMap":{"txt":{"insertions":12,"deletions":0},"java":{"insertions":134,"deletions":65},"bat":{"insertions":1,"deletions":1},"sh":{"insertions":1,"deletions":1}}}]},{"date":"2025-02-12","commitResults":[{"hash":"41492d1f874b30c05ee3c9d22b766f044a8879fd","isMergeCommit":false,"messageTitle":"Add error handling and packages","messageBody":"","tags":["Level-5","A-Packages","A-Exceptions"],"fileTypesAndContributionMap":{"java":{"insertions":268,"deletions":146},"bat":{"insertions":1,"deletions":1}}}]},{"date":"2025-02-17","commitResults":[{"hash":"bd11cb7f5c00df67a4064d8700ba2ff010a1f053","isMergeCommit":false,"messageTitle":"Add support for deleting tasks from the list.","messageBody":"","tags":["Level-6"],"fileTypesAndContributionMap":{"java":{"insertions":46,"deletions":13}}},{"hash":"dbdce99bcfde6aefa8b32f79e26dd6a948c57aef","isMergeCommit":false,"messageTitle":"Add Java Collections classes for storing data","messageBody":"","tags":["A-Collections"],"fileTypesAndContributionMap":{"java":{"insertions":27,"deletions":38}}}]},{"date":"2025-02-18","commitResults":[{"hash":"a4ed43dd1cbcd28f188e3ba1bf8ae98d68447c3a","isMergeCommit":false,"messageTitle":"Add save to hard disk automatically","messageBody":"","tags":["Level-7"],"fileTypesAndContributionMap":{"txt":{"insertions":4,"deletions":0},"java":{"insertions":213,"deletions":35}}},{"hash":"ae26892684d8806471d6db2a60e41055f9027fa9","isMergeCommit":true,"messageTitle":"Merge branch \u0027branch-Level-7\u0027","messageBody":"# Conflicts:\n#\tsrc/main/java/terry/TaskList.java\n#\tsrc/main/java/terry/Terry.java\n","fileTypesAndContributionMap":{}},{"hash":"35124c925af5c96ea7c79051b83b6105acbeda28","isMergeCommit":false,"messageTitle":"Update delete function","messageBody":"","fileTypesAndContributionMap":{"java":{"insertions":2,"deletions":2}}},{"hash":"c107f812d00ee81391ed9a5b11518e7e90f843d1","isMergeCommit":false,"messageTitle":"Add coding standards","messageBody":"","tags":["A-Jar"],"fileTypesAndContributionMap":{"java":{"insertions":47,"deletions":61}}}]},{"date":"2025-03-02","commitResults":[{"hash":"ff08444c2c32ec45e0bffb297a1e12769ebf9e86","isMergeCommit":false,"messageTitle":"Add Ui, Storage, Parser","messageBody":"","tags":["A-MoreOOP"],"fileTypesAndContributionMap":{"java":{"insertions":369,"deletions":376}}}]},{"date":"2025-03-03","commitResults":[{"hash":"4e85bf45fc56fd279eeb361a584868bd026a0878","isMergeCommit":false,"messageTitle":"Improved coding structure","messageBody":"","fileTypesAndContributionMap":{"txt":{"insertions":4,"deletions":2},"java":{"insertions":214,"deletions":254}}},{"hash":"08b823526dc084a851448b846ea58e2c31f56100","isMergeCommit":false,"messageTitle":"Add Find function","messageBody":"","tags":["Level-9"],"fileTypesAndContributionMap":{"txt":{"insertions":1,"deletions":0},"java":{"insertions":36,"deletions":1}}},{"hash":"0d3b68b2d09c7bb27484a86d1c61df2a9112311e","isMergeCommit":false,"messageTitle":"Improved Find function","messageBody":"","fileTypesAndContributionMap":{"java":{"insertions":6,"deletions":0}}},{"hash":"d96de7e38fed6503b486c14aebdbff578cb79e3d","isMergeCommit":false,"messageTitle":"Add JavaDoc comments","messageBody":"","tags":["A-JavaDoc"],"fileTypesAndContributionMap":{"java":{"insertions":328,"deletions":9}}}]},{"date":"2025-03-04","commitResults":[{"hash":"da0f1e75fd203e231f5db94fcfd659816b1849bc","isMergeCommit":true,"messageTitle":"Merge branch \u0027branch-Level-9\u0027","messageBody":"","fileTypesAndContributionMap":{}},{"hash":"88311feffc15fe2b5b322a2c61ec8d8a825d4c25","isMergeCommit":false,"messageTitle":"Add a User Guide","messageBody":"","tags":["A-UserGuide"],"fileTypesAndContributionMap":{"java":{"insertions":25,"deletions":9},"md":{"insertions":106,"deletions":16}}}]}]},"authorFileTypeContributionMap":{"Jasonlobo21":{"java":926,"md":106,"fxml":0,"sh":1,"bat":2,"gradle":0,"txt":19}},"authorContributionVariance":{"Jasonlobo21":28140.324},"authorDisplayNameMap":{"Jasonlobo21":"CS2113-W13-4 JASO..LOBO"}}
