[{"path":"README.md","fileType":"md","lines":[{"lineNumber":1,"author":{"gitId":"Ashertan256"},"content":"# Alex project template","lastModifiedDate":"2025-01-24","isFullCredit":false},{"lineNumber":2,"author":{"gitId":"-"},"content":"","lastModifiedDate":"2020-05-25","isFullCredit":false},{"lineNumber":3,"author":{"gitId":"Ashertan256"},"content":"This is a project template for a greenfield Java project. It\u0027s named after the Java mascot _Alex_. Given below are instructions on how to use it.","lastModifiedDate":"2025-03-06","isFullCredit":false},{"lineNumber":4,"author":{"gitId":"-"},"content":"","lastModifiedDate":"2020-05-25","isFullCredit":false},{"lineNumber":5,"author":{"gitId":"-"},"content":"## Setting up in Intellij","lastModifiedDate":"2020-05-25","isFullCredit":false},{"lineNumber":6,"author":{"gitId":"-"},"content":"","lastModifiedDate":"2020-05-25","isFullCredit":false},{"lineNumber":7,"author":{"gitId":"-"},"content":"Prerequisites: JDK 17, update Intellij to the most recent version.","lastModifiedDate":"2024-07-11","isFullCredit":false},{"lineNumber":8,"author":{"gitId":"-"},"content":"","lastModifiedDate":"2020-05-25","isFullCredit":false},{"lineNumber":9,"author":{"gitId":"-"},"content":"1. Open Intellij (if you are not in the welcome screen, click `File` \u003e `Close Project` to close the existing project first)","lastModifiedDate":"2021-01-17","isFullCredit":false},{"lineNumber":10,"author":{"gitId":"-"},"content":"1. Open the project into Intellij as follows:","lastModifiedDate":"2021-01-17","isFullCredit":false},{"lineNumber":11,"author":{"gitId":"-"},"content":"   1. Click `Open`.","lastModifiedDate":"2021-01-17","isFullCredit":false},{"lineNumber":12,"author":{"gitId":"-"},"content":"   1. Select the project directory, and click `OK`.","lastModifiedDate":"2021-01-17","isFullCredit":false},{"lineNumber":13,"author":{"gitId":"-"},"content":"   1. If there are any further prompts, accept the defaults.","lastModifiedDate":"2020-05-25","isFullCredit":false},{"lineNumber":14,"author":{"gitId":"-"},"content":"1. Configure the project to use **JDK 17** (not other versions) as explained in [here](https://www.jetbrains.com/help/idea/sdk.html#set-up-jdk).\u003cbr\u003e","lastModifiedDate":"2024-07-11","isFullCredit":false},{"lineNumber":15,"author":{"gitId":"-"},"content":"   In the same dialog, set the **Project language level** field to the `SDK default` option.","lastModifiedDate":"2021-07-29","isFullCredit":false},{"lineNumber":16,"author":{"gitId":"Ashertan256"},"content":"1. After that, locate the `src/main/java/Alex.java` file, right-click it, and choose `Run Alex.main()` (if the code editor is showing compile errors, try restarting the IDE). If the setup is correct, you should see something like the below as the output:","lastModifiedDate":"2025-01-24","isFullCredit":false},{"lineNumber":17,"author":{"gitId":"-"},"content":"   ```","lastModifiedDate":"2020-05-25","isFullCredit":false},{"lineNumber":18,"author":{"gitId":"-"},"content":"   Hello from","lastModifiedDate":"2020-05-25","isFullCredit":false},{"lineNumber":19,"author":{"gitId":"-"},"content":"    ____        _        ","lastModifiedDate":"2020-05-25","isFullCredit":false},{"lineNumber":20,"author":{"gitId":"-"},"content":"   |  _ \\ _   _| | _____ ","lastModifiedDate":"2020-05-25","isFullCredit":false},{"lineNumber":21,"author":{"gitId":"-"},"content":"   | | | | | | | |/ / _ \\","lastModifiedDate":"2020-05-25","isFullCredit":false},{"lineNumber":22,"author":{"gitId":"-"},"content":"   | |_| | |_| |   \u003c  __/","lastModifiedDate":"2020-05-25","isFullCredit":false},{"lineNumber":23,"author":{"gitId":"-"},"content":"   |____/ \\__,_|_|\\_\\___|","lastModifiedDate":"2020-05-25","isFullCredit":false},{"lineNumber":24,"author":{"gitId":"-"},"content":"   ```","lastModifiedDate":"2020-05-25","isFullCredit":false},{"lineNumber":25,"author":{"gitId":"-"},"content":"","lastModifiedDate":"2025-01-04","isFullCredit":false},{"lineNumber":26,"author":{"gitId":"-"},"content":"**Warning:** Keep the `src\\main\\java` folder as the root folder for Java files (i.e., don\u0027t rename those folders or move Java files to another folder outside of this folder path), as this is the default location some tools (e.g., Gradle) expect to find Java files.","lastModifiedDate":"2025-01-04","isFullCredit":false}],"authorContributionMap":{"-":23,"Ashertan256":3}},{"path":"docs/README.md","fileType":"md","lines":[{"lineNumber":1,"author":{"gitId":"Ashertan256"},"content":"# Alex User Guide","lastModifiedDate":"2025-01-24","isFullCredit":false},{"lineNumber":2,"author":{"gitId":"-"},"content":"","lastModifiedDate":"2019-07-29","isFullCredit":false},{"lineNumber":3,"author":{"gitId":"-"},"content":"// Update the title above to match the actual product name","lastModifiedDate":"2024-01-07","isFullCredit":false},{"lineNumber":4,"author":{"gitId":"-"},"content":"","lastModifiedDate":"2019-07-29","isFullCredit":false},{"lineNumber":5,"author":{"gitId":"-"},"content":"// Product screenshot goes here","lastModifiedDate":"2024-01-07","isFullCredit":false},{"lineNumber":6,"author":{"gitId":"-"},"content":"","lastModifiedDate":"2021-07-17","isFullCredit":false},{"lineNumber":7,"author":{"gitId":"-"},"content":"// Product intro goes here","lastModifiedDate":"2024-01-07","isFullCredit":false},{"lineNumber":8,"author":{"gitId":"-"},"content":"","lastModifiedDate":"2021-07-17","isFullCredit":false},{"lineNumber":9,"author":{"gitId":"-"},"content":"## Adding deadlines","lastModifiedDate":"2024-01-07","isFullCredit":false},{"lineNumber":10,"author":{"gitId":"-"},"content":"","lastModifiedDate":"2021-07-17","isFullCredit":false},{"lineNumber":11,"author":{"gitId":"-"},"content":"// Describe the action and its outcome.","lastModifiedDate":"2024-01-07","isFullCredit":false},{"lineNumber":12,"author":{"gitId":"-"},"content":"","lastModifiedDate":"2019-07-29","isFullCredit":false},{"lineNumber":13,"author":{"gitId":"-"},"content":"// Give examples of usage","lastModifiedDate":"2024-01-07","isFullCredit":false},{"lineNumber":14,"author":{"gitId":"-"},"content":"","lastModifiedDate":"2019-07-29","isFullCredit":false},{"lineNumber":15,"author":{"gitId":"-"},"content":"Example: `keyword (optional arguments)`","lastModifiedDate":"2024-01-07","isFullCredit":false},{"lineNumber":16,"author":{"gitId":"-"},"content":"","lastModifiedDate":"2019-07-29","isFullCredit":false},{"lineNumber":17,"author":{"gitId":"-"},"content":"// A description of the expected outcome goes here","lastModifiedDate":"2024-01-07","isFullCredit":false},{"lineNumber":18,"author":{"gitId":"-"},"content":"","lastModifiedDate":"2019-07-29","isFullCredit":false},{"lineNumber":19,"author":{"gitId":"-"},"content":"```","lastModifiedDate":"2024-01-07","isFullCredit":false},{"lineNumber":20,"author":{"gitId":"-"},"content":"expected output","lastModifiedDate":"2024-01-07","isFullCredit":false},{"lineNumber":21,"author":{"gitId":"-"},"content":"```","lastModifiedDate":"2024-01-07","isFullCredit":false},{"lineNumber":22,"author":{"gitId":"-"},"content":"","lastModifiedDate":"2019-07-29","isFullCredit":false},{"lineNumber":23,"author":{"gitId":"-"},"content":"## Feature ABC","lastModifiedDate":"2024-01-07","isFullCredit":false},{"lineNumber":24,"author":{"gitId":"-"},"content":"","lastModifiedDate":"2019-07-29","isFullCredit":false},{"lineNumber":25,"author":{"gitId":"-"},"content":"// Feature details","lastModifiedDate":"2024-01-07","isFullCredit":false},{"lineNumber":26,"author":{"gitId":"-"},"content":"","lastModifiedDate":"2019-07-29","isFullCredit":false},{"lineNumber":27,"author":{"gitId":"-"},"content":"","lastModifiedDate":"2021-07-17","isFullCredit":false},{"lineNumber":28,"author":{"gitId":"-"},"content":"## Feature XYZ","lastModifiedDate":"2024-01-07","isFullCredit":false},{"lineNumber":29,"author":{"gitId":"-"},"content":"","lastModifiedDate":"2024-01-07","isFullCredit":false},{"lineNumber":30,"author":{"gitId":"-"},"content":"// Feature details","lastModifiedDate":"2024-01-07","isFullCredit":false}],"authorContributionMap":{"-":29,"Ashertan256":1}},{"path":"src/main/java/Alex.java","fileType":"java","lines":[{"lineNumber":1,"author":{"gitId":"Ashertan256"},"content":"import java.io.IOException;","lastModifiedDate":"2025-02-20","isFullCredit":false},{"lineNumber":2,"author":{"gitId":"Ashertan256"},"content":"","lastModifiedDate":"2025-02-07","isFullCredit":false},{"lineNumber":3,"author":{"gitId":"Ashertan256"},"content":"public class Alex {","lastModifiedDate":"2025-01-24","isFullCredit":false},{"lineNumber":4,"author":{"gitId":"Ashertan256"},"content":"    private Storage storage;","lastModifiedDate":"2025-03-06","isFullCredit":false},{"lineNumber":5,"author":{"gitId":"Ashertan256"},"content":"    private TaskList tasks;","lastModifiedDate":"2025-03-06","isFullCredit":false},{"lineNumber":6,"author":{"gitId":"Ashertan256"},"content":"    private Ui ui;","lastModifiedDate":"2025-03-06","isFullCredit":false},{"lineNumber":7,"author":{"gitId":"Ashertan256"},"content":"","lastModifiedDate":"2025-01-24","isFullCredit":false},{"lineNumber":8,"author":{"gitId":"Ashertan256"},"content":"","lastModifiedDate":"2025-02-20","isFullCredit":false},{"lineNumber":9,"author":{"gitId":"Ashertan256"},"content":"    public Alex(String filePath) {","lastModifiedDate":"2025-03-06","isFullCredit":false},{"lineNumber":10,"author":{"gitId":"Ashertan256"},"content":"        ui \u003d new Ui();","lastModifiedDate":"2025-03-06","isFullCredit":false},{"lineNumber":11,"author":{"gitId":"Ashertan256"},"content":"        storage \u003d new Storage(filePath);","lastModifiedDate":"2025-03-06","isFullCredit":false},{"lineNumber":12,"author":{"gitId":"Ashertan256"},"content":"        try {","lastModifiedDate":"2025-03-06","isFullCredit":false},{"lineNumber":13,"author":{"gitId":"Ashertan256"},"content":"            tasks \u003d new TaskList(storage.loadTasks());","lastModifiedDate":"2025-03-06","isFullCredit":false},{"lineNumber":14,"author":{"gitId":"Ashertan256"},"content":"        } catch (IOException e) {","lastModifiedDate":"2025-02-20","isFullCredit":false},{"lineNumber":15,"author":{"gitId":"Ashertan256"},"content":"            ui.showError(\"Error loading tasks: \" + e.getMessage());","lastModifiedDate":"2025-03-06","isFullCredit":false},{"lineNumber":16,"author":{"gitId":"Ashertan256"},"content":"        }","lastModifiedDate":"2025-02-20","isFullCredit":false},{"lineNumber":17,"author":{"gitId":"Ashertan256"},"content":"    }","lastModifiedDate":"2025-02-20","isFullCredit":false},{"lineNumber":18,"author":{"gitId":"Ashertan256"},"content":"","lastModifiedDate":"2025-02-20","isFullCredit":false},{"lineNumber":19,"author":{"gitId":"Ashertan256"},"content":"","lastModifiedDate":"2025-02-07","isFullCredit":false},{"lineNumber":20,"author":{"gitId":"Ashertan256"},"content":"    public void run() {","lastModifiedDate":"2025-03-06","isFullCredit":false},{"lineNumber":21,"author":{"gitId":"Ashertan256"},"content":"        ui.showWelcome();","lastModifiedDate":"2025-03-06","isFullCredit":false},{"lineNumber":22,"author":{"gitId":"Ashertan256"},"content":"","lastModifiedDate":"2025-02-07","isFullCredit":false},{"lineNumber":23,"author":{"gitId":"Ashertan256"},"content":"        boolean isExit \u003d false;","lastModifiedDate":"2025-03-06","isFullCredit":false},{"lineNumber":24,"author":{"gitId":"Ashertan256"},"content":"        while (!isExit) {","lastModifiedDate":"2025-03-06","isFullCredit":false},{"lineNumber":25,"author":{"gitId":"Ashertan256"},"content":"            String fullCommand \u003d ui.readCommand();","lastModifiedDate":"2025-03-06","isFullCredit":false},{"lineNumber":26,"author":{"gitId":"Ashertan256"},"content":"            if (Parser.isByeCommand(fullCommand)) {","lastModifiedDate":"2025-03-06","isFullCredit":false},{"lineNumber":27,"author":{"gitId":"Ashertan256"},"content":"                ui.showGoodbye();","lastModifiedDate":"2025-03-06","isFullCredit":false},{"lineNumber":28,"author":{"gitId":"Ashertan256"},"content":"                isExit \u003d true;","lastModifiedDate":"2025-03-06","isFullCredit":false},{"lineNumber":29,"author":{"gitId":"Ashertan256"},"content":"            } else {","lastModifiedDate":"2025-03-06","isFullCredit":false},{"lineNumber":30,"author":{"gitId":"Ashertan256"},"content":"                try {","lastModifiedDate":"2025-02-07","isFullCredit":false},{"lineNumber":31,"author":{"gitId":"Ashertan256"},"content":"                    Parser.handleCommand(fullCommand, tasks, ui);","lastModifiedDate":"2025-03-06","isFullCredit":false},{"lineNumber":32,"author":{"gitId":"Ashertan256"},"content":"                    storage.saveTasks(tasks.getAllTasks());","lastModifiedDate":"2025-03-06","isFullCredit":false},{"lineNumber":33,"author":{"gitId":"Ashertan256"},"content":"                } catch (Exception e) {","lastModifiedDate":"2025-02-07","isFullCredit":false},{"lineNumber":34,"author":{"gitId":"Ashertan256"},"content":"                    //parsing errors","lastModifiedDate":"2025-03-06","isFullCredit":false},{"lineNumber":35,"author":{"gitId":"Ashertan256"},"content":"                    ui.showError(e.getMessage());","lastModifiedDate":"2025-03-06","isFullCredit":false},{"lineNumber":36,"author":{"gitId":"Ashertan256"},"content":"                }","lastModifiedDate":"2025-02-07","isFullCredit":false},{"lineNumber":37,"author":{"gitId":"Ashertan256"},"content":"            }","lastModifiedDate":"2025-02-07","isFullCredit":false},{"lineNumber":38,"author":{"gitId":"Ashertan256"},"content":"        }","lastModifiedDate":"2025-02-07","isFullCredit":false},{"lineNumber":39,"author":{"gitId":"Ashertan256"},"content":"    }","lastModifiedDate":"2025-02-07","isFullCredit":false},{"lineNumber":40,"author":{"gitId":"Ashertan256"},"content":"","lastModifiedDate":"2025-02-07","isFullCredit":false},{"lineNumber":41,"author":{"gitId":"Ashertan256"},"content":"","lastModifiedDate":"2025-02-20","isFullCredit":false},{"lineNumber":42,"author":{"gitId":"Ashertan256"},"content":"    public static void main(String[] args) {","lastModifiedDate":"2025-03-06","isFullCredit":false},{"lineNumber":43,"author":{"gitId":"Ashertan256"},"content":"        new Alex(\"tasks.txt\").run();","lastModifiedDate":"2025-03-06","isFullCredit":false},{"lineNumber":44,"author":{"gitId":"Ashertan256"},"content":"    }","lastModifiedDate":"2025-01-24","isFullCredit":false},{"lineNumber":45,"author":{"gitId":"Ashertan256"},"content":"}","lastModifiedDate":"2025-01-24","isFullCredit":false}],"authorContributionMap":{"Ashertan256":45}},{"path":"src/main/java/CommandHandlers.java","fileType":"java","lines":[{"lineNumber":1,"author":{"gitId":"Ashertan256"},"content":"public class CommandHandlers {","lastModifiedDate":"2025-03-06","isFullCredit":false},{"lineNumber":2,"author":{"gitId":"Ashertan256"},"content":"","lastModifiedDate":"2025-03-06","isFullCredit":false},{"lineNumber":3,"author":{"gitId":"Ashertan256"},"content":"    public static void handleMark(String input, TaskList tasks, Ui ui) {","lastModifiedDate":"2025-03-06","isFullCredit":false},{"lineNumber":4,"author":{"gitId":"Ashertan256"},"content":"        try {","lastModifiedDate":"2025-03-06","isFullCredit":false},{"lineNumber":5,"author":{"gitId":"Ashertan256"},"content":"            int index \u003d Integer.parseInt(input.substring(4).trim()) - 1;","lastModifiedDate":"2025-03-06","isFullCredit":false},{"lineNumber":6,"author":{"gitId":"Ashertan256"},"content":"            tasks.markTask(index, ui);","lastModifiedDate":"2025-03-06","isFullCredit":false},{"lineNumber":7,"author":{"gitId":"Ashertan256"},"content":"        } catch (Exception e) {","lastModifiedDate":"2025-03-06","isFullCredit":false},{"lineNumber":8,"author":{"gitId":"Ashertan256"},"content":"            ui.showMessage(\"   Specify a valid task number to mark.\");","lastModifiedDate":"2025-03-06","isFullCredit":false},{"lineNumber":9,"author":{"gitId":"Ashertan256"},"content":"        }","lastModifiedDate":"2025-03-06","isFullCredit":false},{"lineNumber":10,"author":{"gitId":"Ashertan256"},"content":"    }","lastModifiedDate":"2025-03-06","isFullCredit":false},{"lineNumber":11,"author":{"gitId":"Ashertan256"},"content":"","lastModifiedDate":"2025-03-06","isFullCredit":false},{"lineNumber":12,"author":{"gitId":"Ashertan256"},"content":"    public static void handleUnmark(String input, TaskList tasks, Ui ui) {","lastModifiedDate":"2025-03-06","isFullCredit":false},{"lineNumber":13,"author":{"gitId":"Ashertan256"},"content":"        try {","lastModifiedDate":"2025-03-06","isFullCredit":false},{"lineNumber":14,"author":{"gitId":"Ashertan256"},"content":"            int index \u003d Integer.parseInt(input.substring(6).trim()) - 1;","lastModifiedDate":"2025-03-06","isFullCredit":false},{"lineNumber":15,"author":{"gitId":"Ashertan256"},"content":"            tasks.unmarkTask(index, ui);","lastModifiedDate":"2025-03-06","isFullCredit":false},{"lineNumber":16,"author":{"gitId":"Ashertan256"},"content":"        } catch (Exception e) {","lastModifiedDate":"2025-03-06","isFullCredit":false},{"lineNumber":17,"author":{"gitId":"Ashertan256"},"content":"            ui.showMessage(\"    Oops! Please specify a valid task number to unmark.\");","lastModifiedDate":"2025-03-06","isFullCredit":false},{"lineNumber":18,"author":{"gitId":"Ashertan256"},"content":"        }","lastModifiedDate":"2025-03-06","isFullCredit":false},{"lineNumber":19,"author":{"gitId":"Ashertan256"},"content":"    }","lastModifiedDate":"2025-03-06","isFullCredit":false},{"lineNumber":20,"author":{"gitId":"Ashertan256"},"content":"","lastModifiedDate":"2025-03-06","isFullCredit":false},{"lineNumber":21,"author":{"gitId":"Ashertan256"},"content":"    public static void handleTodo(String input, TaskList tasks, Ui ui) {","lastModifiedDate":"2025-03-06","isFullCredit":false},{"lineNumber":22,"author":{"gitId":"Ashertan256"},"content":"        String description \u003d input.substring(4).trim();","lastModifiedDate":"2025-03-06","isFullCredit":false},{"lineNumber":23,"author":{"gitId":"Ashertan256"},"content":"        if (description.isEmpty()) {","lastModifiedDate":"2025-03-06","isFullCredit":false},{"lineNumber":24,"author":{"gitId":"Ashertan256"},"content":"            ui.showMessage(\"    Oops! The description of a todo cannot be empty.\");","lastModifiedDate":"2025-03-06","isFullCredit":false},{"lineNumber":25,"author":{"gitId":"Ashertan256"},"content":"            return;","lastModifiedDate":"2025-03-06","isFullCredit":false},{"lineNumber":26,"author":{"gitId":"Ashertan256"},"content":"        }","lastModifiedDate":"2025-03-06","isFullCredit":false},{"lineNumber":27,"author":{"gitId":"Ashertan256"},"content":"        Todo todo \u003d new Todo(description);","lastModifiedDate":"2025-03-06","isFullCredit":false},{"lineNumber":28,"author":{"gitId":"Ashertan256"},"content":"        tasks.addTask(todo, ui);","lastModifiedDate":"2025-03-06","isFullCredit":false},{"lineNumber":29,"author":{"gitId":"Ashertan256"},"content":"    }","lastModifiedDate":"2025-03-06","isFullCredit":false},{"lineNumber":30,"author":{"gitId":"Ashertan256"},"content":"","lastModifiedDate":"2025-03-06","isFullCredit":false},{"lineNumber":31,"author":{"gitId":"Ashertan256"},"content":"    public static void handleDeadline(String input, TaskList tasks, Ui ui) {","lastModifiedDate":"2025-03-06","isFullCredit":false},{"lineNumber":32,"author":{"gitId":"Ashertan256"},"content":"        String withoutCommand \u003d input.substring(8).trim();","lastModifiedDate":"2025-03-06","isFullCredit":false},{"lineNumber":33,"author":{"gitId":"Ashertan256"},"content":"        int byIndex \u003d withoutCommand.indexOf(\"/by\");","lastModifiedDate":"2025-03-06","isFullCredit":false},{"lineNumber":34,"author":{"gitId":"Ashertan256"},"content":"        if (byIndex \u003d\u003d -1) {","lastModifiedDate":"2025-03-06","isFullCredit":false},{"lineNumber":35,"author":{"gitId":"Ashertan256"},"content":"            ui.showMessage(\"    Oops! You must specify \u0027/by \u003cdeadline\u003e\u0027.\");","lastModifiedDate":"2025-03-06","isFullCredit":false},{"lineNumber":36,"author":{"gitId":"Ashertan256"},"content":"            return;","lastModifiedDate":"2025-03-06","isFullCredit":false},{"lineNumber":37,"author":{"gitId":"Ashertan256"},"content":"        }","lastModifiedDate":"2025-03-06","isFullCredit":false},{"lineNumber":38,"author":{"gitId":"Ashertan256"},"content":"        String description \u003d withoutCommand.substring(0, byIndex).trim();","lastModifiedDate":"2025-03-06","isFullCredit":false},{"lineNumber":39,"author":{"gitId":"Ashertan256"},"content":"        String by \u003d withoutCommand.substring(byIndex + 3).trim();","lastModifiedDate":"2025-03-06","isFullCredit":false},{"lineNumber":40,"author":{"gitId":"Ashertan256"},"content":"        if (description.isEmpty() || by.isEmpty()) {","lastModifiedDate":"2025-03-06","isFullCredit":false},{"lineNumber":41,"author":{"gitId":"Ashertan256"},"content":"            ui.showMessage(\"    Oops! The description or deadline is invalid.\");","lastModifiedDate":"2025-03-06","isFullCredit":false},{"lineNumber":42,"author":{"gitId":"Ashertan256"},"content":"            return;","lastModifiedDate":"2025-03-06","isFullCredit":false},{"lineNumber":43,"author":{"gitId":"Ashertan256"},"content":"        }","lastModifiedDate":"2025-03-06","isFullCredit":false},{"lineNumber":44,"author":{"gitId":"Ashertan256"},"content":"        Deadline deadlineTask \u003d new Deadline(description, by);","lastModifiedDate":"2025-03-06","isFullCredit":false},{"lineNumber":45,"author":{"gitId":"Ashertan256"},"content":"        tasks.addTask(deadlineTask, ui);","lastModifiedDate":"2025-03-06","isFullCredit":false},{"lineNumber":46,"author":{"gitId":"Ashertan256"},"content":"    }","lastModifiedDate":"2025-03-06","isFullCredit":false},{"lineNumber":47,"author":{"gitId":"Ashertan256"},"content":"","lastModifiedDate":"2025-03-06","isFullCredit":false},{"lineNumber":48,"author":{"gitId":"Ashertan256"},"content":"    public static void handleEvent(String input, TaskList tasks, Ui ui) {","lastModifiedDate":"2025-03-06","isFullCredit":false},{"lineNumber":49,"author":{"gitId":"Ashertan256"},"content":"        String withoutCommand \u003d input.substring(5).trim();","lastModifiedDate":"2025-03-06","isFullCredit":false},{"lineNumber":50,"author":{"gitId":"Ashertan256"},"content":"        int fromIndex \u003d withoutCommand.indexOf(\"/from\");","lastModifiedDate":"2025-03-06","isFullCredit":false},{"lineNumber":51,"author":{"gitId":"Ashertan256"},"content":"        int toIndex \u003d withoutCommand.indexOf(\"/to\");","lastModifiedDate":"2025-03-06","isFullCredit":false},{"lineNumber":52,"author":{"gitId":"Ashertan256"},"content":"        if (fromIndex \u003d\u003d -1 || toIndex \u003d\u003d -1 || toIndex \u003c fromIndex) {","lastModifiedDate":"2025-03-06","isFullCredit":false},{"lineNumber":53,"author":{"gitId":"Ashertan256"},"content":"            ui.showMessage(\"    Oops! You must specify \u0027/from \u003cstart\u003e\u0027 and \u0027/to \u003cend\u003e\u0027.\");","lastModifiedDate":"2025-03-06","isFullCredit":false},{"lineNumber":54,"author":{"gitId":"Ashertan256"},"content":"            return;","lastModifiedDate":"2025-03-06","isFullCredit":false},{"lineNumber":55,"author":{"gitId":"Ashertan256"},"content":"        }","lastModifiedDate":"2025-03-06","isFullCredit":false},{"lineNumber":56,"author":{"gitId":"Ashertan256"},"content":"        String description \u003d withoutCommand.substring(0, fromIndex).trim();","lastModifiedDate":"2025-03-06","isFullCredit":false},{"lineNumber":57,"author":{"gitId":"Ashertan256"},"content":"        String start \u003d withoutCommand.substring(fromIndex + 5, toIndex).trim();","lastModifiedDate":"2025-03-06","isFullCredit":false},{"lineNumber":58,"author":{"gitId":"Ashertan256"},"content":"        String end \u003d withoutCommand.substring(toIndex + 3).trim();","lastModifiedDate":"2025-03-06","isFullCredit":false},{"lineNumber":59,"author":{"gitId":"Ashertan256"},"content":"        if (description.isEmpty() || start.isEmpty() || end.isEmpty()) {","lastModifiedDate":"2025-03-06","isFullCredit":false},{"lineNumber":60,"author":{"gitId":"Ashertan256"},"content":"            ui.showMessage(\"    Oops! The description, start, or end time is invalid.\");","lastModifiedDate":"2025-03-06","isFullCredit":false},{"lineNumber":61,"author":{"gitId":"Ashertan256"},"content":"            return;","lastModifiedDate":"2025-03-06","isFullCredit":false},{"lineNumber":62,"author":{"gitId":"Ashertan256"},"content":"        }","lastModifiedDate":"2025-03-06","isFullCredit":false},{"lineNumber":63,"author":{"gitId":"Ashertan256"},"content":"        Event eventTask \u003d new Event(description, start, end);","lastModifiedDate":"2025-03-06","isFullCredit":false},{"lineNumber":64,"author":{"gitId":"Ashertan256"},"content":"        tasks.addTask(eventTask, ui);","lastModifiedDate":"2025-03-06","isFullCredit":false},{"lineNumber":65,"author":{"gitId":"Ashertan256"},"content":"    }","lastModifiedDate":"2025-03-06","isFullCredit":false},{"lineNumber":66,"author":{"gitId":"Ashertan256"},"content":"","lastModifiedDate":"2025-03-06","isFullCredit":false},{"lineNumber":67,"author":{"gitId":"Ashertan256"},"content":"    public static void handleDelete(String input, TaskList tasks, Ui ui) {","lastModifiedDate":"2025-03-06","isFullCredit":false},{"lineNumber":68,"author":{"gitId":"Ashertan256"},"content":"        try {","lastModifiedDate":"2025-03-06","isFullCredit":false},{"lineNumber":69,"author":{"gitId":"Ashertan256"},"content":"            int index \u003d Integer.parseInt(input.substring(6).trim()) - 1;","lastModifiedDate":"2025-03-06","isFullCredit":false},{"lineNumber":70,"author":{"gitId":"Ashertan256"},"content":"            tasks.deleteTask(index, ui);","lastModifiedDate":"2025-03-06","isFullCredit":false},{"lineNumber":71,"author":{"gitId":"Ashertan256"},"content":"        } catch (Exception e) {","lastModifiedDate":"2025-03-06","isFullCredit":false},{"lineNumber":72,"author":{"gitId":"Ashertan256"},"content":"            ui.showMessage(\"    Oops! Specify a valid task number to delete.\");","lastModifiedDate":"2025-03-06","isFullCredit":false},{"lineNumber":73,"author":{"gitId":"Ashertan256"},"content":"        }","lastModifiedDate":"2025-03-06","isFullCredit":false},{"lineNumber":74,"author":{"gitId":"Ashertan256"},"content":"    }","lastModifiedDate":"2025-03-06","isFullCredit":false},{"lineNumber":75,"author":{"gitId":"Ashertan256"},"content":"","lastModifiedDate":"2025-03-06","isFullCredit":false},{"lineNumber":76,"author":{"gitId":"Ashertan256"},"content":"    public static void handleFind(String input, TaskList tasks, Ui ui) {","lastModifiedDate":"2025-03-06","isFullCredit":false},{"lineNumber":77,"author":{"gitId":"Ashertan256"},"content":"        // Extract the search keyword","lastModifiedDate":"2025-03-06","isFullCredit":false},{"lineNumber":78,"author":{"gitId":"Ashertan256"},"content":"        String keyword \u003d input.substring(4).trim(); // remove the word \"find\"","lastModifiedDate":"2025-03-06","isFullCredit":false},{"lineNumber":79,"author":{"gitId":"Ashertan256"},"content":"        if (keyword.isEmpty()) {","lastModifiedDate":"2025-03-06","isFullCredit":false},{"lineNumber":80,"author":{"gitId":"Ashertan256"},"content":"            ui.showMessage(\"    Oops! Please specify a keyword to search for.\");","lastModifiedDate":"2025-03-06","isFullCredit":false},{"lineNumber":81,"author":{"gitId":"Ashertan256"},"content":"            return;","lastModifiedDate":"2025-03-06","isFullCredit":false},{"lineNumber":82,"author":{"gitId":"Ashertan256"},"content":"        }","lastModifiedDate":"2025-03-06","isFullCredit":false},{"lineNumber":83,"author":{"gitId":"Ashertan256"},"content":"    ","lastModifiedDate":"2025-03-06","isFullCredit":false},{"lineNumber":84,"author":{"gitId":"Ashertan256"},"content":"        tasks.findTasks(keyword, ui);","lastModifiedDate":"2025-03-06","isFullCredit":false},{"lineNumber":85,"author":{"gitId":"Ashertan256"},"content":"    }","lastModifiedDate":"2025-03-06","isFullCredit":false},{"lineNumber":86,"author":{"gitId":"Ashertan256"},"content":"}","lastModifiedDate":"2025-03-06","isFullCredit":false}],"authorContributionMap":{"Ashertan256":86}},{"path":"src/main/java/Deadline.java","fileType":"java","lines":[{"lineNumber":1,"author":{"gitId":"Ashertan256"},"content":"public class Deadline extends Task {","lastModifiedDate":"2025-02-07","isFullCredit":false},{"lineNumber":2,"author":{"gitId":"Ashertan256"},"content":"    private String deadline;","lastModifiedDate":"2025-02-07","isFullCredit":false},{"lineNumber":3,"author":{"gitId":"Ashertan256"},"content":"","lastModifiedDate":"2025-02-07","isFullCredit":false},{"lineNumber":4,"author":{"gitId":"Ashertan256"},"content":"    public Deadline(String description, String deadline) {","lastModifiedDate":"2025-02-07","isFullCredit":false},{"lineNumber":5,"author":{"gitId":"Ashertan256"},"content":"        super(description);","lastModifiedDate":"2025-02-07","isFullCredit":false},{"lineNumber":6,"author":{"gitId":"Ashertan256"},"content":"        this.deadline \u003d deadline;","lastModifiedDate":"2025-02-07","isFullCredit":false},{"lineNumber":7,"author":{"gitId":"Ashertan256"},"content":"        this.taskType \u003d \"D\";","lastModifiedDate":"2025-02-07","isFullCredit":false},{"lineNumber":8,"author":{"gitId":"Ashertan256"},"content":"    }","lastModifiedDate":"2025-02-07","isFullCredit":false},{"lineNumber":9,"author":{"gitId":"Ashertan256"},"content":"","lastModifiedDate":"2025-02-07","isFullCredit":false},{"lineNumber":10,"author":{"gitId":"Ashertan256"},"content":"    @Override","lastModifiedDate":"2025-02-07","isFullCredit":false},{"lineNumber":11,"author":{"gitId":"Ashertan256"},"content":"    public String toString() {","lastModifiedDate":"2025-02-07","isFullCredit":false},{"lineNumber":12,"author":{"gitId":"Ashertan256"},"content":"        return super.description + \" (by: \" + deadline + \")\";","lastModifiedDate":"2025-02-07","isFullCredit":false},{"lineNumber":13,"author":{"gitId":"Ashertan256"},"content":"    }","lastModifiedDate":"2025-02-07","isFullCredit":false},{"lineNumber":14,"author":{"gitId":"Ashertan256"},"content":"","lastModifiedDate":"2025-03-06","isFullCredit":false},{"lineNumber":15,"author":{"gitId":"Ashertan256"},"content":"    public String getDeadline() {","lastModifiedDate":"2025-02-20","isFullCredit":false},{"lineNumber":16,"author":{"gitId":"Ashertan256"},"content":"        return deadline;","lastModifiedDate":"2025-02-20","isFullCredit":false},{"lineNumber":17,"author":{"gitId":"Ashertan256"},"content":"    }","lastModifiedDate":"2025-02-20","isFullCredit":false},{"lineNumber":18,"author":{"gitId":"Ashertan256"},"content":"}","lastModifiedDate":"2025-02-07","isFullCredit":false}],"authorContributionMap":{"Ashertan256":18}},{"path":"src/main/java/Event.java","fileType":"java","lines":[{"lineNumber":1,"author":{"gitId":"Ashertan256"},"content":"public class Event extends Task {","lastModifiedDate":"2025-02-07","isFullCredit":false},{"lineNumber":2,"author":{"gitId":"Ashertan256"},"content":"    private String start;","lastModifiedDate":"2025-02-07","isFullCredit":false},{"lineNumber":3,"author":{"gitId":"Ashertan256"},"content":"    private String end;","lastModifiedDate":"2025-02-07","isFullCredit":false},{"lineNumber":4,"author":{"gitId":"Ashertan256"},"content":"","lastModifiedDate":"2025-02-07","isFullCredit":false},{"lineNumber":5,"author":{"gitId":"Ashertan256"},"content":"    public Event(String description, String start, String end) {","lastModifiedDate":"2025-02-07","isFullCredit":false},{"lineNumber":6,"author":{"gitId":"Ashertan256"},"content":"        super(description);","lastModifiedDate":"2025-02-07","isFullCredit":false},{"lineNumber":7,"author":{"gitId":"Ashertan256"},"content":"        this.start \u003d start;","lastModifiedDate":"2025-02-07","isFullCredit":false},{"lineNumber":8,"author":{"gitId":"Ashertan256"},"content":"        this.end \u003d end;","lastModifiedDate":"2025-02-07","isFullCredit":false},{"lineNumber":9,"author":{"gitId":"Ashertan256"},"content":"        this.taskType \u003d \"E\";","lastModifiedDate":"2025-02-07","isFullCredit":false},{"lineNumber":10,"author":{"gitId":"Ashertan256"},"content":"    }","lastModifiedDate":"2025-02-07","isFullCredit":false},{"lineNumber":11,"author":{"gitId":"Ashertan256"},"content":"","lastModifiedDate":"2025-02-07","isFullCredit":false},{"lineNumber":12,"author":{"gitId":"Ashertan256"},"content":"    @Override","lastModifiedDate":"2025-02-07","isFullCredit":false},{"lineNumber":13,"author":{"gitId":"Ashertan256"},"content":"    public String toString() {","lastModifiedDate":"2025-02-07","isFullCredit":false},{"lineNumber":14,"author":{"gitId":"Ashertan256"},"content":"        return super.description + \" (from: \" + start + \" to: \" + end + \")\";","lastModifiedDate":"2025-02-07","isFullCredit":false},{"lineNumber":15,"author":{"gitId":"Ashertan256"},"content":"    }","lastModifiedDate":"2025-02-07","isFullCredit":false},{"lineNumber":16,"author":{"gitId":"Ashertan256"},"content":"","lastModifiedDate":"2025-03-06","isFullCredit":false},{"lineNumber":17,"author":{"gitId":"Ashertan256"},"content":"    public String getStart() {","lastModifiedDate":"2025-02-20","isFullCredit":false},{"lineNumber":18,"author":{"gitId":"Ashertan256"},"content":"        return start;","lastModifiedDate":"2025-02-20","isFullCredit":false},{"lineNumber":19,"author":{"gitId":"Ashertan256"},"content":"    }","lastModifiedDate":"2025-02-20","isFullCredit":false},{"lineNumber":20,"author":{"gitId":"Ashertan256"},"content":"","lastModifiedDate":"2025-02-20","isFullCredit":false},{"lineNumber":21,"author":{"gitId":"Ashertan256"},"content":"    public String getEnd() {","lastModifiedDate":"2025-02-20","isFullCredit":false},{"lineNumber":22,"author":{"gitId":"Ashertan256"},"content":"        return end;","lastModifiedDate":"2025-02-20","isFullCredit":false},{"lineNumber":23,"author":{"gitId":"Ashertan256"},"content":"    }","lastModifiedDate":"2025-02-07","isFullCredit":false},{"lineNumber":24,"author":{"gitId":"Ashertan256"},"content":"}","lastModifiedDate":"2025-03-06","isFullCredit":false}],"authorContributionMap":{"Ashertan256":24}},{"path":"src/main/java/Parser.java","fileType":"java","lines":[{"lineNumber":1,"author":{"gitId":"Ashertan256"},"content":"import java.util.Locale;","lastModifiedDate":"2025-03-06","isFullCredit":false},{"lineNumber":2,"author":{"gitId":"Ashertan256"},"content":"","lastModifiedDate":"2025-03-06","isFullCredit":false},{"lineNumber":3,"author":{"gitId":"Ashertan256"},"content":"public class Parser {","lastModifiedDate":"2025-03-06","isFullCredit":false},{"lineNumber":4,"author":{"gitId":"Ashertan256"},"content":"","lastModifiedDate":"2025-03-06","isFullCredit":false},{"lineNumber":5,"author":{"gitId":"Ashertan256"},"content":"    public static boolean isByeCommand(String fullCommand) {","lastModifiedDate":"2025-03-06","isFullCredit":false},{"lineNumber":6,"author":{"gitId":"Ashertan256"},"content":"        return fullCommand.equalsIgnoreCase(\"bye\");","lastModifiedDate":"2025-03-06","isFullCredit":false},{"lineNumber":7,"author":{"gitId":"Ashertan256"},"content":"    }","lastModifiedDate":"2025-03-06","isFullCredit":false},{"lineNumber":8,"author":{"gitId":"Ashertan256"},"content":"","lastModifiedDate":"2025-03-06","isFullCredit":false},{"lineNumber":9,"author":{"gitId":"Ashertan256"},"content":"","lastModifiedDate":"2025-03-06","isFullCredit":false},{"lineNumber":10,"author":{"gitId":"Ashertan256"},"content":"    public static void handleCommand(String fullCommand, TaskList tasks, Ui ui) {","lastModifiedDate":"2025-03-06","isFullCredit":false},{"lineNumber":11,"author":{"gitId":"Ashertan256"},"content":"        String input \u003d fullCommand.trim().toLowerCase(Locale.ROOT);","lastModifiedDate":"2025-03-06","isFullCredit":false},{"lineNumber":12,"author":{"gitId":"Ashertan256"},"content":"","lastModifiedDate":"2025-03-06","isFullCredit":false},{"lineNumber":13,"author":{"gitId":"Ashertan256"},"content":"        if (input.equals(\"list\")) {","lastModifiedDate":"2025-03-06","isFullCredit":false},{"lineNumber":14,"author":{"gitId":"Ashertan256"},"content":"            tasks.listTasks(ui);","lastModifiedDate":"2025-03-06","isFullCredit":false},{"lineNumber":15,"author":{"gitId":"Ashertan256"},"content":"        } else if (input.startsWith(\"mark\")) {","lastModifiedDate":"2025-03-06","isFullCredit":false},{"lineNumber":16,"author":{"gitId":"Ashertan256"},"content":"            CommandHandlers.handleMark(input, tasks, ui);","lastModifiedDate":"2025-03-06","isFullCredit":false},{"lineNumber":17,"author":{"gitId":"Ashertan256"},"content":"        } else if (input.startsWith(\"unmark\")) {","lastModifiedDate":"2025-03-06","isFullCredit":false},{"lineNumber":18,"author":{"gitId":"Ashertan256"},"content":"            CommandHandlers.handleUnmark(input, tasks, ui);","lastModifiedDate":"2025-03-06","isFullCredit":false},{"lineNumber":19,"author":{"gitId":"Ashertan256"},"content":"        } else if (input.startsWith(\"todo\")) {","lastModifiedDate":"2025-03-06","isFullCredit":false},{"lineNumber":20,"author":{"gitId":"Ashertan256"},"content":"            CommandHandlers.handleTodo(input, tasks, ui);","lastModifiedDate":"2025-03-06","isFullCredit":false},{"lineNumber":21,"author":{"gitId":"Ashertan256"},"content":"        } else if (input.startsWith(\"deadline\")) {","lastModifiedDate":"2025-03-06","isFullCredit":false},{"lineNumber":22,"author":{"gitId":"Ashertan256"},"content":"            CommandHandlers.handleDeadline(input, tasks, ui);","lastModifiedDate":"2025-03-06","isFullCredit":false},{"lineNumber":23,"author":{"gitId":"Ashertan256"},"content":"        } else if (input.startsWith(\"event\")) {","lastModifiedDate":"2025-03-06","isFullCredit":false},{"lineNumber":24,"author":{"gitId":"Ashertan256"},"content":"            CommandHandlers.handleEvent(input, tasks, ui);","lastModifiedDate":"2025-03-06","isFullCredit":false},{"lineNumber":25,"author":{"gitId":"Ashertan256"},"content":"        } else if (input.startsWith(\"delete\")) {","lastModifiedDate":"2025-03-06","isFullCredit":false},{"lineNumber":26,"author":{"gitId":"Ashertan256"},"content":"            CommandHandlers.handleDelete(input, tasks, ui);","lastModifiedDate":"2025-03-06","isFullCredit":false},{"lineNumber":27,"author":{"gitId":"Ashertan256"},"content":"        } else if (input.startsWith(\"find\")) {","lastModifiedDate":"2025-03-06","isFullCredit":false},{"lineNumber":28,"author":{"gitId":"Ashertan256"},"content":"            CommandHandlers.handleFind(input, tasks, ui);","lastModifiedDate":"2025-03-06","isFullCredit":false},{"lineNumber":29,"author":{"gitId":"Ashertan256"},"content":"        } else {","lastModifiedDate":"2025-03-06","isFullCredit":false},{"lineNumber":30,"author":{"gitId":"Ashertan256"},"content":"            ui.showMessage(\"    I\u0027m sorry about that! Could you please rephrase or give me more details?\");","lastModifiedDate":"2025-03-06","isFullCredit":false},{"lineNumber":31,"author":{"gitId":"Ashertan256"},"content":"        }","lastModifiedDate":"2025-03-06","isFullCredit":false},{"lineNumber":32,"author":{"gitId":"Ashertan256"},"content":"    }","lastModifiedDate":"2025-03-06","isFullCredit":false},{"lineNumber":33,"author":{"gitId":"Ashertan256"},"content":"}","lastModifiedDate":"2025-03-06","isFullCredit":false}],"authorContributionMap":{"Ashertan256":33}},{"path":"src/main/java/Storage.java","fileType":"java","lines":[{"lineNumber":1,"author":{"gitId":"Ashertan256"},"content":"import java.io.File;","lastModifiedDate":"2025-03-06","isFullCredit":false},{"lineNumber":2,"author":{"gitId":"Ashertan256"},"content":"import java.io.FileWriter;","lastModifiedDate":"2025-03-06","isFullCredit":false},{"lineNumber":3,"author":{"gitId":"Ashertan256"},"content":"import java.io.BufferedWriter;","lastModifiedDate":"2025-03-06","isFullCredit":false},{"lineNumber":4,"author":{"gitId":"Ashertan256"},"content":"import java.io.IOException;","lastModifiedDate":"2025-03-06","isFullCredit":false},{"lineNumber":5,"author":{"gitId":"Ashertan256"},"content":"import java.util.ArrayList;","lastModifiedDate":"2025-03-06","isFullCredit":false},{"lineNumber":6,"author":{"gitId":"Ashertan256"},"content":"import java.util.Scanner;","lastModifiedDate":"2025-03-06","isFullCredit":false},{"lineNumber":7,"author":{"gitId":"Ashertan256"},"content":"","lastModifiedDate":"2025-03-06","isFullCredit":false},{"lineNumber":8,"author":{"gitId":"Ashertan256"},"content":"public class Storage {","lastModifiedDate":"2025-03-06","isFullCredit":false},{"lineNumber":9,"author":{"gitId":"Ashertan256"},"content":"    private final String filePath;","lastModifiedDate":"2025-03-06","isFullCredit":false},{"lineNumber":10,"author":{"gitId":"Ashertan256"},"content":"","lastModifiedDate":"2025-03-06","isFullCredit":false},{"lineNumber":11,"author":{"gitId":"Ashertan256"},"content":"    public Storage(String filePath) {","lastModifiedDate":"2025-03-06","isFullCredit":false},{"lineNumber":12,"author":{"gitId":"Ashertan256"},"content":"        this.filePath \u003d filePath;","lastModifiedDate":"2025-03-06","isFullCredit":false},{"lineNumber":13,"author":{"gitId":"Ashertan256"},"content":"    }","lastModifiedDate":"2025-03-06","isFullCredit":false},{"lineNumber":14,"author":{"gitId":"Ashertan256"},"content":"","lastModifiedDate":"2025-03-06","isFullCredit":false},{"lineNumber":15,"author":{"gitId":"Ashertan256"},"content":"    public ArrayList\u003cTask\u003e loadTasks() throws IOException {","lastModifiedDate":"2025-03-06","isFullCredit":false},{"lineNumber":16,"author":{"gitId":"Ashertan256"},"content":"        ArrayList\u003cTask\u003e loadedTasks \u003d new ArrayList\u003c\u003e();","lastModifiedDate":"2025-03-06","isFullCredit":false},{"lineNumber":17,"author":{"gitId":"Ashertan256"},"content":"","lastModifiedDate":"2025-03-06","isFullCredit":false},{"lineNumber":18,"author":{"gitId":"Ashertan256"},"content":"        File file \u003d new File(filePath);","lastModifiedDate":"2025-03-06","isFullCredit":false},{"lineNumber":19,"author":{"gitId":"Ashertan256"},"content":"        if (!file.exists()) {","lastModifiedDate":"2025-03-06","isFullCredit":false},{"lineNumber":20,"author":{"gitId":"Ashertan256"},"content":"            //if no exist, reurn empty","lastModifiedDate":"2025-03-06","isFullCredit":false},{"lineNumber":21,"author":{"gitId":"Ashertan256"},"content":"            return loadedTasks;","lastModifiedDate":"2025-03-06","isFullCredit":false},{"lineNumber":22,"author":{"gitId":"Ashertan256"},"content":"        }","lastModifiedDate":"2025-03-06","isFullCredit":false},{"lineNumber":23,"author":{"gitId":"Ashertan256"},"content":"","lastModifiedDate":"2025-03-06","isFullCredit":false},{"lineNumber":24,"author":{"gitId":"Ashertan256"},"content":"        try (Scanner fileScanner \u003d new Scanner(file)) {","lastModifiedDate":"2025-03-06","isFullCredit":false},{"lineNumber":25,"author":{"gitId":"Ashertan256"},"content":"            while (fileScanner.hasNextLine()) {","lastModifiedDate":"2025-03-06","isFullCredit":false},{"lineNumber":26,"author":{"gitId":"Ashertan256"},"content":"                String line \u003d fileScanner.nextLine();","lastModifiedDate":"2025-03-06","isFullCredit":false},{"lineNumber":27,"author":{"gitId":"Ashertan256"},"content":"                Task task \u003d parseTaskLine(line);","lastModifiedDate":"2025-03-06","isFullCredit":false},{"lineNumber":28,"author":{"gitId":"Ashertan256"},"content":"                if (task !\u003d null) {","lastModifiedDate":"2025-03-06","isFullCredit":false},{"lineNumber":29,"author":{"gitId":"Ashertan256"},"content":"                    loadedTasks.add(task);","lastModifiedDate":"2025-03-06","isFullCredit":false},{"lineNumber":30,"author":{"gitId":"Ashertan256"},"content":"                }","lastModifiedDate":"2025-03-06","isFullCredit":false},{"lineNumber":31,"author":{"gitId":"Ashertan256"},"content":"            }","lastModifiedDate":"2025-03-06","isFullCredit":false},{"lineNumber":32,"author":{"gitId":"Ashertan256"},"content":"        }","lastModifiedDate":"2025-03-06","isFullCredit":false},{"lineNumber":33,"author":{"gitId":"Ashertan256"},"content":"        return loadedTasks;","lastModifiedDate":"2025-03-06","isFullCredit":false},{"lineNumber":34,"author":{"gitId":"Ashertan256"},"content":"    }","lastModifiedDate":"2025-03-06","isFullCredit":false},{"lineNumber":35,"author":{"gitId":"Ashertan256"},"content":"","lastModifiedDate":"2025-03-06","isFullCredit":false},{"lineNumber":36,"author":{"gitId":"Ashertan256"},"content":"    //save","lastModifiedDate":"2025-03-06","isFullCredit":false},{"lineNumber":37,"author":{"gitId":"Ashertan256"},"content":"    public void saveTasks(ArrayList\u003cTask\u003e tasks) throws IOException {","lastModifiedDate":"2025-03-06","isFullCredit":false},{"lineNumber":38,"author":{"gitId":"Ashertan256"},"content":"        try (BufferedWriter writer \u003d new BufferedWriter(new FileWriter(filePath))) {","lastModifiedDate":"2025-03-06","isFullCredit":false},{"lineNumber":39,"author":{"gitId":"Ashertan256"},"content":"            for (Task task : tasks) {","lastModifiedDate":"2025-03-06","isFullCredit":false},{"lineNumber":40,"author":{"gitId":"Ashertan256"},"content":"                writer.write(convertTaskToString(task));","lastModifiedDate":"2025-03-06","isFullCredit":false},{"lineNumber":41,"author":{"gitId":"Ashertan256"},"content":"                writer.newLine();","lastModifiedDate":"2025-03-06","isFullCredit":false},{"lineNumber":42,"author":{"gitId":"Ashertan256"},"content":"            }","lastModifiedDate":"2025-03-06","isFullCredit":false},{"lineNumber":43,"author":{"gitId":"Ashertan256"},"content":"        }","lastModifiedDate":"2025-03-06","isFullCredit":false},{"lineNumber":44,"author":{"gitId":"Ashertan256"},"content":"    }","lastModifiedDate":"2025-03-06","isFullCredit":false},{"lineNumber":45,"author":{"gitId":"Ashertan256"},"content":"","lastModifiedDate":"2025-03-06","isFullCredit":false},{"lineNumber":46,"author":{"gitId":"Ashertan256"},"content":"    //split into diff parts","lastModifiedDate":"2025-03-06","isFullCredit":false},{"lineNumber":47,"author":{"gitId":"Ashertan256"},"content":"    private Task parseTaskLine(String line) {","lastModifiedDate":"2025-03-06","isFullCredit":false},{"lineNumber":48,"author":{"gitId":"Ashertan256"},"content":"        String[] parts \u003d line.split(\"\\\\|\");","lastModifiedDate":"2025-03-06","isFullCredit":false},{"lineNumber":49,"author":{"gitId":"Ashertan256"},"content":"        // Trim each part","lastModifiedDate":"2025-03-06","isFullCredit":false},{"lineNumber":50,"author":{"gitId":"Ashertan256"},"content":"        for (int i \u003d 0; i \u003c parts.length; i++) {","lastModifiedDate":"2025-03-06","isFullCredit":false},{"lineNumber":51,"author":{"gitId":"Ashertan256"},"content":"            parts[i] \u003d parts[i].trim();","lastModifiedDate":"2025-03-06","isFullCredit":false},{"lineNumber":52,"author":{"gitId":"Ashertan256"},"content":"        }","lastModifiedDate":"2025-03-06","isFullCredit":false},{"lineNumber":53,"author":{"gitId":"Ashertan256"},"content":"        if (parts.length \u003c 3) {","lastModifiedDate":"2025-03-06","isFullCredit":false},{"lineNumber":54,"author":{"gitId":"Ashertan256"},"content":"            return null;","lastModifiedDate":"2025-03-06","isFullCredit":false},{"lineNumber":55,"author":{"gitId":"Ashertan256"},"content":"        }","lastModifiedDate":"2025-03-06","isFullCredit":false},{"lineNumber":56,"author":{"gitId":"Ashertan256"},"content":"        String taskType \u003d parts[0];","lastModifiedDate":"2025-03-06","isFullCredit":false},{"lineNumber":57,"author":{"gitId":"Ashertan256"},"content":"        boolean isDone \u003d Boolean.parseBoolean(parts[1]);","lastModifiedDate":"2025-03-06","isFullCredit":false},{"lineNumber":58,"author":{"gitId":"Ashertan256"},"content":"        String description \u003d parts[2];","lastModifiedDate":"2025-03-06","isFullCredit":false},{"lineNumber":59,"author":{"gitId":"Ashertan256"},"content":"        Task task \u003d null;","lastModifiedDate":"2025-03-06","isFullCredit":false},{"lineNumber":60,"author":{"gitId":"Ashertan256"},"content":"","lastModifiedDate":"2025-03-06","isFullCredit":false},{"lineNumber":61,"author":{"gitId":"Ashertan256"},"content":"        switch (taskType) {","lastModifiedDate":"2025-03-06","isFullCredit":false},{"lineNumber":62,"author":{"gitId":"Ashertan256"},"content":"        case \"T\":","lastModifiedDate":"2025-03-06","isFullCredit":false},{"lineNumber":63,"author":{"gitId":"Ashertan256"},"content":"            task \u003d new Todo(description);","lastModifiedDate":"2025-03-06","isFullCredit":false},{"lineNumber":64,"author":{"gitId":"Ashertan256"},"content":"            break;","lastModifiedDate":"2025-03-06","isFullCredit":false},{"lineNumber":65,"author":{"gitId":"Ashertan256"},"content":"        case \"D\":","lastModifiedDate":"2025-03-06","isFullCredit":false},{"lineNumber":66,"author":{"gitId":"Ashertan256"},"content":"            if (parts.length \u003e\u003d 4) {","lastModifiedDate":"2025-03-06","isFullCredit":false},{"lineNumber":67,"author":{"gitId":"Ashertan256"},"content":"                String deadline \u003d parts[3];","lastModifiedDate":"2025-03-06","isFullCredit":false},{"lineNumber":68,"author":{"gitId":"Ashertan256"},"content":"                task \u003d new Deadline(description, deadline);","lastModifiedDate":"2025-03-06","isFullCredit":false},{"lineNumber":69,"author":{"gitId":"Ashertan256"},"content":"            }","lastModifiedDate":"2025-03-06","isFullCredit":false},{"lineNumber":70,"author":{"gitId":"Ashertan256"},"content":"            break;","lastModifiedDate":"2025-03-06","isFullCredit":false},{"lineNumber":71,"author":{"gitId":"Ashertan256"},"content":"        case \"E\":","lastModifiedDate":"2025-03-06","isFullCredit":false},{"lineNumber":72,"author":{"gitId":"Ashertan256"},"content":"            if (parts.length \u003e\u003d 5) {","lastModifiedDate":"2025-03-06","isFullCredit":false},{"lineNumber":73,"author":{"gitId":"Ashertan256"},"content":"                String start \u003d parts[3];","lastModifiedDate":"2025-03-06","isFullCredit":false},{"lineNumber":74,"author":{"gitId":"Ashertan256"},"content":"                String end \u003d parts[4];","lastModifiedDate":"2025-03-06","isFullCredit":false},{"lineNumber":75,"author":{"gitId":"Ashertan256"},"content":"                task \u003d new Event(description, start, end);","lastModifiedDate":"2025-03-06","isFullCredit":false},{"lineNumber":76,"author":{"gitId":"Ashertan256"},"content":"            }","lastModifiedDate":"2025-03-06","isFullCredit":false},{"lineNumber":77,"author":{"gitId":"Ashertan256"},"content":"            break;","lastModifiedDate":"2025-03-06","isFullCredit":false},{"lineNumber":78,"author":{"gitId":"Ashertan256"},"content":"        default:","lastModifiedDate":"2025-03-06","isFullCredit":false},{"lineNumber":79,"author":{"gitId":"Ashertan256"},"content":"            return null;","lastModifiedDate":"2025-03-06","isFullCredit":false},{"lineNumber":80,"author":{"gitId":"Ashertan256"},"content":"        }","lastModifiedDate":"2025-03-06","isFullCredit":false},{"lineNumber":81,"author":{"gitId":"Ashertan256"},"content":"","lastModifiedDate":"2025-03-06","isFullCredit":false},{"lineNumber":82,"author":{"gitId":"Ashertan256"},"content":"        if (task !\u003d null \u0026\u0026 isDone) {","lastModifiedDate":"2025-03-06","isFullCredit":false},{"lineNumber":83,"author":{"gitId":"Ashertan256"},"content":"            task.setMark();","lastModifiedDate":"2025-03-06","isFullCredit":false},{"lineNumber":84,"author":{"gitId":"Ashertan256"},"content":"        }","lastModifiedDate":"2025-03-06","isFullCredit":false},{"lineNumber":85,"author":{"gitId":"Ashertan256"},"content":"        return task;","lastModifiedDate":"2025-03-06","isFullCredit":false},{"lineNumber":86,"author":{"gitId":"Ashertan256"},"content":"    }","lastModifiedDate":"2025-03-06","isFullCredit":false},{"lineNumber":87,"author":{"gitId":"Ashertan256"},"content":"","lastModifiedDate":"2025-03-06","isFullCredit":false},{"lineNumber":88,"author":{"gitId":"Ashertan256"},"content":"    private String convertTaskToString(Task task) {","lastModifiedDate":"2025-03-06","isFullCredit":false},{"lineNumber":89,"author":{"gitId":"Ashertan256"},"content":"        StringBuilder sb \u003d new StringBuilder();","lastModifiedDate":"2025-03-06","isFullCredit":false},{"lineNumber":90,"author":{"gitId":"Ashertan256"},"content":"        sb.append(task.getTaskType()).append(\"|\")","lastModifiedDate":"2025-03-06","isFullCredit":false},{"lineNumber":91,"author":{"gitId":"Ashertan256"},"content":"          .append(task.isDone).append(\"|\")","lastModifiedDate":"2025-03-06","isFullCredit":false},{"lineNumber":92,"author":{"gitId":"Ashertan256"},"content":"          .append(task.description);","lastModifiedDate":"2025-03-06","isFullCredit":false},{"lineNumber":93,"author":{"gitId":"Ashertan256"},"content":"        if (task instanceof Deadline) {","lastModifiedDate":"2025-03-06","isFullCredit":false},{"lineNumber":94,"author":{"gitId":"Ashertan256"},"content":"            Deadline d \u003d (Deadline) task;","lastModifiedDate":"2025-03-06","isFullCredit":false},{"lineNumber":95,"author":{"gitId":"Ashertan256"},"content":"            sb.append(\"|\").append(d.getDeadline());","lastModifiedDate":"2025-03-06","isFullCredit":false},{"lineNumber":96,"author":{"gitId":"Ashertan256"},"content":"        } else if (task instanceof Event) {","lastModifiedDate":"2025-03-06","isFullCredit":false},{"lineNumber":97,"author":{"gitId":"Ashertan256"},"content":"            Event e \u003d (Event) task;","lastModifiedDate":"2025-03-06","isFullCredit":false},{"lineNumber":98,"author":{"gitId":"Ashertan256"},"content":"            sb.append(\"|\").append(e.getStart()).append(\"|\").append(e.getEnd());","lastModifiedDate":"2025-03-06","isFullCredit":false},{"lineNumber":99,"author":{"gitId":"Ashertan256"},"content":"        }","lastModifiedDate":"2025-03-06","isFullCredit":false},{"lineNumber":100,"author":{"gitId":"Ashertan256"},"content":"        return sb.toString();","lastModifiedDate":"2025-03-06","isFullCredit":false},{"lineNumber":101,"author":{"gitId":"Ashertan256"},"content":"    }","lastModifiedDate":"2025-03-06","isFullCredit":false},{"lineNumber":102,"author":{"gitId":"Ashertan256"},"content":"}","lastModifiedDate":"2025-03-06","isFullCredit":false}],"authorContributionMap":{"Ashertan256":102}},{"path":"src/main/java/Task.java","fileType":"java","lines":[{"lineNumber":1,"author":{"gitId":"Ashertan256"},"content":"public class Task {","lastModifiedDate":"2025-02-07","isFullCredit":false},{"lineNumber":2,"author":{"gitId":"Ashertan256"},"content":"    protected String description;","lastModifiedDate":"2025-02-07","isFullCredit":false},{"lineNumber":3,"author":{"gitId":"Ashertan256"},"content":"    protected boolean isDone;","lastModifiedDate":"2025-02-07","isFullCredit":false},{"lineNumber":4,"author":{"gitId":"Ashertan256"},"content":"    protected String taskType;","lastModifiedDate":"2025-02-08","isFullCredit":false},{"lineNumber":5,"author":{"gitId":"Ashertan256"},"content":"","lastModifiedDate":"2025-02-07","isFullCredit":false},{"lineNumber":6,"author":{"gitId":"Ashertan256"},"content":"    public Task(String description) {","lastModifiedDate":"2025-02-07","isFullCredit":false},{"lineNumber":7,"author":{"gitId":"Ashertan256"},"content":"        this.description \u003d description;","lastModifiedDate":"2025-02-07","isFullCredit":false},{"lineNumber":8,"author":{"gitId":"Ashertan256"},"content":"        this.isDone \u003d false;","lastModifiedDate":"2025-02-07","isFullCredit":false},{"lineNumber":9,"author":{"gitId":"Ashertan256"},"content":"        this.taskType \u003d \"\";","lastModifiedDate":"2025-02-08","isFullCredit":false},{"lineNumber":10,"author":{"gitId":"Ashertan256"},"content":"    }","lastModifiedDate":"2025-02-07","isFullCredit":false},{"lineNumber":11,"author":{"gitId":"Ashertan256"},"content":"","lastModifiedDate":"2025-02-07","isFullCredit":false},{"lineNumber":12,"author":{"gitId":"Ashertan256"},"content":"    public void setMark() {","lastModifiedDate":"2025-02-07","isFullCredit":false},{"lineNumber":13,"author":{"gitId":"Ashertan256"},"content":"        this.isDone \u003d true;","lastModifiedDate":"2025-02-07","isFullCredit":false},{"lineNumber":14,"author":{"gitId":"Ashertan256"},"content":"    }","lastModifiedDate":"2025-02-07","isFullCredit":false},{"lineNumber":15,"author":{"gitId":"Ashertan256"},"content":"","lastModifiedDate":"2025-02-07","isFullCredit":false},{"lineNumber":16,"author":{"gitId":"Ashertan256"},"content":"    public void setUnmark() {","lastModifiedDate":"2025-02-07","isFullCredit":false},{"lineNumber":17,"author":{"gitId":"Ashertan256"},"content":"        this.isDone \u003d false;","lastModifiedDate":"2025-02-07","isFullCredit":false},{"lineNumber":18,"author":{"gitId":"Ashertan256"},"content":"    }","lastModifiedDate":"2025-02-07","isFullCredit":false},{"lineNumber":19,"author":{"gitId":"Ashertan256"},"content":"","lastModifiedDate":"2025-02-07","isFullCredit":false},{"lineNumber":20,"author":{"gitId":"Ashertan256"},"content":"    public String getStatusIcon() {","lastModifiedDate":"2025-02-07","isFullCredit":false},{"lineNumber":21,"author":{"gitId":"Ashertan256"},"content":"        return (isDone ? \"X\" : \" \");","lastModifiedDate":"2025-02-08","isFullCredit":false},{"lineNumber":22,"author":{"gitId":"Ashertan256"},"content":"    }","lastModifiedDate":"2025-02-07","isFullCredit":false},{"lineNumber":23,"author":{"gitId":"Ashertan256"},"content":"","lastModifiedDate":"2025-02-07","isFullCredit":false},{"lineNumber":24,"author":{"gitId":"Ashertan256"},"content":"    public String getTaskType() {","lastModifiedDate":"2025-02-07","isFullCredit":false},{"lineNumber":25,"author":{"gitId":"Ashertan256"},"content":"        return this.taskType;","lastModifiedDate":"2025-02-07","isFullCredit":false},{"lineNumber":26,"author":{"gitId":"Ashertan256"},"content":"    }","lastModifiedDate":"2025-02-07","isFullCredit":false},{"lineNumber":27,"author":{"gitId":"Ashertan256"},"content":"","lastModifiedDate":"2025-02-07","isFullCredit":false},{"lineNumber":28,"author":{"gitId":"Ashertan256"},"content":"    @Override","lastModifiedDate":"2025-02-07","isFullCredit":false},{"lineNumber":29,"author":{"gitId":"Ashertan256"},"content":"    public String toString() {","lastModifiedDate":"2025-02-07","isFullCredit":false},{"lineNumber":30,"author":{"gitId":"Ashertan256"},"content":"        return description;","lastModifiedDate":"2025-02-07","isFullCredit":false},{"lineNumber":31,"author":{"gitId":"Ashertan256"},"content":"    }","lastModifiedDate":"2025-02-07","isFullCredit":false},{"lineNumber":32,"author":{"gitId":"Ashertan256"},"content":"}","lastModifiedDate":"2025-02-07","isFullCredit":false}],"authorContributionMap":{"Ashertan256":32}},{"path":"src/main/java/TaskList.java","fileType":"java","lines":[{"lineNumber":1,"author":{"gitId":"Ashertan256"},"content":"import java.util.ArrayList;","lastModifiedDate":"2025-03-06","isFullCredit":false},{"lineNumber":2,"author":{"gitId":"Ashertan256"},"content":"","lastModifiedDate":"2025-03-06","isFullCredit":false},{"lineNumber":3,"author":{"gitId":"Ashertan256"},"content":"public class TaskList {","lastModifiedDate":"2025-03-06","isFullCredit":false},{"lineNumber":4,"author":{"gitId":"Ashertan256"},"content":"    private ArrayList\u003cTask\u003e tasks;","lastModifiedDate":"2025-03-06","isFullCredit":false},{"lineNumber":5,"author":{"gitId":"Ashertan256"},"content":"","lastModifiedDate":"2025-03-06","isFullCredit":false},{"lineNumber":6,"author":{"gitId":"Ashertan256"},"content":"    public TaskList() {","lastModifiedDate":"2025-03-06","isFullCredit":false},{"lineNumber":7,"author":{"gitId":"Ashertan256"},"content":"        this.tasks \u003d new ArrayList\u003c\u003e();","lastModifiedDate":"2025-03-06","isFullCredit":false},{"lineNumber":8,"author":{"gitId":"Ashertan256"},"content":"    }","lastModifiedDate":"2025-03-06","isFullCredit":false},{"lineNumber":9,"author":{"gitId":"Ashertan256"},"content":"","lastModifiedDate":"2025-03-06","isFullCredit":false},{"lineNumber":10,"author":{"gitId":"Ashertan256"},"content":"    public TaskList(ArrayList\u003cTask\u003e tasks) {","lastModifiedDate":"2025-03-06","isFullCredit":false},{"lineNumber":11,"author":{"gitId":"Ashertan256"},"content":"        this.tasks \u003d tasks;","lastModifiedDate":"2025-03-06","isFullCredit":false},{"lineNumber":12,"author":{"gitId":"Ashertan256"},"content":"    }","lastModifiedDate":"2025-03-06","isFullCredit":false},{"lineNumber":13,"author":{"gitId":"Ashertan256"},"content":"","lastModifiedDate":"2025-03-06","isFullCredit":false},{"lineNumber":14,"author":{"gitId":"Ashertan256"},"content":"    public ArrayList\u003cTask\u003e getAllTasks() {","lastModifiedDate":"2025-03-06","isFullCredit":false},{"lineNumber":15,"author":{"gitId":"Ashertan256"},"content":"        return tasks;","lastModifiedDate":"2025-03-06","isFullCredit":false},{"lineNumber":16,"author":{"gitId":"Ashertan256"},"content":"    }","lastModifiedDate":"2025-03-06","isFullCredit":false},{"lineNumber":17,"author":{"gitId":"Ashertan256"},"content":"","lastModifiedDate":"2025-03-06","isFullCredit":false},{"lineNumber":18,"author":{"gitId":"Ashertan256"},"content":"    public void addTask(Task task, Ui ui) {","lastModifiedDate":"2025-03-06","isFullCredit":false},{"lineNumber":19,"author":{"gitId":"Ashertan256"},"content":"        tasks.add(task);","lastModifiedDate":"2025-03-06","isFullCredit":false},{"lineNumber":20,"author":{"gitId":"Ashertan256"},"content":"        ui.showMessage(\"    ____________________________________________________________\");","lastModifiedDate":"2025-03-06","isFullCredit":false},{"lineNumber":21,"author":{"gitId":"Ashertan256"},"content":"        ui.showMessage(\"    I\u0027ve added this task:\");","lastModifiedDate":"2025-03-06","isFullCredit":false},{"lineNumber":22,"author":{"gitId":"Ashertan256"},"content":"        ui.showMessage(\"       [\" + task.getTaskType() + \"][\" + task.getStatusIcon() + \"] \" + task.description);","lastModifiedDate":"2025-03-06","isFullCredit":false},{"lineNumber":23,"author":{"gitId":"Ashertan256"},"content":"        ui.showMessage(\"     Now you have \" + tasks.size() + \" tasks in the list.\");","lastModifiedDate":"2025-03-06","isFullCredit":false},{"lineNumber":24,"author":{"gitId":"Ashertan256"},"content":"        ui.showMessage(\"    ____________________________________________________________\");","lastModifiedDate":"2025-03-06","isFullCredit":false},{"lineNumber":25,"author":{"gitId":"Ashertan256"},"content":"    }","lastModifiedDate":"2025-03-06","isFullCredit":false},{"lineNumber":26,"author":{"gitId":"Ashertan256"},"content":"","lastModifiedDate":"2025-03-06","isFullCredit":false},{"lineNumber":27,"author":{"gitId":"Ashertan256"},"content":"    public void deleteTask(int index, Ui ui) {","lastModifiedDate":"2025-03-06","isFullCredit":false},{"lineNumber":28,"author":{"gitId":"Ashertan256"},"content":"        if (index \u003c 0 || index \u003e\u003d tasks.size()) {","lastModifiedDate":"2025-03-06","isFullCredit":false},{"lineNumber":29,"author":{"gitId":"Ashertan256"},"content":"            throw new IndexOutOfBoundsException();","lastModifiedDate":"2025-03-06","isFullCredit":false},{"lineNumber":30,"author":{"gitId":"Ashertan256"},"content":"        }","lastModifiedDate":"2025-03-06","isFullCredit":false},{"lineNumber":31,"author":{"gitId":"Ashertan256"},"content":"        Task deletedTask \u003d tasks.get(index);","lastModifiedDate":"2025-03-06","isFullCredit":false},{"lineNumber":32,"author":{"gitId":"Ashertan256"},"content":"        tasks.remove(index);","lastModifiedDate":"2025-03-06","isFullCredit":false},{"lineNumber":33,"author":{"gitId":"Ashertan256"},"content":"        ui.showMessage(\"    ____________________________________________________________\");","lastModifiedDate":"2025-03-06","isFullCredit":false},{"lineNumber":34,"author":{"gitId":"Ashertan256"},"content":"        ui.showMessage(\"    The task has been removed. Let me know if you need anything else!\");","lastModifiedDate":"2025-03-06","isFullCredit":false},{"lineNumber":35,"author":{"gitId":"Ashertan256"},"content":"        ui.showMessage(\"       [\" + deletedTask.getTaskType() + \"][\" ","lastModifiedDate":"2025-03-06","isFullCredit":false},{"lineNumber":36,"author":{"gitId":"Ashertan256"},"content":"                       + deletedTask.getStatusIcon() + \"] \" ","lastModifiedDate":"2025-03-06","isFullCredit":false},{"lineNumber":37,"author":{"gitId":"Ashertan256"},"content":"                       + deletedTask.description);","lastModifiedDate":"2025-03-06","isFullCredit":false},{"lineNumber":38,"author":{"gitId":"Ashertan256"},"content":"        ui.showMessage(\"    ____________________________________________________________\");","lastModifiedDate":"2025-03-06","isFullCredit":false},{"lineNumber":39,"author":{"gitId":"Ashertan256"},"content":"    }","lastModifiedDate":"2025-03-06","isFullCredit":false},{"lineNumber":40,"author":{"gitId":"Ashertan256"},"content":"","lastModifiedDate":"2025-03-06","isFullCredit":false},{"lineNumber":41,"author":{"gitId":"Ashertan256"},"content":"    public void listTasks(Ui ui) {","lastModifiedDate":"2025-03-06","isFullCredit":false},{"lineNumber":42,"author":{"gitId":"Ashertan256"},"content":"        ui.showMessage(\"    ____________________________________________________________\");","lastModifiedDate":"2025-03-06","isFullCredit":false},{"lineNumber":43,"author":{"gitId":"Ashertan256"},"content":"        if (tasks.isEmpty()) {","lastModifiedDate":"2025-03-06","isFullCredit":false},{"lineNumber":44,"author":{"gitId":"Ashertan256"},"content":"            ui.showMessage(\"     You have nothing in your Todo. Go and enjoy your day!\");","lastModifiedDate":"2025-03-06","isFullCredit":false},{"lineNumber":45,"author":{"gitId":"Ashertan256"},"content":"        } else {","lastModifiedDate":"2025-03-06","isFullCredit":false},{"lineNumber":46,"author":{"gitId":"Ashertan256"},"content":"            ui.showMessage(\"     Here are the tasks in your list:\");","lastModifiedDate":"2025-03-06","isFullCredit":false},{"lineNumber":47,"author":{"gitId":"Ashertan256"},"content":"            for (int i \u003d 0; i \u003c tasks.size(); i++) {","lastModifiedDate":"2025-03-06","isFullCredit":false},{"lineNumber":48,"author":{"gitId":"Ashertan256"},"content":"                Task t \u003d tasks.get(i);","lastModifiedDate":"2025-03-06","isFullCredit":false},{"lineNumber":49,"author":{"gitId":"Ashertan256"},"content":"                ui.showMessage(\"     \" + (i + 1) + \".[\" + t.getTaskType() + \"][\" + t.getStatusIcon() + \"] \" + t);","lastModifiedDate":"2025-03-06","isFullCredit":false},{"lineNumber":50,"author":{"gitId":"Ashertan256"},"content":"            }","lastModifiedDate":"2025-03-06","isFullCredit":false},{"lineNumber":51,"author":{"gitId":"Ashertan256"},"content":"        }","lastModifiedDate":"2025-03-06","isFullCredit":false},{"lineNumber":52,"author":{"gitId":"Ashertan256"},"content":"        ui.showMessage(\"    ____________________________________________________________\");","lastModifiedDate":"2025-03-06","isFullCredit":false},{"lineNumber":53,"author":{"gitId":"Ashertan256"},"content":"    }","lastModifiedDate":"2025-03-06","isFullCredit":false},{"lineNumber":54,"author":{"gitId":"Ashertan256"},"content":"","lastModifiedDate":"2025-03-06","isFullCredit":false},{"lineNumber":55,"author":{"gitId":"Ashertan256"},"content":"    public void markTask(int index, Ui ui) {","lastModifiedDate":"2025-03-06","isFullCredit":false},{"lineNumber":56,"author":{"gitId":"Ashertan256"},"content":"        if (index \u003c 0 || index \u003e\u003d tasks.size()) {","lastModifiedDate":"2025-03-06","isFullCredit":false},{"lineNumber":57,"author":{"gitId":"Ashertan256"},"content":"            throw new IndexOutOfBoundsException();","lastModifiedDate":"2025-03-06","isFullCredit":false},{"lineNumber":58,"author":{"gitId":"Ashertan256"},"content":"        }","lastModifiedDate":"2025-03-06","isFullCredit":false},{"lineNumber":59,"author":{"gitId":"Ashertan256"},"content":"        Task t \u003d tasks.get(index);","lastModifiedDate":"2025-03-06","isFullCredit":false},{"lineNumber":60,"author":{"gitId":"Ashertan256"},"content":"        t.setMark();","lastModifiedDate":"2025-03-06","isFullCredit":false},{"lineNumber":61,"author":{"gitId":"Ashertan256"},"content":"        ui.showMessage(\"    ____________________________________________________________\");","lastModifiedDate":"2025-03-06","isFullCredit":false},{"lineNumber":62,"author":{"gitId":"Ashertan256"},"content":"        ui.showMessage(\"     Great~!! I\u0027ve marked this task as done:\");","lastModifiedDate":"2025-03-06","isFullCredit":false},{"lineNumber":63,"author":{"gitId":"Ashertan256"},"content":"        ui.showMessage(\"       [\" + t.getTaskType() + \"][\" + t.getStatusIcon() + \"] \" + t.description);","lastModifiedDate":"2025-03-06","isFullCredit":false},{"lineNumber":64,"author":{"gitId":"Ashertan256"},"content":"        ui.showMessage(\"    ____________________________________________________________\");","lastModifiedDate":"2025-03-06","isFullCredit":false},{"lineNumber":65,"author":{"gitId":"Ashertan256"},"content":"    }","lastModifiedDate":"2025-03-06","isFullCredit":false},{"lineNumber":66,"author":{"gitId":"Ashertan256"},"content":"","lastModifiedDate":"2025-03-06","isFullCredit":false},{"lineNumber":67,"author":{"gitId":"Ashertan256"},"content":"    public void unmarkTask(int index, Ui ui) {","lastModifiedDate":"2025-03-06","isFullCredit":false},{"lineNumber":68,"author":{"gitId":"Ashertan256"},"content":"        if (index \u003c 0 || index \u003e\u003d tasks.size()) {","lastModifiedDate":"2025-03-06","isFullCredit":false},{"lineNumber":69,"author":{"gitId":"Ashertan256"},"content":"            throw new IndexOutOfBoundsException();","lastModifiedDate":"2025-03-06","isFullCredit":false},{"lineNumber":70,"author":{"gitId":"Ashertan256"},"content":"        }","lastModifiedDate":"2025-03-06","isFullCredit":false},{"lineNumber":71,"author":{"gitId":"Ashertan256"},"content":"        Task t \u003d tasks.get(index);","lastModifiedDate":"2025-03-06","isFullCredit":false},{"lineNumber":72,"author":{"gitId":"Ashertan256"},"content":"        t.setUnmark();","lastModifiedDate":"2025-03-06","isFullCredit":false},{"lineNumber":73,"author":{"gitId":"Ashertan256"},"content":"        ui.showMessage(\"    ____________________________________________________________\");","lastModifiedDate":"2025-03-06","isFullCredit":false},{"lineNumber":74,"author":{"gitId":"Ashertan256"},"content":"        ui.showMessage(\"     Good job, I\u0027ve marked this task as not done yet:\");","lastModifiedDate":"2025-03-06","isFullCredit":false},{"lineNumber":75,"author":{"gitId":"Ashertan256"},"content":"        ui.showMessage(\"       [\" + t.getTaskType() + \"][\" + t.getStatusIcon() + \"] \" + t.description);","lastModifiedDate":"2025-03-06","isFullCredit":false},{"lineNumber":76,"author":{"gitId":"Ashertan256"},"content":"        ui.showMessage(\"    ____________________________________________________________\");","lastModifiedDate":"2025-03-06","isFullCredit":false},{"lineNumber":77,"author":{"gitId":"Ashertan256"},"content":"    }","lastModifiedDate":"2025-03-06","isFullCredit":false},{"lineNumber":78,"author":{"gitId":"Ashertan256"},"content":"","lastModifiedDate":"2025-03-06","isFullCredit":false},{"lineNumber":79,"author":{"gitId":"Ashertan256"},"content":"    public void findTasks(String keyword, Ui ui) {","lastModifiedDate":"2025-03-06","isFullCredit":false},{"lineNumber":80,"author":{"gitId":"Ashertan256"},"content":"        ArrayList\u003cTask\u003e matchingTasks \u003d new ArrayList\u003c\u003e();","lastModifiedDate":"2025-03-06","isFullCredit":false},{"lineNumber":81,"author":{"gitId":"Ashertan256"},"content":"    ","lastModifiedDate":"2025-03-06","isFullCredit":false},{"lineNumber":82,"author":{"gitId":"Ashertan256"},"content":"        for (Task t : tasks) {","lastModifiedDate":"2025-03-06","isFullCredit":false},{"lineNumber":83,"author":{"gitId":"Ashertan256"},"content":"            if (t.description.toLowerCase().contains(keyword.toLowerCase())) {//lowercase to remove case sensitivity","lastModifiedDate":"2025-03-06","isFullCredit":false},{"lineNumber":84,"author":{"gitId":"Ashertan256"},"content":"                matchingTasks.add(t);","lastModifiedDate":"2025-03-06","isFullCredit":false},{"lineNumber":85,"author":{"gitId":"Ashertan256"},"content":"            }","lastModifiedDate":"2025-03-06","isFullCredit":false},{"lineNumber":86,"author":{"gitId":"Ashertan256"},"content":"        }","lastModifiedDate":"2025-03-06","isFullCredit":false},{"lineNumber":87,"author":{"gitId":"Ashertan256"},"content":"        ui.showMessage(\"    ____________________________________________________________\");","lastModifiedDate":"2025-03-06","isFullCredit":false},{"lineNumber":88,"author":{"gitId":"Ashertan256"},"content":"        if (matchingTasks.isEmpty()) {","lastModifiedDate":"2025-03-06","isFullCredit":false},{"lineNumber":89,"author":{"gitId":"Ashertan256"},"content":"            ui.showMessage(\"    No tasks found matching \\\"\" + keyword + \"\\\".\");","lastModifiedDate":"2025-03-06","isFullCredit":false},{"lineNumber":90,"author":{"gitId":"Ashertan256"},"content":"        } else {","lastModifiedDate":"2025-03-06","isFullCredit":false},{"lineNumber":91,"author":{"gitId":"Ashertan256"},"content":"            ui.showMessage(\"    Here are the matching tasks in your list:\");","lastModifiedDate":"2025-03-06","isFullCredit":false},{"lineNumber":92,"author":{"gitId":"Ashertan256"},"content":"            for (int i \u003d 0; i \u003c matchingTasks.size(); i++) {","lastModifiedDate":"2025-03-06","isFullCredit":false},{"lineNumber":93,"author":{"gitId":"Ashertan256"},"content":"                Task t \u003d matchingTasks.get(i);","lastModifiedDate":"2025-03-06","isFullCredit":false},{"lineNumber":94,"author":{"gitId":"Ashertan256"},"content":"                ui.showMessage(\"     \" + (i + 1) + \".[\" + t.getTaskType() + \"][\" + t.getStatusIcon() + \"] \" + t);","lastModifiedDate":"2025-03-06","isFullCredit":false},{"lineNumber":95,"author":{"gitId":"Ashertan256"},"content":"            }","lastModifiedDate":"2025-03-06","isFullCredit":false},{"lineNumber":96,"author":{"gitId":"Ashertan256"},"content":"        }","lastModifiedDate":"2025-03-06","isFullCredit":false},{"lineNumber":97,"author":{"gitId":"Ashertan256"},"content":"        ui.showMessage(\"    ____________________________________________________________\");","lastModifiedDate":"2025-03-06","isFullCredit":false},{"lineNumber":98,"author":{"gitId":"Ashertan256"},"content":"    }","lastModifiedDate":"2025-03-06","isFullCredit":false},{"lineNumber":99,"author":{"gitId":"Ashertan256"},"content":"    ","lastModifiedDate":"2025-03-06","isFullCredit":false},{"lineNumber":100,"author":{"gitId":"Ashertan256"},"content":"}","lastModifiedDate":"2025-03-06","isFullCredit":false}],"authorContributionMap":{"Ashertan256":100}},{"path":"src/main/java/Todo.java","fileType":"java","lines":[{"lineNumber":1,"author":{"gitId":"Ashertan256"},"content":"public class Todo extends Task {","lastModifiedDate":"2025-02-07","isFullCredit":false},{"lineNumber":2,"author":{"gitId":"Ashertan256"},"content":"    public Todo(String description) {","lastModifiedDate":"2025-02-07","isFullCredit":false},{"lineNumber":3,"author":{"gitId":"Ashertan256"},"content":"        super(description);","lastModifiedDate":"2025-02-07","isFullCredit":false},{"lineNumber":4,"author":{"gitId":"Ashertan256"},"content":"        this.taskType \u003d \"T\";","lastModifiedDate":"2025-02-07","isFullCredit":false},{"lineNumber":5,"author":{"gitId":"Ashertan256"},"content":"    }","lastModifiedDate":"2025-02-07","isFullCredit":false},{"lineNumber":6,"author":{"gitId":"Ashertan256"},"content":"}","lastModifiedDate":"2025-02-07","isFullCredit":false}],"authorContributionMap":{"Ashertan256":6}},{"path":"src/main/java/Ui.java","fileType":"java","lines":[{"lineNumber":1,"author":{"gitId":"Ashertan256"},"content":"import java.util.Scanner;","lastModifiedDate":"2025-03-06","isFullCredit":false},{"lineNumber":2,"author":{"gitId":"Ashertan256"},"content":"","lastModifiedDate":"2025-03-06","isFullCredit":false},{"lineNumber":3,"author":{"gitId":"Ashertan256"},"content":"public class Ui {","lastModifiedDate":"2025-03-06","isFullCredit":false},{"lineNumber":4,"author":{"gitId":"Ashertan256"},"content":"    private final Scanner scanner;","lastModifiedDate":"2025-03-06","isFullCredit":false},{"lineNumber":5,"author":{"gitId":"Ashertan256"},"content":"","lastModifiedDate":"2025-03-06","isFullCredit":false},{"lineNumber":6,"author":{"gitId":"Ashertan256"},"content":"    public Ui() {","lastModifiedDate":"2025-03-06","isFullCredit":false},{"lineNumber":7,"author":{"gitId":"Ashertan256"},"content":"        this.scanner \u003d new Scanner(System.in);","lastModifiedDate":"2025-03-06","isFullCredit":false},{"lineNumber":8,"author":{"gitId":"Ashertan256"},"content":"    }","lastModifiedDate":"2025-03-06","isFullCredit":false},{"lineNumber":9,"author":{"gitId":"Ashertan256"},"content":"","lastModifiedDate":"2025-03-06","isFullCredit":false},{"lineNumber":10,"author":{"gitId":"Ashertan256"},"content":"    //scanner for reading stuff","lastModifiedDate":"2025-03-06","isFullCredit":false},{"lineNumber":11,"author":{"gitId":"Ashertan256"},"content":"    public String readCommand() {","lastModifiedDate":"2025-03-06","isFullCredit":false},{"lineNumber":12,"author":{"gitId":"Ashertan256"},"content":"        return scanner.nextLine().trim();","lastModifiedDate":"2025-03-06","isFullCredit":false},{"lineNumber":13,"author":{"gitId":"Ashertan256"},"content":"    }","lastModifiedDate":"2025-03-06","isFullCredit":false},{"lineNumber":14,"author":{"gitId":"Ashertan256"},"content":"","lastModifiedDate":"2025-03-06","isFullCredit":false},{"lineNumber":15,"author":{"gitId":"Ashertan256"},"content":"    //welcome msg","lastModifiedDate":"2025-03-06","isFullCredit":false},{"lineNumber":16,"author":{"gitId":"Ashertan256"},"content":"    public void showWelcome() {","lastModifiedDate":"2025-03-06","isFullCredit":false},{"lineNumber":17,"author":{"gitId":"Ashertan256"},"content":"        System.out.println(\"Hello! I\u0027m Alex\");","lastModifiedDate":"2025-03-06","isFullCredit":false},{"lineNumber":18,"author":{"gitId":"Ashertan256"},"content":"        System.out.println(\"What can I do for you?\");","lastModifiedDate":"2025-03-06","isFullCredit":false},{"lineNumber":19,"author":{"gitId":"Ashertan256"},"content":"        System.out.println();","lastModifiedDate":"2025-03-06","isFullCredit":false},{"lineNumber":20,"author":{"gitId":"Ashertan256"},"content":"    }","lastModifiedDate":"2025-03-06","isFullCredit":false},{"lineNumber":21,"author":{"gitId":"Ashertan256"},"content":"","lastModifiedDate":"2025-03-06","isFullCredit":false},{"lineNumber":22,"author":{"gitId":"Ashertan256"},"content":"    //bye msg","lastModifiedDate":"2025-03-06","isFullCredit":false},{"lineNumber":23,"author":{"gitId":"Ashertan256"},"content":"    public void showGoodbye() {","lastModifiedDate":"2025-03-06","isFullCredit":false},{"lineNumber":24,"author":{"gitId":"Ashertan256"},"content":"        System.out.println(\"    ____________________________________________________________\");","lastModifiedDate":"2025-03-06","isFullCredit":false},{"lineNumber":25,"author":{"gitId":"Ashertan256"},"content":"        System.out.println(\"    Goodbye! Have a great day ahead!\");","lastModifiedDate":"2025-03-06","isFullCredit":false},{"lineNumber":26,"author":{"gitId":"Ashertan256"},"content":"        System.out.println(\"    ____________________________________________________________\");","lastModifiedDate":"2025-03-06","isFullCredit":false},{"lineNumber":27,"author":{"gitId":"Ashertan256"},"content":"    }","lastModifiedDate":"2025-03-06","isFullCredit":false},{"lineNumber":28,"author":{"gitId":"Ashertan256"},"content":"","lastModifiedDate":"2025-03-06","isFullCredit":false},{"lineNumber":29,"author":{"gitId":"Ashertan256"},"content":"    //error handling","lastModifiedDate":"2025-03-06","isFullCredit":false},{"lineNumber":30,"author":{"gitId":"Ashertan256"},"content":"    public void showError(String message) {","lastModifiedDate":"2025-03-06","isFullCredit":false},{"lineNumber":31,"author":{"gitId":"Ashertan256"},"content":"        System.out.println(\"Error: \" + message);","lastModifiedDate":"2025-03-06","isFullCredit":false},{"lineNumber":32,"author":{"gitId":"Ashertan256"},"content":"    }","lastModifiedDate":"2025-03-06","isFullCredit":false},{"lineNumber":33,"author":{"gitId":"Ashertan256"},"content":"","lastModifiedDate":"2025-03-06","isFullCredit":false},{"lineNumber":34,"author":{"gitId":"Ashertan256"},"content":"    public void showMessage(String message) {","lastModifiedDate":"2025-03-06","isFullCredit":false},{"lineNumber":35,"author":{"gitId":"Ashertan256"},"content":"        System.out.println(message);","lastModifiedDate":"2025-03-06","isFullCredit":false},{"lineNumber":36,"author":{"gitId":"Ashertan256"},"content":"    }","lastModifiedDate":"2025-03-06","isFullCredit":false},{"lineNumber":37,"author":{"gitId":"Ashertan256"},"content":"}","lastModifiedDate":"2025-03-06","isFullCredit":false}],"authorContributionMap":{"Ashertan256":37}},{"path":"src/main/java/tasks.txt","fileType":"txt","lines":[{"lineNumber":1,"author":{"gitId":"Ashertan256"},"content":"E|false|test|today|tmr","lastModifiedDate":"2025-03-06","isFullCredit":false},{"lineNumber":2,"author":{"gitId":"Ashertan256"},"content":"D|false|book|thee","lastModifiedDate":"2025-03-06","isFullCredit":false},{"lineNumber":3,"author":{"gitId":"Ashertan256"},"content":"T|false|bleh","lastModifiedDate":"2025-03-06","isFullCredit":false}],"authorContributionMap":{"Ashertan256":3}},{"path":"tasks.txt","fileType":"txt","lines":[{"lineNumber":1,"author":{"gitId":"Ashertan256"},"content":"E|false|bleh|124|1235","lastModifiedDate":"2025-03-06","isFullCredit":false}],"authorContributionMap":{"Ashertan256":1}},{"path":"text-ui-test/runtest.bat","fileType":"bat","lines":[{"lineNumber":1,"author":{"gitId":"-"},"content":"@ECHO OFF","lastModifiedDate":"2020-05-25","isFullCredit":false},{"lineNumber":2,"author":{"gitId":"-"},"content":"","lastModifiedDate":"2020-05-25","isFullCredit":false},{"lineNumber":3,"author":{"gitId":"-"},"content":"REM create bin directory if it doesn\u0027t exist","lastModifiedDate":"2020-05-25","isFullCredit":false},{"lineNumber":4,"author":{"gitId":"-"},"content":"if not exist ..\\bin mkdir ..\\bin","lastModifiedDate":"2020-05-25","isFullCredit":false},{"lineNumber":5,"author":{"gitId":"-"},"content":"","lastModifiedDate":"2020-05-25","isFullCredit":false},{"lineNumber":6,"author":{"gitId":"-"},"content":"REM delete output from previous run","lastModifiedDate":"2020-05-25","isFullCredit":false},{"lineNumber":7,"author":{"gitId":"-"},"content":"if exist ACTUAL.TXT del ACTUAL.TXT","lastModifiedDate":"2020-08-25","isFullCredit":false},{"lineNumber":8,"author":{"gitId":"-"},"content":"","lastModifiedDate":"2020-05-25","isFullCredit":false},{"lineNumber":9,"author":{"gitId":"-"},"content":"REM compile the code into the bin folder","lastModifiedDate":"2020-05-25","isFullCredit":false},{"lineNumber":10,"author":{"gitId":"-"},"content":"javac  -cp ..\\src\\main\\java -Xlint:none -d ..\\bin ..\\src\\main\\java\\*.java","lastModifiedDate":"2020-08-25","isFullCredit":false},{"lineNumber":11,"author":{"gitId":"-"},"content":"IF ERRORLEVEL 1 (","lastModifiedDate":"2020-05-25","isFullCredit":false},{"lineNumber":12,"author":{"gitId":"-"},"content":"    echo ********** BUILD FAILURE **********","lastModifiedDate":"2020-05-25","isFullCredit":false},{"lineNumber":13,"author":{"gitId":"-"},"content":"    exit /b 1","lastModifiedDate":"2020-05-25","isFullCredit":false},{"lineNumber":14,"author":{"gitId":"-"},"content":")","lastModifiedDate":"2020-05-25","isFullCredit":false},{"lineNumber":15,"author":{"gitId":"-"},"content":"REM no error here, errorlevel \u003d\u003d 0","lastModifiedDate":"2020-05-25","isFullCredit":false},{"lineNumber":16,"author":{"gitId":"-"},"content":"","lastModifiedDate":"2020-05-25","isFullCredit":false},{"lineNumber":17,"author":{"gitId":"-"},"content":"REM run the program, feed commands from input.txt file and redirect the output to the ACTUAL.TXT","lastModifiedDate":"2020-05-25","isFullCredit":false},{"lineNumber":18,"author":{"gitId":"Ashertan256"},"content":"java -classpath ..\\bin Alex \u003c input.txt \u003e ACTUAL.TXT","lastModifiedDate":"2025-01-24","isFullCredit":false},{"lineNumber":19,"author":{"gitId":"-"},"content":"","lastModifiedDate":"2020-05-25","isFullCredit":false},{"lineNumber":20,"author":{"gitId":"-"},"content":"REM compare the output to the expected output","lastModifiedDate":"2020-05-25","isFullCredit":false},{"lineNumber":21,"author":{"gitId":"-"},"content":"FC ACTUAL.TXT EXPECTED.TXT","lastModifiedDate":"2020-05-25","isFullCredit":false}],"authorContributionMap":{"-":20,"Ashertan256":1}}]
