{"authorDailyContributionsMap":{"Ashertan256":[{"date":"2025-01-24","commitResults":[{"hash":"980a867bc5cf5503dff2094995dd0f6131ec6ef0","isMergeCommit":false,"messageTitle":"Updated for Level 0.","messageBody":"","tags":["Level-0"],"fileTypesAndContributionMap":{"java":{"insertions":9,"deletions":10},"bat":{"insertions":1,"deletions":1},"md":{"insertions":3,"deletions":3}}}]},{"date":"2025-01-30","commitResults":[{"hash":"eec22d047845ff32568e61a6192c7990502386f7","isMergeCommit":false,"messageTitle":"Week 3. Level 1","messageBody":"","tags":["Level-1"],"fileTypesAndContributionMap":{"java":{"insertions":17,"deletions":0}}},{"hash":"0a0e8ba4c7734d721c02ea54de230fcf19b1d81c","isMergeCommit":false,"messageTitle":"Week 3. Level 2","messageBody":"","tags":["Level-2"],"fileTypesAndContributionMap":{"java":{"insertions":25,"deletions":7}}},{"hash":"2fcc2a0a2a91ae0b29838bbf662114246c13e86a","isMergeCommit":false,"messageTitle":"Week 3. Level 3","messageBody":"","tags":["Level-3"],"fileTypesAndContributionMap":{"java":{"insertions":42,"deletions":4}}}]},{"date":"2025-02-07","commitResults":[{"hash":"89a986fd8b70d1ce34ae27232ebeaa7b94e60fb1","isMergeCommit":false,"messageTitle":"Week 4 Level 4","messageBody":"","fileTypesAndContributionMap":{"java":{"insertions":271,"deletions":2}}},{"hash":"b4b5675c8df6cad3d0c4867d64b428dbf456fa6b","isMergeCommit":true,"messageTitle":"Week 4 Level 4","messageBody":"","tags":["Level-4","A-CodeQuality"],"fileTypesAndContributionMap":{}}]},{"date":"2025-02-08","commitResults":[{"hash":"0fc95ad9451f75b82eb68ca00bbf209b4aa8db4f","isMergeCommit":false,"messageTitle":"Had some issue with formatting because of GIt","messageBody":"","fileTypesAndContributionMap":{"java":{"insertions":7,"deletions":85}}}]},{"date":"2025-02-14","commitResults":[{"hash":"70c1805ab9be114bccede4483e0430be855a68dc","isMergeCommit":false,"messageTitle":"Level-5","messageBody":"","tags":["Level-5"],"fileTypesAndContributionMap":{"java":{"insertions":1,"deletions":0}}},{"hash":"dd8c5204da8295635c50b466b9dc6efb9bf698a9","isMergeCommit":false,"messageTitle":"Trying to branch","messageBody":"","tags":["Level-5a"],"fileTypesAndContributionMap":{"java":{"insertions":1,"deletions":1}}},{"hash":"04db6cb777985dd6958c595c856de58ca4824b26","isMergeCommit":true,"messageTitle":"Merge pull request #1 from Ashertan256/branch-Level-5","messageBody":"Trying to branch","fileTypesAndContributionMap":{}}]},{"date":"2025-02-20","commitResults":[{"hash":"19737fa151e05b40220952a36dc5e2fb3b13603f","isMergeCommit":false,"messageTitle":"Use ArrayList instead and add delete functionality. Level-6","messageBody":"","tags":["Level-6"],"fileTypesAndContributionMap":{"java":{"insertions":46,"deletions":25}}},{"hash":"83b36531789f2dfa49486c7765979c0481c7f0ae","isMergeCommit":false,"messageTitle":"Save and load functionality","messageBody":"","tags":["Level-7"],"fileTypesAndContributionMap":{"java":{"insertions":100,"deletions":26}}},{"hash":"adaf5de6cbbe87f2cee611071f083b557320e45d","isMergeCommit":true,"messageTitle":"Merge pull request #2 from Ashertan256/branch-Level-6","messageBody":"Use ArrayList instead and add delete functionality. Level-6","fileTypesAndContributionMap":{}},{"hash":"d6c41a83ef925f9c98d299b5d5ee8cf98554d75c","isMergeCommit":true,"messageTitle":"Merge pull request #3 from Ashertan256/branch-Level-7","messageBody":"Save and load functionality","fileTypesAndContributionMap":{}}]},{"date":"2025-03-06","commitResults":[{"hash":"d5ffed185241ab8881c64dde141c51a7501de219","isMergeCommit":false,"messageTitle":"changed messages to be more formal","messageBody":"","fileTypesAndContributionMap":{"txt":{"insertions":1,"deletions":0},"java":{"insertions":16,"deletions":15}}},{"hash":"283fea21a369083bfd54a1b4d581c2e6b658d4c4","isMergeCommit":false,"messageTitle":"A-MoreOOP","messageBody":"","tags":["A-MoreOOP"],"fileTypesAndContributionMap":{"java":{"insertions":358,"deletions":277},"md":{"insertions":1,"deletions":1}}},{"hash":"d8dd0721bd1a3f4b483cdba1cb50e74088fbe66d","isMergeCommit":true,"messageTitle":"Merge pull request #4 from Ashertan256/branch-Level-7","messageBody":"A-MoreOOP","fileTypesAndContributionMap":{}}]}]},"authorFileTypeContributionMap":{"Ashertan256":{"java":448,"md":4,"fxml":0,"sh":0,"bat":1,"gradle":0,"txt":1}},"authorContributionVariance":{"Ashertan256":9755.203},"authorDisplayNameMap":{"Ashertan256":"CS2113-F11-2 ASHE..SHIH"}}
