{"authorDailyContributionsMap":{"Ashertan256":[{"date":"2025-01-24","commitResults":[{"hash":"980a867bc5cf5503dff2094995dd0f6131ec6ef0","isMergeCommit":false,"messageTitle":"Updated for Level 0.","messageBody":"","tags":["Level-0"],"fileTypesAndContributionMap":{"java":{"insertions":9,"deletions":10},"bat":{"insertions":1,"deletions":1},"md":{"insertions":3,"deletions":3}}}]},{"date":"2025-01-30","commitResults":[{"hash":"eec22d047845ff32568e61a6192c7990502386f7","isMergeCommit":false,"messageTitle":"Week 3. Level 1","messageBody":"","tags":["Level-1"],"fileTypesAndContributionMap":{"java":{"insertions":17,"deletions":0}}},{"hash":"0a0e8ba4c7734d721c02ea54de230fcf19b1d81c","isMergeCommit":false,"messageTitle":"Week 3. Level 2","messageBody":"","tags":["Level-2"],"fileTypesAndContributionMap":{"java":{"insertions":25,"deletions":7}}},{"hash":"2fcc2a0a2a91ae0b29838bbf662114246c13e86a","isMergeCommit":false,"messageTitle":"Week 3. Level 3","messageBody":"","tags":["Level-3"],"fileTypesAndContributionMap":{"java":{"insertions":42,"deletions":4}}}]},{"date":"2025-02-07","commitResults":[{"hash":"89a986fd8b70d1ce34ae27232ebeaa7b94e60fb1","isMergeCommit":false,"messageTitle":"Week 4 Level 4","messageBody":"","fileTypesAndContributionMap":{"java":{"insertions":271,"deletions":2}}},{"hash":"b4b5675c8df6cad3d0c4867d64b428dbf456fa6b","isMergeCommit":true,"messageTitle":"Week 4 Level 4","messageBody":"","tags":["Level-4","A-CodeQuality"],"fileTypesAndContributionMap":{}}]}]},"authorFileTypeContributionMap":{"Ashertan256":{"java":348,"md":3,"fxml":0,"sh":0,"bat":1,"gradle":0,"txt":0}},"authorContributionVariance":{"Ashertan256":2720.787},"authorDisplayNameMap":{"Ashertan256":"ASHE..SHIH"}}
