[{"path":"docs/README.md","fileType":"md","lines":[{"lineNumber":1,"author":{"gitId":"olsonwangyj"},"content":"# Litchi User Guide","lastModifiedDate":"2025-01-20","isFullCredit":false},{"lineNumber":2,"author":{"gitId":"-"},"content":"","lastModifiedDate":"2019-07-29","isFullCredit":false},{"lineNumber":3,"author":{"gitId":"olsonwangyj"},"content":"## Adding tasks","lastModifiedDate":"2025-01-31","isFullCredit":false},{"lineNumber":4,"author":{"gitId":"olsonwangyj"},"content":"Users can add a task by entering the task description. The task will be stored in a list.","lastModifiedDate":"2025-01-31","isFullCredit":false},{"lineNumber":5,"author":{"gitId":"-"},"content":"","lastModifiedDate":"2019-07-29","isFullCredit":false},{"lineNumber":6,"author":{"gitId":"olsonwangyj"},"content":"Example:","lastModifiedDate":"2025-01-31","isFullCredit":false},{"lineNumber":7,"author":{"gitId":"olsonwangyj"},"content":"```","lastModifiedDate":"2025-01-31","isFullCredit":false},{"lineNumber":8,"author":{"gitId":"olsonwangyj"},"content":"read book","lastModifiedDate":"2025-01-31","isFullCredit":false},{"lineNumber":9,"author":{"gitId":"olsonwangyj"},"content":"```","lastModifiedDate":"2025-01-31","isFullCredit":false},{"lineNumber":10,"author":{"gitId":"olsonwangyj"},"content":"Expected output:","lastModifiedDate":"2025-01-31","isFullCredit":false},{"lineNumber":11,"author":{"gitId":"olsonwangyj"},"content":"```","lastModifiedDate":"2025-01-31","isFullCredit":false},{"lineNumber":12,"author":{"gitId":"olsonwangyj"},"content":"____________________________________________________________","lastModifiedDate":"2025-01-31","isFullCredit":false},{"lineNumber":13,"author":{"gitId":"olsonwangyj"},"content":"added: [ ] read book","lastModifiedDate":"2025-01-31","isFullCredit":false},{"lineNumber":14,"author":{"gitId":"olsonwangyj"},"content":"____________________________________________________________","lastModifiedDate":"2025-01-31","isFullCredit":false},{"lineNumber":15,"author":{"gitId":"olsonwangyj"},"content":"```","lastModifiedDate":"2025-01-31","isFullCredit":false},{"lineNumber":16,"author":{"gitId":"-"},"content":"","lastModifiedDate":"2019-07-29","isFullCredit":false},{"lineNumber":17,"author":{"gitId":"olsonwangyj"},"content":"## Listing tasks","lastModifiedDate":"2025-01-31","isFullCredit":false},{"lineNumber":18,"author":{"gitId":"olsonwangyj"},"content":"Users can view all added tasks by using the `list` command.","lastModifiedDate":"2025-01-31","isFullCredit":false},{"lineNumber":19,"author":{"gitId":"-"},"content":"","lastModifiedDate":"2019-07-29","isFullCredit":false},{"lineNumber":20,"author":{"gitId":"olsonwangyj"},"content":"Example:","lastModifiedDate":"2025-01-31","isFullCredit":false},{"lineNumber":21,"author":{"gitId":"olsonwangyj"},"content":"```","lastModifiedDate":"2025-01-31","isFullCredit":false},{"lineNumber":22,"author":{"gitId":"olsonwangyj"},"content":"list","lastModifiedDate":"2025-01-31","isFullCredit":false},{"lineNumber":23,"author":{"gitId":"olsonwangyj"},"content":"```","lastModifiedDate":"2025-01-31","isFullCredit":false},{"lineNumber":24,"author":{"gitId":"olsonwangyj"},"content":"Expected output:","lastModifiedDate":"2025-01-31","isFullCredit":false},{"lineNumber":25,"author":{"gitId":"olsonwangyj"},"content":"```","lastModifiedDate":"2025-01-31","isFullCredit":false},{"lineNumber":26,"author":{"gitId":"olsonwangyj"},"content":"____________________________________________________________","lastModifiedDate":"2025-01-31","isFullCredit":false},{"lineNumber":27,"author":{"gitId":"olsonwangyj"},"content":"Here are the tasks in your list:","lastModifiedDate":"2025-01-31","isFullCredit":false},{"lineNumber":28,"author":{"gitId":"olsonwangyj"},"content":"1. [ ] read book","lastModifiedDate":"2025-01-31","isFullCredit":false},{"lineNumber":29,"author":{"gitId":"olsonwangyj"},"content":"2. [ ] return book","lastModifiedDate":"2025-01-31","isFullCredit":false},{"lineNumber":30,"author":{"gitId":"olsonwangyj"},"content":"3. [ ] buy bread","lastModifiedDate":"2025-01-31","isFullCredit":false},{"lineNumber":31,"author":{"gitId":"olsonwangyj"},"content":"____________________________________________________________","lastModifiedDate":"2025-01-31","isFullCredit":false},{"lineNumber":32,"author":{"gitId":"olsonwangyj"},"content":"```","lastModifiedDate":"2025-01-31","isFullCredit":false},{"lineNumber":33,"author":{"gitId":"-"},"content":"","lastModifiedDate":"2019-07-29","isFullCredit":false},{"lineNumber":34,"author":{"gitId":"olsonwangyj"},"content":"## Marking a task as done","lastModifiedDate":"2025-01-31","isFullCredit":false},{"lineNumber":35,"author":{"gitId":"olsonwangyj"},"content":"Users can mark a task as done by using the `mark` command followed by the task number.","lastModifiedDate":"2025-01-31","isFullCredit":false},{"lineNumber":36,"author":{"gitId":"-"},"content":"","lastModifiedDate":"2019-07-29","isFullCredit":false},{"lineNumber":37,"author":{"gitId":"olsonwangyj"},"content":"Example:","lastModifiedDate":"2025-01-31","isFullCredit":false},{"lineNumber":38,"author":{"gitId":"-"},"content":"```","lastModifiedDate":"2024-01-07","isFullCredit":false},{"lineNumber":39,"author":{"gitId":"olsonwangyj"},"content":"mark 2","lastModifiedDate":"2025-01-31","isFullCredit":false},{"lineNumber":40,"author":{"gitId":"olsonwangyj"},"content":"```","lastModifiedDate":"2025-01-31","isFullCredit":false},{"lineNumber":41,"author":{"gitId":"olsonwangyj"},"content":"Expected output:","lastModifiedDate":"2025-01-31","isFullCredit":false},{"lineNumber":42,"author":{"gitId":"olsonwangyj"},"content":"```","lastModifiedDate":"2025-01-31","isFullCredit":false},{"lineNumber":43,"author":{"gitId":"olsonwangyj"},"content":"____________________________________________________________","lastModifiedDate":"2025-01-31","isFullCredit":false},{"lineNumber":44,"author":{"gitId":"olsonwangyj"},"content":"Nice! I\u0027ve marked this task as done:","lastModifiedDate":"2025-01-31","isFullCredit":false},{"lineNumber":45,"author":{"gitId":"olsonwangyj"},"content":"  [X] return book","lastModifiedDate":"2025-01-31","isFullCredit":false},{"lineNumber":46,"author":{"gitId":"olsonwangyj"},"content":"____________________________________________________________","lastModifiedDate":"2025-01-31","isFullCredit":false},{"lineNumber":47,"author":{"gitId":"-"},"content":"```","lastModifiedDate":"2024-01-07","isFullCredit":false},{"lineNumber":48,"author":{"gitId":"-"},"content":"","lastModifiedDate":"2019-07-29","isFullCredit":false},{"lineNumber":49,"author":{"gitId":"olsonwangyj"},"content":"## Unmarking a task","lastModifiedDate":"2025-01-31","isFullCredit":false},{"lineNumber":50,"author":{"gitId":"olsonwangyj"},"content":"Users can mark a task as not done by using the `unmark` command followed by the task number.","lastModifiedDate":"2025-01-31","isFullCredit":false},{"lineNumber":51,"author":{"gitId":"-"},"content":"","lastModifiedDate":"2019-07-29","isFullCredit":false},{"lineNumber":52,"author":{"gitId":"olsonwangyj"},"content":"Example:","lastModifiedDate":"2025-01-31","isFullCredit":false},{"lineNumber":53,"author":{"gitId":"olsonwangyj"},"content":"```","lastModifiedDate":"2025-01-31","isFullCredit":false},{"lineNumber":54,"author":{"gitId":"olsonwangyj"},"content":"unmark 2","lastModifiedDate":"2025-01-31","isFullCredit":false},{"lineNumber":55,"author":{"gitId":"olsonwangyj"},"content":"```","lastModifiedDate":"2025-01-31","isFullCredit":false},{"lineNumber":56,"author":{"gitId":"olsonwangyj"},"content":"Expected output:","lastModifiedDate":"2025-01-31","isFullCredit":false},{"lineNumber":57,"author":{"gitId":"olsonwangyj"},"content":"```","lastModifiedDate":"2025-01-31","isFullCredit":false},{"lineNumber":58,"author":{"gitId":"olsonwangyj"},"content":"____________________________________________________________","lastModifiedDate":"2025-01-31","isFullCredit":false},{"lineNumber":59,"author":{"gitId":"olsonwangyj"},"content":"OK, I\u0027ve marked this task as not done yet:","lastModifiedDate":"2025-01-31","isFullCredit":false},{"lineNumber":60,"author":{"gitId":"olsonwangyj"},"content":"  [ ] return book","lastModifiedDate":"2025-01-31","isFullCredit":false},{"lineNumber":61,"author":{"gitId":"olsonwangyj"},"content":"____________________________________________________________","lastModifiedDate":"2025-01-31","isFullCredit":false},{"lineNumber":62,"author":{"gitId":"olsonwangyj"},"content":"```","lastModifiedDate":"2025-01-31","isFullCredit":false},{"lineNumber":63,"author":{"gitId":"-"},"content":"","lastModifiedDate":"2019-07-29","isFullCredit":false},{"lineNumber":64,"author":{"gitId":"olsonwangyj"},"content":"## Exiting the program","lastModifiedDate":"2025-01-31","isFullCredit":false},{"lineNumber":65,"author":{"gitId":"olsonwangyj"},"content":"Users can exit the program by typing `bye`.","lastModifiedDate":"2025-01-31","isFullCredit":false},{"lineNumber":66,"author":{"gitId":"-"},"content":"","lastModifiedDate":"2021-07-17","isFullCredit":false},{"lineNumber":67,"author":{"gitId":"olsonwangyj"},"content":"Example:","lastModifiedDate":"2025-01-31","isFullCredit":false},{"lineNumber":68,"author":{"gitId":"olsonwangyj"},"content":"```","lastModifiedDate":"2025-01-31","isFullCredit":false},{"lineNumber":69,"author":{"gitId":"olsonwangyj"},"content":"bye","lastModifiedDate":"2025-01-31","isFullCredit":false},{"lineNumber":70,"author":{"gitId":"olsonwangyj"},"content":"```","lastModifiedDate":"2025-01-31","isFullCredit":false},{"lineNumber":71,"author":{"gitId":"olsonwangyj"},"content":"Expected output:","lastModifiedDate":"2025-01-31","isFullCredit":false},{"lineNumber":72,"author":{"gitId":"olsonwangyj"},"content":"```","lastModifiedDate":"2025-01-31","isFullCredit":false},{"lineNumber":73,"author":{"gitId":"olsonwangyj"},"content":"____________________________________________________________","lastModifiedDate":"2025-01-31","isFullCredit":false},{"lineNumber":74,"author":{"gitId":"olsonwangyj"},"content":"Bye. Hope to see you again soon!","lastModifiedDate":"2025-01-31","isFullCredit":false},{"lineNumber":75,"author":{"gitId":"olsonwangyj"},"content":"____________________________________________________________","lastModifiedDate":"2025-01-31","isFullCredit":false},{"lineNumber":76,"author":{"gitId":"olsonwangyj"},"content":"```","lastModifiedDate":"2025-01-31","isFullCredit":false},{"lineNumber":77,"author":{"gitId":"-"},"content":"","lastModifiedDate":"2024-01-07","isFullCredit":false}],"authorContributionMap":{"olsonwangyj":64,"-":13}},{"path":"src/main/java/litchi/exception/LitchiException.java","fileType":"java","lines":[{"lineNumber":1,"author":{"gitId":"olsonwangyj"},"content":"package litchi.exception;","lastModifiedDate":"2025-02-14","isFullCredit":false},{"lineNumber":2,"author":{"gitId":"olsonwangyj"},"content":"","lastModifiedDate":"2025-02-14","isFullCredit":false},{"lineNumber":3,"author":{"gitId":"olsonwangyj"},"content":"public class LitchiException extends Exception{","lastModifiedDate":"2025-02-14","isFullCredit":false},{"lineNumber":4,"author":{"gitId":"olsonwangyj"},"content":"    public LitchiException(){","lastModifiedDate":"2025-02-14","isFullCredit":false},{"lineNumber":5,"author":{"gitId":"olsonwangyj"},"content":"        super(getDefaultMessage());","lastModifiedDate":"2025-02-14","isFullCredit":false},{"lineNumber":6,"author":{"gitId":"olsonwangyj"},"content":"    }","lastModifiedDate":"2025-02-14","isFullCredit":false},{"lineNumber":7,"author":{"gitId":"olsonwangyj"},"content":"","lastModifiedDate":"2025-02-14","isFullCredit":false},{"lineNumber":8,"author":{"gitId":"olsonwangyj"},"content":"    public LitchiException(String message){","lastModifiedDate":"2025-02-14","isFullCredit":false},{"lineNumber":9,"author":{"gitId":"olsonwangyj"},"content":"        super(message);","lastModifiedDate":"2025-02-14","isFullCredit":false},{"lineNumber":10,"author":{"gitId":"olsonwangyj"},"content":"    }","lastModifiedDate":"2025-02-14","isFullCredit":false},{"lineNumber":11,"author":{"gitId":"olsonwangyj"},"content":"","lastModifiedDate":"2025-02-14","isFullCredit":false},{"lineNumber":12,"author":{"gitId":"olsonwangyj"},"content":"    private static String getDefaultMessage() {","lastModifiedDate":"2025-02-14","isFullCredit":false},{"lineNumber":13,"author":{"gitId":"olsonwangyj"},"content":"        return \"Unknown command.\\n\" +","lastModifiedDate":"2025-02-14","isFullCredit":false},{"lineNumber":14,"author":{"gitId":"olsonwangyj"},"content":"                \"Welcome to Litchi!\\n\" +","lastModifiedDate":"2025-02-14","isFullCredit":false},{"lineNumber":15,"author":{"gitId":"olsonwangyj"},"content":"                \"Commands:\\n\" +","lastModifiedDate":"2025-02-14","isFullCredit":false},{"lineNumber":16,"author":{"gitId":"olsonwangyj"},"content":"                \"  todo \u003ctask\u003e      - Add a new to-do task.\\n\" +","lastModifiedDate":"2025-02-14","isFullCredit":false},{"lineNumber":17,"author":{"gitId":"olsonwangyj"},"content":"                \"  deadline \u003ctask\u003e /by \u003cdate\u003e - Add a task with a deadline.\\n\" +","lastModifiedDate":"2025-02-14","isFullCredit":false},{"lineNumber":18,"author":{"gitId":"olsonwangyj"},"content":"                \"  event \u003cevent\u003e /from \u003cdate\u003e /to \u003cdate\u003e  - Add an event.\\n\" +","lastModifiedDate":"2025-02-14","isFullCredit":false},{"lineNumber":19,"author":{"gitId":"olsonwangyj"},"content":"                \"  list            - Show all tasks.\\n\" +","lastModifiedDate":"2025-02-14","isFullCredit":false},{"lineNumber":20,"author":{"gitId":"olsonwangyj"},"content":"                \"  bye             - Exit the program.\";","lastModifiedDate":"2025-02-14","isFullCredit":false},{"lineNumber":21,"author":{"gitId":"olsonwangyj"},"content":"    }","lastModifiedDate":"2025-02-14","isFullCredit":false},{"lineNumber":22,"author":{"gitId":"olsonwangyj"},"content":"}","lastModifiedDate":"2025-02-14","isFullCredit":false}],"authorContributionMap":{"olsonwangyj":22}},{"path":"src/main/java/litchi/storage/Storage.java","fileType":"java","lines":[{"lineNumber":1,"author":{"gitId":"olsonwangyj"},"content":"package litchi.storage;","lastModifiedDate":"2025-02-21","isFullCredit":false},{"lineNumber":2,"author":{"gitId":"olsonwangyj"},"content":"","lastModifiedDate":"2025-02-21","isFullCredit":false},{"lineNumber":3,"author":{"gitId":"olsonwangyj"},"content":"import java.io.*;","lastModifiedDate":"2025-02-21","isFullCredit":false},{"lineNumber":4,"author":{"gitId":"olsonwangyj"},"content":"import java.util.*;","lastModifiedDate":"2025-02-21","isFullCredit":false},{"lineNumber":5,"author":{"gitId":"olsonwangyj"},"content":"import litchi.task.*;","lastModifiedDate":"2025-02-21","isFullCredit":false},{"lineNumber":6,"author":{"gitId":"olsonwangyj"},"content":"","lastModifiedDate":"2025-02-21","isFullCredit":false},{"lineNumber":7,"author":{"gitId":"olsonwangyj"},"content":"public class Storage {","lastModifiedDate":"2025-02-21","isFullCredit":false},{"lineNumber":8,"author":{"gitId":"olsonwangyj"},"content":"    private final String filePath;","lastModifiedDate":"2025-02-21","isFullCredit":false},{"lineNumber":9,"author":{"gitId":"olsonwangyj"},"content":"","lastModifiedDate":"2025-02-21","isFullCredit":false},{"lineNumber":10,"author":{"gitId":"olsonwangyj"},"content":"    public Storage(String filePath) {","lastModifiedDate":"2025-02-21","isFullCredit":false},{"lineNumber":11,"author":{"gitId":"olsonwangyj"},"content":"        this.filePath \u003d filePath;","lastModifiedDate":"2025-02-21","isFullCredit":false},{"lineNumber":12,"author":{"gitId":"olsonwangyj"},"content":"    }","lastModifiedDate":"2025-02-21","isFullCredit":false},{"lineNumber":13,"author":{"gitId":"olsonwangyj"},"content":"","lastModifiedDate":"2025-02-21","isFullCredit":false},{"lineNumber":14,"author":{"gitId":"olsonwangyj"},"content":"    public void createNewFile() throws IOException {","lastModifiedDate":"2025-02-21","isFullCredit":false},{"lineNumber":15,"author":{"gitId":"olsonwangyj"},"content":"        File directory \u003d new File(\"./data\");","lastModifiedDate":"2025-02-21","isFullCredit":false},{"lineNumber":16,"author":{"gitId":"olsonwangyj"},"content":"        if (!directory.exists()) {","lastModifiedDate":"2025-02-21","isFullCredit":false},{"lineNumber":17,"author":{"gitId":"olsonwangyj"},"content":"            directory.mkdir();","lastModifiedDate":"2025-02-21","isFullCredit":false},{"lineNumber":18,"author":{"gitId":"olsonwangyj"},"content":"        }","lastModifiedDate":"2025-02-21","isFullCredit":false},{"lineNumber":19,"author":{"gitId":"olsonwangyj"},"content":"","lastModifiedDate":"2025-02-21","isFullCredit":false},{"lineNumber":20,"author":{"gitId":"olsonwangyj"},"content":"        File file \u003d new File(filePath);","lastModifiedDate":"2025-02-21","isFullCredit":false},{"lineNumber":21,"author":{"gitId":"olsonwangyj"},"content":"        try {","lastModifiedDate":"2025-02-21","isFullCredit":false},{"lineNumber":22,"author":{"gitId":"olsonwangyj"},"content":"            file.createNewFile();","lastModifiedDate":"2025-02-21","isFullCredit":false},{"lineNumber":23,"author":{"gitId":"olsonwangyj"},"content":"        } catch (IOException e) {","lastModifiedDate":"2025-02-21","isFullCredit":false},{"lineNumber":24,"author":{"gitId":"olsonwangyj"},"content":"            throw new RuntimeException(e);","lastModifiedDate":"2025-02-21","isFullCredit":false},{"lineNumber":25,"author":{"gitId":"olsonwangyj"},"content":"        }","lastModifiedDate":"2025-02-21","isFullCredit":false},{"lineNumber":26,"author":{"gitId":"olsonwangyj"},"content":"    }","lastModifiedDate":"2025-02-21","isFullCredit":false},{"lineNumber":27,"author":{"gitId":"olsonwangyj"},"content":"","lastModifiedDate":"2025-02-21","isFullCredit":false},{"lineNumber":28,"author":{"gitId":"olsonwangyj"},"content":"    public Task parseTask(String line) {","lastModifiedDate":"2025-02-21","isFullCredit":false},{"lineNumber":29,"author":{"gitId":"olsonwangyj"},"content":"        String[] parts \u003d line.split(\"\\\\|\");","lastModifiedDate":"2025-02-21","isFullCredit":false},{"lineNumber":30,"author":{"gitId":"olsonwangyj"},"content":"        if (parts.length \u003c 3) {","lastModifiedDate":"2025-02-21","isFullCredit":false},{"lineNumber":31,"author":{"gitId":"olsonwangyj"},"content":"            return null;","lastModifiedDate":"2025-02-21","isFullCredit":false},{"lineNumber":32,"author":{"gitId":"olsonwangyj"},"content":"        }","lastModifiedDate":"2025-02-21","isFullCredit":false},{"lineNumber":33,"author":{"gitId":"olsonwangyj"},"content":"","lastModifiedDate":"2025-02-21","isFullCredit":false},{"lineNumber":34,"author":{"gitId":"olsonwangyj"},"content":"        String type \u003d parts[0].trim();","lastModifiedDate":"2025-02-21","isFullCredit":false},{"lineNumber":35,"author":{"gitId":"olsonwangyj"},"content":"        boolean isDone \u003d parts[1].trim().equals(\"1\");","lastModifiedDate":"2025-02-21","isFullCredit":false},{"lineNumber":36,"author":{"gitId":"olsonwangyj"},"content":"        String description \u003d parts[2].trim();","lastModifiedDate":"2025-02-21","isFullCredit":false},{"lineNumber":37,"author":{"gitId":"olsonwangyj"},"content":"","lastModifiedDate":"2025-02-21","isFullCredit":false},{"lineNumber":38,"author":{"gitId":"olsonwangyj"},"content":"        Task task;","lastModifiedDate":"2025-02-21","isFullCredit":false},{"lineNumber":39,"author":{"gitId":"olsonwangyj"},"content":"        switch (type) {","lastModifiedDate":"2025-02-21","isFullCredit":false},{"lineNumber":40,"author":{"gitId":"olsonwangyj"},"content":"            case \"T\":","lastModifiedDate":"2025-02-21","isFullCredit":false},{"lineNumber":41,"author":{"gitId":"olsonwangyj"},"content":"                task \u003d new Todo(description);","lastModifiedDate":"2025-02-21","isFullCredit":false},{"lineNumber":42,"author":{"gitId":"olsonwangyj"},"content":"                break;","lastModifiedDate":"2025-02-21","isFullCredit":false},{"lineNumber":43,"author":{"gitId":"olsonwangyj"},"content":"            case \"D\":","lastModifiedDate":"2025-02-21","isFullCredit":false},{"lineNumber":44,"author":{"gitId":"olsonwangyj"},"content":"                if (parts.length \u003c 4) {","lastModifiedDate":"2025-02-21","isFullCredit":false},{"lineNumber":45,"author":{"gitId":"olsonwangyj"},"content":"                    return null;","lastModifiedDate":"2025-02-21","isFullCredit":false},{"lineNumber":46,"author":{"gitId":"olsonwangyj"},"content":"                }","lastModifiedDate":"2025-02-21","isFullCredit":false},{"lineNumber":47,"author":{"gitId":"olsonwangyj"},"content":"                task \u003d new Deadline(description, parts[3].trim());","lastModifiedDate":"2025-02-21","isFullCredit":false},{"lineNumber":48,"author":{"gitId":"olsonwangyj"},"content":"                break;","lastModifiedDate":"2025-02-21","isFullCredit":false},{"lineNumber":49,"author":{"gitId":"olsonwangyj"},"content":"            case \"E\":","lastModifiedDate":"2025-02-21","isFullCredit":false},{"lineNumber":50,"author":{"gitId":"olsonwangyj"},"content":"                if (parts.length \u003c 5) return null;","lastModifiedDate":"2025-02-21","isFullCredit":false},{"lineNumber":51,"author":{"gitId":"olsonwangyj"},"content":"                task \u003d new Event(description, parts[3], parts[4]);","lastModifiedDate":"2025-02-21","isFullCredit":false},{"lineNumber":52,"author":{"gitId":"olsonwangyj"},"content":"                break;","lastModifiedDate":"2025-02-21","isFullCredit":false},{"lineNumber":53,"author":{"gitId":"olsonwangyj"},"content":"            default:","lastModifiedDate":"2025-02-21","isFullCredit":false},{"lineNumber":54,"author":{"gitId":"olsonwangyj"},"content":"                return null;","lastModifiedDate":"2025-02-21","isFullCredit":false},{"lineNumber":55,"author":{"gitId":"olsonwangyj"},"content":"        }","lastModifiedDate":"2025-02-21","isFullCredit":false},{"lineNumber":56,"author":{"gitId":"olsonwangyj"},"content":"","lastModifiedDate":"2025-02-21","isFullCredit":false},{"lineNumber":57,"author":{"gitId":"olsonwangyj"},"content":"        if (isDone) {","lastModifiedDate":"2025-02-21","isFullCredit":false},{"lineNumber":58,"author":{"gitId":"olsonwangyj"},"content":"            task.markAsDone();","lastModifiedDate":"2025-02-21","isFullCredit":false},{"lineNumber":59,"author":{"gitId":"olsonwangyj"},"content":"        }","lastModifiedDate":"2025-02-21","isFullCredit":false},{"lineNumber":60,"author":{"gitId":"olsonwangyj"},"content":"","lastModifiedDate":"2025-02-21","isFullCredit":false},{"lineNumber":61,"author":{"gitId":"olsonwangyj"},"content":"        return task;","lastModifiedDate":"2025-02-21","isFullCredit":false},{"lineNumber":62,"author":{"gitId":"olsonwangyj"},"content":"    }","lastModifiedDate":"2025-02-21","isFullCredit":false},{"lineNumber":63,"author":{"gitId":"olsonwangyj"},"content":"","lastModifiedDate":"2025-02-21","isFullCredit":false},{"lineNumber":64,"author":{"gitId":"olsonwangyj"},"content":"    public List\u003cTask\u003e loadTasks() throws IOException {","lastModifiedDate":"2025-02-21","isFullCredit":false},{"lineNumber":65,"author":{"gitId":"olsonwangyj"},"content":"        List\u003cTask\u003e tasks \u003d new ArrayList\u003c\u003e();","lastModifiedDate":"2025-02-21","isFullCredit":false},{"lineNumber":66,"author":{"gitId":"olsonwangyj"},"content":"        final File file \u003d new File(filePath);","lastModifiedDate":"2025-02-21","isFullCredit":false},{"lineNumber":67,"author":{"gitId":"olsonwangyj"},"content":"        if (!file.exists()) {","lastModifiedDate":"2025-02-21","isFullCredit":false},{"lineNumber":68,"author":{"gitId":"olsonwangyj"},"content":"            createNewFile();","lastModifiedDate":"2025-02-21","isFullCredit":false},{"lineNumber":69,"author":{"gitId":"olsonwangyj"},"content":"            return tasks;","lastModifiedDate":"2025-02-21","isFullCredit":false},{"lineNumber":70,"author":{"gitId":"olsonwangyj"},"content":"        }","lastModifiedDate":"2025-02-21","isFullCredit":false},{"lineNumber":71,"author":{"gitId":"olsonwangyj"},"content":"","lastModifiedDate":"2025-02-21","isFullCredit":false},{"lineNumber":72,"author":{"gitId":"olsonwangyj"},"content":"        try (Scanner scanner \u003d new Scanner(file)) {","lastModifiedDate":"2025-02-21","isFullCredit":false},{"lineNumber":73,"author":{"gitId":"olsonwangyj"},"content":"            while (scanner.hasNextLine()) {","lastModifiedDate":"2025-02-21","isFullCredit":false},{"lineNumber":74,"author":{"gitId":"olsonwangyj"},"content":"                String line \u003d scanner.nextLine();","lastModifiedDate":"2025-02-21","isFullCredit":false},{"lineNumber":75,"author":{"gitId":"olsonwangyj"},"content":"                Task task \u003d parseTask(line);","lastModifiedDate":"2025-02-21","isFullCredit":false},{"lineNumber":76,"author":{"gitId":"olsonwangyj"},"content":"                if (task !\u003d null) {","lastModifiedDate":"2025-02-21","isFullCredit":false},{"lineNumber":77,"author":{"gitId":"olsonwangyj"},"content":"                    tasks.add(task);","lastModifiedDate":"2025-02-21","isFullCredit":false},{"lineNumber":78,"author":{"gitId":"olsonwangyj"},"content":"                }","lastModifiedDate":"2025-02-21","isFullCredit":false},{"lineNumber":79,"author":{"gitId":"olsonwangyj"},"content":"            }","lastModifiedDate":"2025-02-21","isFullCredit":false},{"lineNumber":80,"author":{"gitId":"olsonwangyj"},"content":"        } catch (FileNotFoundException e) {","lastModifiedDate":"2025-02-21","isFullCredit":false},{"lineNumber":81,"author":{"gitId":"olsonwangyj"},"content":"            throw new RuntimeException(e);","lastModifiedDate":"2025-02-21","isFullCredit":false},{"lineNumber":82,"author":{"gitId":"olsonwangyj"},"content":"        }","lastModifiedDate":"2025-02-21","isFullCredit":false},{"lineNumber":83,"author":{"gitId":"olsonwangyj"},"content":"","lastModifiedDate":"2025-02-21","isFullCredit":false},{"lineNumber":84,"author":{"gitId":"olsonwangyj"},"content":"        return tasks;","lastModifiedDate":"2025-02-21","isFullCredit":false},{"lineNumber":85,"author":{"gitId":"olsonwangyj"},"content":"    }","lastModifiedDate":"2025-02-21","isFullCredit":false},{"lineNumber":86,"author":{"gitId":"olsonwangyj"},"content":"","lastModifiedDate":"2025-02-21","isFullCredit":false},{"lineNumber":87,"author":{"gitId":"olsonwangyj"},"content":"    public void saveTasks(List\u003cTask\u003e tasks) throws IOException {","lastModifiedDate":"2025-02-21","isFullCredit":false},{"lineNumber":88,"author":{"gitId":"olsonwangyj"},"content":"        File file \u003d new File(filePath);","lastModifiedDate":"2025-02-21","isFullCredit":false},{"lineNumber":89,"author":{"gitId":"olsonwangyj"},"content":"","lastModifiedDate":"2025-02-21","isFullCredit":false},{"lineNumber":90,"author":{"gitId":"olsonwangyj"},"content":"        try (BufferedWriter writer \u003d new BufferedWriter(new FileWriter(file))) {","lastModifiedDate":"2025-02-21","isFullCredit":false},{"lineNumber":91,"author":{"gitId":"olsonwangyj"},"content":"            for (Task task : tasks) {","lastModifiedDate":"2025-02-21","isFullCredit":false},{"lineNumber":92,"author":{"gitId":"olsonwangyj"},"content":"                writer.write(formatTask(task));","lastModifiedDate":"2025-02-21","isFullCredit":false},{"lineNumber":93,"author":{"gitId":"olsonwangyj"},"content":"                writer.newLine();","lastModifiedDate":"2025-02-21","isFullCredit":false},{"lineNumber":94,"author":{"gitId":"olsonwangyj"},"content":"            }","lastModifiedDate":"2025-02-21","isFullCredit":false},{"lineNumber":95,"author":{"gitId":"olsonwangyj"},"content":"        } catch (IOException e) {","lastModifiedDate":"2025-02-21","isFullCredit":false},{"lineNumber":96,"author":{"gitId":"olsonwangyj"},"content":"            System.out.println(\"Error writing file: \" + e.getMessage());","lastModifiedDate":"2025-02-21","isFullCredit":false},{"lineNumber":97,"author":{"gitId":"olsonwangyj"},"content":"        }","lastModifiedDate":"2025-02-21","isFullCredit":false},{"lineNumber":98,"author":{"gitId":"olsonwangyj"},"content":"    }","lastModifiedDate":"2025-02-21","isFullCredit":false},{"lineNumber":99,"author":{"gitId":"olsonwangyj"},"content":"","lastModifiedDate":"2025-02-21","isFullCredit":false},{"lineNumber":100,"author":{"gitId":"olsonwangyj"},"content":"    private String formatTask(Task task) {","lastModifiedDate":"2025-02-21","isFullCredit":false},{"lineNumber":101,"author":{"gitId":"olsonwangyj"},"content":"        String type \u003d task instanceof Todo ? \"T\" :","lastModifiedDate":"2025-02-21","isFullCredit":false},{"lineNumber":102,"author":{"gitId":"olsonwangyj"},"content":"                      task instanceof Deadline ? \"D\" :","lastModifiedDate":"2025-02-21","isFullCredit":false},{"lineNumber":103,"author":{"gitId":"olsonwangyj"},"content":"                      task instanceof Event ? \"E\" : \"?\";","lastModifiedDate":"2025-02-21","isFullCredit":false},{"lineNumber":104,"author":{"gitId":"olsonwangyj"},"content":"        String status \u003d task.isDone() ? \"1\" : \"0\";","lastModifiedDate":"2025-02-21","isFullCredit":false},{"lineNumber":105,"author":{"gitId":"olsonwangyj"},"content":"","lastModifiedDate":"2025-02-21","isFullCredit":false},{"lineNumber":106,"author":{"gitId":"olsonwangyj"},"content":"        if (task instanceof Deadline) {","lastModifiedDate":"2025-02-21","isFullCredit":false},{"lineNumber":107,"author":{"gitId":"olsonwangyj"},"content":"            return String.format(\"%s | %s | %s | %s\", type, status, task.getDescription(),","lastModifiedDate":"2025-02-21","isFullCredit":false},{"lineNumber":108,"author":{"gitId":"olsonwangyj"},"content":"                    ((Deadline) task).getBy());","lastModifiedDate":"2025-02-21","isFullCredit":false},{"lineNumber":109,"author":{"gitId":"olsonwangyj"},"content":"        } else if (task instanceof Event) {","lastModifiedDate":"2025-02-21","isFullCredit":false},{"lineNumber":110,"author":{"gitId":"olsonwangyj"},"content":"            return String.format(\"%s | %s | %s | %s | %s\", type, status, task.getDescription(),","lastModifiedDate":"2025-02-21","isFullCredit":false},{"lineNumber":111,"author":{"gitId":"olsonwangyj"},"content":"                    ((Event) task).getFrom(), ((Event) task).getTo());","lastModifiedDate":"2025-02-21","isFullCredit":false},{"lineNumber":112,"author":{"gitId":"olsonwangyj"},"content":"        } else {","lastModifiedDate":"2025-02-21","isFullCredit":false},{"lineNumber":113,"author":{"gitId":"olsonwangyj"},"content":"            return String.format(\"%s | %s | %s\", type, status, task.getDescription());","lastModifiedDate":"2025-02-21","isFullCredit":false},{"lineNumber":114,"author":{"gitId":"olsonwangyj"},"content":"        }","lastModifiedDate":"2025-02-21","isFullCredit":false},{"lineNumber":115,"author":{"gitId":"olsonwangyj"},"content":"    }","lastModifiedDate":"2025-02-21","isFullCredit":false},{"lineNumber":116,"author":{"gitId":"olsonwangyj"},"content":"}","lastModifiedDate":"2025-02-21","isFullCredit":false}],"authorContributionMap":{"olsonwangyj":116}},{"path":"src/main/java/litchi/task/Deadline.java","fileType":"java","lines":[{"lineNumber":1,"author":{"gitId":"olsonwangyj"},"content":"package litchi.task;","lastModifiedDate":"2025-02-14","isFullCredit":false},{"lineNumber":2,"author":{"gitId":"olsonwangyj"},"content":"","lastModifiedDate":"2025-02-14","isFullCredit":false},{"lineNumber":3,"author":{"gitId":"olsonwangyj"},"content":"public class Deadline extends Task {","lastModifiedDate":"2025-02-06","isFullCredit":false},{"lineNumber":4,"author":{"gitId":"olsonwangyj"},"content":"","lastModifiedDate":"2025-02-06","isFullCredit":false},{"lineNumber":5,"author":{"gitId":"olsonwangyj"},"content":"    protected String by;","lastModifiedDate":"2025-02-06","isFullCredit":false},{"lineNumber":6,"author":{"gitId":"olsonwangyj"},"content":"","lastModifiedDate":"2025-02-06","isFullCredit":false},{"lineNumber":7,"author":{"gitId":"olsonwangyj"},"content":"    public Deadline(String description, String by) {","lastModifiedDate":"2025-02-06","isFullCredit":false},{"lineNumber":8,"author":{"gitId":"olsonwangyj"},"content":"        super(description);","lastModifiedDate":"2025-02-06","isFullCredit":false},{"lineNumber":9,"author":{"gitId":"olsonwangyj"},"content":"        this.by \u003d by;","lastModifiedDate":"2025-02-06","isFullCredit":false},{"lineNumber":10,"author":{"gitId":"olsonwangyj"},"content":"    }","lastModifiedDate":"2025-02-06","isFullCredit":false},{"lineNumber":11,"author":{"gitId":"olsonwangyj"},"content":"","lastModifiedDate":"2025-02-06","isFullCredit":false},{"lineNumber":12,"author":{"gitId":"olsonwangyj"},"content":"    @Override","lastModifiedDate":"2025-02-06","isFullCredit":false},{"lineNumber":13,"author":{"gitId":"olsonwangyj"},"content":"    public String toString() {","lastModifiedDate":"2025-02-06","isFullCredit":false},{"lineNumber":14,"author":{"gitId":"olsonwangyj"},"content":"        return \"[D]\" + super.toString() + \" (by: \" + by + \")\";","lastModifiedDate":"2025-02-06","isFullCredit":false},{"lineNumber":15,"author":{"gitId":"olsonwangyj"},"content":"    }","lastModifiedDate":"2025-02-06","isFullCredit":false},{"lineNumber":16,"author":{"gitId":"olsonwangyj"},"content":"","lastModifiedDate":"2025-02-21","isFullCredit":false},{"lineNumber":17,"author":{"gitId":"olsonwangyj"},"content":"    public String getBy() {","lastModifiedDate":"2025-02-21","isFullCredit":false},{"lineNumber":18,"author":{"gitId":"olsonwangyj"},"content":"        return by;","lastModifiedDate":"2025-02-21","isFullCredit":false},{"lineNumber":19,"author":{"gitId":"olsonwangyj"},"content":"    }","lastModifiedDate":"2025-02-21","isFullCredit":false},{"lineNumber":20,"author":{"gitId":"olsonwangyj"},"content":"}","lastModifiedDate":"2025-02-06","isFullCredit":false}],"authorContributionMap":{"olsonwangyj":20}},{"path":"src/main/java/litchi/task/Event.java","fileType":"java","lines":[{"lineNumber":1,"author":{"gitId":"olsonwangyj"},"content":"package litchi.task;","lastModifiedDate":"2025-02-14","isFullCredit":false},{"lineNumber":2,"author":{"gitId":"olsonwangyj"},"content":"","lastModifiedDate":"2025-02-14","isFullCredit":false},{"lineNumber":3,"author":{"gitId":"olsonwangyj"},"content":"public class Event extends Task{","lastModifiedDate":"2025-02-07","isFullCredit":false},{"lineNumber":4,"author":{"gitId":"olsonwangyj"},"content":"","lastModifiedDate":"2025-02-07","isFullCredit":false},{"lineNumber":5,"author":{"gitId":"olsonwangyj"},"content":"    protected String from;","lastModifiedDate":"2025-02-07","isFullCredit":false},{"lineNumber":6,"author":{"gitId":"olsonwangyj"},"content":"    protected String to;","lastModifiedDate":"2025-02-07","isFullCredit":false},{"lineNumber":7,"author":{"gitId":"olsonwangyj"},"content":"","lastModifiedDate":"2025-02-07","isFullCredit":false},{"lineNumber":8,"author":{"gitId":"olsonwangyj"},"content":"    public Event(String description, String from, String to) {","lastModifiedDate":"2025-02-07","isFullCredit":false},{"lineNumber":9,"author":{"gitId":"olsonwangyj"},"content":"        super(description);","lastModifiedDate":"2025-02-07","isFullCredit":false},{"lineNumber":10,"author":{"gitId":"olsonwangyj"},"content":"        this.from \u003d from;","lastModifiedDate":"2025-02-07","isFullCredit":false},{"lineNumber":11,"author":{"gitId":"olsonwangyj"},"content":"        this.to \u003d to;","lastModifiedDate":"2025-02-07","isFullCredit":false},{"lineNumber":12,"author":{"gitId":"olsonwangyj"},"content":"    }","lastModifiedDate":"2025-02-07","isFullCredit":false},{"lineNumber":13,"author":{"gitId":"olsonwangyj"},"content":"","lastModifiedDate":"2025-02-07","isFullCredit":false},{"lineNumber":14,"author":{"gitId":"olsonwangyj"},"content":"    @Override","lastModifiedDate":"2025-02-07","isFullCredit":false},{"lineNumber":15,"author":{"gitId":"olsonwangyj"},"content":"    public String toString() {","lastModifiedDate":"2025-02-07","isFullCredit":false},{"lineNumber":16,"author":{"gitId":"olsonwangyj"},"content":"        return \"[E]\" + super.toString() + \" (from: \" + from + \" to: \" + to + \")\";","lastModifiedDate":"2025-02-07","isFullCredit":false},{"lineNumber":17,"author":{"gitId":"olsonwangyj"},"content":"    }","lastModifiedDate":"2025-02-07","isFullCredit":false},{"lineNumber":18,"author":{"gitId":"olsonwangyj"},"content":"","lastModifiedDate":"2025-02-21","isFullCredit":false},{"lineNumber":19,"author":{"gitId":"olsonwangyj"},"content":"    public String getFrom() {","lastModifiedDate":"2025-02-21","isFullCredit":false},{"lineNumber":20,"author":{"gitId":"olsonwangyj"},"content":"        return from;","lastModifiedDate":"2025-02-21","isFullCredit":false},{"lineNumber":21,"author":{"gitId":"olsonwangyj"},"content":"    }","lastModifiedDate":"2025-02-21","isFullCredit":false},{"lineNumber":22,"author":{"gitId":"olsonwangyj"},"content":"","lastModifiedDate":"2025-02-21","isFullCredit":false},{"lineNumber":23,"author":{"gitId":"olsonwangyj"},"content":"    public String getTo() {","lastModifiedDate":"2025-02-21","isFullCredit":false},{"lineNumber":24,"author":{"gitId":"olsonwangyj"},"content":"        return to;","lastModifiedDate":"2025-02-21","isFullCredit":false},{"lineNumber":25,"author":{"gitId":"olsonwangyj"},"content":"    }","lastModifiedDate":"2025-02-21","isFullCredit":false},{"lineNumber":26,"author":{"gitId":"olsonwangyj"},"content":"}","lastModifiedDate":"2025-02-07","isFullCredit":false}],"authorContributionMap":{"olsonwangyj":26}},{"path":"src/main/java/litchi/task/Task.java","fileType":"java","lines":[{"lineNumber":1,"author":{"gitId":"olsonwangyj"},"content":"package litchi.task;","lastModifiedDate":"2025-02-14","isFullCredit":false},{"lineNumber":2,"author":{"gitId":"olsonwangyj"},"content":"","lastModifiedDate":"2025-02-14","isFullCredit":false},{"lineNumber":3,"author":{"gitId":"olsonwangyj"},"content":"public class Task {","lastModifiedDate":"2025-01-31","isFullCredit":false},{"lineNumber":4,"author":{"gitId":"olsonwangyj"},"content":"    protected String description;","lastModifiedDate":"2025-01-31","isFullCredit":false},{"lineNumber":5,"author":{"gitId":"olsonwangyj"},"content":"    protected boolean isDone;","lastModifiedDate":"2025-01-31","isFullCredit":false},{"lineNumber":6,"author":{"gitId":"olsonwangyj"},"content":"","lastModifiedDate":"2025-01-31","isFullCredit":false},{"lineNumber":7,"author":{"gitId":"olsonwangyj"},"content":"    public Task(String description) {","lastModifiedDate":"2025-01-31","isFullCredit":false},{"lineNumber":8,"author":{"gitId":"olsonwangyj"},"content":"        this.description \u003d description;","lastModifiedDate":"2025-01-31","isFullCredit":false},{"lineNumber":9,"author":{"gitId":"olsonwangyj"},"content":"        this.isDone \u003d false;","lastModifiedDate":"2025-01-31","isFullCredit":false},{"lineNumber":10,"author":{"gitId":"olsonwangyj"},"content":"    }","lastModifiedDate":"2025-01-31","isFullCredit":false},{"lineNumber":11,"author":{"gitId":"olsonwangyj"},"content":"","lastModifiedDate":"2025-01-31","isFullCredit":false},{"lineNumber":12,"author":{"gitId":"olsonwangyj"},"content":"    public String getStatusIcon() {","lastModifiedDate":"2025-01-31","isFullCredit":false},{"lineNumber":13,"author":{"gitId":"olsonwangyj"},"content":"        return (isDone ? \"X\" : \" \");","lastModifiedDate":"2025-01-31","isFullCredit":false},{"lineNumber":14,"author":{"gitId":"olsonwangyj"},"content":"    }","lastModifiedDate":"2025-01-31","isFullCredit":false},{"lineNumber":15,"author":{"gitId":"olsonwangyj"},"content":"","lastModifiedDate":"2025-01-31","isFullCredit":false},{"lineNumber":16,"author":{"gitId":"olsonwangyj"},"content":"    public void markAsDone() {","lastModifiedDate":"2025-01-31","isFullCredit":false},{"lineNumber":17,"author":{"gitId":"olsonwangyj"},"content":"        isDone \u003d true;","lastModifiedDate":"2025-01-31","isFullCredit":false},{"lineNumber":18,"author":{"gitId":"olsonwangyj"},"content":"    }","lastModifiedDate":"2025-01-31","isFullCredit":false},{"lineNumber":19,"author":{"gitId":"olsonwangyj"},"content":"","lastModifiedDate":"2025-01-31","isFullCredit":false},{"lineNumber":20,"author":{"gitId":"olsonwangyj"},"content":"    public void markAsNotDone() {","lastModifiedDate":"2025-01-31","isFullCredit":false},{"lineNumber":21,"author":{"gitId":"olsonwangyj"},"content":"        isDone \u003d false;","lastModifiedDate":"2025-01-31","isFullCredit":false},{"lineNumber":22,"author":{"gitId":"olsonwangyj"},"content":"    }","lastModifiedDate":"2025-01-31","isFullCredit":false},{"lineNumber":23,"author":{"gitId":"olsonwangyj"},"content":"","lastModifiedDate":"2025-01-31","isFullCredit":false},{"lineNumber":24,"author":{"gitId":"olsonwangyj"},"content":"    @Override","lastModifiedDate":"2025-01-31","isFullCredit":false},{"lineNumber":25,"author":{"gitId":"olsonwangyj"},"content":"    public String toString() {","lastModifiedDate":"2025-01-31","isFullCredit":false},{"lineNumber":26,"author":{"gitId":"olsonwangyj"},"content":"        return \"[\" + getStatusIcon() + \"] \" + description;","lastModifiedDate":"2025-01-31","isFullCredit":false},{"lineNumber":27,"author":{"gitId":"olsonwangyj"},"content":"    }","lastModifiedDate":"2025-01-31","isFullCredit":false},{"lineNumber":28,"author":{"gitId":"olsonwangyj"},"content":"","lastModifiedDate":"2025-02-21","isFullCredit":false},{"lineNumber":29,"author":{"gitId":"olsonwangyj"},"content":"    public boolean isDone() {","lastModifiedDate":"2025-02-21","isFullCredit":false},{"lineNumber":30,"author":{"gitId":"olsonwangyj"},"content":"        return isDone;","lastModifiedDate":"2025-02-21","isFullCredit":false},{"lineNumber":31,"author":{"gitId":"olsonwangyj"},"content":"    }","lastModifiedDate":"2025-02-21","isFullCredit":false},{"lineNumber":32,"author":{"gitId":"olsonwangyj"},"content":"","lastModifiedDate":"2025-02-21","isFullCredit":false},{"lineNumber":33,"author":{"gitId":"olsonwangyj"},"content":"    public String getDescription() {","lastModifiedDate":"2025-02-21","isFullCredit":false},{"lineNumber":34,"author":{"gitId":"olsonwangyj"},"content":"        return description;","lastModifiedDate":"2025-02-21","isFullCredit":false},{"lineNumber":35,"author":{"gitId":"olsonwangyj"},"content":"    }","lastModifiedDate":"2025-02-21","isFullCredit":false},{"lineNumber":36,"author":{"gitId":"olsonwangyj"},"content":"}","lastModifiedDate":"2025-01-31","isFullCredit":false}],"authorContributionMap":{"olsonwangyj":36}},{"path":"src/main/java/litchi/task/Todo.java","fileType":"java","lines":[{"lineNumber":1,"author":{"gitId":"olsonwangyj"},"content":"package litchi.task;","lastModifiedDate":"2025-02-14","isFullCredit":false},{"lineNumber":2,"author":{"gitId":"olsonwangyj"},"content":"","lastModifiedDate":"2025-02-14","isFullCredit":false},{"lineNumber":3,"author":{"gitId":"olsonwangyj"},"content":"public class Todo extends Task{","lastModifiedDate":"2025-02-06","isFullCredit":false},{"lineNumber":4,"author":{"gitId":"olsonwangyj"},"content":"    public Todo(String description) {","lastModifiedDate":"2025-02-06","isFullCredit":false},{"lineNumber":5,"author":{"gitId":"olsonwangyj"},"content":"        super(description);","lastModifiedDate":"2025-02-06","isFullCredit":false},{"lineNumber":6,"author":{"gitId":"olsonwangyj"},"content":"    }","lastModifiedDate":"2025-02-06","isFullCredit":false},{"lineNumber":7,"author":{"gitId":"olsonwangyj"},"content":"","lastModifiedDate":"2025-02-06","isFullCredit":false},{"lineNumber":8,"author":{"gitId":"olsonwangyj"},"content":"    @Override","lastModifiedDate":"2025-02-06","isFullCredit":false},{"lineNumber":9,"author":{"gitId":"olsonwangyj"},"content":"    public String toString() {","lastModifiedDate":"2025-02-06","isFullCredit":false},{"lineNumber":10,"author":{"gitId":"olsonwangyj"},"content":"        return \"[T]\" + super.toString();","lastModifiedDate":"2025-02-06","isFullCredit":false},{"lineNumber":11,"author":{"gitId":"olsonwangyj"},"content":"    }","lastModifiedDate":"2025-02-06","isFullCredit":false},{"lineNumber":12,"author":{"gitId":"olsonwangyj"},"content":"}","lastModifiedDate":"2025-02-06","isFullCredit":false}],"authorContributionMap":{"olsonwangyj":12}},{"path":"src/main/java/litchi/ui/Litchi.java","fileType":"java","lines":[{"lineNumber":1,"author":{"gitId":"olsonwangyj"},"content":"package litchi.ui;","lastModifiedDate":"2025-02-14","isFullCredit":false},{"lineNumber":2,"author":{"gitId":"olsonwangyj"},"content":"","lastModifiedDate":"2025-02-14","isFullCredit":false},{"lineNumber":3,"author":{"gitId":"olsonwangyj"},"content":"import litchi.exception.LitchiException;","lastModifiedDate":"2025-02-14","isFullCredit":false},{"lineNumber":4,"author":{"gitId":"olsonwangyj"},"content":"import litchi.task.Deadline;","lastModifiedDate":"2025-02-14","isFullCredit":false},{"lineNumber":5,"author":{"gitId":"olsonwangyj"},"content":"import litchi.task.Event;","lastModifiedDate":"2025-02-14","isFullCredit":false},{"lineNumber":6,"author":{"gitId":"olsonwangyj"},"content":"import litchi.task.Task;","lastModifiedDate":"2025-02-14","isFullCredit":false},{"lineNumber":7,"author":{"gitId":"olsonwangyj"},"content":"import litchi.task.Todo;","lastModifiedDate":"2025-02-14","isFullCredit":false},{"lineNumber":8,"author":{"gitId":"olsonwangyj"},"content":"import litchi.storage.Storage;","lastModifiedDate":"2025-02-21","isFullCredit":false},{"lineNumber":9,"author":{"gitId":"olsonwangyj"},"content":"","lastModifiedDate":"2025-02-14","isFullCredit":false},{"lineNumber":10,"author":{"gitId":"olsonwangyj"},"content":"import java.io.IOException;","lastModifiedDate":"2025-02-21","isFullCredit":false},{"lineNumber":11,"author":{"gitId":"olsonwangyj"},"content":"import java.util.Scanner;","lastModifiedDate":"2025-01-31","isFullCredit":false},{"lineNumber":12,"author":{"gitId":"olsonwangyj"},"content":"import java.util.ArrayList;","lastModifiedDate":"2025-02-21","isFullCredit":false},{"lineNumber":13,"author":{"gitId":"olsonwangyj"},"content":"","lastModifiedDate":"2025-01-31","isFullCredit":false},{"lineNumber":14,"author":{"gitId":"olsonwangyj"},"content":"public class Litchi {","lastModifiedDate":"2025-01-20","isFullCredit":false},{"lineNumber":15,"author":{"gitId":"olsonwangyj"},"content":"    private static final ArrayList\u003cTask\u003e tasks \u003d new ArrayList\u003c\u003e();","lastModifiedDate":"2025-02-21","isFullCredit":false},{"lineNumber":16,"author":{"gitId":"olsonwangyj"},"content":"    private static int taskNum \u003d 0;","lastModifiedDate":"2025-01-31","isFullCredit":false},{"lineNumber":17,"author":{"gitId":"olsonwangyj"},"content":"    private final static String indentations \u003d \"_____________________________________________\";","lastModifiedDate":"2025-01-31","isFullCredit":false},{"lineNumber":18,"author":{"gitId":"olsonwangyj"},"content":"    private static final String FILE_PATH \u003d \"./data/litchi.txt\";","lastModifiedDate":"2025-02-21","isFullCredit":false},{"lineNumber":19,"author":{"gitId":"olsonwangyj"},"content":"    static Storage storage \u003d new Storage(FILE_PATH);","lastModifiedDate":"2025-02-21","isFullCredit":false},{"lineNumber":20,"author":{"gitId":"olsonwangyj"},"content":"","lastModifiedDate":"2025-01-31","isFullCredit":false},{"lineNumber":21,"author":{"gitId":"olsonwangyj"},"content":"    public static void main(String[] args) throws IOException {","lastModifiedDate":"2025-02-21","isFullCredit":false},{"lineNumber":22,"author":{"gitId":"olsonwangyj"},"content":"","lastModifiedDate":"2025-02-07","isFullCredit":false},{"lineNumber":23,"author":{"gitId":"olsonwangyj"},"content":"        loadTasks();","lastModifiedDate":"2025-02-21","isFullCredit":false},{"lineNumber":24,"author":{"gitId":"olsonwangyj"},"content":"        printHello();","lastModifiedDate":"2025-02-07","isFullCredit":false},{"lineNumber":25,"author":{"gitId":"olsonwangyj"},"content":"","lastModifiedDate":"2025-01-31","isFullCredit":false},{"lineNumber":26,"author":{"gitId":"olsonwangyj"},"content":"        Scanner scanner \u003d new Scanner(System.in);","lastModifiedDate":"2025-01-31","isFullCredit":false},{"lineNumber":27,"author":{"gitId":"olsonwangyj"},"content":"        while (true) {","lastModifiedDate":"2025-01-31","isFullCredit":false},{"lineNumber":28,"author":{"gitId":"olsonwangyj"},"content":"            try {","lastModifiedDate":"2025-02-14","isFullCredit":false},{"lineNumber":29,"author":{"gitId":"olsonwangyj"},"content":"                String in \u003d scanner.nextLine().trim();","lastModifiedDate":"2025-01-31","isFullCredit":false},{"lineNumber":30,"author":{"gitId":"olsonwangyj"},"content":"","lastModifiedDate":"2025-01-31","isFullCredit":false},{"lineNumber":31,"author":{"gitId":"olsonwangyj"},"content":"                if (in.equals(\"bye\")) {","lastModifiedDate":"2025-01-31","isFullCredit":false},{"lineNumber":32,"author":{"gitId":"olsonwangyj"},"content":"                    printBye();","lastModifiedDate":"2025-02-07","isFullCredit":false},{"lineNumber":33,"author":{"gitId":"olsonwangyj"},"content":"                    break;","lastModifiedDate":"2025-01-31","isFullCredit":false},{"lineNumber":34,"author":{"gitId":"olsonwangyj"},"content":"                } else if (in.equals(\"list\")) {","lastModifiedDate":"2025-02-07","isFullCredit":false},{"lineNumber":35,"author":{"gitId":"olsonwangyj"},"content":"                    printTaskList();","lastModifiedDate":"2025-01-31","isFullCredit":false},{"lineNumber":36,"author":{"gitId":"olsonwangyj"},"content":"                } else if (in.startsWith(\"mark\")) {","lastModifiedDate":"2025-01-31","isFullCredit":false},{"lineNumber":37,"author":{"gitId":"olsonwangyj"},"content":"                    markTask(in);","lastModifiedDate":"2025-01-31","isFullCredit":false},{"lineNumber":38,"author":{"gitId":"olsonwangyj"},"content":"                } else if (in.startsWith(\"unmark\")) {","lastModifiedDate":"2025-01-31","isFullCredit":false},{"lineNumber":39,"author":{"gitId":"olsonwangyj"},"content":"                    unmarkTask(in);","lastModifiedDate":"2025-01-31","isFullCredit":false},{"lineNumber":40,"author":{"gitId":"olsonwangyj"},"content":"                } else if (in.startsWith(\"todo\")) {","lastModifiedDate":"2025-02-06","isFullCredit":false},{"lineNumber":41,"author":{"gitId":"olsonwangyj"},"content":"                    addTodo(in);","lastModifiedDate":"2025-02-06","isFullCredit":false},{"lineNumber":42,"author":{"gitId":"olsonwangyj"},"content":"                } else if (in.startsWith(\"deadline\")) {","lastModifiedDate":"2025-02-06","isFullCredit":false},{"lineNumber":43,"author":{"gitId":"olsonwangyj"},"content":"                    addDeadline(in);","lastModifiedDate":"2025-02-06","isFullCredit":false},{"lineNumber":44,"author":{"gitId":"olsonwangyj"},"content":"                } else if (in.startsWith(\"event\")) {","lastModifiedDate":"2025-02-07","isFullCredit":false},{"lineNumber":45,"author":{"gitId":"olsonwangyj"},"content":"                    addEvent(in);","lastModifiedDate":"2025-02-07","isFullCredit":false},{"lineNumber":46,"author":{"gitId":"olsonwangyj"},"content":"                } else if (in.startsWith(\"delete\")) {","lastModifiedDate":"2025-02-21","isFullCredit":false},{"lineNumber":47,"author":{"gitId":"olsonwangyj"},"content":"                    deleteTask(in);","lastModifiedDate":"2025-02-21","isFullCredit":false},{"lineNumber":48,"author":{"gitId":"olsonwangyj"},"content":"                } else {","lastModifiedDate":"2025-02-07","isFullCredit":false},{"lineNumber":49,"author":{"gitId":"olsonwangyj"},"content":"                    throw new LitchiException();","lastModifiedDate":"2025-02-14","isFullCredit":false},{"lineNumber":50,"author":{"gitId":"olsonwangyj"},"content":"                }","lastModifiedDate":"2025-02-14","isFullCredit":false},{"lineNumber":51,"author":{"gitId":"olsonwangyj"},"content":"            } catch (LitchiException e) {","lastModifiedDate":"2025-02-14","isFullCredit":false},{"lineNumber":52,"author":{"gitId":"olsonwangyj"},"content":"                printError(e.getMessage());","lastModifiedDate":"2025-02-14","isFullCredit":false},{"lineNumber":53,"author":{"gitId":"olsonwangyj"},"content":"            } catch (NumberFormatException e) {","lastModifiedDate":"2025-02-14","isFullCredit":false},{"lineNumber":54,"author":{"gitId":"olsonwangyj"},"content":"                printError(\"Invalid number format. Please enter a valid task number.\");","lastModifiedDate":"2025-02-14","isFullCredit":false},{"lineNumber":55,"author":{"gitId":"olsonwangyj"},"content":"            } catch (Exception e) {","lastModifiedDate":"2025-02-14","isFullCredit":false},{"lineNumber":56,"author":{"gitId":"olsonwangyj"},"content":"                printError(\"An unexpected error occurred: \" + e.getMessage());","lastModifiedDate":"2025-02-14","isFullCredit":false},{"lineNumber":57,"author":{"gitId":"olsonwangyj"},"content":"            }","lastModifiedDate":"2025-01-31","isFullCredit":false},{"lineNumber":58,"author":{"gitId":"olsonwangyj"},"content":"        }","lastModifiedDate":"2025-01-31","isFullCredit":false},{"lineNumber":59,"author":{"gitId":"olsonwangyj"},"content":"    }","lastModifiedDate":"2025-01-31","isFullCredit":false},{"lineNumber":60,"author":{"gitId":"olsonwangyj"},"content":"","lastModifiedDate":"2025-01-31","isFullCredit":false},{"lineNumber":61,"author":{"gitId":"olsonwangyj"},"content":"    public static void loadTasks() throws IOException {","lastModifiedDate":"2025-02-21","isFullCredit":false},{"lineNumber":62,"author":{"gitId":"olsonwangyj"},"content":"        tasks.addAll(storage.loadTasks());","lastModifiedDate":"2025-02-21","isFullCredit":false},{"lineNumber":63,"author":{"gitId":"olsonwangyj"},"content":"        taskNum \u003d tasks.size();","lastModifiedDate":"2025-02-21","isFullCredit":false},{"lineNumber":64,"author":{"gitId":"olsonwangyj"},"content":"    }","lastModifiedDate":"2025-02-21","isFullCredit":false},{"lineNumber":65,"author":{"gitId":"olsonwangyj"},"content":"","lastModifiedDate":"2025-02-21","isFullCredit":false},{"lineNumber":66,"author":{"gitId":"olsonwangyj"},"content":"    public static void printError(String message) {","lastModifiedDate":"2025-02-14","isFullCredit":false},{"lineNumber":67,"author":{"gitId":"olsonwangyj"},"content":"        System.out.println(indentations);","lastModifiedDate":"2025-02-14","isFullCredit":false},{"lineNumber":68,"author":{"gitId":"olsonwangyj"},"content":"        System.out.println(message);","lastModifiedDate":"2025-02-14","isFullCredit":false},{"lineNumber":69,"author":{"gitId":"olsonwangyj"},"content":"        System.out.println(indentations);","lastModifiedDate":"2025-02-14","isFullCredit":false},{"lineNumber":70,"author":{"gitId":"olsonwangyj"},"content":"    }","lastModifiedDate":"2025-02-14","isFullCredit":false},{"lineNumber":71,"author":{"gitId":"olsonwangyj"},"content":"","lastModifiedDate":"2025-02-14","isFullCredit":false},{"lineNumber":72,"author":{"gitId":"olsonwangyj"},"content":"    public static void printHello() {","lastModifiedDate":"2025-02-07","isFullCredit":false},{"lineNumber":73,"author":{"gitId":"olsonwangyj"},"content":"        System.out.println(indentations);","lastModifiedDate":"2025-02-07","isFullCredit":false},{"lineNumber":74,"author":{"gitId":"olsonwangyj"},"content":"        System.out.println(\"Hello! I\u0027m Litchi\");","lastModifiedDate":"2025-02-07","isFullCredit":false},{"lineNumber":75,"author":{"gitId":"olsonwangyj"},"content":"        System.out.println(\"What can I do for you?\");","lastModifiedDate":"2025-02-07","isFullCredit":false},{"lineNumber":76,"author":{"gitId":"olsonwangyj"},"content":"        System.out.println(indentations);","lastModifiedDate":"2025-02-07","isFullCredit":false},{"lineNumber":77,"author":{"gitId":"olsonwangyj"},"content":"    }","lastModifiedDate":"2025-02-07","isFullCredit":false},{"lineNumber":78,"author":{"gitId":"olsonwangyj"},"content":"","lastModifiedDate":"2025-02-07","isFullCredit":false},{"lineNumber":79,"author":{"gitId":"olsonwangyj"},"content":"    public static void printBye() {","lastModifiedDate":"2025-02-07","isFullCredit":false},{"lineNumber":80,"author":{"gitId":"olsonwangyj"},"content":"        System.out.println(indentations);","lastModifiedDate":"2025-02-07","isFullCredit":false},{"lineNumber":81,"author":{"gitId":"olsonwangyj"},"content":"        System.out.println(\"Bye. Hope to see you again soon!\");","lastModifiedDate":"2025-02-07","isFullCredit":false},{"lineNumber":82,"author":{"gitId":"olsonwangyj"},"content":"        System.out.println(indentations);","lastModifiedDate":"2025-02-07","isFullCredit":false},{"lineNumber":83,"author":{"gitId":"olsonwangyj"},"content":"    }","lastModifiedDate":"2025-02-07","isFullCredit":false},{"lineNumber":84,"author":{"gitId":"olsonwangyj"},"content":"","lastModifiedDate":"2025-02-07","isFullCredit":false},{"lineNumber":85,"author":{"gitId":"olsonwangyj"},"content":"    public static void printTaskList() {","lastModifiedDate":"2025-01-31","isFullCredit":false},{"lineNumber":86,"author":{"gitId":"olsonwangyj"},"content":"        System.out.println(indentations);","lastModifiedDate":"2025-01-31","isFullCredit":false},{"lineNumber":87,"author":{"gitId":"olsonwangyj"},"content":"        System.out.println(\"Here are the tasks in your list:\");","lastModifiedDate":"2025-01-31","isFullCredit":false},{"lineNumber":88,"author":{"gitId":"olsonwangyj"},"content":"        for (int i \u003d 0; i \u003c taskNum; i++) {","lastModifiedDate":"2025-01-31","isFullCredit":false},{"lineNumber":89,"author":{"gitId":"olsonwangyj"},"content":"            System.out.println((i + 1) + \".\" + tasks.get(i).toString());","lastModifiedDate":"2025-02-21","isFullCredit":false},{"lineNumber":90,"author":{"gitId":"olsonwangyj"},"content":"        }","lastModifiedDate":"2025-01-31","isFullCredit":false},{"lineNumber":91,"author":{"gitId":"olsonwangyj"},"content":"        System.out.println(indentations);","lastModifiedDate":"2025-01-31","isFullCredit":false},{"lineNumber":92,"author":{"gitId":"olsonwangyj"},"content":"    }","lastModifiedDate":"2025-01-31","isFullCredit":false},{"lineNumber":93,"author":{"gitId":"olsonwangyj"},"content":"","lastModifiedDate":"2025-01-31","isFullCredit":false},{"lineNumber":94,"author":{"gitId":"olsonwangyj"},"content":"    public static void markTask(String in) throws LitchiException,IOException {","lastModifiedDate":"2025-02-21","isFullCredit":false},{"lineNumber":95,"author":{"gitId":"olsonwangyj"},"content":"        int index \u003d Integer.parseInt(in.substring(5)) - 1;","lastModifiedDate":"2025-01-31","isFullCredit":false},{"lineNumber":96,"author":{"gitId":"olsonwangyj"},"content":"        if (index \u003c 0 || index \u003e\u003d taskNum) {","lastModifiedDate":"2025-02-07","isFullCredit":false},{"lineNumber":97,"author":{"gitId":"olsonwangyj"},"content":"            throw new LitchiException(\"Task number is out of range.\");","lastModifiedDate":"2025-02-14","isFullCredit":false},{"lineNumber":98,"author":{"gitId":"olsonwangyj"},"content":"        }","lastModifiedDate":"2025-02-07","isFullCredit":false},{"lineNumber":99,"author":{"gitId":"olsonwangyj"},"content":"","lastModifiedDate":"2025-02-07","isFullCredit":false},{"lineNumber":100,"author":{"gitId":"olsonwangyj"},"content":"        tasks.get(index).markAsDone();","lastModifiedDate":"2025-02-21","isFullCredit":false},{"lineNumber":101,"author":{"gitId":"olsonwangyj"},"content":"        storage.saveTasks(tasks);","lastModifiedDate":"2025-02-21","isFullCredit":false},{"lineNumber":102,"author":{"gitId":"olsonwangyj"},"content":"        System.out.println(indentations);","lastModifiedDate":"2025-01-31","isFullCredit":false},{"lineNumber":103,"author":{"gitId":"olsonwangyj"},"content":"        System.out.println(\"Nice! I\u0027ve marked this task as done:\");","lastModifiedDate":"2025-01-31","isFullCredit":false},{"lineNumber":104,"author":{"gitId":"olsonwangyj"},"content":"        System.out.println(tasks.get(index).toString());","lastModifiedDate":"2025-02-21","isFullCredit":false},{"lineNumber":105,"author":{"gitId":"olsonwangyj"},"content":"        System.out.println(indentations);","lastModifiedDate":"2025-01-31","isFullCredit":false},{"lineNumber":106,"author":{"gitId":"olsonwangyj"},"content":"    }","lastModifiedDate":"2025-01-31","isFullCredit":false},{"lineNumber":107,"author":{"gitId":"olsonwangyj"},"content":"","lastModifiedDate":"2025-01-31","isFullCredit":false},{"lineNumber":108,"author":{"gitId":"olsonwangyj"},"content":"    public static void unmarkTask(String in) throws LitchiException, IOException {","lastModifiedDate":"2025-02-21","isFullCredit":false},{"lineNumber":109,"author":{"gitId":"olsonwangyj"},"content":"        int index \u003d Integer.parseInt(in.substring(7)) - 1;","lastModifiedDate":"2025-01-31","isFullCredit":false},{"lineNumber":110,"author":{"gitId":"olsonwangyj"},"content":"        if (index \u003c 0 || index \u003e\u003d taskNum) {","lastModifiedDate":"2025-02-07","isFullCredit":false},{"lineNumber":111,"author":{"gitId":"olsonwangyj"},"content":"            throw new LitchiException(\"Task number is out of range.\");","lastModifiedDate":"2025-02-14","isFullCredit":false},{"lineNumber":112,"author":{"gitId":"olsonwangyj"},"content":"        }","lastModifiedDate":"2025-02-07","isFullCredit":false},{"lineNumber":113,"author":{"gitId":"olsonwangyj"},"content":"","lastModifiedDate":"2025-02-07","isFullCredit":false},{"lineNumber":114,"author":{"gitId":"olsonwangyj"},"content":"        tasks.get(index).markAsNotDone();","lastModifiedDate":"2025-02-21","isFullCredit":false},{"lineNumber":115,"author":{"gitId":"olsonwangyj"},"content":"        storage.saveTasks(tasks);","lastModifiedDate":"2025-02-21","isFullCredit":false},{"lineNumber":116,"author":{"gitId":"olsonwangyj"},"content":"        System.out.println(indentations);","lastModifiedDate":"2025-01-31","isFullCredit":false},{"lineNumber":117,"author":{"gitId":"olsonwangyj"},"content":"        System.out.println(\"OK, I\u0027ve marked this task as not done yet:\");","lastModifiedDate":"2025-01-31","isFullCredit":false},{"lineNumber":118,"author":{"gitId":"olsonwangyj"},"content":"        System.out.println(tasks.get(index).toString());","lastModifiedDate":"2025-02-21","isFullCredit":false},{"lineNumber":119,"author":{"gitId":"olsonwangyj"},"content":"        System.out.println(indentations);","lastModifiedDate":"2025-01-31","isFullCredit":false},{"lineNumber":120,"author":{"gitId":"olsonwangyj"},"content":"    }","lastModifiedDate":"2025-02-07","isFullCredit":false},{"lineNumber":121,"author":{"gitId":"olsonwangyj"},"content":"","lastModifiedDate":"2025-02-07","isFullCredit":false},{"lineNumber":122,"author":{"gitId":"olsonwangyj"},"content":"    public static void addTask(Task task) throws LitchiException, IOException {","lastModifiedDate":"2025-02-21","isFullCredit":false},{"lineNumber":123,"author":{"gitId":"olsonwangyj"},"content":"        tasks.add(task);","lastModifiedDate":"2025-02-21","isFullCredit":false},{"lineNumber":124,"author":{"gitId":"olsonwangyj"},"content":"        taskNum++;","lastModifiedDate":"2025-02-07","isFullCredit":false},{"lineNumber":125,"author":{"gitId":"olsonwangyj"},"content":"        storage.saveTasks(tasks);","lastModifiedDate":"2025-02-21","isFullCredit":false},{"lineNumber":126,"author":{"gitId":"olsonwangyj"},"content":"        System.out.println(indentations);","lastModifiedDate":"2025-01-31","isFullCredit":false},{"lineNumber":127,"author":{"gitId":"olsonwangyj"},"content":"        System.out.println(\"Got it. I\u0027ve added this task:\");","lastModifiedDate":"2025-02-07","isFullCredit":false},{"lineNumber":128,"author":{"gitId":"olsonwangyj"},"content":"        System.out.println(\"  \" + task.toString());","lastModifiedDate":"2025-02-07","isFullCredit":false},{"lineNumber":129,"author":{"gitId":"olsonwangyj"},"content":"        System.out.println(\"Now you have \" + taskNum +","lastModifiedDate":"2025-02-14","isFullCredit":false},{"lineNumber":130,"author":{"gitId":"olsonwangyj"},"content":"                \" task\" + (taskNum \u003d\u003d 1 ? \"\" : \"s\") + \" in the list.\");","lastModifiedDate":"2025-02-14","isFullCredit":false},{"lineNumber":131,"author":{"gitId":"olsonwangyj"},"content":"        System.out.println(indentations);","lastModifiedDate":"2025-02-07","isFullCredit":false},{"lineNumber":132,"author":{"gitId":"olsonwangyj"},"content":"    }","lastModifiedDate":"2025-02-07","isFullCredit":false},{"lineNumber":133,"author":{"gitId":"olsonwangyj"},"content":"","lastModifiedDate":"2025-02-07","isFullCredit":false},{"lineNumber":134,"author":{"gitId":"olsonwangyj"},"content":"    public static void addTodo(String in) throws LitchiException, IOException {","lastModifiedDate":"2025-02-21","isFullCredit":false},{"lineNumber":135,"author":{"gitId":"olsonwangyj"},"content":"        String description \u003d in.substring(4).trim();","lastModifiedDate":"2025-02-14","isFullCredit":false},{"lineNumber":136,"author":{"gitId":"olsonwangyj"},"content":"        if (description.isEmpty()) {","lastModifiedDate":"2025-02-07","isFullCredit":false},{"lineNumber":137,"author":{"gitId":"olsonwangyj"},"content":"            throw new LitchiException(\"The description of a todo cannot be empty.\");","lastModifiedDate":"2025-02-14","isFullCredit":false},{"lineNumber":138,"author":{"gitId":"olsonwangyj"},"content":"        }","lastModifiedDate":"2025-01-31","isFullCredit":false},{"lineNumber":139,"author":{"gitId":"olsonwangyj"},"content":"","lastModifiedDate":"2025-02-14","isFullCredit":false},{"lineNumber":140,"author":{"gitId":"olsonwangyj"},"content":"        Task newTodo \u003d new Todo(description);","lastModifiedDate":"2025-02-07","isFullCredit":false},{"lineNumber":141,"author":{"gitId":"olsonwangyj"},"content":"        addTask(newTodo);","lastModifiedDate":"2025-02-07","isFullCredit":false},{"lineNumber":142,"author":{"gitId":"olsonwangyj"},"content":"    }","lastModifiedDate":"2025-01-20","isFullCredit":false},{"lineNumber":143,"author":{"gitId":"olsonwangyj"},"content":"","lastModifiedDate":"2025-02-06","isFullCredit":false},{"lineNumber":144,"author":{"gitId":"olsonwangyj"},"content":"    public static void addDeadline(String in) throws LitchiException, IOException {","lastModifiedDate":"2025-02-21","isFullCredit":false},{"lineNumber":145,"author":{"gitId":"olsonwangyj"},"content":"        int begin \u003d 9;","lastModifiedDate":"2025-02-07","isFullCredit":false},{"lineNumber":146,"author":{"gitId":"olsonwangyj"},"content":"        int end \u003d in.indexOf(\"/by\");","lastModifiedDate":"2025-02-07","isFullCredit":false},{"lineNumber":147,"author":{"gitId":"olsonwangyj"},"content":"        if (end \u003d\u003d -1) {","lastModifiedDate":"2025-02-07","isFullCredit":false},{"lineNumber":148,"author":{"gitId":"olsonwangyj"},"content":"            throw new LitchiException(\"The deadline is missing! \" +","lastModifiedDate":"2025-02-14","isFullCredit":false},{"lineNumber":149,"author":{"gitId":"olsonwangyj"},"content":"                    \"Please use: deadline \u003ctask\u003e /by \u003cdate\u003e.\");","lastModifiedDate":"2025-02-14","isFullCredit":false},{"lineNumber":150,"author":{"gitId":"olsonwangyj"},"content":"        }","lastModifiedDate":"2025-02-07","isFullCredit":false},{"lineNumber":151,"author":{"gitId":"olsonwangyj"},"content":"","lastModifiedDate":"2025-02-07","isFullCredit":false},{"lineNumber":152,"author":{"gitId":"olsonwangyj"},"content":"        String description \u003d in.substring(begin, end).trim();","lastModifiedDate":"2025-02-07","isFullCredit":false},{"lineNumber":153,"author":{"gitId":"olsonwangyj"},"content":"        String deadline \u003d in.substring(end + 3).trim();","lastModifiedDate":"2025-02-07","isFullCredit":false},{"lineNumber":154,"author":{"gitId":"olsonwangyj"},"content":"        if (description.isEmpty() || deadline.isEmpty()) {","lastModifiedDate":"2025-02-07","isFullCredit":false},{"lineNumber":155,"author":{"gitId":"olsonwangyj"},"content":"            throw new LitchiException(\"The description or the deadline cannot be empty.\");","lastModifiedDate":"2025-02-14","isFullCredit":false},{"lineNumber":156,"author":{"gitId":"olsonwangyj"},"content":"        }","lastModifiedDate":"2025-02-07","isFullCredit":false},{"lineNumber":157,"author":{"gitId":"olsonwangyj"},"content":"","lastModifiedDate":"2025-02-07","isFullCredit":false},{"lineNumber":158,"author":{"gitId":"olsonwangyj"},"content":"        Task newDeadline \u003d new Deadline(description, deadline);","lastModifiedDate":"2025-02-07","isFullCredit":false},{"lineNumber":159,"author":{"gitId":"olsonwangyj"},"content":"        addTask(newDeadline);","lastModifiedDate":"2025-02-07","isFullCredit":false},{"lineNumber":160,"author":{"gitId":"olsonwangyj"},"content":"    }","lastModifiedDate":"2025-02-06","isFullCredit":false},{"lineNumber":161,"author":{"gitId":"olsonwangyj"},"content":"","lastModifiedDate":"2025-02-07","isFullCredit":false},{"lineNumber":162,"author":{"gitId":"olsonwangyj"},"content":"    public static void addEvent(String in) throws LitchiException, IOException {","lastModifiedDate":"2025-02-21","isFullCredit":false},{"lineNumber":163,"author":{"gitId":"olsonwangyj"},"content":"        int begin \u003d 6;","lastModifiedDate":"2025-02-07","isFullCredit":false},{"lineNumber":164,"author":{"gitId":"olsonwangyj"},"content":"        int from \u003d in.indexOf(\"/from\");","lastModifiedDate":"2025-02-07","isFullCredit":false},{"lineNumber":165,"author":{"gitId":"olsonwangyj"},"content":"        int to \u003d in.indexOf(\"/to\");","lastModifiedDate":"2025-02-07","isFullCredit":false},{"lineNumber":166,"author":{"gitId":"olsonwangyj"},"content":"        if (from \u003d\u003d -1 || to \u003d\u003d -1) {","lastModifiedDate":"2025-02-07","isFullCredit":false},{"lineNumber":167,"author":{"gitId":"olsonwangyj"},"content":"            throw new LitchiException(\"The event format is incorrect! \" +","lastModifiedDate":"2025-02-14","isFullCredit":false},{"lineNumber":168,"author":{"gitId":"olsonwangyj"},"content":"                    \"Please use: event \u003cevent\u003e /from \u003cdate\u003e /to \u003cdate\u003e.\");","lastModifiedDate":"2025-02-14","isFullCredit":false},{"lineNumber":169,"author":{"gitId":"olsonwangyj"},"content":"        }","lastModifiedDate":"2025-02-07","isFullCredit":false},{"lineNumber":170,"author":{"gitId":"olsonwangyj"},"content":"","lastModifiedDate":"2025-02-07","isFullCredit":false},{"lineNumber":171,"author":{"gitId":"olsonwangyj"},"content":"        String description \u003d in.substring(begin, from).trim();","lastModifiedDate":"2025-02-07","isFullCredit":false},{"lineNumber":172,"author":{"gitId":"olsonwangyj"},"content":"        String fromTime \u003d in.substring(from + 5, to).trim();","lastModifiedDate":"2025-02-07","isFullCredit":false},{"lineNumber":173,"author":{"gitId":"olsonwangyj"},"content":"        String toTime \u003d in.substring(to + 3).trim();","lastModifiedDate":"2025-02-07","isFullCredit":false},{"lineNumber":174,"author":{"gitId":"olsonwangyj"},"content":"        if (description.isEmpty() || fromTime.isEmpty() || toTime.isEmpty()) {","lastModifiedDate":"2025-02-07","isFullCredit":false},{"lineNumber":175,"author":{"gitId":"olsonwangyj"},"content":"            throw new LitchiException(\"The description or time values for event cannot be empty.\");","lastModifiedDate":"2025-02-14","isFullCredit":false},{"lineNumber":176,"author":{"gitId":"olsonwangyj"},"content":"        }","lastModifiedDate":"2025-02-07","isFullCredit":false},{"lineNumber":177,"author":{"gitId":"olsonwangyj"},"content":"","lastModifiedDate":"2025-02-07","isFullCredit":false},{"lineNumber":178,"author":{"gitId":"olsonwangyj"},"content":"        Task newEvent \u003d new Event(description, fromTime, toTime);","lastModifiedDate":"2025-02-07","isFullCredit":false},{"lineNumber":179,"author":{"gitId":"olsonwangyj"},"content":"        addTask(newEvent);","lastModifiedDate":"2025-02-07","isFullCredit":false},{"lineNumber":180,"author":{"gitId":"olsonwangyj"},"content":"    }","lastModifiedDate":"2025-02-07","isFullCredit":false},{"lineNumber":181,"author":{"gitId":"olsonwangyj"},"content":"","lastModifiedDate":"2025-02-21","isFullCredit":false},{"lineNumber":182,"author":{"gitId":"olsonwangyj"},"content":"    public static void deleteTask(String in) throws LitchiException, IOException {","lastModifiedDate":"2025-02-21","isFullCredit":false},{"lineNumber":183,"author":{"gitId":"olsonwangyj"},"content":"        int index \u003d Integer.parseInt(in.substring(7)) - 1;","lastModifiedDate":"2025-02-21","isFullCredit":false},{"lineNumber":184,"author":{"gitId":"olsonwangyj"},"content":"        if (index \u003c 0 || index \u003e\u003d taskNum) {","lastModifiedDate":"2025-02-21","isFullCredit":false},{"lineNumber":185,"author":{"gitId":"olsonwangyj"},"content":"            throw new LitchiException(\"Task number is out of range.\");","lastModifiedDate":"2025-02-21","isFullCredit":false},{"lineNumber":186,"author":{"gitId":"olsonwangyj"},"content":"        }","lastModifiedDate":"2025-02-21","isFullCredit":false},{"lineNumber":187,"author":{"gitId":"olsonwangyj"},"content":"","lastModifiedDate":"2025-02-21","isFullCredit":false},{"lineNumber":188,"author":{"gitId":"olsonwangyj"},"content":"        System.out.println(indentations);","lastModifiedDate":"2025-02-21","isFullCredit":false},{"lineNumber":189,"author":{"gitId":"olsonwangyj"},"content":"        System.out.println(\"Noted. I\u0027ve removed this task:\");","lastModifiedDate":"2025-02-21","isFullCredit":false},{"lineNumber":190,"author":{"gitId":"olsonwangyj"},"content":"        System.out.println(\"  \" + tasks.get(index).toString());","lastModifiedDate":"2025-02-21","isFullCredit":false},{"lineNumber":191,"author":{"gitId":"olsonwangyj"},"content":"        System.out.println(\"Now you have \" + taskNum +","lastModifiedDate":"2025-02-21","isFullCredit":false},{"lineNumber":192,"author":{"gitId":"olsonwangyj"},"content":"                \" task\" + (taskNum \u003d\u003d 1 ? \"\" : \"s\") + \" in the list.\");","lastModifiedDate":"2025-02-21","isFullCredit":false},{"lineNumber":193,"author":{"gitId":"olsonwangyj"},"content":"        System.out.println(indentations);","lastModifiedDate":"2025-02-21","isFullCredit":false},{"lineNumber":194,"author":{"gitId":"olsonwangyj"},"content":"","lastModifiedDate":"2025-02-21","isFullCredit":false},{"lineNumber":195,"author":{"gitId":"olsonwangyj"},"content":"        tasks.remove(index);","lastModifiedDate":"2025-02-21","isFullCredit":false},{"lineNumber":196,"author":{"gitId":"olsonwangyj"},"content":"        taskNum--;","lastModifiedDate":"2025-02-21","isFullCredit":false},{"lineNumber":197,"author":{"gitId":"olsonwangyj"},"content":"        storage.saveTasks(tasks);","lastModifiedDate":"2025-02-21","isFullCredit":false},{"lineNumber":198,"author":{"gitId":"olsonwangyj"},"content":"    }","lastModifiedDate":"2025-02-21","isFullCredit":false},{"lineNumber":199,"author":{"gitId":"olsonwangyj"},"content":"}","lastModifiedDate":"2025-01-20","isFullCredit":false}],"authorContributionMap":{"olsonwangyj":199}},{"path":"text-ui-test/input.txt","fileType":"txt","lines":[{"lineNumber":1,"author":{"gitId":"olsonwangyj"},"content":"todo borrow book","lastModifiedDate":"2025-02-07","isFullCredit":false},{"lineNumber":2,"author":{"gitId":"olsonwangyj"},"content":"list","lastModifiedDate":"2025-02-07","isFullCredit":false},{"lineNumber":3,"author":{"gitId":"olsonwangyj"},"content":"deadline return book /by Sunday","lastModifiedDate":"2025-02-07","isFullCredit":false},{"lineNumber":4,"author":{"gitId":"olsonwangyj"},"content":"event project meeting /from Mon 2pm /to 4pm","lastModifiedDate":"2025-02-07","isFullCredit":false}],"authorContributionMap":{"olsonwangyj":4}},{"path":"text-ui-test/runtest.bat","fileType":"bat","lines":[{"lineNumber":1,"author":{"gitId":"-"},"content":"@ECHO OFF","lastModifiedDate":"2020-05-25","isFullCredit":false},{"lineNumber":2,"author":{"gitId":"-"},"content":"","lastModifiedDate":"2020-05-25","isFullCredit":false},{"lineNumber":3,"author":{"gitId":"-"},"content":"REM create bin directory if it doesn\u0027t exist","lastModifiedDate":"2020-05-25","isFullCredit":false},{"lineNumber":4,"author":{"gitId":"-"},"content":"if not exist ..\\bin mkdir ..\\bin","lastModifiedDate":"2020-05-25","isFullCredit":false},{"lineNumber":5,"author":{"gitId":"-"},"content":"","lastModifiedDate":"2020-05-25","isFullCredit":false},{"lineNumber":6,"author":{"gitId":"-"},"content":"REM delete output from previous run","lastModifiedDate":"2020-05-25","isFullCredit":false},{"lineNumber":7,"author":{"gitId":"-"},"content":"if exist ACTUAL.TXT del ACTUAL.TXT","lastModifiedDate":"2020-08-25","isFullCredit":false},{"lineNumber":8,"author":{"gitId":"-"},"content":"","lastModifiedDate":"2020-05-25","isFullCredit":false},{"lineNumber":9,"author":{"gitId":"-"},"content":"REM compile the code into the bin folder","lastModifiedDate":"2020-05-25","isFullCredit":false},{"lineNumber":10,"author":{"gitId":"-"},"content":"javac  -cp ..\\src\\main\\java -Xlint:none -d ..\\bin ..\\src\\main\\java\\*.java","lastModifiedDate":"2020-08-25","isFullCredit":false},{"lineNumber":11,"author":{"gitId":"-"},"content":"IF ERRORLEVEL 1 (","lastModifiedDate":"2020-05-25","isFullCredit":false},{"lineNumber":12,"author":{"gitId":"-"},"content":"    echo ********** BUILD FAILURE **********","lastModifiedDate":"2020-05-25","isFullCredit":false},{"lineNumber":13,"author":{"gitId":"-"},"content":"    exit /b 1","lastModifiedDate":"2020-05-25","isFullCredit":false},{"lineNumber":14,"author":{"gitId":"-"},"content":")","lastModifiedDate":"2020-05-25","isFullCredit":false},{"lineNumber":15,"author":{"gitId":"-"},"content":"REM no error here, errorlevel \u003d\u003d 0","lastModifiedDate":"2020-05-25","isFullCredit":false},{"lineNumber":16,"author":{"gitId":"-"},"content":"","lastModifiedDate":"2020-05-25","isFullCredit":false},{"lineNumber":17,"author":{"gitId":"-"},"content":"REM run the program, feed commands from input.txt file and redirect the output to the ACTUAL.TXT","lastModifiedDate":"2020-05-25","isFullCredit":false},{"lineNumber":18,"author":{"gitId":"olsonwangyj"},"content":"java -classpath ..\\bin Litchi \u003c input.txt \u003e ACTUAL.TXT","lastModifiedDate":"2025-02-07","isFullCredit":false},{"lineNumber":19,"author":{"gitId":"-"},"content":"","lastModifiedDate":"2020-05-25","isFullCredit":false},{"lineNumber":20,"author":{"gitId":"-"},"content":"REM compare the output to the expected output","lastModifiedDate":"2020-05-25","isFullCredit":false},{"lineNumber":21,"author":{"gitId":"-"},"content":"FC ACTUAL.TXT EXPECTED.TXT","lastModifiedDate":"2020-05-25","isFullCredit":false}],"authorContributionMap":{"olsonwangyj":1,"-":20}},{"path":"text-ui-test/runtest.sh","fileType":"sh","lines":[{"lineNumber":1,"author":{"gitId":"-"},"content":"#!/usr/bin/env bash","lastModifiedDate":"2020-05-25","isFullCredit":false},{"lineNumber":2,"author":{"gitId":"-"},"content":"","lastModifiedDate":"2020-05-25","isFullCredit":false},{"lineNumber":3,"author":{"gitId":"-"},"content":"# create bin directory if it doesn\u0027t exist","lastModifiedDate":"2020-05-25","isFullCredit":false},{"lineNumber":4,"author":{"gitId":"-"},"content":"if [ ! -d \"../bin\" ]","lastModifiedDate":"2020-05-25","isFullCredit":false},{"lineNumber":5,"author":{"gitId":"-"},"content":"then","lastModifiedDate":"2020-05-25","isFullCredit":false},{"lineNumber":6,"author":{"gitId":"-"},"content":"    mkdir ../bin","lastModifiedDate":"2020-05-25","isFullCredit":false},{"lineNumber":7,"author":{"gitId":"-"},"content":"fi","lastModifiedDate":"2020-05-25","isFullCredit":false},{"lineNumber":8,"author":{"gitId":"-"},"content":"","lastModifiedDate":"2020-05-25","isFullCredit":false},{"lineNumber":9,"author":{"gitId":"-"},"content":"# delete output from previous run","lastModifiedDate":"2020-05-25","isFullCredit":false},{"lineNumber":10,"author":{"gitId":"-"},"content":"if [ -e \"./ACTUAL.TXT\" ]","lastModifiedDate":"2020-05-25","isFullCredit":false},{"lineNumber":11,"author":{"gitId":"-"},"content":"then","lastModifiedDate":"2020-05-25","isFullCredit":false},{"lineNumber":12,"author":{"gitId":"-"},"content":"    rm ACTUAL.TXT","lastModifiedDate":"2020-05-25","isFullCredit":false},{"lineNumber":13,"author":{"gitId":"-"},"content":"fi","lastModifiedDate":"2020-05-25","isFullCredit":false},{"lineNumber":14,"author":{"gitId":"-"},"content":"","lastModifiedDate":"2020-05-25","isFullCredit":false},{"lineNumber":15,"author":{"gitId":"-"},"content":"# compile the code into the bin folder, terminates if error occurred","lastModifiedDate":"2020-05-25","isFullCredit":false},{"lineNumber":16,"author":{"gitId":"-"},"content":"if ! javac -cp ../src/main/java -Xlint:none -d ../bin ../src/main/java/*.java","lastModifiedDate":"2020-08-25","isFullCredit":false},{"lineNumber":17,"author":{"gitId":"-"},"content":"then","lastModifiedDate":"2020-05-25","isFullCredit":false},{"lineNumber":18,"author":{"gitId":"-"},"content":"    echo \"********** BUILD FAILURE **********\"","lastModifiedDate":"2020-05-25","isFullCredit":false},{"lineNumber":19,"author":{"gitId":"-"},"content":"    exit 1","lastModifiedDate":"2020-05-25","isFullCredit":false},{"lineNumber":20,"author":{"gitId":"-"},"content":"fi","lastModifiedDate":"2020-05-25","isFullCredit":false},{"lineNumber":21,"author":{"gitId":"-"},"content":"","lastModifiedDate":"2020-05-25","isFullCredit":false},{"lineNumber":22,"author":{"gitId":"-"},"content":"# run the program, feed commands from input.txt file and redirect the output to the ACTUAL.TXT","lastModifiedDate":"2020-05-25","isFullCredit":false},{"lineNumber":23,"author":{"gitId":"olsonwangyj"},"content":"java -classpath ..\\bin Litchi \u003c input.txt \u003e ACTUAL.TXT","lastModifiedDate":"2025-02-07","isFullCredit":false},{"lineNumber":24,"author":{"gitId":"-"},"content":"","lastModifiedDate":"2020-05-25","isFullCredit":false},{"lineNumber":25,"author":{"gitId":"-"},"content":"# convert to UNIX format","lastModifiedDate":"2020-05-25","isFullCredit":false},{"lineNumber":26,"author":{"gitId":"-"},"content":"cp EXPECTED.TXT EXPECTED-UNIX.TXT","lastModifiedDate":"2020-05-25","isFullCredit":false},{"lineNumber":27,"author":{"gitId":"-"},"content":"dos2unix ACTUAL.TXT EXPECTED-UNIX.TXT","lastModifiedDate":"2020-05-25","isFullCredit":false},{"lineNumber":28,"author":{"gitId":"-"},"content":"","lastModifiedDate":"2020-05-25","isFullCredit":false},{"lineNumber":29,"author":{"gitId":"-"},"content":"# compare the output to the expected output","lastModifiedDate":"2020-05-25","isFullCredit":false},{"lineNumber":30,"author":{"gitId":"-"},"content":"diff ACTUAL.TXT EXPECTED-UNIX.TXT","lastModifiedDate":"2020-05-25","isFullCredit":false},{"lineNumber":31,"author":{"gitId":"-"},"content":"if [ $? -eq 0 ]","lastModifiedDate":"2020-05-25","isFullCredit":false},{"lineNumber":32,"author":{"gitId":"-"},"content":"then","lastModifiedDate":"2020-05-25","isFullCredit":false},{"lineNumber":33,"author":{"gitId":"-"},"content":"    echo \"Test result: PASSED\"","lastModifiedDate":"2020-05-25","isFullCredit":false},{"lineNumber":34,"author":{"gitId":"-"},"content":"    exit 0","lastModifiedDate":"2020-05-25","isFullCredit":false},{"lineNumber":35,"author":{"gitId":"-"},"content":"else","lastModifiedDate":"2020-05-25","isFullCredit":false},{"lineNumber":36,"author":{"gitId":"-"},"content":"    echo \"Test result: FAILED\"","lastModifiedDate":"2020-05-25","isFullCredit":false},{"lineNumber":37,"author":{"gitId":"-"},"content":"    exit 1","lastModifiedDate":"2020-05-25","isFullCredit":false},{"lineNumber":38,"author":{"gitId":"-"},"content":"fi","lastModifiedDate":"2020-05-25","isFullCredit":false}],"authorContributionMap":{"olsonwangyj":1,"-":37}}]
