{"authorDailyContributionsMap":{"olsonwangyj":[{"date":"2025-01-20","commitResults":[{"hash":"ef8c65a51ad1af55c61edfc67f20c12b5a97c231","isMergeCommit":false,"messageTitle":"Finished Level-0 Renamed Duke to Litchi","messageBody":"","fileTypesAndContributionMap":{"java":{"insertions":11,"deletions":10},"md":{"insertions":1,"deletions":1}}}]},{"date":"2025-01-24","commitResults":[{"hash":"48e931eb5ec5ff746f3ab5380abbcdfe2b69dd22","isMergeCommit":false,"messageTitle":"Renamed Duke to Litchi and implemented an initial skeletal version","messageBody":"","tags":["Level-0"],"fileTypesAndContributionMap":{"java":{"insertions":11,"deletions":10},"md":{"insertions":1,"deletions":1}}}]},{"date":"2025-01-31","commitResults":[{"hash":"69a375f90cc67d8ad3e6263a5f6b38eec70384bd","isMergeCommit":false,"messageTitle":"Implement Echo feature","messageBody":"","tags":["Level-1"],"fileTypesAndContributionMap":{"java":{"insertions":18,"deletions":2}}},{"hash":"235c421fad76b9098c5e97439509a66ec8c60ae5","isMergeCommit":false,"messageTitle":"Implement Add and List feature","messageBody":"","tags":["Level-2"],"fileTypesAndContributionMap":{"java":{"insertions":18,"deletions":3}}},{"hash":"82dffa91e0cc4f87ac96792fd30e2fb6e8a300fe","isMergeCommit":false,"messageTitle":"Implement task marking and unmarking","messageBody":"","tags":["Level-3"],"fileTypesAndContributionMap":{"java":{"insertions":83,"deletions":7}}},{"hash":"994d1bd286e72c3889f9fe7e7f325b89d292a17a","isMergeCommit":false,"messageTitle":"Tweak the code to comply with a coding standard and update the user guide","messageBody":"","tags":["A-CodingStandard"],"fileTypesAndContributionMap":{"md":{"insertions":63,"deletions":16}}}]},{"date":"2025-02-06","commitResults":[{"hash":"e8659b8a4848fc4aef9cf209ddcb657b7638155d","isMergeCommit":false,"messageTitle":"Implement Todo feature","messageBody":"","fileTypesAndContributionMap":{"java":{"insertions":22,"deletions":13}}},{"hash":"126ac39b5eb0b7cb1d56eb532b02326a4b89618f","isMergeCommit":false,"messageTitle":"Debug for Todo, and add Deadline class","messageBody":"","fileTypesAndContributionMap":{"java":{"insertions":21,"deletions":1}}}]},{"date":"2025-02-07","commitResults":[{"hash":"d58628583dee277ef4300ca852a8338854af3cd0","isMergeCommit":false,"messageTitle":"Implement Deadline feature","messageBody":"","fileTypesAndContributionMap":{"java":{"insertions":15,"deletions":2}}},{"hash":"2b1ed94b90e0db0f2b11930e36a4e30ce368dfaa","isMergeCommit":false,"messageTitle":"Implement Event feature","messageBody":"","tags":["Level-4"],"fileTypesAndContributionMap":{"java":{"insertions":36,"deletions":0}}},{"hash":"da8bb53c2662877b130c0f3bc7ca273b26198f1e","isMergeCommit":false,"messageTitle":"Implement the test files","messageBody":"","tags":["A-TextUiTesting"],"fileTypesAndContributionMap":{"txt":{"insertions":4,"deletions":0},"bat":{"insertions":1,"deletions":1},"sh":{"insertions":1,"deletions":1}}},{"hash":"048597f8eb4eb2801682b7c6447d541523613e36","isMergeCommit":false,"messageTitle":"Extract methods and refactor the code","messageBody":"","tags":["A-CodeQuality"],"fileTypesAndContributionMap":{"java":{"insertions":108,"deletions":62}}}]},{"date":"2025-02-14","commitResults":[{"hash":"dbcc9dbc77275c9d340c45890051b433f8f61718","isMergeCommit":false,"messageTitle":"Create LitchiException","messageBody":"","fileTypesAndContributionMap":{"java":{"insertions":5,"deletions":0}}},{"hash":"83fa9c7fe909699118ac820ca95d695917d7e114","isMergeCommit":false,"messageTitle":"Implement exception handling","messageBody":"","tags":["A-Exceptions"],"fileTypesAndContributionMap":{"java":{"insertions":71,"deletions":70}}},{"hash":"a9f6634087fcff024966893b15608f2413a34666","isMergeCommit":false,"messageTitle":"Revert \"Implement exception handling\"","messageBody":"This reverts commit 83fa9c7fe909699118ac820ca95d695917d7e114.\n","fileTypesAndContributionMap":{"java":{"insertions":70,"deletions":71}}},{"hash":"bc9d6c79c37b28f6fff169a1c38cd27b1e54adef","isMergeCommit":false,"messageTitle":"Reapply \"Implement exception handling\"","messageBody":"This reverts commit a9f6634087fcff024966893b15608f2413a34666.\n","fileTypesAndContributionMap":{"java":{"insertions":71,"deletions":70}}},{"hash":"b440ea02ee774742a961b01f690ee18bf0af2cd1","isMergeCommit":false,"messageTitle":"Update format","messageBody":"","fileTypesAndContributionMap":{"java":{"insertions":6,"deletions":6}}},{"hash":"721a2b97f1a87bb20d29417e5e9b73b53b2605c8","isMergeCommit":true,"messageTitle":"Merge branch \u0027branch-Level-5\u0027","messageBody":"","tags":["Level-5"],"fileTypesAndContributionMap":{}},{"hash":"a6557a0c349e1e291495464f534f2abfcbb4879e","isMergeCommit":false,"messageTitle":"Refactor: Move classes into appropriate packages","messageBody":"","fileTypesAndContributionMap":{"java":{"insertions":18,"deletions":0}}},{"hash":"d385c14ffc96eb91fe3ec54301169864f73a918c","isMergeCommit":true,"messageTitle":"Merge branch \u0027branch-A-Packages\u0027","messageBody":"","tags":["A-Packages"],"fileTypesAndContributionMap":{}}]},{"date":"2025-02-21","commitResults":[{"hash":"0feb0168497ca51f97e19f9c56f5f1b3de863843","isMergeCommit":false,"messageTitle":"Use an ArrayList\u003cTask\u003e to store the tasks","messageBody":"","fileTypesAndContributionMap":{"java":{"insertions":8,"deletions":12}}},{"hash":"06a739983ad4dcec1e835edf80109e502b52c283","isMergeCommit":false,"messageTitle":"Implement Delete function","messageBody":"","fileTypesAndContributionMap":{"java":{"insertions":19,"deletions":0}}},{"hash":"566630f22c3a01d7998a907f8aecdd2d6070893e","isMergeCommit":false,"messageTitle":"Implement stroge function","messageBody":"","fileTypesAndContributionMap":{"txt":{"insertions":1,"deletions":0},"java":{"insertions":167,"deletions":7}}},{"hash":"ead572f31fa9dc5d236edca358e67cdc767c5150","isMergeCommit":true,"messageTitle":"Merge branch \u0027branch-Level-6\u0027","messageBody":"","tags":["Level-6"],"fileTypesAndContributionMap":{}},{"hash":"56cc266e9007c1c286e2ce74728fa0c7c512618d","isMergeCommit":true,"messageTitle":"Resove merge confilict","messageBody":"","tags":["Level-7"],"fileTypesAndContributionMap":{}},{"hash":"559c9e143549fd13f804419aaa35515f062200ca","isMergeCommit":false,"messageTitle":"Implement ArrayList in Stroage","messageBody":"","tags":["A-Jar","A-Collections"],"fileTypesAndContributionMap":{"txt":{"insertions":0,"deletions":1},"java":{"insertions":14,"deletions":21}}},{"hash":"d2b4da6260876b9ea0bf2d973eb09a4719c40ea0","isMergeCommit":false,"messageTitle":"Debug for Delete funtion","messageBody":"","fileTypesAndContributionMap":{"java":{"insertions":2,"deletions":5}}}]},{"date":"2025-03-07","commitResults":[{"hash":"c1bc6d2297763aa5008582c52f6c45a6bbe68183","isMergeCommit":false,"messageTitle":"Implement more OOP","messageBody":"","tags":["A-MoreOOP"],"fileTypesAndContributionMap":{"java":{"insertions":260,"deletions":151}}},{"hash":"438f43f42fa1131991312409570fdb87398f9a6c","isMergeCommit":false,"messageTitle":"Create methods about Find","messageBody":"","fileTypesAndContributionMap":{"java":{"insertions":32,"deletions":0}}}]}]},"authorFileTypeContributionMap":{"olsonwangyj":{"java":572,"md":64,"fxml":0,"sh":1,"bat":1,"gradle":0,"txt":4}},"authorContributionVariance":{"olsonwangyj":9175.593},"authorDisplayNameMap":{"olsonwangyj":"CS2113-F14-4 WANG..NJIE"}}
