{"authorDailyContributionsMap":{"Lyam-T":[{"date":"2025-01-21","commitResults":[{"hash":"5e97c63ac4700df312e2f7d854354a2da21564dc","isMergeCommit":false,"messageTitle":"Rename file to differentiate from Duke","messageBody":"","fileTypesAndContributionMap":{"java":{"insertions":0,"deletions":10}}},{"hash":"cfcfc044f039e99c926c79e0ef87b20580f94e59","isMergeCommit":false,"messageTitle":"Implement an initial version of Jake","messageBody":"","tags":["Level-0"],"fileTypesAndContributionMap":{"java":{"insertions":16,"deletions":0}}}]},{"date":"2025-01-28","commitResults":[{"hash":"799763029cfa08f0b317c5500f9a2ef9e3d49b8e","isMergeCommit":false,"messageTitle":"Add echo function to echo the user input","messageBody":"","tags":["Level-1"],"fileTypesAndContributionMap":{"java":{"insertions":20,"deletions":4}}},{"hash":"f4590df269fa8b8a8cdac87e093c7555001c0a46","isMergeCommit":false,"messageTitle":"Add handleInput function","messageBody":"this function can handle add and list tasks\n","tags":["Level-2"],"fileTypesAndContributionMap":{"java":{"insertions":34,"deletions":7}}}]},{"date":"2025-01-29","commitResults":[{"hash":"c6f26e8877b858b70a2a9ed223d4140cdeabac5d","isMergeCommit":false,"messageTitle":"Add a TaskPool class","messageBody":"methods include:\n- addTask\n- markDone\n- markUndone\n- printTasks\n","tags":["Level-3"],"fileTypesAndContributionMap":{"java":{"insertions":49,"deletions":16}}}]},{"date":"2025-02-02","commitResults":[{"hash":"c92aa15f4a1007ae81573096ea1eec676e220e6b","isMergeCommit":false,"messageTitle":"Abstract methods out from main to follow SLAP","messageBody":"","fileTypesAndContributionMap":{"java":{"insertions":28,"deletions":20}}},{"hash":"fe40cf212962338255905daf18b2fdfcb3a8bab0","isMergeCommit":false,"messageTitle":"Change visibility of methods to private for security reason","messageBody":"","fileTypesAndContributionMap":{"java":{"insertions":5,"deletions":4}}},{"hash":"3118467bc1426ebbad300796b284bf455a567380","isMergeCommit":false,"messageTitle":"Remove redundant echo method","messageBody":"","fileTypesAndContributionMap":{"java":{"insertions":1,"deletions":6}}},{"hash":"4342b0bbbb2b82f76c632a3da366049f83e69cc8","isMergeCommit":false,"messageTitle":"Add javadoc for handleInput method","messageBody":"","fileTypesAndContributionMap":{"java":{"insertions":4,"deletions":0}}},{"hash":"a36beb51edf16299cab543f586ff3baa61f1bc61","isMergeCommit":false,"messageTitle":"Add javadoc for markDone and markUnDone","messageBody":"","fileTypesAndContributionMap":{"java":{"insertions":8,"deletions":0}}},{"hash":"63749967e28f31440b2bdb1d4b9b82afeb913d27","isMergeCommit":false,"messageTitle":"Add an empty line to coherent the format","messageBody":"","fileTypesAndContributionMap":{"java":{"insertions":1,"deletions":0}}}]},{"date":"2025-02-05","commitResults":[{"hash":"54b3e5766805a4c9e67bffc015d931794f72fa95","isMergeCommit":false,"messageTitle":"Rename Message to Msg for simplicity","messageBody":"","fileTypesAndContributionMap":{"java":{"insertions":4,"deletions":4}}},{"hash":"1c410646bfa88fa6d48f106533b9f8f7a8d4bf2e","isMergeCommit":false,"messageTitle":"Remove useless + join for 1 println statement","messageBody":"","fileTypesAndContributionMap":{"java":{"insertions":1,"deletions":3}}},{"hash":"d738f9d4dcf1842a43c116515519fa3fd3e16d80","isMergeCommit":false,"messageTitle":"Add more task type","messageBody":"","tags":["Level-4"],"fileTypesAndContributionMap":{"java":{"insertions":133,"deletions":18}}}]},{"date":"2025-02-06","commitResults":[{"hash":"cfdcd18f0c78808ecef1b069cca3fbaf1671813c","isMergeCommit":false,"messageTitle":"Fix case-sensitive regex for parseInput","messageBody":"","fileTypesAndContributionMap":{"java":{"insertions":14,"deletions":1}}},{"hash":"c37fadb594310ef126fc3909e750ba9ff5e1d1f0","isMergeCommit":false,"messageTitle":"Fix not shown message for mark and unmark command","messageBody":"","fileTypesAndContributionMap":{"java":{"insertions":2,"deletions":2}}},{"hash":"cf1f15cffe6b033472b8732451a48eb484fd608e","isMergeCommit":false,"messageTitle":"Update testing script and test cases","messageBody":"","tags":["A-TextUiTesting"],"fileTypesAndContributionMap":{"txt":{"insertions":8,"deletions":0},"bat":{"insertions":1,"deletions":1},"sh":{"insertions":1,"deletions":2}}}]},{"date":"2025-02-09","commitResults":[{"hash":"afa4342e72ec2b46d4784c70c6d6b702e23b38e2","isMergeCommit":false,"messageTitle":"Rename method for clarity","messageBody":"","fileTypesAndContributionMap":{"java":{"insertions":4,"deletions":4}}},{"hash":"a900a6a82b7b1efc3d28bb8f8b7a625847a4c09f","isMergeCommit":false,"messageTitle":"Remove redundant import statement","messageBody":"","fileTypesAndContributionMap":{"java":{"insertions":0,"deletions":1}}},{"hash":"24657c03bed8fc3764047d07b83af302d0345cb7","isMergeCommit":false,"messageTitle":"Add error handling","messageBody":"","tags":["A-Exceptions"],"fileTypesAndContributionMap":{"java":{"insertions":69,"deletions":15}}},{"hash":"5d4654f3494140c3b22e2a0298b6287dc3018025","isMergeCommit":false,"messageTitle":"Change command type from string to enum","messageBody":"","fileTypesAndContributionMap":{"java":{"insertions":15,"deletions":7}}},{"hash":"5847da0820eaa5f97a5692e7b1f9ecd00cceb59b","isMergeCommit":true,"messageTitle":"Merge branch \u0027Level-5\u0027 of github.com:Lyam-T/ip into Level-5","messageBody":"* \u0027Level-5\u0027 of github.com:Lyam-T/ip:\n  Change command type from string to enum\n\n# Conflicts:\n#\tsrc/main/java/Jake.java\n","fileTypesAndContributionMap":{}},{"hash":"ae599053191bd501007be6377365544725ea7295","isMergeCommit":true,"messageTitle":"Merge branch \u0027Level-5\u0027","messageBody":"","tags":["Level-5"],"fileTypesAndContributionMap":{}}]},{"date":"2025-02-10","commitResults":[{"hash":"29223f47d755b4a1ed993ef1cda9ff57714ddf71","isMergeCommit":false,"messageTitle":"Organise files into packages","messageBody":"","fileTypesAndContributionMap":{"java":{"insertions":15,"deletions":0}}},{"hash":"0d20765314e926d0cf2a4b74beef99f7c1bf8497","isMergeCommit":true,"messageTitle":"Merge branch \u0027A-Packages\u0027","messageBody":"","tags":["A-Packages"],"fileTypesAndContributionMap":{}}]},{"date":"2025-02-15","commitResults":[{"hash":"dd4bbf3f5571fbc84482f707a566738d17c542a2","isMergeCommit":false,"messageTitle":"Add delete to the Command","messageBody":"","fileTypesAndContributionMap":{"java":{"insertions":29,"deletions":1}}},{"hash":"58fbceedfa681a33cadf5fe44e7106166aaeb0be","isMergeCommit":false,"messageTitle":"Add auto load and save for the tasks","messageBody":"","fileTypesAndContributionMap":{"txt":{"insertions":2,"deletions":0},"java":{"insertions":122,"deletions":1}}},{"hash":"cacd743683c282df3840691f957a2d58ad7c7e02","isMergeCommit":false,"messageTitle":"Change console messages to static class string for reuse","messageBody":"","fileTypesAndContributionMap":{"java":{"insertions":61,"deletions":33}}},{"hash":"8094c56179e452cdde8aae92f7d5a2714d7268a1","isMergeCommit":false,"messageTitle":"Fix regression bug that cannot handle invalid command input","messageBody":"","fileTypesAndContributionMap":{"java":{"insertions":22,"deletions":21}}},{"hash":"e35d3f1cee049a1e9a31330598385df87bd575d3","isMergeCommit":false,"messageTitle":"Fix unneeded mark/unmark with message prompt","messageBody":"","fileTypesAndContributionMap":{"java":{"insertions":8,"deletions":0}}},{"hash":"e30e03eb5a3c339d568774175344c5f6de427b36","isMergeCommit":true,"messageTitle":"Merge branch-Level-6","messageBody":"","tags":["Level-6"],"fileTypesAndContributionMap":{}},{"hash":"53fed2e21b7752ed33549f4a4d1092809007d38c","isMergeCommit":true,"messageTitle":"Merge branch-Level-7","messageBody":"","tags":["Level-7"],"fileTypesAndContributionMap":{}},{"hash":"573bc9bfa73900ffc9005dc987f6de856810f850","isMergeCommit":true,"messageTitle":"Merge fix/unneeded-mark-unmark","messageBody":"","fileTypesAndContributionMap":{}}]},{"date":"2025-02-20","commitResults":[{"hash":"ba6f21b39a7a5a4349bb337f6d7b54ca2a7a8207","isMergeCommit":true,"messageTitle":"Merge fix/unneeded-mark-unmark","messageBody":"","fileTypesAndContributionMap":{}},{"hash":"15664ff9aa9582df07498815aa746dedfcc72915","isMergeCommit":true,"messageTitle":"Merge fix/unneeded-mark-unmark","messageBody":"","fileTypesAndContributionMap":{}},{"hash":"0a48fa9f980e08b4d32069a7b04523f56199b4ac","isMergeCommit":false,"messageTitle":"Update string constant for handleDelete()","messageBody":"","fileTypesAndContributionMap":{"java":{"insertions":12,"deletions":7}}},{"hash":"61d06df84afecba412684e95b97f1fd2b574a95b","isMergeCommit":false,"messageTitle":"Fix missing toFileString()","messageBody":"","fileTypesAndContributionMap":{"java":{"insertions":5,"deletions":0}}},{"hash":"f195a385fdd5bfa36fa4ed17510a13229419b984","isMergeCommit":false,"messageTitle":"Change magic string for each task type to message constant string","messageBody":"","fileTypesAndContributionMap":{"java":{"insertions":74,"deletions":35}}},{"hash":"fc46973a2c5a03bbfb5bbf333b557ba90d0d6df7","isMergeCommit":true,"messageTitle":"Merge branch \u0027fix/magic-string\u0027","messageBody":"* fix/magic-string:\n  Change magic string for each task type to message constant string\n  Fix missing toFileString()\n  Update string constant for handleDelete()\n  Change console messages to static class string for reuse\n","fileTypesAndContributionMap":{}},{"hash":"b9aac05c8cef759dbe7e41ecbb0cc301f45ac8d9","isMergeCommit":false,"messageTitle":"fix invalid splitting for reading input from files","messageBody":"","fileTypesAndContributionMap":{"java":{"insertions":1,"deletions":1}}},{"hash":"d8ec51ac71ac44031bd7cf4370a425d03afbfde8","isMergeCommit":true,"messageTitle":"Merge branch \u0027fix/invalid-read\u0027","messageBody":"","fileTypesAndContributionMap":{}},{"hash":"1d408b943f11302a8695ad31bbc1cff69f1f3775","isMergeCommit":false,"messageTitle":"fix incorrect output","messageBody":"","tags":["A-Jar"],"fileTypesAndContributionMap":{"java":{"insertions":2,"deletions":2}}}]}]},"authorFileTypeContributionMap":{"Lyam-T":{"java":528,"md":0,"fxml":0,"sh":1,"bat":1,"gradle":0,"txt":8}},"authorContributionVariance":{"Lyam-T":3375.0505},"authorDisplayNameMap":{"Lyam-T":"CS2113-F14-3 TANG.. YAN"}}
