{"authorDailyContributionsMap":{"Lyam-T":[{"date":"2025-01-21","commitResults":[{"hash":"5e97c63ac4700df312e2f7d854354a2da21564dc","isMergeCommit":false,"messageTitle":"Rename file to differentiate from Duke","messageBody":"","fileTypesAndContributionMap":{"java":{"insertions":0,"deletions":10}}},{"hash":"cfcfc044f039e99c926c79e0ef87b20580f94e59","isMergeCommit":false,"messageTitle":"Implement an initial version of Jake","messageBody":"","tags":["Level-0"],"fileTypesAndContributionMap":{"java":{"insertions":16,"deletions":0}}}]},{"date":"2025-01-28","commitResults":[{"hash":"799763029cfa08f0b317c5500f9a2ef9e3d49b8e","isMergeCommit":false,"messageTitle":"Add echo function to echo the user input","messageBody":"","tags":["Level-1"],"fileTypesAndContributionMap":{"java":{"insertions":20,"deletions":4}}},{"hash":"f4590df269fa8b8a8cdac87e093c7555001c0a46","isMergeCommit":false,"messageTitle":"Add handleInput function","messageBody":"this function can handle add and list tasks\n","tags":["Level-2"],"fileTypesAndContributionMap":{"java":{"insertions":34,"deletions":7}}}]},{"date":"2025-01-29","commitResults":[{"hash":"c6f26e8877b858b70a2a9ed223d4140cdeabac5d","isMergeCommit":false,"messageTitle":"Add a TaskPool class","messageBody":"methods include:\n- addTask\n- markDone\n- markUndone\n- printTasks\n","tags":["Level-3"],"fileTypesAndContributionMap":{"java":{"insertions":49,"deletions":16}}}]},{"date":"2025-02-02","commitResults":[{"hash":"c92aa15f4a1007ae81573096ea1eec676e220e6b","isMergeCommit":false,"messageTitle":"Abstract methods out from main to follow SLAP","messageBody":"","fileTypesAndContributionMap":{"java":{"insertions":28,"deletions":20}}},{"hash":"fe40cf212962338255905daf18b2fdfcb3a8bab0","isMergeCommit":false,"messageTitle":"Change visibility of methods to private for security reason","messageBody":"","fileTypesAndContributionMap":{"java":{"insertions":5,"deletions":4}}},{"hash":"3118467bc1426ebbad300796b284bf455a567380","isMergeCommit":false,"messageTitle":"Remove redundant echo method","messageBody":"","fileTypesAndContributionMap":{"java":{"insertions":1,"deletions":6}}},{"hash":"4342b0bbbb2b82f76c632a3da366049f83e69cc8","isMergeCommit":false,"messageTitle":"Add javadoc for handleInput method","messageBody":"","fileTypesAndContributionMap":{"java":{"insertions":4,"deletions":0}}},{"hash":"a36beb51edf16299cab543f586ff3baa61f1bc61","isMergeCommit":false,"messageTitle":"Add javadoc for markDone and markUnDone","messageBody":"","fileTypesAndContributionMap":{"java":{"insertions":8,"deletions":0}}},{"hash":"63749967e28f31440b2bdb1d4b9b82afeb913d27","isMergeCommit":false,"messageTitle":"Add an empty line to coherent the format","messageBody":"","fileTypesAndContributionMap":{"java":{"insertions":1,"deletions":0}}}]},{"date":"2025-02-05","commitResults":[{"hash":"54b3e5766805a4c9e67bffc015d931794f72fa95","isMergeCommit":false,"messageTitle":"Rename Message to Msg for simplicity","messageBody":"","fileTypesAndContributionMap":{"java":{"insertions":4,"deletions":4}}},{"hash":"1c410646bfa88fa6d48f106533b9f8f7a8d4bf2e","isMergeCommit":false,"messageTitle":"Remove useless + join for 1 println statement","messageBody":"","fileTypesAndContributionMap":{"java":{"insertions":1,"deletions":3}}},{"hash":"d738f9d4dcf1842a43c116515519fa3fd3e16d80","isMergeCommit":false,"messageTitle":"Add more task type","messageBody":"","tags":["Level-4"],"fileTypesAndContributionMap":{"java":{"insertions":133,"deletions":18}}}]},{"date":"2025-02-06","commitResults":[{"hash":"cfdcd18f0c78808ecef1b069cca3fbaf1671813c","isMergeCommit":false,"messageTitle":"Fix case-sensitive regex for parseInput","messageBody":"","fileTypesAndContributionMap":{"java":{"insertions":14,"deletions":1}}},{"hash":"c37fadb594310ef126fc3909e750ba9ff5e1d1f0","isMergeCommit":false,"messageTitle":"Fix not shown message for mark and unmark command","messageBody":"","fileTypesAndContributionMap":{"java":{"insertions":2,"deletions":2}}},{"hash":"cf1f15cffe6b033472b8732451a48eb484fd608e","isMergeCommit":false,"messageTitle":"Update testing script and test cases","messageBody":"","tags":["A-TextUiTesting"],"fileTypesAndContributionMap":{"txt":{"insertions":8,"deletions":0},"bat":{"insertions":1,"deletions":1},"sh":{"insertions":1,"deletions":2}}}]},{"date":"2025-02-09","commitResults":[{"hash":"afa4342e72ec2b46d4784c70c6d6b702e23b38e2","isMergeCommit":false,"messageTitle":"Rename method for clarity","messageBody":"","fileTypesAndContributionMap":{"java":{"insertions":4,"deletions":4}}},{"hash":"a900a6a82b7b1efc3d28bb8f8b7a625847a4c09f","isMergeCommit":false,"messageTitle":"Remove redundant import statement","messageBody":"","fileTypesAndContributionMap":{"java":{"insertions":0,"deletions":1}}},{"hash":"24657c03bed8fc3764047d07b83af302d0345cb7","isMergeCommit":false,"messageTitle":"Add error handling","messageBody":"","tags":["A-Exceptions"],"fileTypesAndContributionMap":{"java":{"insertions":69,"deletions":15}}},{"hash":"5d4654f3494140c3b22e2a0298b6287dc3018025","isMergeCommit":false,"messageTitle":"Change command type from string to enum","messageBody":"","fileTypesAndContributionMap":{"java":{"insertions":15,"deletions":7}}},{"hash":"5847da0820eaa5f97a5692e7b1f9ecd00cceb59b","isMergeCommit":true,"messageTitle":"Merge branch \u0027Level-5\u0027 of github.com:Lyam-T/ip into Level-5","messageBody":"* \u0027Level-5\u0027 of github.com:Lyam-T/ip:\n  Change command type from string to enum\n\n# Conflicts:\n#\tsrc/main/java/Jake.java\n","fileTypesAndContributionMap":{}},{"hash":"ae599053191bd501007be6377365544725ea7295","isMergeCommit":true,"messageTitle":"Merge branch \u0027Level-5\u0027","messageBody":"","tags":["Level-5"],"fileTypesAndContributionMap":{}}]},{"date":"2025-02-10","commitResults":[{"hash":"29223f47d755b4a1ed993ef1cda9ff57714ddf71","isMergeCommit":false,"messageTitle":"Organise files into packages","messageBody":"","fileTypesAndContributionMap":{"java":{"insertions":15,"deletions":0}}},{"hash":"0d20765314e926d0cf2a4b74beef99f7c1bf8497","isMergeCommit":true,"messageTitle":"Merge branch \u0027A-Packages\u0027","messageBody":"","tags":["A-Packages"],"fileTypesAndContributionMap":{}}]},{"date":"2025-02-15","commitResults":[{"hash":"dd4bbf3f5571fbc84482f707a566738d17c542a2","isMergeCommit":false,"messageTitle":"Add delete to the Command","messageBody":"","fileTypesAndContributionMap":{"java":{"insertions":29,"deletions":1}}},{"hash":"58fbceedfa681a33cadf5fe44e7106166aaeb0be","isMergeCommit":false,"messageTitle":"Add auto load and save for the tasks","messageBody":"","fileTypesAndContributionMap":{"txt":{"insertions":2,"deletions":0},"java":{"insertions":122,"deletions":1}}},{"hash":"cacd743683c282df3840691f957a2d58ad7c7e02","isMergeCommit":false,"messageTitle":"Change console messages to static class string for reuse","messageBody":"","fileTypesAndContributionMap":{"java":{"insertions":61,"deletions":33}}},{"hash":"8094c56179e452cdde8aae92f7d5a2714d7268a1","isMergeCommit":false,"messageTitle":"Fix regression bug that cannot handle invalid command input","messageBody":"","fileTypesAndContributionMap":{"java":{"insertions":22,"deletions":21}}},{"hash":"e35d3f1cee049a1e9a31330598385df87bd575d3","isMergeCommit":false,"messageTitle":"Fix unneeded mark/unmark with message prompt","messageBody":"","fileTypesAndContributionMap":{"java":{"insertions":8,"deletions":0}}},{"hash":"e30e03eb5a3c339d568774175344c5f6de427b36","isMergeCommit":true,"messageTitle":"Merge branch-Level-6","messageBody":"","tags":["Level-6"],"fileTypesAndContributionMap":{}},{"hash":"53fed2e21b7752ed33549f4a4d1092809007d38c","isMergeCommit":true,"messageTitle":"Merge branch-Level-7","messageBody":"","tags":["Level-7"],"fileTypesAndContributionMap":{}},{"hash":"573bc9bfa73900ffc9005dc987f6de856810f850","isMergeCommit":true,"messageTitle":"Merge fix/unneeded-mark-unmark","messageBody":"","fileTypesAndContributionMap":{}}]},{"date":"2025-02-20","commitResults":[{"hash":"ba6f21b39a7a5a4349bb337f6d7b54ca2a7a8207","isMergeCommit":true,"messageTitle":"Merge fix/unneeded-mark-unmark","messageBody":"","fileTypesAndContributionMap":{}},{"hash":"15664ff9aa9582df07498815aa746dedfcc72915","isMergeCommit":true,"messageTitle":"Merge fix/unneeded-mark-unmark","messageBody":"","fileTypesAndContributionMap":{}},{"hash":"0a48fa9f980e08b4d32069a7b04523f56199b4ac","isMergeCommit":false,"messageTitle":"Update string constant for handleDelete()","messageBody":"","fileTypesAndContributionMap":{"java":{"insertions":12,"deletions":7}}},{"hash":"61d06df84afecba412684e95b97f1fd2b574a95b","isMergeCommit":false,"messageTitle":"Fix missing toFileString()","messageBody":"","fileTypesAndContributionMap":{"java":{"insertions":5,"deletions":0}}},{"hash":"f195a385fdd5bfa36fa4ed17510a13229419b984","isMergeCommit":false,"messageTitle":"Change magic string for each task type to message constant string","messageBody":"","fileTypesAndContributionMap":{"java":{"insertions":74,"deletions":35}}},{"hash":"fc46973a2c5a03bbfb5bbf333b557ba90d0d6df7","isMergeCommit":true,"messageTitle":"Merge branch \u0027fix/magic-string\u0027","messageBody":"* fix/magic-string:\n  Change magic string for each task type to message constant string\n  Fix missing toFileString()\n  Update string constant for handleDelete()\n  Change console messages to static class string for reuse\n","fileTypesAndContributionMap":{}},{"hash":"b9aac05c8cef759dbe7e41ecbb0cc301f45ac8d9","isMergeCommit":false,"messageTitle":"fix invalid splitting for reading input from files","messageBody":"","fileTypesAndContributionMap":{"java":{"insertions":1,"deletions":1}}},{"hash":"d8ec51ac71ac44031bd7cf4370a425d03afbfde8","isMergeCommit":true,"messageTitle":"Merge branch \u0027fix/invalid-read\u0027","messageBody":"","fileTypesAndContributionMap":{}},{"hash":"1d408b943f11302a8695ad31bbc1cff69f1f3775","isMergeCommit":false,"messageTitle":"fix incorrect output","messageBody":"","tags":["A-Jar"],"fileTypesAndContributionMap":{"java":{"insertions":2,"deletions":2}}}]},{"date":"2025-03-06","commitResults":[{"hash":"e1aa2fa19754de16d1604864b2b28a83ecbae010","isMergeCommit":false,"messageTitle":"Add an Ui class to restructure the Message and all the print","messageBody":"","fileTypesAndContributionMap":{"java":{"insertions":90,"deletions":88}}},{"hash":"07459ec5c73e91045e24418414fb9b269f0e0612","isMergeCommit":false,"messageTitle":"Add Executor and Parser to clean up Jake","messageBody":"","fileTypesAndContributionMap":{"java":{"insertions":174,"deletions":145}}},{"hash":"7495ded411ef1325e35e868f577daeacf3ea1f14","isMergeCommit":false,"messageTitle":"Remove useless Ui constructor","messageBody":"","fileTypesAndContributionMap":{"java":{"insertions":1,"deletions":3}}},{"hash":"accadb77562bec64ff1c40c5cf8f531ed44a7eb4","isMergeCommit":false,"messageTitle":"Convert IOManager into non-static style","messageBody":"IOManager needs to be initialised by a TaskPool object before it can be used\n","fileTypesAndContributionMap":{"java":{"insertions":10,"deletions":4}}},{"hash":"a0038909dfa114fdd0e5bccf7c58f800a03e9618","isMergeCommit":true,"messageTitle":"Merge A-MoreOOP","messageBody":"","tags":["A-MoreOOP"],"fileTypesAndContributionMap":{}},{"hash":"4f26e1b0d1122f0c470e0abd282edb258470f86a","isMergeCommit":false,"messageTitle":"Change representation of time from String to LocalDateTime","messageBody":"","tags":["Level-8"],"fileTypesAndContributionMap":{"java":{"insertions":45,"deletions":19}}},{"hash":"32a8f2a87cf24bfec68264e5bf39d9fed1d92d52","isMergeCommit":false,"messageTitle":"Add search function which print a list of tasks with keyword contained","messageBody":"","tags":["Level-9"],"fileTypesAndContributionMap":{"java":{"insertions":34,"deletions":1}}},{"hash":"e94a08d4f37cd8b56b29cfa410bf5132df4980f9","isMergeCommit":false,"messageTitle":"Update JavaDoc for necessary classes","messageBody":"","fileTypesAndContributionMap":{"java":{"insertions":9,"deletions":0}}},{"hash":"09fb9edc3061a66a723ce7d65bf5a6e2afbeb5b1","isMergeCommit":true,"messageTitle":"Merge pull request #1 from Lyam-T/Level-8","messageBody":"Change representation of time from String to LocalDateTime","fileTypesAndContributionMap":{}},{"hash":"43fa32feebe5c4c75c8612a3de2fcf5157b90ac5","isMergeCommit":true,"messageTitle":"Merge branch \u0027master\u0027 into Level-9","messageBody":"* master:\n  Change representation of time from String to LocalDateTime\n","fileTypesAndContributionMap":{}},{"hash":"6db26632a33510e2701010dcd0d73889ff107896","isMergeCommit":true,"messageTitle":"Merge branch \u0027master\u0027 into A-JavaDoc","messageBody":"* master:\n  Change representation of time from String to LocalDateTime\n","fileTypesAndContributionMap":{}},{"hash":"1690d413dfba6894498ccc28fcc5376c7e94e256","isMergeCommit":true,"messageTitle":"Merge pull request #2 from Lyam-T/Level-9","messageBody":"Add search function which print a list of tasks with keyword contained","fileTypesAndContributionMap":{}},{"hash":"b52d86f855d8c1b5c6c382ca5a18f0a43269148b","isMergeCommit":true,"messageTitle":"Merge branch \u0027master\u0027 into A-JavaDoc","messageBody":"* master:\n  Add search function which print a list of tasks with keyword contained\n","fileTypesAndContributionMap":{}},{"hash":"89055b1e3b79893857d12ac6f986c496ee9889aa","isMergeCommit":false,"messageTitle":"Add JavaDoc for non-trivial methods","messageBody":"","fileTypesAndContributionMap":{"java":{"insertions":12,"deletions":0}}},{"hash":"b3ad13be74f6d18153ef03f81e5773ebb81c49c5","isMergeCommit":true,"messageTitle":"Merge pull request #3 from Lyam-T/A-JavaDoc","messageBody":"Update JavaDoc for necessary classes","fileTypesAndContributionMap":{}}]},{"date":"2025-03-08","commitResults":[{"hash":"b42115978225744aaa15f4d8a8fd7563b2c4d24d","isMergeCommit":false,"messageTitle":"Update the deadline reading from file","messageBody":"Deadline reading can now also correctly read whether the task is done or not\n","fileTypesAndContributionMap":{"java":{"insertions":9,"deletions":1}}},{"hash":"b4cc8123843f883915ff896ae2c61d85738bfa92","isMergeCommit":false,"messageTitle":"Reorder the string comparison","messageBody":"to reduce the exception when taskInfo[2] is null\n","fileTypesAndContributionMap":{"java":{"insertions":3,"deletions":3}}},{"hash":"0800872854adc07b5c046ad25e31f2ccd3e5e411","isMergeCommit":true,"messageTitle":"Merge branch \u0027fix/addTaskFromFileString\u0027","messageBody":"* fix/addTaskFromFileString:\n  Reorder the string comparison\n  Update the deadline reading from file\n","fileTypesAndContributionMap":{}},{"hash":"949dbd2c15192d8a748d04d7d953706d9aeb2b8a","isMergeCommit":false,"messageTitle":"Update incorrect output for unnecessary mark and unmark","messageBody":"","fileTypesAndContributionMap":{"java":{"insertions":36,"deletions":26}}},{"hash":"8f732dc5a162fb1cca482cb0476e1d699121d12f","isMergeCommit":false,"messageTitle":"Fix printing empty tasklist","messageBody":"","fileTypesAndContributionMap":{"java":{"insertions":13,"deletions":5}}},{"hash":"c1abdd70df10f5b91a2b5c7381060c1ba2d345c6","isMergeCommit":true,"messageTitle":"Merge branch \u0027fix/incorrectOutput\u0027","messageBody":"* fix/incorrectOutput:\n  Fix printing empty tasklist\n  Update incorrect output for unnecessary mark and unmark\n","fileTypesAndContributionMap":{}},{"hash":"b8f19df644ba1fab773477048fafeccf8d9ed7f0","isMergeCommit":false,"messageTitle":"Add correct output format reminder to user","messageBody":"","fileTypesAndContributionMap":{"java":{"insertions":8,"deletions":2}}},{"hash":"836dfaa7b20c7762d53dedf800423a8f9392ec70","isMergeCommit":true,"messageTitle":"Merge branch \u0027dev/datetimeFormatMsg\u0027","messageBody":"* dev/datetimeFormatMsg:\n  Add correct output format reminder to user\n","fileTypesAndContributionMap":{}}]},{"date":"2025-03-11","commitResults":[{"hash":"bbf28d6ddec18eb39ba8e2ed8695c782595f91ea","isMergeCommit":true,"messageTitle":"Merge branch \u0027master\u0027 into A-JavaDoc","messageBody":"* master:\n  Add correct output format reminder to user\n  Fix printing empty tasklist\n  Update incorrect output for unnecessary mark and unmark\n  Reorder the string comparison\n  Update the deadline reading from file\n","fileTypesAndContributionMap":{}},{"hash":"643debea6afe15374115dc034eb9112dde531261","isMergeCommit":false,"messageTitle":"Update JavaDoc for most of the classes and methods","messageBody":"","fileTypesAndContributionMap":{"java":{"insertions":132,"deletions":3}}}]},{"date":"2025-03-12","commitResults":[{"hash":"de684b982c2fd0f1b76c146e3a65f024405072ec","isMergeCommit":false,"messageTitle":"Update Jake User Guide to be published","messageBody":"","tags":["A-UserGuide"],"fileTypesAndContributionMap":{"md":{"insertions":69,"deletions":28}}},{"hash":"9b691aba847f9f7639a925a08916254cfe767fb0","isMergeCommit":false,"messageTitle":"Add universal error message handling","messageBody":"","fileTypesAndContributionMap":{"java":{"insertions":34,"deletions":16}}},{"hash":"9121c572cc2ea432f4b7a074a4245697ed4e4d22","isMergeCommit":true,"messageTitle":"Merge pull request #4 from Lyam-T/A-JavaDoc","messageBody":"A java doc","fileTypesAndContributionMap":{}},{"hash":"5a9639256f0a1e3eb8b094219f328daf266c5536","isMergeCommit":true,"messageTitle":"Merge pull request #5 from Lyam-T/fix/incorrectErrorMsgFormat","messageBody":"Fix/incorrect error msg format","tags":["A-Release"],"fileTypesAndContributionMap":{}},{"hash":"25d1864ffc555604d26e1bbbbfb595e80eacc6ec","isMergeCommit":false,"messageTitle":"Update a link to download Jake.jar, ie ip.jar","messageBody":"","fileTypesAndContributionMap":{"md":{"insertions":1,"deletions":1}}},{"hash":"e939a8f914db47e25f8262c91ae55c1019424cb2","isMergeCommit":true,"messageTitle":"Merge pull request #7 from Lyam-T/Lyam-T-patch-1","messageBody":"Update a link to download Jake.jar, ie ip.jar","fileTypesAndContributionMap":{}}]}]},"authorFileTypeContributionMap":{"Lyam-T":{"java":822,"md":69,"fxml":0,"sh":1,"bat":1,"gradle":0,"txt":8}},"authorContributionVariance":{"Lyam-T":8941.333},"authorDisplayNameMap":{"Lyam-T":"CS2113-F14-3 TANG.. YAN"}}
