[{"path":"data/output.txt","fileType":"txt","lines":[{"lineNumber":1,"author":{"gitId":"keanneeee"},"content":"T | 0 | nigaga","lastModifiedDate":"2025-02-20","isFullCredit":false},{"lineNumber":2,"author":{"gitId":"keanneeee"},"content":"T | 0 | fell","lastModifiedDate":"2025-02-20","isFullCredit":false}],"authorContributionMap":{"keanneeee":2}},{"path":"src/main/java/Exceptions/CorruptedFileException.java","fileType":"java","lines":[{"lineNumber":1,"author":{"gitId":"keanneeee"},"content":"package Exceptions;","lastModifiedDate":"2025-02-20","isFullCredit":false},{"lineNumber":2,"author":{"gitId":"keanneeee"},"content":"","lastModifiedDate":"2025-02-20","isFullCredit":false},{"lineNumber":3,"author":{"gitId":"keanneeee"},"content":"public class CorruptedFileException extends Exception{","lastModifiedDate":"2025-02-20","isFullCredit":false},{"lineNumber":4,"author":{"gitId":"keanneeee"},"content":"}","lastModifiedDate":"2025-02-20","isFullCredit":false}],"authorContributionMap":{"keanneeee":4}},{"path":"src/main/java/Exceptions/EmptyTodoException.java","fileType":"java","lines":[{"lineNumber":1,"author":{"gitId":"keanneeee"},"content":"package Exceptions;","lastModifiedDate":"2025-02-18","isFullCredit":false},{"lineNumber":2,"author":{"gitId":"keanneeee"},"content":"","lastModifiedDate":"2025-02-18","isFullCredit":false},{"lineNumber":3,"author":{"gitId":"keanneeee"},"content":"public class EmptyTodoException extends Exception {","lastModifiedDate":"2025-02-18","isFullCredit":false},{"lineNumber":4,"author":{"gitId":"keanneeee"},"content":"    public EmptyTodoException() {","lastModifiedDate":"2025-02-19","isFullCredit":false},{"lineNumber":5,"author":{"gitId":"keanneeee"},"content":"        System.out.println(\"Todo cannot be empty! Please key in input in this format [Todo] [task]\");","lastModifiedDate":"2025-02-19","isFullCredit":false},{"lineNumber":6,"author":{"gitId":"keanneeee"},"content":"        System.out.println(\"example: todo hang clothes\");","lastModifiedDate":"2025-02-19","isFullCredit":false},{"lineNumber":7,"author":{"gitId":"keanneeee"},"content":"","lastModifiedDate":"2025-02-19","isFullCredit":false},{"lineNumber":8,"author":{"gitId":"keanneeee"},"content":"    }","lastModifiedDate":"2025-02-18","isFullCredit":false},{"lineNumber":9,"author":{"gitId":"keanneeee"},"content":"}","lastModifiedDate":"2025-02-18","isFullCredit":false}],"authorContributionMap":{"keanneeee":9}},{"path":"src/main/java/Exceptions/IllegalDeadlineInput.java","fileType":"java","lines":[{"lineNumber":1,"author":{"gitId":"keanneeee"},"content":"package Exceptions;","lastModifiedDate":"2025-02-18","isFullCredit":false},{"lineNumber":2,"author":{"gitId":"keanneeee"},"content":"","lastModifiedDate":"2025-02-18","isFullCredit":false},{"lineNumber":3,"author":{"gitId":"keanneeee"},"content":"public class IllegalDeadlineInput extends Exception{","lastModifiedDate":"2025-02-19","isFullCredit":false},{"lineNumber":4,"author":{"gitId":"keanneeee"},"content":"}","lastModifiedDate":"2025-02-18","isFullCredit":false}],"authorContributionMap":{"keanneeee":4}},{"path":"src/main/java/Exceptions/IllegalEventInput.java","fileType":"java","lines":[{"lineNumber":1,"author":{"gitId":"keanneeee"},"content":"package Exceptions;","lastModifiedDate":"2025-02-18","isFullCredit":false},{"lineNumber":2,"author":{"gitId":"keanneeee"},"content":"","lastModifiedDate":"2025-02-18","isFullCredit":false},{"lineNumber":3,"author":{"gitId":"keanneeee"},"content":"public class IllegalEventInput extends Exception{","lastModifiedDate":"2025-02-19","isFullCredit":false},{"lineNumber":4,"author":{"gitId":"keanneeee"},"content":"","lastModifiedDate":"2025-02-19","isFullCredit":false},{"lineNumber":5,"author":{"gitId":"keanneeee"},"content":"}","lastModifiedDate":"2025-02-18","isFullCredit":false}],"authorContributionMap":{"keanneeee":5}},{"path":"src/main/java/Exceptions/noTaskNum.java","fileType":"java","lines":[{"lineNumber":1,"author":{"gitId":"keanneeee"},"content":"package Exceptions;","lastModifiedDate":"2025-02-19","isFullCredit":false},{"lineNumber":2,"author":{"gitId":"keanneeee"},"content":"","lastModifiedDate":"2025-02-19","isFullCredit":false},{"lineNumber":3,"author":{"gitId":"keanneeee"},"content":"public class noTaskNum extends Exception{","lastModifiedDate":"2025-02-19","isFullCredit":false},{"lineNumber":4,"author":{"gitId":"keanneeee"},"content":"    public noTaskNum() {","lastModifiedDate":"2025-02-19","isFullCredit":false},{"lineNumber":5,"author":{"gitId":"keanneeee"},"content":"        System.out.println(\"Enter a number babe x\");","lastModifiedDate":"2025-02-19","isFullCredit":false},{"lineNumber":6,"author":{"gitId":"keanneeee"},"content":"        System.out.println(\"eg delete 1 or mark 2\");","lastModifiedDate":"2025-02-19","isFullCredit":false},{"lineNumber":7,"author":{"gitId":"keanneeee"},"content":"    }","lastModifiedDate":"2025-02-19","isFullCredit":false},{"lineNumber":8,"author":{"gitId":"keanneeee"},"content":"}","lastModifiedDate":"2025-02-19","isFullCredit":false}],"authorContributionMap":{"keanneeee":8}},{"path":"src/main/java/Keane.java","fileType":"java","lines":[{"lineNumber":1,"author":{"gitId":"keanneeee"},"content":"//import java.util.Scanner;","lastModifiedDate":"2025-02-19","isFullCredit":false},{"lineNumber":2,"author":{"gitId":"keanneeee"},"content":"//","lastModifiedDate":"2025-02-19","isFullCredit":false},{"lineNumber":3,"author":{"gitId":"keanneeee"},"content":"//public class Keane {","lastModifiedDate":"2025-02-19","isFullCredit":false},{"lineNumber":4,"author":{"gitId":"keanneeee"},"content":"//","lastModifiedDate":"2025-02-19","isFullCredit":false},{"lineNumber":5,"author":{"gitId":"keanneeee"},"content":"//    private void goodbye(String[] arg){","lastModifiedDate":"2025-02-19","isFullCredit":false},{"lineNumber":6,"author":{"gitId":"keanneeee"},"content":"//        System.out.println(\"Bye! Hope to see you again soon!\");","lastModifiedDate":"2025-02-19","isFullCredit":false},{"lineNumber":7,"author":{"gitId":"keanneeee"},"content":"//    }","lastModifiedDate":"2025-02-19","isFullCredit":false},{"lineNumber":8,"author":{"gitId":"keanneeee"},"content":"//","lastModifiedDate":"2025-02-19","isFullCredit":false},{"lineNumber":9,"author":{"gitId":"keanneeee"},"content":"//    public static void main(String[] args) {","lastModifiedDate":"2025-02-19","isFullCredit":false},{"lineNumber":10,"author":{"gitId":"keanneeee"},"content":"//        String bye \u003d \"bye\";","lastModifiedDate":"2025-02-19","isFullCredit":false},{"lineNumber":11,"author":{"gitId":"keanneeee"},"content":"//        String[] words \u003d new String[100];","lastModifiedDate":"2025-02-19","isFullCredit":false},{"lineNumber":12,"author":{"gitId":"keanneeee"},"content":"//        System.out.println(\"Hello! I\u0027m Keane.\");","lastModifiedDate":"2025-02-19","isFullCredit":false},{"lineNumber":13,"author":{"gitId":"keanneeee"},"content":"//        System.out.println(\"What is up fella?\");","lastModifiedDate":"2025-02-19","isFullCredit":false},{"lineNumber":14,"author":{"gitId":"keanneeee"},"content":"//        Scanner in \u003d new Scanner(System.in);","lastModifiedDate":"2025-02-19","isFullCredit":false},{"lineNumber":15,"author":{"gitId":"keanneeee"},"content":"//        int count \u003d 0;","lastModifiedDate":"2025-02-19","isFullCredit":false},{"lineNumber":16,"author":{"gitId":"keanneeee"},"content":"//        Tasks tasks \u003d new Tasks();","lastModifiedDate":"2025-02-19","isFullCredit":false},{"lineNumber":17,"author":{"gitId":"keanneeee"},"content":"//","lastModifiedDate":"2025-02-19","isFullCredit":false},{"lineNumber":18,"author":{"gitId":"keanneeee"},"content":"//        while(true) {","lastModifiedDate":"2025-02-19","isFullCredit":false},{"lineNumber":19,"author":{"gitId":"keanneeee"},"content":"//            String line \u003d in.nextLine();","lastModifiedDate":"2025-02-19","isFullCredit":false},{"lineNumber":20,"author":{"gitId":"keanneeee"},"content":"//            if (line.equalsIgnoreCase(bye)) {","lastModifiedDate":"2025-02-19","isFullCredit":false},{"lineNumber":21,"author":{"gitId":"keanneeee"},"content":"//                System.out.println(\"Bye. Hope to see you again soon!\");","lastModifiedDate":"2025-02-19","isFullCredit":false},{"lineNumber":22,"author":{"gitId":"keanneeee"},"content":"//                break;","lastModifiedDate":"2025-02-19","isFullCredit":false},{"lineNumber":23,"author":{"gitId":"keanneeee"},"content":"//            } else if (line.equalsIgnoreCase(\"List\")) {","lastModifiedDate":"2025-02-19","isFullCredit":false},{"lineNumber":24,"author":{"gitId":"keanneeee"},"content":"//                for (String word : words) {","lastModifiedDate":"2025-02-19","isFullCredit":false},{"lineNumber":25,"author":{"gitId":"keanneeee"},"content":"//                    if (word !\u003d null) {","lastModifiedDate":"2025-02-19","isFullCredit":false},{"lineNumber":26,"author":{"gitId":"keanneeee"},"content":"//                        System.out.println(word);","lastModifiedDate":"2025-02-19","isFullCredit":false},{"lineNumber":27,"author":{"gitId":"keanneeee"},"content":"//                    }","lastModifiedDate":"2025-02-19","isFullCredit":false},{"lineNumber":28,"author":{"gitId":"keanneeee"},"content":"//                }","lastModifiedDate":"2025-02-19","isFullCredit":false},{"lineNumber":29,"author":{"gitId":"keanneeee"},"content":"//            } else if(line.contains(\"mark\") \u0026\u0026 (Integer.parseInt(line.substring(5)) \u003c\u003d count + 1)) {","lastModifiedDate":"2025-02-19","isFullCredit":false},{"lineNumber":30,"author":{"gitId":"keanneeee"},"content":"//                int taskNum \u003d Integer.parseInt(line.substring(5)) - 1;","lastModifiedDate":"2025-02-19","isFullCredit":false},{"lineNumber":31,"author":{"gitId":"keanneeee"},"content":"//                tasks.savetask(words[taskNum]);","lastModifiedDate":"2025-02-19","isFullCredit":false},{"lineNumber":32,"author":{"gitId":"keanneeee"},"content":"//                words[taskNum] \u003d temp.replaceFirst(\" \", \"X\");","lastModifiedDate":"2025-02-19","isFullCredit":false},{"lineNumber":33,"author":{"gitId":"keanneeee"},"content":"//                System.out.println(\"sure king\");","lastModifiedDate":"2025-02-19","isFullCredit":false},{"lineNumber":34,"author":{"gitId":"keanneeee"},"content":"//                System.out.println(words[taskNum]);","lastModifiedDate":"2025-02-19","isFullCredit":false},{"lineNumber":35,"author":{"gitId":"keanneeee"},"content":"//                System.out.println(\"anything else?\");","lastModifiedDate":"2025-02-19","isFullCredit":false},{"lineNumber":36,"author":{"gitId":"keanneeee"},"content":"//            } else if(line.contains(\"unmark\") \u0026\u0026 (Integer.parseInt(line.substring(5)) \u003c\u003d count + 1)){","lastModifiedDate":"2025-02-19","isFullCredit":false},{"lineNumber":37,"author":{"gitId":"keanneeee"},"content":"//                int taskNum \u003d Integer.parseInt(line.substring(5)) - 1;","lastModifiedDate":"2025-02-19","isFullCredit":false},{"lineNumber":38,"author":{"gitId":"keanneeee"},"content":"//                String temp \u003d words[taskNum];","lastModifiedDate":"2025-02-19","isFullCredit":false},{"lineNumber":39,"author":{"gitId":"keanneeee"},"content":"//                System.out.println(\"sure king\");","lastModifiedDate":"2025-02-19","isFullCredit":false},{"lineNumber":40,"author":{"gitId":"keanneeee"},"content":"//                words[taskNum] \u003d temp.replaceFirst(\"X\", \" \");","lastModifiedDate":"2025-02-19","isFullCredit":false},{"lineNumber":41,"author":{"gitId":"keanneeee"},"content":"//                System.out.println(\"anything else?\");","lastModifiedDate":"2025-02-19","isFullCredit":false},{"lineNumber":42,"author":{"gitId":"keanneeee"},"content":"//            }  else if((line.contains(\"mark\")||line.contains(\"unmark\")) \u0026\u0026 ((Integer.parseInt(line.substring(5)) \u003e count) || (Integer.parseInt(line.substring(5)) \u003c 0))) {","lastModifiedDate":"2025-02-19","isFullCredit":false},{"lineNumber":43,"author":{"gitId":"keanneeee"},"content":"//                System.out.println(\"king please enter a valid number\");","lastModifiedDate":"2025-02-19","isFullCredit":false},{"lineNumber":44,"author":{"gitId":"keanneeee"},"content":"//            }","lastModifiedDate":"2025-02-19","isFullCredit":false},{"lineNumber":45,"author":{"gitId":"keanneeee"},"content":"//            else {","lastModifiedDate":"2025-02-19","isFullCredit":false},{"lineNumber":46,"author":{"gitId":"keanneeee"},"content":"//                tasks.saveTasks(line);","lastModifiedDate":"2025-02-19","isFullCredit":false},{"lineNumber":47,"author":{"gitId":"keanneeee"},"content":"//                words[count] \u003d count+1 + \".\" + tasks.getId();","lastModifiedDate":"2025-02-19","isFullCredit":false},{"lineNumber":48,"author":{"gitId":"keanneeee"},"content":"//                count++;","lastModifiedDate":"2025-02-19","isFullCredit":false},{"lineNumber":49,"author":{"gitId":"keanneeee"},"content":"//                System.out.println(\"Added: \"+ line);","lastModifiedDate":"2025-02-19","isFullCredit":false},{"lineNumber":50,"author":{"gitId":"keanneeee"},"content":"//            }","lastModifiedDate":"2025-02-19","isFullCredit":false},{"lineNumber":51,"author":{"gitId":"keanneeee"},"content":"//        }","lastModifiedDate":"2025-02-19","isFullCredit":false},{"lineNumber":52,"author":{"gitId":"keanneeee"},"content":"//        in.close();","lastModifiedDate":"2025-02-19","isFullCredit":false},{"lineNumber":53,"author":{"gitId":"keanneeee"},"content":"//    }","lastModifiedDate":"2025-02-19","isFullCredit":false},{"lineNumber":54,"author":{"gitId":"keanneeee"},"content":"//}","lastModifiedDate":"2025-02-19","isFullCredit":false},{"lineNumber":55,"author":{"gitId":"keanneeee"},"content":"////coding standard checked","lastModifiedDate":"2025-02-19","isFullCredit":false},{"lineNumber":56,"author":{"gitId":"keanneeee"},"content":"////will edit fringe cases by this week psps","lastModifiedDate":"2025-02-19","isFullCredit":false}],"authorContributionMap":{"keanneeee":56}},{"path":"src/main/java/Tasks.java","fileType":"java","lines":[{"lineNumber":1,"author":{"gitId":"keanneeee"},"content":"//public class Tasks {","lastModifiedDate":"2025-02-19","isFullCredit":false},{"lineNumber":2,"author":{"gitId":"keanneeee"},"content":"//    private static String id;","lastModifiedDate":"2025-02-19","isFullCredit":false},{"lineNumber":3,"author":{"gitId":"keanneeee"},"content":"//","lastModifiedDate":"2025-02-19","isFullCredit":false},{"lineNumber":4,"author":{"gitId":"keanneeee"},"content":"//    public void saveTasks(String task) {","lastModifiedDate":"2025-02-19","isFullCredit":false},{"lineNumber":5,"author":{"gitId":"keanneeee"},"content":"//        id \u003d \"[ ] \" + task;","lastModifiedDate":"2025-02-19","isFullCredit":false},{"lineNumber":6,"author":{"gitId":"keanneeee"},"content":"//    }","lastModifiedDate":"2025-02-19","isFullCredit":false},{"lineNumber":7,"author":{"gitId":"keanneeee"},"content":"//","lastModifiedDate":"2025-02-19","isFullCredit":false},{"lineNumber":8,"author":{"gitId":"keanneeee"},"content":"////    public String saveReturnTasks(String task){","lastModifiedDate":"2025-02-19","isFullCredit":false},{"lineNumber":9,"author":{"gitId":"keanneeee"},"content":"////        id \u003d \"[ ] \" + task;","lastModifiedDate":"2025-02-19","isFullCredit":false},{"lineNumber":10,"author":{"gitId":"keanneeee"},"content":"////        return id;","lastModifiedDate":"2025-02-19","isFullCredit":false},{"lineNumber":11,"author":{"gitId":"keanneeee"},"content":"////    }","lastModifiedDate":"2025-02-19","isFullCredit":false},{"lineNumber":12,"author":{"gitId":"keanneeee"},"content":"//    public String getId(){","lastModifiedDate":"2025-02-19","isFullCredit":false},{"lineNumber":13,"author":{"gitId":"keanneeee"},"content":"//        return id;","lastModifiedDate":"2025-02-19","isFullCredit":false},{"lineNumber":14,"author":{"gitId":"keanneeee"},"content":"//    }","lastModifiedDate":"2025-02-19","isFullCredit":false},{"lineNumber":15,"author":{"gitId":"keanneeee"},"content":"//","lastModifiedDate":"2025-02-19","isFullCredit":false},{"lineNumber":16,"author":{"gitId":"keanneeee"},"content":"//    public void markDone(){","lastModifiedDate":"2025-02-19","isFullCredit":false},{"lineNumber":17,"author":{"gitId":"keanneeee"},"content":"//        StringBuilder sb \u003d new StringBuilder(id);","lastModifiedDate":"2025-02-19","isFullCredit":false},{"lineNumber":18,"author":{"gitId":"keanneeee"},"content":"//        sb.setCharAt(0, \u0027X\u0027);","lastModifiedDate":"2025-02-19","isFullCredit":false},{"lineNumber":19,"author":{"gitId":"keanneeee"},"content":"//        id  \u003d sb.toString();","lastModifiedDate":"2025-02-19","isFullCredit":false},{"lineNumber":20,"author":{"gitId":"keanneeee"},"content":"//        System.out.println(\"sure king\");","lastModifiedDate":"2025-02-19","isFullCredit":false},{"lineNumber":21,"author":{"gitId":"keanneeee"},"content":"//        System.out.println(id);","lastModifiedDate":"2025-02-19","isFullCredit":false},{"lineNumber":22,"author":{"gitId":"keanneeee"},"content":"//        System.out.println(\"anything else?\");","lastModifiedDate":"2025-02-19","isFullCredit":false},{"lineNumber":23,"author":{"gitId":"keanneeee"},"content":"//    }","lastModifiedDate":"2025-02-19","isFullCredit":false},{"lineNumber":24,"author":{"gitId":"keanneeee"},"content":"//","lastModifiedDate":"2025-02-19","isFullCredit":false},{"lineNumber":25,"author":{"gitId":"keanneeee"},"content":"//}","lastModifiedDate":"2025-02-19","isFullCredit":false}],"authorContributionMap":{"keanneeee":25}},{"path":"src/main/java/chatbbg/Extractor.java","fileType":"java","lines":[{"lineNumber":1,"author":{"gitId":"keanneeee"},"content":"package chatbbg;","lastModifiedDate":"2025-02-19","isFullCredit":false},{"lineNumber":2,"author":{"gitId":"keanneeee"},"content":"import Exceptions.IllegalDeadlineInput;","lastModifiedDate":"2025-02-19","isFullCredit":false},{"lineNumber":3,"author":{"gitId":"keanneeee"},"content":"import Exceptions.noTaskNum;","lastModifiedDate":"2025-02-19","isFullCredit":false},{"lineNumber":4,"author":{"gitId":"keanneeee"},"content":"import Exceptions.EmptyTodoException;","lastModifiedDate":"2025-02-19","isFullCredit":false},{"lineNumber":5,"author":{"gitId":"keanneeee"},"content":"import Exceptions.IllegalEventInput;","lastModifiedDate":"2025-02-19","isFullCredit":false},{"lineNumber":6,"author":{"gitId":"keanneeee"},"content":"","lastModifiedDate":"2025-02-19","isFullCredit":false},{"lineNumber":7,"author":{"gitId":"keanneeee"},"content":"public class Extractor {","lastModifiedDate":"2025-02-10","isFullCredit":false},{"lineNumber":8,"author":{"gitId":"keanneeee"},"content":"","lastModifiedDate":"2025-02-12","isFullCredit":false},{"lineNumber":9,"author":{"gitId":"keanneeee"},"content":"","lastModifiedDate":"2025-02-12","isFullCredit":false},{"lineNumber":10,"author":{"gitId":"keanneeee"},"content":"    public static int extractTaskNumber(String input) throws noTaskNum {","lastModifiedDate":"2025-02-19","isFullCredit":false},{"lineNumber":11,"author":{"gitId":"keanneeee"},"content":"        String keyword;","lastModifiedDate":"2025-02-12","isFullCredit":false},{"lineNumber":12,"author":{"gitId":"keanneeee"},"content":"        if (input.startsWith(\"mark\")) {","lastModifiedDate":"2025-02-12","isFullCredit":false},{"lineNumber":13,"author":{"gitId":"keanneeee"},"content":"            keyword \u003d \"mark\";","lastModifiedDate":"2025-02-12","isFullCredit":false},{"lineNumber":14,"author":{"gitId":"keanneeee"},"content":"        } else if (input.startsWith(\"unmark\")) {","lastModifiedDate":"2025-02-12","isFullCredit":false},{"lineNumber":15,"author":{"gitId":"keanneeee"},"content":"            keyword \u003d \"unmark\";","lastModifiedDate":"2025-02-12","isFullCredit":false},{"lineNumber":16,"author":{"gitId":"keanneeee"},"content":"        } else {","lastModifiedDate":"2025-02-12","isFullCredit":false},{"lineNumber":17,"author":{"gitId":"keanneeee"},"content":"            keyword \u003d \"delete\";","lastModifiedDate":"2025-02-12","isFullCredit":false},{"lineNumber":18,"author":{"gitId":"keanneeee"},"content":"        }","lastModifiedDate":"2025-02-12","isFullCredit":false},{"lineNumber":19,"author":{"gitId":"keanneeee"},"content":"        String numberString \u003d input.substring(keyword.length()).trim();","lastModifiedDate":"2025-02-12","isFullCredit":false},{"lineNumber":20,"author":{"gitId":"keanneeee"},"content":"        if (numberString.isEmpty()) {","lastModifiedDate":"2025-02-19","isFullCredit":false},{"lineNumber":21,"author":{"gitId":"keanneeee"},"content":"            throw new noTaskNum();","lastModifiedDate":"2025-02-19","isFullCredit":false},{"lineNumber":22,"author":{"gitId":"keanneeee"},"content":"        }","lastModifiedDate":"2025-02-19","isFullCredit":false},{"lineNumber":23,"author":{"gitId":"keanneeee"},"content":"        return Integer.parseInt(numberString);","lastModifiedDate":"2025-02-12","isFullCredit":false},{"lineNumber":24,"author":{"gitId":"keanneeee"},"content":"    }","lastModifiedDate":"2025-02-12","isFullCredit":false},{"lineNumber":25,"author":{"gitId":"keanneeee"},"content":"","lastModifiedDate":"2025-02-13","isFullCredit":false},{"lineNumber":26,"author":{"gitId":"keanneeee"},"content":"    public static String extractTaskNameTodo(String input) {","lastModifiedDate":"2025-02-13","isFullCredit":false},{"lineNumber":27,"author":{"gitId":"keanneeee"},"content":"        String keyword \u003d \"todo\";","lastModifiedDate":"2025-02-13","isFullCredit":false},{"lineNumber":28,"author":{"gitId":"keanneeee"},"content":"        return input.substring(keyword.length()).trim();","lastModifiedDate":"2025-02-13","isFullCredit":false},{"lineNumber":29,"author":{"gitId":"keanneeee"},"content":"    }","lastModifiedDate":"2025-02-13","isFullCredit":false},{"lineNumber":30,"author":{"gitId":"keanneeee"},"content":"","lastModifiedDate":"2025-02-13","isFullCredit":false},{"lineNumber":31,"author":{"gitId":"keanneeee"},"content":"    public static String extractTaskNameDeadline(String input) throws IllegalDeadlineInput {","lastModifiedDate":"2025-02-19","isFullCredit":false},{"lineNumber":32,"author":{"gitId":"keanneeee"},"content":"        String keyword \u003d \"/by\";","lastModifiedDate":"2025-02-13","isFullCredit":false},{"lineNumber":33,"author":{"gitId":"keanneeee"},"content":"        String[] parts \u003d input.split(keyword);","lastModifiedDate":"2025-02-19","isFullCredit":false},{"lineNumber":34,"author":{"gitId":"keanneeee"},"content":"        if (parts.length \u003c 2) {","lastModifiedDate":"2025-02-19","isFullCredit":false},{"lineNumber":35,"author":{"gitId":"keanneeee"},"content":"            throw new IllegalDeadlineInput();","lastModifiedDate":"2025-02-19","isFullCredit":false},{"lineNumber":36,"author":{"gitId":"keanneeee"},"content":"        } else if (input.substring(input.indexOf(keyword) + 4).isEmpty()||input.substring(8).isEmpty()) {","lastModifiedDate":"2025-02-19","isFullCredit":false},{"lineNumber":37,"author":{"gitId":"keanneeee"},"content":"            throw new IllegalDeadlineInput();","lastModifiedDate":"2025-02-19","isFullCredit":false},{"lineNumber":38,"author":{"gitId":"keanneeee"},"content":"        }","lastModifiedDate":"2025-02-19","isFullCredit":false},{"lineNumber":39,"author":{"gitId":"keanneeee"},"content":"        return input.substring(8, input.indexOf(keyword));","lastModifiedDate":"2025-02-13","isFullCredit":false},{"lineNumber":40,"author":{"gitId":"keanneeee"},"content":"    }","lastModifiedDate":"2025-02-13","isFullCredit":false},{"lineNumber":41,"author":{"gitId":"keanneeee"},"content":"","lastModifiedDate":"2025-02-13","isFullCredit":false},{"lineNumber":42,"author":{"gitId":"keanneeee"},"content":"    public static String extractTaskDeadline(String input) {","lastModifiedDate":"2025-02-13","isFullCredit":false},{"lineNumber":43,"author":{"gitId":"keanneeee"},"content":"        String keyword \u003d \"/by\";","lastModifiedDate":"2025-02-13","isFullCredit":false},{"lineNumber":44,"author":{"gitId":"keanneeee"},"content":"","lastModifiedDate":"2025-02-19","isFullCredit":false},{"lineNumber":45,"author":{"gitId":"keanneeee"},"content":"        return input.substring(input.indexOf(keyword) + 4);","lastModifiedDate":"2025-02-13","isFullCredit":false},{"lineNumber":46,"author":{"gitId":"keanneeee"},"content":"    }","lastModifiedDate":"2025-02-13","isFullCredit":false},{"lineNumber":47,"author":{"gitId":"keanneeee"},"content":"","lastModifiedDate":"2025-02-13","isFullCredit":false},{"lineNumber":48,"author":{"gitId":"keanneeee"},"content":"    public static String extractTaskNameEvent(String input) throws IllegalEventInput{","lastModifiedDate":"2025-02-19","isFullCredit":false},{"lineNumber":49,"author":{"gitId":"keanneeee"},"content":"        String[] parts \u003d input.split(\"/from|/to\");","lastModifiedDate":"2025-02-19","isFullCredit":false},{"lineNumber":50,"author":{"gitId":"keanneeee"},"content":"        if(parts.length \u003c 3){","lastModifiedDate":"2025-02-19","isFullCredit":false},{"lineNumber":51,"author":{"gitId":"keanneeee"},"content":"            throw new IllegalEventInput();","lastModifiedDate":"2025-02-19","isFullCredit":false},{"lineNumber":52,"author":{"gitId":"keanneeee"},"content":"        }","lastModifiedDate":"2025-02-19","isFullCredit":false},{"lineNumber":53,"author":{"gitId":"keanneeee"},"content":"        String keyword \u003d \"/from\";","lastModifiedDate":"2025-02-13","isFullCredit":false},{"lineNumber":54,"author":{"gitId":"keanneeee"},"content":"        return input.substring(6, input.indexOf(keyword));","lastModifiedDate":"2025-02-13","isFullCredit":false},{"lineNumber":55,"author":{"gitId":"keanneeee"},"content":"    }","lastModifiedDate":"2025-02-13","isFullCredit":false},{"lineNumber":56,"author":{"gitId":"keanneeee"},"content":"","lastModifiedDate":"2025-02-13","isFullCredit":false},{"lineNumber":57,"author":{"gitId":"keanneeee"},"content":"    public static String extractTaskEventStart(String input) {","lastModifiedDate":"2025-02-13","isFullCredit":false},{"lineNumber":58,"author":{"gitId":"keanneeee"},"content":"        String keyword \u003d \"/from\";","lastModifiedDate":"2025-02-13","isFullCredit":false},{"lineNumber":59,"author":{"gitId":"keanneeee"},"content":"        String keyword2 \u003d \"/to\";","lastModifiedDate":"2025-02-13","isFullCredit":false},{"lineNumber":60,"author":{"gitId":"keanneeee"},"content":"        return input.substring(input.indexOf(keyword) + 5, input.indexOf(keyword2)).trim();","lastModifiedDate":"2025-02-13","isFullCredit":false},{"lineNumber":61,"author":{"gitId":"keanneeee"},"content":"    }","lastModifiedDate":"2025-02-13","isFullCredit":false},{"lineNumber":62,"author":{"gitId":"keanneeee"},"content":"","lastModifiedDate":"2025-02-13","isFullCredit":false},{"lineNumber":63,"author":{"gitId":"keanneeee"},"content":"    public static String extractTaskEventEnd(String input) {","lastModifiedDate":"2025-02-13","isFullCredit":false},{"lineNumber":64,"author":{"gitId":"keanneeee"},"content":"        String keyword \u003d \"/to\";","lastModifiedDate":"2025-02-13","isFullCredit":false},{"lineNumber":65,"author":{"gitId":"keanneeee"},"content":"        return input.substring(input.indexOf(keyword) + 3).trim();","lastModifiedDate":"2025-02-13","isFullCredit":false},{"lineNumber":66,"author":{"gitId":"keanneeee"},"content":"    }","lastModifiedDate":"2025-02-13","isFullCredit":false},{"lineNumber":67,"author":{"gitId":"keanneeee"},"content":"}","lastModifiedDate":"2025-02-10","isFullCredit":false}],"authorContributionMap":{"keanneeee":67}},{"path":"src/main/java/chatbbg/Functions.java","fileType":"java","lines":[{"lineNumber":1,"author":{"gitId":"keanneeee"},"content":"package chatbbg;","lastModifiedDate":"2025-02-19","isFullCredit":false},{"lineNumber":2,"author":{"gitId":"keanneeee"},"content":"","lastModifiedDate":"2025-02-19","isFullCredit":false},{"lineNumber":3,"author":{"gitId":"keanneeee"},"content":"import chatbbg.tasktypes.Deadline;","lastModifiedDate":"2025-02-19","isFullCredit":false},{"lineNumber":4,"author":{"gitId":"keanneeee"},"content":"import chatbbg.tasktypes.Event;","lastModifiedDate":"2025-02-19","isFullCredit":false},{"lineNumber":5,"author":{"gitId":"keanneeee"},"content":"import chatbbg.tasktypes.Todo;","lastModifiedDate":"2025-02-19","isFullCredit":false},{"lineNumber":6,"author":{"gitId":"keanneeee"},"content":"import chatbbg.tasktypes.Task;","lastModifiedDate":"2025-02-19","isFullCredit":false},{"lineNumber":7,"author":{"gitId":"keanneeee"},"content":"import java.util.Scanner;","lastModifiedDate":"2025-02-10","isFullCredit":false},{"lineNumber":8,"author":{"gitId":"keanneeee"},"content":"import Exceptions.EmptyTodoException;","lastModifiedDate":"2025-02-19","isFullCredit":false},{"lineNumber":9,"author":{"gitId":"keanneeee"},"content":"import Exceptions.noTaskNum;","lastModifiedDate":"2025-02-19","isFullCredit":false},{"lineNumber":10,"author":{"gitId":"keanneeee"},"content":"","lastModifiedDate":"2025-02-12","isFullCredit":false},{"lineNumber":11,"author":{"gitId":"keanneeee"},"content":"public class Functions extends Task{","lastModifiedDate":"2025-02-12","isFullCredit":false},{"lineNumber":12,"author":{"gitId":"keanneeee"},"content":"","lastModifiedDate":"2025-02-12","isFullCredit":false},{"lineNumber":13,"author":{"gitId":"keanneeee"},"content":"    public Functions(String desc) {","lastModifiedDate":"2025-02-12","isFullCredit":false},{"lineNumber":14,"author":{"gitId":"keanneeee"},"content":"        super(desc);","lastModifiedDate":"2025-02-12","isFullCredit":false},{"lineNumber":15,"author":{"gitId":"keanneeee"},"content":"    }","lastModifiedDate":"2025-02-12","isFullCredit":false},{"lineNumber":16,"author":{"gitId":"keanneeee"},"content":"","lastModifiedDate":"2025-02-10","isFullCredit":false},{"lineNumber":17,"author":{"gitId":"keanneeee"},"content":"    public static void readUserInput(){","lastModifiedDate":"2025-02-10","isFullCredit":false},{"lineNumber":18,"author":{"gitId":"keanneeee"},"content":"        Scanner in \u003d new Scanner(System.in);","lastModifiedDate":"2025-02-10","isFullCredit":false},{"lineNumber":19,"author":{"gitId":"keanneeee"},"content":"        String line \u003d in.nextLine();","lastModifiedDate":"2025-02-10","isFullCredit":false},{"lineNumber":20,"author":{"gitId":"keanneeee"},"content":"        int index \u003d 0;","lastModifiedDate":"2025-02-12","isFullCredit":false},{"lineNumber":21,"author":{"gitId":"keanneeee"},"content":"        while(!line.equalsIgnoreCase(\"goodbye\")){","lastModifiedDate":"2025-02-10","isFullCredit":false},{"lineNumber":22,"author":{"gitId":"keanneeee"},"content":"            if (line.isEmpty()){","lastModifiedDate":"2025-02-10","isFullCredit":false},{"lineNumber":23,"author":{"gitId":"keanneeee"},"content":"                System.out.println(\"What are ya tryna say babe\");","lastModifiedDate":"2025-02-10","isFullCredit":false},{"lineNumber":24,"author":{"gitId":"keanneeee"},"content":"            } else if (line.equalsIgnoreCase(\"list\")){","lastModifiedDate":"2025-02-10","isFullCredit":false},{"lineNumber":25,"author":{"gitId":"keanneeee"},"content":"                Task.printTasks();","lastModifiedDate":"2025-02-10","isFullCredit":false},{"lineNumber":26,"author":{"gitId":"keanneeee"},"content":"            } else if (line.startsWith(\"mark\")||line.startsWith(\"unmark\")||line.startsWith(\"delete\")) {","lastModifiedDate":"2025-02-19","isFullCredit":false},{"lineNumber":27,"author":{"gitId":"keanneeee"},"content":"                try {","lastModifiedDate":"2025-02-19","isFullCredit":false},{"lineNumber":28,"author":{"gitId":"keanneeee"},"content":"                    int indexM \u003d Extractor.extractTaskNumber(line);//index of task to be marked","lastModifiedDate":"2025-02-12","isFullCredit":false},{"lineNumber":29,"author":{"gitId":"keanneeee"},"content":"                    Task.modifyTaskTick(indexM - 1, line);","lastModifiedDate":"2025-02-13","isFullCredit":false},{"lineNumber":30,"author":{"gitId":"keanneeee"},"content":"                } catch (IndexOutOfBoundsException e){","lastModifiedDate":"2025-02-19","isFullCredit":false},{"lineNumber":31,"author":{"gitId":"keanneeee"},"content":"                    System.out.println(\"bro your number not even in the list\");","lastModifiedDate":"2025-02-19","isFullCredit":false},{"lineNumber":32,"author":{"gitId":"keanneeee"},"content":"                    System.out.println(\"\u003e:(\");","lastModifiedDate":"2025-02-19","isFullCredit":false},{"lineNumber":33,"author":{"gitId":"keanneeee"},"content":"                } catch (NumberFormatException e){","lastModifiedDate":"2025-02-19","isFullCredit":false},{"lineNumber":34,"author":{"gitId":"keanneeee"},"content":"                    System.out.println(\"bro you need to enter a number\");","lastModifiedDate":"2025-02-19","isFullCredit":false},{"lineNumber":35,"author":{"gitId":"keanneeee"},"content":"                    System.out.println(\"\u003e:(\");","lastModifiedDate":"2025-02-19","isFullCredit":false},{"lineNumber":36,"author":{"gitId":"keanneeee"},"content":"                } catch (noTaskNum e) {","lastModifiedDate":"2025-02-19","isFullCredit":false},{"lineNumber":37,"author":{"gitId":"keanneeee"},"content":"                    System.out.println(\"\u003e:(\");","lastModifiedDate":"2025-02-19","isFullCredit":false},{"lineNumber":38,"author":{"gitId":"keanneeee"},"content":"                }","lastModifiedDate":"2025-02-19","isFullCredit":false},{"lineNumber":39,"author":{"gitId":"keanneeee"},"content":"            } else if (line.startsWith(\"deadline\")){","lastModifiedDate":"2025-02-19","isFullCredit":false},{"lineNumber":40,"author":{"gitId":"keanneeee"},"content":"                Deadline.addDeadline(line);","lastModifiedDate":"2025-02-13","isFullCredit":false},{"lineNumber":41,"author":{"gitId":"keanneeee"},"content":"            } else if (line.startsWith(\"todo\")){","lastModifiedDate":"2025-02-19","isFullCredit":false},{"lineNumber":42,"author":{"gitId":"keanneeee"},"content":"               try {","lastModifiedDate":"2025-02-19","isFullCredit":false},{"lineNumber":43,"author":{"gitId":"keanneeee"},"content":"                   Todo.addTodo(line);","lastModifiedDate":"2025-02-13","isFullCredit":false},{"lineNumber":44,"author":{"gitId":"keanneeee"},"content":"               } catch (EmptyTodoException e){","lastModifiedDate":"2025-02-19","isFullCredit":false},{"lineNumber":45,"author":{"gitId":"keanneeee"},"content":"                     System.out.println(\"\u003e:(\");","lastModifiedDate":"2025-02-19","isFullCredit":false},{"lineNumber":46,"author":{"gitId":"keanneeee"},"content":"                }","lastModifiedDate":"2025-02-19","isFullCredit":false},{"lineNumber":47,"author":{"gitId":"keanneeee"},"content":"            } else if (line.startsWith(\"event\")) {","lastModifiedDate":"2025-02-19","isFullCredit":false},{"lineNumber":48,"author":{"gitId":"keanneeee"},"content":"                Event.addEvent(line);","lastModifiedDate":"2025-02-13","isFullCredit":false},{"lineNumber":49,"author":{"gitId":"keanneeee"},"content":"            } else {","lastModifiedDate":"2025-02-13","isFullCredit":false},{"lineNumber":50,"author":{"gitId":"keanneeee"},"content":"                System.out.println(\"Please enter a valid command\");","lastModifiedDate":"2025-02-19","isFullCredit":false},{"lineNumber":51,"author":{"gitId":"keanneeee"},"content":"            }","lastModifiedDate":"2025-02-12","isFullCredit":false},{"lineNumber":52,"author":{"gitId":"keanneeee"},"content":"            line \u003d in.nextLine();","lastModifiedDate":"2025-02-12","isFullCredit":false},{"lineNumber":53,"author":{"gitId":"keanneeee"},"content":"","lastModifiedDate":"2025-02-13","isFullCredit":false},{"lineNumber":54,"author":{"gitId":"keanneeee"},"content":"        }","lastModifiedDate":"2025-02-12","isFullCredit":false},{"lineNumber":55,"author":{"gitId":"keanneeee"},"content":"        chatBBG.goodbye();","lastModifiedDate":"2025-02-12","isFullCredit":false},{"lineNumber":56,"author":{"gitId":"keanneeee"},"content":"    }","lastModifiedDate":"2025-02-10","isFullCredit":false},{"lineNumber":57,"author":{"gitId":"keanneeee"},"content":"}","lastModifiedDate":"2025-02-10","isFullCredit":false}],"authorContributionMap":{"keanneeee":57}},{"path":"src/main/java/chatbbg/Storage.java","fileType":"java","lines":[{"lineNumber":1,"author":{"gitId":"keanneeee"},"content":"package chatbbg;","lastModifiedDate":"2025-02-20","isFullCredit":false},{"lineNumber":2,"author":{"gitId":"keanneeee"},"content":"import chatbbg.tasktypes.Task;","lastModifiedDate":"2025-02-20","isFullCredit":false},{"lineNumber":3,"author":{"gitId":"keanneeee"},"content":"import chatbbg.tasktypes.Deadline;","lastModifiedDate":"2025-02-20","isFullCredit":false},{"lineNumber":4,"author":{"gitId":"keanneeee"},"content":"import chatbbg.tasktypes.Event;","lastModifiedDate":"2025-02-20","isFullCredit":false},{"lineNumber":5,"author":{"gitId":"keanneeee"},"content":"import chatbbg.tasktypes.Todo;","lastModifiedDate":"2025-02-20","isFullCredit":false},{"lineNumber":6,"author":{"gitId":"keanneeee"},"content":"","lastModifiedDate":"2025-02-20","isFullCredit":false},{"lineNumber":7,"author":{"gitId":"keanneeee"},"content":"import Exceptions.EmptyTodoException;","lastModifiedDate":"2025-02-20","isFullCredit":false},{"lineNumber":8,"author":{"gitId":"keanneeee"},"content":"import Exceptions.CorruptedFileException;","lastModifiedDate":"2025-02-20","isFullCredit":false},{"lineNumber":9,"author":{"gitId":"keanneeee"},"content":"","lastModifiedDate":"2025-02-20","isFullCredit":false},{"lineNumber":10,"author":{"gitId":"keanneeee"},"content":"import java.util.Scanner;","lastModifiedDate":"2025-02-20","isFullCredit":false},{"lineNumber":11,"author":{"gitId":"keanneeee"},"content":"import java.io.File;","lastModifiedDate":"2025-02-20","isFullCredit":false},{"lineNumber":12,"author":{"gitId":"keanneeee"},"content":"import java.io.FileNotFoundException;","lastModifiedDate":"2025-02-20","isFullCredit":false},{"lineNumber":13,"author":{"gitId":"keanneeee"},"content":"public class Storage {","lastModifiedDate":"2025-02-20","isFullCredit":false},{"lineNumber":14,"author":{"gitId":"keanneeee"},"content":"","lastModifiedDate":"2025-02-20","isFullCredit":false},{"lineNumber":15,"author":{"gitId":"keanneeee"},"content":"    public static void createFileDirectory () {","lastModifiedDate":"2025-02-20","isFullCredit":false},{"lineNumber":16,"author":{"gitId":"keanneeee"},"content":"        File directory \u003d new File(\"data\");","lastModifiedDate":"2025-02-20","isFullCredit":false},{"lineNumber":17,"author":{"gitId":"keanneeee"},"content":"        if (!directory.exists()) {","lastModifiedDate":"2025-02-20","isFullCredit":false},{"lineNumber":18,"author":{"gitId":"keanneeee"},"content":"            try {","lastModifiedDate":"2025-02-20","isFullCredit":false},{"lineNumber":19,"author":{"gitId":"keanneeee"},"content":"                directory.mkdirs(); // This will create the necessary directories","lastModifiedDate":"2025-02-20","isFullCredit":false},{"lineNumber":20,"author":{"gitId":"keanneeee"},"content":"            } catch (SecurityException e) {","lastModifiedDate":"2025-02-20","isFullCredit":false},{"lineNumber":21,"author":{"gitId":"keanneeee"},"content":"                System.out.println(\"Failed to create directory: \" + e.getMessage());","lastModifiedDate":"2025-02-20","isFullCredit":false},{"lineNumber":22,"author":{"gitId":"keanneeee"},"content":"            }","lastModifiedDate":"2025-02-20","isFullCredit":false},{"lineNumber":23,"author":{"gitId":"keanneeee"},"content":"        }","lastModifiedDate":"2025-02-20","isFullCredit":false},{"lineNumber":24,"author":{"gitId":"keanneeee"},"content":"    }","lastModifiedDate":"2025-02-20","isFullCredit":false},{"lineNumber":25,"author":{"gitId":"keanneeee"},"content":"","lastModifiedDate":"2025-02-20","isFullCredit":false},{"lineNumber":26,"author":{"gitId":"keanneeee"},"content":"    public static void createOrReadOutputFile () {","lastModifiedDate":"2025-02-20","isFullCredit":false},{"lineNumber":27,"author":{"gitId":"keanneeee"},"content":"","lastModifiedDate":"2025-02-20","isFullCredit":false},{"lineNumber":28,"author":{"gitId":"keanneeee"},"content":"        File f \u003d new File(\"data/output.txt\");","lastModifiedDate":"2025-02-20","isFullCredit":false},{"lineNumber":29,"author":{"gitId":"keanneeee"},"content":"        try {","lastModifiedDate":"2025-02-20","isFullCredit":false},{"lineNumber":30,"author":{"gitId":"keanneeee"},"content":"            readFile();","lastModifiedDate":"2025-02-20","isFullCredit":false},{"lineNumber":31,"author":{"gitId":"keanneeee"},"content":"        } catch (FileNotFoundException e) {","lastModifiedDate":"2025-02-20","isFullCredit":false},{"lineNumber":32,"author":{"gitId":"keanneeee"},"content":"            System.out.println(\"File not found\");","lastModifiedDate":"2025-02-20","isFullCredit":false},{"lineNumber":33,"author":{"gitId":"keanneeee"},"content":"        } catch (EmptyTodoException e) {","lastModifiedDate":"2025-02-20","isFullCredit":false},{"lineNumber":34,"author":{"gitId":"keanneeee"},"content":"            System.out.println(\"Todo task empty\");","lastModifiedDate":"2025-02-20","isFullCredit":false},{"lineNumber":35,"author":{"gitId":"keanneeee"},"content":"        } catch (CorruptedFileException e) {","lastModifiedDate":"2025-02-20","isFullCredit":false},{"lineNumber":36,"author":{"gitId":"keanneeee"},"content":"            System.out.println(\"Output.txt file format is wrong. File corrupted.\");","lastModifiedDate":"2025-02-20","isFullCredit":false},{"lineNumber":37,"author":{"gitId":"keanneeee"},"content":"        }","lastModifiedDate":"2025-02-20","isFullCredit":false},{"lineNumber":38,"author":{"gitId":"keanneeee"},"content":"    }","lastModifiedDate":"2025-02-20","isFullCredit":false},{"lineNumber":39,"author":{"gitId":"keanneeee"},"content":"","lastModifiedDate":"2025-02-20","isFullCredit":false},{"lineNumber":40,"author":{"gitId":"keanneeee"},"content":"    public static void readFile() throws FileNotFoundException, CorruptedFileException, EmptyTodoException {","lastModifiedDate":"2025-02-20","isFullCredit":false},{"lineNumber":41,"author":{"gitId":"keanneeee"},"content":"        //open file for reading","lastModifiedDate":"2025-02-20","isFullCredit":false},{"lineNumber":42,"author":{"gitId":"keanneeee"},"content":"        File f \u003d new File(\"data/output.txt\");","lastModifiedDate":"2025-02-20","isFullCredit":false},{"lineNumber":43,"author":{"gitId":"keanneeee"},"content":"        Scanner s \u003d new Scanner(f);","lastModifiedDate":"2025-02-20","isFullCredit":false},{"lineNumber":44,"author":{"gitId":"keanneeee"},"content":"        Task.initializeArray();","lastModifiedDate":"2025-02-20","isFullCredit":false},{"lineNumber":45,"author":{"gitId":"keanneeee"},"content":"        //iteration required so that programme knows which task to mark as done","lastModifiedDate":"2025-02-20","isFullCredit":false},{"lineNumber":46,"author":{"gitId":"keanneeee"},"content":"        int iteration \u003d 0;","lastModifiedDate":"2025-02-20","isFullCredit":false},{"lineNumber":47,"author":{"gitId":"keanneeee"},"content":"        while (s.hasNextLine()) {","lastModifiedDate":"2025-02-20","isFullCredit":false},{"lineNumber":48,"author":{"gitId":"keanneeee"},"content":"            String line \u003d s.nextLine();","lastModifiedDate":"2025-02-20","isFullCredit":false},{"lineNumber":49,"author":{"gitId":"keanneeee"},"content":"            // Process each line (splitting by \"|\", for example)","lastModifiedDate":"2025-02-20","isFullCredit":false},{"lineNumber":50,"author":{"gitId":"keanneeee"},"content":"            String[] parts \u003d line.split(\"\\\\|\"); // Split the line by \"|\"","lastModifiedDate":"2025-02-20","isFullCredit":false},{"lineNumber":51,"author":{"gitId":"keanneeee"},"content":"            if (parts.length \u003c 3 || parts.length \u003e 5 ) {","lastModifiedDate":"2025-02-20","isFullCredit":false},{"lineNumber":52,"author":{"gitId":"keanneeee"},"content":"                throw new CorruptedFileException();","lastModifiedDate":"2025-02-20","isFullCredit":false},{"lineNumber":53,"author":{"gitId":"keanneeee"},"content":"            }","lastModifiedDate":"2025-02-20","isFullCredit":false},{"lineNumber":54,"author":{"gitId":"keanneeee"},"content":"            processFileText(parts, iteration);","lastModifiedDate":"2025-02-20","isFullCredit":false},{"lineNumber":55,"author":{"gitId":"keanneeee"},"content":"            iteration++;","lastModifiedDate":"2025-02-20","isFullCredit":false},{"lineNumber":56,"author":{"gitId":"keanneeee"},"content":"        }","lastModifiedDate":"2025-02-20","isFullCredit":false},{"lineNumber":57,"author":{"gitId":"keanneeee"},"content":"        s.close();","lastModifiedDate":"2025-02-20","isFullCredit":false},{"lineNumber":58,"author":{"gitId":"keanneeee"},"content":"    }","lastModifiedDate":"2025-02-20","isFullCredit":false},{"lineNumber":59,"author":{"gitId":"keanneeee"},"content":"","lastModifiedDate":"2025-02-20","isFullCredit":false},{"lineNumber":60,"author":{"gitId":"keanneeee"},"content":"","lastModifiedDate":"2025-02-20","isFullCredit":false},{"lineNumber":61,"author":{"gitId":"keanneeee"},"content":"    public static void processFileText (String[] parts, int iteration) throws EmptyTodoException {","lastModifiedDate":"2025-02-20","isFullCredit":false},{"lineNumber":62,"author":{"gitId":"keanneeee"},"content":"        String command;","lastModifiedDate":"2025-02-20","isFullCredit":false},{"lineNumber":63,"author":{"gitId":"keanneeee"},"content":"        switch (parts[0].trim().charAt(0)) {","lastModifiedDate":"2025-02-20","isFullCredit":false},{"lineNumber":64,"author":{"gitId":"keanneeee"},"content":"        case \u0027T\u0027:","lastModifiedDate":"2025-02-20","isFullCredit":false},{"lineNumber":65,"author":{"gitId":"keanneeee"},"content":"            command \u003d \"todo \" + parts[2].trim();","lastModifiedDate":"2025-02-20","isFullCredit":false},{"lineNumber":66,"author":{"gitId":"keanneeee"},"content":"            Todo.addTodo(command);","lastModifiedDate":"2025-02-20","isFullCredit":false},{"lineNumber":67,"author":{"gitId":"keanneeee"},"content":"            break;","lastModifiedDate":"2025-02-20","isFullCredit":false},{"lineNumber":68,"author":{"gitId":"keanneeee"},"content":"        case \u0027D\u0027:","lastModifiedDate":"2025-02-20","isFullCredit":false},{"lineNumber":69,"author":{"gitId":"keanneeee"},"content":"            command \u003d \"deadline \" + parts[2].trim() + \" /by \" + parts[3].trim();","lastModifiedDate":"2025-02-20","isFullCredit":false},{"lineNumber":70,"author":{"gitId":"keanneeee"},"content":"            Deadline.addDeadline(command);","lastModifiedDate":"2025-02-20","isFullCredit":false},{"lineNumber":71,"author":{"gitId":"keanneeee"},"content":"            break;","lastModifiedDate":"2025-02-20","isFullCredit":false},{"lineNumber":72,"author":{"gitId":"keanneeee"},"content":"        case \u0027E\u0027:","lastModifiedDate":"2025-02-20","isFullCredit":false},{"lineNumber":73,"author":{"gitId":"keanneeee"},"content":"            command \u003d \"event \" + parts[2].trim() + \" /from \" + parts[3].trim() + \" /to \" + parts[4].trim();","lastModifiedDate":"2025-02-20","isFullCredit":false},{"lineNumber":74,"author":{"gitId":"keanneeee"},"content":"            Event.addEvent(command);","lastModifiedDate":"2025-02-20","isFullCredit":false},{"lineNumber":75,"author":{"gitId":"keanneeee"},"content":"            break;","lastModifiedDate":"2025-02-20","isFullCredit":false},{"lineNumber":76,"author":{"gitId":"keanneeee"},"content":"        }","lastModifiedDate":"2025-02-20","isFullCredit":false},{"lineNumber":77,"author":{"gitId":"keanneeee"},"content":"","lastModifiedDate":"2025-02-20","isFullCredit":false},{"lineNumber":78,"author":{"gitId":"keanneeee"},"content":"        if (parts[1].trim().equals(\"1\")) {","lastModifiedDate":"2025-02-20","isFullCredit":false},{"lineNumber":79,"author":{"gitId":"keanneeee"},"content":"            command \u003d \"mark \" + iteration + 1;","lastModifiedDate":"2025-02-20","isFullCredit":false},{"lineNumber":80,"author":{"gitId":"keanneeee"},"content":"            Task.modifyTaskTick(iteration + 1, command);","lastModifiedDate":"2025-02-20","isFullCredit":false},{"lineNumber":81,"author":{"gitId":"keanneeee"},"content":"        }","lastModifiedDate":"2025-02-20","isFullCredit":false},{"lineNumber":82,"author":{"gitId":"keanneeee"},"content":"    }","lastModifiedDate":"2025-02-20","isFullCredit":false},{"lineNumber":83,"author":{"gitId":"keanneeee"},"content":"}","lastModifiedDate":"2025-02-20","isFullCredit":false}],"authorContributionMap":{"keanneeee":83}},{"path":"src/main/java/chatbbg/chatBBG.java","fileType":"java","lines":[{"lineNumber":1,"author":{"gitId":"keanneeee"},"content":"package chatbbg;","lastModifiedDate":"2025-02-19","isFullCredit":false},{"lineNumber":2,"author":{"gitId":"keanneeee"},"content":"","lastModifiedDate":"2025-02-20","isFullCredit":false},{"lineNumber":3,"author":{"gitId":"keanneeee"},"content":"import java.io.IOException;","lastModifiedDate":"2025-02-20","isFullCredit":false},{"lineNumber":4,"author":{"gitId":"keanneeee"},"content":"","lastModifiedDate":"2025-02-20","isFullCredit":false},{"lineNumber":5,"author":{"gitId":"keanneeee"},"content":"import chatbbg.tasktypes.Task;","lastModifiedDate":"2025-02-20","isFullCredit":false},{"lineNumber":6,"author":{"gitId":"keanneeee"},"content":"","lastModifiedDate":"2025-02-20","isFullCredit":false},{"lineNumber":7,"author":{"gitId":"keanneeee"},"content":"public class chatBBG {","lastModifiedDate":"2025-02-10","isFullCredit":false},{"lineNumber":8,"author":{"gitId":"keanneeee"},"content":"","lastModifiedDate":"2025-02-10","isFullCredit":false},{"lineNumber":9,"author":{"gitId":"keanneeee"},"content":"    public static void main(String[] args) {","lastModifiedDate":"2025-02-10","isFullCredit":false},{"lineNumber":10,"author":{"gitId":"keanneeee"},"content":"        Storage.createFileDirectory();","lastModifiedDate":"2025-02-20","isFullCredit":false},{"lineNumber":11,"author":{"gitId":"keanneeee"},"content":"        Storage.createOrReadOutputFile();","lastModifiedDate":"2025-02-20","isFullCredit":false},{"lineNumber":12,"author":{"gitId":"keanneeee"},"content":"        printWelcomeMessage();","lastModifiedDate":"2025-02-10","isFullCredit":false},{"lineNumber":13,"author":{"gitId":"keanneeee"},"content":"        if(Task.totalTasks \u003d\u003d 0) {","lastModifiedDate":"2025-02-20","isFullCredit":false},{"lineNumber":14,"author":{"gitId":"keanneeee"},"content":"            Task.initializeArray();","lastModifiedDate":"2025-02-20","isFullCredit":false},{"lineNumber":15,"author":{"gitId":"keanneeee"},"content":"        }","lastModifiedDate":"2025-02-20","isFullCredit":false},{"lineNumber":16,"author":{"gitId":"keanneeee"},"content":"        Functions.readUserInput();","lastModifiedDate":"2025-02-10","isFullCredit":false},{"lineNumber":17,"author":{"gitId":"keanneeee"},"content":"    }","lastModifiedDate":"2025-02-10","isFullCredit":false},{"lineNumber":18,"author":{"gitId":"keanneeee"},"content":"","lastModifiedDate":"2025-02-10","isFullCredit":false},{"lineNumber":19,"author":{"gitId":"keanneeee"},"content":"    public static void printWelcomeMessage() {","lastModifiedDate":"2025-02-10","isFullCredit":false},{"lineNumber":20,"author":{"gitId":"keanneeee"},"content":"        System.out.println(\"I\u0027m JOI\");","lastModifiedDate":"2025-02-10","isFullCredit":false},{"lineNumber":21,"author":{"gitId":"keanneeee"},"content":"        System.out.println(\"You look lonely, I can fix that\");","lastModifiedDate":"2025-02-10","isFullCredit":false},{"lineNumber":22,"author":{"gitId":"keanneeee"},"content":"    }","lastModifiedDate":"2025-02-10","isFullCredit":false},{"lineNumber":23,"author":{"gitId":"keanneeee"},"content":"","lastModifiedDate":"2025-02-10","isFullCredit":false},{"lineNumber":24,"author":{"gitId":"keanneeee"},"content":"    public static void goodbye(){","lastModifiedDate":"2025-02-10","isFullCredit":false},{"lineNumber":25,"author":{"gitId":"keanneeee"},"content":"        System.out.println(\"Shutting down...\");","lastModifiedDate":"2025-02-10","isFullCredit":false},{"lineNumber":26,"author":{"gitId":"keanneeee"},"content":"        try {","lastModifiedDate":"2025-02-20","isFullCredit":false},{"lineNumber":27,"author":{"gitId":"keanneeee"},"content":"            System.out.println(\"Saving tasks to file...\");","lastModifiedDate":"2025-02-20","isFullCredit":false},{"lineNumber":28,"author":{"gitId":"keanneeee"},"content":"            Task.writeToFile();","lastModifiedDate":"2025-02-20","isFullCredit":false},{"lineNumber":29,"author":{"gitId":"keanneeee"},"content":"            System.out.println(\"Tasks saved successfully\");","lastModifiedDate":"2025-02-20","isFullCredit":false},{"lineNumber":30,"author":{"gitId":"keanneeee"},"content":"        } catch (IOException e) {","lastModifiedDate":"2025-02-20","isFullCredit":false},{"lineNumber":31,"author":{"gitId":"keanneeee"},"content":"            System.out.println(\"Error writing to file\" + e.getMessage());","lastModifiedDate":"2025-02-20","isFullCredit":false},{"lineNumber":32,"author":{"gitId":"keanneeee"},"content":"        }","lastModifiedDate":"2025-02-20","isFullCredit":false},{"lineNumber":33,"author":{"gitId":"keanneeee"},"content":"    }","lastModifiedDate":"2025-02-10","isFullCredit":false},{"lineNumber":34,"author":{"gitId":"keanneeee"},"content":"}","lastModifiedDate":"2025-02-10","isFullCredit":false}],"authorContributionMap":{"keanneeee":34}},{"path":"src/main/java/chatbbg/tasktypes/Deadline.java","fileType":"java","lines":[{"lineNumber":1,"author":{"gitId":"keanneeee"},"content":"package chatbbg.tasktypes;","lastModifiedDate":"2025-02-19","isFullCredit":false},{"lineNumber":2,"author":{"gitId":"keanneeee"},"content":"import Exceptions.IllegalDeadlineInput;","lastModifiedDate":"2025-02-19","isFullCredit":false},{"lineNumber":3,"author":{"gitId":"keanneeee"},"content":"import chatbbg.Extractor;","lastModifiedDate":"2025-02-19","isFullCredit":false},{"lineNumber":4,"author":{"gitId":"keanneeee"},"content":"","lastModifiedDate":"2025-02-19","isFullCredit":false},{"lineNumber":5,"author":{"gitId":"keanneeee"},"content":"public class Deadline extends Task {","lastModifiedDate":"2025-02-12","isFullCredit":false},{"lineNumber":6,"author":{"gitId":"keanneeee"},"content":"    protected String by;","lastModifiedDate":"2025-02-12","isFullCredit":false},{"lineNumber":7,"author":{"gitId":"keanneeee"},"content":"","lastModifiedDate":"2025-02-12","isFullCredit":false},{"lineNumber":8,"author":{"gitId":"keanneeee"},"content":"    public Deadline(String desc, String end) {","lastModifiedDate":"2025-02-13","isFullCredit":false},{"lineNumber":9,"author":{"gitId":"keanneeee"},"content":"        super(desc);","lastModifiedDate":"2025-02-12","isFullCredit":false},{"lineNumber":10,"author":{"gitId":"keanneeee"},"content":"        this.by \u003d end;","lastModifiedDate":"2025-02-13","isFullCredit":false},{"lineNumber":11,"author":{"gitId":"keanneeee"},"content":"        this.type \u003d \"[D]\";","lastModifiedDate":"2025-02-13","isFullCredit":false},{"lineNumber":12,"author":{"gitId":"keanneeee"},"content":"    }","lastModifiedDate":"2025-02-12","isFullCredit":false},{"lineNumber":13,"author":{"gitId":"keanneeee"},"content":"","lastModifiedDate":"2025-02-12","isFullCredit":false},{"lineNumber":14,"author":{"gitId":"keanneeee"},"content":"","lastModifiedDate":"2025-02-12","isFullCredit":false},{"lineNumber":15,"author":{"gitId":"keanneeee"},"content":"    public String getBy() {","lastModifiedDate":"2025-02-12","isFullCredit":false},{"lineNumber":16,"author":{"gitId":"keanneeee"},"content":"        return by;","lastModifiedDate":"2025-02-12","isFullCredit":false},{"lineNumber":17,"author":{"gitId":"keanneeee"},"content":"    }","lastModifiedDate":"2025-02-12","isFullCredit":false},{"lineNumber":18,"author":{"gitId":"keanneeee"},"content":"","lastModifiedDate":"2025-02-12","isFullCredit":false},{"lineNumber":19,"author":{"gitId":"keanneeee"},"content":"    public static void printDeadline(String deadline, String end){","lastModifiedDate":"2025-02-13","isFullCredit":false},{"lineNumber":20,"author":{"gitId":"keanneeee"},"content":"        System.out.println(\"gotchu x, this DEADLINE task was added to the list:\");","lastModifiedDate":"2025-02-13","isFullCredit":false},{"lineNumber":21,"author":{"gitId":"keanneeee"},"content":"        System.out.println(\"[D][ ]\" + deadline + \"(by: \" + end + \")\");","lastModifiedDate":"2025-02-13","isFullCredit":false},{"lineNumber":22,"author":{"gitId":"keanneeee"},"content":"        System.out.println(\"anything else?\");","lastModifiedDate":"2025-02-12","isFullCredit":false},{"lineNumber":23,"author":{"gitId":"keanneeee"},"content":"    }","lastModifiedDate":"2025-02-12","isFullCredit":false},{"lineNumber":24,"author":{"gitId":"keanneeee"},"content":"","lastModifiedDate":"2025-02-13","isFullCredit":false},{"lineNumber":25,"author":{"gitId":"keanneeee"},"content":"    public String toString(){","lastModifiedDate":"2025-02-13","isFullCredit":false},{"lineNumber":26,"author":{"gitId":"keanneeee"},"content":"        return type + super.toString().trim() + \"(by: \" + by + \")\";","lastModifiedDate":"2025-02-13","isFullCredit":false},{"lineNumber":27,"author":{"gitId":"keanneeee"},"content":"    }","lastModifiedDate":"2025-02-13","isFullCredit":false},{"lineNumber":28,"author":{"gitId":"keanneeee"},"content":"","lastModifiedDate":"2025-02-13","isFullCredit":false},{"lineNumber":29,"author":{"gitId":"keanneeee"},"content":"    public static void addDeadline(String input){","lastModifiedDate":"2025-02-13","isFullCredit":false},{"lineNumber":30,"author":{"gitId":"keanneeee"},"content":"        try {","lastModifiedDate":"2025-02-19","isFullCredit":false},{"lineNumber":31,"author":{"gitId":"keanneeee"},"content":"            String description \u003d Extractor.extractTaskNameDeadline(input);","lastModifiedDate":"2025-02-13","isFullCredit":false},{"lineNumber":32,"author":{"gitId":"keanneeee"},"content":"            String end \u003d Extractor.extractTaskDeadline(input);","lastModifiedDate":"2025-02-13","isFullCredit":false},{"lineNumber":33,"author":{"gitId":"keanneeee"},"content":"            Task.tasks.add(new Deadline(description, end));","lastModifiedDate":"2025-02-20","isFullCredit":false},{"lineNumber":34,"author":{"gitId":"keanneeee"},"content":"            Task.totalTasks++;","lastModifiedDate":"2025-02-13","isFullCredit":false},{"lineNumber":35,"author":{"gitId":"keanneeee"},"content":"            Deadline.printDeadline(description, end);","lastModifiedDate":"2025-02-13","isFullCredit":false},{"lineNumber":36,"author":{"gitId":"keanneeee"},"content":"        } catch (IllegalDeadlineInput e){","lastModifiedDate":"2025-02-19","isFullCredit":false},{"lineNumber":37,"author":{"gitId":"keanneeee"},"content":"            System.out.println(\"Invalid Input for Deadline. Ensure that format follows \" +","lastModifiedDate":"2025-02-19","isFullCredit":false},{"lineNumber":38,"author":{"gitId":"keanneeee"},"content":"                    \"deadline [task] [/by]\");","lastModifiedDate":"2025-02-19","isFullCredit":false},{"lineNumber":39,"author":{"gitId":"keanneeee"},"content":"        }","lastModifiedDate":"2025-02-19","isFullCredit":false},{"lineNumber":40,"author":{"gitId":"keanneeee"},"content":"    }","lastModifiedDate":"2025-02-13","isFullCredit":false},{"lineNumber":41,"author":{"gitId":"keanneeee"},"content":"}","lastModifiedDate":"2025-02-10","isFullCredit":false}],"authorContributionMap":{"keanneeee":41}},{"path":"src/main/java/chatbbg/tasktypes/Event.java","fileType":"java","lines":[{"lineNumber":1,"author":{"gitId":"keanneeee"},"content":"package chatbbg.tasktypes;","lastModifiedDate":"2025-02-19","isFullCredit":false},{"lineNumber":2,"author":{"gitId":"keanneeee"},"content":"import chatbbg.Extractor;","lastModifiedDate":"2025-02-19","isFullCredit":false},{"lineNumber":3,"author":{"gitId":"keanneeee"},"content":"import Exceptions.IllegalEventInput;","lastModifiedDate":"2025-02-19","isFullCredit":false},{"lineNumber":4,"author":{"gitId":"keanneeee"},"content":"public class Event extends Task{","lastModifiedDate":"2025-02-13","isFullCredit":false},{"lineNumber":5,"author":{"gitId":"keanneeee"},"content":"","lastModifiedDate":"2025-02-13","isFullCredit":false},{"lineNumber":6,"author":{"gitId":"keanneeee"},"content":"    protected String start;","lastModifiedDate":"2025-02-13","isFullCredit":false},{"lineNumber":7,"author":{"gitId":"keanneeee"},"content":"    protected String end;","lastModifiedDate":"2025-02-13","isFullCredit":false},{"lineNumber":8,"author":{"gitId":"keanneeee"},"content":"","lastModifiedDate":"2025-02-13","isFullCredit":false},{"lineNumber":9,"author":{"gitId":"keanneeee"},"content":"    public Event(String desc, String start, String end) {","lastModifiedDate":"2025-02-13","isFullCredit":false},{"lineNumber":10,"author":{"gitId":"keanneeee"},"content":"        super(desc);","lastModifiedDate":"2025-02-13","isFullCredit":false},{"lineNumber":11,"author":{"gitId":"keanneeee"},"content":"        this.start \u003d start;","lastModifiedDate":"2025-02-13","isFullCredit":false},{"lineNumber":12,"author":{"gitId":"keanneeee"},"content":"        this.end \u003d end;","lastModifiedDate":"2025-02-13","isFullCredit":false},{"lineNumber":13,"author":{"gitId":"keanneeee"},"content":"        this.type \u003d \"[E]\";","lastModifiedDate":"2025-02-13","isFullCredit":false},{"lineNumber":14,"author":{"gitId":"keanneeee"},"content":"    }","lastModifiedDate":"2025-02-13","isFullCredit":false},{"lineNumber":15,"author":{"gitId":"keanneeee"},"content":"","lastModifiedDate":"2025-02-13","isFullCredit":false},{"lineNumber":16,"author":{"gitId":"keanneeee"},"content":"    public String getStart() {","lastModifiedDate":"2025-02-13","isFullCredit":false},{"lineNumber":17,"author":{"gitId":"keanneeee"},"content":"        return start;","lastModifiedDate":"2025-02-13","isFullCredit":false},{"lineNumber":18,"author":{"gitId":"keanneeee"},"content":"    }","lastModifiedDate":"2025-02-13","isFullCredit":false},{"lineNumber":19,"author":{"gitId":"keanneeee"},"content":"","lastModifiedDate":"2025-02-13","isFullCredit":false},{"lineNumber":20,"author":{"gitId":"keanneeee"},"content":"    public String getEnd() {","lastModifiedDate":"2025-02-13","isFullCredit":false},{"lineNumber":21,"author":{"gitId":"keanneeee"},"content":"        return end;","lastModifiedDate":"2025-02-13","isFullCredit":false},{"lineNumber":22,"author":{"gitId":"keanneeee"},"content":"    }","lastModifiedDate":"2025-02-13","isFullCredit":false},{"lineNumber":23,"author":{"gitId":"keanneeee"},"content":"","lastModifiedDate":"2025-02-13","isFullCredit":false},{"lineNumber":24,"author":{"gitId":"keanneeee"},"content":"    public static void printEvent(String Event, String start, String end){","lastModifiedDate":"2025-02-13","isFullCredit":false},{"lineNumber":25,"author":{"gitId":"keanneeee"},"content":"        System.out.println(\"gotchu x, this EVENT task was added to the list:\");","lastModifiedDate":"2025-02-13","isFullCredit":false},{"lineNumber":26,"author":{"gitId":"keanneeee"},"content":"        System.out.println(\"[E][ ] \" + Event + \"(from: \" + start + \" to \" + end + \")\");","lastModifiedDate":"2025-02-13","isFullCredit":false},{"lineNumber":27,"author":{"gitId":"keanneeee"},"content":"        System.out.println(\"anything else?\");","lastModifiedDate":"2025-02-13","isFullCredit":false},{"lineNumber":28,"author":{"gitId":"keanneeee"},"content":"    }","lastModifiedDate":"2025-02-13","isFullCredit":false},{"lineNumber":29,"author":{"gitId":"keanneeee"},"content":"","lastModifiedDate":"2025-02-13","isFullCredit":false},{"lineNumber":30,"author":{"gitId":"keanneeee"},"content":"    public String toString(){","lastModifiedDate":"2025-02-13","isFullCredit":false},{"lineNumber":31,"author":{"gitId":"keanneeee"},"content":"        return type + super.toString().trim() + \"(from: \" + start + \" to \" + end + \")\";","lastModifiedDate":"2025-02-13","isFullCredit":false},{"lineNumber":32,"author":{"gitId":"keanneeee"},"content":"    }","lastModifiedDate":"2025-02-13","isFullCredit":false},{"lineNumber":33,"author":{"gitId":"keanneeee"},"content":"","lastModifiedDate":"2025-02-13","isFullCredit":false},{"lineNumber":34,"author":{"gitId":"keanneeee"},"content":"    public static void addEvent(String input){","lastModifiedDate":"2025-02-13","isFullCredit":false},{"lineNumber":35,"author":{"gitId":"keanneeee"},"content":"        try {","lastModifiedDate":"2025-02-19","isFullCredit":false},{"lineNumber":36,"author":{"gitId":"keanneeee"},"content":"            String description \u003d Extractor.extractTaskNameEvent(input);","lastModifiedDate":"2025-02-13","isFullCredit":false},{"lineNumber":37,"author":{"gitId":"keanneeee"},"content":"            String start \u003d Extractor.extractTaskEventStart(input);","lastModifiedDate":"2025-02-13","isFullCredit":false},{"lineNumber":38,"author":{"gitId":"keanneeee"},"content":"            String end \u003d Extractor.extractTaskEventEnd(input);","lastModifiedDate":"2025-02-13","isFullCredit":false},{"lineNumber":39,"author":{"gitId":"keanneeee"},"content":"            Task.tasks.add(new Event(description, start, end));","lastModifiedDate":"2025-02-20","isFullCredit":false},{"lineNumber":40,"author":{"gitId":"keanneeee"},"content":"            Task.totalTasks++;","lastModifiedDate":"2025-02-13","isFullCredit":false},{"lineNumber":41,"author":{"gitId":"keanneeee"},"content":"            Event.printEvent(description, start, end);","lastModifiedDate":"2025-02-13","isFullCredit":false},{"lineNumber":42,"author":{"gitId":"keanneeee"},"content":"        } catch (IllegalEventInput e) {","lastModifiedDate":"2025-02-19","isFullCredit":false},{"lineNumber":43,"author":{"gitId":"keanneeee"},"content":"            System.out.println(\"Invalid Input for Event. Ensure that format follows \" +","lastModifiedDate":"2025-02-19","isFullCredit":false},{"lineNumber":44,"author":{"gitId":"keanneeee"},"content":"            \"event [task] [/from] [/to]\");","lastModifiedDate":"2025-02-19","isFullCredit":false},{"lineNumber":45,"author":{"gitId":"keanneeee"},"content":"        }","lastModifiedDate":"2025-02-19","isFullCredit":false},{"lineNumber":46,"author":{"gitId":"keanneeee"},"content":"    }","lastModifiedDate":"2025-02-13","isFullCredit":false},{"lineNumber":47,"author":{"gitId":"keanneeee"},"content":"}","lastModifiedDate":"2025-02-13","isFullCredit":false}],"authorContributionMap":{"keanneeee":47}},{"path":"src/main/java/chatbbg/tasktypes/Task.java","fileType":"java","lines":[{"lineNumber":1,"author":{"gitId":"keanneeee"},"content":"package chatbbg.tasktypes;","lastModifiedDate":"2025-02-19","isFullCredit":false},{"lineNumber":2,"author":{"gitId":"keanneeee"},"content":"import java.io.File;","lastModifiedDate":"2025-02-20","isFullCredit":false},{"lineNumber":3,"author":{"gitId":"keanneeee"},"content":"import java.util.ArrayList;","lastModifiedDate":"2025-02-20","isFullCredit":false},{"lineNumber":4,"author":{"gitId":"keanneeee"},"content":"import java.util.List;","lastModifiedDate":"2025-02-20","isFullCredit":false},{"lineNumber":5,"author":{"gitId":"keanneeee"},"content":"import Exceptions.noTaskNum;","lastModifiedDate":"2025-02-19","isFullCredit":false},{"lineNumber":6,"author":{"gitId":"keanneeee"},"content":"import java.io.FileWriter;","lastModifiedDate":"2025-02-20","isFullCredit":false},{"lineNumber":7,"author":{"gitId":"keanneeee"},"content":"import java.io.IOException;","lastModifiedDate":"2025-02-20","isFullCredit":false},{"lineNumber":8,"author":{"gitId":"keanneeee"},"content":"","lastModifiedDate":"2025-02-10","isFullCredit":false},{"lineNumber":9,"author":{"gitId":"keanneeee"},"content":"public class Task {","lastModifiedDate":"2025-02-10","isFullCredit":false},{"lineNumber":10,"author":{"gitId":"keanneeee"},"content":"    protected static ArrayList\u003cTask\u003e tasks; //stores objects of type Task","lastModifiedDate":"2025-02-20","isFullCredit":false},{"lineNumber":11,"author":{"gitId":"keanneeee"},"content":"    //protected static Task[] tasks \u003d new Task[100];","lastModifiedDate":"2025-02-20","isFullCredit":false},{"lineNumber":12,"author":{"gitId":"keanneeee"},"content":"    public static int totalTasks \u003d 0;","lastModifiedDate":"2025-02-13","isFullCredit":false},{"lineNumber":13,"author":{"gitId":"keanneeee"},"content":"    protected String desc;","lastModifiedDate":"2025-02-10","isFullCredit":false},{"lineNumber":14,"author":{"gitId":"keanneeee"},"content":"    protected static boolean isDone;","lastModifiedDate":"2025-02-13","isFullCredit":false},{"lineNumber":15,"author":{"gitId":"keanneeee"},"content":"    protected String type;","lastModifiedDate":"2025-02-10","isFullCredit":false},{"lineNumber":16,"author":{"gitId":"keanneeee"},"content":"","lastModifiedDate":"2025-02-10","isFullCredit":false},{"lineNumber":17,"author":{"gitId":"keanneeee"},"content":"    public static void initializeArray() {","lastModifiedDate":"2025-02-20","isFullCredit":false},{"lineNumber":18,"author":{"gitId":"keanneeee"},"content":"        tasks \u003d new ArrayList\u003c\u003e();","lastModifiedDate":"2025-02-20","isFullCredit":false},{"lineNumber":19,"author":{"gitId":"keanneeee"},"content":"    }","lastModifiedDate":"2025-02-20","isFullCredit":false},{"lineNumber":20,"author":{"gitId":"keanneeee"},"content":"","lastModifiedDate":"2025-02-10","isFullCredit":false},{"lineNumber":21,"author":{"gitId":"keanneeee"},"content":"    public Task(String desc) {","lastModifiedDate":"2025-02-10","isFullCredit":false},{"lineNumber":22,"author":{"gitId":"keanneeee"},"content":"        this.desc \u003d desc;","lastModifiedDate":"2025-02-10","isFullCredit":false},{"lineNumber":23,"author":{"gitId":"keanneeee"},"content":"        isDone \u003d false;","lastModifiedDate":"2025-02-10","isFullCredit":false},{"lineNumber":24,"author":{"gitId":"keanneeee"},"content":"        //this.type \u003d \"T\";","lastModifiedDate":"2025-02-10","isFullCredit":false},{"lineNumber":25,"author":{"gitId":"keanneeee"},"content":"    }","lastModifiedDate":"2025-02-10","isFullCredit":false},{"lineNumber":26,"author":{"gitId":"keanneeee"},"content":"","lastModifiedDate":"2025-02-10","isFullCredit":false},{"lineNumber":27,"author":{"gitId":"keanneeee"},"content":"    public static String getMark() {","lastModifiedDate":"2025-02-13","isFullCredit":false},{"lineNumber":28,"author":{"gitId":"keanneeee"},"content":"        return isDone ? \"X\" : \" \";","lastModifiedDate":"2025-02-10","isFullCredit":false},{"lineNumber":29,"author":{"gitId":"keanneeee"},"content":"    }","lastModifiedDate":"2025-02-10","isFullCredit":false},{"lineNumber":30,"author":{"gitId":"keanneeee"},"content":"","lastModifiedDate":"2025-02-10","isFullCredit":false},{"lineNumber":31,"author":{"gitId":"keanneeee"},"content":"    public static void printTasks() {","lastModifiedDate":"2025-02-10","isFullCredit":false},{"lineNumber":32,"author":{"gitId":"keanneeee"},"content":"        System.out.println(\"here are your tasks: \");","lastModifiedDate":"2025-02-12","isFullCredit":false},{"lineNumber":33,"author":{"gitId":"keanneeee"},"content":"        int index \u003d 1;","lastModifiedDate":"2025-02-12","isFullCredit":false},{"lineNumber":34,"author":{"gitId":"keanneeee"},"content":"        for (int i \u003d 0; i \u003c totalTasks; i++) {","lastModifiedDate":"2025-02-12","isFullCredit":false},{"lineNumber":35,"author":{"gitId":"keanneeee"},"content":"            System.out.println(index + \". \" + tasks.get(i).toString());","lastModifiedDate":"2025-02-20","isFullCredit":false},{"lineNumber":36,"author":{"gitId":"keanneeee"},"content":"            index++;","lastModifiedDate":"2025-02-12","isFullCredit":false},{"lineNumber":37,"author":{"gitId":"keanneeee"},"content":"        }","lastModifiedDate":"2025-02-10","isFullCredit":false},{"lineNumber":38,"author":{"gitId":"keanneeee"},"content":"    }","lastModifiedDate":"2025-02-10","isFullCredit":false},{"lineNumber":39,"author":{"gitId":"keanneeee"},"content":"","lastModifiedDate":"2025-02-10","isFullCredit":false},{"lineNumber":40,"author":{"gitId":"keanneeee"},"content":"    public static void modifyTaskTick(int index, String line) throws IndexOutOfBoundsException {","lastModifiedDate":"2025-02-19","isFullCredit":false},{"lineNumber":41,"author":{"gitId":"keanneeee"},"content":"","lastModifiedDate":"2025-02-20","isFullCredit":false},{"lineNumber":42,"author":{"gitId":"keanneeee"},"content":"        if (line.startsWith(\"mark\")) {","lastModifiedDate":"2025-02-12","isFullCredit":false},{"lineNumber":43,"author":{"gitId":"keanneeee"},"content":"            tasks.get(index).isDone \u003d true;","lastModifiedDate":"2025-02-20","isFullCredit":false},{"lineNumber":44,"author":{"gitId":"keanneeee"},"content":"            printMarked(index, line);","lastModifiedDate":"2025-02-13","isFullCredit":false},{"lineNumber":45,"author":{"gitId":"keanneeee"},"content":"        } else if (line.startsWith(\"unmark\")) {","lastModifiedDate":"2025-02-13","isFullCredit":false},{"lineNumber":46,"author":{"gitId":"keanneeee"},"content":"            tasks.get(index).isDone \u003d false;","lastModifiedDate":"2025-02-20","isFullCredit":false},{"lineNumber":47,"author":{"gitId":"keanneeee"},"content":"            printMarked(index, line);","lastModifiedDate":"2025-02-12","isFullCredit":false},{"lineNumber":48,"author":{"gitId":"keanneeee"},"content":"        } else if (line.startsWith(\"delete\")) {","lastModifiedDate":"2025-02-13","isFullCredit":false},{"lineNumber":49,"author":{"gitId":"keanneeee"},"content":"            if (totalTasks \u003c index) {","lastModifiedDate":"2025-02-20","isFullCredit":false},{"lineNumber":50,"author":{"gitId":"keanneeee"},"content":"                throw new IndexOutOfBoundsException();","lastModifiedDate":"2025-02-19","isFullCredit":false},{"lineNumber":51,"author":{"gitId":"keanneeee"},"content":"            } else {","lastModifiedDate":"2025-02-20","isFullCredit":false},{"lineNumber":52,"author":{"gitId":"keanneeee"},"content":"                printDelete(index);","lastModifiedDate":"2025-02-20","isFullCredit":false},{"lineNumber":53,"author":{"gitId":"keanneeee"},"content":"            }","lastModifiedDate":"2025-02-20","isFullCredit":false},{"lineNumber":54,"author":{"gitId":"keanneeee"},"content":"        }","lastModifiedDate":"2025-02-12","isFullCredit":false},{"lineNumber":55,"author":{"gitId":"keanneeee"},"content":"    }","lastModifiedDate":"2025-02-12","isFullCredit":false},{"lineNumber":56,"author":{"gitId":"keanneeee"},"content":"","lastModifiedDate":"2025-02-10","isFullCredit":false},{"lineNumber":57,"author":{"gitId":"keanneeee"},"content":"    public static void printDelete(int index) {","lastModifiedDate":"2025-02-20","isFullCredit":false},{"lineNumber":58,"author":{"gitId":"keanneeee"},"content":"        System.out.println(\"deleted it for ya :)\");","lastModifiedDate":"2025-02-13","isFullCredit":false},{"lineNumber":59,"author":{"gitId":"keanneeee"},"content":"        System.out.println(tasks.get(index).toString());","lastModifiedDate":"2025-02-20","isFullCredit":false},{"lineNumber":60,"author":{"gitId":"keanneeee"},"content":"        tasks.remove(index);","lastModifiedDate":"2025-02-20","isFullCredit":false},{"lineNumber":61,"author":{"gitId":"keanneeee"},"content":"        totalTasks--;","lastModifiedDate":"2025-02-13","isFullCredit":false},{"lineNumber":62,"author":{"gitId":"keanneeee"},"content":"        System.out.println(\"Now there are \" + totalTasks + \" tasks in the list.\");","lastModifiedDate":"2025-02-20","isFullCredit":false},{"lineNumber":63,"author":{"gitId":"keanneeee"},"content":"    }","lastModifiedDate":"2025-02-12","isFullCredit":false},{"lineNumber":64,"author":{"gitId":"keanneeee"},"content":"","lastModifiedDate":"2025-02-10","isFullCredit":false},{"lineNumber":65,"author":{"gitId":"keanneeee"},"content":"    public static void printMarked(int index, String line) {","lastModifiedDate":"2025-02-12","isFullCredit":false},{"lineNumber":66,"author":{"gitId":"keanneeee"},"content":"        if (line.startsWith(\"mark\")) {","lastModifiedDate":"2025-02-12","isFullCredit":false},{"lineNumber":67,"author":{"gitId":"keanneeee"},"content":"            System.out.println(\"marked it for ya \u003c3\");","lastModifiedDate":"2025-02-12","isFullCredit":false},{"lineNumber":68,"author":{"gitId":"keanneeee"},"content":"            System.out.println(tasks.get(index).toString());","lastModifiedDate":"2025-02-20","isFullCredit":false},{"lineNumber":69,"author":{"gitId":"keanneeee"},"content":"        } else if (line.startsWith(\"unmark\")) {","lastModifiedDate":"2025-02-13","isFullCredit":false},{"lineNumber":70,"author":{"gitId":"keanneeee"},"content":"            System.out.println(\"unmarked it for ya ;)\");","lastModifiedDate":"2025-02-12","isFullCredit":false},{"lineNumber":71,"author":{"gitId":"keanneeee"},"content":"            System.out.println(tasks.get(index).toString());","lastModifiedDate":"2025-02-20","isFullCredit":false},{"lineNumber":72,"author":{"gitId":"keanneeee"},"content":"        }","lastModifiedDate":"2025-02-12","isFullCredit":false},{"lineNumber":73,"author":{"gitId":"keanneeee"},"content":"    }","lastModifiedDate":"2025-02-12","isFullCredit":false},{"lineNumber":74,"author":{"gitId":"keanneeee"},"content":"","lastModifiedDate":"2025-02-12","isFullCredit":false},{"lineNumber":75,"author":{"gitId":"keanneeee"},"content":"    public String toString() {","lastModifiedDate":"2025-02-12","isFullCredit":false},{"lineNumber":76,"author":{"gitId":"keanneeee"},"content":"        return (\"[\" + getMark() + \"] \" + desc);","lastModifiedDate":"2025-02-12","isFullCredit":false},{"lineNumber":77,"author":{"gitId":"keanneeee"},"content":"    }","lastModifiedDate":"2025-02-12","isFullCredit":false},{"lineNumber":78,"author":{"gitId":"keanneeee"},"content":"    ","lastModifiedDate":"2025-02-20","isFullCredit":false},{"lineNumber":79,"author":{"gitId":"keanneeee"},"content":"    public static void writeToFile() throws IOException {","lastModifiedDate":"2025-02-20","isFullCredit":false},{"lineNumber":80,"author":{"gitId":"keanneeee"},"content":"        File file \u003d new File(\"data/output.txt\");","lastModifiedDate":"2025-02-20","isFullCredit":false},{"lineNumber":81,"author":{"gitId":"keanneeee"},"content":"        file.getParentFile().mkdirs(); // Ensure directory exists","lastModifiedDate":"2025-02-20","isFullCredit":false},{"lineNumber":82,"author":{"gitId":"keanneeee"},"content":"","lastModifiedDate":"2025-02-20","isFullCredit":false},{"lineNumber":83,"author":{"gitId":"keanneeee"},"content":"        try (FileWriter fw \u003d new FileWriter(file)) {","lastModifiedDate":"2025-02-20","isFullCredit":false},{"lineNumber":84,"author":{"gitId":"keanneeee"},"content":"            for (int i \u003d 0; i \u003c totalTasks; i++) {","lastModifiedDate":"2025-02-20","isFullCredit":false},{"lineNumber":85,"author":{"gitId":"keanneeee"},"content":"                String taskType \u003d tasks.get(i).type;","lastModifiedDate":"2025-02-20","isFullCredit":false},{"lineNumber":86,"author":{"gitId":"keanneeee"},"content":"                int isMark \u003d tasks.get(i).isDone ? 1 : 0;","lastModifiedDate":"2025-02-20","isFullCredit":false},{"lineNumber":87,"author":{"gitId":"keanneeee"},"content":"","lastModifiedDate":"2025-02-20","isFullCredit":false},{"lineNumber":88,"author":{"gitId":"keanneeee"},"content":"                switch (taskType) {","lastModifiedDate":"2025-02-20","isFullCredit":false},{"lineNumber":89,"author":{"gitId":"keanneeee"},"content":"                case \"[T]\":","lastModifiedDate":"2025-02-20","isFullCredit":false},{"lineNumber":90,"author":{"gitId":"keanneeee"},"content":"                    fw.write(\"T | \" + isMark + \" | \" + tasks.get(i).desc);","lastModifiedDate":"2025-02-20","isFullCredit":false},{"lineNumber":91,"author":{"gitId":"keanneeee"},"content":"                    break;","lastModifiedDate":"2025-02-20","isFullCredit":false},{"lineNumber":92,"author":{"gitId":"keanneeee"},"content":"                case \"[D]\":","lastModifiedDate":"2025-02-20","isFullCredit":false},{"lineNumber":93,"author":{"gitId":"keanneeee"},"content":"                    Deadline deadline \u003d (Deadline) tasks.get(i);","lastModifiedDate":"2025-02-20","isFullCredit":false},{"lineNumber":94,"author":{"gitId":"keanneeee"},"content":"                    fw.write(\"D | \" + isMark + \" | \" + tasks.get(i).desc + \" | \" + deadline.getBy());","lastModifiedDate":"2025-02-20","isFullCredit":false},{"lineNumber":95,"author":{"gitId":"keanneeee"},"content":"                    break;","lastModifiedDate":"2025-02-20","isFullCredit":false},{"lineNumber":96,"author":{"gitId":"keanneeee"},"content":"                case \"[E]\":","lastModifiedDate":"2025-02-20","isFullCredit":false},{"lineNumber":97,"author":{"gitId":"keanneeee"},"content":"                    Event event \u003d (Event) tasks.get(i);","lastModifiedDate":"2025-02-20","isFullCredit":false},{"lineNumber":98,"author":{"gitId":"keanneeee"},"content":"                    fw.write(\"E | \" + isMark + \" | \" + tasks.get(i).desc + \" | \" + event.getStart() + \" | \" + event.getEnd());","lastModifiedDate":"2025-02-20","isFullCredit":false},{"lineNumber":99,"author":{"gitId":"keanneeee"},"content":"                    break;","lastModifiedDate":"2025-02-20","isFullCredit":false},{"lineNumber":100,"author":{"gitId":"keanneeee"},"content":"                }","lastModifiedDate":"2025-02-20","isFullCredit":false},{"lineNumber":101,"author":{"gitId":"keanneeee"},"content":"                fw.write(System.lineSeparator());","lastModifiedDate":"2025-02-20","isFullCredit":false},{"lineNumber":102,"author":{"gitId":"keanneeee"},"content":"            }","lastModifiedDate":"2025-02-20","isFullCredit":false},{"lineNumber":103,"author":{"gitId":"keanneeee"},"content":"        }","lastModifiedDate":"2025-02-20","isFullCredit":false},{"lineNumber":104,"author":{"gitId":"keanneeee"},"content":"    }","lastModifiedDate":"2025-02-20","isFullCredit":false},{"lineNumber":105,"author":{"gitId":"keanneeee"},"content":"","lastModifiedDate":"2025-02-20","isFullCredit":false},{"lineNumber":106,"author":{"gitId":"keanneeee"},"content":"}","lastModifiedDate":"2025-02-10","isFullCredit":false}],"authorContributionMap":{"keanneeee":106}},{"path":"src/main/java/chatbbg/tasktypes/Todo.java","fileType":"java","lines":[{"lineNumber":1,"author":{"gitId":"keanneeee"},"content":"package chatbbg.tasktypes;","lastModifiedDate":"2025-02-19","isFullCredit":false},{"lineNumber":2,"author":{"gitId":"keanneeee"},"content":"import java.lang.Exception;","lastModifiedDate":"2025-02-19","isFullCredit":false},{"lineNumber":3,"author":{"gitId":"keanneeee"},"content":"import chatbbg.Extractor;","lastModifiedDate":"2025-02-19","isFullCredit":false},{"lineNumber":4,"author":{"gitId":"keanneeee"},"content":"import Exceptions.EmptyTodoException;","lastModifiedDate":"2025-02-19","isFullCredit":false},{"lineNumber":5,"author":{"gitId":"keanneeee"},"content":"","lastModifiedDate":"2025-02-18","isFullCredit":false},{"lineNumber":6,"author":{"gitId":"keanneeee"},"content":"public class Todo extends Task {","lastModifiedDate":"2025-02-13","isFullCredit":false},{"lineNumber":7,"author":{"gitId":"keanneeee"},"content":"    public Todo (String desc) {","lastModifiedDate":"2025-02-13","isFullCredit":false},{"lineNumber":8,"author":{"gitId":"keanneeee"},"content":"        super(desc);","lastModifiedDate":"2025-02-13","isFullCredit":false},{"lineNumber":9,"author":{"gitId":"keanneeee"},"content":"        this.type \u003d \"[T]\";","lastModifiedDate":"2025-02-13","isFullCredit":false},{"lineNumber":10,"author":{"gitId":"keanneeee"},"content":"    }","lastModifiedDate":"2025-02-13","isFullCredit":false},{"lineNumber":11,"author":{"gitId":"keanneeee"},"content":"","lastModifiedDate":"2025-02-13","isFullCredit":false},{"lineNumber":12,"author":{"gitId":"keanneeee"},"content":"    public String getType() {","lastModifiedDate":"2025-02-13","isFullCredit":false},{"lineNumber":13,"author":{"gitId":"keanneeee"},"content":"        return type;","lastModifiedDate":"2025-02-13","isFullCredit":false},{"lineNumber":14,"author":{"gitId":"keanneeee"},"content":"    }","lastModifiedDate":"2025-02-13","isFullCredit":false},{"lineNumber":15,"author":{"gitId":"keanneeee"},"content":"","lastModifiedDate":"2025-02-13","isFullCredit":false},{"lineNumber":16,"author":{"gitId":"keanneeee"},"content":"    public static void printTodo (String todo){","lastModifiedDate":"2025-02-13","isFullCredit":false},{"lineNumber":17,"author":{"gitId":"keanneeee"},"content":"        System.out.println(\"got you x, this TODO task was added to the list: \");","lastModifiedDate":"2025-02-19","isFullCredit":false},{"lineNumber":18,"author":{"gitId":"keanneeee"},"content":"        System.out.println(\"[T][ ] \" + todo);","lastModifiedDate":"2025-02-13","isFullCredit":false},{"lineNumber":19,"author":{"gitId":"keanneeee"},"content":"        System.out.println(\"anything else?\");","lastModifiedDate":"2025-02-13","isFullCredit":false},{"lineNumber":20,"author":{"gitId":"keanneeee"},"content":"    }","lastModifiedDate":"2025-02-13","isFullCredit":false},{"lineNumber":21,"author":{"gitId":"keanneeee"},"content":"","lastModifiedDate":"2025-02-13","isFullCredit":false},{"lineNumber":22,"author":{"gitId":"keanneeee"},"content":"    public String toString(){","lastModifiedDate":"2025-02-13","isFullCredit":false},{"lineNumber":23,"author":{"gitId":"keanneeee"},"content":"        return type + super.toString();","lastModifiedDate":"2025-02-13","isFullCredit":false},{"lineNumber":24,"author":{"gitId":"keanneeee"},"content":"    }","lastModifiedDate":"2025-02-13","isFullCredit":false},{"lineNumber":25,"author":{"gitId":"keanneeee"},"content":"","lastModifiedDate":"2025-02-13","isFullCredit":false},{"lineNumber":26,"author":{"gitId":"keanneeee"},"content":"    public static void addTodo (String input) throws EmptyTodoException {","lastModifiedDate":"2025-02-19","isFullCredit":false},{"lineNumber":27,"author":{"gitId":"keanneeee"},"content":"        String description \u003d input.substring(\"todo\".length()).trim();","lastModifiedDate":"2025-02-13","isFullCredit":false},{"lineNumber":28,"author":{"gitId":"keanneeee"},"content":"        if (description.isEmpty()) {","lastModifiedDate":"2025-02-19","isFullCredit":false},{"lineNumber":29,"author":{"gitId":"keanneeee"},"content":"            throw new EmptyTodoException();","lastModifiedDate":"2025-02-19","isFullCredit":false},{"lineNumber":30,"author":{"gitId":"keanneeee"},"content":"        }","lastModifiedDate":"2025-02-19","isFullCredit":false},{"lineNumber":31,"author":{"gitId":"keanneeee"},"content":"        Task.tasks.add(new Todo(description));","lastModifiedDate":"2025-02-20","isFullCredit":false},{"lineNumber":32,"author":{"gitId":"keanneeee"},"content":"        Task.totalTasks++;","lastModifiedDate":"2025-02-13","isFullCredit":false},{"lineNumber":33,"author":{"gitId":"keanneeee"},"content":"        Todo.printTodo(Task.tasks.get(totalTasks - 1).desc);","lastModifiedDate":"2025-02-20","isFullCredit":false},{"lineNumber":34,"author":{"gitId":"keanneeee"},"content":"    }","lastModifiedDate":"2025-02-13","isFullCredit":false},{"lineNumber":35,"author":{"gitId":"keanneeee"},"content":"}","lastModifiedDate":"2025-02-10","isFullCredit":false}],"authorContributionMap":{"keanneeee":35}}]
