{"authorDailyContributionsMap":{"Travissssz":[{"date":"2025-01-26","commitResults":[{"hash":"c6978452e00bc658a4a60af1050b7df3be8e8c19","isMergeCommit":false,"messageTitle":"Rename, greet and exit","messageBody":"","tags":["Level-0"],"fileTypesAndContributionMap":{"java":{"insertions":9,"deletions":10}}}]},{"date":"2025-01-28","commitResults":[{"hash":"2dcb22e368843fa8dfcb0252f5e4d533647379c1","isMergeCommit":false,"messageTitle":"Add lineBetweenText and Echo methods","messageBody":"","tags":["Level-1"],"fileTypesAndContributionMap":{"java":{"insertions":30,"deletions":3}}}]},{"date":"2025-01-29","commitResults":[{"hash":"73f6670fe656c3f824e902821189edf0fed5df2b","isMergeCommit":false,"messageTitle":"Added \u0027add\u0027 and \u0027list","messageBody":"","tags":["Level-2"],"fileTypesAndContributionMap":{"java":{"insertions":27,"deletions":1}}},{"hash":"bdce6814d8bd13c06f560dacb63e101e9b1ca6ab","isMergeCommit":false,"messageTitle":"Modified printList method to include sout when list is empty","messageBody":"","fileTypesAndContributionMap":{"java":{"insertions":13,"deletions":9}}},{"hash":"d7ae912795caf0b3f1035d54c434c23a17e080a5","isMergeCommit":false,"messageTitle":"Added Task.java class","messageBody":"","fileTypesAndContributionMap":{"java":{"insertions":40,"deletions":0}}},{"hash":"948d020c9f451dfc8d6accbc5c72b505f2beead6","isMergeCommit":false,"messageTitle":"Update code to use ArrayList instead of just Array","messageBody":"","tags":["Level-2.1","Level--2.1"],"fileTypesAndContributionMap":{"java":{"insertions":10,"deletions":11}}},{"hash":"d3e64693246ede8a524a65af8fee560fe612b446","isMergeCommit":false,"messageTitle":"Mark as Done completed","messageBody":"","tags":["Level-3"],"fileTypesAndContributionMap":{"java":{"insertions":29,"deletions":0}}},{"hash":"8bf69683db2ca2797ede3731d17af2a56872e3de","isMergeCommit":false,"messageTitle":"Added comments and changed names to fit A-CodingStandard","messageBody":"","tags":["A-CodingStandard"],"fileTypesAndContributionMap":{"java":{"insertions":73,"deletions":61}}}]},{"date":"2025-02-06","commitResults":[{"hash":"2a3188104849b4ce63f22e4c19f242d02614d189","isMergeCommit":false,"messageTitle":"Change Echo() from if else statements to switch cases","messageBody":"","fileTypesAndContributionMap":{"java":{"insertions":22,"deletions":25}}},{"hash":"5988e7c2cb212b42c557aaea43c15a7fcf83cc01","isMergeCommit":false,"messageTitle":"add printBye() method","messageBody":"","fileTypesAndContributionMap":{"java":{"insertions":8,"deletions":4}}},{"hash":"53a28ffc38b540bd97e9416371ba23b3dae29b81","isMergeCommit":false,"messageTitle":"Change printBye() to printByeMessage(), added printWelcomeMessage() method, renamed echo() to interactWithUser","messageBody":"","fileTypesAndContributionMap":{"java":{"insertions":11,"deletions":7}}}]},{"date":"2025-02-07","commitResults":[{"hash":"81723c0d609b66faa0911b90a225b27ea79b067f","isMergeCommit":false,"messageTitle":"added taskcounter variable, case \"todo\" and  printToDoTaskMessage() method","messageBody":"","fileTypesAndContributionMap":{"java":{"insertions":21,"deletions":1}}}]},{"date":"2025-02-08","commitResults":[{"hash":"318ac2bd9fd657ab42044d6c4c14f841f374d401","isMergeCommit":false,"messageTitle":"added deadline class","messageBody":"","fileTypesAndContributionMap":{"java":{"insertions":12,"deletions":0}}},{"hash":"668a68a415396cf4d36b409df773ee5413ce787f","isMergeCommit":false,"messageTitle":"added error detection for todo and added case for deadline","messageBody":"","fileTypesAndContributionMap":{"java":{"insertions":33,"deletions":11}}},{"hash":"8f2144becad752f22dc703fb6eeacf6b81383fa1","isMergeCommit":false,"messageTitle":"added event class","messageBody":"","fileTypesAndContributionMap":{"java":{"insertions":14,"deletions":0}}},{"hash":"71ab54e8c3d5b3f8bf574571387eb4f30a384c22","isMergeCommit":false,"messageTitle":"add event case and relevant methods","messageBody":"","fileTypesAndContributionMap":{"java":{"insertions":22,"deletions":0}}}]},{"date":"2025-02-09","commitResults":[{"hash":"3817ab27682ea8049d1ebefd604ad24b56fd3685","isMergeCommit":false,"messageTitle":"Added error message for deadline, todo and event.","messageBody":"","tags":["Level-4","A-inheritance"],"fileTypesAndContributionMap":{"java":{"insertions":4,"deletions":5}}}]},{"date":"2025-02-10","commitResults":[{"hash":"0699f08b4ef10c3840b9e1646a9ef628e3996c75","isMergeCommit":false,"messageTitle":"update the path in runtest.sh and ran test","messageBody":"","tags":["A-TextUiTesting"],"fileTypesAndContributionMap":{"txt":{"insertions":8,"deletions":0},"sh":{"insertions":1,"deletions":1}}},{"hash":"565492d45145003e61785a4fa6a8fd190f8ec0b8","isMergeCommit":false,"messageTitle":"no message","messageBody":"","fileTypesAndContributionMap":{"java":{"insertions":24,"deletions":12}}}]}]},"authorFileTypeContributionMap":{"Travissssz":{"java":252,"md":0,"fxml":0,"sh":1,"bat":0,"gradle":0,"txt":8}},"authorContributionVariance":{"Travissssz":2605.4844},"authorDisplayNameMap":{"Travissssz":"TRAV..ARAN"}}
