{"authorDailyContributionsMap":{"JinbaoAlex":[{"date":"2025-02-06","commitResults":[{"hash":"288af6dbf1b8792fe943858a66c9602e4b32ffae","isMergeCommit":false,"messageTitle":"Level-0","messageBody":"","tags":["Level-0"],"fileTypesAndContributionMap":{"java":{"insertions":11,"deletions":10}}},{"hash":"df3b9c38aba15d8c26389605de2e2717bd7d3ca2","isMergeCommit":false,"messageTitle":"Level-1 Echo","messageBody":"","tags":["Level-1"],"fileTypesAndContributionMap":{"java":{"insertions":23,"deletions":7}}},{"hash":"2477cf43f5e77d2c0d7460d458cbcce89a7f6e36","isMergeCommit":false,"messageTitle":"Level-2 Added ability to store whatever text entered by the user and display them back to the user when requested","messageBody":"","tags":["Level-2"],"fileTypesAndContributionMap":{"java":{"insertions":37,"deletions":8}}}]},{"date":"2025-02-07","commitResults":[{"hash":"55f740f38bdd457fe41721371364893ee51a7a96","isMergeCommit":false,"messageTitle":"Level-3 and A-Classes  Added the ability to mark tasks as done, the ability to change the status back to not done, and Task class","messageBody":"","tags":["Level-3"],"fileTypesAndContributionMap":{"java":{"insertions":68,"deletions":34}}},{"hash":"8b981b34b703c1fcdf741df107a5a9a31bda92f3","isMergeCommit":false,"messageTitle":"Level-3 and A-Classes  Added the ability to mark tasks as done, the ability to change the status back to not done, and Task class","messageBody":"","tags":["A-CodingStandard"],"fileTypesAndContributionMap":{"java":{"insertions":5,"deletions":7}}},{"hash":"dc2fcfeadf2cbffd9e09881d97bcbb0cf71a3263","isMergeCommit":false,"messageTitle":"Level-4 Add support for tracking todos, deadlines, and events as tasks","messageBody":"","tags":["Level-4"],"fileTypesAndContributionMap":{"java":{"insertions":76,"deletions":2}}},{"hash":"9067561fa77357f39aaf606cdf31513386bf20c2","isMergeCommit":false,"messageTitle":"improved code quality, added tags to past commits","messageBody":"","tags":["A-CodeQuality"],"fileTypesAndContributionMap":{"java":{"insertions":99,"deletions":56}}}]},{"date":"2025-02-14","commitResults":[{"hash":"95b59f44aec7c9fa90e307aba4bd459538206ca1","isMergeCommit":false,"messageTitle":"A-Exceptions Added exception handling for mark and unmark commands","messageBody":"","tags":["A-Exceptions"],"fileTypesAndContributionMap":{"java":{"insertions":28,"deletions":15}}},{"hash":"ed07bac9c086abe46562acc706da72644867b904","isMergeCommit":false,"messageTitle":"Level-5 Handling errors in mark/unmark and todo/deadline/event","messageBody":"","tags":["Level-5"],"fileTypesAndContributionMap":{"java":{"insertions":65,"deletions":23}}},{"hash":"fa886f8de36838a982a194322808dc7b75bc6de3","isMergeCommit":true,"messageTitle":"Merge branch \u0027branch-Level-5\u0027","messageBody":"","fileTypesAndContributionMap":{}}]},{"date":"2025-02-20","commitResults":[{"hash":"02d80d23d5c3d565787373240c151e2810a92a9c","isMergeCommit":false,"messageTitle":"Level-6 added delete command","messageBody":"","fileTypesAndContributionMap":{"java":{"insertions":34,"deletions":11}}}]},{"date":"2025-02-21","commitResults":[{"hash":"fe957b7233999109ab71fcc15259acc339378354","isMergeCommit":false,"messageTitle":"Level-7 added ability to save and load data","messageBody":"","fileTypesAndContributionMap":{"java":{"insertions":125,"deletions":19}}},{"hash":"79479497421ecf3ead2f820f951b7ff09a11f925","isMergeCommit":true,"messageTitle":"Merge branch \u0027branch-Level-6\u0027","messageBody":"","tags":["Level-6","A-Collections"],"fileTypesAndContributionMap":{}},{"hash":"cb13a7e0c29cf759272665a943ddea87c2189d5b","isMergeCommit":true,"messageTitle":"Merge branch \u0027branch-Level-7\u0027","messageBody":"# Conflicts:\n#\tsrc/main/java/Volkov.java\n","tags":["Level-7","A-Jar"],"fileTypesAndContributionMap":{}}]},{"date":"2025-02-22","commitResults":[{"hash":"ab17569f190860ebbfb55667f07ca8b24aa2c5bd","isMergeCommit":false,"messageTitle":"FIxed mistakes in delete and save commands","messageBody":"","fileTypesAndContributionMap":{"java":{"insertions":3,"deletions":3}}}]},{"date":"2025-03-13","commitResults":[{"hash":"83911f6536b2fc80a65754e9fca6684bae42780f","isMergeCommit":false,"messageTitle":"A-MoreOOP Refactor code for oop with Ui, Storage, Parser, Tasklist, and Commands classes","messageBody":"","tags":["A-MoreOOP"],"fileTypesAndContributionMap":{"java":{"insertions":443,"deletions":282}}},{"hash":"b90a9f5fdda5e95d7c3cc84c2c300c9dee9bddea","isMergeCommit":false,"messageTitle":"Level-8 Date and Times","messageBody":"","tags":["Level-8"],"fileTypesAndContributionMap":{"java":{"insertions":37,"deletions":2}}},{"hash":"c2a95b177b5f8ddbec22826da53ebb53fbd03951","isMergeCommit":false,"messageTitle":"Level-9 Added find feature","messageBody":"","tags":["Level-9"],"fileTypesAndContributionMap":{"java":{"insertions":30,"deletions":0}}}]},{"date":"2025-03-14","commitResults":[{"hash":"fca55c57e90927eb3bc42deb196b79f91051615c","isMergeCommit":false,"messageTitle":"A-JavaDoc Added JavaDoc comments for most methods and classes","messageBody":"","tags":["A-JavaDoc"],"fileTypesAndContributionMap":{"java":{"insertions":278,"deletions":3}}},{"hash":"e57287659c4ee04108b50e874eca851ea2757cc8","isMergeCommit":true,"messageTitle":"Merge pull request #1 from JinbaoAlex/branch-Level-8","messageBody":"Level-8 Date and Times","fileTypesAndContributionMap":{}},{"hash":"2be662aec36a4595bac3b05408bafb08caca0f67","isMergeCommit":true,"messageTitle":"Merge pull request #2 from JinbaoAlex/branch-Level-9","messageBody":"Level-9 Added find feature","fileTypesAndContributionMap":{}},{"hash":"be5243344ea23ed083ccb5fe6353b7f867ca00de","isMergeCommit":true,"messageTitle":"Merge branch \u0027master\u0027 of https://github.com/JinbaoAlex/ip","messageBody":"","fileTypesAndContributionMap":{}},{"hash":"ea6a27504258070981b1201956a90948f9c95843","isMergeCommit":true,"messageTitle":"Merge branch \u0027branch-A-JavaDoc\u0027","messageBody":"# Conflicts:\n#\tsrc/main/java/Task.java\n","fileTypesAndContributionMap":{}},{"hash":"7e2666d746d0f1753f1840b1431023de864a0192","isMergeCommit":false,"messageTitle":"Added more javadoc comments","messageBody":"","fileTypesAndContributionMap":{"java":{"insertions":31,"deletions":0}}},{"hash":"ace02c74a8f74e212a2390fe9465f2435fa63640","isMergeCommit":false,"messageTitle":"added some additional exception handling","messageBody":"","fileTypesAndContributionMap":{"java":{"insertions":3,"deletions":3}}}]}]},"authorFileTypeContributionMap":{"JinbaoAlex":{"java":920,"md":0,"fxml":0,"sh":0,"bat":0,"gradle":0,"txt":0}},"authorContributionVariance":{"JinbaoAlex":13216.553},"authorDisplayNameMap":{"JinbaoAlex":"CS2113-F14-2 ALEX.. BAO"}}
