[{"path":"README.md","fileType":"md","lines":[{"lineNumber":1,"author":{"gitId":"xyanjun02"},"content":"# BOB project template","lastModifiedDate":"2025-01-24","isFullCredit":false},{"lineNumber":2,"author":{"gitId":"-"},"content":"","lastModifiedDate":"2020-05-25","isFullCredit":false},{"lineNumber":3,"author":{"gitId":"-"},"content":"This is a project template for a greenfield Java project. It\u0027s named after the Java mascot _Duke_. Given below are instructions on how to use it.","lastModifiedDate":"2020-05-25","isFullCredit":false},{"lineNumber":4,"author":{"gitId":"-"},"content":"","lastModifiedDate":"2020-05-25","isFullCredit":false},{"lineNumber":5,"author":{"gitId":"-"},"content":"## Setting up in Intellij","lastModifiedDate":"2020-05-25","isFullCredit":false},{"lineNumber":6,"author":{"gitId":"-"},"content":"","lastModifiedDate":"2020-05-25","isFullCredit":false},{"lineNumber":7,"author":{"gitId":"-"},"content":"Prerequisites: JDK 17, update Intellij to the most recent version.","lastModifiedDate":"2024-07-11","isFullCredit":false},{"lineNumber":8,"author":{"gitId":"-"},"content":"","lastModifiedDate":"2020-05-25","isFullCredit":false},{"lineNumber":9,"author":{"gitId":"-"},"content":"1. Open Intellij (if you are not in the welcome screen, click `File` \u003e `Close Project` to close the existing project first)","lastModifiedDate":"2021-01-17","isFullCredit":false},{"lineNumber":10,"author":{"gitId":"-"},"content":"1. Open the project into Intellij as follows:","lastModifiedDate":"2021-01-17","isFullCredit":false},{"lineNumber":11,"author":{"gitId":"-"},"content":"   1. Click `Open`.","lastModifiedDate":"2021-01-17","isFullCredit":false},{"lineNumber":12,"author":{"gitId":"-"},"content":"   1. Select the project directory, and click `OK`.","lastModifiedDate":"2021-01-17","isFullCredit":false},{"lineNumber":13,"author":{"gitId":"-"},"content":"   1. If there are any further prompts, accept the defaults.","lastModifiedDate":"2020-05-25","isFullCredit":false},{"lineNumber":14,"author":{"gitId":"-"},"content":"1. Configure the project to use **JDK 17** (not other versions) as explained in [here](https://www.jetbrains.com/help/idea/sdk.html#set-up-jdk).\u003cbr\u003e","lastModifiedDate":"2024-07-11","isFullCredit":false},{"lineNumber":15,"author":{"gitId":"-"},"content":"   In the same dialog, set the **Project language level** field to the `SDK default` option.","lastModifiedDate":"2021-07-29","isFullCredit":false},{"lineNumber":16,"author":{"gitId":"xyanjun02"},"content":"1. After that, locate the `src/main/java/BOB.java` file, right-click it, and choose `Run BOB.main()` (if the code editor is showing compile errors, try restarting the IDE). If the setup is correct, you should see something like the below as the output:","lastModifiedDate":"2025-01-24","isFullCredit":false},{"lineNumber":17,"author":{"gitId":"-"},"content":"   ```","lastModifiedDate":"2020-05-25","isFullCredit":false},{"lineNumber":18,"author":{"gitId":"-"},"content":"   Hello from","lastModifiedDate":"2020-05-25","isFullCredit":false},{"lineNumber":19,"author":{"gitId":"-"},"content":"    ____        _        ","lastModifiedDate":"2020-05-25","isFullCredit":false},{"lineNumber":20,"author":{"gitId":"-"},"content":"   |  _ \\ _   _| | _____ ","lastModifiedDate":"2020-05-25","isFullCredit":false},{"lineNumber":21,"author":{"gitId":"-"},"content":"   | | | | | | | |/ / _ \\","lastModifiedDate":"2020-05-25","isFullCredit":false},{"lineNumber":22,"author":{"gitId":"-"},"content":"   | |_| | |_| |   \u003c  __/","lastModifiedDate":"2020-05-25","isFullCredit":false},{"lineNumber":23,"author":{"gitId":"-"},"content":"   |____/ \\__,_|_|\\_\\___|","lastModifiedDate":"2020-05-25","isFullCredit":false},{"lineNumber":24,"author":{"gitId":"-"},"content":"   ```","lastModifiedDate":"2020-05-25","isFullCredit":false},{"lineNumber":25,"author":{"gitId":"-"},"content":"","lastModifiedDate":"2025-01-04","isFullCredit":false},{"lineNumber":26,"author":{"gitId":"-"},"content":"**Warning:** Keep the `src\\main\\java` folder as the root folder for Java files (i.e., don\u0027t rename those folders or move Java files to another folder outside of this folder path), as this is the default location some tools (e.g., Gradle) expect to find Java files.","lastModifiedDate":"2025-01-04","isFullCredit":false}],"authorContributionMap":{"xyanjun02":2,"-":24}},{"path":"data/bob.txt","fileType":"txt","lines":[{"lineNumber":1,"author":{"gitId":"xyanjun02"},"content":"T | 0 | read","lastModifiedDate":"2025-02-21","isFullCredit":false}],"authorContributionMap":{"xyanjun02":1}},{"path":"docs/README.md","fileType":"md","lines":[{"lineNumber":1,"author":{"gitId":"xyanjun02"},"content":"# BOB User Guide","lastModifiedDate":"2025-01-24","isFullCredit":false},{"lineNumber":2,"author":{"gitId":"-"},"content":"","lastModifiedDate":"2019-07-29","isFullCredit":false},{"lineNumber":3,"author":{"gitId":"-"},"content":"// Update the title above to match the actual product name","lastModifiedDate":"2024-01-07","isFullCredit":false},{"lineNumber":4,"author":{"gitId":"-"},"content":"","lastModifiedDate":"2019-07-29","isFullCredit":false},{"lineNumber":5,"author":{"gitId":"-"},"content":"// Product screenshot goes here","lastModifiedDate":"2024-01-07","isFullCredit":false},{"lineNumber":6,"author":{"gitId":"-"},"content":"","lastModifiedDate":"2021-07-17","isFullCredit":false},{"lineNumber":7,"author":{"gitId":"-"},"content":"// Product intro goes here","lastModifiedDate":"2024-01-07","isFullCredit":false},{"lineNumber":8,"author":{"gitId":"-"},"content":"","lastModifiedDate":"2021-07-17","isFullCredit":false},{"lineNumber":9,"author":{"gitId":"-"},"content":"## Adding deadlines","lastModifiedDate":"2024-01-07","isFullCredit":false},{"lineNumber":10,"author":{"gitId":"-"},"content":"","lastModifiedDate":"2021-07-17","isFullCredit":false},{"lineNumber":11,"author":{"gitId":"-"},"content":"// Describe the action and its outcome.","lastModifiedDate":"2024-01-07","isFullCredit":false},{"lineNumber":12,"author":{"gitId":"-"},"content":"","lastModifiedDate":"2019-07-29","isFullCredit":false},{"lineNumber":13,"author":{"gitId":"-"},"content":"// Give examples of usage","lastModifiedDate":"2024-01-07","isFullCredit":false},{"lineNumber":14,"author":{"gitId":"-"},"content":"","lastModifiedDate":"2019-07-29","isFullCredit":false},{"lineNumber":15,"author":{"gitId":"-"},"content":"Example: `keyword (optional arguments)`","lastModifiedDate":"2024-01-07","isFullCredit":false},{"lineNumber":16,"author":{"gitId":"-"},"content":"","lastModifiedDate":"2019-07-29","isFullCredit":false},{"lineNumber":17,"author":{"gitId":"-"},"content":"// A description of the expected outcome goes here","lastModifiedDate":"2024-01-07","isFullCredit":false},{"lineNumber":18,"author":{"gitId":"-"},"content":"","lastModifiedDate":"2019-07-29","isFullCredit":false},{"lineNumber":19,"author":{"gitId":"-"},"content":"```","lastModifiedDate":"2024-01-07","isFullCredit":false},{"lineNumber":20,"author":{"gitId":"-"},"content":"expected output","lastModifiedDate":"2024-01-07","isFullCredit":false},{"lineNumber":21,"author":{"gitId":"-"},"content":"```","lastModifiedDate":"2024-01-07","isFullCredit":false},{"lineNumber":22,"author":{"gitId":"-"},"content":"","lastModifiedDate":"2019-07-29","isFullCredit":false},{"lineNumber":23,"author":{"gitId":"-"},"content":"## Feature ABC","lastModifiedDate":"2024-01-07","isFullCredit":false},{"lineNumber":24,"author":{"gitId":"-"},"content":"","lastModifiedDate":"2019-07-29","isFullCredit":false},{"lineNumber":25,"author":{"gitId":"-"},"content":"// Feature details","lastModifiedDate":"2024-01-07","isFullCredit":false},{"lineNumber":26,"author":{"gitId":"-"},"content":"","lastModifiedDate":"2019-07-29","isFullCredit":false},{"lineNumber":27,"author":{"gitId":"-"},"content":"","lastModifiedDate":"2021-07-17","isFullCredit":false},{"lineNumber":28,"author":{"gitId":"-"},"content":"## Feature XYZ","lastModifiedDate":"2024-01-07","isFullCredit":false},{"lineNumber":29,"author":{"gitId":"-"},"content":"","lastModifiedDate":"2024-01-07","isFullCredit":false},{"lineNumber":30,"author":{"gitId":"-"},"content":"// Feature details","lastModifiedDate":"2024-01-07","isFullCredit":false}],"authorContributionMap":{"xyanjun02":1,"-":29}},{"path":"src/main/java/Bob.java","fileType":"java","lines":[{"lineNumber":1,"author":{"gitId":"xyanjun02"},"content":"import java.util.ArrayList;","lastModifiedDate":"2025-02-21","isFullCredit":false},{"lineNumber":2,"author":{"gitId":"xyanjun02"},"content":"import java.util.Scanner;","lastModifiedDate":"2025-02-03","isFullCredit":false},{"lineNumber":3,"author":{"gitId":"xyanjun02"},"content":"","lastModifiedDate":"2025-02-03","isFullCredit":false},{"lineNumber":4,"author":{"gitId":"xyanjun02"},"content":"public class Bob {","lastModifiedDate":"2025-02-07","isFullCredit":false},{"lineNumber":5,"author":{"gitId":"xyanjun02"},"content":"    private static final ArrayList\u003cTask\u003e tasks \u003d new ArrayList\u003c\u003e();  // ✅ Changed to ArrayList","lastModifiedDate":"2025-02-21","isFullCredit":false},{"lineNumber":6,"author":{"gitId":"xyanjun02"},"content":"    private static final Scanner scanner \u003d new Scanner(System.in);","lastModifiedDate":"2025-02-04","isFullCredit":false},{"lineNumber":7,"author":{"gitId":"xyanjun02"},"content":"","lastModifiedDate":"2025-02-03","isFullCredit":false},{"lineNumber":8,"author":{"gitId":"xyanjun02"},"content":"    public static void main(String[] args) {","lastModifiedDate":"2025-02-04","isFullCredit":false},{"lineNumber":9,"author":{"gitId":"xyanjun02"},"content":"        tasks.addAll(Storage.loadTasks());  // ✅ Load tasks from file at startup","lastModifiedDate":"2025-02-21","isFullCredit":false},{"lineNumber":10,"author":{"gitId":"xyanjun02"},"content":"","lastModifiedDate":"2025-02-21","isFullCredit":false},{"lineNumber":11,"author":{"gitId":"xyanjun02"},"content":"        printDivider();","lastModifiedDate":"2025-02-04","isFullCredit":false},{"lineNumber":12,"author":{"gitId":"xyanjun02"},"content":"        System.out.println(\" Hello! I\u0027m BOB\");","lastModifiedDate":"2025-01-24","isFullCredit":false},{"lineNumber":13,"author":{"gitId":"xyanjun02"},"content":"        System.out.println(\" What can I do for you? 😀\");","lastModifiedDate":"2025-02-04","isFullCredit":false},{"lineNumber":14,"author":{"gitId":"xyanjun02"},"content":"        printDivider();","lastModifiedDate":"2025-02-04","isFullCredit":false},{"lineNumber":15,"author":{"gitId":"xyanjun02"},"content":"","lastModifiedDate":"2025-02-03","isFullCredit":false},{"lineNumber":16,"author":{"gitId":"xyanjun02"},"content":"        while (true) {","lastModifiedDate":"2025-02-03","isFullCredit":false},{"lineNumber":17,"author":{"gitId":"xyanjun02"},"content":"            try {","lastModifiedDate":"2025-02-13","isFullCredit":false},{"lineNumber":18,"author":{"gitId":"xyanjun02"},"content":"                String input \u003d scanner.nextLine().trim();","lastModifiedDate":"2025-02-04","isFullCredit":false},{"lineNumber":19,"author":{"gitId":"xyanjun02"},"content":"                if (input.isEmpty()) {","lastModifiedDate":"2025-02-13","isFullCredit":false},{"lineNumber":20,"author":{"gitId":"xyanjun02"},"content":"                    throw new BobException(\" Input cannot be empty. Please enter a command.\");","lastModifiedDate":"2025-02-13","isFullCredit":false},{"lineNumber":21,"author":{"gitId":"xyanjun02"},"content":"                }","lastModifiedDate":"2025-02-13","isFullCredit":false},{"lineNumber":22,"author":{"gitId":"xyanjun02"},"content":"","lastModifiedDate":"2025-02-13","isFullCredit":false},{"lineNumber":23,"author":{"gitId":"xyanjun02"},"content":"                String[] parts \u003d input.split(\" \", 2);","lastModifiedDate":"2025-02-04","isFullCredit":false},{"lineNumber":24,"author":{"gitId":"xyanjun02"},"content":"                String command \u003d parts[0].toLowerCase();","lastModifiedDate":"2025-02-07","isFullCredit":false},{"lineNumber":25,"author":{"gitId":"xyanjun02"},"content":"","lastModifiedDate":"2025-02-03","isFullCredit":false},{"lineNumber":26,"author":{"gitId":"xyanjun02"},"content":"                switch (command) {","lastModifiedDate":"2025-02-07","isFullCredit":false},{"lineNumber":27,"author":{"gitId":"xyanjun02"},"content":"                    case \"bye\":","lastModifiedDate":"2025-02-07","isFullCredit":false},{"lineNumber":28,"author":{"gitId":"xyanjun02"},"content":"                        printGoodbyeMessage();","lastModifiedDate":"2025-02-04","isFullCredit":false},{"lineNumber":29,"author":{"gitId":"xyanjun02"},"content":"                        scanner.close();","lastModifiedDate":"2025-02-07","isFullCredit":false},{"lineNumber":30,"author":{"gitId":"xyanjun02"},"content":"                        return;","lastModifiedDate":"2025-02-07","isFullCredit":false},{"lineNumber":31,"author":{"gitId":"xyanjun02"},"content":"                    case \"list\":","lastModifiedDate":"2025-02-07","isFullCredit":false},{"lineNumber":32,"author":{"gitId":"xyanjun02"},"content":"                        printTasks();","lastModifiedDate":"2025-02-04","isFullCredit":false},{"lineNumber":33,"author":{"gitId":"xyanjun02"},"content":"                        break;","lastModifiedDate":"2025-02-07","isFullCredit":false},{"lineNumber":34,"author":{"gitId":"xyanjun02"},"content":"                    case \"mark\":","lastModifiedDate":"2025-02-07","isFullCredit":false},{"lineNumber":35,"author":{"gitId":"xyanjun02"},"content":"                        handleMark(parts);","lastModifiedDate":"2025-02-04","isFullCredit":false},{"lineNumber":36,"author":{"gitId":"xyanjun02"},"content":"                        break;","lastModifiedDate":"2025-02-07","isFullCredit":false},{"lineNumber":37,"author":{"gitId":"xyanjun02"},"content":"                    case \"unmark\":","lastModifiedDate":"2025-02-07","isFullCredit":false},{"lineNumber":38,"author":{"gitId":"xyanjun02"},"content":"                        handleUnmark(parts);","lastModifiedDate":"2025-02-04","isFullCredit":false},{"lineNumber":39,"author":{"gitId":"xyanjun02"},"content":"                        break;","lastModifiedDate":"2025-02-07","isFullCredit":false},{"lineNumber":40,"author":{"gitId":"xyanjun02"},"content":"                    case \"todo\":","lastModifiedDate":"2025-02-07","isFullCredit":false},{"lineNumber":41,"author":{"gitId":"xyanjun02"},"content":"                    case \"deadline\":","lastModifiedDate":"2025-02-07","isFullCredit":false},{"lineNumber":42,"author":{"gitId":"xyanjun02"},"content":"                    case \"event\":","lastModifiedDate":"2025-02-07","isFullCredit":false},{"lineNumber":43,"author":{"gitId":"xyanjun02"},"content":"                        addTask(parts);","lastModifiedDate":"2025-02-07","isFullCredit":false},{"lineNumber":44,"author":{"gitId":"xyanjun02"},"content":"                        break;","lastModifiedDate":"2025-02-07","isFullCredit":false},{"lineNumber":45,"author":{"gitId":"xyanjun02"},"content":"                    case \"delete\":","lastModifiedDate":"2025-02-21","isFullCredit":false},{"lineNumber":46,"author":{"gitId":"xyanjun02"},"content":"                        handleDelete(parts);","lastModifiedDate":"2025-02-21","isFullCredit":false},{"lineNumber":47,"author":{"gitId":"xyanjun02"},"content":"                        break;","lastModifiedDate":"2025-02-21","isFullCredit":false},{"lineNumber":48,"author":{"gitId":"xyanjun02"},"content":"                    default:","lastModifiedDate":"2025-02-07","isFullCredit":false},{"lineNumber":49,"author":{"gitId":"xyanjun02"},"content":"                        throw new BobException(\" What that mean? Use \u0027todo\u0027, \u0027deadline\u0027, \u0027event\u0027, \u0027mark\u0027, \u0027unmark\u0027, \u0027delete\u0027, or \u0027list\u0027.\");","lastModifiedDate":"2025-02-21","isFullCredit":false},{"lineNumber":50,"author":{"gitId":"xyanjun02"},"content":"                }","lastModifiedDate":"2025-02-13","isFullCredit":false},{"lineNumber":51,"author":{"gitId":"xyanjun02"},"content":"","lastModifiedDate":"2025-02-21","isFullCredit":false},{"lineNumber":52,"author":{"gitId":"xyanjun02"},"content":"                Storage.saveTasks(tasks);  // ✅ Save tasks after each change","lastModifiedDate":"2025-02-21","isFullCredit":false},{"lineNumber":53,"author":{"gitId":"xyanjun02"},"content":"            } catch (BobException e) {","lastModifiedDate":"2025-02-13","isFullCredit":false},{"lineNumber":54,"author":{"gitId":"xyanjun02"},"content":"                System.out.println(e.getMessage());","lastModifiedDate":"2025-02-13","isFullCredit":false},{"lineNumber":55,"author":{"gitId":"xyanjun02"},"content":"            }","lastModifiedDate":"2025-02-04","isFullCredit":false},{"lineNumber":56,"author":{"gitId":"xyanjun02"},"content":"        }","lastModifiedDate":"2025-02-04","isFullCredit":false},{"lineNumber":57,"author":{"gitId":"xyanjun02"},"content":"    }","lastModifiedDate":"2025-02-03","isFullCredit":false},{"lineNumber":58,"author":{"gitId":"xyanjun02"},"content":"","lastModifiedDate":"2025-02-04","isFullCredit":false},{"lineNumber":59,"author":{"gitId":"xyanjun02"},"content":"    private static void printDivider() {","lastModifiedDate":"2025-02-04","isFullCredit":false},{"lineNumber":60,"author":{"gitId":"xyanjun02"},"content":"        System.out.println(\"____________________________________________________________\");","lastModifiedDate":"2025-02-04","isFullCredit":false},{"lineNumber":61,"author":{"gitId":"xyanjun02"},"content":"    }","lastModifiedDate":"2025-02-04","isFullCredit":false},{"lineNumber":62,"author":{"gitId":"xyanjun02"},"content":"","lastModifiedDate":"2025-02-04","isFullCredit":false},{"lineNumber":63,"author":{"gitId":"xyanjun02"},"content":"    private static void printGoodbyeMessage() {","lastModifiedDate":"2025-02-04","isFullCredit":false},{"lineNumber":64,"author":{"gitId":"xyanjun02"},"content":"        printDivider();","lastModifiedDate":"2025-02-04","isFullCredit":false},{"lineNumber":65,"author":{"gitId":"xyanjun02"},"content":"        System.out.println(\" Bye! Hope to see you again soon! 😀\");","lastModifiedDate":"2025-02-04","isFullCredit":false},{"lineNumber":66,"author":{"gitId":"xyanjun02"},"content":"        System.out.println(\" - BOB\");","lastModifiedDate":"2025-02-04","isFullCredit":false},{"lineNumber":67,"author":{"gitId":"xyanjun02"},"content":"        printDivider();","lastModifiedDate":"2025-02-04","isFullCredit":false},{"lineNumber":68,"author":{"gitId":"xyanjun02"},"content":"    }","lastModifiedDate":"2025-02-04","isFullCredit":false},{"lineNumber":69,"author":{"gitId":"xyanjun02"},"content":"","lastModifiedDate":"2025-02-04","isFullCredit":false},{"lineNumber":70,"author":{"gitId":"xyanjun02"},"content":"    private static void printWelcomeMessage() {","lastModifiedDate":"2025-02-21","isFullCredit":false},{"lineNumber":71,"author":{"gitId":"xyanjun02"},"content":"        printDivider();","lastModifiedDate":"2025-02-21","isFullCredit":false},{"lineNumber":72,"author":{"gitId":"xyanjun02"},"content":"        System.out.println(\" Hello! I\u0027m BOB\");","lastModifiedDate":"2025-02-21","isFullCredit":false},{"lineNumber":73,"author":{"gitId":"xyanjun02"},"content":"        System.out.println(\" What can I do for you? 😀\");","lastModifiedDate":"2025-02-21","isFullCredit":false},{"lineNumber":74,"author":{"gitId":"xyanjun02"},"content":"        printDivider();","lastModifiedDate":"2025-02-21","isFullCredit":false},{"lineNumber":75,"author":{"gitId":"xyanjun02"},"content":"    }","lastModifiedDate":"2025-02-21","isFullCredit":false},{"lineNumber":76,"author":{"gitId":"xyanjun02"},"content":"","lastModifiedDate":"2025-02-21","isFullCredit":false},{"lineNumber":77,"author":{"gitId":"xyanjun02"},"content":"    private static void printTasks() {","lastModifiedDate":"2025-02-04","isFullCredit":false},{"lineNumber":78,"author":{"gitId":"xyanjun02"},"content":"        printDivider();","lastModifiedDate":"2025-02-04","isFullCredit":false},{"lineNumber":79,"author":{"gitId":"xyanjun02"},"content":"        System.out.println(\" Here are the tasks in your list:\");","lastModifiedDate":"2025-02-04","isFullCredit":false},{"lineNumber":80,"author":{"gitId":"xyanjun02"},"content":"","lastModifiedDate":"2025-02-04","isFullCredit":false},{"lineNumber":81,"author":{"gitId":"xyanjun02"},"content":"        if (tasks.isEmpty()) {","lastModifiedDate":"2025-02-21","isFullCredit":false},{"lineNumber":82,"author":{"gitId":"xyanjun02"},"content":"            System.out.println(\" No tasks added yet.\");","lastModifiedDate":"2025-02-04","isFullCredit":false},{"lineNumber":83,"author":{"gitId":"xyanjun02"},"content":"        } else {","lastModifiedDate":"2025-02-04","isFullCredit":false},{"lineNumber":84,"author":{"gitId":"xyanjun02"},"content":"            for (int i \u003d 0; i \u003c tasks.size(); i++) {","lastModifiedDate":"2025-02-21","isFullCredit":false},{"lineNumber":85,"author":{"gitId":"xyanjun02"},"content":"                System.out.println((i + 1) + \". \" + tasks.get(i));","lastModifiedDate":"2025-02-21","isFullCredit":false},{"lineNumber":86,"author":{"gitId":"xyanjun02"},"content":"            }","lastModifiedDate":"2025-02-04","isFullCredit":false},{"lineNumber":87,"author":{"gitId":"xyanjun02"},"content":"        }","lastModifiedDate":"2025-02-04","isFullCredit":false},{"lineNumber":88,"author":{"gitId":"xyanjun02"},"content":"        printDivider();","lastModifiedDate":"2025-02-04","isFullCredit":false},{"lineNumber":89,"author":{"gitId":"xyanjun02"},"content":"    }","lastModifiedDate":"2025-02-04","isFullCredit":false},{"lineNumber":90,"author":{"gitId":"xyanjun02"},"content":"","lastModifiedDate":"2025-02-04","isFullCredit":false},{"lineNumber":91,"author":{"gitId":"xyanjun02"},"content":"    private static void handleDelete(String[] parts) {  // ✅ New delete method using ArrayList","lastModifiedDate":"2025-02-21","isFullCredit":false},{"lineNumber":92,"author":{"gitId":"xyanjun02"},"content":"        try {","lastModifiedDate":"2025-02-21","isFullCredit":false},{"lineNumber":93,"author":{"gitId":"xyanjun02"},"content":"            if (parts.length \u003c 2) {","lastModifiedDate":"2025-02-21","isFullCredit":false},{"lineNumber":94,"author":{"gitId":"xyanjun02"},"content":"                throw new BobException(\" Please specify a task number to delete.\");","lastModifiedDate":"2025-02-21","isFullCredit":false},{"lineNumber":95,"author":{"gitId":"xyanjun02"},"content":"            }","lastModifiedDate":"2025-02-21","isFullCredit":false},{"lineNumber":96,"author":{"gitId":"xyanjun02"},"content":"            int taskNumber \u003d Integer.parseInt(parts[1]) - 1;","lastModifiedDate":"2025-02-21","isFullCredit":false},{"lineNumber":97,"author":{"gitId":"xyanjun02"},"content":"            if (taskNumber \u003c 0 || taskNumber \u003e\u003d tasks.size()) {","lastModifiedDate":"2025-02-21","isFullCredit":false},{"lineNumber":98,"author":{"gitId":"xyanjun02"},"content":"                throw new BobException(\" Sorry that is out of my range! \\uD83D\\uDE22 Please enter a valid task number.\");","lastModifiedDate":"2025-02-21","isFullCredit":false},{"lineNumber":99,"author":{"gitId":"xyanjun02"},"content":"            }","lastModifiedDate":"2025-02-21","isFullCredit":false},{"lineNumber":100,"author":{"gitId":"xyanjun02"},"content":"","lastModifiedDate":"2025-02-21","isFullCredit":false},{"lineNumber":101,"author":{"gitId":"xyanjun02"},"content":"            Task removedTask \u003d tasks.remove(taskNumber);  // ✅ `ArrayList` makes it easy","lastModifiedDate":"2025-02-21","isFullCredit":false},{"lineNumber":102,"author":{"gitId":"xyanjun02"},"content":"","lastModifiedDate":"2025-02-21","isFullCredit":false},{"lineNumber":103,"author":{"gitId":"xyanjun02"},"content":"            printDivider();","lastModifiedDate":"2025-02-21","isFullCredit":false},{"lineNumber":104,"author":{"gitId":"xyanjun02"},"content":"            System.out.println(\" Noted. I\u0027ve removed this task:\");","lastModifiedDate":"2025-02-21","isFullCredit":false},{"lineNumber":105,"author":{"gitId":"xyanjun02"},"content":"            System.out.println(\"   \" + removedTask);","lastModifiedDate":"2025-02-21","isFullCredit":false},{"lineNumber":106,"author":{"gitId":"xyanjun02"},"content":"            System.out.println(\" Now you have \" + tasks.size() + \" tasks in the list.\");","lastModifiedDate":"2025-02-21","isFullCredit":false},{"lineNumber":107,"author":{"gitId":"xyanjun02"},"content":"            printDivider();","lastModifiedDate":"2025-02-21","isFullCredit":false},{"lineNumber":108,"author":{"gitId":"xyanjun02"},"content":"        } catch (NumberFormatException e) {","lastModifiedDate":"2025-02-21","isFullCredit":false},{"lineNumber":109,"author":{"gitId":"xyanjun02"},"content":"            System.out.println(\" Please enter a valid numeric task number.\");","lastModifiedDate":"2025-02-21","isFullCredit":false},{"lineNumber":110,"author":{"gitId":"xyanjun02"},"content":"        } catch (BobException e) {","lastModifiedDate":"2025-02-21","isFullCredit":false},{"lineNumber":111,"author":{"gitId":"xyanjun02"},"content":"            System.out.println(e.getMessage());","lastModifiedDate":"2025-02-21","isFullCredit":false},{"lineNumber":112,"author":{"gitId":"xyanjun02"},"content":"        }","lastModifiedDate":"2025-02-21","isFullCredit":false},{"lineNumber":113,"author":{"gitId":"xyanjun02"},"content":"    }","lastModifiedDate":"2025-02-21","isFullCredit":false},{"lineNumber":114,"author":{"gitId":"xyanjun02"},"content":"","lastModifiedDate":"2025-02-21","isFullCredit":false},{"lineNumber":115,"author":{"gitId":"xyanjun02"},"content":"    private static void handleMark(String[] parts) {","lastModifiedDate":"2025-02-04","isFullCredit":false},{"lineNumber":116,"author":{"gitId":"xyanjun02"},"content":"        try {","lastModifiedDate":"2025-02-04","isFullCredit":false},{"lineNumber":117,"author":{"gitId":"xyanjun02"},"content":"            if (parts.length \u003c 2) {","lastModifiedDate":"2025-02-13","isFullCredit":false},{"lineNumber":118,"author":{"gitId":"xyanjun02"},"content":"                throw new BobException(\" Please specify a task number to mark.\");","lastModifiedDate":"2025-02-13","isFullCredit":false},{"lineNumber":119,"author":{"gitId":"xyanjun02"},"content":"            }","lastModifiedDate":"2025-02-13","isFullCredit":false},{"lineNumber":120,"author":{"gitId":"xyanjun02"},"content":"            int taskNumber \u003d Integer.parseInt(parts[1]) - 1;","lastModifiedDate":"2025-02-04","isFullCredit":false},{"lineNumber":121,"author":{"gitId":"xyanjun02"},"content":"            if (taskNumber \u003c 0 || taskNumber \u003e\u003d tasks.size()) {","lastModifiedDate":"2025-02-21","isFullCredit":false},{"lineNumber":122,"author":{"gitId":"xyanjun02"},"content":"                throw new BobException(\" Sorry that is out of my range! 😢 Please enter a valid task number.\");","lastModifiedDate":"2025-02-21","isFullCredit":false},{"lineNumber":123,"author":{"gitId":"xyanjun02"},"content":"            }","lastModifiedDate":"2025-02-13","isFullCredit":false},{"lineNumber":124,"author":{"gitId":"xyanjun02"},"content":"            tasks.get(taskNumber).markAsDone();","lastModifiedDate":"2025-02-21","isFullCredit":false},{"lineNumber":125,"author":{"gitId":"xyanjun02"},"content":"            printDivider();","lastModifiedDate":"2025-02-04","isFullCredit":false},{"lineNumber":126,"author":{"gitId":"xyanjun02"},"content":"            System.out.println(\" Nice! I\u0027ve marked this task as done:\");","lastModifiedDate":"2025-02-04","isFullCredit":false},{"lineNumber":127,"author":{"gitId":"xyanjun02"},"content":"            System.out.println(\"   \" + tasks.get(taskNumber));","lastModifiedDate":"2025-02-21","isFullCredit":false},{"lineNumber":128,"author":{"gitId":"xyanjun02"},"content":"            printDivider();","lastModifiedDate":"2025-02-04","isFullCredit":false},{"lineNumber":129,"author":{"gitId":"xyanjun02"},"content":"        } catch (NumberFormatException e) {","lastModifiedDate":"2025-02-13","isFullCredit":false},{"lineNumber":130,"author":{"gitId":"xyanjun02"},"content":"            System.out.println(\" Please enter a valid numeric task number.\");","lastModifiedDate":"2025-02-13","isFullCredit":false},{"lineNumber":131,"author":{"gitId":"xyanjun02"},"content":"        } catch (BobException e) {","lastModifiedDate":"2025-02-13","isFullCredit":false},{"lineNumber":132,"author":{"gitId":"xyanjun02"},"content":"            System.out.println(e.getMessage());","lastModifiedDate":"2025-02-13","isFullCredit":false},{"lineNumber":133,"author":{"gitId":"xyanjun02"},"content":"        }","lastModifiedDate":"2025-02-04","isFullCredit":false},{"lineNumber":134,"author":{"gitId":"xyanjun02"},"content":"    }","lastModifiedDate":"2025-02-04","isFullCredit":false},{"lineNumber":135,"author":{"gitId":"xyanjun02"},"content":"","lastModifiedDate":"2025-02-04","isFullCredit":false},{"lineNumber":136,"author":{"gitId":"xyanjun02"},"content":"    private static void handleUnmark(String[] parts) {","lastModifiedDate":"2025-02-04","isFullCredit":false},{"lineNumber":137,"author":{"gitId":"xyanjun02"},"content":"        try {","lastModifiedDate":"2025-02-04","isFullCredit":false},{"lineNumber":138,"author":{"gitId":"xyanjun02"},"content":"            if (parts.length \u003c 2) {","lastModifiedDate":"2025-02-13","isFullCredit":false},{"lineNumber":139,"author":{"gitId":"xyanjun02"},"content":"                throw new BobException(\" Please specify a task number to unmark.\");","lastModifiedDate":"2025-02-13","isFullCredit":false},{"lineNumber":140,"author":{"gitId":"xyanjun02"},"content":"            }","lastModifiedDate":"2025-02-13","isFullCredit":false},{"lineNumber":141,"author":{"gitId":"xyanjun02"},"content":"            int taskNumber \u003d Integer.parseInt(parts[1]) - 1;","lastModifiedDate":"2025-02-04","isFullCredit":false},{"lineNumber":142,"author":{"gitId":"xyanjun02"},"content":"            if (taskNumber \u003c 0 || taskNumber \u003e\u003d tasks.size()) {","lastModifiedDate":"2025-02-21","isFullCredit":false},{"lineNumber":143,"author":{"gitId":"xyanjun02"},"content":"                throw new BobException(\" Sorry that is out of my range! 😢 Please enter a valid task number.\");","lastModifiedDate":"2025-02-21","isFullCredit":false},{"lineNumber":144,"author":{"gitId":"xyanjun02"},"content":"            }","lastModifiedDate":"2025-02-13","isFullCredit":false},{"lineNumber":145,"author":{"gitId":"xyanjun02"},"content":"            tasks.get(taskNumber).unmarkAsDone();","lastModifiedDate":"2025-02-21","isFullCredit":false},{"lineNumber":146,"author":{"gitId":"xyanjun02"},"content":"            printDivider();","lastModifiedDate":"2025-02-04","isFullCredit":false},{"lineNumber":147,"author":{"gitId":"xyanjun02"},"content":"            System.out.println(\" OK, I\u0027ve marked this task as not done yet:\");","lastModifiedDate":"2025-02-04","isFullCredit":false},{"lineNumber":148,"author":{"gitId":"xyanjun02"},"content":"            System.out.println(\"   \" + tasks.get(taskNumber));","lastModifiedDate":"2025-02-21","isFullCredit":false},{"lineNumber":149,"author":{"gitId":"xyanjun02"},"content":"            printDivider();","lastModifiedDate":"2025-02-04","isFullCredit":false},{"lineNumber":150,"author":{"gitId":"xyanjun02"},"content":"        } catch (NumberFormatException e) {","lastModifiedDate":"2025-02-13","isFullCredit":false},{"lineNumber":151,"author":{"gitId":"xyanjun02"},"content":"            System.out.println(\" Please enter a valid numeric task number.\");","lastModifiedDate":"2025-02-13","isFullCredit":false},{"lineNumber":152,"author":{"gitId":"xyanjun02"},"content":"        } catch (BobException e) {","lastModifiedDate":"2025-02-13","isFullCredit":false},{"lineNumber":153,"author":{"gitId":"xyanjun02"},"content":"            System.out.println(e.getMessage());","lastModifiedDate":"2025-02-13","isFullCredit":false},{"lineNumber":154,"author":{"gitId":"xyanjun02"},"content":"        }","lastModifiedDate":"2025-02-04","isFullCredit":false},{"lineNumber":155,"author":{"gitId":"xyanjun02"},"content":"    }","lastModifiedDate":"2025-02-04","isFullCredit":false},{"lineNumber":156,"author":{"gitId":"xyanjun02"},"content":"","lastModifiedDate":"2025-02-04","isFullCredit":false},{"lineNumber":157,"author":{"gitId":"xyanjun02"},"content":"    private static void addTask(String[] parts) {","lastModifiedDate":"2025-02-07","isFullCredit":false},{"lineNumber":158,"author":{"gitId":"xyanjun02"},"content":"        try {","lastModifiedDate":"2025-02-13","isFullCredit":false},{"lineNumber":159,"author":{"gitId":"xyanjun02"},"content":"            if (parts.length \u003c 2) {","lastModifiedDate":"2025-02-07","isFullCredit":false},{"lineNumber":160,"author":{"gitId":"xyanjun02"},"content":"                throw new BobException(\" Please provide a task description.\");","lastModifiedDate":"2025-02-13","isFullCredit":false},{"lineNumber":161,"author":{"gitId":"xyanjun02"},"content":"            }","lastModifiedDate":"2025-02-07","isFullCredit":false},{"lineNumber":162,"author":{"gitId":"xyanjun02"},"content":"","lastModifiedDate":"2025-02-07","isFullCredit":false},{"lineNumber":163,"author":{"gitId":"xyanjun02"},"content":"            String command \u003d parts[0].toLowerCase();","lastModifiedDate":"2025-02-07","isFullCredit":false},{"lineNumber":164,"author":{"gitId":"xyanjun02"},"content":"            String details \u003d parts[1];","lastModifiedDate":"2025-02-07","isFullCredit":false},{"lineNumber":165,"author":{"gitId":"xyanjun02"},"content":"","lastModifiedDate":"2025-02-07","isFullCredit":false},{"lineNumber":166,"author":{"gitId":"xyanjun02"},"content":"            Task newTask;","lastModifiedDate":"2025-02-07","isFullCredit":false},{"lineNumber":167,"author":{"gitId":"xyanjun02"},"content":"            switch (command) {","lastModifiedDate":"2025-02-07","isFullCredit":false},{"lineNumber":168,"author":{"gitId":"xyanjun02"},"content":"                case \"todo\":","lastModifiedDate":"2025-02-07","isFullCredit":false},{"lineNumber":169,"author":{"gitId":"xyanjun02"},"content":"                    newTask \u003d new Todo(details);","lastModifiedDate":"2025-02-07","isFullCredit":false},{"lineNumber":170,"author":{"gitId":"xyanjun02"},"content":"                    break;","lastModifiedDate":"2025-02-07","isFullCredit":false},{"lineNumber":171,"author":{"gitId":"xyanjun02"},"content":"                case \"deadline\":","lastModifiedDate":"2025-02-07","isFullCredit":false},{"lineNumber":172,"author":{"gitId":"xyanjun02"},"content":"                    String[] deadlineParts \u003d details.split(\" /by \", 2);","lastModifiedDate":"2025-02-07","isFullCredit":false},{"lineNumber":173,"author":{"gitId":"xyanjun02"},"content":"                    if (deadlineParts.length \u003c 2) {","lastModifiedDate":"2025-02-07","isFullCredit":false},{"lineNumber":174,"author":{"gitId":"xyanjun02"},"content":"                        throw new BobException(\" Sorry I don\u0027t really understand! 😕 Use: deadline \u003ctask\u003e /by \u003ctime\u003e\");","lastModifiedDate":"2025-02-21","isFullCredit":false},{"lineNumber":175,"author":{"gitId":"xyanjun02"},"content":"                    }","lastModifiedDate":"2025-02-07","isFullCredit":false},{"lineNumber":176,"author":{"gitId":"xyanjun02"},"content":"                    newTask \u003d new Deadline(deadlineParts[0], deadlineParts[1]);","lastModifiedDate":"2025-02-07","isFullCredit":false},{"lineNumber":177,"author":{"gitId":"xyanjun02"},"content":"                    break;","lastModifiedDate":"2025-02-07","isFullCredit":false},{"lineNumber":178,"author":{"gitId":"xyanjun02"},"content":"                case \"event\":","lastModifiedDate":"2025-02-07","isFullCredit":false},{"lineNumber":179,"author":{"gitId":"xyanjun02"},"content":"                    String[] eventParts \u003d details.split(\" /from | /to \", 3);","lastModifiedDate":"2025-02-07","isFullCredit":false},{"lineNumber":180,"author":{"gitId":"xyanjun02"},"content":"                    if (eventParts.length \u003c 3) {","lastModifiedDate":"2025-02-07","isFullCredit":false},{"lineNumber":181,"author":{"gitId":"xyanjun02"},"content":"                        throw new BobException(\" Sorry I don\u0027t really understand! 😕 Use: event \u003ctask\u003e /from \u003ctime\u003e /to \u003ctime\u003e\");","lastModifiedDate":"2025-02-21","isFullCredit":false},{"lineNumber":182,"author":{"gitId":"xyanjun02"},"content":"                    }","lastModifiedDate":"2025-02-07","isFullCredit":false},{"lineNumber":183,"author":{"gitId":"xyanjun02"},"content":"                    newTask \u003d new Event(eventParts[0], eventParts[1], eventParts[2]);","lastModifiedDate":"2025-02-07","isFullCredit":false},{"lineNumber":184,"author":{"gitId":"xyanjun02"},"content":"                    break;","lastModifiedDate":"2025-02-07","isFullCredit":false},{"lineNumber":185,"author":{"gitId":"xyanjun02"},"content":"                default:","lastModifiedDate":"2025-02-07","isFullCredit":false},{"lineNumber":186,"author":{"gitId":"xyanjun02"},"content":"                    throw new BobException(\" Unknown task type.\");","lastModifiedDate":"2025-02-13","isFullCredit":false},{"lineNumber":187,"author":{"gitId":"xyanjun02"},"content":"            }","lastModifiedDate":"2025-02-07","isFullCredit":false},{"lineNumber":188,"author":{"gitId":"xyanjun02"},"content":"","lastModifiedDate":"2025-02-07","isFullCredit":false},{"lineNumber":189,"author":{"gitId":"xyanjun02"},"content":"            tasks.add(newTask);  // ✅ Using ArrayList instead of array","lastModifiedDate":"2025-02-21","isFullCredit":false},{"lineNumber":190,"author":{"gitId":"xyanjun02"},"content":"            printDivider();","lastModifiedDate":"2025-02-07","isFullCredit":false},{"lineNumber":191,"author":{"gitId":"xyanjun02"},"content":"            System.out.println(\" Got it. I\u0027ve added this task:\");","lastModifiedDate":"2025-02-07","isFullCredit":false},{"lineNumber":192,"author":{"gitId":"xyanjun02"},"content":"            System.out.println(\"   \" + newTask);","lastModifiedDate":"2025-02-07","isFullCredit":false},{"lineNumber":193,"author":{"gitId":"xyanjun02"},"content":"            System.out.println(\" Now you have \" + tasks.size() + \" tasks in the list.\");","lastModifiedDate":"2025-02-21","isFullCredit":false},{"lineNumber":194,"author":{"gitId":"xyanjun02"},"content":"            printDivider();","lastModifiedDate":"2025-02-07","isFullCredit":false},{"lineNumber":195,"author":{"gitId":"xyanjun02"},"content":"        } catch (BobException e) {","lastModifiedDate":"2025-02-13","isFullCredit":false},{"lineNumber":196,"author":{"gitId":"xyanjun02"},"content":"            System.out.println(e.getMessage());","lastModifiedDate":"2025-02-13","isFullCredit":false},{"lineNumber":197,"author":{"gitId":"xyanjun02"},"content":"        }","lastModifiedDate":"2025-02-13","isFullCredit":false},{"lineNumber":198,"author":{"gitId":"xyanjun02"},"content":"    }","lastModifiedDate":"2025-02-04","isFullCredit":false},{"lineNumber":199,"author":{"gitId":"xyanjun02"},"content":"}","lastModifiedDate":"2025-01-24","isFullCredit":false}],"authorContributionMap":{"xyanjun02":199}},{"path":"src/main/java/BobException.java","fileType":"java","lines":[{"lineNumber":1,"author":{"gitId":"xyanjun02"},"content":"/**","lastModifiedDate":"2025-02-13","isFullCredit":false},{"lineNumber":2,"author":{"gitId":"xyanjun02"},"content":" * BobException is a custom exception class specific to the Bob chatbot.","lastModifiedDate":"2025-02-13","isFullCredit":false},{"lineNumber":3,"author":{"gitId":"xyanjun02"},"content":" * It is used to handle errors related to user commands, input validation,","lastModifiedDate":"2025-02-13","isFullCredit":false},{"lineNumber":4,"author":{"gitId":"xyanjun02"},"content":" * and other chatbot-specific issues.","lastModifiedDate":"2025-02-13","isFullCredit":false},{"lineNumber":5,"author":{"gitId":"xyanjun02"},"content":" */","lastModifiedDate":"2025-02-13","isFullCredit":false},{"lineNumber":6,"author":{"gitId":"xyanjun02"},"content":"","lastModifiedDate":"2025-02-13","isFullCredit":false},{"lineNumber":7,"author":{"gitId":"xyanjun02"},"content":"public class BobException extends Exception{","lastModifiedDate":"2025-02-13","isFullCredit":false},{"lineNumber":8,"author":{"gitId":"xyanjun02"},"content":"    public BobException(String message){","lastModifiedDate":"2025-02-13","isFullCredit":false},{"lineNumber":9,"author":{"gitId":"xyanjun02"},"content":"        super(message);","lastModifiedDate":"2025-02-13","isFullCredit":false},{"lineNumber":10,"author":{"gitId":"xyanjun02"},"content":"    }","lastModifiedDate":"2025-02-13","isFullCredit":false},{"lineNumber":11,"author":{"gitId":"xyanjun02"},"content":"}","lastModifiedDate":"2025-02-13","isFullCredit":false}],"authorContributionMap":{"xyanjun02":11}},{"path":"src/main/java/Deadline.java","fileType":"java","lines":[{"lineNumber":1,"author":{"gitId":"xyanjun02"},"content":"public class Deadline extends Task {","lastModifiedDate":"2025-02-07","isFullCredit":false},{"lineNumber":2,"author":{"gitId":"xyanjun02"},"content":"    private String by;","lastModifiedDate":"2025-02-07","isFullCredit":false},{"lineNumber":3,"author":{"gitId":"xyanjun02"},"content":"","lastModifiedDate":"2025-02-07","isFullCredit":false},{"lineNumber":4,"author":{"gitId":"xyanjun02"},"content":"    public Deadline(String description, String by) {","lastModifiedDate":"2025-02-07","isFullCredit":false},{"lineNumber":5,"author":{"gitId":"xyanjun02"},"content":"        super(description);","lastModifiedDate":"2025-02-07","isFullCredit":false},{"lineNumber":6,"author":{"gitId":"xyanjun02"},"content":"        this.by \u003d by;","lastModifiedDate":"2025-02-07","isFullCredit":false},{"lineNumber":7,"author":{"gitId":"xyanjun02"},"content":"    }","lastModifiedDate":"2025-02-07","isFullCredit":false},{"lineNumber":8,"author":{"gitId":"xyanjun02"},"content":"","lastModifiedDate":"2025-02-07","isFullCredit":false},{"lineNumber":9,"author":{"gitId":"xyanjun02"},"content":"    @Override","lastModifiedDate":"2025-02-07","isFullCredit":false},{"lineNumber":10,"author":{"gitId":"xyanjun02"},"content":"    public String toString() {","lastModifiedDate":"2025-02-07","isFullCredit":false},{"lineNumber":11,"author":{"gitId":"xyanjun02"},"content":"        return \"[D]\" + super.toString() + \" (by: \" + by + \")\";","lastModifiedDate":"2025-02-07","isFullCredit":false},{"lineNumber":12,"author":{"gitId":"xyanjun02"},"content":"    }","lastModifiedDate":"2025-02-07","isFullCredit":false},{"lineNumber":13,"author":{"gitId":"xyanjun02"},"content":"","lastModifiedDate":"2025-02-21","isFullCredit":false},{"lineNumber":14,"author":{"gitId":"xyanjun02"},"content":"    @Override","lastModifiedDate":"2025-02-21","isFullCredit":false},{"lineNumber":15,"author":{"gitId":"xyanjun02"},"content":"    public String toFileFormat() {","lastModifiedDate":"2025-02-21","isFullCredit":false},{"lineNumber":16,"author":{"gitId":"xyanjun02"},"content":"        return \"D | \" + getStatusIcon() + \" | \" + description + \" | \" + by;","lastModifiedDate":"2025-02-21","isFullCredit":false},{"lineNumber":17,"author":{"gitId":"xyanjun02"},"content":"    }","lastModifiedDate":"2025-02-21","isFullCredit":false},{"lineNumber":18,"author":{"gitId":"xyanjun02"},"content":"}","lastModifiedDate":"2025-02-07","isFullCredit":false}],"authorContributionMap":{"xyanjun02":18}},{"path":"src/main/java/Event.java","fileType":"java","lines":[{"lineNumber":1,"author":{"gitId":"xyanjun02"},"content":"public class Event extends Task {","lastModifiedDate":"2025-02-07","isFullCredit":false},{"lineNumber":2,"author":{"gitId":"xyanjun02"},"content":"    private String from;","lastModifiedDate":"2025-02-07","isFullCredit":false},{"lineNumber":3,"author":{"gitId":"xyanjun02"},"content":"    private String to;","lastModifiedDate":"2025-02-07","isFullCredit":false},{"lineNumber":4,"author":{"gitId":"xyanjun02"},"content":"","lastModifiedDate":"2025-02-07","isFullCredit":false},{"lineNumber":5,"author":{"gitId":"xyanjun02"},"content":"    public Event(String description, String from, String to) {","lastModifiedDate":"2025-02-07","isFullCredit":false},{"lineNumber":6,"author":{"gitId":"xyanjun02"},"content":"        super(description);","lastModifiedDate":"2025-02-07","isFullCredit":false},{"lineNumber":7,"author":{"gitId":"xyanjun02"},"content":"        this.from \u003d from;","lastModifiedDate":"2025-02-07","isFullCredit":false},{"lineNumber":8,"author":{"gitId":"xyanjun02"},"content":"        this.to \u003d to;","lastModifiedDate":"2025-02-07","isFullCredit":false},{"lineNumber":9,"author":{"gitId":"xyanjun02"},"content":"    }","lastModifiedDate":"2025-02-07","isFullCredit":false},{"lineNumber":10,"author":{"gitId":"xyanjun02"},"content":"","lastModifiedDate":"2025-02-07","isFullCredit":false},{"lineNumber":11,"author":{"gitId":"xyanjun02"},"content":"    @Override","lastModifiedDate":"2025-02-07","isFullCredit":false},{"lineNumber":12,"author":{"gitId":"xyanjun02"},"content":"    public String toString() {","lastModifiedDate":"2025-02-07","isFullCredit":false},{"lineNumber":13,"author":{"gitId":"xyanjun02"},"content":"        return \"[E]\" + super.toString() + \" (from: \" + from + \" to: \" + to + \")\";","lastModifiedDate":"2025-02-07","isFullCredit":false},{"lineNumber":14,"author":{"gitId":"xyanjun02"},"content":"    }","lastModifiedDate":"2025-02-07","isFullCredit":false},{"lineNumber":15,"author":{"gitId":"xyanjun02"},"content":"","lastModifiedDate":"2025-02-21","isFullCredit":false},{"lineNumber":16,"author":{"gitId":"xyanjun02"},"content":"    @Override","lastModifiedDate":"2025-02-21","isFullCredit":false},{"lineNumber":17,"author":{"gitId":"xyanjun02"},"content":"    public String toFileFormat() {","lastModifiedDate":"2025-02-21","isFullCredit":false},{"lineNumber":18,"author":{"gitId":"xyanjun02"},"content":"        return \"E | \" + getStatusIcon() + \" | \" + description + \" | \" + from + \" | \" + to;","lastModifiedDate":"2025-02-21","isFullCredit":false},{"lineNumber":19,"author":{"gitId":"xyanjun02"},"content":"    }","lastModifiedDate":"2025-02-21","isFullCredit":false},{"lineNumber":20,"author":{"gitId":"xyanjun02"},"content":"}","lastModifiedDate":"2025-02-07","isFullCredit":false}],"authorContributionMap":{"xyanjun02":20}},{"path":"src/main/java/Storage.java","fileType":"java","lines":[{"lineNumber":1,"author":{"gitId":"xyanjun02"},"content":"import java.io.*;","lastModifiedDate":"2025-02-21","isFullCredit":false},{"lineNumber":2,"author":{"gitId":"xyanjun02"},"content":"import java.util.ArrayList;","lastModifiedDate":"2025-02-21","isFullCredit":false},{"lineNumber":3,"author":{"gitId":"xyanjun02"},"content":"","lastModifiedDate":"2025-02-21","isFullCredit":false},{"lineNumber":4,"author":{"gitId":"xyanjun02"},"content":"public class Storage {","lastModifiedDate":"2025-02-21","isFullCredit":false},{"lineNumber":5,"author":{"gitId":"xyanjun02"},"content":"    private static final String FILE_PATH \u003d \"./data/bob.txt\";","lastModifiedDate":"2025-02-21","isFullCredit":false},{"lineNumber":6,"author":{"gitId":"xyanjun02"},"content":"","lastModifiedDate":"2025-02-21","isFullCredit":false},{"lineNumber":7,"author":{"gitId":"xyanjun02"},"content":"    public static void saveTasks(ArrayList\u003cTask\u003e tasks) {","lastModifiedDate":"2025-02-21","isFullCredit":false},{"lineNumber":8,"author":{"gitId":"xyanjun02"},"content":"        try {","lastModifiedDate":"2025-02-21","isFullCredit":false},{"lineNumber":9,"author":{"gitId":"xyanjun02"},"content":"            File file \u003d new File(FILE_PATH);","lastModifiedDate":"2025-02-21","isFullCredit":false},{"lineNumber":10,"author":{"gitId":"xyanjun02"},"content":"            file.getParentFile().mkdirs();","lastModifiedDate":"2025-02-21","isFullCredit":false},{"lineNumber":11,"author":{"gitId":"xyanjun02"},"content":"            PrintWriter writer \u003d new PrintWriter(file);","lastModifiedDate":"2025-02-21","isFullCredit":false},{"lineNumber":12,"author":{"gitId":"xyanjun02"},"content":"            for (Task task : tasks) {","lastModifiedDate":"2025-02-21","isFullCredit":false},{"lineNumber":13,"author":{"gitId":"xyanjun02"},"content":"                writer.println(task.toFileFormat());","lastModifiedDate":"2025-02-21","isFullCredit":false},{"lineNumber":14,"author":{"gitId":"xyanjun02"},"content":"            }","lastModifiedDate":"2025-02-21","isFullCredit":false},{"lineNumber":15,"author":{"gitId":"xyanjun02"},"content":"            writer.close();","lastModifiedDate":"2025-02-21","isFullCredit":false},{"lineNumber":16,"author":{"gitId":"xyanjun02"},"content":"        } catch (IOException e) {","lastModifiedDate":"2025-02-21","isFullCredit":false},{"lineNumber":17,"author":{"gitId":"xyanjun02"},"content":"            System.out.println(\"Error saving tasks.\");","lastModifiedDate":"2025-02-21","isFullCredit":false},{"lineNumber":18,"author":{"gitId":"xyanjun02"},"content":"        }","lastModifiedDate":"2025-02-21","isFullCredit":false},{"lineNumber":19,"author":{"gitId":"xyanjun02"},"content":"    }","lastModifiedDate":"2025-02-21","isFullCredit":false},{"lineNumber":20,"author":{"gitId":"xyanjun02"},"content":"","lastModifiedDate":"2025-02-21","isFullCredit":false},{"lineNumber":21,"author":{"gitId":"xyanjun02"},"content":"    public static ArrayList\u003cTask\u003e loadTasks() {","lastModifiedDate":"2025-02-21","isFullCredit":false},{"lineNumber":22,"author":{"gitId":"xyanjun02"},"content":"        ArrayList\u003cTask\u003e tasks \u003d new ArrayList\u003c\u003e();","lastModifiedDate":"2025-02-21","isFullCredit":false},{"lineNumber":23,"author":{"gitId":"xyanjun02"},"content":"        File file \u003d new File(FILE_PATH);","lastModifiedDate":"2025-02-21","isFullCredit":false},{"lineNumber":24,"author":{"gitId":"xyanjun02"},"content":"        if (!file.exists()) {","lastModifiedDate":"2025-02-21","isFullCredit":false},{"lineNumber":25,"author":{"gitId":"xyanjun02"},"content":"            return tasks;","lastModifiedDate":"2025-02-21","isFullCredit":false},{"lineNumber":26,"author":{"gitId":"xyanjun02"},"content":"        }","lastModifiedDate":"2025-02-21","isFullCredit":false},{"lineNumber":27,"author":{"gitId":"xyanjun02"},"content":"","lastModifiedDate":"2025-02-21","isFullCredit":false},{"lineNumber":28,"author":{"gitId":"xyanjun02"},"content":"        try {","lastModifiedDate":"2025-02-21","isFullCredit":false},{"lineNumber":29,"author":{"gitId":"xyanjun02"},"content":"            BufferedReader reader \u003d new BufferedReader(new FileReader(file));","lastModifiedDate":"2025-02-21","isFullCredit":false},{"lineNumber":30,"author":{"gitId":"xyanjun02"},"content":"            String line;","lastModifiedDate":"2025-02-21","isFullCredit":false},{"lineNumber":31,"author":{"gitId":"xyanjun02"},"content":"            while ((line \u003d reader.readLine()) !\u003d null) {","lastModifiedDate":"2025-02-21","isFullCredit":false},{"lineNumber":32,"author":{"gitId":"xyanjun02"},"content":"                tasks.add(Task.fromFileFormat(line));","lastModifiedDate":"2025-02-21","isFullCredit":false},{"lineNumber":33,"author":{"gitId":"xyanjun02"},"content":"            }","lastModifiedDate":"2025-02-21","isFullCredit":false},{"lineNumber":34,"author":{"gitId":"xyanjun02"},"content":"            reader.close();","lastModifiedDate":"2025-02-21","isFullCredit":false},{"lineNumber":35,"author":{"gitId":"xyanjun02"},"content":"        } catch (IOException e) {","lastModifiedDate":"2025-02-21","isFullCredit":false},{"lineNumber":36,"author":{"gitId":"xyanjun02"},"content":"            System.out.println(\"Error loading tasks.\");","lastModifiedDate":"2025-02-21","isFullCredit":false},{"lineNumber":37,"author":{"gitId":"xyanjun02"},"content":"        }","lastModifiedDate":"2025-02-21","isFullCredit":false},{"lineNumber":38,"author":{"gitId":"xyanjun02"},"content":"        return tasks;","lastModifiedDate":"2025-02-21","isFullCredit":false},{"lineNumber":39,"author":{"gitId":"xyanjun02"},"content":"    }","lastModifiedDate":"2025-02-21","isFullCredit":false},{"lineNumber":40,"author":{"gitId":"xyanjun02"},"content":"}","lastModifiedDate":"2025-02-21","isFullCredit":false}],"authorContributionMap":{"xyanjun02":40}},{"path":"src/main/java/Task.java","fileType":"java","lines":[{"lineNumber":1,"author":{"gitId":"xyanjun02"},"content":"public abstract class Task {","lastModifiedDate":"2025-02-21","isFullCredit":false},{"lineNumber":2,"author":{"gitId":"xyanjun02"},"content":"    protected String description;","lastModifiedDate":"2025-02-07","isFullCredit":false},{"lineNumber":3,"author":{"gitId":"xyanjun02"},"content":"    protected boolean isDone;","lastModifiedDate":"2025-02-07","isFullCredit":false},{"lineNumber":4,"author":{"gitId":"xyanjun02"},"content":"","lastModifiedDate":"2025-02-07","isFullCredit":false},{"lineNumber":5,"author":{"gitId":"xyanjun02"},"content":"    public Task(String description) {","lastModifiedDate":"2025-02-07","isFullCredit":false},{"lineNumber":6,"author":{"gitId":"xyanjun02"},"content":"        this.description \u003d description;","lastModifiedDate":"2025-02-07","isFullCredit":false},{"lineNumber":7,"author":{"gitId":"xyanjun02"},"content":"        this.isDone \u003d false;","lastModifiedDate":"2025-02-07","isFullCredit":false},{"lineNumber":8,"author":{"gitId":"xyanjun02"},"content":"    }","lastModifiedDate":"2025-02-07","isFullCredit":false},{"lineNumber":9,"author":{"gitId":"xyanjun02"},"content":"","lastModifiedDate":"2025-02-07","isFullCredit":false},{"lineNumber":10,"author":{"gitId":"xyanjun02"},"content":"    public void markAsDone() {","lastModifiedDate":"2025-02-07","isFullCredit":false},{"lineNumber":11,"author":{"gitId":"xyanjun02"},"content":"        this.isDone \u003d true;","lastModifiedDate":"2025-02-07","isFullCredit":false},{"lineNumber":12,"author":{"gitId":"xyanjun02"},"content":"    }","lastModifiedDate":"2025-02-07","isFullCredit":false},{"lineNumber":13,"author":{"gitId":"xyanjun02"},"content":"","lastModifiedDate":"2025-02-07","isFullCredit":false},{"lineNumber":14,"author":{"gitId":"xyanjun02"},"content":"    public void unmarkAsDone() {","lastModifiedDate":"2025-02-07","isFullCredit":false},{"lineNumber":15,"author":{"gitId":"xyanjun02"},"content":"        this.isDone \u003d false;","lastModifiedDate":"2025-02-07","isFullCredit":false},{"lineNumber":16,"author":{"gitId":"xyanjun02"},"content":"    }","lastModifiedDate":"2025-02-07","isFullCredit":false},{"lineNumber":17,"author":{"gitId":"xyanjun02"},"content":"","lastModifiedDate":"2025-02-07","isFullCredit":false},{"lineNumber":18,"author":{"gitId":"xyanjun02"},"content":"    public String getStatusIcon() {","lastModifiedDate":"2025-02-07","isFullCredit":false},{"lineNumber":19,"author":{"gitId":"xyanjun02"},"content":"        return isDone ? \"1\" : \"0\";  // ✅ Save as 1 (done) or 0 (not done)","lastModifiedDate":"2025-02-21","isFullCredit":false},{"lineNumber":20,"author":{"gitId":"xyanjun02"},"content":"    }","lastModifiedDate":"2025-02-07","isFullCredit":false},{"lineNumber":21,"author":{"gitId":"xyanjun02"},"content":"","lastModifiedDate":"2025-02-07","isFullCredit":false},{"lineNumber":22,"author":{"gitId":"xyanjun02"},"content":"    @Override","lastModifiedDate":"2025-02-07","isFullCredit":false},{"lineNumber":23,"author":{"gitId":"xyanjun02"},"content":"    public String toString() {","lastModifiedDate":"2025-02-07","isFullCredit":false},{"lineNumber":24,"author":{"gitId":"xyanjun02"},"content":"        return \"[\" + getStatusIcon() + \"] \" + description;","lastModifiedDate":"2025-02-07","isFullCredit":false},{"lineNumber":25,"author":{"gitId":"xyanjun02"},"content":"    }","lastModifiedDate":"2025-02-07","isFullCredit":false},{"lineNumber":26,"author":{"gitId":"xyanjun02"},"content":"","lastModifiedDate":"2025-02-21","isFullCredit":false},{"lineNumber":27,"author":{"gitId":"xyanjun02"},"content":"    // ✅ Convert task to a savable format","lastModifiedDate":"2025-02-21","isFullCredit":false},{"lineNumber":28,"author":{"gitId":"xyanjun02"},"content":"    public abstract String toFileFormat();","lastModifiedDate":"2025-02-21","isFullCredit":false},{"lineNumber":29,"author":{"gitId":"xyanjun02"},"content":"","lastModifiedDate":"2025-02-21","isFullCredit":false},{"lineNumber":30,"author":{"gitId":"xyanjun02"},"content":"    // ✅ Convert from file format back to Task","lastModifiedDate":"2025-02-21","isFullCredit":false},{"lineNumber":31,"author":{"gitId":"xyanjun02"},"content":"    public static Task fromFileFormat(String line) {","lastModifiedDate":"2025-02-21","isFullCredit":false},{"lineNumber":32,"author":{"gitId":"xyanjun02"},"content":"        String[] parts \u003d line.split(\" \\\\| \");","lastModifiedDate":"2025-02-21","isFullCredit":false},{"lineNumber":33,"author":{"gitId":"xyanjun02"},"content":"        String type \u003d parts[0];  // T, D, or E","lastModifiedDate":"2025-02-21","isFullCredit":false},{"lineNumber":34,"author":{"gitId":"xyanjun02"},"content":"        boolean isDone \u003d parts[1].equals(\"1\");","lastModifiedDate":"2025-02-21","isFullCredit":false},{"lineNumber":35,"author":{"gitId":"xyanjun02"},"content":"        String description \u003d parts[2];","lastModifiedDate":"2025-02-21","isFullCredit":false},{"lineNumber":36,"author":{"gitId":"xyanjun02"},"content":"","lastModifiedDate":"2025-02-21","isFullCredit":false},{"lineNumber":37,"author":{"gitId":"xyanjun02"},"content":"        switch (type) {","lastModifiedDate":"2025-02-21","isFullCredit":false},{"lineNumber":38,"author":{"gitId":"xyanjun02"},"content":"            case \"T\":","lastModifiedDate":"2025-02-21","isFullCredit":false},{"lineNumber":39,"author":{"gitId":"xyanjun02"},"content":"                Todo todo \u003d new Todo(description);","lastModifiedDate":"2025-02-21","isFullCredit":false},{"lineNumber":40,"author":{"gitId":"xyanjun02"},"content":"                if (isDone) todo.markAsDone();","lastModifiedDate":"2025-02-21","isFullCredit":false},{"lineNumber":41,"author":{"gitId":"xyanjun02"},"content":"                return todo;","lastModifiedDate":"2025-02-21","isFullCredit":false},{"lineNumber":42,"author":{"gitId":"xyanjun02"},"content":"            case \"D\":","lastModifiedDate":"2025-02-21","isFullCredit":false},{"lineNumber":43,"author":{"gitId":"xyanjun02"},"content":"                Deadline deadline \u003d new Deadline(description, parts[3]);","lastModifiedDate":"2025-02-21","isFullCredit":false},{"lineNumber":44,"author":{"gitId":"xyanjun02"},"content":"                if (isDone) deadline.markAsDone();","lastModifiedDate":"2025-02-21","isFullCredit":false},{"lineNumber":45,"author":{"gitId":"xyanjun02"},"content":"                return deadline;","lastModifiedDate":"2025-02-21","isFullCredit":false},{"lineNumber":46,"author":{"gitId":"xyanjun02"},"content":"            case \"E\":","lastModifiedDate":"2025-02-21","isFullCredit":false},{"lineNumber":47,"author":{"gitId":"xyanjun02"},"content":"                Event event \u003d new Event(description, parts[3], parts[4]);","lastModifiedDate":"2025-02-21","isFullCredit":false},{"lineNumber":48,"author":{"gitId":"xyanjun02"},"content":"                if (isDone) event.markAsDone();","lastModifiedDate":"2025-02-21","isFullCredit":false},{"lineNumber":49,"author":{"gitId":"xyanjun02"},"content":"                return event;","lastModifiedDate":"2025-02-21","isFullCredit":false},{"lineNumber":50,"author":{"gitId":"xyanjun02"},"content":"            default:","lastModifiedDate":"2025-02-21","isFullCredit":false},{"lineNumber":51,"author":{"gitId":"xyanjun02"},"content":"                throw new IllegalArgumentException(\"Invalid task format.\");","lastModifiedDate":"2025-02-21","isFullCredit":false},{"lineNumber":52,"author":{"gitId":"xyanjun02"},"content":"        }","lastModifiedDate":"2025-02-21","isFullCredit":false},{"lineNumber":53,"author":{"gitId":"xyanjun02"},"content":"    }","lastModifiedDate":"2025-02-21","isFullCredit":false},{"lineNumber":54,"author":{"gitId":"xyanjun02"},"content":"}","lastModifiedDate":"2025-02-07","isFullCredit":false}],"authorContributionMap":{"xyanjun02":54}},{"path":"src/main/java/Todo.java","fileType":"java","lines":[{"lineNumber":1,"author":{"gitId":"xyanjun02"},"content":"public class Todo extends Task {","lastModifiedDate":"2025-02-07","isFullCredit":false},{"lineNumber":2,"author":{"gitId":"xyanjun02"},"content":"    public Todo(String description) {","lastModifiedDate":"2025-02-07","isFullCredit":false},{"lineNumber":3,"author":{"gitId":"xyanjun02"},"content":"        super(description);","lastModifiedDate":"2025-02-07","isFullCredit":false},{"lineNumber":4,"author":{"gitId":"xyanjun02"},"content":"    }","lastModifiedDate":"2025-02-07","isFullCredit":false},{"lineNumber":5,"author":{"gitId":"xyanjun02"},"content":"","lastModifiedDate":"2025-02-07","isFullCredit":false},{"lineNumber":6,"author":{"gitId":"xyanjun02"},"content":"    @Override","lastModifiedDate":"2025-02-07","isFullCredit":false},{"lineNumber":7,"author":{"gitId":"xyanjun02"},"content":"    public String toString() {","lastModifiedDate":"2025-02-07","isFullCredit":false},{"lineNumber":8,"author":{"gitId":"xyanjun02"},"content":"        return \"[T]\" + super.toString();","lastModifiedDate":"2025-02-07","isFullCredit":false},{"lineNumber":9,"author":{"gitId":"xyanjun02"},"content":"    }","lastModifiedDate":"2025-02-07","isFullCredit":false},{"lineNumber":10,"author":{"gitId":"xyanjun02"},"content":"","lastModifiedDate":"2025-02-21","isFullCredit":false},{"lineNumber":11,"author":{"gitId":"xyanjun02"},"content":"    @Override","lastModifiedDate":"2025-02-21","isFullCredit":false},{"lineNumber":12,"author":{"gitId":"xyanjun02"},"content":"    public String toFileFormat() {","lastModifiedDate":"2025-02-21","isFullCredit":false},{"lineNumber":13,"author":{"gitId":"xyanjun02"},"content":"        return \"T | \" + getStatusIcon() + \" | \" + description;","lastModifiedDate":"2025-02-21","isFullCredit":false},{"lineNumber":14,"author":{"gitId":"xyanjun02"},"content":"    }","lastModifiedDate":"2025-02-21","isFullCredit":false},{"lineNumber":15,"author":{"gitId":"xyanjun02"},"content":"}","lastModifiedDate":"2025-02-07","isFullCredit":false}],"authorContributionMap":{"xyanjun02":15}},{"path":"text-ui-test/runtest.bat","fileType":"bat","lines":[{"lineNumber":1,"author":{"gitId":"-"},"content":"@ECHO OFF","lastModifiedDate":"2020-05-25","isFullCredit":false},{"lineNumber":2,"author":{"gitId":"-"},"content":"","lastModifiedDate":"2020-05-25","isFullCredit":false},{"lineNumber":3,"author":{"gitId":"-"},"content":"REM create bin directory if it doesn\u0027t exist","lastModifiedDate":"2020-05-25","isFullCredit":false},{"lineNumber":4,"author":{"gitId":"-"},"content":"if not exist ..\\bin mkdir ..\\bin","lastModifiedDate":"2020-05-25","isFullCredit":false},{"lineNumber":5,"author":{"gitId":"-"},"content":"","lastModifiedDate":"2020-05-25","isFullCredit":false},{"lineNumber":6,"author":{"gitId":"-"},"content":"REM delete output from previous run","lastModifiedDate":"2020-05-25","isFullCredit":false},{"lineNumber":7,"author":{"gitId":"-"},"content":"if exist ACTUAL.TXT del ACTUAL.TXT","lastModifiedDate":"2020-08-25","isFullCredit":false},{"lineNumber":8,"author":{"gitId":"-"},"content":"","lastModifiedDate":"2020-05-25","isFullCredit":false},{"lineNumber":9,"author":{"gitId":"-"},"content":"REM compile the code into the bin folder","lastModifiedDate":"2020-05-25","isFullCredit":false},{"lineNumber":10,"author":{"gitId":"-"},"content":"javac  -cp ..\\src\\main\\java -Xlint:none -d ..\\bin ..\\src\\main\\java\\*.java","lastModifiedDate":"2020-08-25","isFullCredit":false},{"lineNumber":11,"author":{"gitId":"-"},"content":"IF ERRORLEVEL 1 (","lastModifiedDate":"2020-05-25","isFullCredit":false},{"lineNumber":12,"author":{"gitId":"-"},"content":"    echo ********** BUILD FAILURE **********","lastModifiedDate":"2020-05-25","isFullCredit":false},{"lineNumber":13,"author":{"gitId":"-"},"content":"    exit /b 1","lastModifiedDate":"2020-05-25","isFullCredit":false},{"lineNumber":14,"author":{"gitId":"-"},"content":")","lastModifiedDate":"2020-05-25","isFullCredit":false},{"lineNumber":15,"author":{"gitId":"-"},"content":"REM no error here, errorlevel \u003d\u003d 0","lastModifiedDate":"2020-05-25","isFullCredit":false},{"lineNumber":16,"author":{"gitId":"-"},"content":"","lastModifiedDate":"2020-05-25","isFullCredit":false},{"lineNumber":17,"author":{"gitId":"-"},"content":"REM run the program, feed commands from input.txt file and redirect the output to the ACTUAL.TXT","lastModifiedDate":"2020-05-25","isFullCredit":false},{"lineNumber":18,"author":{"gitId":"xyanjun02"},"content":"java -classpath ..\\bin BOB \u003c input.txt \u003e ACTUAL.TXT","lastModifiedDate":"2025-01-24","isFullCredit":false},{"lineNumber":19,"author":{"gitId":"-"},"content":"","lastModifiedDate":"2020-05-25","isFullCredit":false},{"lineNumber":20,"author":{"gitId":"-"},"content":"REM compare the output to the expected output","lastModifiedDate":"2020-05-25","isFullCredit":false},{"lineNumber":21,"author":{"gitId":"-"},"content":"FC ACTUAL.TXT EXPECTED.TXT","lastModifiedDate":"2020-05-25","isFullCredit":false}],"authorContributionMap":{"xyanjun02":1,"-":20}}]
