{"authorDailyContributionsMap":{"kemilii":[{"date":"2025-01-24","commitResults":[{"hash":"14b40e4f9f83738df7eae64efeb2d934580e5c0b","isMergeCommit":false,"messageTitle":"Level-0: Rename, Greet, Exit","messageBody":"","fileTypesAndContributionMap":{"java":{"insertions":18,"deletions":10}}}]},{"date":"2025-01-30","commitResults":[{"hash":"2cf677b97c0090cc2718603181eb59a317455cb1","isMergeCommit":false,"messageTitle":"Level-1: Echo","messageBody":"","fileTypesAndContributionMap":{"java":{"insertions":36,"deletions":14}}},{"hash":"4b55fb482e6286ab21dbaaebcd0ee50a43899389","isMergeCommit":false,"messageTitle":"Level-2: Add, List","messageBody":"","fileTypesAndContributionMap":{"java":{"insertions":48,"deletions":7}}}]},{"date":"2025-01-31","commitResults":[{"hash":"e61b099ac669d39f37dd8af23b7de5347aaa3d23","isMergeCommit":false,"messageTitle":"Level-3: Mark as Done","messageBody":"","fileTypesAndContributionMap":{"java":{"insertions":92,"deletions":4}}}]},{"date":"2025-02-06","commitResults":[{"hash":"788a475670631a8ab1616e4bd636cf6ec6989d88","isMergeCommit":false,"messageTitle":"Level 4: ToDos, Events, Deadlines","messageBody":"","fileTypesAndContributionMap":{"java":{"insertions":66,"deletions":3}}},{"hash":"89e91d5b403832fcdfd17c4905180da2f871903d","isMergeCommit":false,"messageTitle":"A-TextUiTesting","messageBody":"","fileTypesAndContributionMap":{"txt":{"insertions":7,"deletions":0},"sh":{"insertions":2,"deletions":6}}},{"hash":"7be633969eb4ab0ee76bfdfb93cc79ee2082fd75","isMergeCommit":false,"messageTitle":"A-CodeQuality","messageBody":"","fileTypesAndContributionMap":{"java":{"insertions":9,"deletions":8}}}]}]},"authorFileTypeContributionMap":{"kemilii":{"java":233,"md":0,"fxml":0,"sh":2,"bat":0,"gradle":0,"txt":7}},"authorContributionVariance":{"kemilii":976.31116},"authorDisplayNameMap":{"kemilii":"CAI ..IALI"}}
