{"authorDailyContributionsMap":{"kemilii":[{"date":"2025-01-24","commitResults":[{"hash":"14b40e4f9f83738df7eae64efeb2d934580e5c0b","isMergeCommit":false,"messageTitle":"Level-0: Rename, Greet, Exit","messageBody":"","fileTypesAndContributionMap":{"java":{"insertions":18,"deletions":10}}}]},{"date":"2025-01-30","commitResults":[{"hash":"2cf677b97c0090cc2718603181eb59a317455cb1","isMergeCommit":false,"messageTitle":"Level-1: Echo","messageBody":"","fileTypesAndContributionMap":{"java":{"insertions":36,"deletions":14}}},{"hash":"4b55fb482e6286ab21dbaaebcd0ee50a43899389","isMergeCommit":false,"messageTitle":"Level-2: Add, List","messageBody":"","fileTypesAndContributionMap":{"java":{"insertions":48,"deletions":7}}}]},{"date":"2025-01-31","commitResults":[{"hash":"e61b099ac669d39f37dd8af23b7de5347aaa3d23","isMergeCommit":false,"messageTitle":"Level-3: Mark as Done","messageBody":"","fileTypesAndContributionMap":{"java":{"insertions":92,"deletions":4}}}]},{"date":"2025-02-06","commitResults":[{"hash":"788a475670631a8ab1616e4bd636cf6ec6989d88","isMergeCommit":false,"messageTitle":"Level 4: ToDos, Events, Deadlines","messageBody":"","fileTypesAndContributionMap":{"java":{"insertions":66,"deletions":3}}},{"hash":"89e91d5b403832fcdfd17c4905180da2f871903d","isMergeCommit":false,"messageTitle":"A-TextUiTesting","messageBody":"","fileTypesAndContributionMap":{"txt":{"insertions":7,"deletions":0},"sh":{"insertions":2,"deletions":6}}},{"hash":"7be633969eb4ab0ee76bfdfb93cc79ee2082fd75","isMergeCommit":false,"messageTitle":"A-CodeQuality","messageBody":"","fileTypesAndContributionMap":{"java":{"insertions":9,"deletions":8}}}]},{"date":"2025-02-13","commitResults":[{"hash":"3b050e7aca6e7d46092ee1dc55df740fc2f45278","isMergeCommit":false,"messageTitle":"Create file MoliException.java","messageBody":"","fileTypesAndContributionMap":{"java":{"insertions":6,"deletions":0}}},{"hash":"cc81ef4642e217c2db3f5fc5954a7354ddfe97c8","isMergeCommit":false,"messageTitle":"Change Moli.java to implement level-5","messageBody":"","fileTypesAndContributionMap":{"java":{"insertions":36,"deletions":42}}},{"hash":"97fa2efb1a2dbd92e4d10004f8d4217450f57780","isMergeCommit":true,"messageTitle":"Merge Level-5 feature","messageBody":"","tags":["Level-5"],"fileTypesAndContributionMap":{}},{"hash":"30fc3c886afc599655ffdb418ebc31155c5f3232","isMergeCommit":false,"messageTitle":"Organize files into packages","messageBody":"","fileTypesAndContributionMap":{"java":{"insertions":19,"deletions":3}}},{"hash":"e93f2741582c88404db4154912acfe7731844d17","isMergeCommit":true,"messageTitle":"Merge A-packages feature","messageBody":"","tags":["A-Packages"],"fileTypesAndContributionMap":{}}]},{"date":"2025-02-20","commitResults":[{"hash":"4d398618b2bbe4519812dc99d763141f90b51cf6","isMergeCommit":false,"messageTitle":"Level-6: Delete","messageBody":"","fileTypesAndContributionMap":{"java":{"insertions":61,"deletions":48}}},{"hash":"9ecee3bab0bd0cc38927faddb344dbded5dd4b8e","isMergeCommit":false,"messageTitle":"Level-7: Save","messageBody":"","fileTypesAndContributionMap":{"java":{"insertions":153,"deletions":23}}},{"hash":"00980c739ba30c918e04cc41d3c8d730c940d61b","isMergeCommit":true,"messageTitle":"Merge Level-6 feature","messageBody":"","fileTypesAndContributionMap":{}},{"hash":"d6b1394cdb7600ad7f76e3198481ca913edb4bd6","isMergeCommit":true,"messageTitle":"Resolve merge conflict and merge","messageBody":"","tags":["level-7","level-6"],"fileTypesAndContributionMap":{}}]}]},"authorFileTypeContributionMap":{"kemilii":{"java":379,"md":0,"fxml":0,"sh":2,"bat":0,"gradle":0,"txt":7}},"authorContributionVariance":{"kemilii":2650.2349},"authorDisplayNameMap":{"kemilii":"CAI ..IALI"}}
