[{"path":"docs/README.md","fileType":"md","lines":[{"lineNumber":1,"author":{"gitId":"ShengBin-101"},"content":"# Hugo User Guide","lastModifiedDate":"2025-01-23","isFullCredit":false},{"lineNumber":2,"author":{"gitId":"-"},"content":"","lastModifiedDate":"2019-07-29","isFullCredit":false},{"lineNumber":3,"author":{"gitId":"-"},"content":"// Update the title above to match the actual product name","lastModifiedDate":"2024-01-07","isFullCredit":false},{"lineNumber":4,"author":{"gitId":"-"},"content":"","lastModifiedDate":"2019-07-29","isFullCredit":false},{"lineNumber":5,"author":{"gitId":"-"},"content":"// Product screenshot goes here","lastModifiedDate":"2024-01-07","isFullCredit":false},{"lineNumber":6,"author":{"gitId":"-"},"content":"","lastModifiedDate":"2021-07-17","isFullCredit":false},{"lineNumber":7,"author":{"gitId":"-"},"content":"// Product intro goes here","lastModifiedDate":"2024-01-07","isFullCredit":false},{"lineNumber":8,"author":{"gitId":"-"},"content":"","lastModifiedDate":"2021-07-17","isFullCredit":false},{"lineNumber":9,"author":{"gitId":"-"},"content":"## Adding deadlines","lastModifiedDate":"2024-01-07","isFullCredit":false},{"lineNumber":10,"author":{"gitId":"-"},"content":"","lastModifiedDate":"2021-07-17","isFullCredit":false},{"lineNumber":11,"author":{"gitId":"-"},"content":"// Describe the action and its outcome.","lastModifiedDate":"2024-01-07","isFullCredit":false},{"lineNumber":12,"author":{"gitId":"-"},"content":"","lastModifiedDate":"2019-07-29","isFullCredit":false},{"lineNumber":13,"author":{"gitId":"-"},"content":"// Give examples of usage","lastModifiedDate":"2024-01-07","isFullCredit":false},{"lineNumber":14,"author":{"gitId":"-"},"content":"","lastModifiedDate":"2019-07-29","isFullCredit":false},{"lineNumber":15,"author":{"gitId":"-"},"content":"Example: `keyword (optional arguments)`","lastModifiedDate":"2024-01-07","isFullCredit":false},{"lineNumber":16,"author":{"gitId":"-"},"content":"","lastModifiedDate":"2019-07-29","isFullCredit":false},{"lineNumber":17,"author":{"gitId":"-"},"content":"// A description of the expected outcome goes here","lastModifiedDate":"2024-01-07","isFullCredit":false},{"lineNumber":18,"author":{"gitId":"-"},"content":"","lastModifiedDate":"2019-07-29","isFullCredit":false},{"lineNumber":19,"author":{"gitId":"-"},"content":"```","lastModifiedDate":"2024-01-07","isFullCredit":false},{"lineNumber":20,"author":{"gitId":"-"},"content":"expected output","lastModifiedDate":"2024-01-07","isFullCredit":false},{"lineNumber":21,"author":{"gitId":"-"},"content":"```","lastModifiedDate":"2024-01-07","isFullCredit":false},{"lineNumber":22,"author":{"gitId":"-"},"content":"","lastModifiedDate":"2019-07-29","isFullCredit":false},{"lineNumber":23,"author":{"gitId":"-"},"content":"## Feature ABC","lastModifiedDate":"2024-01-07","isFullCredit":false},{"lineNumber":24,"author":{"gitId":"-"},"content":"","lastModifiedDate":"2019-07-29","isFullCredit":false},{"lineNumber":25,"author":{"gitId":"-"},"content":"// Feature details","lastModifiedDate":"2024-01-07","isFullCredit":false},{"lineNumber":26,"author":{"gitId":"-"},"content":"","lastModifiedDate":"2019-07-29","isFullCredit":false},{"lineNumber":27,"author":{"gitId":"-"},"content":"","lastModifiedDate":"2021-07-17","isFullCredit":false},{"lineNumber":28,"author":{"gitId":"-"},"content":"## Feature XYZ","lastModifiedDate":"2024-01-07","isFullCredit":false},{"lineNumber":29,"author":{"gitId":"-"},"content":"","lastModifiedDate":"2024-01-07","isFullCredit":false},{"lineNumber":30,"author":{"gitId":"-"},"content":"// Feature details","lastModifiedDate":"2024-01-07","isFullCredit":false}],"authorContributionMap":{"ShengBin-101":1,"-":29}},{"path":"src/main/java/hugo/InputParser.java","fileType":"java","lines":[{"lineNumber":1,"author":{"gitId":"ShengBin-101"},"content":"package hugo;","lastModifiedDate":"2025-02-10","isFullCredit":false},{"lineNumber":2,"author":{"gitId":"ShengBin-101"},"content":"","lastModifiedDate":"2025-02-10","isFullCredit":false},{"lineNumber":3,"author":{"gitId":"ShengBin-101"},"content":"public class InputParser {","lastModifiedDate":"2025-02-05","isFullCredit":false},{"lineNumber":4,"author":{"gitId":"ShengBin-101"},"content":"","lastModifiedDate":"2025-02-05","isFullCredit":false},{"lineNumber":5,"author":{"gitId":"ShengBin-101"},"content":"    /**","lastModifiedDate":"2025-02-10","isFullCredit":false},{"lineNumber":6,"author":{"gitId":"ShengBin-101"},"content":"     * Parses input for an event task.","lastModifiedDate":"2025-02-10","isFullCredit":false},{"lineNumber":7,"author":{"gitId":"ShengBin-101"},"content":"     * Expected format: \"event_description /from start_time /to end_time\"","lastModifiedDate":"2025-02-10","isFullCredit":false},{"lineNumber":8,"author":{"gitId":"ShengBin-101"},"content":"     * @param input The raw user input string.","lastModifiedDate":"2025-02-10","isFullCredit":false},{"lineNumber":9,"author":{"gitId":"ShengBin-101"},"content":"     * @return A String array containing [eventDescription, startTime, endTime], or null if input is invalid.","lastModifiedDate":"2025-02-10","isFullCredit":false},{"lineNumber":10,"author":{"gitId":"ShengBin-101"},"content":"     */","lastModifiedDate":"2025-02-10","isFullCredit":false},{"lineNumber":11,"author":{"gitId":"ShengBin-101"},"content":"    public static String[] parseEventArgs(String input) {","lastModifiedDate":"2025-02-05","isFullCredit":false},{"lineNumber":12,"author":{"gitId":"ShengBin-101"},"content":"        // Ensure input contains both required keywords \"/from\" and \"/to\"","lastModifiedDate":"2025-02-10","isFullCredit":false},{"lineNumber":13,"author":{"gitId":"ShengBin-101"},"content":"        if (!input.contains(\"/from\") || !input.contains(\"/to\")) {","lastModifiedDate":"2025-02-10","isFullCredit":false},{"lineNumber":14,"author":{"gitId":"ShengBin-101"},"content":"            return null; // Invalid format","lastModifiedDate":"2025-02-10","isFullCredit":false},{"lineNumber":15,"author":{"gitId":"ShengBin-101"},"content":"        }","lastModifiedDate":"2025-02-05","isFullCredit":false},{"lineNumber":16,"author":{"gitId":"ShengBin-101"},"content":"","lastModifiedDate":"2025-02-10","isFullCredit":false},{"lineNumber":17,"author":{"gitId":"ShengBin-101"},"content":"        // Split input at \"/from\" while keeping event description","lastModifiedDate":"2025-02-10","isFullCredit":false},{"lineNumber":18,"author":{"gitId":"ShengBin-101"},"content":"        String[] firstSplit \u003d input.split(\"/from\", 2);","lastModifiedDate":"2025-02-10","isFullCredit":false},{"lineNumber":19,"author":{"gitId":"ShengBin-101"},"content":"        if (firstSplit.length \u003c 2) {","lastModifiedDate":"2025-02-10","isFullCredit":false},{"lineNumber":20,"author":{"gitId":"ShengBin-101"},"content":"            return null; // Ensure \"from\" keyword is correctly positioned","lastModifiedDate":"2025-02-10","isFullCredit":false},{"lineNumber":21,"author":{"gitId":"ShengBin-101"},"content":"        }","lastModifiedDate":"2025-02-10","isFullCredit":false},{"lineNumber":22,"author":{"gitId":"ShengBin-101"},"content":"","lastModifiedDate":"2025-02-10","isFullCredit":false},{"lineNumber":23,"author":{"gitId":"ShengBin-101"},"content":"        String eventDesc \u003d firstSplit[0].trim();","lastModifiedDate":"2025-02-10","isFullCredit":false},{"lineNumber":24,"author":{"gitId":"ShengBin-101"},"content":"","lastModifiedDate":"2025-02-10","isFullCredit":false},{"lineNumber":25,"author":{"gitId":"ShengBin-101"},"content":"        // Split the remaining part at \"/to\" to extract start and end time","lastModifiedDate":"2025-02-10","isFullCredit":false},{"lineNumber":26,"author":{"gitId":"ShengBin-101"},"content":"        String[] secondSplit \u003d firstSplit[1].split(\"/to\", 2);","lastModifiedDate":"2025-02-10","isFullCredit":false},{"lineNumber":27,"author":{"gitId":"ShengBin-101"},"content":"        if (secondSplit.length \u003c 2) {","lastModifiedDate":"2025-02-10","isFullCredit":false},{"lineNumber":28,"author":{"gitId":"ShengBin-101"},"content":"            return null; // Ensure \"to\" keyword is correctly positioned","lastModifiedDate":"2025-02-10","isFullCredit":false},{"lineNumber":29,"author":{"gitId":"ShengBin-101"},"content":"        }","lastModifiedDate":"2025-02-10","isFullCredit":false},{"lineNumber":30,"author":{"gitId":"ShengBin-101"},"content":"","lastModifiedDate":"2025-02-10","isFullCredit":false},{"lineNumber":31,"author":{"gitId":"ShengBin-101"},"content":"        String start \u003d secondSplit[0].trim();","lastModifiedDate":"2025-02-10","isFullCredit":false},{"lineNumber":32,"author":{"gitId":"ShengBin-101"},"content":"        String end \u003d secondSplit[1].trim();","lastModifiedDate":"2025-02-10","isFullCredit":false},{"lineNumber":33,"author":{"gitId":"ShengBin-101"},"content":"","lastModifiedDate":"2025-02-10","isFullCredit":false},{"lineNumber":34,"author":{"gitId":"ShengBin-101"},"content":"        // Ensure extracted values are non-empty","lastModifiedDate":"2025-02-10","isFullCredit":false},{"lineNumber":35,"author":{"gitId":"ShengBin-101"},"content":"        if (eventDesc.isEmpty() || start.isEmpty() || end.isEmpty()) {","lastModifiedDate":"2025-02-10","isFullCredit":false},{"lineNumber":36,"author":{"gitId":"ShengBin-101"},"content":"            return null; // Reject malformed inputs","lastModifiedDate":"2025-02-10","isFullCredit":false},{"lineNumber":37,"author":{"gitId":"ShengBin-101"},"content":"        }","lastModifiedDate":"2025-02-10","isFullCredit":false},{"lineNumber":38,"author":{"gitId":"ShengBin-101"},"content":"","lastModifiedDate":"2025-02-10","isFullCredit":false},{"lineNumber":39,"author":{"gitId":"ShengBin-101"},"content":"        return new String[]{eventDesc, start, end};","lastModifiedDate":"2025-02-05","isFullCredit":false},{"lineNumber":40,"author":{"gitId":"ShengBin-101"},"content":"    }","lastModifiedDate":"2025-02-05","isFullCredit":false},{"lineNumber":41,"author":{"gitId":"ShengBin-101"},"content":"","lastModifiedDate":"2025-02-05","isFullCredit":false},{"lineNumber":42,"author":{"gitId":"ShengBin-101"},"content":"    /**","lastModifiedDate":"2025-02-10","isFullCredit":false},{"lineNumber":43,"author":{"gitId":"ShengBin-101"},"content":"     * Parses input for a deadline task.","lastModifiedDate":"2025-02-10","isFullCredit":false},{"lineNumber":44,"author":{"gitId":"ShengBin-101"},"content":"     * Expected format: \"task_description /by due_date\"","lastModifiedDate":"2025-02-10","isFullCredit":false},{"lineNumber":45,"author":{"gitId":"ShengBin-101"},"content":"     * @param input The raw user input string.","lastModifiedDate":"2025-02-10","isFullCredit":false},{"lineNumber":46,"author":{"gitId":"ShengBin-101"},"content":"     * @return A String array containing [taskDescription, dueDate], or null if input is invalid.","lastModifiedDate":"2025-02-10","isFullCredit":false},{"lineNumber":47,"author":{"gitId":"ShengBin-101"},"content":"     */","lastModifiedDate":"2025-02-10","isFullCredit":false},{"lineNumber":48,"author":{"gitId":"ShengBin-101"},"content":"    public static String[] parseDeadlineArgs(String input) {","lastModifiedDate":"2025-02-05","isFullCredit":false},{"lineNumber":49,"author":{"gitId":"ShengBin-101"},"content":"        // Ensure input contains the required keyword \"/by\"","lastModifiedDate":"2025-02-10","isFullCredit":false},{"lineNumber":50,"author":{"gitId":"ShengBin-101"},"content":"        if (!input.contains(\"/by\")) {","lastModifiedDate":"2025-02-10","isFullCredit":false},{"lineNumber":51,"author":{"gitId":"ShengBin-101"},"content":"            return null; // Invalid format","lastModifiedDate":"2025-02-10","isFullCredit":false},{"lineNumber":52,"author":{"gitId":"ShengBin-101"},"content":"        }","lastModifiedDate":"2025-02-10","isFullCredit":false},{"lineNumber":53,"author":{"gitId":"ShengBin-101"},"content":"","lastModifiedDate":"2025-02-10","isFullCredit":false},{"lineNumber":54,"author":{"gitId":"ShengBin-101"},"content":"        // Split input at \"/by\" while keeping task description","lastModifiedDate":"2025-02-10","isFullCredit":false},{"lineNumber":55,"author":{"gitId":"ShengBin-101"},"content":"        String[] deadlineArgParts \u003d input.split(\"/by\", 2);","lastModifiedDate":"2025-02-05","isFullCredit":false},{"lineNumber":56,"author":{"gitId":"ShengBin-101"},"content":"        if (deadlineArgParts.length \u003c 2) {","lastModifiedDate":"2025-02-05","isFullCredit":false},{"lineNumber":57,"author":{"gitId":"ShengBin-101"},"content":"            return null; // Ensure \"/by\" keyword is correctly positioned","lastModifiedDate":"2025-02-10","isFullCredit":false},{"lineNumber":58,"author":{"gitId":"ShengBin-101"},"content":"        }","lastModifiedDate":"2025-02-05","isFullCredit":false},{"lineNumber":59,"author":{"gitId":"ShengBin-101"},"content":"","lastModifiedDate":"2025-02-10","isFullCredit":false},{"lineNumber":60,"author":{"gitId":"ShengBin-101"},"content":"        String taskDescription \u003d deadlineArgParts[0].trim();","lastModifiedDate":"2025-02-05","isFullCredit":false},{"lineNumber":61,"author":{"gitId":"ShengBin-101"},"content":"        String dueDate \u003d deadlineArgParts[1].trim();","lastModifiedDate":"2025-02-05","isFullCredit":false},{"lineNumber":62,"author":{"gitId":"ShengBin-101"},"content":"","lastModifiedDate":"2025-02-10","isFullCredit":false},{"lineNumber":63,"author":{"gitId":"ShengBin-101"},"content":"        // Ensure extracted values are non-empty","lastModifiedDate":"2025-02-10","isFullCredit":false},{"lineNumber":64,"author":{"gitId":"ShengBin-101"},"content":"        if (taskDescription.isEmpty() || dueDate.isEmpty()) {","lastModifiedDate":"2025-02-10","isFullCredit":false},{"lineNumber":65,"author":{"gitId":"ShengBin-101"},"content":"            return null; // Reject malformed inputs","lastModifiedDate":"2025-02-10","isFullCredit":false},{"lineNumber":66,"author":{"gitId":"ShengBin-101"},"content":"        }","lastModifiedDate":"2025-02-10","isFullCredit":false},{"lineNumber":67,"author":{"gitId":"ShengBin-101"},"content":"","lastModifiedDate":"2025-02-10","isFullCredit":false},{"lineNumber":68,"author":{"gitId":"ShengBin-101"},"content":"        return new String[]{taskDescription, dueDate};","lastModifiedDate":"2025-02-05","isFullCredit":false},{"lineNumber":69,"author":{"gitId":"ShengBin-101"},"content":"    }","lastModifiedDate":"2025-02-05","isFullCredit":false},{"lineNumber":70,"author":{"gitId":"ShengBin-101"},"content":"}","lastModifiedDate":"2025-02-05","isFullCredit":false}],"authorContributionMap":{"ShengBin-101":70}},{"path":"src/main/java/hugo/TaskManager.java","fileType":"java","lines":[{"lineNumber":1,"author":{"gitId":"ShengBin-101"},"content":"package hugo;","lastModifiedDate":"2025-02-10","isFullCredit":false},{"lineNumber":2,"author":{"gitId":"ShengBin-101"},"content":"","lastModifiedDate":"2025-02-10","isFullCredit":false},{"lineNumber":3,"author":{"gitId":"ShengBin-101"},"content":"import hugo.exceptions.*;","lastModifiedDate":"2025-02-10","isFullCredit":false},{"lineNumber":4,"author":{"gitId":"ShengBin-101"},"content":"import hugo.tasks.Deadline;","lastModifiedDate":"2025-02-10","isFullCredit":false},{"lineNumber":5,"author":{"gitId":"ShengBin-101"},"content":"import hugo.tasks.Event;","lastModifiedDate":"2025-02-10","isFullCredit":false},{"lineNumber":6,"author":{"gitId":"ShengBin-101"},"content":"import hugo.tasks.Task;","lastModifiedDate":"2025-02-10","isFullCredit":false},{"lineNumber":7,"author":{"gitId":"ShengBin-101"},"content":"import hugo.tasks.Todo;","lastModifiedDate":"2025-02-10","isFullCredit":false},{"lineNumber":8,"author":{"gitId":"ShengBin-101"},"content":"import hugo.ui.Formatter;","lastModifiedDate":"2025-02-10","isFullCredit":false},{"lineNumber":9,"author":{"gitId":"ShengBin-101"},"content":"","lastModifiedDate":"2025-02-10","isFullCredit":false},{"lineNumber":10,"author":{"gitId":"ShengBin-101"},"content":"import java.util.ArrayList;","lastModifiedDate":"2025-02-05","isFullCredit":false},{"lineNumber":11,"author":{"gitId":"ShengBin-101"},"content":"import java.util.Scanner;","lastModifiedDate":"2025-02-05","isFullCredit":false},{"lineNumber":12,"author":{"gitId":"ShengBin-101"},"content":"","lastModifiedDate":"2025-02-05","isFullCredit":false},{"lineNumber":13,"author":{"gitId":"ShengBin-101"},"content":"public class TaskManager {","lastModifiedDate":"2025-02-05","isFullCredit":false},{"lineNumber":14,"author":{"gitId":"ShengBin-101"},"content":"","lastModifiedDate":"2025-02-05","isFullCredit":false},{"lineNumber":15,"author":{"gitId":"ShengBin-101"},"content":"    private ArrayList\u003cTask\u003e tasks;","lastModifiedDate":"2025-02-05","isFullCredit":false},{"lineNumber":16,"author":{"gitId":"ShengBin-101"},"content":"","lastModifiedDate":"2025-02-05","isFullCredit":false},{"lineNumber":17,"author":{"gitId":"ShengBin-101"},"content":"    public TaskManager() {","lastModifiedDate":"2025-02-05","isFullCredit":false},{"lineNumber":18,"author":{"gitId":"ShengBin-101"},"content":"        this.tasks \u003d new ArrayList\u003c\u003e();","lastModifiedDate":"2025-02-05","isFullCredit":false},{"lineNumber":19,"author":{"gitId":"ShengBin-101"},"content":"    }","lastModifiedDate":"2025-02-05","isFullCredit":false},{"lineNumber":20,"author":{"gitId":"ShengBin-101"},"content":"","lastModifiedDate":"2025-02-05","isFullCredit":false},{"lineNumber":21,"author":{"gitId":"ShengBin-101"},"content":"    public void askInput() {","lastModifiedDate":"2025-02-05","isFullCredit":false},{"lineNumber":22,"author":{"gitId":"ShengBin-101"},"content":"        boolean isAskingInput \u003d true;","lastModifiedDate":"2025-02-05","isFullCredit":false},{"lineNumber":23,"author":{"gitId":"ShengBin-101"},"content":"        String userInputLine;","lastModifiedDate":"2025-02-05","isFullCredit":false},{"lineNumber":24,"author":{"gitId":"ShengBin-101"},"content":"        Scanner scanner \u003d new Scanner(System.in);","lastModifiedDate":"2025-02-05","isFullCredit":false},{"lineNumber":25,"author":{"gitId":"ShengBin-101"},"content":"        while (isAskingInput) {","lastModifiedDate":"2025-02-05","isFullCredit":false},{"lineNumber":26,"author":{"gitId":"ShengBin-101"},"content":"","lastModifiedDate":"2025-02-10","isFullCredit":false},{"lineNumber":27,"author":{"gitId":"ShengBin-101"},"content":"            if (!scanner.hasNextLine()) {  // Prevents NoSuchElementException","lastModifiedDate":"2025-02-10","isFullCredit":false},{"lineNumber":28,"author":{"gitId":"ShengBin-101"},"content":"                break;","lastModifiedDate":"2025-02-10","isFullCredit":false},{"lineNumber":29,"author":{"gitId":"ShengBin-101"},"content":"            }","lastModifiedDate":"2025-02-10","isFullCredit":false},{"lineNumber":30,"author":{"gitId":"ShengBin-101"},"content":"","lastModifiedDate":"2025-02-10","isFullCredit":false},{"lineNumber":31,"author":{"gitId":"ShengBin-101"},"content":"            userInputLine \u003d scanner.nextLine();","lastModifiedDate":"2025-02-05","isFullCredit":false},{"lineNumber":32,"author":{"gitId":"ShengBin-101"},"content":"            if (userInputLine.isEmpty()) {","lastModifiedDate":"2025-02-05","isFullCredit":false},{"lineNumber":33,"author":{"gitId":"ShengBin-101"},"content":"                Formatter.printBorderedMessage(\"Please enter a command or task name to add\");","lastModifiedDate":"2025-02-10","isFullCredit":false},{"lineNumber":34,"author":{"gitId":"ShengBin-101"},"content":"            } else {","lastModifiedDate":"2025-02-05","isFullCredit":false},{"lineNumber":35,"author":{"gitId":"ShengBin-101"},"content":"                String[] inputs \u003d userInputLine.split(\" \", 2);","lastModifiedDate":"2025-02-05","isFullCredit":false},{"lineNumber":36,"author":{"gitId":"ShengBin-101"},"content":"                try {","lastModifiedDate":"2025-02-10","isFullCredit":false},{"lineNumber":37,"author":{"gitId":"ShengBin-101"},"content":"                    switch (inputs[0]) {","lastModifiedDate":"2025-02-05","isFullCredit":false},{"lineNumber":38,"author":{"gitId":"ShengBin-101"},"content":"                    case \"deadline\":","lastModifiedDate":"2025-02-05","isFullCredit":false},{"lineNumber":39,"author":{"gitId":"ShengBin-101"},"content":"                        addDeadline(inputs);","lastModifiedDate":"2025-02-05","isFullCredit":false},{"lineNumber":40,"author":{"gitId":"ShengBin-101"},"content":"                        break;","lastModifiedDate":"2025-02-05","isFullCredit":false},{"lineNumber":41,"author":{"gitId":"ShengBin-101"},"content":"                    case \"todo\":","lastModifiedDate":"2025-02-05","isFullCredit":false},{"lineNumber":42,"author":{"gitId":"ShengBin-101"},"content":"                        addToDo(inputs);","lastModifiedDate":"2025-02-05","isFullCredit":false},{"lineNumber":43,"author":{"gitId":"ShengBin-101"},"content":"                        break;","lastModifiedDate":"2025-02-05","isFullCredit":false},{"lineNumber":44,"author":{"gitId":"ShengBin-101"},"content":"                    case \"event\":","lastModifiedDate":"2025-02-05","isFullCredit":false},{"lineNumber":45,"author":{"gitId":"ShengBin-101"},"content":"                        addEvent(inputs);","lastModifiedDate":"2025-02-05","isFullCredit":false},{"lineNumber":46,"author":{"gitId":"ShengBin-101"},"content":"                        break;","lastModifiedDate":"2025-02-05","isFullCredit":false},{"lineNumber":47,"author":{"gitId":"ShengBin-101"},"content":"                    case \"list\":","lastModifiedDate":"2025-02-05","isFullCredit":false},{"lineNumber":48,"author":{"gitId":"ShengBin-101"},"content":"                        listTasks();","lastModifiedDate":"2025-02-05","isFullCredit":false},{"lineNumber":49,"author":{"gitId":"ShengBin-101"},"content":"                        break;","lastModifiedDate":"2025-02-05","isFullCredit":false},{"lineNumber":50,"author":{"gitId":"ShengBin-101"},"content":"                    case \"mark\":","lastModifiedDate":"2025-02-05","isFullCredit":false},{"lineNumber":51,"author":{"gitId":"ShengBin-101"},"content":"                        markTaskAsDone(inputs);","lastModifiedDate":"2025-02-05","isFullCredit":false},{"lineNumber":52,"author":{"gitId":"ShengBin-101"},"content":"                        break;","lastModifiedDate":"2025-02-05","isFullCredit":false},{"lineNumber":53,"author":{"gitId":"ShengBin-101"},"content":"                    case \"unmark\":","lastModifiedDate":"2025-02-05","isFullCredit":false},{"lineNumber":54,"author":{"gitId":"ShengBin-101"},"content":"                        markTaskAsUndone(inputs);","lastModifiedDate":"2025-02-05","isFullCredit":false},{"lineNumber":55,"author":{"gitId":"ShengBin-101"},"content":"                        break;","lastModifiedDate":"2025-02-05","isFullCredit":false},{"lineNumber":56,"author":{"gitId":"ShengBin-101"},"content":"                    case \"bye\":","lastModifiedDate":"2025-02-05","isFullCredit":false},{"lineNumber":57,"author":{"gitId":"ShengBin-101"},"content":"                        displayExitMessage();","lastModifiedDate":"2025-02-05","isFullCredit":false},{"lineNumber":58,"author":{"gitId":"ShengBin-101"},"content":"                        isAskingInput \u003d false;","lastModifiedDate":"2025-02-05","isFullCredit":false},{"lineNumber":59,"author":{"gitId":"ShengBin-101"},"content":"                        break;","lastModifiedDate":"2025-02-05","isFullCredit":false},{"lineNumber":60,"author":{"gitId":"ShengBin-101"},"content":"                    default:","lastModifiedDate":"2025-02-05","isFullCredit":false},{"lineNumber":61,"author":{"gitId":"ShengBin-101"},"content":"                        throw new CommandInputException(\"Unknown command.\");","lastModifiedDate":"2025-02-10","isFullCredit":false},{"lineNumber":62,"author":{"gitId":"ShengBin-101"},"content":"                    }","lastModifiedDate":"2025-02-10","isFullCredit":false},{"lineNumber":63,"author":{"gitId":"ShengBin-101"},"content":"                } catch (CommandInputException e) {","lastModifiedDate":"2025-02-10","isFullCredit":false},{"lineNumber":64,"author":{"gitId":"ShengBin-101"},"content":"                    Formatter.printBorderedMessage(e.getMessage());","lastModifiedDate":"2025-02-10","isFullCredit":false},{"lineNumber":65,"author":{"gitId":"ShengBin-101"},"content":"                }","lastModifiedDate":"2025-02-05","isFullCredit":false},{"lineNumber":66,"author":{"gitId":"ShengBin-101"},"content":"            }","lastModifiedDate":"2025-02-05","isFullCredit":false},{"lineNumber":67,"author":{"gitId":"ShengBin-101"},"content":"        }","lastModifiedDate":"2025-02-05","isFullCredit":false},{"lineNumber":68,"author":{"gitId":"ShengBin-101"},"content":"    }","lastModifiedDate":"2025-02-05","isFullCredit":false},{"lineNumber":69,"author":{"gitId":"ShengBin-101"},"content":"","lastModifiedDate":"2025-02-05","isFullCredit":false},{"lineNumber":70,"author":{"gitId":"ShengBin-101"},"content":"    private void addDeadline(String[] inputs) {","lastModifiedDate":"2025-02-05","isFullCredit":false},{"lineNumber":71,"author":{"gitId":"ShengBin-101"},"content":"        try {","lastModifiedDate":"2025-02-10","isFullCredit":false},{"lineNumber":72,"author":{"gitId":"ShengBin-101"},"content":"            if (inputs.length \u003c 2) {","lastModifiedDate":"2025-02-05","isFullCredit":false},{"lineNumber":73,"author":{"gitId":"ShengBin-101"},"content":"                throw new EmptyDescriptionException(\"Please provide a deadline description and due date.\");","lastModifiedDate":"2025-02-10","isFullCredit":false},{"lineNumber":74,"author":{"gitId":"ShengBin-101"},"content":"            }","lastModifiedDate":"2025-02-05","isFullCredit":false},{"lineNumber":75,"author":{"gitId":"ShengBin-101"},"content":"            String[] deadlineArgs \u003d InputParser.parseDeadlineArgs(inputs[1]);","lastModifiedDate":"2025-02-05","isFullCredit":false},{"lineNumber":76,"author":{"gitId":"ShengBin-101"},"content":"            if (deadlineArgs \u003d\u003d null) {","lastModifiedDate":"2025-02-05","isFullCredit":false},{"lineNumber":77,"author":{"gitId":"ShengBin-101"},"content":"                throw new TaskInputException(\"Invalid deadline format. Use: deadline \u003cdescription\u003e /by \u003cdue date\u003e\");","lastModifiedDate":"2025-02-10","isFullCredit":false},{"lineNumber":78,"author":{"gitId":"ShengBin-101"},"content":"            }","lastModifiedDate":"2025-02-05","isFullCredit":false},{"lineNumber":79,"author":{"gitId":"ShengBin-101"},"content":"            Deadline deadlineTask \u003d new Deadline(deadlineArgs[0], deadlineArgs[1]);","lastModifiedDate":"2025-02-05","isFullCredit":false},{"lineNumber":80,"author":{"gitId":"ShengBin-101"},"content":"            tasks.add(deadlineTask);","lastModifiedDate":"2025-02-05","isFullCredit":false},{"lineNumber":81,"author":{"gitId":"ShengBin-101"},"content":"            Formatter.printTaskStatusChange(\"Got it. I\u0027ve added this task:\", deadlineTask, tasks.size());","lastModifiedDate":"2025-02-05","isFullCredit":false},{"lineNumber":82,"author":{"gitId":"ShengBin-101"},"content":"        } catch (TaskInputException | EmptyDescriptionException e) {","lastModifiedDate":"2025-02-10","isFullCredit":false},{"lineNumber":83,"author":{"gitId":"ShengBin-101"},"content":"            Formatter.printBorderedMessage(e.getMessage());","lastModifiedDate":"2025-02-10","isFullCredit":false},{"lineNumber":84,"author":{"gitId":"ShengBin-101"},"content":"        }","lastModifiedDate":"2025-02-10","isFullCredit":false},{"lineNumber":85,"author":{"gitId":"ShengBin-101"},"content":"    }","lastModifiedDate":"2025-02-05","isFullCredit":false},{"lineNumber":86,"author":{"gitId":"ShengBin-101"},"content":"","lastModifiedDate":"2025-02-05","isFullCredit":false},{"lineNumber":87,"author":{"gitId":"ShengBin-101"},"content":"    private void addToDo(String[] inputs) {","lastModifiedDate":"2025-02-05","isFullCredit":false},{"lineNumber":88,"author":{"gitId":"ShengBin-101"},"content":"        try {","lastModifiedDate":"2025-02-10","isFullCredit":false},{"lineNumber":89,"author":{"gitId":"ShengBin-101"},"content":"            // Check if the description is empty or contains only whitespace","lastModifiedDate":"2025-02-10","isFullCredit":false},{"lineNumber":90,"author":{"gitId":"ShengBin-101"},"content":"            if (inputs.length \u003c 2 || inputs[1].trim().isEmpty()) {","lastModifiedDate":"2025-02-10","isFullCredit":false},{"lineNumber":91,"author":{"gitId":"ShengBin-101"},"content":"                throw new EmptyDescriptionException(\"Please provide a todo description.\");","lastModifiedDate":"2025-02-10","isFullCredit":false},{"lineNumber":92,"author":{"gitId":"ShengBin-101"},"content":"            }","lastModifiedDate":"2025-02-05","isFullCredit":false},{"lineNumber":93,"author":{"gitId":"ShengBin-101"},"content":"            Todo todoTask \u003d new Todo(inputs[1].trim());","lastModifiedDate":"2025-02-05","isFullCredit":false},{"lineNumber":94,"author":{"gitId":"ShengBin-101"},"content":"            tasks.add(todoTask);","lastModifiedDate":"2025-02-05","isFullCredit":false},{"lineNumber":95,"author":{"gitId":"ShengBin-101"},"content":"            Formatter.printTaskStatusChange(\"Got it. I\u0027ve added this task:\", todoTask, tasks.size());","lastModifiedDate":"2025-02-05","isFullCredit":false},{"lineNumber":96,"author":{"gitId":"ShengBin-101"},"content":"        } catch (EmptyDescriptionException e) {","lastModifiedDate":"2025-02-10","isFullCredit":false},{"lineNumber":97,"author":{"gitId":"ShengBin-101"},"content":"            Formatter.printBorderedMessage(e.getMessage());","lastModifiedDate":"2025-02-10","isFullCredit":false},{"lineNumber":98,"author":{"gitId":"ShengBin-101"},"content":"        }","lastModifiedDate":"2025-02-10","isFullCredit":false},{"lineNumber":99,"author":{"gitId":"ShengBin-101"},"content":"    }","lastModifiedDate":"2025-02-05","isFullCredit":false},{"lineNumber":100,"author":{"gitId":"ShengBin-101"},"content":"","lastModifiedDate":"2025-02-05","isFullCredit":false},{"lineNumber":101,"author":{"gitId":"ShengBin-101"},"content":"    private void addEvent(String[] inputs) {","lastModifiedDate":"2025-02-05","isFullCredit":false},{"lineNumber":102,"author":{"gitId":"ShengBin-101"},"content":"        try {","lastModifiedDate":"2025-02-10","isFullCredit":false},{"lineNumber":103,"author":{"gitId":"ShengBin-101"},"content":"            if (inputs.length \u003c 2) {","lastModifiedDate":"2025-02-05","isFullCredit":false},{"lineNumber":104,"author":{"gitId":"ShengBin-101"},"content":"                throw new EmptyDescriptionException(\"Please provide an event description, start time, and end time. \" +","lastModifiedDate":"2025-02-10","isFullCredit":false},{"lineNumber":105,"author":{"gitId":"ShengBin-101"},"content":"                        \"Use: event \u003cdescription\u003e /from \u003cstart time\u003e /to \u003cend time\u003e\");","lastModifiedDate":"2025-02-10","isFullCredit":false},{"lineNumber":106,"author":{"gitId":"ShengBin-101"},"content":"            }","lastModifiedDate":"2025-02-05","isFullCredit":false},{"lineNumber":107,"author":{"gitId":"ShengBin-101"},"content":"            // Extract [eventDescription, startTime, endTime] from inputs following \"event\" command","lastModifiedDate":"2025-02-10","isFullCredit":false},{"lineNumber":108,"author":{"gitId":"ShengBin-101"},"content":"            String[] eventArgs \u003d InputParser.parseEventArgs(inputs[1]);","lastModifiedDate":"2025-02-05","isFullCredit":false},{"lineNumber":109,"author":{"gitId":"ShengBin-101"},"content":"            if (eventArgs \u003d\u003d null) {","lastModifiedDate":"2025-02-05","isFullCredit":false},{"lineNumber":110,"author":{"gitId":"ShengBin-101"},"content":"                throw new TaskInputException(\"Invalid event format. \" +","lastModifiedDate":"2025-02-10","isFullCredit":false},{"lineNumber":111,"author":{"gitId":"ShengBin-101"},"content":"                        \"Use: event \u003cdescription\u003e /from \u003cstart time\u003e /to \u003cend time\u003e\");","lastModifiedDate":"2025-02-10","isFullCredit":false},{"lineNumber":112,"author":{"gitId":"ShengBin-101"},"content":"            }","lastModifiedDate":"2025-02-05","isFullCredit":false},{"lineNumber":113,"author":{"gitId":"ShengBin-101"},"content":"            Event eventTask \u003d new Event(eventArgs[0], eventArgs[1], eventArgs[2]);","lastModifiedDate":"2025-02-05","isFullCredit":false},{"lineNumber":114,"author":{"gitId":"ShengBin-101"},"content":"            tasks.add(eventTask);","lastModifiedDate":"2025-02-05","isFullCredit":false},{"lineNumber":115,"author":{"gitId":"ShengBin-101"},"content":"            Formatter.printTaskStatusChange(\"Got it. I\u0027ve added this task:\", eventTask, tasks.size());","lastModifiedDate":"2025-02-05","isFullCredit":false},{"lineNumber":116,"author":{"gitId":"ShengBin-101"},"content":"        } catch (TaskInputException | EmptyDescriptionException e) {","lastModifiedDate":"2025-02-10","isFullCredit":false},{"lineNumber":117,"author":{"gitId":"ShengBin-101"},"content":"            Formatter.printBorderedMessage(e.getMessage());","lastModifiedDate":"2025-02-10","isFullCredit":false},{"lineNumber":118,"author":{"gitId":"ShengBin-101"},"content":"        }","lastModifiedDate":"2025-02-10","isFullCredit":false},{"lineNumber":119,"author":{"gitId":"ShengBin-101"},"content":"    }","lastModifiedDate":"2025-02-05","isFullCredit":false},{"lineNumber":120,"author":{"gitId":"ShengBin-101"},"content":"","lastModifiedDate":"2025-02-05","isFullCredit":false},{"lineNumber":121,"author":{"gitId":"ShengBin-101"},"content":"    private void listTasks() {","lastModifiedDate":"2025-02-05","isFullCredit":false},{"lineNumber":122,"author":{"gitId":"ShengBin-101"},"content":"        Formatter.printTaskList(tasks);","lastModifiedDate":"2025-02-05","isFullCredit":false},{"lineNumber":123,"author":{"gitId":"ShengBin-101"},"content":"    }","lastModifiedDate":"2025-02-05","isFullCredit":false},{"lineNumber":124,"author":{"gitId":"ShengBin-101"},"content":"","lastModifiedDate":"2025-02-05","isFullCredit":false},{"lineNumber":125,"author":{"gitId":"ShengBin-101"},"content":"    private void markTaskAsDone(String[] inputs) {","lastModifiedDate":"2025-02-05","isFullCredit":false},{"lineNumber":126,"author":{"gitId":"ShengBin-101"},"content":"        try {","lastModifiedDate":"2025-02-10","isFullCredit":false},{"lineNumber":127,"author":{"gitId":"ShengBin-101"},"content":"            if (inputs.length \u003c 2) {","lastModifiedDate":"2025-02-05","isFullCredit":false},{"lineNumber":128,"author":{"gitId":"ShengBin-101"},"content":"                throw new TaskInputException(\"Please provide a task number to mark as done.\");","lastModifiedDate":"2025-02-10","isFullCredit":false},{"lineNumber":129,"author":{"gitId":"ShengBin-101"},"content":"            }","lastModifiedDate":"2025-02-05","isFullCredit":false},{"lineNumber":130,"author":{"gitId":"ShengBin-101"},"content":"            int taskId \u003d Integer.parseInt(inputs[1]) - 1;","lastModifiedDate":"2025-02-05","isFullCredit":false},{"lineNumber":131,"author":{"gitId":"ShengBin-101"},"content":"            if (taskId \u003c 0 || taskId \u003e\u003d tasks.size()) {","lastModifiedDate":"2025-02-05","isFullCredit":false},{"lineNumber":132,"author":{"gitId":"ShengBin-101"},"content":"                throw new TaskNotFoundException(\"Invalid task id.\");","lastModifiedDate":"2025-02-10","isFullCredit":false},{"lineNumber":133,"author":{"gitId":"ShengBin-101"},"content":"            }","lastModifiedDate":"2025-02-05","isFullCredit":false},{"lineNumber":134,"author":{"gitId":"ShengBin-101"},"content":"            if (tasks.get(taskId).getIsDone()) {","lastModifiedDate":"2025-02-05","isFullCredit":false},{"lineNumber":135,"author":{"gitId":"ShengBin-101"},"content":"                throw new InvalidTaskStateException(\"Task is already marked.\");","lastModifiedDate":"2025-02-10","isFullCredit":false},{"lineNumber":136,"author":{"gitId":"ShengBin-101"},"content":"            }","lastModifiedDate":"2025-02-05","isFullCredit":false},{"lineNumber":137,"author":{"gitId":"ShengBin-101"},"content":"            tasks.get(taskId).setIsDone(true);","lastModifiedDate":"2025-02-10","isFullCredit":false},{"lineNumber":138,"author":{"gitId":"ShengBin-101"},"content":"            Formatter.printTaskStatusChange(\"Nice! I\u0027ve marked this task as done:\",","lastModifiedDate":"2025-02-05","isFullCredit":false},{"lineNumber":139,"author":{"gitId":"ShengBin-101"},"content":"                    tasks.get(taskId), tasks.size());","lastModifiedDate":"2025-02-05","isFullCredit":false},{"lineNumber":140,"author":{"gitId":"ShengBin-101"},"content":"        } catch (TaskInputException | TaskNotFoundException | InvalidTaskStateException e) {","lastModifiedDate":"2025-02-10","isFullCredit":false},{"lineNumber":141,"author":{"gitId":"ShengBin-101"},"content":"            Formatter.printBorderedMessage(e.getMessage());","lastModifiedDate":"2025-02-10","isFullCredit":false},{"lineNumber":142,"author":{"gitId":"ShengBin-101"},"content":"        }","lastModifiedDate":"2025-02-10","isFullCredit":false},{"lineNumber":143,"author":{"gitId":"ShengBin-101"},"content":"    }","lastModifiedDate":"2025-02-05","isFullCredit":false},{"lineNumber":144,"author":{"gitId":"ShengBin-101"},"content":"","lastModifiedDate":"2025-02-05","isFullCredit":false},{"lineNumber":145,"author":{"gitId":"ShengBin-101"},"content":"    private void markTaskAsUndone(String[] inputs) {","lastModifiedDate":"2025-02-05","isFullCredit":false},{"lineNumber":146,"author":{"gitId":"ShengBin-101"},"content":"        try {","lastModifiedDate":"2025-02-10","isFullCredit":false},{"lineNumber":147,"author":{"gitId":"ShengBin-101"},"content":"            if (inputs.length \u003c 2) {","lastModifiedDate":"2025-02-05","isFullCredit":false},{"lineNumber":148,"author":{"gitId":"ShengBin-101"},"content":"                throw new TaskInputException(\"Please provide a task number to unmark.\");","lastModifiedDate":"2025-02-10","isFullCredit":false},{"lineNumber":149,"author":{"gitId":"ShengBin-101"},"content":"            }","lastModifiedDate":"2025-02-05","isFullCredit":false},{"lineNumber":150,"author":{"gitId":"ShengBin-101"},"content":"            int taskId \u003d Integer.parseInt(inputs[1]) - 1;","lastModifiedDate":"2025-02-05","isFullCredit":false},{"lineNumber":151,"author":{"gitId":"ShengBin-101"},"content":"            if (taskId \u003c 0 || taskId \u003e\u003d tasks.size()) {","lastModifiedDate":"2025-02-05","isFullCredit":false},{"lineNumber":152,"author":{"gitId":"ShengBin-101"},"content":"                throw new TaskNotFoundException(\"Invalid task id.\");","lastModifiedDate":"2025-02-10","isFullCredit":false},{"lineNumber":153,"author":{"gitId":"ShengBin-101"},"content":"            }","lastModifiedDate":"2025-02-05","isFullCredit":false},{"lineNumber":154,"author":{"gitId":"ShengBin-101"},"content":"            if (!tasks.get(taskId).getIsDone()) {","lastModifiedDate":"2025-02-05","isFullCredit":false},{"lineNumber":155,"author":{"gitId":"ShengBin-101"},"content":"                throw new InvalidTaskStateException(\"Task is already unmarked.\");","lastModifiedDate":"2025-02-10","isFullCredit":false},{"lineNumber":156,"author":{"gitId":"ShengBin-101"},"content":"            }","lastModifiedDate":"2025-02-05","isFullCredit":false},{"lineNumber":157,"author":{"gitId":"ShengBin-101"},"content":"            tasks.get(taskId).setIsDone(false);","lastModifiedDate":"2025-02-10","isFullCredit":false},{"lineNumber":158,"author":{"gitId":"ShengBin-101"},"content":"            Formatter.printTaskStatusChange(\"OK, I\u0027ve marked this task as not done yet:\",","lastModifiedDate":"2025-02-05","isFullCredit":false},{"lineNumber":159,"author":{"gitId":"ShengBin-101"},"content":"                    tasks.get(taskId), tasks.size());","lastModifiedDate":"2025-02-05","isFullCredit":false},{"lineNumber":160,"author":{"gitId":"ShengBin-101"},"content":"        } catch (TaskInputException | TaskNotFoundException | InvalidTaskStateException e) {","lastModifiedDate":"2025-02-10","isFullCredit":false},{"lineNumber":161,"author":{"gitId":"ShengBin-101"},"content":"            Formatter.printBorderedMessage(e.getMessage());","lastModifiedDate":"2025-02-10","isFullCredit":false},{"lineNumber":162,"author":{"gitId":"ShengBin-101"},"content":"        }","lastModifiedDate":"2025-02-10","isFullCredit":false},{"lineNumber":163,"author":{"gitId":"ShengBin-101"},"content":"    }","lastModifiedDate":"2025-02-05","isFullCredit":false},{"lineNumber":164,"author":{"gitId":"ShengBin-101"},"content":"","lastModifiedDate":"2025-02-05","isFullCredit":false},{"lineNumber":165,"author":{"gitId":"ShengBin-101"},"content":"    private void displayExitMessage() {","lastModifiedDate":"2025-02-05","isFullCredit":false},{"lineNumber":166,"author":{"gitId":"ShengBin-101"},"content":"        Formatter.printBorderedMessage(\"Bye. Hope to see you again soon!\");","lastModifiedDate":"2025-02-10","isFullCredit":false},{"lineNumber":167,"author":{"gitId":"ShengBin-101"},"content":"    }","lastModifiedDate":"2025-02-05","isFullCredit":false},{"lineNumber":168,"author":{"gitId":"ShengBin-101"},"content":"}","lastModifiedDate":"2025-02-05","isFullCredit":false}],"authorContributionMap":{"ShengBin-101":168}},{"path":"src/main/java/hugo/exceptions/CommandInputException.java","fileType":"java","lines":[{"lineNumber":1,"author":{"gitId":"ShengBin-101"},"content":"package hugo.exceptions;","lastModifiedDate":"2025-02-10","isFullCredit":false},{"lineNumber":2,"author":{"gitId":"ShengBin-101"},"content":"","lastModifiedDate":"2025-02-10","isFullCredit":false},{"lineNumber":3,"author":{"gitId":"ShengBin-101"},"content":"public class CommandInputException extends Exception {","lastModifiedDate":"2025-02-10","isFullCredit":false},{"lineNumber":4,"author":{"gitId":"ShengBin-101"},"content":"    public CommandInputException(String message) {","lastModifiedDate":"2025-02-10","isFullCredit":false},{"lineNumber":5,"author":{"gitId":"ShengBin-101"},"content":"        super(message);","lastModifiedDate":"2025-02-10","isFullCredit":false},{"lineNumber":6,"author":{"gitId":"ShengBin-101"},"content":"    }","lastModifiedDate":"2025-02-10","isFullCredit":false},{"lineNumber":7,"author":{"gitId":"ShengBin-101"},"content":"}","lastModifiedDate":"2025-02-10","isFullCredit":false}],"authorContributionMap":{"ShengBin-101":7}},{"path":"src/main/java/hugo/exceptions/EmptyDescriptionException.java","fileType":"java","lines":[{"lineNumber":1,"author":{"gitId":"ShengBin-101"},"content":"package hugo.exceptions;","lastModifiedDate":"2025-02-10","isFullCredit":false},{"lineNumber":2,"author":{"gitId":"ShengBin-101"},"content":"","lastModifiedDate":"2025-02-10","isFullCredit":false},{"lineNumber":3,"author":{"gitId":"ShengBin-101"},"content":"public class EmptyDescriptionException extends Exception {","lastModifiedDate":"2025-02-10","isFullCredit":false},{"lineNumber":4,"author":{"gitId":"ShengBin-101"},"content":"    public EmptyDescriptionException(String message) {","lastModifiedDate":"2025-02-10","isFullCredit":false},{"lineNumber":5,"author":{"gitId":"ShengBin-101"},"content":"        super(message);","lastModifiedDate":"2025-02-10","isFullCredit":false},{"lineNumber":6,"author":{"gitId":"ShengBin-101"},"content":"    }","lastModifiedDate":"2025-02-10","isFullCredit":false},{"lineNumber":7,"author":{"gitId":"ShengBin-101"},"content":"}","lastModifiedDate":"2025-02-10","isFullCredit":false}],"authorContributionMap":{"ShengBin-101":7}},{"path":"src/main/java/hugo/exceptions/InvalidTaskStateException.java","fileType":"java","lines":[{"lineNumber":1,"author":{"gitId":"ShengBin-101"},"content":"package hugo.exceptions;","lastModifiedDate":"2025-02-10","isFullCredit":false},{"lineNumber":2,"author":{"gitId":"ShengBin-101"},"content":"","lastModifiedDate":"2025-02-10","isFullCredit":false},{"lineNumber":3,"author":{"gitId":"ShengBin-101"},"content":"public class InvalidTaskStateException extends Exception {","lastModifiedDate":"2025-02-10","isFullCredit":false},{"lineNumber":4,"author":{"gitId":"ShengBin-101"},"content":"    public InvalidTaskStateException(String message) {","lastModifiedDate":"2025-02-10","isFullCredit":false},{"lineNumber":5,"author":{"gitId":"ShengBin-101"},"content":"        super(message);","lastModifiedDate":"2025-02-10","isFullCredit":false},{"lineNumber":6,"author":{"gitId":"ShengBin-101"},"content":"    }","lastModifiedDate":"2025-02-10","isFullCredit":false},{"lineNumber":7,"author":{"gitId":"ShengBin-101"},"content":"}","lastModifiedDate":"2025-02-10","isFullCredit":false},{"lineNumber":8,"author":{"gitId":"ShengBin-101"},"content":"","lastModifiedDate":"2025-02-10","isFullCredit":false}],"authorContributionMap":{"ShengBin-101":8}},{"path":"src/main/java/hugo/exceptions/TaskInputException.java","fileType":"java","lines":[{"lineNumber":1,"author":{"gitId":"ShengBin-101"},"content":"package hugo.exceptions;","lastModifiedDate":"2025-02-10","isFullCredit":false},{"lineNumber":2,"author":{"gitId":"ShengBin-101"},"content":"","lastModifiedDate":"2025-02-10","isFullCredit":false},{"lineNumber":3,"author":{"gitId":"ShengBin-101"},"content":"public class TaskInputException extends Exception {","lastModifiedDate":"2025-02-10","isFullCredit":false},{"lineNumber":4,"author":{"gitId":"ShengBin-101"},"content":"    public TaskInputException(String message) {","lastModifiedDate":"2025-02-10","isFullCredit":false},{"lineNumber":5,"author":{"gitId":"ShengBin-101"},"content":"        super(message);","lastModifiedDate":"2025-02-10","isFullCredit":false},{"lineNumber":6,"author":{"gitId":"ShengBin-101"},"content":"    }","lastModifiedDate":"2025-02-10","isFullCredit":false},{"lineNumber":7,"author":{"gitId":"ShengBin-101"},"content":"}","lastModifiedDate":"2025-02-10","isFullCredit":false}],"authorContributionMap":{"ShengBin-101":7}},{"path":"src/main/java/hugo/exceptions/TaskNotFoundException.java","fileType":"java","lines":[{"lineNumber":1,"author":{"gitId":"ShengBin-101"},"content":"package hugo.exceptions;","lastModifiedDate":"2025-02-10","isFullCredit":false},{"lineNumber":2,"author":{"gitId":"ShengBin-101"},"content":"","lastModifiedDate":"2025-02-10","isFullCredit":false},{"lineNumber":3,"author":{"gitId":"ShengBin-101"},"content":"public class TaskNotFoundException extends Exception {","lastModifiedDate":"2025-02-10","isFullCredit":false},{"lineNumber":4,"author":{"gitId":"ShengBin-101"},"content":"    public TaskNotFoundException(String message) {","lastModifiedDate":"2025-02-10","isFullCredit":false},{"lineNumber":5,"author":{"gitId":"ShengBin-101"},"content":"        super(message);","lastModifiedDate":"2025-02-10","isFullCredit":false},{"lineNumber":6,"author":{"gitId":"ShengBin-101"},"content":"    }","lastModifiedDate":"2025-02-10","isFullCredit":false},{"lineNumber":7,"author":{"gitId":"ShengBin-101"},"content":"}","lastModifiedDate":"2025-02-10","isFullCredit":false}],"authorContributionMap":{"ShengBin-101":7}},{"path":"src/main/java/hugo/tasks/Deadline.java","fileType":"java","lines":[{"lineNumber":1,"author":{"gitId":"ShengBin-101"},"content":"package hugo.tasks;","lastModifiedDate":"2025-02-10","isFullCredit":false},{"lineNumber":2,"author":{"gitId":"ShengBin-101"},"content":"","lastModifiedDate":"2025-02-10","isFullCredit":false},{"lineNumber":3,"author":{"gitId":"ShengBin-101"},"content":"public class Deadline extends Task {","lastModifiedDate":"2025-02-01","isFullCredit":false},{"lineNumber":4,"author":{"gitId":"ShengBin-101"},"content":"    private String dueDate;","lastModifiedDate":"2025-02-01","isFullCredit":false},{"lineNumber":5,"author":{"gitId":"ShengBin-101"},"content":"","lastModifiedDate":"2025-02-01","isFullCredit":false},{"lineNumber":6,"author":{"gitId":"ShengBin-101"},"content":"    public Deadline(String description, String dueDate) {","lastModifiedDate":"2025-02-01","isFullCredit":false},{"lineNumber":7,"author":{"gitId":"ShengBin-101"},"content":"        super(description);","lastModifiedDate":"2025-02-01","isFullCredit":false},{"lineNumber":8,"author":{"gitId":"ShengBin-101"},"content":"        this.setDueDate(dueDate);","lastModifiedDate":"2025-02-01","isFullCredit":false},{"lineNumber":9,"author":{"gitId":"ShengBin-101"},"content":"    }","lastModifiedDate":"2025-02-01","isFullCredit":false},{"lineNumber":10,"author":{"gitId":"ShengBin-101"},"content":"","lastModifiedDate":"2025-02-01","isFullCredit":false},{"lineNumber":11,"author":{"gitId":"ShengBin-101"},"content":"    @Override","lastModifiedDate":"2025-02-01","isFullCredit":false},{"lineNumber":12,"author":{"gitId":"ShengBin-101"},"content":"    public String toString() {","lastModifiedDate":"2025-02-01","isFullCredit":false},{"lineNumber":13,"author":{"gitId":"ShengBin-101"},"content":"        return \"[D]\" + \"[\" + getStatusIcon() + \"] \" + getDescription();","lastModifiedDate":"2025-02-01","isFullCredit":false},{"lineNumber":14,"author":{"gitId":"ShengBin-101"},"content":"    }","lastModifiedDate":"2025-02-01","isFullCredit":false},{"lineNumber":15,"author":{"gitId":"ShengBin-101"},"content":"","lastModifiedDate":"2025-02-01","isFullCredit":false},{"lineNumber":16,"author":{"gitId":"ShengBin-101"},"content":"    @Override","lastModifiedDate":"2025-02-01","isFullCredit":false},{"lineNumber":17,"author":{"gitId":"ShengBin-101"},"content":"    public String getDescription() {","lastModifiedDate":"2025-02-01","isFullCredit":false},{"lineNumber":18,"author":{"gitId":"ShengBin-101"},"content":"        return (super.getDescription() + \" (by: \" + getDueDate() + \")\");","lastModifiedDate":"2025-02-01","isFullCredit":false},{"lineNumber":19,"author":{"gitId":"ShengBin-101"},"content":"    }","lastModifiedDate":"2025-02-01","isFullCredit":false},{"lineNumber":20,"author":{"gitId":"ShengBin-101"},"content":"","lastModifiedDate":"2025-02-01","isFullCredit":false},{"lineNumber":21,"author":{"gitId":"ShengBin-101"},"content":"    public String getDueDate() {","lastModifiedDate":"2025-02-01","isFullCredit":false},{"lineNumber":22,"author":{"gitId":"ShengBin-101"},"content":"        return dueDate;","lastModifiedDate":"2025-02-01","isFullCredit":false},{"lineNumber":23,"author":{"gitId":"ShengBin-101"},"content":"    }","lastModifiedDate":"2025-02-01","isFullCredit":false},{"lineNumber":24,"author":{"gitId":"ShengBin-101"},"content":"","lastModifiedDate":"2025-02-01","isFullCredit":false},{"lineNumber":25,"author":{"gitId":"ShengBin-101"},"content":"    public void setDueDate(String dueDate) {","lastModifiedDate":"2025-02-01","isFullCredit":false},{"lineNumber":26,"author":{"gitId":"ShengBin-101"},"content":"        this.dueDate \u003d dueDate;","lastModifiedDate":"2025-02-01","isFullCredit":false},{"lineNumber":27,"author":{"gitId":"ShengBin-101"},"content":"    }","lastModifiedDate":"2025-02-01","isFullCredit":false},{"lineNumber":28,"author":{"gitId":"ShengBin-101"},"content":"}","lastModifiedDate":"2025-02-01","isFullCredit":false}],"authorContributionMap":{"ShengBin-101":28}},{"path":"src/main/java/hugo/tasks/Event.java","fileType":"java","lines":[{"lineNumber":1,"author":{"gitId":"ShengBin-101"},"content":"package hugo.tasks;","lastModifiedDate":"2025-02-10","isFullCredit":false},{"lineNumber":2,"author":{"gitId":"ShengBin-101"},"content":"","lastModifiedDate":"2025-02-10","isFullCredit":false},{"lineNumber":3,"author":{"gitId":"ShengBin-101"},"content":"public class Event extends Task {","lastModifiedDate":"2025-02-01","isFullCredit":false},{"lineNumber":4,"author":{"gitId":"ShengBin-101"},"content":"    private String from;","lastModifiedDate":"2025-02-01","isFullCredit":false},{"lineNumber":5,"author":{"gitId":"ShengBin-101"},"content":"    private String to;","lastModifiedDate":"2025-02-01","isFullCredit":false},{"lineNumber":6,"author":{"gitId":"ShengBin-101"},"content":"","lastModifiedDate":"2025-02-01","isFullCredit":false},{"lineNumber":7,"author":{"gitId":"ShengBin-101"},"content":"    public Event(String description, String from, String to) {","lastModifiedDate":"2025-02-01","isFullCredit":false},{"lineNumber":8,"author":{"gitId":"ShengBin-101"},"content":"        super(description);","lastModifiedDate":"2025-02-01","isFullCredit":false},{"lineNumber":9,"author":{"gitId":"ShengBin-101"},"content":"        this.setFrom(from);","lastModifiedDate":"2025-02-01","isFullCredit":false},{"lineNumber":10,"author":{"gitId":"ShengBin-101"},"content":"        this.setTo(to);","lastModifiedDate":"2025-02-01","isFullCredit":false},{"lineNumber":11,"author":{"gitId":"ShengBin-101"},"content":"    }","lastModifiedDate":"2025-02-01","isFullCredit":false},{"lineNumber":12,"author":{"gitId":"ShengBin-101"},"content":"","lastModifiedDate":"2025-02-01","isFullCredit":false},{"lineNumber":13,"author":{"gitId":"ShengBin-101"},"content":"    @Override","lastModifiedDate":"2025-02-01","isFullCredit":false},{"lineNumber":14,"author":{"gitId":"ShengBin-101"},"content":"    public String toString() {","lastModifiedDate":"2025-02-01","isFullCredit":false},{"lineNumber":15,"author":{"gitId":"ShengBin-101"},"content":"        return \"[E]\" + \"[\" + getStatusIcon() + \"] \" + this.getDescription() +","lastModifiedDate":"2025-02-01","isFullCredit":false},{"lineNumber":16,"author":{"gitId":"ShengBin-101"},"content":"                \" (from: \" + this.getFrom() + \" to: \" + this.getTo() + \")\";","lastModifiedDate":"2025-02-01","isFullCredit":false},{"lineNumber":17,"author":{"gitId":"ShengBin-101"},"content":"    }","lastModifiedDate":"2025-02-01","isFullCredit":false},{"lineNumber":18,"author":{"gitId":"ShengBin-101"},"content":"","lastModifiedDate":"2025-02-01","isFullCredit":false},{"lineNumber":19,"author":{"gitId":"ShengBin-101"},"content":"    public String getFrom() {","lastModifiedDate":"2025-02-01","isFullCredit":false},{"lineNumber":20,"author":{"gitId":"ShengBin-101"},"content":"        return from;","lastModifiedDate":"2025-02-01","isFullCredit":false},{"lineNumber":21,"author":{"gitId":"ShengBin-101"},"content":"    }","lastModifiedDate":"2025-02-01","isFullCredit":false},{"lineNumber":22,"author":{"gitId":"ShengBin-101"},"content":"","lastModifiedDate":"2025-02-01","isFullCredit":false},{"lineNumber":23,"author":{"gitId":"ShengBin-101"},"content":"    public void setFrom(String from) {","lastModifiedDate":"2025-02-01","isFullCredit":false},{"lineNumber":24,"author":{"gitId":"ShengBin-101"},"content":"        this.from \u003d from;","lastModifiedDate":"2025-02-01","isFullCredit":false},{"lineNumber":25,"author":{"gitId":"ShengBin-101"},"content":"    }","lastModifiedDate":"2025-02-01","isFullCredit":false},{"lineNumber":26,"author":{"gitId":"ShengBin-101"},"content":"","lastModifiedDate":"2025-02-01","isFullCredit":false},{"lineNumber":27,"author":{"gitId":"ShengBin-101"},"content":"    public String getTo() {","lastModifiedDate":"2025-02-01","isFullCredit":false},{"lineNumber":28,"author":{"gitId":"ShengBin-101"},"content":"        return to;","lastModifiedDate":"2025-02-01","isFullCredit":false},{"lineNumber":29,"author":{"gitId":"ShengBin-101"},"content":"    }","lastModifiedDate":"2025-02-01","isFullCredit":false},{"lineNumber":30,"author":{"gitId":"ShengBin-101"},"content":"","lastModifiedDate":"2025-02-01","isFullCredit":false},{"lineNumber":31,"author":{"gitId":"ShengBin-101"},"content":"    public void setTo(String to) {","lastModifiedDate":"2025-02-01","isFullCredit":false},{"lineNumber":32,"author":{"gitId":"ShengBin-101"},"content":"        this.to \u003d to;","lastModifiedDate":"2025-02-01","isFullCredit":false},{"lineNumber":33,"author":{"gitId":"ShengBin-101"},"content":"    }","lastModifiedDate":"2025-02-01","isFullCredit":false},{"lineNumber":34,"author":{"gitId":"ShengBin-101"},"content":"}","lastModifiedDate":"2025-02-01","isFullCredit":false}],"authorContributionMap":{"ShengBin-101":34}},{"path":"src/main/java/hugo/tasks/Task.java","fileType":"java","lines":[{"lineNumber":1,"author":{"gitId":"ShengBin-101"},"content":"package hugo.tasks;","lastModifiedDate":"2025-02-10","isFullCredit":false},{"lineNumber":2,"author":{"gitId":"ShengBin-101"},"content":"","lastModifiedDate":"2025-02-10","isFullCredit":false},{"lineNumber":3,"author":{"gitId":"ShengBin-101"},"content":"public abstract class Task {","lastModifiedDate":"2025-02-10","isFullCredit":false},{"lineNumber":4,"author":{"gitId":"ShengBin-101"},"content":"","lastModifiedDate":"2025-01-30","isFullCredit":false},{"lineNumber":5,"author":{"gitId":"ShengBin-101"},"content":"    protected String description;","lastModifiedDate":"2025-01-30","isFullCredit":false},{"lineNumber":6,"author":{"gitId":"ShengBin-101"},"content":"    protected boolean isDone;","lastModifiedDate":"2025-01-30","isFullCredit":false},{"lineNumber":7,"author":{"gitId":"ShengBin-101"},"content":"","lastModifiedDate":"2025-01-30","isFullCredit":false},{"lineNumber":8,"author":{"gitId":"ShengBin-101"},"content":"    public Task(String description) {","lastModifiedDate":"2025-01-30","isFullCredit":false},{"lineNumber":9,"author":{"gitId":"ShengBin-101"},"content":"        this.description \u003d description;","lastModifiedDate":"2025-01-30","isFullCredit":false},{"lineNumber":10,"author":{"gitId":"ShengBin-101"},"content":"        this.isDone \u003d false;","lastModifiedDate":"2025-01-30","isFullCredit":false},{"lineNumber":11,"author":{"gitId":"ShengBin-101"},"content":"    }","lastModifiedDate":"2025-01-30","isFullCredit":false},{"lineNumber":12,"author":{"gitId":"ShengBin-101"},"content":"","lastModifiedDate":"2025-01-30","isFullCredit":false},{"lineNumber":13,"author":{"gitId":"ShengBin-101"},"content":"    @Override","lastModifiedDate":"2025-02-01","isFullCredit":false},{"lineNumber":14,"author":{"gitId":"ShengBin-101"},"content":"    public abstract String toString();","lastModifiedDate":"2025-02-10","isFullCredit":false},{"lineNumber":15,"author":{"gitId":"ShengBin-101"},"content":"","lastModifiedDate":"2025-02-01","isFullCredit":false},{"lineNumber":16,"author":{"gitId":"ShengBin-101"},"content":"    public String getStatusIcon() {","lastModifiedDate":"2025-01-30","isFullCredit":false},{"lineNumber":17,"author":{"gitId":"ShengBin-101"},"content":"        return (isDone ? \"X\" : \" \");","lastModifiedDate":"2025-01-30","isFullCredit":false},{"lineNumber":18,"author":{"gitId":"ShengBin-101"},"content":"    }","lastModifiedDate":"2025-01-30","isFullCredit":false},{"lineNumber":19,"author":{"gitId":"ShengBin-101"},"content":"","lastModifiedDate":"2025-01-30","isFullCredit":false},{"lineNumber":20,"author":{"gitId":"ShengBin-101"},"content":"    public String getDescription() {","lastModifiedDate":"2025-01-30","isFullCredit":false},{"lineNumber":21,"author":{"gitId":"ShengBin-101"},"content":"        return description;","lastModifiedDate":"2025-01-30","isFullCredit":false},{"lineNumber":22,"author":{"gitId":"ShengBin-101"},"content":"    }","lastModifiedDate":"2025-01-30","isFullCredit":false},{"lineNumber":23,"author":{"gitId":"ShengBin-101"},"content":"","lastModifiedDate":"2025-01-30","isFullCredit":false},{"lineNumber":24,"author":{"gitId":"ShengBin-101"},"content":"    public void setIsDone(boolean isDone) {","lastModifiedDate":"2025-02-10","isFullCredit":false},{"lineNumber":25,"author":{"gitId":"ShengBin-101"},"content":"        this.isDone \u003d isDone;","lastModifiedDate":"2025-02-10","isFullCredit":false},{"lineNumber":26,"author":{"gitId":"ShengBin-101"},"content":"    }","lastModifiedDate":"2025-01-30","isFullCredit":false},{"lineNumber":27,"author":{"gitId":"ShengBin-101"},"content":"","lastModifiedDate":"2025-01-30","isFullCredit":false},{"lineNumber":28,"author":{"gitId":"ShengBin-101"},"content":"    public boolean getIsDone() {","lastModifiedDate":"2025-01-30","isFullCredit":false},{"lineNumber":29,"author":{"gitId":"ShengBin-101"},"content":"        return isDone;","lastModifiedDate":"2025-01-30","isFullCredit":false},{"lineNumber":30,"author":{"gitId":"ShengBin-101"},"content":"    }","lastModifiedDate":"2025-01-30","isFullCredit":false},{"lineNumber":31,"author":{"gitId":"ShengBin-101"},"content":"","lastModifiedDate":"2025-02-01","isFullCredit":false},{"lineNumber":32,"author":{"gitId":"ShengBin-101"},"content":"}","lastModifiedDate":"2025-01-30","isFullCredit":false}],"authorContributionMap":{"ShengBin-101":32}},{"path":"src/main/java/hugo/tasks/Todo.java","fileType":"java","lines":[{"lineNumber":1,"author":{"gitId":"ShengBin-101"},"content":"package hugo.tasks;","lastModifiedDate":"2025-02-10","isFullCredit":false},{"lineNumber":2,"author":{"gitId":"ShengBin-101"},"content":"","lastModifiedDate":"2025-02-10","isFullCredit":false},{"lineNumber":3,"author":{"gitId":"ShengBin-101"},"content":"public class Todo extends Task {","lastModifiedDate":"2025-02-01","isFullCredit":false},{"lineNumber":4,"author":{"gitId":"ShengBin-101"},"content":"","lastModifiedDate":"2025-02-01","isFullCredit":false},{"lineNumber":5,"author":{"gitId":"ShengBin-101"},"content":"    public Todo(String description) {","lastModifiedDate":"2025-02-01","isFullCredit":false},{"lineNumber":6,"author":{"gitId":"ShengBin-101"},"content":"        super(description);","lastModifiedDate":"2025-02-01","isFullCredit":false},{"lineNumber":7,"author":{"gitId":"ShengBin-101"},"content":"    }","lastModifiedDate":"2025-02-01","isFullCredit":false},{"lineNumber":8,"author":{"gitId":"ShengBin-101"},"content":"","lastModifiedDate":"2025-02-01","isFullCredit":false},{"lineNumber":9,"author":{"gitId":"ShengBin-101"},"content":"    @Override","lastModifiedDate":"2025-02-01","isFullCredit":false},{"lineNumber":10,"author":{"gitId":"ShengBin-101"},"content":"    public String toString() {","lastModifiedDate":"2025-02-01","isFullCredit":false},{"lineNumber":11,"author":{"gitId":"ShengBin-101"},"content":"        return \"[T]\" + \"[\" + getStatusIcon() + \"] \" + this.description;","lastModifiedDate":"2025-02-01","isFullCredit":false},{"lineNumber":12,"author":{"gitId":"ShengBin-101"},"content":"    }","lastModifiedDate":"2025-02-01","isFullCredit":false},{"lineNumber":13,"author":{"gitId":"ShengBin-101"},"content":"}","lastModifiedDate":"2025-02-01","isFullCredit":false}],"authorContributionMap":{"ShengBin-101":13}},{"path":"src/main/java/hugo/ui/Formatter.java","fileType":"java","lines":[{"lineNumber":1,"author":{"gitId":"ShengBin-101"},"content":"package hugo.ui;","lastModifiedDate":"2025-02-10","isFullCredit":false},{"lineNumber":2,"author":{"gitId":"ShengBin-101"},"content":"","lastModifiedDate":"2025-02-10","isFullCredit":false},{"lineNumber":3,"author":{"gitId":"ShengBin-101"},"content":"import hugo.tasks.Task;","lastModifiedDate":"2025-02-10","isFullCredit":false},{"lineNumber":4,"author":{"gitId":"ShengBin-101"},"content":"","lastModifiedDate":"2025-02-10","isFullCredit":false},{"lineNumber":5,"author":{"gitId":"ShengBin-101"},"content":"import java.util.ArrayList;","lastModifiedDate":"2025-02-01","isFullCredit":false},{"lineNumber":6,"author":{"gitId":"ShengBin-101"},"content":"","lastModifiedDate":"2025-02-01","isFullCredit":false},{"lineNumber":7,"author":{"gitId":"ShengBin-101"},"content":"public class Formatter {","lastModifiedDate":"2025-02-01","isFullCredit":false},{"lineNumber":8,"author":{"gitId":"ShengBin-101"},"content":"","lastModifiedDate":"2025-02-01","isFullCredit":false},{"lineNumber":9,"author":{"gitId":"ShengBin-101"},"content":"//  Example Output:","lastModifiedDate":"2025-02-10","isFullCredit":false},{"lineNumber":10,"author":{"gitId":"ShengBin-101"},"content":"//     ____________________________________________________________ [Lines have MINOR_INDENT]","lastModifiedDate":"2025-02-10","isFullCredit":false},{"lineNumber":11,"author":{"gitId":"ShengBin-101"},"content":"//      This is a normal indent message.    [With NORMAL_INDENT]","lastModifiedDate":"2025-02-10","isFullCredit":false},{"lineNumber":12,"author":{"gitId":"ShengBin-101"},"content":"//        This is a major indent message.   [With MAJOR_INDENT]","lastModifiedDate":"2025-02-10","isFullCredit":false},{"lineNumber":13,"author":{"gitId":"ShengBin-101"},"content":"//     ____________________________________________________________","lastModifiedDate":"2025-02-10","isFullCredit":false},{"lineNumber":14,"author":{"gitId":"ShengBin-101"},"content":"","lastModifiedDate":"2025-02-10","isFullCredit":false},{"lineNumber":15,"author":{"gitId":"ShengBin-101"},"content":"    private static final int MAJOR_INDENT \u003d 7;","lastModifiedDate":"2025-02-01","isFullCredit":false},{"lineNumber":16,"author":{"gitId":"ShengBin-101"},"content":"    private static final int NORMAL_INDENT \u003d 5;","lastModifiedDate":"2025-02-01","isFullCredit":false},{"lineNumber":17,"author":{"gitId":"ShengBin-101"},"content":"    private static final int MINOR_INDENT \u003d 4;","lastModifiedDate":"2025-02-01","isFullCredit":false},{"lineNumber":18,"author":{"gitId":"ShengBin-101"},"content":"","lastModifiedDate":"2025-02-01","isFullCredit":false},{"lineNumber":19,"author":{"gitId":"ShengBin-101"},"content":"    public static void printLine() {","lastModifiedDate":"2025-02-01","isFullCredit":false},{"lineNumber":20,"author":{"gitId":"ShengBin-101"},"content":"        System.out.print(\"____________________________________________________________\".indent(MINOR_INDENT));","lastModifiedDate":"2025-02-01","isFullCredit":false},{"lineNumber":21,"author":{"gitId":"ShengBin-101"},"content":"    }","lastModifiedDate":"2025-02-01","isFullCredit":false},{"lineNumber":22,"author":{"gitId":"ShengBin-101"},"content":"","lastModifiedDate":"2025-02-01","isFullCredit":false},{"lineNumber":23,"author":{"gitId":"ShengBin-101"},"content":"    public static void printBorderedMessage(String message) {","lastModifiedDate":"2025-02-10","isFullCredit":false},{"lineNumber":24,"author":{"gitId":"ShengBin-101"},"content":"        printLine();","lastModifiedDate":"2025-02-05","isFullCredit":false},{"lineNumber":25,"author":{"gitId":"ShengBin-101"},"content":"        System.out.print(message.indent(NORMAL_INDENT));","lastModifiedDate":"2025-02-01","isFullCredit":false},{"lineNumber":26,"author":{"gitId":"ShengBin-101"},"content":"        printLine();","lastModifiedDate":"2025-02-05","isFullCredit":false},{"lineNumber":27,"author":{"gitId":"ShengBin-101"},"content":"    }","lastModifiedDate":"2025-02-05","isFullCredit":false},{"lineNumber":28,"author":{"gitId":"ShengBin-101"},"content":"","lastModifiedDate":"2025-02-10","isFullCredit":false},{"lineNumber":29,"author":{"gitId":"ShengBin-101"},"content":"    public static void printSimpleMessage(String message) {","lastModifiedDate":"2025-02-10","isFullCredit":false},{"lineNumber":30,"author":{"gitId":"ShengBin-101"},"content":"        System.out.print(message.indent(NORMAL_INDENT));","lastModifiedDate":"2025-02-05","isFullCredit":false},{"lineNumber":31,"author":{"gitId":"ShengBin-101"},"content":"    }","lastModifiedDate":"2025-02-05","isFullCredit":false},{"lineNumber":32,"author":{"gitId":"ShengBin-101"},"content":"","lastModifiedDate":"2025-02-10","isFullCredit":false},{"lineNumber":33,"author":{"gitId":"ShengBin-101"},"content":"","lastModifiedDate":"2025-02-01","isFullCredit":false},{"lineNumber":34,"author":{"gitId":"ShengBin-101"},"content":"    public static void printMajorMessage(String message) {","lastModifiedDate":"2025-02-01","isFullCredit":false},{"lineNumber":35,"author":{"gitId":"ShengBin-101"},"content":"        System.out.print(message.indent(MAJOR_INDENT));","lastModifiedDate":"2025-02-01","isFullCredit":false},{"lineNumber":36,"author":{"gitId":"ShengBin-101"},"content":"    }","lastModifiedDate":"2025-02-01","isFullCredit":false},{"lineNumber":37,"author":{"gitId":"ShengBin-101"},"content":"","lastModifiedDate":"2025-02-01","isFullCredit":false},{"lineNumber":38,"author":{"gitId":"ShengBin-101"},"content":"    public static void printTaskList(ArrayList\u003cTask\u003e tasks) {","lastModifiedDate":"2025-02-01","isFullCredit":false},{"lineNumber":39,"author":{"gitId":"ShengBin-101"},"content":"        printLine();","lastModifiedDate":"2025-02-01","isFullCredit":false},{"lineNumber":40,"author":{"gitId":"ShengBin-101"},"content":"        printSimpleMessage(\"Here are the tasks in your list:\");","lastModifiedDate":"2025-02-10","isFullCredit":false},{"lineNumber":41,"author":{"gitId":"ShengBin-101"},"content":"        int count \u003d 0;","lastModifiedDate":"2025-02-01","isFullCredit":false},{"lineNumber":42,"author":{"gitId":"ShengBin-101"},"content":"        for (Task task : tasks) {","lastModifiedDate":"2025-02-01","isFullCredit":false},{"lineNumber":43,"author":{"gitId":"ShengBin-101"},"content":"            count +\u003d 1;","lastModifiedDate":"2025-02-10","isFullCredit":false},{"lineNumber":44,"author":{"gitId":"ShengBin-101"},"content":"            printSimpleMessage(count + \".\" + task.toString());","lastModifiedDate":"2025-02-10","isFullCredit":false},{"lineNumber":45,"author":{"gitId":"ShengBin-101"},"content":"        }","lastModifiedDate":"2025-02-01","isFullCredit":false},{"lineNumber":46,"author":{"gitId":"ShengBin-101"},"content":"        printLine();","lastModifiedDate":"2025-02-01","isFullCredit":false},{"lineNumber":47,"author":{"gitId":"ShengBin-101"},"content":"    }","lastModifiedDate":"2025-02-01","isFullCredit":false},{"lineNumber":48,"author":{"gitId":"ShengBin-101"},"content":"","lastModifiedDate":"2025-02-01","isFullCredit":false},{"lineNumber":49,"author":{"gitId":"ShengBin-101"},"content":"    public static void printTaskStatusChange(String message, Task task, int totalTasks) {","lastModifiedDate":"2025-02-01","isFullCredit":false},{"lineNumber":50,"author":{"gitId":"ShengBin-101"},"content":"        printLine();","lastModifiedDate":"2025-02-01","isFullCredit":false},{"lineNumber":51,"author":{"gitId":"ShengBin-101"},"content":"        printSimpleMessage(message);","lastModifiedDate":"2025-02-10","isFullCredit":false},{"lineNumber":52,"author":{"gitId":"ShengBin-101"},"content":"        printMajorMessage(task.toString());","lastModifiedDate":"2025-02-01","isFullCredit":false},{"lineNumber":53,"author":{"gitId":"ShengBin-101"},"content":"        printSimpleMessage(\"Now you have \" + totalTasks + \" tasks in the list.\");","lastModifiedDate":"2025-02-10","isFullCredit":false},{"lineNumber":54,"author":{"gitId":"ShengBin-101"},"content":"        printLine();","lastModifiedDate":"2025-02-01","isFullCredit":false},{"lineNumber":55,"author":{"gitId":"ShengBin-101"},"content":"    }","lastModifiedDate":"2025-02-01","isFullCredit":false},{"lineNumber":56,"author":{"gitId":"ShengBin-101"},"content":"}","lastModifiedDate":"2025-02-01","isFullCredit":false}],"authorContributionMap":{"ShengBin-101":56}},{"path":"src/main/java/hugo/ui/Hugo.java","fileType":"java","lines":[{"lineNumber":1,"author":{"gitId":"ShengBin-101"},"content":"package hugo.ui;","lastModifiedDate":"2025-02-10","isFullCredit":false},{"lineNumber":2,"author":{"gitId":"ShengBin-101"},"content":"","lastModifiedDate":"2025-02-10","isFullCredit":false},{"lineNumber":3,"author":{"gitId":"ShengBin-101"},"content":"import hugo.TaskManager;","lastModifiedDate":"2025-02-10","isFullCredit":false},{"lineNumber":4,"author":{"gitId":"ShengBin-101"},"content":"","lastModifiedDate":"2025-02-10","isFullCredit":false},{"lineNumber":5,"author":{"gitId":"ShengBin-101"},"content":"public class Hugo {","lastModifiedDate":"2025-01-23","isFullCredit":false},{"lineNumber":6,"author":{"gitId":"ShengBin-101"},"content":"","lastModifiedDate":"2025-01-23","isFullCredit":false},{"lineNumber":7,"author":{"gitId":"ShengBin-101"},"content":"    public static void main(String[] args) {","lastModifiedDate":"2025-01-23","isFullCredit":false},{"lineNumber":8,"author":{"gitId":"ShengBin-101"},"content":"        displayWelcomeMessage();","lastModifiedDate":"2025-01-23","isFullCredit":false},{"lineNumber":9,"author":{"gitId":"ShengBin-101"},"content":"        TaskManager taskManager \u003d new TaskManager();","lastModifiedDate":"2025-02-05","isFullCredit":false},{"lineNumber":10,"author":{"gitId":"ShengBin-101"},"content":"        taskManager.askInput();","lastModifiedDate":"2025-02-05","isFullCredit":false},{"lineNumber":11,"author":{"gitId":"ShengBin-101"},"content":"    }","lastModifiedDate":"2025-02-01","isFullCredit":false},{"lineNumber":12,"author":{"gitId":"ShengBin-101"},"content":"","lastModifiedDate":"2025-02-01","isFullCredit":false},{"lineNumber":13,"author":{"gitId":"ShengBin-101"},"content":"    public static void displayWelcomeMessage() {","lastModifiedDate":"2025-01-23","isFullCredit":false},{"lineNumber":14,"author":{"gitId":"ShengBin-101"},"content":"        Formatter.printBorderedMessage(\"Hello! I\u0027m Hugo\\nWhat can I do for you?\");","lastModifiedDate":"2025-02-10","isFullCredit":false},{"lineNumber":15,"author":{"gitId":"ShengBin-101"},"content":"    }","lastModifiedDate":"2025-01-23","isFullCredit":false},{"lineNumber":16,"author":{"gitId":"ShengBin-101"},"content":"}","lastModifiedDate":"2025-01-23","isFullCredit":false}],"authorContributionMap":{"ShengBin-101":16}},{"path":"text-ui-test/input.txt","fileType":"txt","lines":[{"lineNumber":1,"author":{"gitId":"ShengBin-101"},"content":"todo borrow book","lastModifiedDate":"2025-02-02","isFullCredit":false},{"lineNumber":2,"author":{"gitId":"ShengBin-101"},"content":"list","lastModifiedDate":"2025-02-02","isFullCredit":false},{"lineNumber":3,"author":{"gitId":"ShengBin-101"},"content":"deadline return book /by Sunday","lastModifiedDate":"2025-02-02","isFullCredit":false},{"lineNumber":4,"author":{"gitId":"ShengBin-101"},"content":"event project meeting /from Mon 2pm /to 4pm","lastModifiedDate":"2025-02-02","isFullCredit":false}],"authorContributionMap":{"ShengBin-101":4}},{"path":"text-ui-test/runtest.bat","fileType":"bat","lines":[{"lineNumber":1,"author":{"gitId":"-"},"content":"@ECHO OFF","lastModifiedDate":"2020-05-25","isFullCredit":false},{"lineNumber":2,"author":{"gitId":"-"},"content":"","lastModifiedDate":"2020-05-25","isFullCredit":false},{"lineNumber":3,"author":{"gitId":"-"},"content":"REM create bin directory if it doesn\u0027t exist","lastModifiedDate":"2020-05-25","isFullCredit":false},{"lineNumber":4,"author":{"gitId":"-"},"content":"if not exist ..\\bin mkdir ..\\bin","lastModifiedDate":"2020-05-25","isFullCredit":false},{"lineNumber":5,"author":{"gitId":"-"},"content":"","lastModifiedDate":"2020-05-25","isFullCredit":false},{"lineNumber":6,"author":{"gitId":"-"},"content":"REM delete output from previous run","lastModifiedDate":"2020-05-25","isFullCredit":false},{"lineNumber":7,"author":{"gitId":"-"},"content":"if exist ACTUAL.TXT del ACTUAL.TXT","lastModifiedDate":"2020-08-25","isFullCredit":false},{"lineNumber":8,"author":{"gitId":"-"},"content":"","lastModifiedDate":"2020-05-25","isFullCredit":false},{"lineNumber":9,"author":{"gitId":"-"},"content":"REM compile the code into the bin folder","lastModifiedDate":"2020-05-25","isFullCredit":false},{"lineNumber":10,"author":{"gitId":"-"},"content":"javac  -cp ..\\src\\main\\java -Xlint:none -d ..\\bin ..\\src\\main\\java\\*.java","lastModifiedDate":"2020-08-25","isFullCredit":false},{"lineNumber":11,"author":{"gitId":"-"},"content":"IF ERRORLEVEL 1 (","lastModifiedDate":"2020-05-25","isFullCredit":false},{"lineNumber":12,"author":{"gitId":"-"},"content":"    echo ********** BUILD FAILURE **********","lastModifiedDate":"2020-05-25","isFullCredit":false},{"lineNumber":13,"author":{"gitId":"-"},"content":"    exit /b 1","lastModifiedDate":"2020-05-25","isFullCredit":false},{"lineNumber":14,"author":{"gitId":"-"},"content":")","lastModifiedDate":"2020-05-25","isFullCredit":false},{"lineNumber":15,"author":{"gitId":"-"},"content":"REM no error here, errorlevel \u003d\u003d 0","lastModifiedDate":"2020-05-25","isFullCredit":false},{"lineNumber":16,"author":{"gitId":"-"},"content":"","lastModifiedDate":"2020-05-25","isFullCredit":false},{"lineNumber":17,"author":{"gitId":"-"},"content":"REM run the program, feed commands from input.txt file and redirect the output to the ACTUAL.TXT","lastModifiedDate":"2020-05-25","isFullCredit":false},{"lineNumber":18,"author":{"gitId":"ShengBin-101"},"content":"java -classpath ..\\bin Hugo \u003c input.txt \u003e ACTUAL.TXT","lastModifiedDate":"2025-01-23","isFullCredit":false},{"lineNumber":19,"author":{"gitId":"-"},"content":"","lastModifiedDate":"2020-05-25","isFullCredit":false},{"lineNumber":20,"author":{"gitId":"-"},"content":"REM compare the output to the expected output","lastModifiedDate":"2020-05-25","isFullCredit":false},{"lineNumber":21,"author":{"gitId":"-"},"content":"FC ACTUAL.TXT EXPECTED.TXT","lastModifiedDate":"2020-05-25","isFullCredit":false}],"authorContributionMap":{"ShengBin-101":1,"-":20}},{"path":"text-ui-test/runtest.sh","fileType":"sh","lines":[{"lineNumber":1,"author":{"gitId":"-"},"content":"#!/usr/bin/env bash","lastModifiedDate":"2020-05-25","isFullCredit":false},{"lineNumber":2,"author":{"gitId":"-"},"content":"","lastModifiedDate":"2020-05-25","isFullCredit":false},{"lineNumber":3,"author":{"gitId":"-"},"content":"# create bin directory if it doesn\u0027t exist","lastModifiedDate":"2020-05-25","isFullCredit":false},{"lineNumber":4,"author":{"gitId":"-"},"content":"if [ ! -d \"../bin\" ]","lastModifiedDate":"2020-05-25","isFullCredit":false},{"lineNumber":5,"author":{"gitId":"-"},"content":"then","lastModifiedDate":"2020-05-25","isFullCredit":false},{"lineNumber":6,"author":{"gitId":"-"},"content":"    mkdir ../bin","lastModifiedDate":"2020-05-25","isFullCredit":false},{"lineNumber":7,"author":{"gitId":"-"},"content":"fi","lastModifiedDate":"2020-05-25","isFullCredit":false},{"lineNumber":8,"author":{"gitId":"-"},"content":"","lastModifiedDate":"2020-05-25","isFullCredit":false},{"lineNumber":9,"author":{"gitId":"-"},"content":"# delete output from previous run","lastModifiedDate":"2020-05-25","isFullCredit":false},{"lineNumber":10,"author":{"gitId":"-"},"content":"if [ -e \"./ACTUAL.TXT\" ]","lastModifiedDate":"2020-05-25","isFullCredit":false},{"lineNumber":11,"author":{"gitId":"-"},"content":"then","lastModifiedDate":"2020-05-25","isFullCredit":false},{"lineNumber":12,"author":{"gitId":"-"},"content":"    rm ACTUAL.TXT","lastModifiedDate":"2020-05-25","isFullCredit":false},{"lineNumber":13,"author":{"gitId":"-"},"content":"fi","lastModifiedDate":"2020-05-25","isFullCredit":false},{"lineNumber":14,"author":{"gitId":"-"},"content":"","lastModifiedDate":"2020-05-25","isFullCredit":false},{"lineNumber":15,"author":{"gitId":"-"},"content":"# compile the code into the bin folder, terminates if error occurred","lastModifiedDate":"2020-05-25","isFullCredit":false},{"lineNumber":16,"author":{"gitId":"-"},"content":"if ! javac -cp ../src/main/java -Xlint:none -d ../bin ../src/main/java/*.java","lastModifiedDate":"2020-08-25","isFullCredit":false},{"lineNumber":17,"author":{"gitId":"-"},"content":"then","lastModifiedDate":"2020-05-25","isFullCredit":false},{"lineNumber":18,"author":{"gitId":"-"},"content":"    echo \"********** BUILD FAILURE **********\"","lastModifiedDate":"2020-05-25","isFullCredit":false},{"lineNumber":19,"author":{"gitId":"-"},"content":"    exit 1","lastModifiedDate":"2020-05-25","isFullCredit":false},{"lineNumber":20,"author":{"gitId":"-"},"content":"fi","lastModifiedDate":"2020-05-25","isFullCredit":false},{"lineNumber":21,"author":{"gitId":"-"},"content":"","lastModifiedDate":"2020-05-25","isFullCredit":false},{"lineNumber":22,"author":{"gitId":"-"},"content":"# run the program, feed commands from input.txt file and redirect the output to the ACTUAL.TXT","lastModifiedDate":"2020-05-25","isFullCredit":false},{"lineNumber":23,"author":{"gitId":"ShengBin-101"},"content":"java -classpath ../bin Hugo \u003c input.txt \u003e ACTUAL.TXT","lastModifiedDate":"2025-01-23","isFullCredit":false},{"lineNumber":24,"author":{"gitId":"-"},"content":"","lastModifiedDate":"2020-05-25","isFullCredit":false},{"lineNumber":25,"author":{"gitId":"-"},"content":"# convert to UNIX format","lastModifiedDate":"2020-05-25","isFullCredit":false},{"lineNumber":26,"author":{"gitId":"-"},"content":"cp EXPECTED.TXT EXPECTED-UNIX.TXT","lastModifiedDate":"2020-05-25","isFullCredit":false},{"lineNumber":27,"author":{"gitId":"-"},"content":"dos2unix ACTUAL.TXT EXPECTED-UNIX.TXT","lastModifiedDate":"2020-05-25","isFullCredit":false},{"lineNumber":28,"author":{"gitId":"-"},"content":"","lastModifiedDate":"2020-05-25","isFullCredit":false},{"lineNumber":29,"author":{"gitId":"-"},"content":"# compare the output to the expected output","lastModifiedDate":"2020-05-25","isFullCredit":false},{"lineNumber":30,"author":{"gitId":"-"},"content":"diff ACTUAL.TXT EXPECTED-UNIX.TXT","lastModifiedDate":"2020-05-25","isFullCredit":false},{"lineNumber":31,"author":{"gitId":"-"},"content":"if [ $? -eq 0 ]","lastModifiedDate":"2020-05-25","isFullCredit":false},{"lineNumber":32,"author":{"gitId":"-"},"content":"then","lastModifiedDate":"2020-05-25","isFullCredit":false},{"lineNumber":33,"author":{"gitId":"-"},"content":"    echo \"Test result: PASSED\"","lastModifiedDate":"2020-05-25","isFullCredit":false},{"lineNumber":34,"author":{"gitId":"-"},"content":"    exit 0","lastModifiedDate":"2020-05-25","isFullCredit":false},{"lineNumber":35,"author":{"gitId":"-"},"content":"else","lastModifiedDate":"2020-05-25","isFullCredit":false},{"lineNumber":36,"author":{"gitId":"-"},"content":"    echo \"Test result: FAILED\"","lastModifiedDate":"2020-05-25","isFullCredit":false},{"lineNumber":37,"author":{"gitId":"-"},"content":"    exit 1","lastModifiedDate":"2020-05-25","isFullCredit":false},{"lineNumber":38,"author":{"gitId":"-"},"content":"fi","lastModifiedDate":"2020-05-25","isFullCredit":false}],"authorContributionMap":{"ShengBin-101":1,"-":37}}]
