{"authorDailyContributionsMap":{"Sean2110":[{"date":"2025-01-24","commitResults":[{"hash":"2fe1ed23de21438faf167fbdc4d201c59fe7e54d","isMergeCommit":false,"messageTitle":"week 2 level 0","messageBody":"","tags":["Level-0"],"fileTypesAndContributionMap":{"java":{"insertions":10,"deletions":10}}}]},{"date":"2025-02-03","commitResults":[{"hash":"2f467827c066b3b4995f21f8af28eac5bcbb1a5e","isMergeCommit":false,"messageTitle":"week 3 echo level 1","messageBody":"","tags":["Level-1"],"fileTypesAndContributionMap":{"java":{"insertions":17,"deletions":2},"bat":{"insertions":1,"deletions":1},"md":{"insertions":3,"deletions":3}}}]},{"date":"2025-02-06","commitResults":[{"hash":"1b32fd7496a617f66638e6f70af05753a0a11d87","isMergeCommit":false,"messageTitle":"Level-2","messageBody":"","tags":["Level-2"],"fileTypesAndContributionMap":{"java":{"insertions":11,"deletions":2}}},{"hash":"17555bb19f11e0979d4c61c91e8ea1ab9029f240","isMergeCommit":false,"messageTitle":"Level-3","messageBody":"","tags":["Level-3"],"fileTypesAndContributionMap":{"java":{"insertions":36,"deletions":4}}},{"hash":"4dac12db057e60f42cdb1fbf61840bf0357f6e9d","isMergeCommit":false,"messageTitle":"Level-4","messageBody":"","fileTypesAndContributionMap":{"java":{"insertions":67,"deletions":1}}},{"hash":"02105388f100ca1516fe899860692c519a971a77","isMergeCommit":false,"messageTitle":"Level-4","messageBody":"","tags":["Level-4","A-CodingStandard","A-CodeQuality"],"fileTypesAndContributionMap":{"java":{"insertions":1,"deletions":1}}}]},{"date":"2025-02-07","commitResults":[{"hash":"845f2e5562298b83749337731d3375a246a139fe","isMergeCommit":false,"messageTitle":"Level-4","messageBody":"","fileTypesAndContributionMap":{"java":{"insertions":4,"deletions":3}}}]}]},"authorFileTypeContributionMap":{"Sean2110":{"java":133,"md":3,"fxml":0,"sh":0,"bat":1,"gradle":0,"txt":0}},"authorContributionVariance":{"Sean2110":525.0582},"authorDisplayNameMap":{"Sean2110":"SEAN..POON"}}
