[{"path":"README.md","fileType":"md","lines":[{"lineNumber":1,"author":{"gitId":"SahejAgarwal05"},"content":"# Sahej project template","lastModifiedDate":"2025-01-29","isFullCredit":false},{"lineNumber":2,"author":{"gitId":"-"},"content":"","lastModifiedDate":"2020-05-25","isFullCredit":false},{"lineNumber":3,"author":{"gitId":"-"},"content":"This is a project template for a greenfield Java project. It\u0027s named after the Java mascot _Duke_. Given below are instructions on how to use it.","lastModifiedDate":"2020-05-25","isFullCredit":false},{"lineNumber":4,"author":{"gitId":"-"},"content":"","lastModifiedDate":"2020-05-25","isFullCredit":false},{"lineNumber":5,"author":{"gitId":"-"},"content":"## Setting up in Intellij","lastModifiedDate":"2020-05-25","isFullCredit":false},{"lineNumber":6,"author":{"gitId":"-"},"content":"","lastModifiedDate":"2020-05-25","isFullCredit":false},{"lineNumber":7,"author":{"gitId":"-"},"content":"Prerequisites: JDK 17, update Intellij to the most recent version.","lastModifiedDate":"2024-07-11","isFullCredit":false},{"lineNumber":8,"author":{"gitId":"-"},"content":"","lastModifiedDate":"2020-05-25","isFullCredit":false},{"lineNumber":9,"author":{"gitId":"-"},"content":"1. Open Intellij (if you are not in the welcome screen, click `File` \u003e `Close Project` to close the existing project first)","lastModifiedDate":"2021-01-17","isFullCredit":false},{"lineNumber":10,"author":{"gitId":"-"},"content":"1. Open the project into Intellij as follows:","lastModifiedDate":"2021-01-17","isFullCredit":false},{"lineNumber":11,"author":{"gitId":"-"},"content":"   1. Click `Open`.","lastModifiedDate":"2021-01-17","isFullCredit":false},{"lineNumber":12,"author":{"gitId":"-"},"content":"   1. Select the project directory, and click `OK`.","lastModifiedDate":"2021-01-17","isFullCredit":false},{"lineNumber":13,"author":{"gitId":"-"},"content":"   1. If there are any further prompts, accept the defaults.","lastModifiedDate":"2020-05-25","isFullCredit":false},{"lineNumber":14,"author":{"gitId":"-"},"content":"1. Configure the project to use **JDK 17** (not other versions) as explained in [here](https://www.jetbrains.com/help/idea/sdk.html#set-up-jdk).\u003cbr\u003e","lastModifiedDate":"2024-07-11","isFullCredit":false},{"lineNumber":15,"author":{"gitId":"-"},"content":"   In the same dialog, set the **Project language level** field to the `SDK default` option.","lastModifiedDate":"2021-07-29","isFullCredit":false},{"lineNumber":16,"author":{"gitId":"SahejAgarwal05"},"content":"1. After that, locate the `src/main/java/Sahej.java` file, right-click it, and choose `Run Sahej.main()` (if the code editor is showing compile errors, try restarting the IDE). If the setup is correct, you should see something like the below as the output:","lastModifiedDate":"2025-01-29","isFullCredit":false},{"lineNumber":17,"author":{"gitId":"-"},"content":"   ```","lastModifiedDate":"2020-05-25","isFullCredit":false},{"lineNumber":18,"author":{"gitId":"-"},"content":"   Hello from","lastModifiedDate":"2020-05-25","isFullCredit":false},{"lineNumber":19,"author":{"gitId":"-"},"content":"    ____        _        ","lastModifiedDate":"2020-05-25","isFullCredit":false},{"lineNumber":20,"author":{"gitId":"-"},"content":"   |  _ \\ _   _| | _____ ","lastModifiedDate":"2020-05-25","isFullCredit":false},{"lineNumber":21,"author":{"gitId":"-"},"content":"   | | | | | | | |/ / _ \\","lastModifiedDate":"2020-05-25","isFullCredit":false},{"lineNumber":22,"author":{"gitId":"-"},"content":"   | |_| | |_| |   \u003c  __/","lastModifiedDate":"2020-05-25","isFullCredit":false},{"lineNumber":23,"author":{"gitId":"-"},"content":"   |____/ \\__,_|_|\\_\\___|","lastModifiedDate":"2020-05-25","isFullCredit":false},{"lineNumber":24,"author":{"gitId":"-"},"content":"   ```","lastModifiedDate":"2020-05-25","isFullCredit":false},{"lineNumber":25,"author":{"gitId":"-"},"content":"","lastModifiedDate":"2025-01-04","isFullCredit":false},{"lineNumber":26,"author":{"gitId":"-"},"content":"**Warning:** Keep the `src\\main\\java` folder as the root folder for Java files (i.e., don\u0027t rename those folders or move Java files to another folder outside of this folder path), as this is the default location some tools (e.g., Gradle) expect to find Java files.","lastModifiedDate":"2025-01-04","isFullCredit":false}],"authorContributionMap":{"SahejAgarwal05":2,"-":24}},{"path":"docs/README.md","fileType":"md","lines":[{"lineNumber":1,"author":{"gitId":"SahejAgarwal05"},"content":"# Sahej User Guide","lastModifiedDate":"2025-01-29","isFullCredit":false},{"lineNumber":2,"author":{"gitId":"-"},"content":"","lastModifiedDate":"2019-07-29","isFullCredit":false},{"lineNumber":3,"author":{"gitId":"-"},"content":"// Update the title above to match the actual product name","lastModifiedDate":"2024-01-07","isFullCredit":false},{"lineNumber":4,"author":{"gitId":"-"},"content":"","lastModifiedDate":"2019-07-29","isFullCredit":false},{"lineNumber":5,"author":{"gitId":"-"},"content":"// Product screenshot goes here","lastModifiedDate":"2024-01-07","isFullCredit":false},{"lineNumber":6,"author":{"gitId":"-"},"content":"","lastModifiedDate":"2021-07-17","isFullCredit":false},{"lineNumber":7,"author":{"gitId":"-"},"content":"// Product intro goes here","lastModifiedDate":"2024-01-07","isFullCredit":false},{"lineNumber":8,"author":{"gitId":"-"},"content":"","lastModifiedDate":"2021-07-17","isFullCredit":false},{"lineNumber":9,"author":{"gitId":"-"},"content":"## Adding deadlines","lastModifiedDate":"2024-01-07","isFullCredit":false},{"lineNumber":10,"author":{"gitId":"-"},"content":"","lastModifiedDate":"2021-07-17","isFullCredit":false},{"lineNumber":11,"author":{"gitId":"-"},"content":"// Describe the action and its outcome.","lastModifiedDate":"2024-01-07","isFullCredit":false},{"lineNumber":12,"author":{"gitId":"-"},"content":"","lastModifiedDate":"2019-07-29","isFullCredit":false},{"lineNumber":13,"author":{"gitId":"-"},"content":"// Give examples of usage","lastModifiedDate":"2024-01-07","isFullCredit":false},{"lineNumber":14,"author":{"gitId":"-"},"content":"","lastModifiedDate":"2019-07-29","isFullCredit":false},{"lineNumber":15,"author":{"gitId":"-"},"content":"Example: `keyword (optional arguments)`","lastModifiedDate":"2024-01-07","isFullCredit":false},{"lineNumber":16,"author":{"gitId":"-"},"content":"","lastModifiedDate":"2019-07-29","isFullCredit":false},{"lineNumber":17,"author":{"gitId":"-"},"content":"// A description of the expected outcome goes here","lastModifiedDate":"2024-01-07","isFullCredit":false},{"lineNumber":18,"author":{"gitId":"-"},"content":"","lastModifiedDate":"2019-07-29","isFullCredit":false},{"lineNumber":19,"author":{"gitId":"-"},"content":"```","lastModifiedDate":"2024-01-07","isFullCredit":false},{"lineNumber":20,"author":{"gitId":"-"},"content":"expected output","lastModifiedDate":"2024-01-07","isFullCredit":false},{"lineNumber":21,"author":{"gitId":"-"},"content":"```","lastModifiedDate":"2024-01-07","isFullCredit":false},{"lineNumber":22,"author":{"gitId":"-"},"content":"","lastModifiedDate":"2019-07-29","isFullCredit":false},{"lineNumber":23,"author":{"gitId":"-"},"content":"## Feature ABC","lastModifiedDate":"2024-01-07","isFullCredit":false},{"lineNumber":24,"author":{"gitId":"-"},"content":"","lastModifiedDate":"2019-07-29","isFullCredit":false},{"lineNumber":25,"author":{"gitId":"-"},"content":"// Feature details","lastModifiedDate":"2024-01-07","isFullCredit":false},{"lineNumber":26,"author":{"gitId":"-"},"content":"","lastModifiedDate":"2019-07-29","isFullCredit":false},{"lineNumber":27,"author":{"gitId":"-"},"content":"","lastModifiedDate":"2021-07-17","isFullCredit":false},{"lineNumber":28,"author":{"gitId":"-"},"content":"## Feature XYZ","lastModifiedDate":"2024-01-07","isFullCredit":false},{"lineNumber":29,"author":{"gitId":"-"},"content":"","lastModifiedDate":"2024-01-07","isFullCredit":false},{"lineNumber":30,"author":{"gitId":"-"},"content":"// Feature details","lastModifiedDate":"2024-01-07","isFullCredit":false}],"authorContributionMap":{"SahejAgarwal05":1,"-":29}},{"path":"src/main/java/sahej/Sahej.java","fileType":"java","lines":[{"lineNumber":1,"author":{"gitId":"SahejAgarwal05"},"content":"import java.util.Scanner;","lastModifiedDate":"2025-01-29","isFullCredit":false},{"lineNumber":2,"author":{"gitId":"SahejAgarwal05"},"content":"import sahej.tasks.*;","lastModifiedDate":"2025-02-14","isFullCredit":false},{"lineNumber":3,"author":{"gitId":"SahejAgarwal05"},"content":"import sahej.ui.*;","lastModifiedDate":"2025-02-14","isFullCredit":false},{"lineNumber":4,"author":{"gitId":"SahejAgarwal05"},"content":"public class Sahej {","lastModifiedDate":"2025-01-24","isFullCredit":false},{"lineNumber":5,"author":{"gitId":"SahejAgarwal05"},"content":"    public static final String HORIZONTAL_LINE \u003d \"\\t____________________________________________________________\";","lastModifiedDate":"2025-02-07","isFullCredit":false},{"lineNumber":6,"author":{"gitId":"SahejAgarwal05"},"content":"    public static final String ERROR_MESSAGE \u003d \"\\tInvalid input. Please try again.\";","lastModifiedDate":"2025-02-07","isFullCredit":false},{"lineNumber":7,"author":{"gitId":"SahejAgarwal05"},"content":"    public static ToDoList list \u003d new ToDoList();","lastModifiedDate":"2025-02-14","isFullCredit":false},{"lineNumber":8,"author":{"gitId":"SahejAgarwal05"},"content":"    public static int getNumber(String input) throws SahejException {","lastModifiedDate":"2025-02-14","isFullCredit":false},{"lineNumber":9,"author":{"gitId":"SahejAgarwal05"},"content":"        try {","lastModifiedDate":"2025-02-06","isFullCredit":false},{"lineNumber":10,"author":{"gitId":"SahejAgarwal05"},"content":"            int n \u003d Integer.parseInt(input.trim());","lastModifiedDate":"2025-02-14","isFullCredit":false},{"lineNumber":11,"author":{"gitId":"SahejAgarwal05"},"content":"            return n;","lastModifiedDate":"2025-02-14","isFullCredit":false},{"lineNumber":12,"author":{"gitId":"SahejAgarwal05"},"content":"        } catch (NumberFormatException e) {","lastModifiedDate":"2025-02-06","isFullCredit":false},{"lineNumber":13,"author":{"gitId":"SahejAgarwal05"},"content":"            throw ErrorExceptions.INVALID_NUMBER_ERROR;","lastModifiedDate":"2025-02-14","isFullCredit":false},{"lineNumber":14,"author":{"gitId":"SahejAgarwal05"},"content":"        }","lastModifiedDate":"2025-02-06","isFullCredit":false},{"lineNumber":15,"author":{"gitId":"SahejAgarwal05"},"content":"    }","lastModifiedDate":"2025-02-06","isFullCredit":false},{"lineNumber":16,"author":{"gitId":"SahejAgarwal05"},"content":"","lastModifiedDate":"2025-02-06","isFullCredit":false},{"lineNumber":17,"author":{"gitId":"SahejAgarwal05"},"content":"    public static void parseDeadline(String input) throws SahejException {","lastModifiedDate":"2025-02-14","isFullCredit":false},{"lineNumber":18,"author":{"gitId":"SahejAgarwal05"},"content":"        input \u003d input.substring(8).trim();","lastModifiedDate":"2025-02-06","isFullCredit":false},{"lineNumber":19,"author":{"gitId":"SahejAgarwal05"},"content":"        String[] split \u003d input.split(\"/by\");","lastModifiedDate":"2025-02-06","isFullCredit":false},{"lineNumber":20,"author":{"gitId":"SahejAgarwal05"},"content":"        list.add(new Deadline(split[0].trim(), split[1].trim()));","lastModifiedDate":"2025-02-06","isFullCredit":false},{"lineNumber":21,"author":{"gitId":"SahejAgarwal05"},"content":"    }","lastModifiedDate":"2025-02-06","isFullCredit":false},{"lineNumber":22,"author":{"gitId":"SahejAgarwal05"},"content":"","lastModifiedDate":"2025-02-06","isFullCredit":false},{"lineNumber":23,"author":{"gitId":"SahejAgarwal05"},"content":"    public static void parseEvent(String input) throws SahejException {","lastModifiedDate":"2025-02-14","isFullCredit":false},{"lineNumber":24,"author":{"gitId":"SahejAgarwal05"},"content":"        input \u003d input.substring(5).trim();","lastModifiedDate":"2025-02-06","isFullCredit":false},{"lineNumber":25,"author":{"gitId":"SahejAgarwal05"},"content":"        String[] split \u003d input.split(\"/from\");","lastModifiedDate":"2025-02-06","isFullCredit":false},{"lineNumber":26,"author":{"gitId":"SahejAgarwal05"},"content":"        if (split.length !\u003d 2) {","lastModifiedDate":"2025-02-06","isFullCredit":false},{"lineNumber":27,"author":{"gitId":"SahejAgarwal05"},"content":"            throw ErrorExceptions.INVALID_EVENT_INPUT;","lastModifiedDate":"2025-02-14","isFullCredit":false},{"lineNumber":28,"author":{"gitId":"SahejAgarwal05"},"content":"        }","lastModifiedDate":"2025-02-06","isFullCredit":false},{"lineNumber":29,"author":{"gitId":"SahejAgarwal05"},"content":"        String name \u003d split[0].trim();","lastModifiedDate":"2025-02-06","isFullCredit":false},{"lineNumber":30,"author":{"gitId":"SahejAgarwal05"},"content":"        String[] split2 \u003d split[1].split(\"/to\");","lastModifiedDate":"2025-02-06","isFullCredit":false},{"lineNumber":31,"author":{"gitId":"SahejAgarwal05"},"content":"        if (split2.length \u003e 2) {","lastModifiedDate":"2025-02-06","isFullCredit":false},{"lineNumber":32,"author":{"gitId":"SahejAgarwal05"},"content":"            throw ErrorExceptions.INVALID_EVENT_INPUT;","lastModifiedDate":"2025-02-14","isFullCredit":false},{"lineNumber":33,"author":{"gitId":"SahejAgarwal05"},"content":"        } else if (split2.length \u003d\u003d 2) {","lastModifiedDate":"2025-02-06","isFullCredit":false},{"lineNumber":34,"author":{"gitId":"SahejAgarwal05"},"content":"            list.add(new Event(name, split2[0].trim(), split2[1].trim()));","lastModifiedDate":"2025-02-06","isFullCredit":false},{"lineNumber":35,"author":{"gitId":"SahejAgarwal05"},"content":"            return;","lastModifiedDate":"2025-02-06","isFullCredit":false},{"lineNumber":36,"author":{"gitId":"SahejAgarwal05"},"content":"        }","lastModifiedDate":"2025-02-06","isFullCredit":false},{"lineNumber":37,"author":{"gitId":"SahejAgarwal05"},"content":"        split2 \u003d split[0].split(\"/to\");","lastModifiedDate":"2025-02-06","isFullCredit":false},{"lineNumber":38,"author":{"gitId":"SahejAgarwal05"},"content":"        if (split2.length !\u003d 2) {","lastModifiedDate":"2025-02-06","isFullCredit":false},{"lineNumber":39,"author":{"gitId":"SahejAgarwal05"},"content":"            throw ErrorExceptions.INVALID_EVENT_INPUT;","lastModifiedDate":"2025-02-14","isFullCredit":false},{"lineNumber":40,"author":{"gitId":"SahejAgarwal05"},"content":"        }","lastModifiedDate":"2025-02-06","isFullCredit":false},{"lineNumber":41,"author":{"gitId":"SahejAgarwal05"},"content":"        list.add(new Event(split2[0].trim(), split[1].trim(), split2[1].trim()));","lastModifiedDate":"2025-02-07","isFullCredit":false},{"lineNumber":42,"author":{"gitId":"SahejAgarwal05"},"content":"    }","lastModifiedDate":"2025-02-06","isFullCredit":false},{"lineNumber":43,"author":{"gitId":"SahejAgarwal05"},"content":"","lastModifiedDate":"2025-02-06","isFullCredit":false},{"lineNumber":44,"author":{"gitId":"SahejAgarwal05"},"content":"    public static void parseInput(String input) throws SahejException {","lastModifiedDate":"2025-02-14","isFullCredit":false},{"lineNumber":45,"author":{"gitId":"SahejAgarwal05"},"content":"        String commnad \u003d input.split(\" \")[0].trim();","lastModifiedDate":"2025-02-14","isFullCredit":false},{"lineNumber":46,"author":{"gitId":"SahejAgarwal05"},"content":"        int num;","lastModifiedDate":"2025-02-14","isFullCredit":false},{"lineNumber":47,"author":{"gitId":"SahejAgarwal05"},"content":"        switch (commnad) {","lastModifiedDate":"2025-02-14","isFullCredit":false},{"lineNumber":48,"author":{"gitId":"SahejAgarwal05"},"content":"        case Commands.LIST_COMMAND:","lastModifiedDate":"2025-02-14","isFullCredit":false},{"lineNumber":49,"author":{"gitId":"SahejAgarwal05"},"content":"            list.printItems();","lastModifiedDate":"2025-02-06","isFullCredit":false},{"lineNumber":50,"author":{"gitId":"SahejAgarwal05"},"content":"            break;","lastModifiedDate":"2025-02-14","isFullCredit":false},{"lineNumber":51,"author":{"gitId":"SahejAgarwal05"},"content":"        case Commands.MARK_COMMAND:","lastModifiedDate":"2025-02-14","isFullCredit":false},{"lineNumber":52,"author":{"gitId":"SahejAgarwal05"},"content":"            num \u003d getNumber(input.substring(4));","lastModifiedDate":"2025-02-14","isFullCredit":false},{"lineNumber":53,"author":{"gitId":"SahejAgarwal05"},"content":"            list.mark(num);","lastModifiedDate":"2025-02-06","isFullCredit":false},{"lineNumber":54,"author":{"gitId":"SahejAgarwal05"},"content":"            break;","lastModifiedDate":"2025-02-14","isFullCredit":false},{"lineNumber":55,"author":{"gitId":"SahejAgarwal05"},"content":"        case Commands.UNMARK_COMMAND:","lastModifiedDate":"2025-02-14","isFullCredit":false},{"lineNumber":56,"author":{"gitId":"SahejAgarwal05"},"content":"            num \u003d getNumber(input.substring(6));","lastModifiedDate":"2025-02-14","isFullCredit":false},{"lineNumber":57,"author":{"gitId":"SahejAgarwal05"},"content":"            list.unmark(num);","lastModifiedDate":"2025-02-06","isFullCredit":false},{"lineNumber":58,"author":{"gitId":"SahejAgarwal05"},"content":"            break;","lastModifiedDate":"2025-02-14","isFullCredit":false},{"lineNumber":59,"author":{"gitId":"SahejAgarwal05"},"content":"        case Commands.TODO_COMMAND:","lastModifiedDate":"2025-02-14","isFullCredit":false},{"lineNumber":60,"author":{"gitId":"SahejAgarwal05"},"content":"            input \u003d input.substring(4).trim();","lastModifiedDate":"2025-02-06","isFullCredit":false},{"lineNumber":61,"author":{"gitId":"SahejAgarwal05"},"content":"            list.add(new ToDo(input));","lastModifiedDate":"2025-02-06","isFullCredit":false},{"lineNumber":62,"author":{"gitId":"SahejAgarwal05"},"content":"            break;","lastModifiedDate":"2025-02-14","isFullCredit":false},{"lineNumber":63,"author":{"gitId":"SahejAgarwal05"},"content":"        case Commands.DEADLINE_COMMAND:","lastModifiedDate":"2025-02-14","isFullCredit":false},{"lineNumber":64,"author":{"gitId":"SahejAgarwal05"},"content":"            parseDeadline(input);","lastModifiedDate":"2025-02-14","isFullCredit":false},{"lineNumber":65,"author":{"gitId":"SahejAgarwal05"},"content":"            break;","lastModifiedDate":"2025-02-14","isFullCredit":false},{"lineNumber":66,"author":{"gitId":"SahejAgarwal05"},"content":"        case Commands.EVENT_COMMAND:","lastModifiedDate":"2025-02-14","isFullCredit":false},{"lineNumber":67,"author":{"gitId":"SahejAgarwal05"},"content":"            parseEvent(input);","lastModifiedDate":"2025-02-14","isFullCredit":false},{"lineNumber":68,"author":{"gitId":"SahejAgarwal05"},"content":"            break;","lastModifiedDate":"2025-02-14","isFullCredit":false},{"lineNumber":69,"author":{"gitId":"SahejAgarwal05"},"content":"        default:","lastModifiedDate":"2025-02-14","isFullCredit":false},{"lineNumber":70,"author":{"gitId":"SahejAgarwal05"},"content":"            throw ErrorExceptions.INVALID_COMMAND;","lastModifiedDate":"2025-02-14","isFullCredit":false},{"lineNumber":71,"author":{"gitId":"SahejAgarwal05"},"content":"        }","lastModifiedDate":"2025-02-06","isFullCredit":false},{"lineNumber":72,"author":{"gitId":"SahejAgarwal05"},"content":"    }","lastModifiedDate":"2025-02-06","isFullCredit":false},{"lineNumber":73,"author":{"gitId":"SahejAgarwal05"},"content":"","lastModifiedDate":"2025-02-06","isFullCredit":false},{"lineNumber":74,"author":{"gitId":"SahejAgarwal05"},"content":"    public static void main(String[] args) throws SahejException {","lastModifiedDate":"2025-02-14","isFullCredit":false},{"lineNumber":75,"author":{"gitId":"SahejAgarwal05"},"content":"        System.out.println(HORIZONTAL_LINE + \"\\n\\tHello! I\u0027m Sahej\\n\\tWhat can I do for you?\\n\" + HORIZONTAL_LINE);","lastModifiedDate":"2025-02-07","isFullCredit":false},{"lineNumber":76,"author":{"gitId":"SahejAgarwal05"},"content":"        Scanner inputScanner \u003d new Scanner(System.in);","lastModifiedDate":"2025-01-29","isFullCredit":false},{"lineNumber":77,"author":{"gitId":"SahejAgarwal05"},"content":"        String input \u003d \"\";","lastModifiedDate":"2025-01-29","isFullCredit":false},{"lineNumber":78,"author":{"gitId":"SahejAgarwal05"},"content":"        mainloop:","lastModifiedDate":"2025-02-07","isFullCredit":false},{"lineNumber":79,"author":{"gitId":"SahejAgarwal05"},"content":"        while (true) {","lastModifiedDate":"2025-01-29","isFullCredit":false},{"lineNumber":80,"author":{"gitId":"SahejAgarwal05"},"content":"            input \u003d inputScanner.nextLine().trim(); // get trimmed user input","lastModifiedDate":"2025-01-29","isFullCredit":false},{"lineNumber":81,"author":{"gitId":"SahejAgarwal05"},"content":"            System.out.println(HORIZONTAL_LINE);","lastModifiedDate":"2025-02-07","isFullCredit":false},{"lineNumber":82,"author":{"gitId":"SahejAgarwal05"},"content":"            if (input.equals(Commands.BYE_COMMAND)) {","lastModifiedDate":"2025-02-14","isFullCredit":false},{"lineNumber":83,"author":{"gitId":"SahejAgarwal05"},"content":"                break mainloop;","lastModifiedDate":"2025-02-07","isFullCredit":false},{"lineNumber":84,"author":{"gitId":"SahejAgarwal05"},"content":"            }","lastModifiedDate":"2025-01-29","isFullCredit":false},{"lineNumber":85,"author":{"gitId":"SahejAgarwal05"},"content":"            try {","lastModifiedDate":"2025-02-14","isFullCredit":false},{"lineNumber":86,"author":{"gitId":"SahejAgarwal05"},"content":"                parseInput(input);","lastModifiedDate":"2025-02-14","isFullCredit":false},{"lineNumber":87,"author":{"gitId":"SahejAgarwal05"},"content":"            }","lastModifiedDate":"2025-02-14","isFullCredit":false},{"lineNumber":88,"author":{"gitId":"SahejAgarwal05"},"content":"            catch (SahejException e) {","lastModifiedDate":"2025-02-14","isFullCredit":false},{"lineNumber":89,"author":{"gitId":"SahejAgarwal05"},"content":"                System.out.println(e.getMessage());","lastModifiedDate":"2025-02-14","isFullCredit":false},{"lineNumber":90,"author":{"gitId":"SahejAgarwal05"},"content":"            }","lastModifiedDate":"2025-02-14","isFullCredit":false},{"lineNumber":91,"author":{"gitId":"SahejAgarwal05"},"content":"            System.out.println(HORIZONTAL_LINE + \"\\n\");","lastModifiedDate":"2025-02-07","isFullCredit":false},{"lineNumber":92,"author":{"gitId":"SahejAgarwal05"},"content":"        }","lastModifiedDate":"2025-01-29","isFullCredit":false},{"lineNumber":93,"author":{"gitId":"SahejAgarwal05"},"content":"        System.out.println(\"\\tBye. Hope to see you again soon!\\n\" + HORIZONTAL_LINE);","lastModifiedDate":"2025-02-07","isFullCredit":false},{"lineNumber":94,"author":{"gitId":"SahejAgarwal05"},"content":"    }","lastModifiedDate":"2025-01-24","isFullCredit":false},{"lineNumber":95,"author":{"gitId":"SahejAgarwal05"},"content":"}","lastModifiedDate":"2025-01-24","isFullCredit":false},{"lineNumber":96,"author":{"gitId":"SahejAgarwal05"},"content":"","lastModifiedDate":"2025-01-24","isFullCredit":false}],"authorContributionMap":{"SahejAgarwal05":96}},{"path":"src/main/java/sahej/tasks/Deadline.java","fileType":"java","lines":[{"lineNumber":1,"author":{"gitId":"SahejAgarwal05"},"content":"package sahej.tasks;","lastModifiedDate":"2025-02-14","isFullCredit":false},{"lineNumber":2,"author":{"gitId":"SahejAgarwal05"},"content":"import sahej.ui.*;","lastModifiedDate":"2025-02-14","isFullCredit":false},{"lineNumber":3,"author":{"gitId":"SahejAgarwal05"},"content":"public class Deadline extends ToDo {","lastModifiedDate":"2025-02-06","isFullCredit":false},{"lineNumber":4,"author":{"gitId":"SahejAgarwal05"},"content":"    private String by;","lastModifiedDate":"2025-02-06","isFullCredit":false},{"lineNumber":5,"author":{"gitId":"SahejAgarwal05"},"content":"","lastModifiedDate":"2025-02-06","isFullCredit":false},{"lineNumber":6,"author":{"gitId":"SahejAgarwal05"},"content":"    public Deadline (String name, String by) throws SahejException {","lastModifiedDate":"2025-02-14","isFullCredit":false},{"lineNumber":7,"author":{"gitId":"SahejAgarwal05"},"content":"        super(name);","lastModifiedDate":"2025-02-06","isFullCredit":false},{"lineNumber":8,"author":{"gitId":"SahejAgarwal05"},"content":"        if (by \u003d\u003d null || by.equals(\"\")) {","lastModifiedDate":"2025-02-14","isFullCredit":false},{"lineNumber":9,"author":{"gitId":"SahejAgarwal05"},"content":"            throw ErrorExceptions.INVALID_DEADLINE_INPUT;","lastModifiedDate":"2025-02-14","isFullCredit":false},{"lineNumber":10,"author":{"gitId":"SahejAgarwal05"},"content":"        }","lastModifiedDate":"2025-02-14","isFullCredit":false},{"lineNumber":11,"author":{"gitId":"SahejAgarwal05"},"content":"        this.by \u003d by;","lastModifiedDate":"2025-02-06","isFullCredit":false},{"lineNumber":12,"author":{"gitId":"SahejAgarwal05"},"content":"    }","lastModifiedDate":"2025-02-06","isFullCredit":false},{"lineNumber":13,"author":{"gitId":"SahejAgarwal05"},"content":"","lastModifiedDate":"2025-02-06","isFullCredit":false},{"lineNumber":14,"author":{"gitId":"SahejAgarwal05"},"content":"    /**","lastModifiedDate":"2025-02-06","isFullCredit":false},{"lineNumber":15,"author":{"gitId":"SahejAgarwal05"},"content":"     * returns the time of the deadline","lastModifiedDate":"2025-02-06","isFullCredit":false},{"lineNumber":16,"author":{"gitId":"SahejAgarwal05"},"content":"     * @return","lastModifiedDate":"2025-02-06","isFullCredit":false},{"lineNumber":17,"author":{"gitId":"SahejAgarwal05"},"content":"     */","lastModifiedDate":"2025-02-06","isFullCredit":false},{"lineNumber":18,"author":{"gitId":"SahejAgarwal05"},"content":"    public String getBy() {","lastModifiedDate":"2025-02-06","isFullCredit":false},{"lineNumber":19,"author":{"gitId":"SahejAgarwal05"},"content":"        return by;","lastModifiedDate":"2025-02-06","isFullCredit":false},{"lineNumber":20,"author":{"gitId":"SahejAgarwal05"},"content":"    }","lastModifiedDate":"2025-02-06","isFullCredit":false},{"lineNumber":21,"author":{"gitId":"SahejAgarwal05"},"content":"","lastModifiedDate":"2025-02-06","isFullCredit":false},{"lineNumber":22,"author":{"gitId":"SahejAgarwal05"},"content":"    /**","lastModifiedDate":"2025-02-06","isFullCredit":false},{"lineNumber":23,"author":{"gitId":"SahejAgarwal05"},"content":"     *alter the deadline time","lastModifiedDate":"2025-02-06","isFullCredit":false},{"lineNumber":24,"author":{"gitId":"SahejAgarwal05"},"content":"     * @param by","lastModifiedDate":"2025-02-06","isFullCredit":false},{"lineNumber":25,"author":{"gitId":"SahejAgarwal05"},"content":"     */","lastModifiedDate":"2025-02-06","isFullCredit":false},{"lineNumber":26,"author":{"gitId":"SahejAgarwal05"},"content":"    public void setBy(String by) {","lastModifiedDate":"2025-02-06","isFullCredit":false},{"lineNumber":27,"author":{"gitId":"SahejAgarwal05"},"content":"        this.by \u003d by;","lastModifiedDate":"2025-02-06","isFullCredit":false},{"lineNumber":28,"author":{"gitId":"SahejAgarwal05"},"content":"    }","lastModifiedDate":"2025-02-06","isFullCredit":false},{"lineNumber":29,"author":{"gitId":"SahejAgarwal05"},"content":"","lastModifiedDate":"2025-02-06","isFullCredit":false},{"lineNumber":30,"author":{"gitId":"SahejAgarwal05"},"content":"    @Override","lastModifiedDate":"2025-02-06","isFullCredit":false},{"lineNumber":31,"author":{"gitId":"SahejAgarwal05"},"content":"    public String toString() {","lastModifiedDate":"2025-02-06","isFullCredit":false},{"lineNumber":32,"author":{"gitId":"SahejAgarwal05"},"content":"        if (this.isCompleted) {","lastModifiedDate":"2025-02-07","isFullCredit":false},{"lineNumber":33,"author":{"gitId":"SahejAgarwal05"},"content":"            return \"[X][D] \" + this.getName() + \" (by: \" + this.by + \")\";","lastModifiedDate":"2025-02-06","isFullCredit":false},{"lineNumber":34,"author":{"gitId":"SahejAgarwal05"},"content":"        } else {","lastModifiedDate":"2025-02-06","isFullCredit":false},{"lineNumber":35,"author":{"gitId":"SahejAgarwal05"},"content":"            return \"[ ][D] \" + this.getName() + \" (by: \" + this.by + \")\";","lastModifiedDate":"2025-02-06","isFullCredit":false},{"lineNumber":36,"author":{"gitId":"SahejAgarwal05"},"content":"        }","lastModifiedDate":"2025-02-06","isFullCredit":false},{"lineNumber":37,"author":{"gitId":"SahejAgarwal05"},"content":"    }","lastModifiedDate":"2025-02-06","isFullCredit":false},{"lineNumber":38,"author":{"gitId":"SahejAgarwal05"},"content":"}","lastModifiedDate":"2025-02-06","isFullCredit":false}],"authorContributionMap":{"SahejAgarwal05":38}},{"path":"src/main/java/sahej/tasks/Event.java","fileType":"java","lines":[{"lineNumber":1,"author":{"gitId":"SahejAgarwal05"},"content":"package sahej.tasks;","lastModifiedDate":"2025-02-14","isFullCredit":false},{"lineNumber":2,"author":{"gitId":"SahejAgarwal05"},"content":"import sahej.ui.*;","lastModifiedDate":"2025-02-14","isFullCredit":false},{"lineNumber":3,"author":{"gitId":"SahejAgarwal05"},"content":"public class Event extends ToDo {","lastModifiedDate":"2025-02-06","isFullCredit":false},{"lineNumber":4,"author":{"gitId":"SahejAgarwal05"},"content":"    private String from;","lastModifiedDate":"2025-02-06","isFullCredit":false},{"lineNumber":5,"author":{"gitId":"SahejAgarwal05"},"content":"    private String to;","lastModifiedDate":"2025-02-06","isFullCredit":false},{"lineNumber":6,"author":{"gitId":"SahejAgarwal05"},"content":"","lastModifiedDate":"2025-02-06","isFullCredit":false},{"lineNumber":7,"author":{"gitId":"SahejAgarwal05"},"content":"    public Event(String name, String from, String to) throws SahejException {","lastModifiedDate":"2025-02-14","isFullCredit":false},{"lineNumber":8,"author":{"gitId":"SahejAgarwal05"},"content":"        super(name);","lastModifiedDate":"2025-02-06","isFullCredit":false},{"lineNumber":9,"author":{"gitId":"SahejAgarwal05"},"content":"        if (from \u003d\u003d null || to \u003d\u003d null || from.equals(\"\") || to.equals(\"\")) {","lastModifiedDate":"2025-02-14","isFullCredit":false},{"lineNumber":10,"author":{"gitId":"SahejAgarwal05"},"content":"            throw ErrorExceptions.INVALID_EVENT_INPUT;","lastModifiedDate":"2025-02-14","isFullCredit":false},{"lineNumber":11,"author":{"gitId":"SahejAgarwal05"},"content":"        }","lastModifiedDate":"2025-02-14","isFullCredit":false},{"lineNumber":12,"author":{"gitId":"SahejAgarwal05"},"content":"        this.from \u003d from;","lastModifiedDate":"2025-02-06","isFullCredit":false},{"lineNumber":13,"author":{"gitId":"SahejAgarwal05"},"content":"        this.to \u003d to;","lastModifiedDate":"2025-02-06","isFullCredit":false},{"lineNumber":14,"author":{"gitId":"SahejAgarwal05"},"content":"","lastModifiedDate":"2025-02-14","isFullCredit":false},{"lineNumber":15,"author":{"gitId":"SahejAgarwal05"},"content":"    }","lastModifiedDate":"2025-02-06","isFullCredit":false},{"lineNumber":16,"author":{"gitId":"SahejAgarwal05"},"content":"","lastModifiedDate":"2025-02-06","isFullCredit":false},{"lineNumber":17,"author":{"gitId":"SahejAgarwal05"},"content":"    public String getFrom() {","lastModifiedDate":"2025-02-06","isFullCredit":false},{"lineNumber":18,"author":{"gitId":"SahejAgarwal05"},"content":"        return from;","lastModifiedDate":"2025-02-06","isFullCredit":false},{"lineNumber":19,"author":{"gitId":"SahejAgarwal05"},"content":"    }","lastModifiedDate":"2025-02-06","isFullCredit":false},{"lineNumber":20,"author":{"gitId":"SahejAgarwal05"},"content":"","lastModifiedDate":"2025-02-06","isFullCredit":false},{"lineNumber":21,"author":{"gitId":"SahejAgarwal05"},"content":"    public String getTo() {","lastModifiedDate":"2025-02-06","isFullCredit":false},{"lineNumber":22,"author":{"gitId":"SahejAgarwal05"},"content":"        return to;","lastModifiedDate":"2025-02-06","isFullCredit":false},{"lineNumber":23,"author":{"gitId":"SahejAgarwal05"},"content":"    }","lastModifiedDate":"2025-02-06","isFullCredit":false},{"lineNumber":24,"author":{"gitId":"SahejAgarwal05"},"content":"","lastModifiedDate":"2025-02-06","isFullCredit":false},{"lineNumber":25,"author":{"gitId":"SahejAgarwal05"},"content":"    public void setFrom(String from) {","lastModifiedDate":"2025-02-06","isFullCredit":false},{"lineNumber":26,"author":{"gitId":"SahejAgarwal05"},"content":"        this.from \u003d from;","lastModifiedDate":"2025-02-06","isFullCredit":false},{"lineNumber":27,"author":{"gitId":"SahejAgarwal05"},"content":"    }","lastModifiedDate":"2025-02-06","isFullCredit":false},{"lineNumber":28,"author":{"gitId":"SahejAgarwal05"},"content":"","lastModifiedDate":"2025-02-06","isFullCredit":false},{"lineNumber":29,"author":{"gitId":"SahejAgarwal05"},"content":"    public void setTo(String to) {","lastModifiedDate":"2025-02-06","isFullCredit":false},{"lineNumber":30,"author":{"gitId":"SahejAgarwal05"},"content":"        this.to \u003d to;","lastModifiedDate":"2025-02-06","isFullCredit":false},{"lineNumber":31,"author":{"gitId":"SahejAgarwal05"},"content":"    }","lastModifiedDate":"2025-02-06","isFullCredit":false},{"lineNumber":32,"author":{"gitId":"SahejAgarwal05"},"content":"","lastModifiedDate":"2025-02-06","isFullCredit":false},{"lineNumber":33,"author":{"gitId":"SahejAgarwal05"},"content":"    @Override","lastModifiedDate":"2025-02-06","isFullCredit":false},{"lineNumber":34,"author":{"gitId":"SahejAgarwal05"},"content":"    public String toString() {","lastModifiedDate":"2025-02-06","isFullCredit":false},{"lineNumber":35,"author":{"gitId":"SahejAgarwal05"},"content":"        if (this.isCompleted) {","lastModifiedDate":"2025-02-07","isFullCredit":false},{"lineNumber":36,"author":{"gitId":"SahejAgarwal05"},"content":"            return \"[X][E] \" + this.name + \" (from: \" + this.from + \" to: \" + this.to + \")\";","lastModifiedDate":"2025-02-06","isFullCredit":false},{"lineNumber":37,"author":{"gitId":"SahejAgarwal05"},"content":"        } else {","lastModifiedDate":"2025-02-06","isFullCredit":false},{"lineNumber":38,"author":{"gitId":"SahejAgarwal05"},"content":"            return \"[ ][E] \" + this.name + \" (from: \" + this.from + \" to: \" + this.to + \")\";","lastModifiedDate":"2025-02-06","isFullCredit":false},{"lineNumber":39,"author":{"gitId":"SahejAgarwal05"},"content":"        }","lastModifiedDate":"2025-02-06","isFullCredit":false},{"lineNumber":40,"author":{"gitId":"SahejAgarwal05"},"content":"    }","lastModifiedDate":"2025-02-06","isFullCredit":false},{"lineNumber":41,"author":{"gitId":"SahejAgarwal05"},"content":"}","lastModifiedDate":"2025-02-06","isFullCredit":false}],"authorContributionMap":{"SahejAgarwal05":41}},{"path":"src/main/java/sahej/tasks/ToDo.java","fileType":"java","lines":[{"lineNumber":1,"author":{"gitId":"SahejAgarwal05"},"content":"package sahej.tasks;","lastModifiedDate":"2025-02-14","isFullCredit":false},{"lineNumber":2,"author":{"gitId":"SahejAgarwal05"},"content":"import sahej.ui.*;","lastModifiedDate":"2025-02-14","isFullCredit":false},{"lineNumber":3,"author":{"gitId":"SahejAgarwal05"},"content":"","lastModifiedDate":"2025-01-29","isFullCredit":false},{"lineNumber":4,"author":{"gitId":"SahejAgarwal05"},"content":"public class ToDo {","lastModifiedDate":"2025-02-06","isFullCredit":false},{"lineNumber":5,"author":{"gitId":"SahejAgarwal05"},"content":"    protected String name;","lastModifiedDate":"2025-02-06","isFullCredit":false},{"lineNumber":6,"author":{"gitId":"SahejAgarwal05"},"content":"    protected boolean isCompleted;","lastModifiedDate":"2025-02-07","isFullCredit":false},{"lineNumber":7,"author":{"gitId":"SahejAgarwal05"},"content":"","lastModifiedDate":"2025-01-29","isFullCredit":false},{"lineNumber":8,"author":{"gitId":"SahejAgarwal05"},"content":"    public ToDo(String name) throws SahejException {","lastModifiedDate":"2025-02-14","isFullCredit":false},{"lineNumber":9,"author":{"gitId":"SahejAgarwal05"},"content":"        if (name \u003d\u003d null || name.isEmpty()) {","lastModifiedDate":"2025-02-14","isFullCredit":false},{"lineNumber":10,"author":{"gitId":"SahejAgarwal05"},"content":"            throw ErrorExceptions.INVALID_TODO_INPUT;","lastModifiedDate":"2025-02-14","isFullCredit":false},{"lineNumber":11,"author":{"gitId":"SahejAgarwal05"},"content":"        }","lastModifiedDate":"2025-02-14","isFullCredit":false},{"lineNumber":12,"author":{"gitId":"SahejAgarwal05"},"content":"        this.name \u003d name;","lastModifiedDate":"2025-01-29","isFullCredit":false},{"lineNumber":13,"author":{"gitId":"SahejAgarwal05"},"content":"        this.isCompleted \u003d false;","lastModifiedDate":"2025-02-07","isFullCredit":false},{"lineNumber":14,"author":{"gitId":"SahejAgarwal05"},"content":"    }","lastModifiedDate":"2025-01-29","isFullCredit":false},{"lineNumber":15,"author":{"gitId":"SahejAgarwal05"},"content":"","lastModifiedDate":"2025-01-29","isFullCredit":false},{"lineNumber":16,"author":{"gitId":"SahejAgarwal05"},"content":"    public ToDo() {","lastModifiedDate":"2025-02-06","isFullCredit":false},{"lineNumber":17,"author":{"gitId":"SahejAgarwal05"},"content":"        this.isCompleted \u003d false;","lastModifiedDate":"2025-02-07","isFullCredit":false},{"lineNumber":18,"author":{"gitId":"SahejAgarwal05"},"content":"        this.name \u003d \"\";","lastModifiedDate":"2025-01-29","isFullCredit":false},{"lineNumber":19,"author":{"gitId":"SahejAgarwal05"},"content":"    }","lastModifiedDate":"2025-01-29","isFullCredit":false},{"lineNumber":20,"author":{"gitId":"SahejAgarwal05"},"content":"","lastModifiedDate":"2025-01-29","isFullCredit":false},{"lineNumber":21,"author":{"gitId":"SahejAgarwal05"},"content":"    /**","lastModifiedDate":"2025-01-29","isFullCredit":false},{"lineNumber":22,"author":{"gitId":"SahejAgarwal05"},"content":"     * @return name of the task","lastModifiedDate":"2025-01-29","isFullCredit":false},{"lineNumber":23,"author":{"gitId":"SahejAgarwal05"},"content":"     */","lastModifiedDate":"2025-01-29","isFullCredit":false},{"lineNumber":24,"author":{"gitId":"SahejAgarwal05"},"content":"    public String getName() {","lastModifiedDate":"2025-01-29","isFullCredit":false},{"lineNumber":25,"author":{"gitId":"SahejAgarwal05"},"content":"        return this.name;","lastModifiedDate":"2025-01-29","isFullCredit":false},{"lineNumber":26,"author":{"gitId":"SahejAgarwal05"},"content":"    }","lastModifiedDate":"2025-01-29","isFullCredit":false},{"lineNumber":27,"author":{"gitId":"SahejAgarwal05"},"content":"","lastModifiedDate":"2025-01-29","isFullCredit":false},{"lineNumber":28,"author":{"gitId":"SahejAgarwal05"},"content":"    /**","lastModifiedDate":"2025-01-29","isFullCredit":false},{"lineNumber":29,"author":{"gitId":"SahejAgarwal05"},"content":"     * Change name of the task","lastModifiedDate":"2025-01-29","isFullCredit":false},{"lineNumber":30,"author":{"gitId":"SahejAgarwal05"},"content":"     *","lastModifiedDate":"2025-01-29","isFullCredit":false},{"lineNumber":31,"author":{"gitId":"SahejAgarwal05"},"content":"     * @param name new name of the task","lastModifiedDate":"2025-02-06","isFullCredit":false},{"lineNumber":32,"author":{"gitId":"SahejAgarwal05"},"content":"     */","lastModifiedDate":"2025-01-29","isFullCredit":false},{"lineNumber":33,"author":{"gitId":"SahejAgarwal05"},"content":"    public void setName(String name) {","lastModifiedDate":"2025-01-29","isFullCredit":false},{"lineNumber":34,"author":{"gitId":"SahejAgarwal05"},"content":"        this.name \u003d name;","lastModifiedDate":"2025-01-29","isFullCredit":false},{"lineNumber":35,"author":{"gitId":"SahejAgarwal05"},"content":"    }","lastModifiedDate":"2025-01-29","isFullCredit":false},{"lineNumber":36,"author":{"gitId":"SahejAgarwal05"},"content":"","lastModifiedDate":"2025-01-29","isFullCredit":false},{"lineNumber":37,"author":{"gitId":"SahejAgarwal05"},"content":"    /**","lastModifiedDate":"2025-01-29","isFullCredit":false},{"lineNumber":38,"author":{"gitId":"SahejAgarwal05"},"content":"     * check if task is completed","lastModifiedDate":"2025-01-29","isFullCredit":false},{"lineNumber":39,"author":{"gitId":"SahejAgarwal05"},"content":"     *","lastModifiedDate":"2025-02-06","isFullCredit":false},{"lineNumber":40,"author":{"gitId":"SahejAgarwal05"},"content":"     * @return true for completed task and false for incomplete task","lastModifiedDate":"2025-01-29","isFullCredit":false},{"lineNumber":41,"author":{"gitId":"SahejAgarwal05"},"content":"     */","lastModifiedDate":"2025-01-29","isFullCredit":false},{"lineNumber":42,"author":{"gitId":"SahejAgarwal05"},"content":"    public boolean isCompleted() {","lastModifiedDate":"2025-01-29","isFullCredit":false},{"lineNumber":43,"author":{"gitId":"SahejAgarwal05"},"content":"        return this.isCompleted;","lastModifiedDate":"2025-02-07","isFullCredit":false},{"lineNumber":44,"author":{"gitId":"SahejAgarwal05"},"content":"    }","lastModifiedDate":"2025-01-29","isFullCredit":false},{"lineNumber":45,"author":{"gitId":"SahejAgarwal05"},"content":"","lastModifiedDate":"2025-01-29","isFullCredit":false},{"lineNumber":46,"author":{"gitId":"SahejAgarwal05"},"content":"    /**","lastModifiedDate":"2025-01-29","isFullCredit":false},{"lineNumber":47,"author":{"gitId":"SahejAgarwal05"},"content":"     * Change status of task","lastModifiedDate":"2025-01-29","isFullCredit":false},{"lineNumber":48,"author":{"gitId":"SahejAgarwal05"},"content":"     *","lastModifiedDate":"2025-02-06","isFullCredit":false},{"lineNumber":49,"author":{"gitId":"SahejAgarwal05"},"content":"     * @param completed","lastModifiedDate":"2025-01-29","isFullCredit":false},{"lineNumber":50,"author":{"gitId":"SahejAgarwal05"},"content":"     */","lastModifiedDate":"2025-01-29","isFullCredit":false},{"lineNumber":51,"author":{"gitId":"SahejAgarwal05"},"content":"    public void setCompleted(boolean completed) {","lastModifiedDate":"2025-01-29","isFullCredit":false},{"lineNumber":52,"author":{"gitId":"SahejAgarwal05"},"content":"        this.isCompleted \u003d completed;","lastModifiedDate":"2025-02-07","isFullCredit":false},{"lineNumber":53,"author":{"gitId":"SahejAgarwal05"},"content":"    }","lastModifiedDate":"2025-01-29","isFullCredit":false},{"lineNumber":54,"author":{"gitId":"SahejAgarwal05"},"content":"","lastModifiedDate":"2025-01-29","isFullCredit":false},{"lineNumber":55,"author":{"gitId":"SahejAgarwal05"},"content":"    /**","lastModifiedDate":"2025-01-29","isFullCredit":false},{"lineNumber":56,"author":{"gitId":"SahejAgarwal05"},"content":"     * Print the task for the list","lastModifiedDate":"2025-01-29","isFullCredit":false},{"lineNumber":57,"author":{"gitId":"SahejAgarwal05"},"content":"     */","lastModifiedDate":"2025-01-29","isFullCredit":false},{"lineNumber":58,"author":{"gitId":"SahejAgarwal05"},"content":"    public String toString() {","lastModifiedDate":"2025-02-06","isFullCredit":false},{"lineNumber":59,"author":{"gitId":"SahejAgarwal05"},"content":"        if (this.isCompleted) {","lastModifiedDate":"2025-02-07","isFullCredit":false},{"lineNumber":60,"author":{"gitId":"SahejAgarwal05"},"content":"            return \"[X][T] \" + this.name;","lastModifiedDate":"2025-02-06","isFullCredit":false},{"lineNumber":61,"author":{"gitId":"SahejAgarwal05"},"content":"        } else {","lastModifiedDate":"2025-01-29","isFullCredit":false},{"lineNumber":62,"author":{"gitId":"SahejAgarwal05"},"content":"            return \"[ ][T] \" + this.name;","lastModifiedDate":"2025-02-06","isFullCredit":false},{"lineNumber":63,"author":{"gitId":"SahejAgarwal05"},"content":"        }","lastModifiedDate":"2025-01-29","isFullCredit":false},{"lineNumber":64,"author":{"gitId":"SahejAgarwal05"},"content":"    }","lastModifiedDate":"2025-01-29","isFullCredit":false},{"lineNumber":65,"author":{"gitId":"SahejAgarwal05"},"content":"}","lastModifiedDate":"2025-01-29","isFullCredit":false}],"authorContributionMap":{"SahejAgarwal05":65}},{"path":"src/main/java/sahej/tasks/ToDoList.java","fileType":"java","lines":[{"lineNumber":1,"author":{"gitId":"SahejAgarwal05"},"content":"package sahej.tasks;","lastModifiedDate":"2025-02-14","isFullCredit":false},{"lineNumber":2,"author":{"gitId":"SahejAgarwal05"},"content":"import sahej.ui.*;","lastModifiedDate":"2025-02-14","isFullCredit":false},{"lineNumber":3,"author":{"gitId":"SahejAgarwal05"},"content":"","lastModifiedDate":"2025-01-29","isFullCredit":false},{"lineNumber":4,"author":{"gitId":"SahejAgarwal05"},"content":"public class ToDoList {","lastModifiedDate":"2025-02-07","isFullCredit":false},{"lineNumber":5,"author":{"gitId":"SahejAgarwal05"},"content":"    private ToDo[] tasks;","lastModifiedDate":"2025-02-14","isFullCredit":false},{"lineNumber":6,"author":{"gitId":"SahejAgarwal05"},"content":"    private int count;","lastModifiedDate":"2025-01-29","isFullCredit":false},{"lineNumber":7,"author":{"gitId":"SahejAgarwal05"},"content":"    private final int MAX_COUNT \u003d 100;","lastModifiedDate":"2025-02-07","isFullCredit":false},{"lineNumber":8,"author":{"gitId":"SahejAgarwal05"},"content":"    private final String INVALID_NUMBER_MESSAGE \u003d \"\\tInvalid task number. Please enter a valid task number.\";","lastModifiedDate":"2025-02-07","isFullCredit":false},{"lineNumber":9,"author":{"gitId":"SahejAgarwal05"},"content":"","lastModifiedDate":"2025-02-07","isFullCredit":false},{"lineNumber":10,"author":{"gitId":"SahejAgarwal05"},"content":"    public ToDoList() {","lastModifiedDate":"2025-02-07","isFullCredit":false},{"lineNumber":11,"author":{"gitId":"SahejAgarwal05"},"content":"        this.count \u003d 0;","lastModifiedDate":"2025-01-29","isFullCredit":false},{"lineNumber":12,"author":{"gitId":"SahejAgarwal05"},"content":"        this.tasks \u003d new ToDo[this.MAX_COUNT];","lastModifiedDate":"2025-02-14","isFullCredit":false},{"lineNumber":13,"author":{"gitId":"SahejAgarwal05"},"content":"    }","lastModifiedDate":"2025-01-29","isFullCredit":false},{"lineNumber":14,"author":{"gitId":"SahejAgarwal05"},"content":"","lastModifiedDate":"2025-01-29","isFullCredit":false},{"lineNumber":15,"author":{"gitId":"SahejAgarwal05"},"content":"    /**","lastModifiedDate":"2025-01-29","isFullCredit":false},{"lineNumber":16,"author":{"gitId":"SahejAgarwal05"},"content":"     * Adds task to the list if there are 99 or less items","lastModifiedDate":"2025-01-29","isFullCredit":false},{"lineNumber":17,"author":{"gitId":"SahejAgarwal05"},"content":"     * if there are 100 items prints List is full cannot store more than 100 items","lastModifiedDate":"2025-01-29","isFullCredit":false},{"lineNumber":18,"author":{"gitId":"SahejAgarwal05"},"content":"     *","lastModifiedDate":"2025-01-29","isFullCredit":false},{"lineNumber":19,"author":{"gitId":"SahejAgarwal05"},"content":"     * @param todo item to be added to the list","lastModifiedDate":"2025-02-06","isFullCredit":false},{"lineNumber":20,"author":{"gitId":"SahejAgarwal05"},"content":"     */","lastModifiedDate":"2025-01-29","isFullCredit":false},{"lineNumber":21,"author":{"gitId":"SahejAgarwal05"},"content":"    public void add(ToDo todo) throws SahejException {","lastModifiedDate":"2025-02-14","isFullCredit":false},{"lineNumber":22,"author":{"gitId":"SahejAgarwal05"},"content":"        try {","lastModifiedDate":"2025-02-14","isFullCredit":false},{"lineNumber":23,"author":{"gitId":"SahejAgarwal05"},"content":"            this.tasks[this.count] \u003d todo;","lastModifiedDate":"2025-02-06","isFullCredit":false},{"lineNumber":24,"author":{"gitId":"SahejAgarwal05"},"content":"            this.count++;","lastModifiedDate":"2025-01-29","isFullCredit":false},{"lineNumber":25,"author":{"gitId":"SahejAgarwal05"},"content":"            System.out.println(\"\\tAdded\");","lastModifiedDate":"2025-02-06","isFullCredit":false},{"lineNumber":26,"author":{"gitId":"SahejAgarwal05"},"content":"        } catch(Exception e) {","lastModifiedDate":"2025-02-14","isFullCredit":false},{"lineNumber":27,"author":{"gitId":"SahejAgarwal05"},"content":"            throw ErrorExceptions.LIST_FULL;","lastModifiedDate":"2025-02-14","isFullCredit":false},{"lineNumber":28,"author":{"gitId":"SahejAgarwal05"},"content":"        }","lastModifiedDate":"2025-01-29","isFullCredit":false},{"lineNumber":29,"author":{"gitId":"SahejAgarwal05"},"content":"    }","lastModifiedDate":"2025-01-29","isFullCredit":false},{"lineNumber":30,"author":{"gitId":"SahejAgarwal05"},"content":"","lastModifiedDate":"2025-01-29","isFullCredit":false},{"lineNumber":31,"author":{"gitId":"SahejAgarwal05"},"content":"    /**","lastModifiedDate":"2025-01-29","isFullCredit":false},{"lineNumber":32,"author":{"gitId":"SahejAgarwal05"},"content":"     * Prints all items with serial numbers","lastModifiedDate":"2025-01-29","isFullCredit":false},{"lineNumber":33,"author":{"gitId":"SahejAgarwal05"},"content":"     * if there are no items prints List is empty","lastModifiedDate":"2025-01-29","isFullCredit":false},{"lineNumber":34,"author":{"gitId":"SahejAgarwal05"},"content":"     */","lastModifiedDate":"2025-01-29","isFullCredit":false},{"lineNumber":35,"author":{"gitId":"SahejAgarwal05"},"content":"    public void printItems() {","lastModifiedDate":"2025-01-29","isFullCredit":false},{"lineNumber":36,"author":{"gitId":"SahejAgarwal05"},"content":"        if (this.count \u003d\u003d 0) {","lastModifiedDate":"2025-01-29","isFullCredit":false},{"lineNumber":37,"author":{"gitId":"SahejAgarwal05"},"content":"            System.out.println(\"\\tList is empty\");","lastModifiedDate":"2025-01-29","isFullCredit":false},{"lineNumber":38,"author":{"gitId":"SahejAgarwal05"},"content":"        } else {","lastModifiedDate":"2025-01-29","isFullCredit":false},{"lineNumber":39,"author":{"gitId":"SahejAgarwal05"},"content":"            for (int i \u003d 0; i \u003c this.count; i++) {","lastModifiedDate":"2025-01-29","isFullCredit":false},{"lineNumber":40,"author":{"gitId":"SahejAgarwal05"},"content":"                System.out.print(\"\\t\" + (i + 1) + \". \");","lastModifiedDate":"2025-01-29","isFullCredit":false},{"lineNumber":41,"author":{"gitId":"SahejAgarwal05"},"content":"                System.out.println(this.tasks[i].toString());","lastModifiedDate":"2025-02-06","isFullCredit":false},{"lineNumber":42,"author":{"gitId":"SahejAgarwal05"},"content":"            }","lastModifiedDate":"2025-01-29","isFullCredit":false},{"lineNumber":43,"author":{"gitId":"SahejAgarwal05"},"content":"        }","lastModifiedDate":"2025-01-29","isFullCredit":false},{"lineNumber":44,"author":{"gitId":"SahejAgarwal05"},"content":"    }","lastModifiedDate":"2025-01-29","isFullCredit":false},{"lineNumber":45,"author":{"gitId":"SahejAgarwal05"},"content":"","lastModifiedDate":"2025-01-29","isFullCredit":false},{"lineNumber":46,"author":{"gitId":"SahejAgarwal05"},"content":"    /**","lastModifiedDate":"2025-02-06","isFullCredit":false},{"lineNumber":47,"author":{"gitId":"SahejAgarwal05"},"content":"     * Mark item to completed","lastModifiedDate":"2025-02-06","isFullCredit":false},{"lineNumber":48,"author":{"gitId":"SahejAgarwal05"},"content":"     * @param taskNo index of the item to be marked complete","lastModifiedDate":"2025-02-06","isFullCredit":false},{"lineNumber":49,"author":{"gitId":"SahejAgarwal05"},"content":"     */","lastModifiedDate":"2025-02-06","isFullCredit":false},{"lineNumber":50,"author":{"gitId":"SahejAgarwal05"},"content":"    public void mark(int taskNo) throws SahejException {","lastModifiedDate":"2025-02-14","isFullCredit":false},{"lineNumber":51,"author":{"gitId":"SahejAgarwal05"},"content":"        try {","lastModifiedDate":"2025-02-14","isFullCredit":false},{"lineNumber":52,"author":{"gitId":"SahejAgarwal05"},"content":"            tasks[taskNo - 1].setCompleted(true);","lastModifiedDate":"2025-01-29","isFullCredit":false},{"lineNumber":53,"author":{"gitId":"SahejAgarwal05"},"content":"            System.out.println(\"\\tMarked task\");","lastModifiedDate":"2025-02-14","isFullCredit":false},{"lineNumber":54,"author":{"gitId":"SahejAgarwal05"},"content":"        } catch (Exception e) {","lastModifiedDate":"2025-02-14","isFullCredit":false},{"lineNumber":55,"author":{"gitId":"SahejAgarwal05"},"content":"            throw ErrorExceptions.OUT_OF_RANGE;","lastModifiedDate":"2025-02-14","isFullCredit":false},{"lineNumber":56,"author":{"gitId":"SahejAgarwal05"},"content":"        }","lastModifiedDate":"2025-01-29","isFullCredit":false},{"lineNumber":57,"author":{"gitId":"SahejAgarwal05"},"content":"    }","lastModifiedDate":"2025-01-29","isFullCredit":false},{"lineNumber":58,"author":{"gitId":"SahejAgarwal05"},"content":"    /**","lastModifiedDate":"2025-02-06","isFullCredit":false},{"lineNumber":59,"author":{"gitId":"SahejAgarwal05"},"content":"     * Mark item to incomplete","lastModifiedDate":"2025-02-14","isFullCredit":false},{"lineNumber":60,"author":{"gitId":"SahejAgarwal05"},"content":"     * @param taskNo index of the item to be marked incomplete","lastModifiedDate":"2025-02-06","isFullCredit":false},{"lineNumber":61,"author":{"gitId":"SahejAgarwal05"},"content":"     */","lastModifiedDate":"2025-02-06","isFullCredit":false},{"lineNumber":62,"author":{"gitId":"SahejAgarwal05"},"content":"    public void unmark(int taskNo) throws SahejException {","lastModifiedDate":"2025-02-14","isFullCredit":false},{"lineNumber":63,"author":{"gitId":"SahejAgarwal05"},"content":"        try{","lastModifiedDate":"2025-02-14","isFullCredit":false},{"lineNumber":64,"author":{"gitId":"SahejAgarwal05"},"content":"            tasks[taskNo - 1].setCompleted(false);","lastModifiedDate":"2025-01-29","isFullCredit":false},{"lineNumber":65,"author":{"gitId":"SahejAgarwal05"},"content":"            System.out.println(\"\\tUnmarked\");","lastModifiedDate":"2025-02-14","isFullCredit":false},{"lineNumber":66,"author":{"gitId":"SahejAgarwal05"},"content":"        } catch (Exception e){","lastModifiedDate":"2025-02-14","isFullCredit":false},{"lineNumber":67,"author":{"gitId":"SahejAgarwal05"},"content":"            throw ErrorExceptions.OUT_OF_RANGE;","lastModifiedDate":"2025-02-14","isFullCredit":false},{"lineNumber":68,"author":{"gitId":"SahejAgarwal05"},"content":"        }","lastModifiedDate":"2025-01-29","isFullCredit":false},{"lineNumber":69,"author":{"gitId":"SahejAgarwal05"},"content":"    }","lastModifiedDate":"2025-01-29","isFullCredit":false},{"lineNumber":70,"author":{"gitId":"SahejAgarwal05"},"content":"}","lastModifiedDate":"2025-01-29","isFullCredit":false},{"lineNumber":71,"author":{"gitId":"SahejAgarwal05"},"content":"","lastModifiedDate":"2025-01-29","isFullCredit":false},{"lineNumber":72,"author":{"gitId":"SahejAgarwal05"},"content":"","lastModifiedDate":"2025-01-29","isFullCredit":false}],"authorContributionMap":{"SahejAgarwal05":72}},{"path":"src/main/java/sahej/ui/Commands.java","fileType":"java","lines":[{"lineNumber":1,"author":{"gitId":"SahejAgarwal05"},"content":"package sahej.ui;","lastModifiedDate":"2025-02-14","isFullCredit":false},{"lineNumber":2,"author":{"gitId":"SahejAgarwal05"},"content":"public final class Commands {","lastModifiedDate":"2025-02-14","isFullCredit":false},{"lineNumber":3,"author":{"gitId":"SahejAgarwal05"},"content":"    private Commands() {}","lastModifiedDate":"2025-02-14","isFullCredit":false},{"lineNumber":4,"author":{"gitId":"SahejAgarwal05"},"content":"    public static final String LIST_COMMAND \u003d \"list\";","lastModifiedDate":"2025-02-14","isFullCredit":false},{"lineNumber":5,"author":{"gitId":"SahejAgarwal05"},"content":"    public static final String TODO_COMMAND \u003d \"todo\";","lastModifiedDate":"2025-02-14","isFullCredit":false},{"lineNumber":6,"author":{"gitId":"SahejAgarwal05"},"content":"    public static final String DEADLINE_COMMAND \u003d \"deadline\";","lastModifiedDate":"2025-02-14","isFullCredit":false},{"lineNumber":7,"author":{"gitId":"SahejAgarwal05"},"content":"    public static final String EVENT_COMMAND \u003d \"event\";","lastModifiedDate":"2025-02-14","isFullCredit":false},{"lineNumber":8,"author":{"gitId":"SahejAgarwal05"},"content":"    public static final String MARK_COMMAND \u003d \"mark\";","lastModifiedDate":"2025-02-14","isFullCredit":false},{"lineNumber":9,"author":{"gitId":"SahejAgarwal05"},"content":"    public static final String UNMARK_COMMAND \u003d \"unmark\";","lastModifiedDate":"2025-02-14","isFullCredit":false},{"lineNumber":10,"author":{"gitId":"SahejAgarwal05"},"content":"    public static final String BYE_COMMAND \u003d \"bye\";","lastModifiedDate":"2025-02-14","isFullCredit":false},{"lineNumber":11,"author":{"gitId":"SahejAgarwal05"},"content":"}","lastModifiedDate":"2025-02-14","isFullCredit":false}],"authorContributionMap":{"SahejAgarwal05":11}},{"path":"src/main/java/sahej/ui/ErrorExceptions.java","fileType":"java","lines":[{"lineNumber":1,"author":{"gitId":"SahejAgarwal05"},"content":"package sahej.ui;","lastModifiedDate":"2025-02-14","isFullCredit":false},{"lineNumber":2,"author":{"gitId":"SahejAgarwal05"},"content":"public final class ErrorExceptions {","lastModifiedDate":"2025-02-14","isFullCredit":false},{"lineNumber":3,"author":{"gitId":"SahejAgarwal05"},"content":"    private ErrorExceptions() {}","lastModifiedDate":"2025-02-14","isFullCredit":false},{"lineNumber":4,"author":{"gitId":"SahejAgarwal05"},"content":"    public static final SahejException INVALID_NUMBER_ERROR \u003d","lastModifiedDate":"2025-02-14","isFullCredit":false},{"lineNumber":5,"author":{"gitId":"SahejAgarwal05"},"content":"            new SahejException(\"\\tYou have not input an acceptable number. Please input an integer.\");","lastModifiedDate":"2025-02-14","isFullCredit":false},{"lineNumber":6,"author":{"gitId":"SahejAgarwal05"},"content":"    public static final SahejException OUT_OF_RANGE \u003d","lastModifiedDate":"2025-02-14","isFullCredit":false},{"lineNumber":7,"author":{"gitId":"SahejAgarwal05"},"content":"            new SahejException(\"\\tThe number you entered is out of range.\");","lastModifiedDate":"2025-02-14","isFullCredit":false},{"lineNumber":8,"author":{"gitId":"SahejAgarwal05"},"content":"    public static final SahejException INVALID_COMMAND \u003d","lastModifiedDate":"2025-02-14","isFullCredit":false},{"lineNumber":9,"author":{"gitId":"SahejAgarwal05"},"content":"            new SahejException(\"\\tInvalid command.\");","lastModifiedDate":"2025-02-14","isFullCredit":false},{"lineNumber":10,"author":{"gitId":"SahejAgarwal05"},"content":"    public static final SahejException INVALID_TODO_INPUT \u003d","lastModifiedDate":"2025-02-14","isFullCredit":false},{"lineNumber":11,"author":{"gitId":"SahejAgarwal05"},"content":"            new SahejException(\"\\tPlease use todo \u003cname of task\u003e.\");","lastModifiedDate":"2025-02-14","isFullCredit":false},{"lineNumber":12,"author":{"gitId":"SahejAgarwal05"},"content":"    public static final SahejException INVALID_DEADLINE_INPUT \u003d","lastModifiedDate":"2025-02-14","isFullCredit":false},{"lineNumber":13,"author":{"gitId":"SahejAgarwal05"},"content":"            new SahejException(\"\\tDeadline must be in format deadline \u003cname\u003e /by \u003cdate and time of deadline\u003e.\");","lastModifiedDate":"2025-02-14","isFullCredit":false},{"lineNumber":14,"author":{"gitId":"SahejAgarwal05"},"content":"    public static final SahejException INVALID_EVENT_INPUT \u003d","lastModifiedDate":"2025-02-14","isFullCredit":false},{"lineNumber":15,"author":{"gitId":"SahejAgarwal05"},"content":"            new SahejException(\"\\tPlease input a valid event in format event \u003cname\u003e/from \u003cfrom\u003e /to \u003cto\u003e.\");","lastModifiedDate":"2025-02-14","isFullCredit":false},{"lineNumber":16,"author":{"gitId":"SahejAgarwal05"},"content":"    public static final SahejException LIST_FULL \u003d new SahejException(\"\\tList is full.\");","lastModifiedDate":"2025-02-14","isFullCredit":false},{"lineNumber":17,"author":{"gitId":"SahejAgarwal05"},"content":"}","lastModifiedDate":"2025-02-14","isFullCredit":false}],"authorContributionMap":{"SahejAgarwal05":17}},{"path":"src/main/java/sahej/ui/SahejException.java","fileType":"java","lines":[{"lineNumber":1,"author":{"gitId":"SahejAgarwal05"},"content":"package sahej.ui;","lastModifiedDate":"2025-02-14","isFullCredit":false},{"lineNumber":2,"author":{"gitId":"SahejAgarwal05"},"content":"public class SahejException extends Exception {","lastModifiedDate":"2025-02-14","isFullCredit":false},{"lineNumber":3,"author":{"gitId":"SahejAgarwal05"},"content":"    public SahejException(String exceptionMessage) {","lastModifiedDate":"2025-02-14","isFullCredit":false},{"lineNumber":4,"author":{"gitId":"SahejAgarwal05"},"content":"        super(exceptionMessage);","lastModifiedDate":"2025-02-14","isFullCredit":false},{"lineNumber":5,"author":{"gitId":"SahejAgarwal05"},"content":"    }","lastModifiedDate":"2025-02-14","isFullCredit":false},{"lineNumber":6,"author":{"gitId":"SahejAgarwal05"},"content":"}","lastModifiedDate":"2025-02-14","isFullCredit":false}],"authorContributionMap":{"SahejAgarwal05":6}},{"path":"text-ui-test/input.txt","fileType":"txt","lines":[{"lineNumber":1,"author":{"gitId":"SahejAgarwal05"},"content":"todo Buy groceries","lastModifiedDate":"2025-02-07","isFullCredit":false},{"lineNumber":2,"author":{"gitId":"SahejAgarwal05"},"content":"todo Finish report","lastModifiedDate":"2025-02-07","isFullCredit":false},{"lineNumber":3,"author":{"gitId":"SahejAgarwal05"},"content":"deadline Project submission /by 2024-12-25","lastModifiedDate":"2025-02-07","isFullCredit":false},{"lineNumber":4,"author":{"gitId":"SahejAgarwal05"},"content":"event Concert /from 2024-11-10 /to 2024-11-12","lastModifiedDate":"2025-02-07","isFullCredit":false},{"lineNumber":5,"author":{"gitId":"SahejAgarwal05"},"content":"mark 1","lastModifiedDate":"2025-02-07","isFullCredit":false},{"lineNumber":6,"author":{"gitId":"SahejAgarwal05"},"content":"unmark 2","lastModifiedDate":"2025-02-07","isFullCredit":false},{"lineNumber":7,"author":{"gitId":"SahejAgarwal05"},"content":"list","lastModifiedDate":"2025-02-07","isFullCredit":false},{"lineNumber":8,"author":{"gitId":"SahejAgarwal05"},"content":"todo","lastModifiedDate":"2025-02-07","isFullCredit":false},{"lineNumber":9,"author":{"gitId":"SahejAgarwal05"},"content":"todo","lastModifiedDate":"2025-02-07","isFullCredit":false},{"lineNumber":10,"author":{"gitId":"SahejAgarwal05"},"content":"deadline /by Sunday","lastModifiedDate":"2025-02-07","isFullCredit":false},{"lineNumber":11,"author":{"gitId":"SahejAgarwal05"},"content":"deadline Submit research","lastModifiedDate":"2025-02-07","isFullCredit":false},{"lineNumber":12,"author":{"gitId":"SahejAgarwal05"},"content":"event /from Monday /to Tuesday","lastModifiedDate":"2025-02-07","isFullCredit":false},{"lineNumber":13,"author":{"gitId":"SahejAgarwal05"},"content":"event OnlyNameGiven","lastModifiedDate":"2025-02-07","isFullCredit":false},{"lineNumber":14,"author":{"gitId":"SahejAgarwal05"},"content":"event EventName /from","lastModifiedDate":"2025-02-07","isFullCredit":false},{"lineNumber":15,"author":{"gitId":"SahejAgarwal05"},"content":"event Workshop /to 2024-12-20","lastModifiedDate":"2025-02-07","isFullCredit":false},{"lineNumber":16,"author":{"gitId":"SahejAgarwal05"},"content":"deadline Finish task /by 2024/12/31","lastModifiedDate":"2025-02-07","isFullCredit":false},{"lineNumber":17,"author":{"gitId":"SahejAgarwal05"},"content":"event Webinar /from Dec-01 /to Dec-05","lastModifiedDate":"2025-02-07","isFullCredit":false},{"lineNumber":18,"author":{"gitId":"SahejAgarwal05"},"content":"mark","lastModifiedDate":"2025-02-07","isFullCredit":false},{"lineNumber":19,"author":{"gitId":"SahejAgarwal05"},"content":"mark","lastModifiedDate":"2025-02-07","isFullCredit":false},{"lineNumber":20,"author":{"gitId":"SahejAgarwal05"},"content":"mark abc","lastModifiedDate":"2025-02-07","isFullCredit":false},{"lineNumber":21,"author":{"gitId":"SahejAgarwal05"},"content":"mark -5","lastModifiedDate":"2025-02-07","isFullCredit":false},{"lineNumber":22,"author":{"gitId":"SahejAgarwal05"},"content":"mark 9999","lastModifiedDate":"2025-02-07","isFullCredit":false},{"lineNumber":23,"author":{"gitId":"SahejAgarwal05"},"content":"unmark","lastModifiedDate":"2025-02-07","isFullCredit":false},{"lineNumber":24,"author":{"gitId":"SahejAgarwal05"},"content":"unmark","lastModifiedDate":"2025-02-07","isFullCredit":false},{"lineNumber":25,"author":{"gitId":"SahejAgarwal05"},"content":"unmark xyz","lastModifiedDate":"2025-02-07","isFullCredit":false},{"lineNumber":26,"author":{"gitId":"SahejAgarwal05"},"content":"unmark -2","lastModifiedDate":"2025-02-07","isFullCredit":false},{"lineNumber":27,"author":{"gitId":"SahejAgarwal05"},"content":"unmark 500","lastModifiedDate":"2025-02-07","isFullCredit":false},{"lineNumber":28,"author":{"gitId":"SahejAgarwal05"},"content":"todo @#$%^\u0026*","lastModifiedDate":"2025-02-07","isFullCredit":false},{"lineNumber":29,"author":{"gitId":"SahejAgarwal05"},"content":"deadline Do something /by !@#$%^\u0026*()_+","lastModifiedDate":"2025-02-07","isFullCredit":false},{"lineNumber":30,"author":{"gitId":"SahejAgarwal05"},"content":"event Meeting /from ### /to $$$","lastModifiedDate":"2025-02-07","isFullCredit":false},{"lineNumber":31,"author":{"gitId":"SahejAgarwal05"},"content":"mark ?","lastModifiedDate":"2025-02-07","isFullCredit":false},{"lineNumber":32,"author":{"gitId":"SahejAgarwal05"},"content":"unmark !","lastModifiedDate":"2025-02-07","isFullCredit":false},{"lineNumber":33,"author":{"gitId":"SahejAgarwal05"},"content":"list","lastModifiedDate":"2025-02-07","isFullCredit":false},{"lineNumber":34,"author":{"gitId":"SahejAgarwal05"},"content":"todo    Extra Spaces Before","lastModifiedDate":"2025-02-07","isFullCredit":false},{"lineNumber":35,"author":{"gitId":"SahejAgarwal05"},"content":"todo Extra Spaces After","lastModifiedDate":"2025-02-07","isFullCredit":false},{"lineNumber":36,"author":{"gitId":"SahejAgarwal05"},"content":"deadline    Trimmed sahej.tasks.Deadline   /by    2024-12-31","lastModifiedDate":"2025-02-14","isFullCredit":false},{"lineNumber":37,"author":{"gitId":"SahejAgarwal05"},"content":"event    MeetingName    /from    2024-10-10    /to    2024-10-11","lastModifiedDate":"2025-02-07","isFullCredit":false},{"lineNumber":38,"author":{"gitId":"SahejAgarwal05"},"content":"mark       3","lastModifiedDate":"2025-02-07","isFullCredit":false},{"lineNumber":39,"author":{"gitId":"SahejAgarwal05"},"content":"unmark       4","lastModifiedDate":"2025-02-07","isFullCredit":false},{"lineNumber":40,"author":{"gitId":"SahejAgarwal05"},"content":"list","lastModifiedDate":"2025-02-07","isFullCredit":false},{"lineNumber":41,"author":{"gitId":"SahejAgarwal05"},"content":"do nothing","lastModifiedDate":"2025-02-07","isFullCredit":false},{"lineNumber":42,"author":{"gitId":"SahejAgarwal05"},"content":"delete 1","lastModifiedDate":"2025-02-07","isFullCredit":false},{"lineNumber":43,"author":{"gitId":"SahejAgarwal05"},"content":"remove task 2","lastModifiedDate":"2025-02-07","isFullCredit":false},{"lineNumber":44,"author":{"gitId":"SahejAgarwal05"},"content":"modify deadline","lastModifiedDate":"2025-02-07","isFullCredit":false},{"lineNumber":45,"author":{"gitId":"SahejAgarwal05"},"content":"edit event","lastModifiedDate":"2025-02-07","isFullCredit":false},{"lineNumber":46,"author":{"gitId":"SahejAgarwal05"},"content":"clear all","lastModifiedDate":"2025-02-07","isFullCredit":false},{"lineNumber":47,"author":{"gitId":"SahejAgarwal05"},"content":"print","lastModifiedDate":"2025-02-07","isFullCredit":false},{"lineNumber":48,"author":{"gitId":"SahejAgarwal05"},"content":"history","lastModifiedDate":"2025-02-07","isFullCredit":false},{"lineNumber":49,"author":{"gitId":"SahejAgarwal05"},"content":"bye","lastModifiedDate":"2025-02-07","isFullCredit":false}],"authorContributionMap":{"SahejAgarwal05":49}},{"path":"text-ui-test/runtest.bat","fileType":"bat","lines":[{"lineNumber":1,"author":{"gitId":"-"},"content":"@ECHO OFF","lastModifiedDate":"2020-05-25","isFullCredit":false},{"lineNumber":2,"author":{"gitId":"-"},"content":"","lastModifiedDate":"2020-05-25","isFullCredit":false},{"lineNumber":3,"author":{"gitId":"-"},"content":"REM create bin directory if it doesn\u0027t exist","lastModifiedDate":"2020-05-25","isFullCredit":false},{"lineNumber":4,"author":{"gitId":"-"},"content":"if not exist ..\\bin mkdir ..\\bin","lastModifiedDate":"2020-05-25","isFullCredit":false},{"lineNumber":5,"author":{"gitId":"-"},"content":"","lastModifiedDate":"2020-05-25","isFullCredit":false},{"lineNumber":6,"author":{"gitId":"-"},"content":"REM delete output from previous run","lastModifiedDate":"2020-05-25","isFullCredit":false},{"lineNumber":7,"author":{"gitId":"-"},"content":"if exist ACTUAL.TXT del ACTUAL.TXT","lastModifiedDate":"2020-08-25","isFullCredit":false},{"lineNumber":8,"author":{"gitId":"-"},"content":"","lastModifiedDate":"2020-05-25","isFullCredit":false},{"lineNumber":9,"author":{"gitId":"-"},"content":"REM compile the code into the bin folder","lastModifiedDate":"2020-05-25","isFullCredit":false},{"lineNumber":10,"author":{"gitId":"-"},"content":"javac  -cp ..\\src\\main\\java -Xlint:none -d ..\\bin ..\\src\\main\\java\\*.java","lastModifiedDate":"2020-08-25","isFullCredit":false},{"lineNumber":11,"author":{"gitId":"-"},"content":"IF ERRORLEVEL 1 (","lastModifiedDate":"2020-05-25","isFullCredit":false},{"lineNumber":12,"author":{"gitId":"-"},"content":"    echo ********** BUILD FAILURE **********","lastModifiedDate":"2020-05-25","isFullCredit":false},{"lineNumber":13,"author":{"gitId":"-"},"content":"    exit /b 1","lastModifiedDate":"2020-05-25","isFullCredit":false},{"lineNumber":14,"author":{"gitId":"-"},"content":")","lastModifiedDate":"2020-05-25","isFullCredit":false},{"lineNumber":15,"author":{"gitId":"-"},"content":"REM no error here, errorlevel \u003d\u003d 0","lastModifiedDate":"2020-05-25","isFullCredit":false},{"lineNumber":16,"author":{"gitId":"-"},"content":"","lastModifiedDate":"2020-05-25","isFullCredit":false},{"lineNumber":17,"author":{"gitId":"-"},"content":"REM run the program, feed commands from input.txt file and redirect the output to the ACTUAL.TXT","lastModifiedDate":"2020-05-25","isFullCredit":false},{"lineNumber":18,"author":{"gitId":"SahejAgarwal05"},"content":"java -classpath ..\\bin Sahej \u003c input.txt \u003e ACTUAL.TXT","lastModifiedDate":"2025-01-29","isFullCredit":false},{"lineNumber":19,"author":{"gitId":"-"},"content":"","lastModifiedDate":"2020-05-25","isFullCredit":false},{"lineNumber":20,"author":{"gitId":"-"},"content":"REM compare the output to the expected output","lastModifiedDate":"2020-05-25","isFullCredit":false},{"lineNumber":21,"author":{"gitId":"-"},"content":"FC ACTUAL.TXT EXPECTED.TXT","lastModifiedDate":"2020-05-25","isFullCredit":false}],"authorContributionMap":{"-":20,"SahejAgarwal05":1}},{"path":"text-ui-test/runtest.sh","fileType":"sh","lines":[{"lineNumber":1,"author":{"gitId":"-"},"content":"#!/usr/bin/env bash","lastModifiedDate":"2020-05-25","isFullCredit":false},{"lineNumber":2,"author":{"gitId":"-"},"content":"","lastModifiedDate":"2020-05-25","isFullCredit":false},{"lineNumber":3,"author":{"gitId":"-"},"content":"# create bin directory if it doesn\u0027t exist","lastModifiedDate":"2020-05-25","isFullCredit":false},{"lineNumber":4,"author":{"gitId":"-"},"content":"if [ ! -d \"../bin\" ]","lastModifiedDate":"2020-05-25","isFullCredit":false},{"lineNumber":5,"author":{"gitId":"-"},"content":"then","lastModifiedDate":"2020-05-25","isFullCredit":false},{"lineNumber":6,"author":{"gitId":"-"},"content":"    mkdir ../bin","lastModifiedDate":"2020-05-25","isFullCredit":false},{"lineNumber":7,"author":{"gitId":"-"},"content":"fi","lastModifiedDate":"2020-05-25","isFullCredit":false},{"lineNumber":8,"author":{"gitId":"-"},"content":"","lastModifiedDate":"2020-05-25","isFullCredit":false},{"lineNumber":9,"author":{"gitId":"-"},"content":"# delete output from previous run","lastModifiedDate":"2020-05-25","isFullCredit":false},{"lineNumber":10,"author":{"gitId":"-"},"content":"if [ -e \"./ACTUAL.TXT\" ]","lastModifiedDate":"2020-05-25","isFullCredit":false},{"lineNumber":11,"author":{"gitId":"-"},"content":"then","lastModifiedDate":"2020-05-25","isFullCredit":false},{"lineNumber":12,"author":{"gitId":"-"},"content":"    rm ACTUAL.TXT","lastModifiedDate":"2020-05-25","isFullCredit":false},{"lineNumber":13,"author":{"gitId":"-"},"content":"fi","lastModifiedDate":"2020-05-25","isFullCredit":false},{"lineNumber":14,"author":{"gitId":"-"},"content":"","lastModifiedDate":"2020-05-25","isFullCredit":false},{"lineNumber":15,"author":{"gitId":"-"},"content":"# compile the code into the bin folder, terminates if error occurred","lastModifiedDate":"2020-05-25","isFullCredit":false},{"lineNumber":16,"author":{"gitId":"-"},"content":"if ! javac -cp ../src/main/java -Xlint:none -d ../bin ../src/main/java/*.java","lastModifiedDate":"2020-08-25","isFullCredit":false},{"lineNumber":17,"author":{"gitId":"-"},"content":"then","lastModifiedDate":"2020-05-25","isFullCredit":false},{"lineNumber":18,"author":{"gitId":"-"},"content":"    echo \"********** BUILD FAILURE **********\"","lastModifiedDate":"2020-05-25","isFullCredit":false},{"lineNumber":19,"author":{"gitId":"-"},"content":"    exit 1","lastModifiedDate":"2020-05-25","isFullCredit":false},{"lineNumber":20,"author":{"gitId":"-"},"content":"fi","lastModifiedDate":"2020-05-25","isFullCredit":false},{"lineNumber":21,"author":{"gitId":"-"},"content":"","lastModifiedDate":"2020-05-25","isFullCredit":false},{"lineNumber":22,"author":{"gitId":"-"},"content":"# run the program, feed commands from input.txt file and redirect the output to the ACTUAL.TXT","lastModifiedDate":"2020-05-25","isFullCredit":false},{"lineNumber":23,"author":{"gitId":"SahejAgarwal05"},"content":"java -classpath ../bin Sahej \u003c input.txt \u003e ACTUAL.TXT","lastModifiedDate":"2025-02-07","isFullCredit":false},{"lineNumber":24,"author":{"gitId":"-"},"content":"","lastModifiedDate":"2020-05-25","isFullCredit":false},{"lineNumber":25,"author":{"gitId":"-"},"content":"# compare the output to the expected output","lastModifiedDate":"2020-05-25","isFullCredit":false},{"lineNumber":26,"author":{"gitId":"SahejAgarwal05"},"content":"diff ACTUAL.TXT EXPECTED.TXT","lastModifiedDate":"2025-02-07","isFullCredit":false},{"lineNumber":27,"author":{"gitId":"-"},"content":"if [ $? -eq 0 ]","lastModifiedDate":"2020-05-25","isFullCredit":false},{"lineNumber":28,"author":{"gitId":"-"},"content":"then","lastModifiedDate":"2020-05-25","isFullCredit":false},{"lineNumber":29,"author":{"gitId":"-"},"content":"    echo \"Test result: PASSED\"","lastModifiedDate":"2020-05-25","isFullCredit":false},{"lineNumber":30,"author":{"gitId":"-"},"content":"    exit 0","lastModifiedDate":"2020-05-25","isFullCredit":false},{"lineNumber":31,"author":{"gitId":"-"},"content":"else","lastModifiedDate":"2020-05-25","isFullCredit":false},{"lineNumber":32,"author":{"gitId":"-"},"content":"    echo \"Test result: FAILED\"","lastModifiedDate":"2020-05-25","isFullCredit":false},{"lineNumber":33,"author":{"gitId":"-"},"content":"    exit 1","lastModifiedDate":"2020-05-25","isFullCredit":false},{"lineNumber":34,"author":{"gitId":"-"},"content":"fi","lastModifiedDate":"2020-05-25","isFullCredit":false}],"authorContributionMap":{"-":32,"SahejAgarwal05":2}}]
