{"authorDailyContributionsMap":{"SahejAgarwal05":[{"date":"2025-01-24","commitResults":[{"hash":"ba0617e2090a1fe3eb8ed0d642ff2e9dbe0b989a","isMergeCommit":false,"messageTitle":"Changed Assistant Name to Sahej","messageBody":"","tags":["Level-0"],"fileTypesAndContributionMap":{"java":{"insertions":7,"deletions":10}}}]},{"date":"2025-01-29","commitResults":[{"hash":"dfb1122c6fac941d23d90b2d253ca927690ce8ca","isMergeCommit":false,"messageTitle":"Echo feature completed","messageBody":"","tags":["Level-1"],"fileTypesAndContributionMap":{"java":{"insertions":15,"deletions":2},"bat":{"insertions":1,"deletions":1},"md":{"insertions":3,"deletions":3}}},{"hash":"090339fa22b234057f100f6735501049f84f5fc0","isMergeCommit":false,"messageTitle":"Add, List features implemented","messageBody":"","fileTypesAndContributionMap":{"java":{"insertions":53,"deletions":3}}},{"hash":"5d880007f8a87b0f524f998d41d635f7c301ea6a","isMergeCommit":false,"messageTitle":"Marking feature implimented","messageBody":"","tags":["Level-3","A-CodingStandard"],"fileTypesAndContributionMap":{"java":{"insertions":123,"deletions":24}}}]},{"date":"2025-02-06","commitResults":[{"hash":"07fc4393a86b7dcb1109726fae7bcf80b78e0302","isMergeCommit":false,"messageTitle":"added deadlines and events","messageBody":"","tags":["Level-4"],"fileTypesAndContributionMap":{"java":{"insertions":175,"deletions":46}}}]},{"date":"2025-02-07","commitResults":[{"hash":"10beaacfe97b1d76ef9b43a67ba1ea51ae241e87","isMergeCommit":false,"messageTitle":"basic testing added","messageBody":"","fileTypesAndContributionMap":{"txt":{"insertions":49,"deletions":0},"java":{"insertions":2,"deletions":1},"sh":{"insertions":3,"deletions":7}}},{"hash":"58f64e92943f55ce2c3dddbb660284ca779477b4","isMergeCommit":false,"messageTitle":"Error checking for todo","messageBody":"","tags":["A-TextUiTesting"],"fileTypesAndContributionMap":{"java":{"insertions":21,"deletions":22}}},{"hash":"a88faaf06ab3fe28dfaa38a967701f36838d862a","isMergeCommit":false,"messageTitle":"Bugs fixed and better code quality","messageBody":"","tags":["A-CodeQuality"],"fileTypesAndContributionMap":{"java":{"insertions":33,"deletions":23}}},{"hash":"96d089a151e8d610f665b746eda8d710c18e0d8f","isMergeCommit":false,"messageTitle":"Bugs fixed and better code quality","messageBody":"","fileTypesAndContributionMap":{"java":{"insertions":1,"deletions":1}}}]},{"date":"2025-02-14","commitResults":[{"hash":"5478c38ea412d4d6be6165419b9db0c80b9be887","isMergeCommit":false,"messageTitle":"Exceptions HAndling and few Biug fixes","messageBody":"","fileTypesAndContributionMap":{"java":{"insertions":97,"deletions":71}}},{"hash":"042401c1ddfc95a65f662c92b5f323629a9dc88e","isMergeCommit":false,"messageTitle":"Small UI upgrade","messageBody":"","fileTypesAndContributionMap":{"java":{"insertions":7,"deletions":7}}},{"hash":"374ea059d148048b108d7ae478b1088bf340c9fa","isMergeCommit":true,"messageTitle":"Merge branch \u0027branch-Level-5\u0027","messageBody":"","tags":["Level-5"],"fileTypesAndContributionMap":{}},{"hash":"f1291bc3ea5d0d5b40ecefe8a2d6dbde40c9d560","isMergeCommit":false,"messageTitle":"small code imrprovements","messageBody":"","fileTypesAndContributionMap":{"java":{"insertions":4,"deletions":4}}},{"hash":"28b4e9497a74b7047bb4b4ce2fb6fafc4d35aa2b","isMergeCommit":false,"messageTitle":"COnverted to packages","messageBody":"","tags":["Level-6","A-Packages","A-Exceptions"],"fileTypesAndContributionMap":{"txt":{"insertions":1,"deletions":1},"java":{"insertions":17,"deletions":5}}}]},{"date":"2025-02-21","commitResults":[{"hash":"106d4a0db320212de14b8fba7eb5b9ad1727e8d0","isMergeCommit":false,"messageTitle":"Delete function added","messageBody":"","tags":["A-Collections"],"fileTypesAndContributionMap":{"java":{"insertions":28,"deletions":15}}},{"hash":"0d6ca0891472f03a8308e4b0529fc33cb00bd898","isMergeCommit":false,"messageTitle":"File Saving","messageBody":"","tags":["Level-7"],"fileTypesAndContributionMap":{"txt":{"insertions":3,"deletions":0},"java":{"insertions":98,"deletions":8}}},{"hash":"9d8c606c9909feb1f832f260bed79338ede914ad","isMergeCommit":true,"messageTitle":"Merged all branches","messageBody":"","fileTypesAndContributionMap":{}},{"hash":"0884ddca5c669131a1d4d24b1f41e1a0b7a14e7c","isMergeCommit":false,"messageTitle":"Error fixes","messageBody":"","fileTypesAndContributionMap":{"txt":{"insertions":0,"deletions":4},"java":{"insertions":15,"deletions":1}}},{"hash":"94686d022a462e3fecbd4614856d30428fc6d770","isMergeCommit":false,"messageTitle":"Error fixes","messageBody":"","fileTypesAndContributionMap":{"java":{"insertions":1,"deletions":0}}},{"hash":"451a212c563b28fc2adf0be85b089ff0cb1c40de","isMergeCommit":false,"messageTitle":"better Documentation","messageBody":"","tags":["A-Jar"],"fileTypesAndContributionMap":{"java":{"insertions":52,"deletions":1}}}]},{"date":"2025-02-27","commitResults":[{"hash":"ebb3f5f801bb5fbcf04a09e7db4d9ecd657dfb20","isMergeCommit":false,"messageTitle":"Further OOP","messageBody":"","tags":["A-MoreOOP"],"fileTypesAndContributionMap":{"txt":{"insertions":4,"deletions":0},"java":{"insertions":282,"deletions":156}}}]},{"date":"2025-03-01","commitResults":[{"hash":"91c2b881e6b5b459448faea7e2063ed17789e631","isMergeCommit":false,"messageTitle":"Added find function","messageBody":"","fileTypesAndContributionMap":{"java":{"insertions":57,"deletions":25}}},{"hash":"aaf415727b4c16b025cf00dbad1e35c8ab8bc779","isMergeCommit":false,"messageTitle":"added proper dat","messageBody":"","fileTypesAndContributionMap":{"txt":{"insertions":2,"deletions":0},"java":{"insertions":17,"deletions":7}}},{"hash":"31d9035570b7920ea12c842b5853be619456909a","isMergeCommit":true,"messageTitle":"Merge pull request #1 from SahejAgarwal05/branch-Level-8","messageBody":"Level-8","tags":["Level-8"],"fileTypesAndContributionMap":{}},{"hash":"467aef6f38603f5ed68fedb0470dfb07314cb8ea","isMergeCommit":true,"messageTitle":"Merge branch \u0027master\u0027 into branch-Level-9","messageBody":"","fileTypesAndContributionMap":{}},{"hash":"12ba256e664eb828bd830a05cea423326d0d70f1","isMergeCommit":true,"messageTitle":"Merge pull request #2 from SahejAgarwal05/branch-Level-9","messageBody":"Level-9","fileTypesAndContributionMap":{}},{"hash":"730a11554d51dfb216c9bc0ba08e006dab8e82f9","isMergeCommit":false,"messageTitle":"Minor fixes","messageBody":"","tags":["Level-9","A-Release"],"fileTypesAndContributionMap":{"java":{"insertions":1,"deletions":1}}}]},{"date":"2025-03-15","commitResults":[{"hash":"ebac156c65b365ae8ff75967cf8430e420435943","isMergeCommit":false,"messageTitle":"Update README.md","messageBody":"","fileTypesAndContributionMap":{"md":{"insertions":101,"deletions":13}}}]}]},"authorFileTypeContributionMap":{"SahejAgarwal05":{"java":681,"md":104,"fxml":0,"sh":2,"bat":1,"gradle":0,"txt":55}},"authorContributionVariance":{"SahejAgarwal05":6133.9033},"authorDisplayNameMap":{"SahejAgarwal05":"CS2113-F14-2 AGAR..AHEJ"}}
