{"authorDailyContributionsMap":{"ojassurana":[{"date":"2025-01-24","commitResults":[{"hash":"9c7a6baf04a6cd05f03a86af9334fd1476f082bc","isMergeCommit":false,"messageTitle":"Changed name to Mahaveer and implemented greeting feature","messageBody":"","tags":["Level-0"],"fileTypesAndContributionMap":{"java":{"insertions":6,"deletions":10},"bat":{"insertions":1,"deletions":1},"md":{"insertions":3,"deletions":3}}}]},{"date":"2025-01-30","commitResults":[{"hash":"90470c46a33110830988332030b091c9a93aaad5","isMergeCommit":false,"messageTitle":"Implemented basic echo feature.","messageBody":"","tags":["Level-1"],"fileTypesAndContributionMap":{"java":{"insertions":19,"deletions":1}}},{"hash":"c443adafac667e9604bbe41273395f64eb559e2f","isMergeCommit":false,"messageTitle":"Implemented the ability for the chatbot to \u0027store\u0027 texts and added edit the text.","messageBody":"","fileTypesAndContributionMap":{"java":{"insertions":5,"deletions":1}}},{"hash":"6eb0580c657e6797b530cfcc1f96f58b4eed96c9","isMergeCommit":false,"messageTitle":"Added the ability for the user to view all the items stored whenever they request.","messageBody":"","tags":["Level-2"],"fileTypesAndContributionMap":{"java":{"insertions":10,"deletions":0}}},{"hash":"45d283e4ad5c5a302eae95a2948c96b3ca152a01","isMergeCommit":false,"messageTitle":"Created Task class.","messageBody":"","fileTypesAndContributionMap":{"java":{"insertions":17,"deletions":0}}},{"hash":"0011ccdc663c558f07cc8dc44a3b394132680fa8","isMergeCommit":false,"messageTitle":"Added the ability to mark tasks.","messageBody":"","fileTypesAndContributionMap":{"java":{"insertions":20,"deletions":3}}},{"hash":"fd73433a5db8d5448bab1bc1893b22b320fff4bc","isMergeCommit":false,"messageTitle":"Added the ability to unmark status to not done as well.","messageBody":"","tags":["Level-3"],"fileTypesAndContributionMap":{"java":{"insertions":16,"deletions":0}}},{"hash":"236dfbba2081f6f4b6500e4b877043eb40944487","isMergeCommit":false,"messageTitle":"Reformatted the code to respect the coding standard.","messageBody":"","tags":["A-CodingStandard"],"fileTypesAndContributionMap":{"java":{"insertions":11,"deletions":15},"md":{"insertions":20,"deletions":13}}}]},{"date":"2025-02-07","commitResults":[{"hash":"ddb1835befe64cb36bab9748e168cb08dc60bf66","isMergeCommit":false,"messageTitle":"Created subclasses of Task: Deadline and Event.","messageBody":"","fileTypesAndContributionMap":{"java":{"insertions":33,"deletions":0}}},{"hash":"413f8406a2a2521d1ff561938cd6b771fa60530a","isMergeCommit":false,"messageTitle":"Debugged Deadline, Event and Task classes.","messageBody":"","fileTypesAndContributionMap":{"java":{"insertions":7,"deletions":7}}},{"hash":"9e9775da34c5af6c4e5ae746b6268a4843977ff7","isMergeCommit":false,"messageTitle":"Made Mahaveer class work appropriately with with the new classes Event and Deadline","messageBody":"","tags":["Level-4"],"fileTypesAndContributionMap":{"java":{"insertions":35,"deletions":3}}},{"hash":"289abd4f00a7b04a9cdf74e1fc9c1b18e2b58f86","isMergeCommit":false,"messageTitle":"Added printSeparator() method.","messageBody":"","tags":["A-CodeQuality"],"fileTypesAndContributionMap":{"java":{"insertions":10,"deletions":5}}}]},{"date":"2025-02-10","commitResults":[{"hash":"3c92e0144f6f04b7ad88aa284adadb63d3c72a79","isMergeCommit":false,"messageTitle":"Created MaheveerException class to handle exceptions specific to Maheveer.","messageBody":"","tags":["A-Exceptions"],"fileTypesAndContributionMap":{"java":{"insertions":5,"deletions":0}}},{"hash":"a5e41889a8ae81b9091b9a4bb1976beea0e323bd","isMergeCommit":false,"messageTitle":"Added checkEmptyAfterCommand helper function.","messageBody":"","fileTypesAndContributionMap":{"java":{"insertions":9,"deletions":0}}},{"hash":"ae7f134d25801bd9ab92087d5de7401b61948472","isMergeCommit":false,"messageTitle":"Renamed checkEmptyAfterCommand helper function to a more appropriate exceptionManager.","messageBody":"","fileTypesAndContributionMap":{"java":{"insertions":43,"deletions":28}}},{"hash":"56f15d4bfc0510eb36ba52ce8f0d1cbcc5b5b2fc","isMergeCommit":false,"messageTitle":"Made exceptionManager work with the code.","messageBody":"","fileTypesAndContributionMap":{"java":{"insertions":48,"deletions":11}}},{"hash":"ecca7dd5d8d4088181c5841e49f0dc08843a649e","isMergeCommit":false,"messageTitle":"Made SEPARATOR_LINE to be constant","messageBody":"","fileTypesAndContributionMap":{"java":{"insertions":3,"deletions":3}}},{"hash":"7570bd97c4539f6443fd4624af5bf95b7c405d65","isMergeCommit":false,"messageTitle":"Added emptyDescription detector.","messageBody":"","fileTypesAndContributionMap":{"java":{"insertions":18,"deletions":16}}},{"hash":"3386e50c96ca80654344064689285cbd00a12896","isMergeCommit":false,"messageTitle":"Added isDone() method in Task class.","messageBody":"","fileTypesAndContributionMap":{"java":{"insertions":4,"deletions":0}}},{"hash":"fdf5243393755b1f1d4ae524cdc27f606884fe93","isMergeCommit":false,"messageTitle":"Added the ability to inform user if a task has already been marked or unmarked.","messageBody":"","fileTypesAndContributionMap":{"java":{"insertions":37,"deletions":14}}},{"hash":"e2451f7bb7ceeaeb670f865c6f4ba514f5dffcd7","isMergeCommit":true,"messageTitle":"Merge branch \u0027branch-Level-5\u0027","messageBody":"* branch-Level-5:\n  Added the ability to inform user if a task has already been marked or unmarked.\n  Added isDone() method in Task class.\n  Added emptyDescription detector.\n  Made SEPARATOR_LINE to be constant\n  Made exceptionManager work with the code.\n  Renamed checkEmptyAfterCommand helper function to a more appropriate exceptionManager.\n  Added checkEmptyAfterCommand helper function.\n  Created MaheveerException class to handle exceptions specific to Maheveer.\n","tags":["Level-5"],"fileTypesAndContributionMap":{}},{"hash":"6067b9243958312cc2cc0f2dd5e19231418854b0","isMergeCommit":false,"messageTitle":"Moved all files to one package.","messageBody":"","fileTypesAndContributionMap":{"java":{"insertions":14,"deletions":4},"bat":{"insertions":1,"deletions":1},"md":{"insertions":3,"deletions":3}}},{"hash":"ca6611412ce6ced709d3f70fbf0ecd1d9c453a9f","isMergeCommit":false,"messageTitle":"Organized the classes into suitable multiple java packages.","messageBody":"","fileTypesAndContributionMap":{"java":{"insertions":18,"deletions":9}}},{"hash":"36651242baa20c3a26ece8aea349c02031f9b2c7","isMergeCommit":true,"messageTitle":"Merge branch \u0027branch-A-Packages\u0027","messageBody":"* branch-A-Packages:\n  Organized the classes into suitable multiple java packages.\n  Moved all files to one package.\n","tags":["A-Packages"],"fileTypesAndContributionMap":{}}]},{"date":"2025-02-12","commitResults":[{"hash":"045441fedb345be6ae7eca43e50256a91b94f6ed","isMergeCommit":false,"messageTitle":"Added delete function and started using A-Collection","messageBody":"","tags":["A-Collections"],"fileTypesAndContributionMap":{"java":{"insertions":30,"deletions":19}}}]},{"date":"2025-02-13","commitResults":[{"hash":"b8907a5f491e932265f47f42ca9418a104142369","isMergeCommit":false,"messageTitle":"Created the Storage class to interact with the file.","messageBody":"","fileTypesAndContributionMap":{"java":{"insertions":129,"deletions":0}}},{"hash":"b709bff8c438665b505ee373abb961189bb57ff1","isMergeCommit":false,"messageTitle":"Added the toFileFormat() format to the different type of Task objects.","messageBody":"","fileTypesAndContributionMap":{"java":{"insertions":14,"deletions":0}}},{"hash":"45e68206c309ebf8f94887489c39b695556c3fd7","isMergeCommit":false,"messageTitle":"Replaced Case with enhanced Case statement.","messageBody":"","fileTypesAndContributionMap":{"java":{"insertions":12,"deletions":13}}},{"hash":"e32b0bb4aec1c5be63aab63e98d41db59aba1cdf","isMergeCommit":false,"messageTitle":"Debugged .markTask() method.","messageBody":"","fileTypesAndContributionMap":{"java":{"insertions":7,"deletions":1}}},{"hash":"50a6618146a7a7853a91fd105ad5056a41fe2bde","isMergeCommit":false,"messageTitle":"Debugged .markTask() and .unmarkTask() methods.","messageBody":"","fileTypesAndContributionMap":{"java":{"insertions":45,"deletions":17}}},{"hash":"197fdc3d58831ff901b134428fa97b800a32eb7d","isMergeCommit":false,"messageTitle":"Gave .parseTask() method the ability to set the mark/unmarked status too.","messageBody":"","fileTypesAndContributionMap":{"java":{"insertions":19,"deletions":15}}},{"hash":"97b422be9b8c94c7fbfa1d07312db41ad3ab509a","isMergeCommit":false,"messageTitle":"Gave it the ability to read the dynamic array it reads from the storage.loadTasks(); to save it in a static array format.","messageBody":"","fileTypesAndContributionMap":{"java":{"insertions":12,"deletions":2}}},{"hash":"39f077f48298578887cf04ac3dbeac6586b3b657","isMergeCommit":true,"messageTitle":"Merge branch-Level-6 into master","messageBody":"","tags":["Level-6"],"fileTypesAndContributionMap":{}}]},{"date":"2025-02-15","commitResults":[{"hash":"8c90c2cecea6ebb141a5ed3744337c8ce553881a","isMergeCommit":true,"messageTitle":"Merge branch-Level-7 into master.","messageBody":"","tags":["Level-7"],"fileTypesAndContributionMap":{}},{"hash":"750390d546ae2bb52ef276e2f493e734ee986ec5","isMergeCommit":false,"messageTitle":"Managed merging conflicts.","messageBody":"","fileTypesAndContributionMap":{"java":{"insertions":10,"deletions":1}}},{"hash":"2599a5c5d545dfa6df97f142dcdde1cec86e4b1e","isMergeCommit":false,"messageTitle":"Debugged taskList loading task aspect.","messageBody":"","fileTypesAndContributionMap":{"java":{"insertions":1,"deletions":1}}},{"hash":"5408c86fbe64960bab19c30999bf2d1d62fc5576","isMergeCommit":false,"messageTitle":"Add storage object functionality for event and delete methods.","messageBody":"","tags":["A-Jar"],"fileTypesAndContributionMap":{"java":{"insertions":2,"deletions":0}}}]},{"date":"2025-03-03","commitResults":[{"hash":"e50655d5c802f94567bf0c0febbd000cba4d529c","isMergeCommit":false,"messageTitle":"Created Ui class.","messageBody":"","fileTypesAndContributionMap":{"java":{"insertions":32,"deletions":0}}},{"hash":"b82607acfc59051ad8819fcdeeab71db88a57ed0","isMergeCommit":false,"messageTitle":"Modified Mahaveer.java to work with the new Ui class.","messageBody":"","fileTypesAndContributionMap":{"java":{"insertions":37,"deletions":45}}},{"hash":"a46b0c8a8b388b0b94a5ec1dc315956317f6bbb5","isMergeCommit":false,"messageTitle":"Initialised Parser.java class.","messageBody":"","fileTypesAndContributionMap":{"java":{"insertions":9,"deletions":0}}},{"hash":"230a3418c682b0d77f40a5c0a55dd9f1a223a5ef","isMergeCommit":false,"messageTitle":"Completed coding Parser.java class.","messageBody":"","fileTypesAndContributionMap":{"java":{"insertions":69,"deletions":2}}},{"hash":"4717531a431b78b1ce1d7c6bc43aa6e16889808a","isMergeCommit":false,"messageTitle":"Completed coding Mahaveer.java class to work with Parser.java.","messageBody":"","fileTypesAndContributionMap":{"java":{"insertions":118,"deletions":176}}},{"hash":"acc55b428d993077ddcf193328909feb96c18b56","isMergeCommit":false,"messageTitle":"Completed coding TaskList.java and modifying Mahaveer.java to work with it.","messageBody":"","fileTypesAndContributionMap":{"java":{"insertions":59,"deletions":26}}},{"hash":"c43a126762f4d65c423d753421fd57e6706b76a2","isMergeCommit":false,"messageTitle":"Debugged Parser.java to allow it to work with \u0027bye\u0027 command.","messageBody":"","fileTypesAndContributionMap":{"java":{"insertions":2,"deletions":1}}}]},{"date":"2025-03-04","commitResults":[{"hash":"0098918e3243e94c95e0b95fd26aa72cf6ec9905","isMergeCommit":false,"messageTitle":"Created CommandFactory to manage all the different kinds of commands.","messageBody":"","fileTypesAndContributionMap":{"java":{"insertions":35,"deletions":0}}},{"hash":"275b9358738e319e8ef4e7f49bdd6a378a752d8e","isMergeCommit":false,"messageTitle":"Created Command superclass.","messageBody":"","fileTypesAndContributionMap":{"java":{"insertions":14,"deletions":0}}},{"hash":"f8d55a953521c636b32704405f1b8e1659c4e7ee","isMergeCommit":false,"messageTitle":"Created all Command classes.","messageBody":"","fileTypesAndContributionMap":{"java":{"insertions":187,"deletions":0}}},{"hash":"53387b458af8eb0b66d050a6234eaa58fc71358c","isMergeCommit":false,"messageTitle":"Created all TodoCommand class.","messageBody":"","fileTypesAndContributionMap":{"java":{"insertions":26,"deletions":0}}},{"hash":"a8bb38067bf7e19b5c6434b88b172d2b840344b4","isMergeCommit":false,"messageTitle":"Finished main Mahaveer.java class.","messageBody":"","tags":["A-MoreOOP"],"fileTypesAndContributionMap":{"java":{"insertions":26,"deletions":129}}},{"hash":"c3dae1697097a7ec930ee6506d6230531fae2a5a","isMergeCommit":false,"messageTitle":"Added support for find command in Parser.java.","messageBody":"","fileTypesAndContributionMap":{"java":{"insertions":5,"deletions":0}}},{"hash":"7cfe8f3384a00d9fd7989a235f4e0360d0b229ac","isMergeCommit":false,"messageTitle":"Added support for find command in CommandFactory.java.","messageBody":"","fileTypesAndContributionMap":{"java":{"insertions":26,"deletions":24}}},{"hash":"c932f5ce86c7cf9895e44f7abad80c727ee56d16","isMergeCommit":false,"messageTitle":"Added FindCommand.java.","messageBody":"","tags":["Level-9"],"fileTypesAndContributionMap":{"java":{"insertions":35,"deletions":0}}},{"hash":"93e55c665236dffbfcd5c7de72978e090634b3f7","isMergeCommit":false,"messageTitle":"Added Javadoc for all helper functions.","messageBody":"","fileTypesAndContributionMap":{"java":{"insertions":155,"deletions":3}}},{"hash":"f57187a917cdcd50fc05c737f40439d5d31ee535","isMergeCommit":false,"messageTitle":"Added Javadoc for all Command functions.","messageBody":"","tags":["A-JavaDoc"],"fileTypesAndContributionMap":{"java":{"insertions":272,"deletions":4}}},{"hash":"e039a27de46b7ecc573da0aed9f0bedc5b45acb5","isMergeCommit":true,"messageTitle":"Merge pull request #1 from ojassurana/branch-Level-9","messageBody":"Merge Branch level 9.","fileTypesAndContributionMap":{}},{"hash":"1f332bcbcfd7f500032e29e461621efed929eeed","isMergeCommit":true,"messageTitle":"Merge pull request #2 from ojassurana/master","messageBody":"Merge master into A-JavaDoc","fileTypesAndContributionMap":{}},{"hash":"ab02b4a24d07861cfc60478170fd1ef92bafc89c","isMergeCommit":true,"messageTitle":"Merge pull request #3 from ojassurana/branch-A-JavaDoc","messageBody":"Merge A-JavaDoc into master","fileTypesAndContributionMap":{}},{"hash":"fe8bec98964af4c126cea670f94023ce8459a7f9","isMergeCommit":false,"messageTitle":"Added Javadoc for all FindCommand function.","messageBody":"","fileTypesAndContributionMap":{"java":{"insertions":25,"deletions":0}}}]},{"date":"2025-03-05","commitResults":[{"hash":"54aede6762fd8d6c807596beb7943b55c2a8e7d2","isMergeCommit":false,"messageTitle":"Created the UG.","messageBody":"","tags":["A-UserGuide"],"fileTypesAndContributionMap":{"md":{"insertions":142,"deletions":14}}}]}]},"authorFileTypeContributionMap":{"ojassurana":{"java":1192,"md":151,"fxml":0,"sh":0,"bat":1,"gradle":0,"txt":0}},"authorContributionVariance":{"ojassurana":24872.723},"authorDisplayNameMap":{"ojassurana":"CS2113-W11-3 OJAS..RANA"}}
