{"authorDailyContributionsMap":{"yok2086":[{"date":"2025-02-07","commitResults":[{"hash":"bb2d95a6039d0962d433fc49de91af6efd86ed3b","isMergeCommit":false,"messageTitle":"Level-0. Rename, Greet, Exit","messageBody":"","tags":["Level-0"],"fileTypesAndContributionMap":{"java":{"insertions":18,"deletions":10}}},{"hash":"8a51432f6eeff00baa9514ad7f62e4c352e928cb","isMergeCommit":false,"messageTitle":"Level-1: Echo","messageBody":"","tags":["Level-1"],"fileTypesAndContributionMap":{"java":{"insertions":14,"deletions":5}}},{"hash":"1579809798b65d490d1ddae784e0aca736723c84","isMergeCommit":false,"messageTitle":"Level 2: Add, List","messageBody":"","tags":["Level-2"],"fileTypesAndContributionMap":{"java":{"insertions":17,"deletions":7}}},{"hash":"5c1f7d53a8a7af9c79a293f89bfd8f94eee999b9","isMergeCommit":false,"messageTitle":"Level-3: Mark as Done","messageBody":"","tags":["Level-3"],"fileTypesAndContributionMap":{"java":{"insertions":80,"deletions":17}}},{"hash":"adca4dd49a14dc68e37cd63a9f5a40eb666331c3","isMergeCommit":false,"messageTitle":"A-CodeStandard","messageBody":"","tags":["A-CodingStandard"],"fileTypesAndContributionMap":{"java":{"insertions":14,"deletions":15}}},{"hash":"303d7cb17a8d36a528d62c6e41bbb9dff5db62b3","isMergeCommit":false,"messageTitle":"Level 4: ToDo, Events, Deadlines","messageBody":"","tags":["Level-4"],"fileTypesAndContributionMap":{"java":{"insertions":76,"deletions":12}}},{"hash":"7d56a7db1988a82c4efcc9888016609cb1cf2892","isMergeCommit":false,"messageTitle":"A-TextUiTesting","messageBody":"","tags":["A-TextUiTesting"],"fileTypesAndContributionMap":{"sh":{"insertions":2,"deletions":6}}}]},{"date":"2025-02-08","commitResults":[{"hash":"f9fc435ecbea995f8052c2adf434fb18fd60e629","isMergeCommit":false,"messageTitle":"A-CodeQuality","messageBody":"","tags":["A-CodeQuality"],"fileTypesAndContributionMap":{"java":{"insertions":4,"deletions":2}}},{"hash":"4f9f8676999735d7ba1924d99f983355020e7cc7","isMergeCommit":false,"messageTitle":"Revert \"A-CodeQuality\"","messageBody":"This reverts commit f9fc435ecbea995f8052c2adf434fb18fd60e629.\n","fileTypesAndContributionMap":{"java":{"insertions":2,"deletions":4}}},{"hash":"317a6ea22ddeccbede5a2c940ecacd57e973f171","isMergeCommit":false,"messageTitle":"Committed A-Code-Quality code in Level 5 Branch","messageBody":"","fileTypesAndContributionMap":{"java":{"insertions":4,"deletions":2}}},{"hash":"1b298107983d65a8a0b10c75465b4c0334de42dc","isMergeCommit":false,"messageTitle":"Level 5. Handle Errors","messageBody":"","tags":["Level-5"],"fileTypesAndContributionMap":{"java":{"insertions":37,"deletions":31}}},{"hash":"8d425850a917b547eed9237f9f5fad080f29239a","isMergeCommit":false,"messageTitle":"Created David Exceptions to handle errors","messageBody":"","tags":["A-Exceptions"],"fileTypesAndContributionMap":{"java":{"insertions":7,"deletions":2}}}]}]},"authorFileTypeContributionMap":{"yok2086":{"java":176,"md":0,"fxml":0,"sh":2,"bat":0,"gradle":0,"txt":0}},"authorContributionVariance":{"yok2086":2995.1958},"authorDisplayNameMap":{"yok2086":"KIM ..URIM"}}
