{"authorDailyContributionsMap":{"yok2086":[{"date":"2025-02-07","commitResults":[{"hash":"bb2d95a6039d0962d433fc49de91af6efd86ed3b","isMergeCommit":false,"messageTitle":"Level-0. Rename, Greet, Exit","messageBody":"","tags":["Level-0"],"fileTypesAndContributionMap":{"java":{"insertions":18,"deletions":10}}},{"hash":"8a51432f6eeff00baa9514ad7f62e4c352e928cb","isMergeCommit":false,"messageTitle":"Level-1: Echo","messageBody":"","tags":["Level-1"],"fileTypesAndContributionMap":{"java":{"insertions":14,"deletions":5}}},{"hash":"1579809798b65d490d1ddae784e0aca736723c84","isMergeCommit":false,"messageTitle":"Level 2: Add, List","messageBody":"","tags":["Level-2"],"fileTypesAndContributionMap":{"java":{"insertions":17,"deletions":7}}},{"hash":"5c1f7d53a8a7af9c79a293f89bfd8f94eee999b9","isMergeCommit":false,"messageTitle":"Level-3: Mark as Done","messageBody":"","tags":["Level-3"],"fileTypesAndContributionMap":{"java":{"insertions":80,"deletions":17}}},{"hash":"adca4dd49a14dc68e37cd63a9f5a40eb666331c3","isMergeCommit":false,"messageTitle":"A-CodeStandard","messageBody":"","tags":["A-CodingStandard"],"fileTypesAndContributionMap":{"java":{"insertions":14,"deletions":15}}},{"hash":"303d7cb17a8d36a528d62c6e41bbb9dff5db62b3","isMergeCommit":false,"messageTitle":"Level 4: ToDo, Events, Deadlines","messageBody":"","tags":["Level-4"],"fileTypesAndContributionMap":{"java":{"insertions":76,"deletions":12}}},{"hash":"7d56a7db1988a82c4efcc9888016609cb1cf2892","isMergeCommit":false,"messageTitle":"A-TextUiTesting","messageBody":"","tags":["A-TextUiTesting"],"fileTypesAndContributionMap":{"sh":{"insertions":2,"deletions":6}}}]},{"date":"2025-02-08","commitResults":[{"hash":"f9fc435ecbea995f8052c2adf434fb18fd60e629","isMergeCommit":false,"messageTitle":"A-CodeQuality","messageBody":"","tags":["A-CodeQuality"],"fileTypesAndContributionMap":{"java":{"insertions":4,"deletions":2}}},{"hash":"4f9f8676999735d7ba1924d99f983355020e7cc7","isMergeCommit":false,"messageTitle":"Revert \"A-CodeQuality\"","messageBody":"This reverts commit f9fc435ecbea995f8052c2adf434fb18fd60e629.\n","fileTypesAndContributionMap":{"java":{"insertions":2,"deletions":4}}},{"hash":"317a6ea22ddeccbede5a2c940ecacd57e973f171","isMergeCommit":false,"messageTitle":"Committed A-Code-Quality code in Level 5 Branch","messageBody":"","fileTypesAndContributionMap":{"java":{"insertions":4,"deletions":2}}},{"hash":"1b298107983d65a8a0b10c75465b4c0334de42dc","isMergeCommit":false,"messageTitle":"Level 5. Handle Errors","messageBody":"","tags":["Level-5"],"fileTypesAndContributionMap":{"java":{"insertions":37,"deletions":31}}},{"hash":"8d425850a917b547eed9237f9f5fad080f29239a","isMergeCommit":false,"messageTitle":"Created David Exceptions to handle errors","messageBody":"","tags":["A-Exceptions"],"fileTypesAndContributionMap":{"java":{"insertions":7,"deletions":2}}}]},{"date":"2025-02-14","commitResults":[{"hash":"5f0320fb179862d6900ad45c005917c3036fb56e","isMergeCommit":false,"messageTitle":"A-Packages : Organize into packages","messageBody":"","tags":["A-Packages"],"fileTypesAndContributionMap":{"java":{"insertions":24,"deletions":6}}}]},{"date":"2025-02-20","commitResults":[{"hash":"ec1266d88379f1d1ba27920955c2d8c0561c6613","isMergeCommit":false,"messageTitle":"Level-6 Delete","messageBody":"","tags":["Level-6","A-Collections"],"fileTypesAndContributionMap":{"java":{"insertions":29,"deletions":18}}},{"hash":"64114254e6a8fa042c48f7b393f1106744e5d044","isMergeCommit":false,"messageTitle":"Level-7 Save","messageBody":"","fileTypesAndContributionMap":{"java":{"insertions":65,"deletions":3}}}]},{"date":"2025-02-22","commitResults":[{"hash":"08a7e42afd86aff0a46f963cb788ffb127693de6","isMergeCommit":false,"messageTitle":"Deleted Comments","messageBody":"","fileTypesAndContributionMap":{"java":{"insertions":27,"deletions":11}}}]},{"date":"2025-03-04","commitResults":[{"hash":"d46c87b9c4ad9bbc48ab66a0b8c9da137107186e","isMergeCommit":false,"messageTitle":"Fixed Load Data Delete Issues","messageBody":"","tags":["Level-7"],"fileTypesAndContributionMap":{"java":{"insertions":98,"deletions":66}}}]},{"date":"2025-03-13","commitResults":[{"hash":"c4fd83f4d1f65d9d5b5c45bb3ea6631947f99594","isMergeCommit":false,"messageTitle":"A-MoreOOP : Use More OOP","messageBody":"","tags":["A-MoreOOP"],"fileTypesAndContributionMap":{"java":{"insertions":316,"deletions":174}}},{"hash":"5c2c1e41f5725bb9812426ed8b25341cc49a1b2e","isMergeCommit":false,"messageTitle":"Level 9. Find","messageBody":"","fileTypesAndContributionMap":{"java":{"insertions":19,"deletions":2}}},{"hash":"fef593d769264f39ba7a39801e00d80bf8f050c3","isMergeCommit":true,"messageTitle":"Merge pull request #1 from yok2086/branch-Level-9","messageBody":"Level 9. Find","fileTypesAndContributionMap":{}}]}]},"authorFileTypeContributionMap":{"yok2086":{"java":474,"md":0,"fxml":0,"sh":2,"bat":0,"gradle":0,"txt":0}},"authorContributionVariance":{"yok2086":5933.6025},"authorDisplayNameMap":{"yok2086":"CS2113-F11-3 KIM ..URIM"}}
