{"authorDailyContributionsMap":{"sweetFish8":[{"date":"2025-02-02","commitResults":[{"hash":"bbfab1063adc3039bcbf2bc0028e0a68084a6966","isMergeCommit":false,"messageTitle":"renamed chatbot Duke to Sparkle changed logo renamed filename","messageBody":"","fileTypesAndContributionMap":{"java":{"insertions":46,"deletions":10}}},{"hash":"ac4ec149033394ad68889a44e77d8d3cbbba6252","isMergeCommit":false,"messageTitle":"updated logo to be bigger","messageBody":"","fileTypesAndContributionMap":{"java":{"insertions":77,"deletions":42}}},{"hash":"7718ae1cd58a5ae83d1120ce670c84c3c7fdaa22","isMergeCommit":false,"messageTitle":"changed greeting message","messageBody":"","fileTypesAndContributionMap":{"java":{"insertions":9,"deletions":1}}},{"hash":"a79ea257fff3b7284a25362a82e99f191ed994cc","isMergeCommit":false,"messageTitle":"added echo behavior to Sparkle","messageBody":"","fileTypesAndContributionMap":{"java":{"insertions":29,"deletions":6}}}]},{"date":"2025-02-07","commitResults":[{"hash":"b9f6cadb3321b4af3d6a602411656e29d48c258f","isMergeCommit":false,"messageTitle":"Add Task class and marking method","messageBody":"","fileTypesAndContributionMap":{"java":{"insertions":17,"deletions":0}}},{"hash":"fc8da49a00110ebf80b39cbe2a0cb68014558a85","isMergeCommit":false,"messageTitle":"Add markAsUndone method to enable unchecking","messageBody":"","fileTypesAndContributionMap":{"java":{"insertions":264,"deletions":104}}},{"hash":"04395740ebab39d9bf5a4ef0c250cc9a5bd6f05d","isMergeCommit":false,"messageTitle":"Revert \"Add markAsUndone method to enable unchecking\"","messageBody":"This reverts commit fc8da49a00110ebf80b39cbe2a0cb68014558a85.\n","fileTypesAndContributionMap":{"java":{"insertions":104,"deletions":264}}},{"hash":"f41bae3c9bddf361b0b55068aedd5c1b0348b510","isMergeCommit":false,"messageTitle":"Add markAsUndone method to Task class","messageBody":"","fileTypesAndContributionMap":{"java":{"insertions":17,"deletions":13}}},{"hash":"212b4c0dae8c8160fd4df4b2234784e7d0f51e24","isMergeCommit":false,"messageTitle":"Add the function to control tasks as list and mark/unmark them","messageBody":"","fileTypesAndContributionMap":{"java":{"insertions":258,"deletions":104}}},{"hash":"6ab6da20e2629dea520fc489504fe3f73e3f320d","isMergeCommit":false,"messageTitle":"Create two subclass of Task","messageBody":"","fileTypesAndContributionMap":{"java":{"insertions":23,"deletions":0}}},{"hash":"c86d7db105fe7c21c14d31d33be8dbeb61a8f0d6","isMergeCommit":false,"messageTitle":"Create Event class that extends Task","messageBody":"","fileTypesAndContributionMap":{"java":{"insertions":15,"deletions":0}}},{"hash":"bfd842726734ec4370cbb653bbdb1fb74462ad45","isMergeCommit":false,"messageTitle":"Modify toString of Task class","messageBody":"","fileTypesAndContributionMap":{"java":{"insertions":5,"deletions":0}}},{"hash":"b312a64795932aa540247df40994232f2ea6f20d","isMergeCommit":false,"messageTitle":"Handle every subclass of Task","messageBody":"","fileTypesAndContributionMap":{"java":{"insertions":87,"deletions":79}}}]}]},"authorFileTypeContributionMap":{"sweetFish8":{"java":338,"md":0,"fxml":0,"sh":0,"bat":0,"gradle":0,"txt":0}},"authorContributionVariance":{"sweetFish8":61940.887},"authorDisplayNameMap":{"sweetFish8":"GOTO.. AYU"}}
