{"authorDailyContributionsMap":{"sweetFish8":[{"date":"2025-02-02","commitResults":[{"hash":"bbfab1063adc3039bcbf2bc0028e0a68084a6966","isMergeCommit":false,"messageTitle":"renamed chatbot Duke to Sparkle changed logo renamed filename","messageBody":"","fileTypesAndContributionMap":{"java":{"insertions":46,"deletions":10}}},{"hash":"ac4ec149033394ad68889a44e77d8d3cbbba6252","isMergeCommit":false,"messageTitle":"updated logo to be bigger","messageBody":"","fileTypesAndContributionMap":{"java":{"insertions":77,"deletions":42}}},{"hash":"7718ae1cd58a5ae83d1120ce670c84c3c7fdaa22","isMergeCommit":false,"messageTitle":"changed greeting message","messageBody":"","fileTypesAndContributionMap":{"java":{"insertions":9,"deletions":1}}},{"hash":"a79ea257fff3b7284a25362a82e99f191ed994cc","isMergeCommit":false,"messageTitle":"added echo behavior to Sparkle","messageBody":"","fileTypesAndContributionMap":{"java":{"insertions":29,"deletions":6}}}]}]},"authorFileTypeContributionMap":{"sweetFish8":{"java":112,"md":0,"fxml":0,"sh":0,"bat":0,"gradle":0,"txt":0}},"authorContributionVariance":{"sweetFish8":1932.6388},"authorDisplayNameMap":{"sweetFish8":"GOTO.. AYU"}}
