[{"path":"docs/README.md","fileType":"md","lines":[{"lineNumber":1,"author":{"gitId":"lwenyi1"},"content":"# Chloe User Guide","lastModifiedDate":"2025-02-09","isFullCredit":false},{"lineNumber":2,"author":{"gitId":"-"},"content":"","lastModifiedDate":"2019-07-29","isFullCredit":false},{"lineNumber":3,"author":{"gitId":"lwenyi1"},"content":"## Introduction","lastModifiedDate":"2025-02-09","isFullCredit":false},{"lineNumber":4,"author":{"gitId":"-"},"content":"","lastModifiedDate":"2025-02-09","isFullCredit":false},{"lineNumber":5,"author":{"gitId":"lwenyi1"},"content":"Chloe is a simple interactive task manager that helps you keep track of your tasks, deadlines, and events efficiently.","lastModifiedDate":"2025-02-09","isFullCredit":false},{"lineNumber":6,"author":{"gitId":"-"},"content":"","lastModifiedDate":"2019-07-29","isFullCredit":false},{"lineNumber":7,"author":{"gitId":"lwenyi1"},"content":"## Adding Todos","lastModifiedDate":"2025-02-09","isFullCredit":false},{"lineNumber":8,"author":{"gitId":"-"},"content":"","lastModifiedDate":"2025-02-09","isFullCredit":false},{"lineNumber":9,"author":{"gitId":"lwenyi1"},"content":"To add a **todo**, use the `todo` command followed by the task description.","lastModifiedDate":"2025-02-09","isFullCredit":false},{"lineNumber":10,"author":{"gitId":"-"},"content":"","lastModifiedDate":"2021-07-17","isFullCredit":false},{"lineNumber":11,"author":{"gitId":"lwenyi1"},"content":"### Example:","lastModifiedDate":"2025-02-09","isFullCredit":false},{"lineNumber":12,"author":{"gitId":"-"},"content":"","lastModifiedDate":"2025-02-09","isFullCredit":false},{"lineNumber":13,"author":{"gitId":"lwenyi1"},"content":"```","lastModifiedDate":"2025-02-09","isFullCredit":false},{"lineNumber":14,"author":{"gitId":"lwenyi1"},"content":"todo Buy groceries","lastModifiedDate":"2025-02-09","isFullCredit":false},{"lineNumber":15,"author":{"gitId":"lwenyi1"},"content":"```","lastModifiedDate":"2025-02-09","isFullCredit":false},{"lineNumber":16,"author":{"gitId":"-"},"content":"","lastModifiedDate":"2019-07-29","isFullCredit":false},{"lineNumber":17,"author":{"gitId":"lwenyi1"},"content":"### Expected Outcome:","lastModifiedDate":"2025-02-09","isFullCredit":false},{"lineNumber":18,"author":{"gitId":"lwenyi1"},"content":"","lastModifiedDate":"2025-02-09","isFullCredit":false},{"lineNumber":19,"author":{"gitId":"lwenyi1"},"content":"```","lastModifiedDate":"2025-02-09","isFullCredit":false},{"lineNumber":20,"author":{"gitId":"lwenyi1"},"content":"**********************************************","lastModifiedDate":"2025-02-09","isFullCredit":false},{"lineNumber":21,"author":{"gitId":"lwenyi1"},"content":"Added: [ ][T] Buy groceries","lastModifiedDate":"2025-02-09","isFullCredit":false},{"lineNumber":22,"author":{"gitId":"lwenyi1"},"content":"**********************************************","lastModifiedDate":"2025-02-09","isFullCredit":false},{"lineNumber":23,"author":{"gitId":"lwenyi1"},"content":"```","lastModifiedDate":"2025-02-09","isFullCredit":false},{"lineNumber":24,"author":{"gitId":"-"},"content":"","lastModifiedDate":"2019-07-29","isFullCredit":false},{"lineNumber":25,"author":{"gitId":"lwenyi1"},"content":"## Adding Deadlines","lastModifiedDate":"2025-02-09","isFullCredit":false},{"lineNumber":26,"author":{"gitId":"lwenyi1"},"content":"","lastModifiedDate":"2025-02-09","isFullCredit":false},{"lineNumber":27,"author":{"gitId":"lwenyi1"},"content":"To add a **deadline**, use the `deadline` command followed by the task description and the due date/time, separated by `/by`.","lastModifiedDate":"2025-02-09","isFullCredit":false},{"lineNumber":28,"author":{"gitId":"-"},"content":"","lastModifiedDate":"2019-07-29","isFullCredit":false},{"lineNumber":29,"author":{"gitId":"lwenyi1"},"content":"### Example:","lastModifiedDate":"2025-02-09","isFullCredit":false},{"lineNumber":30,"author":{"gitId":"lwenyi1"},"content":"","lastModifiedDate":"2025-02-09","isFullCredit":false},{"lineNumber":31,"author":{"gitId":"-"},"content":"```","lastModifiedDate":"2024-01-07","isFullCredit":false},{"lineNumber":32,"author":{"gitId":"lwenyi1"},"content":"deadline Submit assignment /by Monday 9pm","lastModifiedDate":"2025-02-09","isFullCredit":false},{"lineNumber":33,"author":{"gitId":"-"},"content":"```","lastModifiedDate":"2024-01-07","isFullCredit":false},{"lineNumber":34,"author":{"gitId":"-"},"content":"","lastModifiedDate":"2019-07-29","isFullCredit":false},{"lineNumber":35,"author":{"gitId":"lwenyi1"},"content":"### Expected Outcome:","lastModifiedDate":"2025-02-09","isFullCredit":false},{"lineNumber":36,"author":{"gitId":"lwenyi1"},"content":"","lastModifiedDate":"2025-02-09","isFullCredit":false},{"lineNumber":37,"author":{"gitId":"lwenyi1"},"content":"```","lastModifiedDate":"2025-02-09","isFullCredit":false},{"lineNumber":38,"author":{"gitId":"lwenyi1"},"content":"**********************************************","lastModifiedDate":"2025-02-09","isFullCredit":false},{"lineNumber":39,"author":{"gitId":"lwenyi1"},"content":"Added: [ ][D] Submit assignment (by: Monday 9pm)","lastModifiedDate":"2025-02-09","isFullCredit":false},{"lineNumber":40,"author":{"gitId":"lwenyi1"},"content":"**********************************************","lastModifiedDate":"2025-02-09","isFullCredit":false},{"lineNumber":41,"author":{"gitId":"lwenyi1"},"content":"```","lastModifiedDate":"2025-02-09","isFullCredit":false},{"lineNumber":42,"author":{"gitId":"-"},"content":"","lastModifiedDate":"2019-07-29","isFullCredit":false},{"lineNumber":43,"author":{"gitId":"lwenyi1"},"content":"## Adding Events","lastModifiedDate":"2025-02-09","isFullCredit":false},{"lineNumber":44,"author":{"gitId":"lwenyi1"},"content":"","lastModifiedDate":"2025-02-09","isFullCredit":false},{"lineNumber":45,"author":{"gitId":"lwenyi1"},"content":"To add an **event**, use the `event` command followed by the event description, start time (`/from`), and end time (`/to`).","lastModifiedDate":"2025-02-09","isFullCredit":false},{"lineNumber":46,"author":{"gitId":"-"},"content":"","lastModifiedDate":"2019-07-29","isFullCredit":false},{"lineNumber":47,"author":{"gitId":"lwenyi1"},"content":"### Example:","lastModifiedDate":"2025-02-09","isFullCredit":false},{"lineNumber":48,"author":{"gitId":"-"},"content":"","lastModifiedDate":"2025-02-09","isFullCredit":false},{"lineNumber":49,"author":{"gitId":"lwenyi1"},"content":"```","lastModifiedDate":"2025-02-09","isFullCredit":false},{"lineNumber":50,"author":{"gitId":"lwenyi1"},"content":"event Team meeting /from Friday 2pm /to 4pm","lastModifiedDate":"2025-02-09","isFullCredit":false},{"lineNumber":51,"author":{"gitId":"lwenyi1"},"content":"```","lastModifiedDate":"2025-02-09","isFullCredit":false},{"lineNumber":52,"author":{"gitId":"-"},"content":"","lastModifiedDate":"2021-07-17","isFullCredit":false},{"lineNumber":53,"author":{"gitId":"lwenyi1"},"content":"### Expected Outcome:","lastModifiedDate":"2025-02-09","isFullCredit":false},{"lineNumber":54,"author":{"gitId":"lwenyi1"},"content":"","lastModifiedDate":"2025-02-09","isFullCredit":false},{"lineNumber":55,"author":{"gitId":"lwenyi1"},"content":"```","lastModifiedDate":"2025-02-09","isFullCredit":false},{"lineNumber":56,"author":{"gitId":"lwenyi1"},"content":"**********************************************","lastModifiedDate":"2025-02-09","isFullCredit":false},{"lineNumber":57,"author":{"gitId":"lwenyi1"},"content":"Added: [ ][E] Team meeting (from: Friday 2pm to: 4pm)","lastModifiedDate":"2025-02-09","isFullCredit":false},{"lineNumber":58,"author":{"gitId":"lwenyi1"},"content":"**********************************************","lastModifiedDate":"2025-02-09","isFullCredit":false},{"lineNumber":59,"author":{"gitId":"lwenyi1"},"content":"```","lastModifiedDate":"2025-02-09","isFullCredit":false},{"lineNumber":60,"author":{"gitId":"-"},"content":"","lastModifiedDate":"2024-01-07","isFullCredit":false},{"lineNumber":61,"author":{"gitId":"lwenyi1"},"content":"## Marking Tasks as Done","lastModifiedDate":"2025-02-09","isFullCredit":false},{"lineNumber":62,"author":{"gitId":"lwenyi1"},"content":"","lastModifiedDate":"2025-02-09","isFullCredit":false},{"lineNumber":63,"author":{"gitId":"lwenyi1"},"content":"To **mark** a task as done, use the `mark` command followed by the task number.","lastModifiedDate":"2025-02-09","isFullCredit":false},{"lineNumber":64,"author":{"gitId":"-"},"content":"","lastModifiedDate":"2025-02-09","isFullCredit":false},{"lineNumber":65,"author":{"gitId":"lwenyi1"},"content":"### Example:","lastModifiedDate":"2025-02-09","isFullCredit":false},{"lineNumber":66,"author":{"gitId":"-"},"content":"","lastModifiedDate":"2025-02-09","isFullCredit":false},{"lineNumber":67,"author":{"gitId":"-"},"content":"```","lastModifiedDate":"2025-02-09","isFullCredit":false},{"lineNumber":68,"author":{"gitId":"lwenyi1"},"content":"mark 1","lastModifiedDate":"2025-02-09","isFullCredit":false},{"lineNumber":69,"author":{"gitId":"-"},"content":"```","lastModifiedDate":"2025-02-09","isFullCredit":false},{"lineNumber":70,"author":{"gitId":"-"},"content":"","lastModifiedDate":"2025-02-09","isFullCredit":false},{"lineNumber":71,"author":{"gitId":"lwenyi1"},"content":"### Expected Outcome:","lastModifiedDate":"2025-02-09","isFullCredit":false},{"lineNumber":72,"author":{"gitId":"-"},"content":"","lastModifiedDate":"2025-02-09","isFullCredit":false},{"lineNumber":73,"author":{"gitId":"lwenyi1"},"content":"```","lastModifiedDate":"2025-02-09","isFullCredit":false},{"lineNumber":74,"author":{"gitId":"lwenyi1"},"content":"**********************************************","lastModifiedDate":"2025-02-09","isFullCredit":false},{"lineNumber":75,"author":{"gitId":"lwenyi1"},"content":"Marked \"Buy groceries\" as done!","lastModifiedDate":"2025-02-09","isFullCredit":false},{"lineNumber":76,"author":{"gitId":"lwenyi1"},"content":"[X][T] Buy groceries","lastModifiedDate":"2025-02-09","isFullCredit":false},{"lineNumber":77,"author":{"gitId":"lwenyi1"},"content":"**********************************************","lastModifiedDate":"2025-02-09","isFullCredit":false},{"lineNumber":78,"author":{"gitId":"lwenyi1"},"content":"```","lastModifiedDate":"2025-02-09","isFullCredit":false},{"lineNumber":79,"author":{"gitId":"-"},"content":"","lastModifiedDate":"2025-02-09","isFullCredit":false},{"lineNumber":80,"author":{"gitId":"lwenyi1"},"content":"## Unmarking Tasks","lastModifiedDate":"2025-02-09","isFullCredit":false},{"lineNumber":81,"author":{"gitId":"lwenyi1"},"content":"","lastModifiedDate":"2025-02-09","isFullCredit":false},{"lineNumber":82,"author":{"gitId":"lwenyi1"},"content":"To **unmark** a task (mark it as not done), use the `unmark` command followed by the task number.","lastModifiedDate":"2025-02-09","isFullCredit":false},{"lineNumber":83,"author":{"gitId":"lwenyi1"},"content":"","lastModifiedDate":"2025-02-09","isFullCredit":false},{"lineNumber":84,"author":{"gitId":"lwenyi1"},"content":"### Example:","lastModifiedDate":"2025-02-09","isFullCredit":false},{"lineNumber":85,"author":{"gitId":"lwenyi1"},"content":"","lastModifiedDate":"2025-02-09","isFullCredit":false},{"lineNumber":86,"author":{"gitId":"lwenyi1"},"content":"```","lastModifiedDate":"2025-02-09","isFullCredit":false},{"lineNumber":87,"author":{"gitId":"lwenyi1"},"content":"unmark 1","lastModifiedDate":"2025-02-09","isFullCredit":false},{"lineNumber":88,"author":{"gitId":"lwenyi1"},"content":"```","lastModifiedDate":"2025-02-09","isFullCredit":false},{"lineNumber":89,"author":{"gitId":"lwenyi1"},"content":"","lastModifiedDate":"2025-02-09","isFullCredit":false},{"lineNumber":90,"author":{"gitId":"lwenyi1"},"content":"### Expected Outcome:","lastModifiedDate":"2025-02-09","isFullCredit":false},{"lineNumber":91,"author":{"gitId":"lwenyi1"},"content":"","lastModifiedDate":"2025-02-09","isFullCredit":false},{"lineNumber":92,"author":{"gitId":"lwenyi1"},"content":"```","lastModifiedDate":"2025-02-09","isFullCredit":false},{"lineNumber":93,"author":{"gitId":"lwenyi1"},"content":"**********************************************","lastModifiedDate":"2025-02-09","isFullCredit":false},{"lineNumber":94,"author":{"gitId":"lwenyi1"},"content":"Oh \"Buy groceries\" is not done? Unmarked.","lastModifiedDate":"2025-02-09","isFullCredit":false},{"lineNumber":95,"author":{"gitId":"lwenyi1"},"content":"[ ][T] Buy groceries","lastModifiedDate":"2025-02-09","isFullCredit":false},{"lineNumber":96,"author":{"gitId":"lwenyi1"},"content":"**********************************************","lastModifiedDate":"2025-02-09","isFullCredit":false},{"lineNumber":97,"author":{"gitId":"lwenyi1"},"content":"```","lastModifiedDate":"2025-02-09","isFullCredit":false},{"lineNumber":98,"author":{"gitId":"-"},"content":"","lastModifiedDate":"2025-02-09","isFullCredit":false},{"lineNumber":99,"author":{"gitId":"-"},"content":"","lastModifiedDate":"2025-02-09","isFullCredit":false}],"authorContributionMap":{"lwenyi1":73,"-":26}},{"path":"src/main/java/chloe/Chloe.java","fileType":"java","lines":[{"lineNumber":1,"author":{"gitId":"lwenyi1"},"content":"package chloe;","lastModifiedDate":"2025-02-09","isFullCredit":false},{"lineNumber":2,"author":{"gitId":"lwenyi1"},"content":"","lastModifiedDate":"2025-02-09","isFullCredit":false},{"lineNumber":3,"author":{"gitId":"lwenyi1"},"content":"import java.util.Scanner;","lastModifiedDate":"2025-02-12","isFullCredit":false},{"lineNumber":4,"author":{"gitId":"lwenyi1"},"content":"","lastModifiedDate":"2025-01-25","isFullCredit":false},{"lineNumber":5,"author":{"gitId":"lwenyi1"},"content":"/**","lastModifiedDate":"2025-01-25","isFullCredit":false},{"lineNumber":6,"author":{"gitId":"lwenyi1"},"content":" * The {@code Chloe} class is a simple interactive program where Chloe.Chloe","lastModifiedDate":"2025-02-09","isFullCredit":false},{"lineNumber":7,"author":{"gitId":"lwenyi1"},"content":" * greets the user, responds to commands, and says goodbye upon exiting.","lastModifiedDate":"2025-01-25","isFullCredit":false},{"lineNumber":8,"author":{"gitId":"lwenyi1"},"content":" * The program runs until the user types \"bye\".","lastModifiedDate":"2025-01-25","isFullCredit":false},{"lineNumber":9,"author":{"gitId":"lwenyi1"},"content":" */","lastModifiedDate":"2025-01-25","isFullCredit":false},{"lineNumber":10,"author":{"gitId":"lwenyi1"},"content":"public class Chloe {","lastModifiedDate":"2025-01-22","isFullCredit":false},{"lineNumber":11,"author":{"gitId":"lwenyi1"},"content":"    // Line used when printing replies","lastModifiedDate":"2025-01-25","isFullCredit":false},{"lineNumber":12,"author":{"gitId":"lwenyi1"},"content":"    private static final String LINE \u003d \"\\t**********************************************\";","lastModifiedDate":"2025-01-25","isFullCredit":false},{"lineNumber":13,"author":{"gitId":"lwenyi1"},"content":"    private static boolean isRunning \u003d true; // Flag to keep program running","lastModifiedDate":"2025-01-25","isFullCredit":false},{"lineNumber":14,"author":{"gitId":"lwenyi1"},"content":"    static TaskManager taskManager \u003d new TaskManager();","lastModifiedDate":"2025-02-09","isFullCredit":false},{"lineNumber":15,"author":{"gitId":"lwenyi1"},"content":"","lastModifiedDate":"2025-01-25","isFullCredit":false},{"lineNumber":16,"author":{"gitId":"lwenyi1"},"content":"    /**","lastModifiedDate":"2025-02-09","isFullCredit":false},{"lineNumber":17,"author":{"gitId":"lwenyi1"},"content":"     * The main method serves as the entry point of the program.","lastModifiedDate":"2025-02-09","isFullCredit":false},{"lineNumber":18,"author":{"gitId":"lwenyi1"},"content":"     * It greets the user, enters an interactive loop to read commands","lastModifiedDate":"2025-02-09","isFullCredit":false},{"lineNumber":19,"author":{"gitId":"lwenyi1"},"content":"     * from the console, and exits when the user types \"bye\".","lastModifiedDate":"2025-02-09","isFullCredit":false},{"lineNumber":20,"author":{"gitId":"lwenyi1"},"content":"     *","lastModifiedDate":"2025-02-09","isFullCredit":false},{"lineNumber":21,"author":{"gitId":"lwenyi1"},"content":"     * @param args command-line arguments (not used)","lastModifiedDate":"2025-02-09","isFullCredit":false},{"lineNumber":22,"author":{"gitId":"lwenyi1"},"content":"     */","lastModifiedDate":"2025-02-09","isFullCredit":false},{"lineNumber":23,"author":{"gitId":"lwenyi1"},"content":"    public static void main(String[] args) {","lastModifiedDate":"2025-02-09","isFullCredit":false},{"lineNumber":24,"author":{"gitId":"lwenyi1"},"content":"        sayHi(); // Greet the user","lastModifiedDate":"2025-02-09","isFullCredit":false},{"lineNumber":25,"author":{"gitId":"lwenyi1"},"content":"        Scanner scanner \u003d new Scanner(System.in); // initiate scanner","lastModifiedDate":"2025-02-09","isFullCredit":false},{"lineNumber":26,"author":{"gitId":"lwenyi1"},"content":"","lastModifiedDate":"2025-02-09","isFullCredit":false},{"lineNumber":27,"author":{"gitId":"lwenyi1"},"content":"        // Interactive loop","lastModifiedDate":"2025-02-09","isFullCredit":false},{"lineNumber":28,"author":{"gitId":"lwenyi1"},"content":"        while (isRunning) {","lastModifiedDate":"2025-02-09","isFullCredit":false},{"lineNumber":29,"author":{"gitId":"lwenyi1"},"content":"            // Read user entries","lastModifiedDate":"2025-02-09","isFullCredit":false},{"lineNumber":30,"author":{"gitId":"lwenyi1"},"content":"            if (!scanner.hasNextLine()) { // Avoid reading if no input is available","lastModifiedDate":"2025-02-09","isFullCredit":false},{"lineNumber":31,"author":{"gitId":"lwenyi1"},"content":"                break;","lastModifiedDate":"2025-02-09","isFullCredit":false},{"lineNumber":32,"author":{"gitId":"lwenyi1"},"content":"            }","lastModifiedDate":"2025-02-09","isFullCredit":false},{"lineNumber":33,"author":{"gitId":"lwenyi1"},"content":"            String userEntry \u003d scanner.nextLine();","lastModifiedDate":"2025-02-09","isFullCredit":false},{"lineNumber":34,"author":{"gitId":"lwenyi1"},"content":"            isRunning \u003d taskManager.handleCommand(userEntry); // Will return false for termination","lastModifiedDate":"2025-02-16","isFullCredit":false},{"lineNumber":35,"author":{"gitId":"lwenyi1"},"content":"        }","lastModifiedDate":"2025-02-09","isFullCredit":false},{"lineNumber":36,"author":{"gitId":"lwenyi1"},"content":"","lastModifiedDate":"2025-02-09","isFullCredit":false},{"lineNumber":37,"author":{"gitId":"lwenyi1"},"content":"        sayBye(); // Say goodbye","lastModifiedDate":"2025-02-09","isFullCredit":false},{"lineNumber":38,"author":{"gitId":"lwenyi1"},"content":"    }","lastModifiedDate":"2025-02-09","isFullCredit":false},{"lineNumber":39,"author":{"gitId":"lwenyi1"},"content":"","lastModifiedDate":"2025-02-09","isFullCredit":false},{"lineNumber":40,"author":{"gitId":"lwenyi1"},"content":"    /**","lastModifiedDate":"2025-01-25","isFullCredit":false},{"lineNumber":41,"author":{"gitId":"lwenyi1"},"content":"     * Displays a greeting message from Chloe.","lastModifiedDate":"2025-01-25","isFullCredit":false},{"lineNumber":42,"author":{"gitId":"lwenyi1"},"content":"     * This method prints a decorative line, a friendly message,","lastModifiedDate":"2025-01-25","isFullCredit":false},{"lineNumber":43,"author":{"gitId":"lwenyi1"},"content":"     * and another decorative line.","lastModifiedDate":"2025-01-25","isFullCredit":false},{"lineNumber":44,"author":{"gitId":"lwenyi1"},"content":"     */","lastModifiedDate":"2025-01-25","isFullCredit":false},{"lineNumber":45,"author":{"gitId":"lwenyi1"},"content":"    public static void sayHi() {","lastModifiedDate":"2025-01-22","isFullCredit":false},{"lineNumber":46,"author":{"gitId":"lwenyi1"},"content":"        System.out.println(LINE);","lastModifiedDate":"2025-01-25","isFullCredit":false},{"lineNumber":47,"author":{"gitId":"lwenyi1"},"content":"        System.out.println(\"\\tHi! I\u0027m Chloe!\");","lastModifiedDate":"2025-02-09","isFullCredit":false},{"lineNumber":48,"author":{"gitId":"lwenyi1"},"content":"        System.out.println(\"\\tHow can I help you today?\");","lastModifiedDate":"2025-02-09","isFullCredit":false},{"lineNumber":49,"author":{"gitId":"lwenyi1"},"content":"        System.out.println(LINE);","lastModifiedDate":"2025-01-25","isFullCredit":false},{"lineNumber":50,"author":{"gitId":"lwenyi1"},"content":"    }","lastModifiedDate":"2025-01-22","isFullCredit":false},{"lineNumber":51,"author":{"gitId":"lwenyi1"},"content":"","lastModifiedDate":"2025-01-22","isFullCredit":false},{"lineNumber":52,"author":{"gitId":"lwenyi1"},"content":"    /**","lastModifiedDate":"2025-01-25","isFullCredit":false},{"lineNumber":53,"author":{"gitId":"lwenyi1"},"content":"     * Displays a goodbye message from Chloe.Chloe.","lastModifiedDate":"2025-02-09","isFullCredit":false},{"lineNumber":54,"author":{"gitId":"lwenyi1"},"content":"     * This method prints a decorative line, a farewell message,","lastModifiedDate":"2025-01-25","isFullCredit":false},{"lineNumber":55,"author":{"gitId":"lwenyi1"},"content":"     * and another decorative line.","lastModifiedDate":"2025-01-25","isFullCredit":false},{"lineNumber":56,"author":{"gitId":"lwenyi1"},"content":"     */","lastModifiedDate":"2025-01-25","isFullCredit":false},{"lineNumber":57,"author":{"gitId":"lwenyi1"},"content":"    public static void sayBye() {","lastModifiedDate":"2025-01-22","isFullCredit":false},{"lineNumber":58,"author":{"gitId":"lwenyi1"},"content":"        System.out.println(LINE);","lastModifiedDate":"2025-01-25","isFullCredit":false},{"lineNumber":59,"author":{"gitId":"lwenyi1"},"content":"        System.out.println(\"\\tOK bye!\");","lastModifiedDate":"2025-02-09","isFullCredit":false},{"lineNumber":60,"author":{"gitId":"lwenyi1"},"content":"        System.out.println(LINE);","lastModifiedDate":"2025-01-25","isFullCredit":false},{"lineNumber":61,"author":{"gitId":"lwenyi1"},"content":"    }","lastModifiedDate":"2025-01-22","isFullCredit":false},{"lineNumber":62,"author":{"gitId":"lwenyi1"},"content":"","lastModifiedDate":"2025-01-22","isFullCredit":false},{"lineNumber":63,"author":{"gitId":"lwenyi1"},"content":"}","lastModifiedDate":"2025-01-22","isFullCredit":false}],"authorContributionMap":{"lwenyi1":63}},{"path":"src/main/java/chloe/TaskManager.java","fileType":"java","lines":[{"lineNumber":1,"author":{"gitId":"lwenyi1"},"content":"package chloe;","lastModifiedDate":"2025-02-09","isFullCredit":false},{"lineNumber":2,"author":{"gitId":"lwenyi1"},"content":"// For collections","lastModifiedDate":"2025-02-16","isFullCredit":false},{"lineNumber":3,"author":{"gitId":"lwenyi1"},"content":"import java.util.ArrayList;","lastModifiedDate":"2025-02-12","isFullCredit":false},{"lineNumber":4,"author":{"gitId":"lwenyi1"},"content":"import java.util.List;","lastModifiedDate":"2025-02-12","isFullCredit":false},{"lineNumber":5,"author":{"gitId":"lwenyi1"},"content":"// For file management","lastModifiedDate":"2025-02-16","isFullCredit":false},{"lineNumber":6,"author":{"gitId":"lwenyi1"},"content":"import java.io.File;","lastModifiedDate":"2025-02-16","isFullCredit":false},{"lineNumber":7,"author":{"gitId":"lwenyi1"},"content":"import java.io.IOException;","lastModifiedDate":"2025-02-16","isFullCredit":false},{"lineNumber":8,"author":{"gitId":"lwenyi1"},"content":"import java.io.FileWriter;","lastModifiedDate":"2025-02-16","isFullCredit":false},{"lineNumber":9,"author":{"gitId":"lwenyi1"},"content":"import java.io.BufferedWriter;","lastModifiedDate":"2025-02-16","isFullCredit":false},{"lineNumber":10,"author":{"gitId":"lwenyi1"},"content":"import java.io.BufferedReader;","lastModifiedDate":"2025-02-16","isFullCredit":false},{"lineNumber":11,"author":{"gitId":"lwenyi1"},"content":"import java.io.FileInputStream;","lastModifiedDate":"2025-02-16","isFullCredit":false},{"lineNumber":12,"author":{"gitId":"lwenyi1"},"content":"import java.io.InputStreamReader;","lastModifiedDate":"2025-02-16","isFullCredit":false},{"lineNumber":13,"author":{"gitId":"lwenyi1"},"content":"import java.nio.charset.StandardCharsets;","lastModifiedDate":"2025-02-16","isFullCredit":false},{"lineNumber":14,"author":{"gitId":"lwenyi1"},"content":"// For chloe task management","lastModifiedDate":"2025-02-16","isFullCredit":false},{"lineNumber":15,"author":{"gitId":"lwenyi1"},"content":"import chloe.exceptions.IllegalCommandException;","lastModifiedDate":"2025-02-12","isFullCredit":false},{"lineNumber":16,"author":{"gitId":"lwenyi1"},"content":"import chloe.exceptions.IncompleteCommandException;","lastModifiedDate":"2025-02-12","isFullCredit":false},{"lineNumber":17,"author":{"gitId":"lwenyi1"},"content":"import chloe.tasktypes.Task;","lastModifiedDate":"2025-02-12","isFullCredit":false},{"lineNumber":18,"author":{"gitId":"lwenyi1"},"content":"import chloe.tasktypes.Deadline;","lastModifiedDate":"2025-02-12","isFullCredit":false},{"lineNumber":19,"author":{"gitId":"lwenyi1"},"content":"import chloe.tasktypes.Event;","lastModifiedDate":"2025-02-12","isFullCredit":false},{"lineNumber":20,"author":{"gitId":"lwenyi1"},"content":"","lastModifiedDate":"2025-02-09","isFullCredit":false},{"lineNumber":21,"author":{"gitId":"lwenyi1"},"content":"public class TaskManager {","lastModifiedDate":"2025-02-09","isFullCredit":false},{"lineNumber":22,"author":{"gitId":"lwenyi1"},"content":"    private static final String LINE \u003d \"\\t**********************************************\";","lastModifiedDate":"2025-02-09","isFullCredit":false},{"lineNumber":23,"author":{"gitId":"lwenyi1"},"content":"    private static final String DIRECTORY;","lastModifiedDate":"2025-02-16","isFullCredit":false},{"lineNumber":24,"author":{"gitId":"lwenyi1"},"content":"    private static final String FILE_NAME;","lastModifiedDate":"2025-02-16","isFullCredit":false},{"lineNumber":25,"author":{"gitId":"lwenyi1"},"content":"    private static List\u003cTask\u003e taskList \u003d new ArrayList\u003c\u003e(); // List of tasks","lastModifiedDate":"2025-02-09","isFullCredit":false},{"lineNumber":26,"author":{"gitId":"lwenyi1"},"content":"","lastModifiedDate":"2025-02-09","isFullCredit":false},{"lineNumber":27,"author":{"gitId":"lwenyi1"},"content":"","lastModifiedDate":"2025-02-16","isFullCredit":false},{"lineNumber":28,"author":{"gitId":"lwenyi1"},"content":"    static {","lastModifiedDate":"2025-02-16","isFullCredit":false},{"lineNumber":29,"author":{"gitId":"lwenyi1"},"content":"        // Use the working directory to ensure JAR compatibility","lastModifiedDate":"2025-02-16","isFullCredit":false},{"lineNumber":30,"author":{"gitId":"lwenyi1"},"content":"        File baseDir \u003d new File(System.getProperty(\"user.dir\"), \"data\");","lastModifiedDate":"2025-02-16","isFullCredit":false},{"lineNumber":31,"author":{"gitId":"lwenyi1"},"content":"        DIRECTORY \u003d baseDir.getAbsolutePath();","lastModifiedDate":"2025-02-16","isFullCredit":false},{"lineNumber":32,"author":{"gitId":"lwenyi1"},"content":"        FILE_NAME \u003d new File(DIRECTORY, \"chloeTasks.txt\").getAbsolutePath();","lastModifiedDate":"2025-02-16","isFullCredit":false},{"lineNumber":33,"author":{"gitId":"lwenyi1"},"content":"    }","lastModifiedDate":"2025-02-16","isFullCredit":false},{"lineNumber":34,"author":{"gitId":"lwenyi1"},"content":"","lastModifiedDate":"2025-02-16","isFullCredit":false},{"lineNumber":35,"author":{"gitId":"lwenyi1"},"content":"    public TaskManager() {","lastModifiedDate":"2025-02-16","isFullCredit":false},{"lineNumber":36,"author":{"gitId":"lwenyi1"},"content":"        loadSavedTasks();","lastModifiedDate":"2025-02-16","isFullCredit":false},{"lineNumber":37,"author":{"gitId":"lwenyi1"},"content":"    }","lastModifiedDate":"2025-02-16","isFullCredit":false},{"lineNumber":38,"author":{"gitId":"lwenyi1"},"content":"","lastModifiedDate":"2025-02-16","isFullCredit":false},{"lineNumber":39,"author":{"gitId":"lwenyi1"},"content":"    public boolean handleCommand(String userEntry) {","lastModifiedDate":"2025-02-09","isFullCredit":false},{"lineNumber":40,"author":{"gitId":"lwenyi1"},"content":"        // Split into commands and details of task","lastModifiedDate":"2025-02-09","isFullCredit":false},{"lineNumber":41,"author":{"gitId":"lwenyi1"},"content":"        String[] stringParts \u003d userEntry.split(\" \", 2);","lastModifiedDate":"2025-02-09","isFullCredit":false},{"lineNumber":42,"author":{"gitId":"lwenyi1"},"content":"        String userCommand \u003d stringParts[0];","lastModifiedDate":"2025-02-09","isFullCredit":false},{"lineNumber":43,"author":{"gitId":"lwenyi1"},"content":"        String taskDetails \u003d stringParts.length \u003e 1? stringParts[1] : \"\";","lastModifiedDate":"2025-02-09","isFullCredit":false},{"lineNumber":44,"author":{"gitId":"lwenyi1"},"content":"","lastModifiedDate":"2025-02-09","isFullCredit":false},{"lineNumber":45,"author":{"gitId":"lwenyi1"},"content":"        // Handle commands","lastModifiedDate":"2025-02-09","isFullCredit":false},{"lineNumber":46,"author":{"gitId":"lwenyi1"},"content":"        try {","lastModifiedDate":"2025-02-09","isFullCredit":false},{"lineNumber":47,"author":{"gitId":"lwenyi1"},"content":"            switch (userCommand.toLowerCase()) {","lastModifiedDate":"2025-02-09","isFullCredit":false},{"lineNumber":48,"author":{"gitId":"lwenyi1"},"content":"            case \"bye\": // Exit the program when \"bye\" is typed","lastModifiedDate":"2025-02-09","isFullCredit":false},{"lineNumber":49,"author":{"gitId":"lwenyi1"},"content":"                return false;","lastModifiedDate":"2025-02-09","isFullCredit":false},{"lineNumber":50,"author":{"gitId":"lwenyi1"},"content":"            case \"list\":","lastModifiedDate":"2025-02-09","isFullCredit":false},{"lineNumber":51,"author":{"gitId":"lwenyi1"},"content":"                listTasks();","lastModifiedDate":"2025-02-09","isFullCredit":false},{"lineNumber":52,"author":{"gitId":"lwenyi1"},"content":"                break;","lastModifiedDate":"2025-02-09","isFullCredit":false},{"lineNumber":53,"author":{"gitId":"lwenyi1"},"content":"            case \"todo\":","lastModifiedDate":"2025-02-09","isFullCredit":false},{"lineNumber":54,"author":{"gitId":"lwenyi1"},"content":"                addTodo(taskDetails);","lastModifiedDate":"2025-02-09","isFullCredit":false},{"lineNumber":55,"author":{"gitId":"lwenyi1"},"content":"                break;","lastModifiedDate":"2025-02-09","isFullCredit":false},{"lineNumber":56,"author":{"gitId":"lwenyi1"},"content":"            case \"deadline\":","lastModifiedDate":"2025-02-09","isFullCredit":false},{"lineNumber":57,"author":{"gitId":"lwenyi1"},"content":"                addDeadline(taskDetails);","lastModifiedDate":"2025-02-09","isFullCredit":false},{"lineNumber":58,"author":{"gitId":"lwenyi1"},"content":"                break;","lastModifiedDate":"2025-02-09","isFullCredit":false},{"lineNumber":59,"author":{"gitId":"lwenyi1"},"content":"            case \"event\":","lastModifiedDate":"2025-02-09","isFullCredit":false},{"lineNumber":60,"author":{"gitId":"lwenyi1"},"content":"                addEvent(taskDetails);","lastModifiedDate":"2025-02-09","isFullCredit":false},{"lineNumber":61,"author":{"gitId":"lwenyi1"},"content":"                break;","lastModifiedDate":"2025-02-09","isFullCredit":false},{"lineNumber":62,"author":{"gitId":"lwenyi1"},"content":"            case \"mark\":","lastModifiedDate":"2025-02-09","isFullCredit":false},{"lineNumber":63,"author":{"gitId":"lwenyi1"},"content":"            case \"unmark\":","lastModifiedDate":"2025-02-09","isFullCredit":false},{"lineNumber":64,"author":{"gitId":"lwenyi1"},"content":"                handleTaskMarking(userCommand.toLowerCase(), stringParts);","lastModifiedDate":"2025-02-09","isFullCredit":false},{"lineNumber":65,"author":{"gitId":"lwenyi1"},"content":"                break;","lastModifiedDate":"2025-02-09","isFullCredit":false},{"lineNumber":66,"author":{"gitId":"lwenyi1"},"content":"            case \"delete\":","lastModifiedDate":"2025-02-15","isFullCredit":false},{"lineNumber":67,"author":{"gitId":"lwenyi1"},"content":"                deleteTask(stringParts);","lastModifiedDate":"2025-02-15","isFullCredit":false},{"lineNumber":68,"author":{"gitId":"lwenyi1"},"content":"                break;","lastModifiedDate":"2025-02-15","isFullCredit":false},{"lineNumber":69,"author":{"gitId":"lwenyi1"},"content":"            default:","lastModifiedDate":"2025-02-09","isFullCredit":false},{"lineNumber":70,"author":{"gitId":"lwenyi1"},"content":"                throw new IllegalCommandException();","lastModifiedDate":"2025-02-09","isFullCredit":false},{"lineNumber":71,"author":{"gitId":"lwenyi1"},"content":"            }","lastModifiedDate":"2025-02-09","isFullCredit":false},{"lineNumber":72,"author":{"gitId":"lwenyi1"},"content":"        } catch (IllegalCommandException e) {","lastModifiedDate":"2025-02-09","isFullCredit":false},{"lineNumber":73,"author":{"gitId":"lwenyi1"},"content":"            handleBadCommand();","lastModifiedDate":"2025-02-09","isFullCredit":false},{"lineNumber":74,"author":{"gitId":"lwenyi1"},"content":"        } catch (IncompleteCommandException e) {","lastModifiedDate":"2025-02-09","isFullCredit":false},{"lineNumber":75,"author":{"gitId":"lwenyi1"},"content":"            String message \u003d e.getMessage();","lastModifiedDate":"2025-02-09","isFullCredit":false},{"lineNumber":76,"author":{"gitId":"lwenyi1"},"content":"            handleIncompleteCommand(message);","lastModifiedDate":"2025-02-09","isFullCredit":false},{"lineNumber":77,"author":{"gitId":"lwenyi1"},"content":"        } catch (NumberFormatException | IndexOutOfBoundsException e) {","lastModifiedDate":"2025-02-15","isFullCredit":false},{"lineNumber":78,"author":{"gitId":"lwenyi1"},"content":"            handleBadIndex();","lastModifiedDate":"2025-02-15","isFullCredit":false},{"lineNumber":79,"author":{"gitId":"lwenyi1"},"content":"        }","lastModifiedDate":"2025-02-09","isFullCredit":false},{"lineNumber":80,"author":{"gitId":"lwenyi1"},"content":"        updateSaveFile(); // Update file after every command","lastModifiedDate":"2025-02-16","isFullCredit":false},{"lineNumber":81,"author":{"gitId":"lwenyi1"},"content":"","lastModifiedDate":"2025-02-09","isFullCredit":false},{"lineNumber":82,"author":{"gitId":"lwenyi1"},"content":"        return true;","lastModifiedDate":"2025-02-09","isFullCredit":false},{"lineNumber":83,"author":{"gitId":"lwenyi1"},"content":"    }","lastModifiedDate":"2025-02-09","isFullCredit":false},{"lineNumber":84,"author":{"gitId":"lwenyi1"},"content":"","lastModifiedDate":"2025-02-09","isFullCredit":false},{"lineNumber":85,"author":{"gitId":"lwenyi1"},"content":"    /**","lastModifiedDate":"2025-02-16","isFullCredit":false},{"lineNumber":86,"author":{"gitId":"lwenyi1"},"content":"     * Loads the saved tasks from chloeTasks.txt.","lastModifiedDate":"2025-02-16","isFullCredit":false},{"lineNumber":87,"author":{"gitId":"lwenyi1"},"content":"     * Checks for the existence of the text file and","lastModifiedDate":"2025-02-16","isFullCredit":false},{"lineNumber":88,"author":{"gitId":"lwenyi1"},"content":"     * creates it if not found.","lastModifiedDate":"2025-02-16","isFullCredit":false},{"lineNumber":89,"author":{"gitId":"lwenyi1"},"content":"     */","lastModifiedDate":"2025-02-16","isFullCredit":false},{"lineNumber":90,"author":{"gitId":"lwenyi1"},"content":"    public static void loadSavedTasks() {","lastModifiedDate":"2025-02-16","isFullCredit":false},{"lineNumber":91,"author":{"gitId":"lwenyi1"},"content":"        File directory \u003d new File(DIRECTORY);","lastModifiedDate":"2025-02-16","isFullCredit":false},{"lineNumber":92,"author":{"gitId":"lwenyi1"},"content":"        File file \u003d new File(FILE_NAME);","lastModifiedDate":"2025-02-16","isFullCredit":false},{"lineNumber":93,"author":{"gitId":"lwenyi1"},"content":"","lastModifiedDate":"2025-02-16","isFullCredit":false},{"lineNumber":94,"author":{"gitId":"lwenyi1"},"content":"        // Ensure the directory exists","lastModifiedDate":"2025-02-16","isFullCredit":false},{"lineNumber":95,"author":{"gitId":"lwenyi1"},"content":"        if (!directory.exists() \u0026\u0026 !directory.mkdirs()) {","lastModifiedDate":"2025-02-16","isFullCredit":false},{"lineNumber":96,"author":{"gitId":"lwenyi1"},"content":"            System.out.println(\"Failed to create directory: \" + DIRECTORY);","lastModifiedDate":"2025-02-16","isFullCredit":false},{"lineNumber":97,"author":{"gitId":"lwenyi1"},"content":"            return;","lastModifiedDate":"2025-02-16","isFullCredit":false},{"lineNumber":98,"author":{"gitId":"lwenyi1"},"content":"        }","lastModifiedDate":"2025-02-16","isFullCredit":false},{"lineNumber":99,"author":{"gitId":"lwenyi1"},"content":"","lastModifiedDate":"2025-02-16","isFullCredit":false},{"lineNumber":100,"author":{"gitId":"lwenyi1"},"content":"        // Ensure the file exists","lastModifiedDate":"2025-02-16","isFullCredit":false},{"lineNumber":101,"author":{"gitId":"lwenyi1"},"content":"        if (!file.exists()) {","lastModifiedDate":"2025-02-16","isFullCredit":false},{"lineNumber":102,"author":{"gitId":"lwenyi1"},"content":"            try {","lastModifiedDate":"2025-02-16","isFullCredit":false},{"lineNumber":103,"author":{"gitId":"lwenyi1"},"content":"                if (file.createNewFile()) {","lastModifiedDate":"2025-02-16","isFullCredit":false},{"lineNumber":104,"author":{"gitId":"lwenyi1"},"content":"                    System.out.println(\"No saved tasks found. New file created at: \" + FILE_NAME);","lastModifiedDate":"2025-02-16","isFullCredit":false},{"lineNumber":105,"author":{"gitId":"lwenyi1"},"content":"                }","lastModifiedDate":"2025-02-16","isFullCredit":false},{"lineNumber":106,"author":{"gitId":"lwenyi1"},"content":"            } catch (IOException e) {","lastModifiedDate":"2025-02-16","isFullCredit":false},{"lineNumber":107,"author":{"gitId":"lwenyi1"},"content":"                System.out.println(\"Error creating tasks file: \" + e.getMessage());","lastModifiedDate":"2025-02-16","isFullCredit":false},{"lineNumber":108,"author":{"gitId":"lwenyi1"},"content":"            }","lastModifiedDate":"2025-02-16","isFullCredit":false},{"lineNumber":109,"author":{"gitId":"lwenyi1"},"content":"        }","lastModifiedDate":"2025-02-16","isFullCredit":false},{"lineNumber":110,"author":{"gitId":"lwenyi1"},"content":"","lastModifiedDate":"2025-02-16","isFullCredit":false},{"lineNumber":111,"author":{"gitId":"lwenyi1"},"content":"        // Load tasks from file","lastModifiedDate":"2025-02-16","isFullCredit":false},{"lineNumber":112,"author":{"gitId":"lwenyi1"},"content":"        try (BufferedReader reader \u003d new BufferedReader(new InputStreamReader(new FileInputStream(file), StandardCharsets.UTF_8))) {","lastModifiedDate":"2025-02-16","isFullCredit":false},{"lineNumber":113,"author":{"gitId":"lwenyi1"},"content":"            String line;","lastModifiedDate":"2025-02-16","isFullCredit":false},{"lineNumber":114,"author":{"gitId":"lwenyi1"},"content":"            while ((line \u003d reader.readLine()) !\u003d null) {","lastModifiedDate":"2025-02-16","isFullCredit":false},{"lineNumber":115,"author":{"gitId":"lwenyi1"},"content":"                String[] parts \u003d line.split(\" # \");","lastModifiedDate":"2025-02-16","isFullCredit":false},{"lineNumber":116,"author":{"gitId":"lwenyi1"},"content":"                if (parts.length \u003c 3) continue;","lastModifiedDate":"2025-02-16","isFullCredit":false},{"lineNumber":117,"author":{"gitId":"lwenyi1"},"content":"","lastModifiedDate":"2025-02-16","isFullCredit":false},{"lineNumber":118,"author":{"gitId":"lwenyi1"},"content":"                String type \u003d parts[0];","lastModifiedDate":"2025-02-16","isFullCredit":false},{"lineNumber":119,"author":{"gitId":"lwenyi1"},"content":"                boolean isDone \u003d parts[1].equals(\"1\");","lastModifiedDate":"2025-02-16","isFullCredit":false},{"lineNumber":120,"author":{"gitId":"lwenyi1"},"content":"                String description \u003d parts[2];","lastModifiedDate":"2025-02-16","isFullCredit":false},{"lineNumber":121,"author":{"gitId":"lwenyi1"},"content":"","lastModifiedDate":"2025-02-16","isFullCredit":false},{"lineNumber":122,"author":{"gitId":"lwenyi1"},"content":"                Task task;","lastModifiedDate":"2025-02-16","isFullCredit":false},{"lineNumber":123,"author":{"gitId":"lwenyi1"},"content":"                if (type.equals(\"T\")) {","lastModifiedDate":"2025-02-16","isFullCredit":false},{"lineNumber":124,"author":{"gitId":"lwenyi1"},"content":"                    task \u003d new Task(description);","lastModifiedDate":"2025-02-16","isFullCredit":false},{"lineNumber":125,"author":{"gitId":"lwenyi1"},"content":"                } else if (type.equals(\"D\") \u0026\u0026 parts.length \u003d\u003d 4) {","lastModifiedDate":"2025-02-16","isFullCredit":false},{"lineNumber":126,"author":{"gitId":"lwenyi1"},"content":"                    task \u003d new Deadline(description, parts[3]);","lastModifiedDate":"2025-02-16","isFullCredit":false},{"lineNumber":127,"author":{"gitId":"lwenyi1"},"content":"                } else if (type.equals(\"E\") \u0026\u0026 parts.length \u003d\u003d 5) {","lastModifiedDate":"2025-02-16","isFullCredit":false},{"lineNumber":128,"author":{"gitId":"lwenyi1"},"content":"                    task \u003d new Event(description, parts[3], parts[4]);","lastModifiedDate":"2025-02-16","isFullCredit":false},{"lineNumber":129,"author":{"gitId":"lwenyi1"},"content":"                } else {","lastModifiedDate":"2025-02-16","isFullCredit":false},{"lineNumber":130,"author":{"gitId":"lwenyi1"},"content":"                    continue;","lastModifiedDate":"2025-02-16","isFullCredit":false},{"lineNumber":131,"author":{"gitId":"lwenyi1"},"content":"                }","lastModifiedDate":"2025-02-16","isFullCredit":false},{"lineNumber":132,"author":{"gitId":"lwenyi1"},"content":"","lastModifiedDate":"2025-02-16","isFullCredit":false},{"lineNumber":133,"author":{"gitId":"lwenyi1"},"content":"                task.updateStatus(isDone);","lastModifiedDate":"2025-02-16","isFullCredit":false},{"lineNumber":134,"author":{"gitId":"lwenyi1"},"content":"                taskList.add(task);","lastModifiedDate":"2025-02-16","isFullCredit":false},{"lineNumber":135,"author":{"gitId":"lwenyi1"},"content":"            }","lastModifiedDate":"2025-02-16","isFullCredit":false},{"lineNumber":136,"author":{"gitId":"lwenyi1"},"content":"            System.out.println(\"Tasks loaded successfully from: \" + FILE_NAME);","lastModifiedDate":"2025-02-16","isFullCredit":false},{"lineNumber":137,"author":{"gitId":"lwenyi1"},"content":"        } catch (IOException e) {","lastModifiedDate":"2025-02-16","isFullCredit":false},{"lineNumber":138,"author":{"gitId":"lwenyi1"},"content":"            System.out.println(\"Error loading tasks from file: \" + FILE_NAME);","lastModifiedDate":"2025-02-16","isFullCredit":false},{"lineNumber":139,"author":{"gitId":"lwenyi1"},"content":"            System.out.println(\"Error details: \" + e.getMessage());","lastModifiedDate":"2025-02-16","isFullCredit":false},{"lineNumber":140,"author":{"gitId":"lwenyi1"},"content":"        }","lastModifiedDate":"2025-02-16","isFullCredit":false},{"lineNumber":141,"author":{"gitId":"lwenyi1"},"content":"    }","lastModifiedDate":"2025-02-16","isFullCredit":false},{"lineNumber":142,"author":{"gitId":"lwenyi1"},"content":"","lastModifiedDate":"2025-02-16","isFullCredit":false},{"lineNumber":143,"author":{"gitId":"lwenyi1"},"content":"    /**","lastModifiedDate":"2025-02-16","isFullCredit":false},{"lineNumber":144,"author":{"gitId":"lwenyi1"},"content":"     * Updates the save file with the new task list.","lastModifiedDate":"2025-02-16","isFullCredit":false},{"lineNumber":145,"author":{"gitId":"lwenyi1"},"content":"     */","lastModifiedDate":"2025-02-16","isFullCredit":false},{"lineNumber":146,"author":{"gitId":"lwenyi1"},"content":"    private static void updateSaveFile() {","lastModifiedDate":"2025-02-16","isFullCredit":false},{"lineNumber":147,"author":{"gitId":"lwenyi1"},"content":"        File file \u003d new File(FILE_NAME);","lastModifiedDate":"2025-02-16","isFullCredit":false},{"lineNumber":148,"author":{"gitId":"lwenyi1"},"content":"","lastModifiedDate":"2025-02-16","isFullCredit":false},{"lineNumber":149,"author":{"gitId":"lwenyi1"},"content":"        try (BufferedWriter writer \u003d new BufferedWriter(new FileWriter(FILE_NAME))) {","lastModifiedDate":"2025-02-16","isFullCredit":false},{"lineNumber":150,"author":{"gitId":"lwenyi1"},"content":"            for (Task task : taskList) {","lastModifiedDate":"2025-02-16","isFullCredit":false},{"lineNumber":151,"author":{"gitId":"lwenyi1"},"content":"                writer.write(task.toFileString());","lastModifiedDate":"2025-02-16","isFullCredit":false},{"lineNumber":152,"author":{"gitId":"lwenyi1"},"content":"                writer.newLine();","lastModifiedDate":"2025-02-16","isFullCredit":false},{"lineNumber":153,"author":{"gitId":"lwenyi1"},"content":"            }","lastModifiedDate":"2025-02-16","isFullCredit":false},{"lineNumber":154,"author":{"gitId":"lwenyi1"},"content":"        } catch (IOException e) {","lastModifiedDate":"2025-02-16","isFullCredit":false},{"lineNumber":155,"author":{"gitId":"lwenyi1"},"content":"            System.out.println(\"Error saving tasks: \" + e.getMessage());","lastModifiedDate":"2025-02-16","isFullCredit":false},{"lineNumber":156,"author":{"gitId":"lwenyi1"},"content":"        }","lastModifiedDate":"2025-02-16","isFullCredit":false},{"lineNumber":157,"author":{"gitId":"lwenyi1"},"content":"    }","lastModifiedDate":"2025-02-16","isFullCredit":false},{"lineNumber":158,"author":{"gitId":"lwenyi1"},"content":"","lastModifiedDate":"2025-02-16","isFullCredit":false},{"lineNumber":159,"author":{"gitId":"lwenyi1"},"content":"    /**","lastModifiedDate":"2025-02-09","isFullCredit":false},{"lineNumber":160,"author":{"gitId":"lwenyi1"},"content":"     * Prints message asking user for valid command.","lastModifiedDate":"2025-02-09","isFullCredit":false},{"lineNumber":161,"author":{"gitId":"lwenyi1"},"content":"     * */","lastModifiedDate":"2025-02-09","isFullCredit":false},{"lineNumber":162,"author":{"gitId":"lwenyi1"},"content":"    public static void handleBadCommand() {","lastModifiedDate":"2025-02-09","isFullCredit":false},{"lineNumber":163,"author":{"gitId":"lwenyi1"},"content":"        System.out.println(LINE);","lastModifiedDate":"2025-02-09","isFullCredit":false},{"lineNumber":164,"author":{"gitId":"lwenyi1"},"content":"        System.out.println(\"\\tI\u0027m sorry I don\u0027t know what you mean!!\");","lastModifiedDate":"2025-02-09","isFullCredit":false},{"lineNumber":165,"author":{"gitId":"lwenyi1"},"content":"        System.out.println(\"\\tPlease choose a valid command :\\\")\");","lastModifiedDate":"2025-02-09","isFullCredit":false},{"lineNumber":166,"author":{"gitId":"lwenyi1"},"content":"        //System.out.println(\"\\tUse help for a list of commands\");","lastModifiedDate":"2025-02-09","isFullCredit":false},{"lineNumber":167,"author":{"gitId":"lwenyi1"},"content":"        System.out.println(LINE);","lastModifiedDate":"2025-02-09","isFullCredit":false},{"lineNumber":168,"author":{"gitId":"lwenyi1"},"content":"    }","lastModifiedDate":"2025-02-09","isFullCredit":false},{"lineNumber":169,"author":{"gitId":"lwenyi1"},"content":"","lastModifiedDate":"2025-02-09","isFullCredit":false},{"lineNumber":170,"author":{"gitId":"lwenyi1"},"content":"    /**","lastModifiedDate":"2025-02-15","isFullCredit":false},{"lineNumber":171,"author":{"gitId":"lwenyi1"},"content":"     * Prints message asking user for valid task index.","lastModifiedDate":"2025-02-15","isFullCredit":false},{"lineNumber":172,"author":{"gitId":"lwenyi1"},"content":"     */","lastModifiedDate":"2025-02-15","isFullCredit":false},{"lineNumber":173,"author":{"gitId":"lwenyi1"},"content":"    public static void handleBadIndex() {","lastModifiedDate":"2025-02-15","isFullCredit":false},{"lineNumber":174,"author":{"gitId":"lwenyi1"},"content":"        System.out.println(LINE);","lastModifiedDate":"2025-02-15","isFullCredit":false},{"lineNumber":175,"author":{"gitId":"lwenyi1"},"content":"        if (taskList.isEmpty()) {","lastModifiedDate":"2025-02-15","isFullCredit":false},{"lineNumber":176,"author":{"gitId":"lwenyi1"},"content":"            System.out.println(\"\\tAdd a task first, then\");","lastModifiedDate":"2025-02-15","isFullCredit":false},{"lineNumber":177,"author":{"gitId":"lwenyi1"},"content":"        }","lastModifiedDate":"2025-02-15","isFullCredit":false},{"lineNumber":178,"author":{"gitId":"lwenyi1"},"content":"        System.out.println(\"\\tEnter a valid task index\");","lastModifiedDate":"2025-02-15","isFullCredit":false},{"lineNumber":179,"author":{"gitId":"lwenyi1"},"content":"        System.out.println(LINE);","lastModifiedDate":"2025-02-15","isFullCredit":false},{"lineNumber":180,"author":{"gitId":"lwenyi1"},"content":"    }","lastModifiedDate":"2025-02-15","isFullCredit":false},{"lineNumber":181,"author":{"gitId":"lwenyi1"},"content":"","lastModifiedDate":"2025-02-15","isFullCredit":false},{"lineNumber":182,"author":{"gitId":"lwenyi1"},"content":"    /**","lastModifiedDate":"2025-02-09","isFullCredit":false},{"lineNumber":183,"author":{"gitId":"lwenyi1"},"content":"     * Prints message asking user for valid command.","lastModifiedDate":"2025-02-09","isFullCredit":false},{"lineNumber":184,"author":{"gitId":"lwenyi1"},"content":"     * */","lastModifiedDate":"2025-02-09","isFullCredit":false},{"lineNumber":185,"author":{"gitId":"lwenyi1"},"content":"    public static void handleIncompleteCommand(String message) {","lastModifiedDate":"2025-02-09","isFullCredit":false},{"lineNumber":186,"author":{"gitId":"lwenyi1"},"content":"        System.out.println(LINE);","lastModifiedDate":"2025-02-09","isFullCredit":false},{"lineNumber":187,"author":{"gitId":"lwenyi1"},"content":"        System.out.println(\"\\t\" + message);","lastModifiedDate":"2025-02-09","isFullCredit":false},{"lineNumber":188,"author":{"gitId":"lwenyi1"},"content":"        System.out.println(LINE);","lastModifiedDate":"2025-02-09","isFullCredit":false},{"lineNumber":189,"author":{"gitId":"lwenyi1"},"content":"    }","lastModifiedDate":"2025-02-09","isFullCredit":false},{"lineNumber":190,"author":{"gitId":"lwenyi1"},"content":"","lastModifiedDate":"2025-02-09","isFullCredit":false},{"lineNumber":191,"author":{"gitId":"lwenyi1"},"content":"    /**","lastModifiedDate":"2025-02-09","isFullCredit":false},{"lineNumber":192,"author":{"gitId":"lwenyi1"},"content":"     * Reads in task from the user and adds it to the task list.","lastModifiedDate":"2025-02-09","isFullCredit":false},{"lineNumber":193,"author":{"gitId":"lwenyi1"},"content":"     * */","lastModifiedDate":"2025-02-09","isFullCredit":false},{"lineNumber":194,"author":{"gitId":"lwenyi1"},"content":"    public static void addTodo(String task) throws IncompleteCommandException {","lastModifiedDate":"2025-02-09","isFullCredit":false},{"lineNumber":195,"author":{"gitId":"lwenyi1"},"content":"        // Adds task to the list","lastModifiedDate":"2025-02-09","isFullCredit":false},{"lineNumber":196,"author":{"gitId":"lwenyi1"},"content":"        if (task.isEmpty()) {","lastModifiedDate":"2025-02-09","isFullCredit":false},{"lineNumber":197,"author":{"gitId":"lwenyi1"},"content":"            throw new IncompleteCommandException(\"Please use the format: todo \u003cdescription\u003e\");","lastModifiedDate":"2025-02-09","isFullCredit":false},{"lineNumber":198,"author":{"gitId":"lwenyi1"},"content":"        }","lastModifiedDate":"2025-02-09","isFullCredit":false},{"lineNumber":199,"author":{"gitId":"lwenyi1"},"content":"","lastModifiedDate":"2025-02-09","isFullCredit":false},{"lineNumber":200,"author":{"gitId":"lwenyi1"},"content":"        Task newTask \u003d new Task(task);","lastModifiedDate":"2025-02-09","isFullCredit":false},{"lineNumber":201,"author":{"gitId":"lwenyi1"},"content":"        newTask.printTaskAddition();","lastModifiedDate":"2025-02-09","isFullCredit":false},{"lineNumber":202,"author":{"gitId":"lwenyi1"},"content":"        taskList.add(newTask);","lastModifiedDate":"2025-02-09","isFullCredit":false},{"lineNumber":203,"author":{"gitId":"lwenyi1"},"content":"    }","lastModifiedDate":"2025-02-09","isFullCredit":false},{"lineNumber":204,"author":{"gitId":"lwenyi1"},"content":"","lastModifiedDate":"2025-02-09","isFullCredit":false},{"lineNumber":205,"author":{"gitId":"lwenyi1"},"content":"    /**","lastModifiedDate":"2025-02-09","isFullCredit":false},{"lineNumber":206,"author":{"gitId":"lwenyi1"},"content":"     * Reads in deadline from the user and adds it to the task list.","lastModifiedDate":"2025-02-09","isFullCredit":false},{"lineNumber":207,"author":{"gitId":"lwenyi1"},"content":"     * */","lastModifiedDate":"2025-02-09","isFullCredit":false},{"lineNumber":208,"author":{"gitId":"lwenyi1"},"content":"    public static void addDeadline(String task) throws IncompleteCommandException {","lastModifiedDate":"2025-02-09","isFullCredit":false},{"lineNumber":209,"author":{"gitId":"lwenyi1"},"content":"        // Split task name and due date","lastModifiedDate":"2025-02-09","isFullCredit":false},{"lineNumber":210,"author":{"gitId":"lwenyi1"},"content":"        String[] stringParts \u003d task.split(\" /by \", 2);","lastModifiedDate":"2025-02-09","isFullCredit":false},{"lineNumber":211,"author":{"gitId":"lwenyi1"},"content":"        String taskDescription \u003d stringParts[0];","lastModifiedDate":"2025-02-09","isFullCredit":false},{"lineNumber":212,"author":{"gitId":"lwenyi1"},"content":"        String dueDate \u003d stringParts.length \u003e 1? stringParts[1] : \"\";","lastModifiedDate":"2025-02-09","isFullCredit":false},{"lineNumber":213,"author":{"gitId":"lwenyi1"},"content":"","lastModifiedDate":"2025-02-09","isFullCredit":false},{"lineNumber":214,"author":{"gitId":"lwenyi1"},"content":"        if (taskDescription.isEmpty() || dueDate.isEmpty()) {","lastModifiedDate":"2025-02-09","isFullCredit":false},{"lineNumber":215,"author":{"gitId":"lwenyi1"},"content":"            throw new IncompleteCommandException(\"Please use the format: deadline \u003cdescription\u003e /by \u003cdue date\u003e\");","lastModifiedDate":"2025-02-09","isFullCredit":false},{"lineNumber":216,"author":{"gitId":"lwenyi1"},"content":"        }","lastModifiedDate":"2025-02-09","isFullCredit":false},{"lineNumber":217,"author":{"gitId":"lwenyi1"},"content":"","lastModifiedDate":"2025-02-09","isFullCredit":false},{"lineNumber":218,"author":{"gitId":"lwenyi1"},"content":"        // Adds deadline to the list","lastModifiedDate":"2025-02-09","isFullCredit":false},{"lineNumber":219,"author":{"gitId":"lwenyi1"},"content":"        Deadline newDeadline \u003d new Deadline(taskDescription, dueDate);","lastModifiedDate":"2025-02-09","isFullCredit":false},{"lineNumber":220,"author":{"gitId":"lwenyi1"},"content":"        newDeadline.printTaskAddition();","lastModifiedDate":"2025-02-09","isFullCredit":false},{"lineNumber":221,"author":{"gitId":"lwenyi1"},"content":"        taskList.add(newDeadline);","lastModifiedDate":"2025-02-09","isFullCredit":false},{"lineNumber":222,"author":{"gitId":"lwenyi1"},"content":"    }","lastModifiedDate":"2025-02-09","isFullCredit":false},{"lineNumber":223,"author":{"gitId":"lwenyi1"},"content":"","lastModifiedDate":"2025-02-09","isFullCredit":false},{"lineNumber":224,"author":{"gitId":"lwenyi1"},"content":"    /**","lastModifiedDate":"2025-02-09","isFullCredit":false},{"lineNumber":225,"author":{"gitId":"lwenyi1"},"content":"     * Reads in event from the user and adds it to the task list.","lastModifiedDate":"2025-02-09","isFullCredit":false},{"lineNumber":226,"author":{"gitId":"lwenyi1"},"content":"     * */","lastModifiedDate":"2025-02-09","isFullCredit":false},{"lineNumber":227,"author":{"gitId":"lwenyi1"},"content":"    public static void addEvent(String task) throws IncompleteCommandException {","lastModifiedDate":"2025-02-09","isFullCredit":false},{"lineNumber":228,"author":{"gitId":"lwenyi1"},"content":"        // Split task name and due date","lastModifiedDate":"2025-02-09","isFullCredit":false},{"lineNumber":229,"author":{"gitId":"lwenyi1"},"content":"        String[] stringParts \u003d task.split(\" /from \", 2);","lastModifiedDate":"2025-02-09","isFullCredit":false},{"lineNumber":230,"author":{"gitId":"lwenyi1"},"content":"        String taskDescription \u003d stringParts[0];","lastModifiedDate":"2025-02-09","isFullCredit":false},{"lineNumber":231,"author":{"gitId":"lwenyi1"},"content":"        String[] timeParts \u003d","lastModifiedDate":"2025-02-09","isFullCredit":false},{"lineNumber":232,"author":{"gitId":"lwenyi1"},"content":"                (stringParts.length \u003e 1? stringParts[1] : \"\").split(\" /to \");","lastModifiedDate":"2025-02-09","isFullCredit":false},{"lineNumber":233,"author":{"gitId":"lwenyi1"},"content":"        String from \u003d timeParts[0];","lastModifiedDate":"2025-02-09","isFullCredit":false},{"lineNumber":234,"author":{"gitId":"lwenyi1"},"content":"        String to \u003d timeParts.length \u003e 1? timeParts[1] : \"\";","lastModifiedDate":"2025-02-09","isFullCredit":false},{"lineNumber":235,"author":{"gitId":"lwenyi1"},"content":"","lastModifiedDate":"2025-02-09","isFullCredit":false},{"lineNumber":236,"author":{"gitId":"lwenyi1"},"content":"        if (taskDescription.isEmpty() || from.isEmpty() || to.isEmpty()) {","lastModifiedDate":"2025-02-09","isFullCredit":false},{"lineNumber":237,"author":{"gitId":"lwenyi1"},"content":"            throw new IncompleteCommandException(\"Please use the format: event \u003cdescription\u003e /from \u003cdate/time\u003e\"","lastModifiedDate":"2025-02-09","isFullCredit":false},{"lineNumber":238,"author":{"gitId":"lwenyi1"},"content":"                    + \" /to \u003cend date/time\u003e\");","lastModifiedDate":"2025-02-09","isFullCredit":false},{"lineNumber":239,"author":{"gitId":"lwenyi1"},"content":"        }","lastModifiedDate":"2025-02-09","isFullCredit":false},{"lineNumber":240,"author":{"gitId":"lwenyi1"},"content":"","lastModifiedDate":"2025-02-09","isFullCredit":false},{"lineNumber":241,"author":{"gitId":"lwenyi1"},"content":"        // Adds event to the list","lastModifiedDate":"2025-02-09","isFullCredit":false},{"lineNumber":242,"author":{"gitId":"lwenyi1"},"content":"        Event newEvent \u003d new Event(taskDescription, from, to);","lastModifiedDate":"2025-02-09","isFullCredit":false},{"lineNumber":243,"author":{"gitId":"lwenyi1"},"content":"        newEvent.printTaskAddition();","lastModifiedDate":"2025-02-09","isFullCredit":false},{"lineNumber":244,"author":{"gitId":"lwenyi1"},"content":"        taskList.add(newEvent);","lastModifiedDate":"2025-02-09","isFullCredit":false},{"lineNumber":245,"author":{"gitId":"lwenyi1"},"content":"    }","lastModifiedDate":"2025-02-09","isFullCredit":false},{"lineNumber":246,"author":{"gitId":"lwenyi1"},"content":"","lastModifiedDate":"2025-02-09","isFullCredit":false},{"lineNumber":247,"author":{"gitId":"lwenyi1"},"content":"    /**","lastModifiedDate":"2025-02-09","isFullCredit":false},{"lineNumber":248,"author":{"gitId":"lwenyi1"},"content":"     * Lists the tasks stored thus far.","lastModifiedDate":"2025-02-09","isFullCredit":false},{"lineNumber":249,"author":{"gitId":"lwenyi1"},"content":"     * Prints out the tasks line by line.","lastModifiedDate":"2025-02-09","isFullCredit":false},{"lineNumber":250,"author":{"gitId":"lwenyi1"},"content":"     * */","lastModifiedDate":"2025-02-09","isFullCredit":false},{"lineNumber":251,"author":{"gitId":"lwenyi1"},"content":"    public static void listTasks() {","lastModifiedDate":"2025-02-09","isFullCredit":false},{"lineNumber":252,"author":{"gitId":"lwenyi1"},"content":"        System.out.println(LINE);","lastModifiedDate":"2025-02-09","isFullCredit":false},{"lineNumber":253,"author":{"gitId":"lwenyi1"},"content":"        System.out.println(\"\\tyou have \" + taskList.size() + \" things in your list:\");","lastModifiedDate":"2025-02-09","isFullCredit":false},{"lineNumber":254,"author":{"gitId":"lwenyi1"},"content":"        for(int i \u003d 0; i \u003c taskList.size(); i++) {","lastModifiedDate":"2025-02-09","isFullCredit":false},{"lineNumber":255,"author":{"gitId":"lwenyi1"},"content":"            Task task \u003d taskList.get(i);","lastModifiedDate":"2025-02-09","isFullCredit":false},{"lineNumber":256,"author":{"gitId":"lwenyi1"},"content":"            System.out.println(\"\\t\"+task.getStatusIcon() + task.getTaskType()","lastModifiedDate":"2025-02-09","isFullCredit":false},{"lineNumber":257,"author":{"gitId":"lwenyi1"},"content":"                    +(i+1)+\". \" + task.toString());","lastModifiedDate":"2025-02-09","isFullCredit":false},{"lineNumber":258,"author":{"gitId":"lwenyi1"},"content":"        }","lastModifiedDate":"2025-02-09","isFullCredit":false},{"lineNumber":259,"author":{"gitId":"lwenyi1"},"content":"        System.out.println(LINE);","lastModifiedDate":"2025-02-09","isFullCredit":false},{"lineNumber":260,"author":{"gitId":"lwenyi1"},"content":"    }","lastModifiedDate":"2025-02-09","isFullCredit":false},{"lineNumber":261,"author":{"gitId":"lwenyi1"},"content":"","lastModifiedDate":"2025-02-09","isFullCredit":false},{"lineNumber":262,"author":{"gitId":"lwenyi1"},"content":"    /**","lastModifiedDate":"2025-02-09","isFullCredit":false},{"lineNumber":263,"author":{"gitId":"lwenyi1"},"content":"     * Marks or unmarks the task specified.","lastModifiedDate":"2025-02-09","isFullCredit":false},{"lineNumber":264,"author":{"gitId":"lwenyi1"},"content":"     */","lastModifiedDate":"2025-02-09","isFullCredit":false},{"lineNumber":265,"author":{"gitId":"lwenyi1"},"content":"    public static void handleTaskMarking(String markOrUnmark, String[] stringParts) {","lastModifiedDate":"2025-02-09","isFullCredit":false},{"lineNumber":266,"author":{"gitId":"lwenyi1"},"content":"        boolean commandIsMark \u003d markOrUnmark.equals(\"mark\");","lastModifiedDate":"2025-02-09","isFullCredit":false},{"lineNumber":267,"author":{"gitId":"lwenyi1"},"content":"","lastModifiedDate":"2025-02-09","isFullCredit":false},{"lineNumber":268,"author":{"gitId":"lwenyi1"},"content":"        int taskId \u003d Integer.parseInt(stringParts[1])-1;","lastModifiedDate":"2025-02-09","isFullCredit":false},{"lineNumber":269,"author":{"gitId":"lwenyi1"},"content":"        Task task \u003d taskList.get(taskId);","lastModifiedDate":"2025-02-09","isFullCredit":false},{"lineNumber":270,"author":{"gitId":"lwenyi1"},"content":"        task.updateStatus(commandIsMark);","lastModifiedDate":"2025-02-09","isFullCredit":false},{"lineNumber":271,"author":{"gitId":"lwenyi1"},"content":"","lastModifiedDate":"2025-02-09","isFullCredit":false},{"lineNumber":272,"author":{"gitId":"lwenyi1"},"content":"        System.out.println(LINE);","lastModifiedDate":"2025-02-09","isFullCredit":false},{"lineNumber":273,"author":{"gitId":"lwenyi1"},"content":"        if (commandIsMark) {","lastModifiedDate":"2025-02-09","isFullCredit":false},{"lineNumber":274,"author":{"gitId":"lwenyi1"},"content":"            System.out.println(\"\\tMarked \\\"\" + task.getTaskDescription()","lastModifiedDate":"2025-02-09","isFullCredit":false},{"lineNumber":275,"author":{"gitId":"lwenyi1"},"content":"                    + \"\\\" as done for you!\");","lastModifiedDate":"2025-02-09","isFullCredit":false},{"lineNumber":276,"author":{"gitId":"lwenyi1"},"content":"        } else {","lastModifiedDate":"2025-02-09","isFullCredit":false},{"lineNumber":277,"author":{"gitId":"lwenyi1"},"content":"            System.out.println(\"\\tOh \\\"\" + task.getTaskDescription()","lastModifiedDate":"2025-02-09","isFullCredit":false},{"lineNumber":278,"author":{"gitId":"lwenyi1"},"content":"                    + \"\\\" is not done? Unmarked.\");","lastModifiedDate":"2025-02-09","isFullCredit":false},{"lineNumber":279,"author":{"gitId":"lwenyi1"},"content":"        }","lastModifiedDate":"2025-02-09","isFullCredit":false},{"lineNumber":280,"author":{"gitId":"lwenyi1"},"content":"        System.out.println(\"\\t\" + task.getStatusIcon() + task.getTaskType()","lastModifiedDate":"2025-02-09","isFullCredit":false},{"lineNumber":281,"author":{"gitId":"lwenyi1"},"content":"                + (taskId + 1) + \". \" + task.toString());","lastModifiedDate":"2025-02-09","isFullCredit":false},{"lineNumber":282,"author":{"gitId":"lwenyi1"},"content":"        System.out.println(LINE);","lastModifiedDate":"2025-02-09","isFullCredit":false},{"lineNumber":283,"author":{"gitId":"lwenyi1"},"content":"    }","lastModifiedDate":"2025-02-09","isFullCredit":false},{"lineNumber":284,"author":{"gitId":"lwenyi1"},"content":"","lastModifiedDate":"2025-02-15","isFullCredit":false},{"lineNumber":285,"author":{"gitId":"lwenyi1"},"content":"    /**","lastModifiedDate":"2025-02-15","isFullCredit":false},{"lineNumber":286,"author":{"gitId":"lwenyi1"},"content":"     * Deletes the specified task","lastModifiedDate":"2025-02-15","isFullCredit":false},{"lineNumber":287,"author":{"gitId":"lwenyi1"},"content":"     * */","lastModifiedDate":"2025-02-15","isFullCredit":false},{"lineNumber":288,"author":{"gitId":"lwenyi1"},"content":"    public static void deleteTask(String[] stringParts) {","lastModifiedDate":"2025-02-15","isFullCredit":false},{"lineNumber":289,"author":{"gitId":"lwenyi1"},"content":"        int taskId \u003d Integer.parseInt(stringParts[1])-1;","lastModifiedDate":"2025-02-15","isFullCredit":false},{"lineNumber":290,"author":{"gitId":"lwenyi1"},"content":"        Task task \u003d taskList.get(taskId);","lastModifiedDate":"2025-02-15","isFullCredit":false},{"lineNumber":291,"author":{"gitId":"lwenyi1"},"content":"        taskList.remove(taskId);","lastModifiedDate":"2025-02-15","isFullCredit":false},{"lineNumber":292,"author":{"gitId":"lwenyi1"},"content":"","lastModifiedDate":"2025-02-15","isFullCredit":false},{"lineNumber":293,"author":{"gitId":"lwenyi1"},"content":"        System.out.println(LINE);","lastModifiedDate":"2025-02-15","isFullCredit":false},{"lineNumber":294,"author":{"gitId":"lwenyi1"},"content":"        System.out.println(\"\\tOk! Deleting this task:\");","lastModifiedDate":"2025-02-15","isFullCredit":false},{"lineNumber":295,"author":{"gitId":"lwenyi1"},"content":"        System.out.println(\"\\t\" + task.getStatusIcon() + task.getTaskType()","lastModifiedDate":"2025-02-15","isFullCredit":false},{"lineNumber":296,"author":{"gitId":"lwenyi1"},"content":"                + (taskId + 1) + \". \" + task.toString());","lastModifiedDate":"2025-02-15","isFullCredit":false},{"lineNumber":297,"author":{"gitId":"lwenyi1"},"content":"        System.out.println(LINE);","lastModifiedDate":"2025-02-15","isFullCredit":false},{"lineNumber":298,"author":{"gitId":"lwenyi1"},"content":"    }","lastModifiedDate":"2025-02-15","isFullCredit":false},{"lineNumber":299,"author":{"gitId":"lwenyi1"},"content":"}","lastModifiedDate":"2025-02-09","isFullCredit":false}],"authorContributionMap":{"lwenyi1":299}},{"path":"src/main/java/chloe/exceptions/IllegalCommandException.java","fileType":"java","lines":[{"lineNumber":1,"author":{"gitId":"lwenyi1"},"content":"package chloe.exceptions;","lastModifiedDate":"2025-02-09","isFullCredit":false},{"lineNumber":2,"author":{"gitId":"lwenyi1"},"content":"","lastModifiedDate":"2025-02-09","isFullCredit":false},{"lineNumber":3,"author":{"gitId":"lwenyi1"},"content":"// For invalid command inputs","lastModifiedDate":"2025-02-09","isFullCredit":false},{"lineNumber":4,"author":{"gitId":"lwenyi1"},"content":"public class IllegalCommandException extends Exception {","lastModifiedDate":"2025-02-09","isFullCredit":false},{"lineNumber":5,"author":{"gitId":"lwenyi1"},"content":"","lastModifiedDate":"2025-02-09","isFullCredit":false},{"lineNumber":6,"author":{"gitId":"lwenyi1"},"content":"}","lastModifiedDate":"2025-02-09","isFullCredit":false}],"authorContributionMap":{"lwenyi1":6}},{"path":"src/main/java/chloe/exceptions/IncompleteCommandException.java","fileType":"java","lines":[{"lineNumber":1,"author":{"gitId":"lwenyi1"},"content":"package chloe.exceptions;","lastModifiedDate":"2025-02-09","isFullCredit":false},{"lineNumber":2,"author":{"gitId":"lwenyi1"},"content":"","lastModifiedDate":"2025-02-09","isFullCredit":false},{"lineNumber":3,"author":{"gitId":"lwenyi1"},"content":"public class IncompleteCommandException extends Exception{","lastModifiedDate":"2025-02-09","isFullCredit":false},{"lineNumber":4,"author":{"gitId":"lwenyi1"},"content":"    private final String message;","lastModifiedDate":"2025-02-09","isFullCredit":false},{"lineNumber":5,"author":{"gitId":"lwenyi1"},"content":"","lastModifiedDate":"2025-02-09","isFullCredit":false},{"lineNumber":6,"author":{"gitId":"lwenyi1"},"content":"    public IncompleteCommandException(String message){","lastModifiedDate":"2025-02-09","isFullCredit":false},{"lineNumber":7,"author":{"gitId":"lwenyi1"},"content":"        this.message \u003d message;","lastModifiedDate":"2025-02-09","isFullCredit":false},{"lineNumber":8,"author":{"gitId":"lwenyi1"},"content":"    }","lastModifiedDate":"2025-02-09","isFullCredit":false},{"lineNumber":9,"author":{"gitId":"lwenyi1"},"content":"","lastModifiedDate":"2025-02-09","isFullCredit":false},{"lineNumber":10,"author":{"gitId":"lwenyi1"},"content":"    public String getMessage(){","lastModifiedDate":"2025-02-09","isFullCredit":false},{"lineNumber":11,"author":{"gitId":"lwenyi1"},"content":"        return message;","lastModifiedDate":"2025-02-09","isFullCredit":false},{"lineNumber":12,"author":{"gitId":"lwenyi1"},"content":"    }","lastModifiedDate":"2025-02-09","isFullCredit":false},{"lineNumber":13,"author":{"gitId":"lwenyi1"},"content":"}","lastModifiedDate":"2025-02-09","isFullCredit":false}],"authorContributionMap":{"lwenyi1":13}},{"path":"src/main/java/chloe/tasktypes/Deadline.java","fileType":"java","lines":[{"lineNumber":1,"author":{"gitId":"lwenyi1"},"content":"package chloe.tasktypes;","lastModifiedDate":"2025-02-09","isFullCredit":false},{"lineNumber":2,"author":{"gitId":"lwenyi1"},"content":"","lastModifiedDate":"2025-02-09","isFullCredit":false},{"lineNumber":3,"author":{"gitId":"lwenyi1"},"content":"public class Deadline extends Task {","lastModifiedDate":"2025-01-31","isFullCredit":false},{"lineNumber":4,"author":{"gitId":"lwenyi1"},"content":"    protected String dueDate;","lastModifiedDate":"2025-01-31","isFullCredit":false},{"lineNumber":5,"author":{"gitId":"lwenyi1"},"content":"","lastModifiedDate":"2025-01-31","isFullCredit":false},{"lineNumber":6,"author":{"gitId":"lwenyi1"},"content":"    public Deadline(String taskDescription, String dueDate) {","lastModifiedDate":"2025-01-31","isFullCredit":false},{"lineNumber":7,"author":{"gitId":"lwenyi1"},"content":"        super(taskDescription);","lastModifiedDate":"2025-01-31","isFullCredit":false},{"lineNumber":8,"author":{"gitId":"lwenyi1"},"content":"        this.dueDate \u003d dueDate;","lastModifiedDate":"2025-01-31","isFullCredit":false},{"lineNumber":9,"author":{"gitId":"lwenyi1"},"content":"    }","lastModifiedDate":"2025-01-31","isFullCredit":false},{"lineNumber":10,"author":{"gitId":"lwenyi1"},"content":"","lastModifiedDate":"2025-01-31","isFullCredit":false},{"lineNumber":11,"author":{"gitId":"lwenyi1"},"content":"    @Override","lastModifiedDate":"2025-01-31","isFullCredit":false},{"lineNumber":12,"author":{"gitId":"lwenyi1"},"content":"    public void printTaskAddition() {","lastModifiedDate":"2025-01-31","isFullCredit":false},{"lineNumber":13,"author":{"gitId":"lwenyi1"},"content":"        // Echo the command back to the user","lastModifiedDate":"2025-01-31","isFullCredit":false},{"lineNumber":14,"author":{"gitId":"lwenyi1"},"content":"        System.out.println(LINE);","lastModifiedDate":"2025-01-31","isFullCredit":false},{"lineNumber":15,"author":{"gitId":"lwenyi1"},"content":"        System.out.println(\"\\tAdded \\\"\" + getTaskDescription() + \"\\\" for you, do it by: \"","lastModifiedDate":"2025-02-09","isFullCredit":false},{"lineNumber":16,"author":{"gitId":"lwenyi1"},"content":"                + getDueDate() +\"!\");","lastModifiedDate":"2025-02-09","isFullCredit":false},{"lineNumber":17,"author":{"gitId":"lwenyi1"},"content":"        System.out.println(LINE);","lastModifiedDate":"2025-01-31","isFullCredit":false},{"lineNumber":18,"author":{"gitId":"lwenyi1"},"content":"    }","lastModifiedDate":"2025-01-31","isFullCredit":false},{"lineNumber":19,"author":{"gitId":"lwenyi1"},"content":"","lastModifiedDate":"2025-01-31","isFullCredit":false},{"lineNumber":20,"author":{"gitId":"lwenyi1"},"content":"    @Override","lastModifiedDate":"2025-01-31","isFullCredit":false},{"lineNumber":21,"author":{"gitId":"lwenyi1"},"content":"    public String getTaskType() {","lastModifiedDate":"2025-01-31","isFullCredit":false},{"lineNumber":22,"author":{"gitId":"lwenyi1"},"content":"        return \"[D]\";","lastModifiedDate":"2025-01-31","isFullCredit":false},{"lineNumber":23,"author":{"gitId":"lwenyi1"},"content":"    }","lastModifiedDate":"2025-01-31","isFullCredit":false},{"lineNumber":24,"author":{"gitId":"lwenyi1"},"content":"","lastModifiedDate":"2025-01-31","isFullCredit":false},{"lineNumber":25,"author":{"gitId":"lwenyi1"},"content":"    public String getDueDate() {","lastModifiedDate":"2025-01-31","isFullCredit":false},{"lineNumber":26,"author":{"gitId":"lwenyi1"},"content":"        return dueDate;","lastModifiedDate":"2025-01-31","isFullCredit":false},{"lineNumber":27,"author":{"gitId":"lwenyi1"},"content":"    }","lastModifiedDate":"2025-01-31","isFullCredit":false},{"lineNumber":28,"author":{"gitId":"lwenyi1"},"content":"","lastModifiedDate":"2025-01-31","isFullCredit":false},{"lineNumber":29,"author":{"gitId":"lwenyi1"},"content":"    @Override","lastModifiedDate":"2025-01-31","isFullCredit":false},{"lineNumber":30,"author":{"gitId":"lwenyi1"},"content":"    public String toString() {","lastModifiedDate":"2025-01-31","isFullCredit":false},{"lineNumber":31,"author":{"gitId":"lwenyi1"},"content":"        return super.toString() + \" (by: \" + dueDate + \")\";","lastModifiedDate":"2025-01-31","isFullCredit":false},{"lineNumber":32,"author":{"gitId":"lwenyi1"},"content":"    }","lastModifiedDate":"2025-01-31","isFullCredit":false},{"lineNumber":33,"author":{"gitId":"lwenyi1"},"content":"","lastModifiedDate":"2025-02-16","isFullCredit":false},{"lineNumber":34,"author":{"gitId":"lwenyi1"},"content":"    @Override","lastModifiedDate":"2025-02-16","isFullCredit":false},{"lineNumber":35,"author":{"gitId":"lwenyi1"},"content":"    public String toFileString() {","lastModifiedDate":"2025-02-16","isFullCredit":false},{"lineNumber":36,"author":{"gitId":"lwenyi1"},"content":"        return \"D # \" + (isDone ? \"1\" : \"0\") + \" # \" + taskDescription + \" # \" + dueDate;","lastModifiedDate":"2025-02-16","isFullCredit":false},{"lineNumber":37,"author":{"gitId":"lwenyi1"},"content":"    }","lastModifiedDate":"2025-02-16","isFullCredit":false},{"lineNumber":38,"author":{"gitId":"lwenyi1"},"content":"}","lastModifiedDate":"2025-01-31","isFullCredit":false}],"authorContributionMap":{"lwenyi1":38}},{"path":"src/main/java/chloe/tasktypes/Event.java","fileType":"java","lines":[{"lineNumber":1,"author":{"gitId":"lwenyi1"},"content":"package chloe.tasktypes;","lastModifiedDate":"2025-02-09","isFullCredit":false},{"lineNumber":2,"author":{"gitId":"lwenyi1"},"content":"","lastModifiedDate":"2025-02-09","isFullCredit":false},{"lineNumber":3,"author":{"gitId":"lwenyi1"},"content":"public class Event extends Task{","lastModifiedDate":"2025-01-31","isFullCredit":false},{"lineNumber":4,"author":{"gitId":"lwenyi1"},"content":"    protected String from;","lastModifiedDate":"2025-01-31","isFullCredit":false},{"lineNumber":5,"author":{"gitId":"lwenyi1"},"content":"    protected String to;","lastModifiedDate":"2025-01-31","isFullCredit":false},{"lineNumber":6,"author":{"gitId":"lwenyi1"},"content":"","lastModifiedDate":"2025-01-31","isFullCredit":false},{"lineNumber":7,"author":{"gitId":"lwenyi1"},"content":"    public Event(String taskDescription, String from, String to) {","lastModifiedDate":"2025-01-31","isFullCredit":false},{"lineNumber":8,"author":{"gitId":"lwenyi1"},"content":"        super(taskDescription);","lastModifiedDate":"2025-01-31","isFullCredit":false},{"lineNumber":9,"author":{"gitId":"lwenyi1"},"content":"        this.from \u003d from;","lastModifiedDate":"2025-01-31","isFullCredit":false},{"lineNumber":10,"author":{"gitId":"lwenyi1"},"content":"        this.to \u003d to;","lastModifiedDate":"2025-01-31","isFullCredit":false},{"lineNumber":11,"author":{"gitId":"lwenyi1"},"content":"    }","lastModifiedDate":"2025-01-31","isFullCredit":false},{"lineNumber":12,"author":{"gitId":"lwenyi1"},"content":"","lastModifiedDate":"2025-01-31","isFullCredit":false},{"lineNumber":13,"author":{"gitId":"lwenyi1"},"content":"    @Override","lastModifiedDate":"2025-01-31","isFullCredit":false},{"lineNumber":14,"author":{"gitId":"lwenyi1"},"content":"    public void printTaskAddition() {","lastModifiedDate":"2025-01-31","isFullCredit":false},{"lineNumber":15,"author":{"gitId":"lwenyi1"},"content":"        // Echo the command back to the user","lastModifiedDate":"2025-01-31","isFullCredit":false},{"lineNumber":16,"author":{"gitId":"lwenyi1"},"content":"        System.out.println(LINE);","lastModifiedDate":"2025-01-31","isFullCredit":false},{"lineNumber":17,"author":{"gitId":"lwenyi1"},"content":"        System.out.println(\"\\tAdded \\\"\" + getTaskDescription()","lastModifiedDate":"2025-01-31","isFullCredit":false},{"lineNumber":18,"author":{"gitId":"lwenyi1"},"content":"                + \"\\\", happening on \" + from + \" to \" + to + \"!\");","lastModifiedDate":"2025-02-09","isFullCredit":false},{"lineNumber":19,"author":{"gitId":"lwenyi1"},"content":"        System.out.println(LINE);","lastModifiedDate":"2025-01-31","isFullCredit":false},{"lineNumber":20,"author":{"gitId":"lwenyi1"},"content":"    }","lastModifiedDate":"2025-01-31","isFullCredit":false},{"lineNumber":21,"author":{"gitId":"lwenyi1"},"content":"","lastModifiedDate":"2025-01-31","isFullCredit":false},{"lineNumber":22,"author":{"gitId":"lwenyi1"},"content":"    @Override","lastModifiedDate":"2025-01-31","isFullCredit":false},{"lineNumber":23,"author":{"gitId":"lwenyi1"},"content":"    public String getTaskType() {","lastModifiedDate":"2025-01-31","isFullCredit":false},{"lineNumber":24,"author":{"gitId":"lwenyi1"},"content":"        return \"[E]\";","lastModifiedDate":"2025-01-31","isFullCredit":false},{"lineNumber":25,"author":{"gitId":"lwenyi1"},"content":"    }","lastModifiedDate":"2025-01-31","isFullCredit":false},{"lineNumber":26,"author":{"gitId":"lwenyi1"},"content":"","lastModifiedDate":"2025-01-31","isFullCredit":false},{"lineNumber":27,"author":{"gitId":"lwenyi1"},"content":"    @Override","lastModifiedDate":"2025-01-31","isFullCredit":false},{"lineNumber":28,"author":{"gitId":"lwenyi1"},"content":"    public String toString() {","lastModifiedDate":"2025-01-31","isFullCredit":false},{"lineNumber":29,"author":{"gitId":"lwenyi1"},"content":"        return super.toString() + \" (from: \" + this.from + \" to: \" + this.to + \")\";","lastModifiedDate":"2025-01-31","isFullCredit":false},{"lineNumber":30,"author":{"gitId":"lwenyi1"},"content":"    }","lastModifiedDate":"2025-01-31","isFullCredit":false},{"lineNumber":31,"author":{"gitId":"lwenyi1"},"content":"","lastModifiedDate":"2025-02-16","isFullCredit":false},{"lineNumber":32,"author":{"gitId":"lwenyi1"},"content":"    @Override","lastModifiedDate":"2025-02-16","isFullCredit":false},{"lineNumber":33,"author":{"gitId":"lwenyi1"},"content":"    public String toFileString() {","lastModifiedDate":"2025-02-16","isFullCredit":false},{"lineNumber":34,"author":{"gitId":"lwenyi1"},"content":"        return \"E # \" + (isDone ? \"1\" : \"0\") + \" # \" + taskDescription + \" # \" + from + \" # \" + to;","lastModifiedDate":"2025-02-16","isFullCredit":false},{"lineNumber":35,"author":{"gitId":"lwenyi1"},"content":"    }","lastModifiedDate":"2025-02-16","isFullCredit":false},{"lineNumber":36,"author":{"gitId":"lwenyi1"},"content":"}","lastModifiedDate":"2025-01-31","isFullCredit":false}],"authorContributionMap":{"lwenyi1":36}},{"path":"src/main/java/chloe/tasktypes/Task.java","fileType":"java","lines":[{"lineNumber":1,"author":{"gitId":"lwenyi1"},"content":"package chloe.tasktypes;","lastModifiedDate":"2025-02-09","isFullCredit":false},{"lineNumber":2,"author":{"gitId":"lwenyi1"},"content":"","lastModifiedDate":"2025-02-09","isFullCredit":false},{"lineNumber":3,"author":{"gitId":"lwenyi1"},"content":"public class Task {","lastModifiedDate":"2025-01-27","isFullCredit":false},{"lineNumber":4,"author":{"gitId":"lwenyi1"},"content":"    protected String taskDescription;","lastModifiedDate":"2025-01-27","isFullCredit":false},{"lineNumber":5,"author":{"gitId":"lwenyi1"},"content":"    protected boolean isDone;","lastModifiedDate":"2025-01-27","isFullCredit":false},{"lineNumber":6,"author":{"gitId":"lwenyi1"},"content":"    protected static final String LINE \u003d \"\\t**********************************************\";","lastModifiedDate":"2025-01-31","isFullCredit":false},{"lineNumber":7,"author":{"gitId":"lwenyi1"},"content":"","lastModifiedDate":"2025-01-27","isFullCredit":false},{"lineNumber":8,"author":{"gitId":"lwenyi1"},"content":"    public Task(String taskDescription) {","lastModifiedDate":"2025-01-27","isFullCredit":false},{"lineNumber":9,"author":{"gitId":"lwenyi1"},"content":"        this.taskDescription \u003d taskDescription;","lastModifiedDate":"2025-01-27","isFullCredit":false},{"lineNumber":10,"author":{"gitId":"lwenyi1"},"content":"        this.isDone \u003d false;","lastModifiedDate":"2025-01-27","isFullCredit":false},{"lineNumber":11,"author":{"gitId":"lwenyi1"},"content":"","lastModifiedDate":"2025-01-31","isFullCredit":false},{"lineNumber":12,"author":{"gitId":"lwenyi1"},"content":"    }","lastModifiedDate":"2025-01-31","isFullCredit":false},{"lineNumber":13,"author":{"gitId":"lwenyi1"},"content":"","lastModifiedDate":"2025-01-31","isFullCredit":false},{"lineNumber":14,"author":{"gitId":"lwenyi1"},"content":"    public void printTaskAddition() {","lastModifiedDate":"2025-01-31","isFullCredit":false},{"lineNumber":15,"author":{"gitId":"lwenyi1"},"content":"        // Echo the command back to the user","lastModifiedDate":"2025-01-31","isFullCredit":false},{"lineNumber":16,"author":{"gitId":"lwenyi1"},"content":"        System.out.println(LINE);","lastModifiedDate":"2025-01-31","isFullCredit":false},{"lineNumber":17,"author":{"gitId":"lwenyi1"},"content":"        System.out.println(\"\\tAdded \\\"\"+getTaskDescription()+\"\\\" for you!\");","lastModifiedDate":"2025-02-09","isFullCredit":false},{"lineNumber":18,"author":{"gitId":"lwenyi1"},"content":"        System.out.println(LINE);","lastModifiedDate":"2025-01-31","isFullCredit":false},{"lineNumber":19,"author":{"gitId":"lwenyi1"},"content":"    }","lastModifiedDate":"2025-01-31","isFullCredit":false},{"lineNumber":20,"author":{"gitId":"lwenyi1"},"content":"","lastModifiedDate":"2025-01-31","isFullCredit":false},{"lineNumber":21,"author":{"gitId":"lwenyi1"},"content":"    public String getTaskType() {","lastModifiedDate":"2025-01-31","isFullCredit":false},{"lineNumber":22,"author":{"gitId":"lwenyi1"},"content":"        return \"[T]\"; // Default type","lastModifiedDate":"2025-01-31","isFullCredit":false},{"lineNumber":23,"author":{"gitId":"lwenyi1"},"content":"    }","lastModifiedDate":"2025-01-27","isFullCredit":false},{"lineNumber":24,"author":{"gitId":"lwenyi1"},"content":"","lastModifiedDate":"2025-01-27","isFullCredit":false},{"lineNumber":25,"author":{"gitId":"lwenyi1"},"content":"    public String getTaskDescription() {","lastModifiedDate":"2025-01-27","isFullCredit":false},{"lineNumber":26,"author":{"gitId":"lwenyi1"},"content":"        return taskDescription;","lastModifiedDate":"2025-01-27","isFullCredit":false},{"lineNumber":27,"author":{"gitId":"lwenyi1"},"content":"    }","lastModifiedDate":"2025-01-27","isFullCredit":false},{"lineNumber":28,"author":{"gitId":"lwenyi1"},"content":"","lastModifiedDate":"2025-01-27","isFullCredit":false},{"lineNumber":29,"author":{"gitId":"lwenyi1"},"content":"    public String getStatusIcon() {","lastModifiedDate":"2025-01-27","isFullCredit":false},{"lineNumber":30,"author":{"gitId":"lwenyi1"},"content":"        return (isDone ? \"[X]\" : \"[ ]\");","lastModifiedDate":"2025-02-09","isFullCredit":false},{"lineNumber":31,"author":{"gitId":"lwenyi1"},"content":"    }","lastModifiedDate":"2025-01-27","isFullCredit":false},{"lineNumber":32,"author":{"gitId":"lwenyi1"},"content":"","lastModifiedDate":"2025-01-27","isFullCredit":false},{"lineNumber":33,"author":{"gitId":"lwenyi1"},"content":"    public void updateStatus(boolean isMarked) {","lastModifiedDate":"2025-01-27","isFullCredit":false},{"lineNumber":34,"author":{"gitId":"lwenyi1"},"content":"        isDone \u003d isMarked;","lastModifiedDate":"2025-01-27","isFullCredit":false},{"lineNumber":35,"author":{"gitId":"lwenyi1"},"content":"    }","lastModifiedDate":"2025-01-27","isFullCredit":false},{"lineNumber":36,"author":{"gitId":"lwenyi1"},"content":"","lastModifiedDate":"2025-01-31","isFullCredit":false},{"lineNumber":37,"author":{"gitId":"lwenyi1"},"content":"    public String toString() {","lastModifiedDate":"2025-01-31","isFullCredit":false},{"lineNumber":38,"author":{"gitId":"lwenyi1"},"content":"        return taskDescription;","lastModifiedDate":"2025-01-31","isFullCredit":false},{"lineNumber":39,"author":{"gitId":"lwenyi1"},"content":"    }","lastModifiedDate":"2025-01-31","isFullCredit":false},{"lineNumber":40,"author":{"gitId":"lwenyi1"},"content":"","lastModifiedDate":"2025-02-16","isFullCredit":false},{"lineNumber":41,"author":{"gitId":"lwenyi1"},"content":"    public String toFileString() {","lastModifiedDate":"2025-02-16","isFullCredit":false},{"lineNumber":42,"author":{"gitId":"lwenyi1"},"content":"        return \"T # \" + (isDone ? \"1\" : \"0\") + \" # \" + taskDescription;","lastModifiedDate":"2025-02-16","isFullCredit":false},{"lineNumber":43,"author":{"gitId":"lwenyi1"},"content":"    }","lastModifiedDate":"2025-02-16","isFullCredit":false},{"lineNumber":44,"author":{"gitId":"lwenyi1"},"content":"}","lastModifiedDate":"2025-01-27","isFullCredit":false}],"authorContributionMap":{"lwenyi1":44}},{"path":"text-ui-test/input.txt","fileType":"txt","lines":[{"lineNumber":1,"author":{"gitId":"lwenyi1"},"content":"mark","lastModifiedDate":"2025-02-09","isFullCredit":false},{"lineNumber":2,"author":{"gitId":"lwenyi1"},"content":"unmark","lastModifiedDate":"2025-02-09","isFullCredit":false},{"lineNumber":3,"author":{"gitId":"lwenyi1"},"content":"todo","lastModifiedDate":"2025-02-09","isFullCredit":false},{"lineNumber":4,"author":{"gitId":"lwenyi1"},"content":"todo hi","lastModifiedDate":"2025-02-09","isFullCredit":false},{"lineNumber":5,"author":{"gitId":"lwenyi1"},"content":"deadline","lastModifiedDate":"2025-02-09","isFullCredit":false},{"lineNumber":6,"author":{"gitId":"lwenyi1"},"content":"deadline hey","lastModifiedDate":"2025-02-09","isFullCredit":false},{"lineNumber":7,"author":{"gitId":"lwenyi1"},"content":"deadline hey /by today","lastModifiedDate":"2025-02-09","isFullCredit":false},{"lineNumber":8,"author":{"gitId":"lwenyi1"},"content":"event","lastModifiedDate":"2025-02-09","isFullCredit":false},{"lineNumber":9,"author":{"gitId":"lwenyi1"},"content":"event hello","lastModifiedDate":"2025-02-09","isFullCredit":false},{"lineNumber":10,"author":{"gitId":"lwenyi1"},"content":"event hello /from today","lastModifiedDate":"2025-02-09","isFullCredit":false},{"lineNumber":11,"author":{"gitId":"lwenyi1"},"content":"event hello /from today /to tmr","lastModifiedDate":"2025-02-09","isFullCredit":false},{"lineNumber":12,"author":{"gitId":"lwenyi1"},"content":"list","lastModifiedDate":"2025-02-09","isFullCredit":false},{"lineNumber":13,"author":{"gitId":"lwenyi1"},"content":"mark 0","lastModifiedDate":"2025-02-09","isFullCredit":false},{"lineNumber":14,"author":{"gitId":"lwenyi1"},"content":"mark 1","lastModifiedDate":"2025-02-09","isFullCredit":false},{"lineNumber":15,"author":{"gitId":"lwenyi1"},"content":"unmark 1","lastModifiedDate":"2025-02-09","isFullCredit":false},{"lineNumber":16,"author":{"gitId":"lwenyi1"},"content":"delete","lastModifiedDate":"2025-02-15","isFullCredit":false},{"lineNumber":17,"author":{"gitId":"lwenyi1"},"content":"delete 1","lastModifiedDate":"2025-02-15","isFullCredit":false},{"lineNumber":18,"author":{"gitId":"lwenyi1"},"content":"list","lastModifiedDate":"2025-02-09","isFullCredit":false},{"lineNumber":19,"author":{"gitId":"lwenyi1"},"content":"boguscommand","lastModifiedDate":"2025-02-09","isFullCredit":false},{"lineNumber":20,"author":{"gitId":"lwenyi1"},"content":"bye","lastModifiedDate":"2025-02-09","isFullCredit":false}],"authorContributionMap":{"lwenyi1":20}},{"path":"text-ui-test/input2.txt","fileType":"txt","lines":[{"lineNumber":1,"author":{"gitId":"lwenyi1"},"content":"list","lastModifiedDate":"2025-02-16","isFullCredit":false},{"lineNumber":2,"author":{"gitId":"lwenyi1"},"content":"bye","lastModifiedDate":"2025-02-16","isFullCredit":false}],"authorContributionMap":{"lwenyi1":2}},{"path":"text-ui-test/runtest.bat","fileType":"bat","lines":[{"lineNumber":1,"author":{"gitId":"-"},"content":"@ECHO OFF","lastModifiedDate":"2020-05-25","isFullCredit":false},{"lineNumber":2,"author":{"gitId":"-"},"content":"","lastModifiedDate":"2020-05-25","isFullCredit":false},{"lineNumber":3,"author":{"gitId":"lwenyi1"},"content":"REM Clean previous build","lastModifiedDate":"2025-02-15","isFullCredit":false},{"lineNumber":4,"author":{"gitId":"lwenyi1"},"content":"if exist ..\\bin rmdir /s /q ..\\bin","lastModifiedDate":"2025-02-15","isFullCredit":false},{"lineNumber":5,"author":{"gitId":"lwenyi1"},"content":"mkdir ..\\bin","lastModifiedDate":"2025-02-15","isFullCredit":false},{"lineNumber":6,"author":{"gitId":"lwenyi1"},"content":"","lastModifiedDate":"2025-02-15","isFullCredit":false},{"lineNumber":7,"author":{"gitId":"-"},"content":"REM create bin directory if it doesn\u0027t exist","lastModifiedDate":"2020-05-25","isFullCredit":false},{"lineNumber":8,"author":{"gitId":"-"},"content":"if not exist ..\\bin mkdir ..\\bin","lastModifiedDate":"2020-05-25","isFullCredit":false},{"lineNumber":9,"author":{"gitId":"-"},"content":"","lastModifiedDate":"2020-05-25","isFullCredit":false},{"lineNumber":10,"author":{"gitId":"-"},"content":"REM delete output from previous run","lastModifiedDate":"2020-05-25","isFullCredit":false},{"lineNumber":11,"author":{"gitId":"-"},"content":"if exist ACTUAL.TXT del ACTUAL.TXT","lastModifiedDate":"2020-08-25","isFullCredit":false},{"lineNumber":12,"author":{"gitId":"lwenyi1"},"content":"if exist ACTUAL2.TXT del ACTUAL2.TXT","lastModifiedDate":"2025-02-16","isFullCredit":false},{"lineNumber":13,"author":{"gitId":"lwenyi1"},"content":"","lastModifiedDate":"2025-02-16","isFullCredit":false},{"lineNumber":14,"author":{"gitId":"lwenyi1"},"content":"REM Force delete the \"data\" directory","lastModifiedDate":"2025-02-16","isFullCredit":false},{"lineNumber":15,"author":{"gitId":"lwenyi1"},"content":"if exist data rmdir /s /q data","lastModifiedDate":"2025-02-16","isFullCredit":false},{"lineNumber":16,"author":{"gitId":"-"},"content":"","lastModifiedDate":"2020-05-25","isFullCredit":false},{"lineNumber":17,"author":{"gitId":"-"},"content":"REM compile the code into the bin folder","lastModifiedDate":"2020-05-25","isFullCredit":false},{"lineNumber":18,"author":{"gitId":"lwenyi1"},"content":"javac  -cp ..\\src\\main\\java\\chloe -Xlint:none -d ..\\bin ..\\src\\main\\java\\chloe\\*.java ..\\src\\main\\java\\chloe\\tasktypes\\*.java ..\\src\\main\\java\\chloe\\exceptions\\*.java","lastModifiedDate":"2025-02-09","isFullCredit":false},{"lineNumber":19,"author":{"gitId":"-"},"content":"IF ERRORLEVEL 1 (","lastModifiedDate":"2020-05-25","isFullCredit":false},{"lineNumber":20,"author":{"gitId":"-"},"content":"    echo ********** BUILD FAILURE **********","lastModifiedDate":"2020-05-25","isFullCredit":false},{"lineNumber":21,"author":{"gitId":"-"},"content":"    exit /b 1","lastModifiedDate":"2020-05-25","isFullCredit":false},{"lineNumber":22,"author":{"gitId":"-"},"content":")","lastModifiedDate":"2020-05-25","isFullCredit":false},{"lineNumber":23,"author":{"gitId":"-"},"content":"REM no error here, errorlevel \u003d\u003d 0","lastModifiedDate":"2020-05-25","isFullCredit":false},{"lineNumber":24,"author":{"gitId":"-"},"content":"","lastModifiedDate":"2020-05-25","isFullCredit":false},{"lineNumber":25,"author":{"gitId":"lwenyi1"},"content":"REM test commands","lastModifiedDate":"2025-02-16","isFullCredit":false},{"lineNumber":26,"author":{"gitId":"lwenyi1"},"content":"echo Testing basic functionality...","lastModifiedDate":"2025-02-16","isFullCredit":false},{"lineNumber":27,"author":{"gitId":"-"},"content":"REM run the program, feed commands from input.txt file and redirect the output to the ACTUAL.TXT","lastModifiedDate":"2020-05-25","isFullCredit":false},{"lineNumber":28,"author":{"gitId":"lwenyi1"},"content":"REM NOTE: change ACTUAL to EXPECTED and comment out FC below to update EXPECTED.TXT easily","lastModifiedDate":"2025-02-15","isFullCredit":false},{"lineNumber":29,"author":{"gitId":"lwenyi1"},"content":"java -classpath ..\\bin chloe.Chloe \u003c input.txt \u003e ACTUAL.TXT","lastModifiedDate":"2025-02-16","isFullCredit":false},{"lineNumber":30,"author":{"gitId":"-"},"content":"REM compare the output to the expected output","lastModifiedDate":"2020-05-25","isFullCredit":false},{"lineNumber":31,"author":{"gitId":"-"},"content":"FC ACTUAL.TXT EXPECTED.TXT","lastModifiedDate":"2020-05-25","isFullCredit":false},{"lineNumber":32,"author":{"gitId":"lwenyi1"},"content":"","lastModifiedDate":"2025-02-16","isFullCredit":false},{"lineNumber":33,"author":{"gitId":"lwenyi1"},"content":"REM test save file loading","lastModifiedDate":"2025-02-16","isFullCredit":false},{"lineNumber":34,"author":{"gitId":"lwenyi1"},"content":"echo Testing save file loading...","lastModifiedDate":"2025-02-16","isFullCredit":false},{"lineNumber":35,"author":{"gitId":"lwenyi1"},"content":"REM run the program again, check if previous list was stored properly","lastModifiedDate":"2025-02-16","isFullCredit":false},{"lineNumber":36,"author":{"gitId":"lwenyi1"},"content":"java -classpath ..\\bin chloe.Chloe \u003c input2.txt \u003e ACTUAL2.TXT","lastModifiedDate":"2025-02-16","isFullCredit":false},{"lineNumber":37,"author":{"gitId":"lwenyi1"},"content":"REM compare the output to the expected output","lastModifiedDate":"2025-02-16","isFullCredit":false},{"lineNumber":38,"author":{"gitId":"lwenyi1"},"content":"FC ACTUAL2.TXT EXPECTED2.TXT","lastModifiedDate":"2025-02-16","isFullCredit":false},{"lineNumber":39,"author":{"gitId":"lwenyi1"},"content":"","lastModifiedDate":"2025-02-16","isFullCredit":false},{"lineNumber":40,"author":{"gitId":"lwenyi1"},"content":"REM end and clean files","lastModifiedDate":"2025-02-16","isFullCredit":false},{"lineNumber":41,"author":{"gitId":"lwenyi1"},"content":"echo End of test.","lastModifiedDate":"2025-02-16","isFullCredit":false},{"lineNumber":42,"author":{"gitId":"lwenyi1"},"content":"if exist ACTUAL.TXT del ACTUAL.TXT","lastModifiedDate":"2025-02-16","isFullCredit":false},{"lineNumber":43,"author":{"gitId":"lwenyi1"},"content":"if exist ACTUAL2.TXT del ACTUAL2.TXT","lastModifiedDate":"2025-02-16","isFullCredit":false},{"lineNumber":44,"author":{"gitId":"lwenyi1"},"content":"if exist data rmdir /s /q data","lastModifiedDate":"2025-02-16","isFullCredit":false}],"authorContributionMap":{"lwenyi1":26,"-":18}}]
