{"authorDailyContributionsMap":{"lwenyi1":[{"date":"2025-01-22","commitResults":[{"hash":"a728d2a560b2abc91d14d9acc241fdc63887881d","isMergeCommit":false,"messageTitle":"Replaces Duke with Chloe in README","messageBody":"","fileTypesAndContributionMap":{"md":{"insertions":1,"deletions":1}}},{"hash":"ab0133eec3a8beeec6661a30adbb67d7aa866014","isMergeCommit":false,"messageTitle":"Replaces Duke class with Chloe class","messageBody":"","tags":["Level-0"],"fileTypesAndContributionMap":{"java":{"insertions":21,"deletions":10}}}]},{"date":"2025-01-25","commitResults":[{"hash":"d09b50e22631fb341aa7da4d8df49425d74c5a33","isMergeCommit":false,"messageTitle":"Implements echo","messageBody":"","tags":["Level-1"],"fileTypesAndContributionMap":{"java":{"insertions":49,"deletions":7}}},{"hash":"1bddb48b7ae8555465f5991bb61d79555f3c7da6","isMergeCommit":false,"messageTitle":"improves coding standard","messageBody":"","fileTypesAndContributionMap":{"java":{"insertions":10,"deletions":10}}},{"hash":"f0189862c881743cbcbc3779efa619b66e81b701","isMergeCommit":false,"messageTitle":"implements addTask() method","messageBody":"echo the text and add it to a taskList\n","fileTypesAndContributionMap":{"java":{"insertions":30,"deletions":10}}},{"hash":"012e790740e750e312851b79ac455b2b0ce97e04","isMergeCommit":false,"messageTitle":"implements taskList() method","messageBody":"adds method to list tasks in order added\n","tags":["Level-2"],"fileTypesAndContributionMap":{"java":{"insertions":9,"deletions":2}}}]},{"date":"2025-01-27","commitResults":[{"hash":"3608636b4078963bdad171f9dedee678f3fc8467","isMergeCommit":false,"messageTitle":"adds the Task class","messageBody":"","fileTypesAndContributionMap":{"java":{"insertions":13,"deletions":0}}},{"hash":"b28a9d573967dd60f23eca19a3a780e91c75c049","isMergeCommit":false,"messageTitle":"updates Chloe methods to use Task class","messageBody":"","fileTypesAndContributionMap":{"java":{"insertions":18,"deletions":5}}},{"hash":"e636713b314843a567f233a3b858c957dcdd30ec","isMergeCommit":false,"messageTitle":"implements marking and unmarking","messageBody":"","tags":["Level-3","A-CodingStandard"],"fileTypesAndContributionMap":{"java":{"insertions":59,"deletions":8}}}]},{"date":"2025-01-31","commitResults":[{"hash":"10ffe15cffc150d35c983185db7328677e7de17b","isMergeCommit":false,"messageTitle":"Updates command entry system","messageBody":"The switch statement checks for bye, list, todo, deadline, event, mask and unmask now.\nAlso moved the task addition printing to the Task class constructor.\n","fileTypesAndContributionMap":{"java":{"insertions":41,"deletions":25}}},{"hash":"f4563a3897fb1cc1d46b93f5df55dd233e95ea48","isMergeCommit":false,"messageTitle":"Adds Deadline class","messageBody":"Adds and implements Deadline class, updates Chloe and Task classes to accomodate\n","fileTypesAndContributionMap":{"java":{"insertions":73,"deletions":16}}},{"hash":"990973250109b32dd4616cb85f29407aca6b8b01","isMergeCommit":false,"messageTitle":"Adds Event class","messageBody":"Adds and implements the Event class.\nEdits Chloe to accomodate changes.\n","tags":["Level-4","A-CodeQuality"],"fileTypesAndContributionMap":{"java":{"insertions":59,"deletions":11}}}]},{"date":"2025-02-09","commitResults":[{"hash":"6c3566f74b71ec87608fd826df514ca5563094dc","isMergeCommit":false,"messageTitle":"Improves readability of code based on PR comments","messageBody":"","fileTypesAndContributionMap":{"java":{"insertions":20,"deletions":20}}},{"hash":"98ea737ee2265aa9685da797f0ce92638d580dfd","isMergeCommit":false,"messageTitle":"Implements testing script","messageBody":"","tags":["A-TextUiTesting"],"fileTypesAndContributionMap":{"txt":{"insertions":7,"deletions":0},"java":{"insertions":5,"deletions":2},"bat":{"insertions":1,"deletions":1}}},{"hash":"cec6ad85bd4548405bfddddab3953c59c356e74e","isMergeCommit":false,"messageTitle":"Adds error handling","messageBody":"","fileTypesAndContributionMap":{"txt":{"insertions":14,"deletions":3},"java":{"insertions":104,"deletions":79}}},{"hash":"d595f75b6c4d7f292aec56a8dadf3211ff3e11eb","isMergeCommit":false,"messageTitle":"Implements TaskManager class","messageBody":"Creates a class to manage the tasks for Chloe\n","fileTypesAndContributionMap":{"java":{"insertions":164,"deletions":159}}},{"hash":"add4c3e1c3b15275b721f3dce759f4a99037609c","isMergeCommit":false,"messageTitle":"Implements exception throwing for illegal and incomplete commands","messageBody":"","tags":["A-Exceptions"],"fileTypesAndContributionMap":{"java":{"insertions":58,"deletions":36}}},{"hash":"baf6b0b0a91a44037a5582fc55f3b5a4fd975361","isMergeCommit":true,"messageTitle":"Merge branch \u0027branch-Level-5\u0027","messageBody":"","tags":["Level-5"],"fileTypesAndContributionMap":{}},{"hash":"184d0787386722a24059faed6fed986890cede14","isMergeCommit":false,"messageTitle":"Moves files into chloe package","messageBody":"","fileTypesAndContributionMap":{"java":{"insertions":16,"deletions":2},"bat":{"insertions":1,"deletions":1},"md":{"insertions":1,"deletions":1}}},{"hash":"6d1369d106947e1a27b2549f5277af98ac3ece3a","isMergeCommit":false,"messageTitle":"Moves Task, Deadline and Event classes into tasktypes package","messageBody":"","fileTypesAndContributionMap":{"java":{"insertions":5,"deletions":3},"bat":{"insertions":1,"deletions":1}}},{"hash":"f24f243c7b389935a34d01dec505a11a085967a5","isMergeCommit":false,"messageTitle":"Moves exception classes into exception package.","messageBody":"","fileTypesAndContributionMap":{"java":{"insertions":3,"deletions":2},"bat":{"insertions":1,"deletions":1}}},{"hash":"9f1e6f6d734e41d0264259e1165a5ac0206802bb","isMergeCommit":true,"messageTitle":"Merge branch \u0027branch-A-Packages\u0027","messageBody":"","tags":["A-Packages"],"fileTypesAndContributionMap":{}},{"hash":"d3eddb705e6b8fdc37f090345ace06ed307cf399","isMergeCommit":false,"messageTitle":"Updates README to describe todo, deadline and event features.","messageBody":"","fileTypesAndContributionMap":{"md":{"insertions":37,"deletions":17}}},{"hash":"306b3199c3a22d938f29bf3d5f9f5b62120a0e3b","isMergeCommit":false,"messageTitle":"Updates README to describe mark and unmark features.","messageBody":"","fileTypesAndContributionMap":{"md":{"insertions":49,"deletions":0}}}]},{"date":"2025-02-12","commitResults":[{"hash":"dbff1c63747b52424fa39f60195e4be4a61d0e84","isMergeCommit":false,"messageTitle":"Fixes coding style by listing packages explicitly","messageBody":"","fileTypesAndContributionMap":{"java":{"insertions":9,"deletions":5}}}]}]},"authorFileTypeContributionMap":{"lwenyi1":{"java":364,"md":73,"fxml":0,"sh":0,"bat":2,"gradle":0,"txt":18}},"authorContributionVariance":{"lwenyi1":20348.783},"authorDisplayNameMap":{"lwenyi1":"LIU ..ENYI"}}
