{"authorDailyContributionsMap":{"lwenyi1":[{"date":"2025-01-22","commitResults":[{"hash":"a728d2a560b2abc91d14d9acc241fdc63887881d","isMergeCommit":false,"messageTitle":"Replaces Duke with Chloe in README","messageBody":"","fileTypesAndContributionMap":{"md":{"insertions":1,"deletions":1}}},{"hash":"ab0133eec3a8beeec6661a30adbb67d7aa866014","isMergeCommit":false,"messageTitle":"Replaces Duke class with Chloe class","messageBody":"","tags":["Level-0"],"fileTypesAndContributionMap":{"java":{"insertions":21,"deletions":10}}}]},{"date":"2025-01-25","commitResults":[{"hash":"d09b50e22631fb341aa7da4d8df49425d74c5a33","isMergeCommit":false,"messageTitle":"Implements echo","messageBody":"","tags":["Level-1"],"fileTypesAndContributionMap":{"java":{"insertions":49,"deletions":7}}},{"hash":"1bddb48b7ae8555465f5991bb61d79555f3c7da6","isMergeCommit":false,"messageTitle":"improves coding standard","messageBody":"","fileTypesAndContributionMap":{"java":{"insertions":10,"deletions":10}}},{"hash":"f0189862c881743cbcbc3779efa619b66e81b701","isMergeCommit":false,"messageTitle":"implements addTask() method","messageBody":"echo the text and add it to a taskList\n","tags":["A-Collections"],"fileTypesAndContributionMap":{"java":{"insertions":30,"deletions":10}}},{"hash":"012e790740e750e312851b79ac455b2b0ce97e04","isMergeCommit":false,"messageTitle":"implements taskList() method","messageBody":"adds method to list tasks in order added\n","tags":["Level-2"],"fileTypesAndContributionMap":{"java":{"insertions":9,"deletions":2}}}]},{"date":"2025-01-27","commitResults":[{"hash":"3608636b4078963bdad171f9dedee678f3fc8467","isMergeCommit":false,"messageTitle":"adds the Task class","messageBody":"","fileTypesAndContributionMap":{"java":{"insertions":13,"deletions":0}}},{"hash":"b28a9d573967dd60f23eca19a3a780e91c75c049","isMergeCommit":false,"messageTitle":"updates Chloe methods to use Task class","messageBody":"","fileTypesAndContributionMap":{"java":{"insertions":18,"deletions":5}}},{"hash":"e636713b314843a567f233a3b858c957dcdd30ec","isMergeCommit":false,"messageTitle":"implements marking and unmarking","messageBody":"","tags":["Level-3","A-CodingStandard"],"fileTypesAndContributionMap":{"java":{"insertions":59,"deletions":8}}}]},{"date":"2025-01-31","commitResults":[{"hash":"10ffe15cffc150d35c983185db7328677e7de17b","isMergeCommit":false,"messageTitle":"Updates command entry system","messageBody":"The switch statement checks for bye, list, todo, deadline, event, mask and unmask now.\nAlso moved the task addition printing to the Task class constructor.\n","fileTypesAndContributionMap":{"java":{"insertions":41,"deletions":25}}},{"hash":"f4563a3897fb1cc1d46b93f5df55dd233e95ea48","isMergeCommit":false,"messageTitle":"Adds Deadline class","messageBody":"Adds and implements Deadline class, updates Chloe and Task classes to accomodate\n","fileTypesAndContributionMap":{"java":{"insertions":73,"deletions":16}}},{"hash":"990973250109b32dd4616cb85f29407aca6b8b01","isMergeCommit":false,"messageTitle":"Adds Event class","messageBody":"Adds and implements the Event class.\nEdits Chloe to accomodate changes.\n","tags":["Level-4","A-CodeQuality"],"fileTypesAndContributionMap":{"java":{"insertions":59,"deletions":11}}}]},{"date":"2025-02-09","commitResults":[{"hash":"6c3566f74b71ec87608fd826df514ca5563094dc","isMergeCommit":false,"messageTitle":"Improves readability of code based on PR comments","messageBody":"","fileTypesAndContributionMap":{"java":{"insertions":20,"deletions":20}}},{"hash":"98ea737ee2265aa9685da797f0ce92638d580dfd","isMergeCommit":false,"messageTitle":"Implements testing script","messageBody":"","tags":["A-TextUiTesting"],"fileTypesAndContributionMap":{"txt":{"insertions":7,"deletions":0},"java":{"insertions":5,"deletions":2},"bat":{"insertions":1,"deletions":1}}},{"hash":"cec6ad85bd4548405bfddddab3953c59c356e74e","isMergeCommit":false,"messageTitle":"Adds error handling","messageBody":"","fileTypesAndContributionMap":{"txt":{"insertions":14,"deletions":3},"java":{"insertions":104,"deletions":79}}},{"hash":"d595f75b6c4d7f292aec56a8dadf3211ff3e11eb","isMergeCommit":false,"messageTitle":"Implements TaskManager class","messageBody":"Creates a class to manage the tasks for Chloe\n","fileTypesAndContributionMap":{"java":{"insertions":164,"deletions":159}}},{"hash":"add4c3e1c3b15275b721f3dce759f4a99037609c","isMergeCommit":false,"messageTitle":"Implements exception throwing for illegal and incomplete commands","messageBody":"","tags":["A-Exceptions"],"fileTypesAndContributionMap":{"java":{"insertions":58,"deletions":36}}},{"hash":"baf6b0b0a91a44037a5582fc55f3b5a4fd975361","isMergeCommit":true,"messageTitle":"Merge branch \u0027branch-Level-5\u0027","messageBody":"","tags":["Level-5"],"fileTypesAndContributionMap":{}},{"hash":"184d0787386722a24059faed6fed986890cede14","isMergeCommit":false,"messageTitle":"Moves files into chloe package","messageBody":"","fileTypesAndContributionMap":{"java":{"insertions":16,"deletions":2},"bat":{"insertions":1,"deletions":1},"md":{"insertions":1,"deletions":1}}},{"hash":"6d1369d106947e1a27b2549f5277af98ac3ece3a","isMergeCommit":false,"messageTitle":"Moves Task, Deadline and Event classes into tasktypes package","messageBody":"","fileTypesAndContributionMap":{"java":{"insertions":5,"deletions":3},"bat":{"insertions":1,"deletions":1}}},{"hash":"f24f243c7b389935a34d01dec505a11a085967a5","isMergeCommit":false,"messageTitle":"Moves exception classes into exception package.","messageBody":"","fileTypesAndContributionMap":{"java":{"insertions":3,"deletions":2},"bat":{"insertions":1,"deletions":1}}},{"hash":"9f1e6f6d734e41d0264259e1165a5ac0206802bb","isMergeCommit":true,"messageTitle":"Merge branch \u0027branch-A-Packages\u0027","messageBody":"","tags":["A-Packages"],"fileTypesAndContributionMap":{}},{"hash":"d3eddb705e6b8fdc37f090345ace06ed307cf399","isMergeCommit":false,"messageTitle":"Updates README to describe todo, deadline and event features.","messageBody":"","fileTypesAndContributionMap":{"md":{"insertions":37,"deletions":17}}},{"hash":"306b3199c3a22d938f29bf3d5f9f5b62120a0e3b","isMergeCommit":false,"messageTitle":"Updates README to describe mark and unmark features.","messageBody":"","fileTypesAndContributionMap":{"md":{"insertions":49,"deletions":0}}}]},{"date":"2025-02-12","commitResults":[{"hash":"dbff1c63747b52424fa39f60195e4be4a61d0e84","isMergeCommit":false,"messageTitle":"Fixes coding style by listing packages explicitly","messageBody":"","fileTypesAndContributionMap":{"java":{"insertions":9,"deletions":5}}}]},{"date":"2025-02-15","commitResults":[{"hash":"4a0800abf240c10fe4ca9056879d44d2de1f1aa0","isMergeCommit":false,"messageTitle":"Implements handleBadIndex()","messageBody":"","fileTypesAndContributionMap":{"java":{"insertions":28,"deletions":23},"bat":{"insertions":5,"deletions":1}}},{"hash":"9d3bccb80c631c9c0ee437ae1908c23106945838","isMergeCommit":false,"messageTitle":"Implements task deletion","messageBody":"","fileTypesAndContributionMap":{"java":{"insertions":18,"deletions":0}}},{"hash":"187f7abc422ea9fca75b0c120a588a83f876d751","isMergeCommit":false,"messageTitle":"Updates test code for task deletion","messageBody":"","fileTypesAndContributionMap":{"txt":{"insertions":2,"deletions":0},"bat":{"insertions":1,"deletions":0}}}]},{"date":"2025-02-16","commitResults":[{"hash":"f7d5353ac6b89c29f0ec367457addec37ff97e7d","isMergeCommit":false,"messageTitle":"Implements save file","messageBody":"","fileTypesAndContributionMap":{"java":{"insertions":115,"deletions":3}}},{"hash":"8b600b9289c665ac523f6b3fdafa988b324210ef","isMergeCommit":true,"messageTitle":"Merge branch \u0027branch-Level-6\u0027","messageBody":"","tags":["Level-6"],"fileTypesAndContributionMap":{}},{"hash":"0b55de16b146a6302adb2f7f5cf6bcd7020d1362","isMergeCommit":true,"messageTitle":"Merge branch \u0027branch-Level-7\u0027","messageBody":"","tags":["Level-7"],"fileTypesAndContributionMap":{}},{"hash":"317b7d027325eda84f7ade63d7a2d6ca6d1e32ee","isMergeCommit":false,"messageTitle":"Updates testing process to check for file saving","messageBody":"","fileTypesAndContributionMap":{"txt":{"insertions":4,"deletions":0},"bat":{"insertions":14,"deletions":2}}},{"hash":"1f1fd7b7869cc2caf77696cfdd97e49dc05af2e8","isMergeCommit":false,"messageTitle":"Adds removal of temp files to test script","messageBody":"","fileTypesAndContributionMap":{"txt":{"insertions":0,"deletions":2},"bat":{"insertions":6,"deletions":0}}}]},{"date":"2025-02-19","commitResults":[{"hash":"d4381a18a6c6c20482d70631c74160bb0c1d30e3","isMergeCommit":false,"messageTitle":"Updates documentation for task saving process","messageBody":"","fileTypesAndContributionMap":{"java":{"insertions":13,"deletions":6}}}]},{"date":"2025-03-04","commitResults":[{"hash":"73553ede95a1e63b30927e205fc7be3b45d5314a","isMergeCommit":false,"messageTitle":"Abstracts storage class","messageBody":"Creates storage class and UI class files, abstracts storage class but leaves UI class as an empty placeholder file\n","fileTypesAndContributionMap":{"txt":{"insertions":1,"deletions":0},"java":{"insertions":117,"deletions":96}}}]},{"date":"2025-03-05","commitResults":[{"hash":"37b848971bb8f44e28aa3bc88e6686e4de004dc4","isMergeCommit":false,"messageTitle":"Creates UI, TaskList and Parser classes","messageBody":"","fileTypesAndContributionMap":{"txt":{"insertions":1,"deletions":0},"java":{"insertions":140,"deletions":98}}},{"hash":"3c095cfeb2af05cbddc97b9833bf82fc1f6a69a1","isMergeCommit":false,"messageTitle":"Creates command package","messageBody":"Implements AddTodo and AddDeadline classes along with it\n","fileTypesAndContributionMap":{"java":{"insertions":107,"deletions":52},"bat":{"insertions":1,"deletions":1}}},{"hash":"af69a7ea15e02c7a7eea3a7484af2412606e4e57","isMergeCommit":false,"messageTitle":"Implements AddEvent and ListTask classes","messageBody":"","fileTypesAndContributionMap":{"java":{"insertions":62,"deletions":60}}},{"hash":"192d1fa73069fc1cb15f4f351d43440ca400f35a","isMergeCommit":false,"messageTitle":"Implemetns DeleteTask and MarkCommand","messageBody":"","fileTypesAndContributionMap":{"java":{"insertions":72,"deletions":26}}},{"hash":"c4cee8a58850a80a8bf465f36f817fda66d68ee8","isMergeCommit":false,"messageTitle":"Improves abstraction in UI","messageBody":"","tags":["A-MoreOOP"],"fileTypesAndContributionMap":{"java":{"insertions":66,"deletions":86}}},{"hash":"94f8b311a8c54b01e5b15758118523fac54e82cd","isMergeCommit":false,"messageTitle":"Implements saving as LocalDateTime type","messageBody":"Updates AddDeadline, AddEvent, Deadline, Event and the test file etc. to accomodate\n","tags":["Level-8"],"fileTypesAndContributionMap":{"txt":{"insertions":3,"deletions":3},"java":{"insertions":71,"deletions":27},"bat":{"insertions":2,"deletions":2}}},{"hash":"91e00e1a790aaa30ba71bbaa9deb6751cc94e8bc","isMergeCommit":false,"messageTitle":"Implements find feature","messageBody":"","tags":["Level-9"],"fileTypesAndContributionMap":{"txt":{"insertions":2,"deletions":0},"java":{"insertions":35,"deletions":8}}}]},{"date":"2025-03-06","commitResults":[{"hash":"6ebd4169cfb98cd3cafa6c92afae0772cde5287e","isMergeCommit":false,"messageTitle":"Improves documentation for find task","messageBody":"","fileTypesAndContributionMap":{"java":{"insertions":43,"deletions":3}}},{"hash":"b10419701c1d83cc4d79e2bdca0cf50a1f0ee1c2","isMergeCommit":false,"messageTitle":"Adds javadoc documentation","messageBody":"","tags":["A-JavaDoc"],"fileTypesAndContributionMap":{"java":{"insertions":305,"deletions":7}}},{"hash":"1d073f7dd8379d214e5b1944ddbfd3c8bfd7f084","isMergeCommit":true,"messageTitle":"Merge pull request #1 from lwenyi1/branch-Level-8","messageBody":"Level-8","fileTypesAndContributionMap":{}},{"hash":"188c1857b4a305bda735f500b860dd181a891bf7","isMergeCommit":true,"messageTitle":"Merge branch \u0027master\u0027 into branch-Level-9","messageBody":"","fileTypesAndContributionMap":{}},{"hash":"18461e42ee07da94710fee23b2320342bd091044","isMergeCommit":true,"messageTitle":"Merges pull request #2 from lwenyi1/branch-Level-9","messageBody":"Level-9","fileTypesAndContributionMap":{}},{"hash":"070db50944a60c613e720a7dd319235355c8c81f","isMergeCommit":true,"messageTitle":"Merge branch \u0027master\u0027 into branch-A-JavaDoc","messageBody":"","fileTypesAndContributionMap":{}},{"hash":"4c2ae6d954108e10a85f2a93a9b11f47526852da","isMergeCommit":true,"messageTitle":"Merges pull request #3 from lwenyi1/branch-A-JavaDoc","messageBody":"A-JavaDoc","fileTypesAndContributionMap":{}}]}]},"authorFileTypeContributionMap":{"lwenyi1":{"java":1071,"md":73,"fxml":0,"sh":0,"bat":24,"gradle":0,"txt":26}},"authorContributionVariance":{"lwenyi1":29166.78},"authorDisplayNameMap":{"lwenyi1":"CS2113-F12-3 LIU ..ENYI"}}
