{"authorDailyContributionsMap":{"kmnyn":[{"date":"2025-02-06","commitResults":[{"hash":"f46d8504a6c477858b58ebdd60b5b6b452b07a6b","isMergeCommit":false,"messageTitle":"rename bot and update greeting","messageBody":"","fileTypesAndContributionMap":{"java":{"insertions":13,"deletions":10}}},{"hash":"04c1a9ddfa53e1102e439abd398ef9aec1ce1c95","isMergeCommit":false,"messageTitle":"Add task management function","messageBody":"","tags":["v1.0"],"fileTypesAndContributionMap":{"java":{"insertions":117,"deletions":3}}}]},{"date":"2025-02-07","commitResults":[{"hash":"34de9e53b974bad5e9811db787ba9b8feeee16f8","isMergeCommit":false,"messageTitle":"Level-0: Rename, Greet, Exit","messageBody":"","tags":["Level-0"],"fileTypesAndContributionMap":{"java":{"insertions":4,"deletions":119}}},{"hash":"744c3310b9a2dfe337f099a72429c11e2378e4d4","isMergeCommit":false,"messageTitle":"Level-1: Echo","messageBody":"","tags":["Level-1"],"fileTypesAndContributionMap":{"java":{"insertions":27,"deletions":3}}},{"hash":"0c847c161287e7faf350e15bb8ff1a251c453d4a","isMergeCommit":false,"messageTitle":"Level-2: Add, List","messageBody":"","tags":["Level-2"],"fileTypesAndContributionMap":{"java":{"insertions":30,"deletions":4}}},{"hash":"039deb3c8d1db82f80cd87fdbfab05788aee45ff","isMergeCommit":false,"messageTitle":"Level-3: Mark as done","messageBody":"","tags":["Level-3"],"fileTypesAndContributionMap":{"java":{"insertions":66,"deletions":3}}},{"hash":"5a24618989aabd05483ee44fd5abcfb3a6f65a42","isMergeCommit":false,"messageTitle":"A-CodingStandard","messageBody":"","tags":["A-CodingStandard"],"fileTypesAndContributionMap":{"java":{"insertions":3,"deletions":1}}},{"hash":"aa3df128795735786d25cba4e40c8ebf0d938a14","isMergeCommit":false,"messageTitle":"Level 4: ToDos, Events, Deadlines","messageBody":"","tags":["Level-4"],"fileTypesAndContributionMap":{"java":{"insertions":108,"deletions":71}}},{"hash":"7d525585ce7eb6060782dacc2eaeb92f6774fbbd","isMergeCommit":false,"messageTitle":"A-CodeQuality","messageBody":"","tags":["A-CodeQuality"],"fileTypesAndContributionMap":{"java":{"insertions":1,"deletions":1}}}]},{"date":"2025-02-09","commitResults":[{"hash":"77431ff2fa6c82dc1364fa5a1596b6de30c21114","isMergeCommit":false,"messageTitle":"A-TextUiTesting: Automated Text UI Testing","messageBody":"","tags":["A-TextUiTesting"],"fileTypesAndContributionMap":{"txt":{"insertions":1,"deletions":0},"java":{"insertions":58,"deletions":30},"bat":{"insertions":1,"deletions":1},"sh":{"insertions":1,"deletions":1}}}]},{"date":"2025-02-11","commitResults":[{"hash":"3a9d09627cfc64ec0d1470e7331663a07c698817","isMergeCommit":false,"messageTitle":"Add KateException class for handling errors","messageBody":"","fileTypesAndContributionMap":{"java":{"insertions":5,"deletions":0}}}]},{"date":"2025-02-13","commitResults":[{"hash":"02d264f4bd992d8db60c0cd3a5218b01ac55904f","isMergeCommit":false,"messageTitle":"Implement error handling and split command class","messageBody":"","tags":["A-Exceptions"],"fileTypesAndContributionMap":{"txt":{"insertions":0,"deletions":1},"java":{"insertions":164,"deletions":43}}},{"hash":"52f3bb485480c7a178afe728c8367ed3490e1b92","isMergeCommit":true,"messageTitle":"Merge branch \u0027branch-Level-5\u0027","messageBody":"","tags":["Level-5"],"fileTypesAndContributionMap":{}},{"hash":"398cd2f6e31de73bc7a297220b85afae50e7bc0f","isMergeCommit":false,"messageTitle":"Organise into packages","messageBody":"","fileTypesAndContributionMap":{"txt":{"insertions":1,"deletions":0},"java":{"insertions":63,"deletions":1},"bat":{"insertions":4,"deletions":4},"sh":{"insertions":1,"deletions":1}}},{"hash":"6e853c140830edbce03e936fee99148c436140a6","isMergeCommit":true,"messageTitle":"Merge branch \u0027branch-A-Packages\u0027","messageBody":"","tags":["A-Packages"],"fileTypesAndContributionMap":{}}]},{"date":"2025-02-17","commitResults":[{"hash":"171ef78ae3796eefdb89b0c9f3680d6b17aae528","isMergeCommit":false,"messageTitle":"Implement delete command","messageBody":"","fileTypesAndContributionMap":{"java":{"insertions":71,"deletions":21}}},{"hash":"2d01f3afaa359a34c697322700c0b7543b00c622","isMergeCommit":false,"messageTitle":"implement save to store data","messageBody":"","fileTypesAndContributionMap":{"txt":{"insertions":6,"deletions":0},"java":{"insertions":123,"deletions":21}}},{"hash":"a0c7bb6d25889d51dceb340c44e711b195866713","isMergeCommit":true,"messageTitle":"Merge branch \u0027branch-Level-6\u0027","messageBody":"","tags":["Level-6","A-Collections"],"fileTypesAndContributionMap":{}},{"hash":"62e2334b1d30606d7f9931cbc60b1338fb3f0c5b","isMergeCommit":true,"messageTitle":"Merge branch \u0027branch-Level-7\u0027","messageBody":"# Conflicts:\n#\tsrc/main/java/kate/Kate.java\n","tags":["Level-7"],"fileTypesAndContributionMap":{}},{"hash":"4e666d56ceeee06cad4bb46af7b603ed7c4001d7","isMergeCommit":false,"messageTitle":"resolved errors due to conflicts","messageBody":"","fileTypesAndContributionMap":{"txt":{"insertions":4,"deletions":6},"java":{"insertions":22,"deletions":44}}}]}]},"authorFileTypeContributionMap":{"kmnyn":{"java":533,"md":0,"fxml":0,"sh":1,"bat":2,"gradle":0,"txt":5}},"authorContributionVariance":{"kmnyn":9297.681},"authorDisplayNameMap":{"kmnyn":"LI M..GYAN"}}
