[{"path":"PiggyOutput.txt","fileType":"txt","lines":[{"lineNumber":1,"author":{"gitId":"Stevexchia"},"content":"T | 0 | run","lastModifiedDate":"2025-02-21","isFullCredit":false},{"lineNumber":2,"author":{"gitId":"Stevexchia"},"content":"D | 1 | study | 2pm","lastModifiedDate":"2025-02-21","isFullCredit":false},{"lineNumber":3,"author":{"gitId":"Stevexchia"},"content":"E | 0 | carnival | June | August","lastModifiedDate":"2025-02-22","isFullCredit":false}],"authorContributionMap":{"Stevexchia":3}},{"path":"README.md","fileType":"md","lines":[{"lineNumber":1,"author":{"gitId":"Stevexchia"},"content":"# Piggy project template","lastModifiedDate":"2025-02-07","isFullCredit":false},{"lineNumber":2,"author":{"gitId":"-"},"content":"","lastModifiedDate":"2020-05-25","isFullCredit":false},{"lineNumber":3,"author":{"gitId":"-"},"content":"This is a project template for a greenfield Java project. It\u0027s named after the Java mascot _Duke_. Given below are instructions on how to use it.","lastModifiedDate":"2020-05-25","isFullCredit":false},{"lineNumber":4,"author":{"gitId":"-"},"content":"","lastModifiedDate":"2020-05-25","isFullCredit":false},{"lineNumber":5,"author":{"gitId":"-"},"content":"## Setting up in Intellij","lastModifiedDate":"2020-05-25","isFullCredit":false},{"lineNumber":6,"author":{"gitId":"-"},"content":"","lastModifiedDate":"2020-05-25","isFullCredit":false},{"lineNumber":7,"author":{"gitId":"-"},"content":"Prerequisites: JDK 17, update Intellij to the most recent version.","lastModifiedDate":"2024-07-11","isFullCredit":false},{"lineNumber":8,"author":{"gitId":"-"},"content":"","lastModifiedDate":"2020-05-25","isFullCredit":false},{"lineNumber":9,"author":{"gitId":"-"},"content":"1. Open Intellij (if you are not in the welcome screen, click `File` \u003e `Close Project` to close the existing project first)","lastModifiedDate":"2021-01-17","isFullCredit":false},{"lineNumber":10,"author":{"gitId":"-"},"content":"1. Open the project into Intellij as follows:","lastModifiedDate":"2021-01-17","isFullCredit":false},{"lineNumber":11,"author":{"gitId":"-"},"content":"   1. Click `Open`.","lastModifiedDate":"2021-01-17","isFullCredit":false},{"lineNumber":12,"author":{"gitId":"-"},"content":"   1. Select the project directory, and click `OK`.","lastModifiedDate":"2021-01-17","isFullCredit":false},{"lineNumber":13,"author":{"gitId":"-"},"content":"   1. If there are any further prompts, accept the defaults.","lastModifiedDate":"2020-05-25","isFullCredit":false},{"lineNumber":14,"author":{"gitId":"-"},"content":"1. Configure the project to use **JDK 17** (not other versions) as explained in [here](https://www.jetbrains.com/help/idea/sdk.html#set-up-jdk).\u003cbr\u003e","lastModifiedDate":"2024-07-11","isFullCredit":false},{"lineNumber":15,"author":{"gitId":"-"},"content":"   In the same dialog, set the **Project language level** field to the `SDK default` option.","lastModifiedDate":"2021-07-29","isFullCredit":false},{"lineNumber":16,"author":{"gitId":"Stevexchia"},"content":"1. After that, locate the `src/main/java/Piggy.java` file, right-click it, and choose `Run Piggy.main()` (if the code editor is showing compile errors, try restarting the IDE). If the setup is correct, you should see something like the below as the output:","lastModifiedDate":"2025-02-07","isFullCredit":false},{"lineNumber":17,"author":{"gitId":"-"},"content":"   ```","lastModifiedDate":"2020-05-25","isFullCredit":false},{"lineNumber":18,"author":{"gitId":"-"},"content":"   Hello from","lastModifiedDate":"2020-05-25","isFullCredit":false},{"lineNumber":19,"author":{"gitId":"-"},"content":"    ____        _        ","lastModifiedDate":"2020-05-25","isFullCredit":false},{"lineNumber":20,"author":{"gitId":"-"},"content":"   |  _ \\ _   _| | _____ ","lastModifiedDate":"2020-05-25","isFullCredit":false},{"lineNumber":21,"author":{"gitId":"-"},"content":"   | | | | | | | |/ / _ \\","lastModifiedDate":"2020-05-25","isFullCredit":false},{"lineNumber":22,"author":{"gitId":"-"},"content":"   | |_| | |_| |   \u003c  __/","lastModifiedDate":"2020-05-25","isFullCredit":false},{"lineNumber":23,"author":{"gitId":"-"},"content":"   |____/ \\__,_|_|\\_\\___|","lastModifiedDate":"2020-05-25","isFullCredit":false},{"lineNumber":24,"author":{"gitId":"-"},"content":"   ```","lastModifiedDate":"2020-05-25","isFullCredit":false},{"lineNumber":25,"author":{"gitId":"-"},"content":"","lastModifiedDate":"2025-01-04","isFullCredit":false},{"lineNumber":26,"author":{"gitId":"-"},"content":"**Warning:** Keep the `src\\main\\java` folder as the root folder for Java files (i.e., don\u0027t rename those folders or move Java files to another folder outside of this folder path), as this is the default location some tools (e.g., Gradle) expect to find Java files.","lastModifiedDate":"2025-01-04","isFullCredit":false}],"authorContributionMap":{"Stevexchia":2,"-":24}},{"path":"data/piggy.txt","fileType":"txt","lines":[{"lineNumber":1,"author":{"gitId":"Stevexchia"},"content":"T | 0 | e","lastModifiedDate":"2025-02-21","isFullCredit":false},{"lineNumber":2,"author":{"gitId":"Stevexchia"},"content":"T | 0 | list","lastModifiedDate":"2025-02-21","isFullCredit":false}],"authorContributionMap":{"Stevexchia":2}},{"path":"docs/README.md","fileType":"md","lines":[{"lineNumber":1,"author":{"gitId":"Stevexchia"},"content":"# Piggy User Guide","lastModifiedDate":"2025-02-07","isFullCredit":false},{"lineNumber":2,"author":{"gitId":"-"},"content":"","lastModifiedDate":"2019-07-29","isFullCredit":false},{"lineNumber":3,"author":{"gitId":"-"},"content":"// Update the title above to match the actual product name","lastModifiedDate":"2024-01-07","isFullCredit":false},{"lineNumber":4,"author":{"gitId":"-"},"content":"","lastModifiedDate":"2019-07-29","isFullCredit":false},{"lineNumber":5,"author":{"gitId":"-"},"content":"// Product screenshot goes here","lastModifiedDate":"2024-01-07","isFullCredit":false},{"lineNumber":6,"author":{"gitId":"-"},"content":"","lastModifiedDate":"2021-07-17","isFullCredit":false},{"lineNumber":7,"author":{"gitId":"-"},"content":"// Product intro goes here","lastModifiedDate":"2024-01-07","isFullCredit":false},{"lineNumber":8,"author":{"gitId":"-"},"content":"","lastModifiedDate":"2021-07-17","isFullCredit":false},{"lineNumber":9,"author":{"gitId":"-"},"content":"## Adding deadlines","lastModifiedDate":"2024-01-07","isFullCredit":false},{"lineNumber":10,"author":{"gitId":"-"},"content":"","lastModifiedDate":"2021-07-17","isFullCredit":false},{"lineNumber":11,"author":{"gitId":"-"},"content":"// Describe the action and its outcome.","lastModifiedDate":"2024-01-07","isFullCredit":false},{"lineNumber":12,"author":{"gitId":"-"},"content":"","lastModifiedDate":"2019-07-29","isFullCredit":false},{"lineNumber":13,"author":{"gitId":"-"},"content":"// Give examples of usage","lastModifiedDate":"2024-01-07","isFullCredit":false},{"lineNumber":14,"author":{"gitId":"-"},"content":"","lastModifiedDate":"2019-07-29","isFullCredit":false},{"lineNumber":15,"author":{"gitId":"-"},"content":"Example: `keyword (optional arguments)`","lastModifiedDate":"2024-01-07","isFullCredit":false},{"lineNumber":16,"author":{"gitId":"-"},"content":"","lastModifiedDate":"2019-07-29","isFullCredit":false},{"lineNumber":17,"author":{"gitId":"-"},"content":"// A description of the expected outcome goes here","lastModifiedDate":"2024-01-07","isFullCredit":false},{"lineNumber":18,"author":{"gitId":"-"},"content":"","lastModifiedDate":"2019-07-29","isFullCredit":false},{"lineNumber":19,"author":{"gitId":"-"},"content":"```","lastModifiedDate":"2024-01-07","isFullCredit":false},{"lineNumber":20,"author":{"gitId":"-"},"content":"expected output","lastModifiedDate":"2024-01-07","isFullCredit":false},{"lineNumber":21,"author":{"gitId":"-"},"content":"```","lastModifiedDate":"2024-01-07","isFullCredit":false},{"lineNumber":22,"author":{"gitId":"-"},"content":"","lastModifiedDate":"2019-07-29","isFullCredit":false},{"lineNumber":23,"author":{"gitId":"-"},"content":"## Feature ABC","lastModifiedDate":"2024-01-07","isFullCredit":false},{"lineNumber":24,"author":{"gitId":"-"},"content":"","lastModifiedDate":"2019-07-29","isFullCredit":false},{"lineNumber":25,"author":{"gitId":"-"},"content":"// Feature details","lastModifiedDate":"2024-01-07","isFullCredit":false},{"lineNumber":26,"author":{"gitId":"-"},"content":"","lastModifiedDate":"2019-07-29","isFullCredit":false},{"lineNumber":27,"author":{"gitId":"-"},"content":"","lastModifiedDate":"2021-07-17","isFullCredit":false},{"lineNumber":28,"author":{"gitId":"-"},"content":"## Feature XYZ","lastModifiedDate":"2024-01-07","isFullCredit":false},{"lineNumber":29,"author":{"gitId":"-"},"content":"","lastModifiedDate":"2024-01-07","isFullCredit":false},{"lineNumber":30,"author":{"gitId":"-"},"content":"// Feature details","lastModifiedDate":"2024-01-07","isFullCredit":false}],"authorContributionMap":{"Stevexchia":1,"-":29}},{"path":"src/main/java/piggy/data/TaskList.java","fileType":"java","lines":[{"lineNumber":1,"author":{"gitId":"Stevexchia"},"content":"package piggy.data;","lastModifiedDate":"2025-02-21","isFullCredit":false},{"lineNumber":2,"author":{"gitId":"Stevexchia"},"content":"","lastModifiedDate":"2025-02-21","isFullCredit":false},{"lineNumber":3,"author":{"gitId":"Stevexchia"},"content":"import java.io.*;","lastModifiedDate":"2025-02-21","isFullCredit":false},{"lineNumber":4,"author":{"gitId":"Stevexchia"},"content":"import java.util.ArrayList;","lastModifiedDate":"2025-02-08","isFullCredit":false},{"lineNumber":5,"author":{"gitId":"Stevexchia"},"content":"","lastModifiedDate":"2025-02-08","isFullCredit":false},{"lineNumber":6,"author":{"gitId":"Stevexchia"},"content":"import piggy.task.Task;","lastModifiedDate":"2025-02-21","isFullCredit":false},{"lineNumber":7,"author":{"gitId":"Stevexchia"},"content":"import piggy.exceptions.PiggyException;","lastModifiedDate":"2025-02-21","isFullCredit":false},{"lineNumber":8,"author":{"gitId":"Stevexchia"},"content":"import piggy.util.Constants;","lastModifiedDate":"2025-02-21","isFullCredit":false},{"lineNumber":9,"author":{"gitId":"Stevexchia"},"content":"import piggy.task.ToDo;","lastModifiedDate":"2025-02-21","isFullCredit":false},{"lineNumber":10,"author":{"gitId":"Stevexchia"},"content":"import piggy.task.Deadline;","lastModifiedDate":"2025-02-21","isFullCredit":false},{"lineNumber":11,"author":{"gitId":"Stevexchia"},"content":"import piggy.task.Event;","lastModifiedDate":"2025-02-21","isFullCredit":false},{"lineNumber":12,"author":{"gitId":"Stevexchia"},"content":"","lastModifiedDate":"2025-02-21","isFullCredit":false},{"lineNumber":13,"author":{"gitId":"Stevexchia"},"content":"public class TaskList {","lastModifiedDate":"2025-02-08","isFullCredit":false},{"lineNumber":14,"author":{"gitId":"Stevexchia"},"content":"    private final ArrayList\u003cTask\u003e tasks;","lastModifiedDate":"2025-02-21","isFullCredit":false},{"lineNumber":15,"author":{"gitId":"Stevexchia"},"content":"    private static final String FILE_PATH \u003d \"PiggyOutput.txt\";","lastModifiedDate":"2025-02-21","isFullCredit":false},{"lineNumber":16,"author":{"gitId":"Stevexchia"},"content":"","lastModifiedDate":"2025-02-08","isFullCredit":false},{"lineNumber":17,"author":{"gitId":"Stevexchia"},"content":"    public TaskList() {","lastModifiedDate":"2025-02-08","isFullCredit":false},{"lineNumber":18,"author":{"gitId":"Stevexchia"},"content":"        this.tasks \u003d new ArrayList\u003c\u003e();","lastModifiedDate":"2025-02-08","isFullCredit":false},{"lineNumber":19,"author":{"gitId":"Stevexchia"},"content":"        loadTasks();","lastModifiedDate":"2025-02-21","isFullCredit":false},{"lineNumber":20,"author":{"gitId":"Stevexchia"},"content":"    }","lastModifiedDate":"2025-02-08","isFullCredit":false},{"lineNumber":21,"author":{"gitId":"Stevexchia"},"content":"","lastModifiedDate":"2025-02-08","isFullCredit":false},{"lineNumber":22,"author":{"gitId":"Stevexchia"},"content":"    public void addTask(Task task) throws PiggyException {","lastModifiedDate":"2025-02-21","isFullCredit":false},{"lineNumber":23,"author":{"gitId":"Stevexchia"},"content":"        if (task.getDescription().isEmpty()) {","lastModifiedDate":"2025-02-21","isFullCredit":false},{"lineNumber":24,"author":{"gitId":"Stevexchia"},"content":"            throw new PiggyException(\"OOPS!!! The description of a todo cannot be empty, piggy snout!\");","lastModifiedDate":"2025-02-21","isFullCredit":false},{"lineNumber":25,"author":{"gitId":"Stevexchia"},"content":"        }","lastModifiedDate":"2025-02-21","isFullCredit":false},{"lineNumber":26,"author":{"gitId":"Stevexchia"},"content":"        tasks.add(task);","lastModifiedDate":"2025-02-08","isFullCredit":false},{"lineNumber":27,"author":{"gitId":"Stevexchia"},"content":"        saveTasks();","lastModifiedDate":"2025-02-21","isFullCredit":false},{"lineNumber":28,"author":{"gitId":"Stevexchia"},"content":"","lastModifiedDate":"2025-02-21","isFullCredit":false},{"lineNumber":29,"author":{"gitId":"Stevexchia"},"content":"        printSeparator();","lastModifiedDate":"2025-02-21","isFullCredit":false},{"lineNumber":30,"author":{"gitId":"Stevexchia"},"content":"        System.out.println(\" Oink! This task is now in my snout:\");","lastModifiedDate":"2025-02-21","isFullCredit":false},{"lineNumber":31,"author":{"gitId":"Stevexchia"},"content":"        System.out.println(\"   \" + task);","lastModifiedDate":"2025-02-08","isFullCredit":false},{"lineNumber":32,"author":{"gitId":"Stevexchia"},"content":"        System.out.println(\" Snort! You’ve got \" + tasks.size() + \" tasks in your pen.\");","lastModifiedDate":"2025-02-21","isFullCredit":false},{"lineNumber":33,"author":{"gitId":"Stevexchia"},"content":"        printSeparator();","lastModifiedDate":"2025-02-21","isFullCredit":false},{"lineNumber":34,"author":{"gitId":"Stevexchia"},"content":"    }","lastModifiedDate":"2025-02-08","isFullCredit":false},{"lineNumber":35,"author":{"gitId":"Stevexchia"},"content":"","lastModifiedDate":"2025-02-08","isFullCredit":false},{"lineNumber":36,"author":{"gitId":"Stevexchia"},"content":"    public void listTasks() {","lastModifiedDate":"2025-02-08","isFullCredit":false},{"lineNumber":37,"author":{"gitId":"Stevexchia"},"content":"        printSeparator();","lastModifiedDate":"2025-02-21","isFullCredit":false},{"lineNumber":38,"author":{"gitId":"Stevexchia"},"content":"        if (tasks.isEmpty()) {","lastModifiedDate":"2025-02-08","isFullCredit":false},{"lineNumber":39,"author":{"gitId":"Stevexchia"},"content":"            System.out.println(\" Oink... No tasks in the mud here!\");","lastModifiedDate":"2025-02-21","isFullCredit":false},{"lineNumber":40,"author":{"gitId":"Stevexchia"},"content":"        } else {","lastModifiedDate":"2025-02-08","isFullCredit":false},{"lineNumber":41,"author":{"gitId":"Stevexchia"},"content":"            System.out.println(\" Here’s what’s on my mind, oink oink!\");","lastModifiedDate":"2025-02-21","isFullCredit":false},{"lineNumber":42,"author":{"gitId":"Stevexchia"},"content":"            for (int i \u003d 0; i \u003c tasks.size(); i++) {","lastModifiedDate":"2025-02-08","isFullCredit":false},{"lineNumber":43,"author":{"gitId":"Stevexchia"},"content":"                System.out.println(\" \" + (i + 1) + \". \" + tasks.get(i));","lastModifiedDate":"2025-02-08","isFullCredit":false},{"lineNumber":44,"author":{"gitId":"Stevexchia"},"content":"            }","lastModifiedDate":"2025-02-08","isFullCredit":false},{"lineNumber":45,"author":{"gitId":"Stevexchia"},"content":"        }","lastModifiedDate":"2025-02-08","isFullCredit":false},{"lineNumber":46,"author":{"gitId":"Stevexchia"},"content":"        printSeparator();","lastModifiedDate":"2025-02-21","isFullCredit":false},{"lineNumber":47,"author":{"gitId":"Stevexchia"},"content":"    }","lastModifiedDate":"2025-02-08","isFullCredit":false},{"lineNumber":48,"author":{"gitId":"Stevexchia"},"content":"","lastModifiedDate":"2025-02-08","isFullCredit":false},{"lineNumber":49,"author":{"gitId":"Stevexchia"},"content":"    public void markTask(int index, boolean done) {","lastModifiedDate":"2025-02-08","isFullCredit":false},{"lineNumber":50,"author":{"gitId":"Stevexchia"},"content":"        try {","lastModifiedDate":"2025-02-21","isFullCredit":false},{"lineNumber":51,"author":{"gitId":"Stevexchia"},"content":"            if (isValidIndex(index)) {","lastModifiedDate":"2025-02-22","isFullCredit":false},{"lineNumber":52,"author":{"gitId":"Stevexchia"},"content":"                Task task \u003d tasks.get(index);","lastModifiedDate":"2025-02-08","isFullCredit":false},{"lineNumber":53,"author":{"gitId":"Stevexchia"},"content":"                printSeparator();","lastModifiedDate":"2025-02-21","isFullCredit":false},{"lineNumber":54,"author":{"gitId":"Stevexchia"},"content":"                if (done) {","lastModifiedDate":"2025-02-08","isFullCredit":false},{"lineNumber":55,"author":{"gitId":"Stevexchia"},"content":"                    task.markAsDone();","lastModifiedDate":"2025-02-08","isFullCredit":false},{"lineNumber":56,"author":{"gitId":"Stevexchia"},"content":"                    System.out.println(\" Oink! I’ve finished munching on this task:\");","lastModifiedDate":"2025-02-21","isFullCredit":false},{"lineNumber":57,"author":{"gitId":"Stevexchia"},"content":"                } else {","lastModifiedDate":"2025-02-08","isFullCredit":false},{"lineNumber":58,"author":{"gitId":"Stevexchia"},"content":"                    task.markAsNotDone();","lastModifiedDate":"2025-02-08","isFullCredit":false},{"lineNumber":59,"author":{"gitId":"Stevexchia"},"content":"                    System.out.println(\" Uh-oh, not yet! I’ll leave this task for later:\");","lastModifiedDate":"2025-02-21","isFullCredit":false},{"lineNumber":60,"author":{"gitId":"Stevexchia"},"content":"                }","lastModifiedDate":"2025-02-08","isFullCredit":false},{"lineNumber":61,"author":{"gitId":"Stevexchia"},"content":"                saveTasks();","lastModifiedDate":"2025-02-21","isFullCredit":false},{"lineNumber":62,"author":{"gitId":"Stevexchia"},"content":"                System.out.println(\"   \" + task);","lastModifiedDate":"2025-02-08","isFullCredit":false},{"lineNumber":63,"author":{"gitId":"Stevexchia"},"content":"                printSeparator();","lastModifiedDate":"2025-02-21","isFullCredit":false},{"lineNumber":64,"author":{"gitId":"Stevexchia"},"content":"            } else {","lastModifiedDate":"2025-02-22","isFullCredit":false},{"lineNumber":65,"author":{"gitId":"Stevexchia"},"content":"                throw new PiggyException(\"Oops, that task number doesn’t exist in my mud!\");","lastModifiedDate":"2025-02-22","isFullCredit":false},{"lineNumber":66,"author":{"gitId":"Stevexchia"},"content":"            }","lastModifiedDate":"2025-02-22","isFullCredit":false},{"lineNumber":67,"author":{"gitId":"Stevexchia"},"content":"        } catch (PiggyException e) {","lastModifiedDate":"2025-02-21","isFullCredit":false},{"lineNumber":68,"author":{"gitId":"Stevexchia"},"content":"            printErrorMessage(e.getMessage());","lastModifiedDate":"2025-02-21","isFullCredit":false},{"lineNumber":69,"author":{"gitId":"Stevexchia"},"content":"        }","lastModifiedDate":"2025-02-21","isFullCredit":false},{"lineNumber":70,"author":{"gitId":"Stevexchia"},"content":"    }","lastModifiedDate":"2025-02-08","isFullCredit":false},{"lineNumber":71,"author":{"gitId":"Stevexchia"},"content":"","lastModifiedDate":"2025-02-21","isFullCredit":false},{"lineNumber":72,"author":{"gitId":"Stevexchia"},"content":"    public void deleteTask(int index) {","lastModifiedDate":"2025-02-21","isFullCredit":false},{"lineNumber":73,"author":{"gitId":"Stevexchia"},"content":"        try {","lastModifiedDate":"2025-02-21","isFullCredit":false},{"lineNumber":74,"author":{"gitId":"Stevexchia"},"content":"            if (isValidIndex(index)) {","lastModifiedDate":"2025-02-22","isFullCredit":false},{"lineNumber":75,"author":{"gitId":"Stevexchia"},"content":"                Task removedTask \u003d tasks.get(index);","lastModifiedDate":"2025-02-21","isFullCredit":false},{"lineNumber":76,"author":{"gitId":"Stevexchia"},"content":"                tasks.remove(index);","lastModifiedDate":"2025-02-21","isFullCredit":false},{"lineNumber":77,"author":{"gitId":"Stevexchia"},"content":"                saveTasks();","lastModifiedDate":"2025-02-22","isFullCredit":false},{"lineNumber":78,"author":{"gitId":"Stevexchia"},"content":"","lastModifiedDate":"2025-02-21","isFullCredit":false},{"lineNumber":79,"author":{"gitId":"Stevexchia"},"content":"                printSeparator();","lastModifiedDate":"2025-02-21","isFullCredit":false},{"lineNumber":80,"author":{"gitId":"Stevexchia"},"content":"                System.out.println(\" Snort! This task is forgotten in the haystack:\");","lastModifiedDate":"2025-02-21","isFullCredit":false},{"lineNumber":81,"author":{"gitId":"Stevexchia"},"content":"                System.out.println(\"   \" + removedTask);","lastModifiedDate":"2025-02-21","isFullCredit":false},{"lineNumber":82,"author":{"gitId":"Stevexchia"},"content":"                System.out.println(\" Snort! You’ve got \" + tasks.size() + \" tasks in your pen.\");","lastModifiedDate":"2025-02-21","isFullCredit":false},{"lineNumber":83,"author":{"gitId":"Stevexchia"},"content":"                printSeparator();","lastModifiedDate":"2025-02-21","isFullCredit":false},{"lineNumber":84,"author":{"gitId":"Stevexchia"},"content":"            } else {","lastModifiedDate":"2025-02-22","isFullCredit":false},{"lineNumber":85,"author":{"gitId":"Stevexchia"},"content":"                throw new PiggyException(\"Oops, that task number doesn’t exist in my mud!\");","lastModifiedDate":"2025-02-22","isFullCredit":false},{"lineNumber":86,"author":{"gitId":"Stevexchia"},"content":"            }","lastModifiedDate":"2025-02-22","isFullCredit":false},{"lineNumber":87,"author":{"gitId":"Stevexchia"},"content":"        } catch (PiggyException e) {","lastModifiedDate":"2025-02-21","isFullCredit":false},{"lineNumber":88,"author":{"gitId":"Stevexchia"},"content":"            printErrorMessage(e.getMessage());","lastModifiedDate":"2025-02-21","isFullCredit":false},{"lineNumber":89,"author":{"gitId":"Stevexchia"},"content":"        }","lastModifiedDate":"2025-02-22","isFullCredit":false},{"lineNumber":90,"author":{"gitId":"Stevexchia"},"content":"    }","lastModifiedDate":"2025-02-22","isFullCredit":false},{"lineNumber":91,"author":{"gitId":"Stevexchia"},"content":"","lastModifiedDate":"2025-02-22","isFullCredit":false},{"lineNumber":92,"author":{"gitId":"Stevexchia"},"content":"    private void saveTasks() {","lastModifiedDate":"2025-02-21","isFullCredit":false},{"lineNumber":93,"author":{"gitId":"Stevexchia"},"content":"        try (BufferedWriter writer \u003d new BufferedWriter(new FileWriter(FILE_PATH))) {","lastModifiedDate":"2025-02-21","isFullCredit":false},{"lineNumber":94,"author":{"gitId":"Stevexchia"},"content":"            for (Task task : tasks) {","lastModifiedDate":"2025-02-21","isFullCredit":false},{"lineNumber":95,"author":{"gitId":"Stevexchia"},"content":"                writer.write(task.toFileString());","lastModifiedDate":"2025-02-21","isFullCredit":false},{"lineNumber":96,"author":{"gitId":"Stevexchia"},"content":"                writer.newLine();","lastModifiedDate":"2025-02-21","isFullCredit":false},{"lineNumber":97,"author":{"gitId":"Stevexchia"},"content":"            }","lastModifiedDate":"2025-02-21","isFullCredit":false},{"lineNumber":98,"author":{"gitId":"Stevexchia"},"content":"        } catch (IOException e) {","lastModifiedDate":"2025-02-21","isFullCredit":false},{"lineNumber":99,"author":{"gitId":"Stevexchia"},"content":"            System.out.println(\"Error saving tasks to file: \" + e.getMessage());","lastModifiedDate":"2025-02-21","isFullCredit":false},{"lineNumber":100,"author":{"gitId":"Stevexchia"},"content":"        }","lastModifiedDate":"2025-02-21","isFullCredit":false},{"lineNumber":101,"author":{"gitId":"Stevexchia"},"content":"    }","lastModifiedDate":"2025-02-21","isFullCredit":false},{"lineNumber":102,"author":{"gitId":"Stevexchia"},"content":"","lastModifiedDate":"2025-02-21","isFullCredit":false},{"lineNumber":103,"author":{"gitId":"Stevexchia"},"content":"    private void loadTasks() {","lastModifiedDate":"2025-02-21","isFullCredit":false},{"lineNumber":104,"author":{"gitId":"Stevexchia"},"content":"        try (BufferedReader reader \u003d new BufferedReader(new FileReader(FILE_PATH))) {","lastModifiedDate":"2025-02-21","isFullCredit":false},{"lineNumber":105,"author":{"gitId":"Stevexchia"},"content":"            String line;","lastModifiedDate":"2025-02-21","isFullCredit":false},{"lineNumber":106,"author":{"gitId":"Stevexchia"},"content":"            while ((line \u003d reader.readLine()) !\u003d null) {","lastModifiedDate":"2025-02-21","isFullCredit":false},{"lineNumber":107,"author":{"gitId":"Stevexchia"},"content":"                String[] taskDetails \u003d line.split(\" \\\\| \");","lastModifiedDate":"2025-02-21","isFullCredit":false},{"lineNumber":108,"author":{"gitId":"Stevexchia"},"content":"                if (taskDetails.length \u003e 1) {","lastModifiedDate":"2025-02-21","isFullCredit":false},{"lineNumber":109,"author":{"gitId":"Stevexchia"},"content":"                    boolean isDone \u003d taskDetails[1].equals(\"1\");  // Determines if the task is done","lastModifiedDate":"2025-02-22","isFullCredit":false},{"lineNumber":110,"author":{"gitId":"Stevexchia"},"content":"                    switch (taskDetails[0]) {","lastModifiedDate":"2025-02-21","isFullCredit":false},{"lineNumber":111,"author":{"gitId":"Stevexchia"},"content":"                        case \"T\":","lastModifiedDate":"2025-02-21","isFullCredit":false},{"lineNumber":112,"author":{"gitId":"Stevexchia"},"content":"                            ToDo toDo \u003d new ToDo(taskDetails[2]);","lastModifiedDate":"2025-02-21","isFullCredit":false},{"lineNumber":113,"author":{"gitId":"Stevexchia"},"content":"                            if (isDone) toDo.markAsDone();","lastModifiedDate":"2025-02-21","isFullCredit":false},{"lineNumber":114,"author":{"gitId":"Stevexchia"},"content":"                            tasks.add(toDo);","lastModifiedDate":"2025-02-21","isFullCredit":false},{"lineNumber":115,"author":{"gitId":"Stevexchia"},"content":"                            break;","lastModifiedDate":"2025-02-21","isFullCredit":false},{"lineNumber":116,"author":{"gitId":"Stevexchia"},"content":"                        case \"D\":","lastModifiedDate":"2025-02-21","isFullCredit":false},{"lineNumber":117,"author":{"gitId":"Stevexchia"},"content":"                            Deadline deadline \u003d new Deadline(taskDetails[2], taskDetails[3]);","lastModifiedDate":"2025-02-21","isFullCredit":false},{"lineNumber":118,"author":{"gitId":"Stevexchia"},"content":"                            if (isDone) deadline.markAsDone();","lastModifiedDate":"2025-02-21","isFullCredit":false},{"lineNumber":119,"author":{"gitId":"Stevexchia"},"content":"                            tasks.add(deadline);","lastModifiedDate":"2025-02-21","isFullCredit":false},{"lineNumber":120,"author":{"gitId":"Stevexchia"},"content":"                            break;","lastModifiedDate":"2025-02-21","isFullCredit":false},{"lineNumber":121,"author":{"gitId":"Stevexchia"},"content":"                        case \"E\":","lastModifiedDate":"2025-02-21","isFullCredit":false},{"lineNumber":122,"author":{"gitId":"Stevexchia"},"content":"                            Event event \u003d new Event(taskDetails[2], taskDetails[3], taskDetails[4]);","lastModifiedDate":"2025-02-21","isFullCredit":false},{"lineNumber":123,"author":{"gitId":"Stevexchia"},"content":"                            if (isDone) event.markAsDone();","lastModifiedDate":"2025-02-21","isFullCredit":false},{"lineNumber":124,"author":{"gitId":"Stevexchia"},"content":"                            tasks.add(event);","lastModifiedDate":"2025-02-21","isFullCredit":false},{"lineNumber":125,"author":{"gitId":"Stevexchia"},"content":"                            break;","lastModifiedDate":"2025-02-21","isFullCredit":false},{"lineNumber":126,"author":{"gitId":"Stevexchia"},"content":"                        default:","lastModifiedDate":"2025-02-21","isFullCredit":false},{"lineNumber":127,"author":{"gitId":"Stevexchia"},"content":"                            break;","lastModifiedDate":"2025-02-21","isFullCredit":false},{"lineNumber":128,"author":{"gitId":"Stevexchia"},"content":"                    }","lastModifiedDate":"2025-02-21","isFullCredit":false},{"lineNumber":129,"author":{"gitId":"Stevexchia"},"content":"                }","lastModifiedDate":"2025-02-21","isFullCredit":false},{"lineNumber":130,"author":{"gitId":"Stevexchia"},"content":"            }","lastModifiedDate":"2025-02-21","isFullCredit":false},{"lineNumber":131,"author":{"gitId":"Stevexchia"},"content":"        } catch (IOException e) {","lastModifiedDate":"2025-02-21","isFullCredit":false},{"lineNumber":132,"author":{"gitId":"Stevexchia"},"content":"            System.out.println(\"No existing tasks file found. Starting fresh!\");","lastModifiedDate":"2025-02-21","isFullCredit":false},{"lineNumber":133,"author":{"gitId":"Stevexchia"},"content":"        }","lastModifiedDate":"2025-02-21","isFullCredit":false},{"lineNumber":134,"author":{"gitId":"Stevexchia"},"content":"    }","lastModifiedDate":"2025-02-21","isFullCredit":false},{"lineNumber":135,"author":{"gitId":"Stevexchia"},"content":"","lastModifiedDate":"2025-02-21","isFullCredit":false},{"lineNumber":136,"author":{"gitId":"Stevexchia"},"content":"    private boolean isValidIndex(int index) {","lastModifiedDate":"2025-02-21","isFullCredit":false},{"lineNumber":137,"author":{"gitId":"Stevexchia"},"content":"        return index \u003e\u003d 0 \u0026\u0026 index \u003c tasks.size();","lastModifiedDate":"2025-02-21","isFullCredit":false},{"lineNumber":138,"author":{"gitId":"Stevexchia"},"content":"    }","lastModifiedDate":"2025-02-21","isFullCredit":false},{"lineNumber":139,"author":{"gitId":"Stevexchia"},"content":"","lastModifiedDate":"2025-02-21","isFullCredit":false},{"lineNumber":140,"author":{"gitId":"Stevexchia"},"content":"    private void printSeparator() {","lastModifiedDate":"2025-02-21","isFullCredit":false},{"lineNumber":141,"author":{"gitId":"Stevexchia"},"content":"        System.out.println(Constants.SEPARATOR);","lastModifiedDate":"2025-02-21","isFullCredit":false},{"lineNumber":142,"author":{"gitId":"Stevexchia"},"content":"    }","lastModifiedDate":"2025-02-08","isFullCredit":false},{"lineNumber":143,"author":{"gitId":"Stevexchia"},"content":"","lastModifiedDate":"2025-02-21","isFullCredit":false},{"lineNumber":144,"author":{"gitId":"Stevexchia"},"content":"    private void printErrorMessage(String message) {","lastModifiedDate":"2025-02-21","isFullCredit":false},{"lineNumber":145,"author":{"gitId":"Stevexchia"},"content":"        System.out.println(Constants.SEPARATOR);","lastModifiedDate":"2025-02-21","isFullCredit":false},{"lineNumber":146,"author":{"gitId":"Stevexchia"},"content":"        System.out.println(\" \" + message);","lastModifiedDate":"2025-02-21","isFullCredit":false},{"lineNumber":147,"author":{"gitId":"Stevexchia"},"content":"        System.out.println(Constants.SEPARATOR);","lastModifiedDate":"2025-02-21","isFullCredit":false},{"lineNumber":148,"author":{"gitId":"Stevexchia"},"content":"    }","lastModifiedDate":"2025-02-21","isFullCredit":false},{"lineNumber":149,"author":{"gitId":"Stevexchia"},"content":"","lastModifiedDate":"2025-02-21","isFullCredit":false},{"lineNumber":150,"author":{"gitId":"Stevexchia"},"content":"}","lastModifiedDate":"2025-02-08","isFullCredit":false}],"authorContributionMap":{"Stevexchia":150}},{"path":"src/main/java/piggy/exceptions/PiggyException.java","fileType":"java","lines":[{"lineNumber":1,"author":{"gitId":"Stevexchia"},"content":"package piggy.exceptions;","lastModifiedDate":"2025-02-21","isFullCredit":false},{"lineNumber":2,"author":{"gitId":"Stevexchia"},"content":"","lastModifiedDate":"2025-02-21","isFullCredit":false},{"lineNumber":3,"author":{"gitId":"Stevexchia"},"content":"public class PiggyException extends Exception {","lastModifiedDate":"2025-02-21","isFullCredit":false},{"lineNumber":4,"author":{"gitId":"Stevexchia"},"content":"    public PiggyException(String message) {","lastModifiedDate":"2025-02-21","isFullCredit":false},{"lineNumber":5,"author":{"gitId":"Stevexchia"},"content":"        super(message); // Pass the error message to the superclass (Exception)","lastModifiedDate":"2025-02-21","isFullCredit":false},{"lineNumber":6,"author":{"gitId":"Stevexchia"},"content":"    }","lastModifiedDate":"2025-02-21","isFullCredit":false},{"lineNumber":7,"author":{"gitId":"Stevexchia"},"content":"}","lastModifiedDate":"2025-02-21","isFullCredit":false}],"authorContributionMap":{"Stevexchia":7}},{"path":"src/main/java/piggy/task/Deadline.java","fileType":"java","lines":[{"lineNumber":1,"author":{"gitId":"Stevexchia"},"content":"package piggy.task;","lastModifiedDate":"2025-02-21","isFullCredit":false},{"lineNumber":2,"author":{"gitId":"Stevexchia"},"content":"","lastModifiedDate":"2025-02-21","isFullCredit":false},{"lineNumber":3,"author":{"gitId":"Stevexchia"},"content":"public class Deadline extends Task {","lastModifiedDate":"2025-02-08","isFullCredit":false},{"lineNumber":4,"author":{"gitId":"Stevexchia"},"content":"    private final String by;","lastModifiedDate":"2025-02-21","isFullCredit":false},{"lineNumber":5,"author":{"gitId":"Stevexchia"},"content":"","lastModifiedDate":"2025-02-08","isFullCredit":false},{"lineNumber":6,"author":{"gitId":"Stevexchia"},"content":"    public Deadline(String description, String byTime) {","lastModifiedDate":"2025-02-21","isFullCredit":false},{"lineNumber":7,"author":{"gitId":"Stevexchia"},"content":"        super(description);","lastModifiedDate":"2025-02-08","isFullCredit":false},{"lineNumber":8,"author":{"gitId":"Stevexchia"},"content":"        this.by \u003d byTime;","lastModifiedDate":"2025-02-21","isFullCredit":false},{"lineNumber":9,"author":{"gitId":"Stevexchia"},"content":"    }","lastModifiedDate":"2025-02-08","isFullCredit":false},{"lineNumber":10,"author":{"gitId":"Stevexchia"},"content":"","lastModifiedDate":"2025-02-08","isFullCredit":false},{"lineNumber":11,"author":{"gitId":"Stevexchia"},"content":"    @Override","lastModifiedDate":"2025-02-08","isFullCredit":false},{"lineNumber":12,"author":{"gitId":"Stevexchia"},"content":"    public String toString() {","lastModifiedDate":"2025-02-08","isFullCredit":false},{"lineNumber":13,"author":{"gitId":"Stevexchia"},"content":"        return \"[D]\" + super.toString() + \" (by: \" + by + \")\";","lastModifiedDate":"2025-02-08","isFullCredit":false},{"lineNumber":14,"author":{"gitId":"Stevexchia"},"content":"    }","lastModifiedDate":"2025-02-08","isFullCredit":false},{"lineNumber":15,"author":{"gitId":"Stevexchia"},"content":"","lastModifiedDate":"2025-02-21","isFullCredit":false},{"lineNumber":16,"author":{"gitId":"Stevexchia"},"content":"    @Override","lastModifiedDate":"2025-02-21","isFullCredit":false},{"lineNumber":17,"author":{"gitId":"Stevexchia"},"content":"    public String toFileString() {","lastModifiedDate":"2025-02-21","isFullCredit":false},{"lineNumber":18,"author":{"gitId":"Stevexchia"},"content":"        return \"D | \" + (isDone ? \"1\" : \"0\") + \" | \" + description + \" | \" + by;","lastModifiedDate":"2025-02-21","isFullCredit":false},{"lineNumber":19,"author":{"gitId":"Stevexchia"},"content":"    }","lastModifiedDate":"2025-02-21","isFullCredit":false},{"lineNumber":20,"author":{"gitId":"Stevexchia"},"content":"}","lastModifiedDate":"2025-02-08","isFullCredit":false}],"authorContributionMap":{"Stevexchia":20}},{"path":"src/main/java/piggy/task/Event.java","fileType":"java","lines":[{"lineNumber":1,"author":{"gitId":"Stevexchia"},"content":"package piggy.task;","lastModifiedDate":"2025-02-21","isFullCredit":false},{"lineNumber":2,"author":{"gitId":"Stevexchia"},"content":"","lastModifiedDate":"2025-02-21","isFullCredit":false},{"lineNumber":3,"author":{"gitId":"Stevexchia"},"content":"public class Event extends Task {","lastModifiedDate":"2025-02-08","isFullCredit":false},{"lineNumber":4,"author":{"gitId":"Stevexchia"},"content":"    protected String from;","lastModifiedDate":"2025-02-08","isFullCredit":false},{"lineNumber":5,"author":{"gitId":"Stevexchia"},"content":"    protected String to;","lastModifiedDate":"2025-02-08","isFullCredit":false},{"lineNumber":6,"author":{"gitId":"Stevexchia"},"content":"","lastModifiedDate":"2025-02-08","isFullCredit":false},{"lineNumber":7,"author":{"gitId":"Stevexchia"},"content":"    public Event(String description, String from, String to) {","lastModifiedDate":"2025-02-08","isFullCredit":false},{"lineNumber":8,"author":{"gitId":"Stevexchia"},"content":"        super(description);","lastModifiedDate":"2025-02-08","isFullCredit":false},{"lineNumber":9,"author":{"gitId":"Stevexchia"},"content":"        this.from \u003d from;","lastModifiedDate":"2025-02-08","isFullCredit":false},{"lineNumber":10,"author":{"gitId":"Stevexchia"},"content":"        this.to \u003d to;","lastModifiedDate":"2025-02-08","isFullCredit":false},{"lineNumber":11,"author":{"gitId":"Stevexchia"},"content":"    }","lastModifiedDate":"2025-02-08","isFullCredit":false},{"lineNumber":12,"author":{"gitId":"Stevexchia"},"content":"","lastModifiedDate":"2025-02-08","isFullCredit":false},{"lineNumber":13,"author":{"gitId":"Stevexchia"},"content":"    @Override","lastModifiedDate":"2025-02-08","isFullCredit":false},{"lineNumber":14,"author":{"gitId":"Stevexchia"},"content":"    public String toString() {","lastModifiedDate":"2025-02-08","isFullCredit":false},{"lineNumber":15,"author":{"gitId":"Stevexchia"},"content":"        return \"[E]\" + super.toString() + \" (from: \" + from + \" to: \" + to + \")\";","lastModifiedDate":"2025-02-08","isFullCredit":false},{"lineNumber":16,"author":{"gitId":"Stevexchia"},"content":"    }","lastModifiedDate":"2025-02-08","isFullCredit":false},{"lineNumber":17,"author":{"gitId":"Stevexchia"},"content":"","lastModifiedDate":"2025-02-21","isFullCredit":false},{"lineNumber":18,"author":{"gitId":"Stevexchia"},"content":"    @Override","lastModifiedDate":"2025-02-21","isFullCredit":false},{"lineNumber":19,"author":{"gitId":"Stevexchia"},"content":"    public String toFileString() {","lastModifiedDate":"2025-02-21","isFullCredit":false},{"lineNumber":20,"author":{"gitId":"Stevexchia"},"content":"        return \"E | \" + (isDone ? \"1\" : \"0\") + \" | \" + description + \" | \" + from + \" | \" + to;","lastModifiedDate":"2025-02-21","isFullCredit":false},{"lineNumber":21,"author":{"gitId":"Stevexchia"},"content":"    }","lastModifiedDate":"2025-02-21","isFullCredit":false},{"lineNumber":22,"author":{"gitId":"Stevexchia"},"content":"}","lastModifiedDate":"2025-02-08","isFullCredit":false}],"authorContributionMap":{"Stevexchia":22}},{"path":"src/main/java/piggy/task/Task.java","fileType":"java","lines":[{"lineNumber":1,"author":{"gitId":"Stevexchia"},"content":"package piggy.task;","lastModifiedDate":"2025-02-21","isFullCredit":false},{"lineNumber":2,"author":{"gitId":"Stevexchia"},"content":"","lastModifiedDate":"2025-02-21","isFullCredit":false},{"lineNumber":3,"author":{"gitId":"Stevexchia"},"content":"public abstract class Task {","lastModifiedDate":"2025-02-21","isFullCredit":false},{"lineNumber":4,"author":{"gitId":"Stevexchia"},"content":"    protected String description;","lastModifiedDate":"2025-02-08","isFullCredit":false},{"lineNumber":5,"author":{"gitId":"Stevexchia"},"content":"    protected boolean isDone;","lastModifiedDate":"2025-02-08","isFullCredit":false},{"lineNumber":6,"author":{"gitId":"Stevexchia"},"content":"","lastModifiedDate":"2025-02-08","isFullCredit":false},{"lineNumber":7,"author":{"gitId":"Stevexchia"},"content":"    public Task(String description) {","lastModifiedDate":"2025-02-08","isFullCredit":false},{"lineNumber":8,"author":{"gitId":"Stevexchia"},"content":"        this.description \u003d description;","lastModifiedDate":"2025-02-08","isFullCredit":false},{"lineNumber":9,"author":{"gitId":"Stevexchia"},"content":"        this.isDone \u003d false;","lastModifiedDate":"2025-02-08","isFullCredit":false},{"lineNumber":10,"author":{"gitId":"Stevexchia"},"content":"    }","lastModifiedDate":"2025-02-08","isFullCredit":false},{"lineNumber":11,"author":{"gitId":"Stevexchia"},"content":"","lastModifiedDate":"2025-02-08","isFullCredit":false},{"lineNumber":12,"author":{"gitId":"Stevexchia"},"content":"    public String getDescription() {","lastModifiedDate":"2025-02-21","isFullCredit":false},{"lineNumber":13,"author":{"gitId":"Stevexchia"},"content":"        return description;","lastModifiedDate":"2025-02-21","isFullCredit":false},{"lineNumber":14,"author":{"gitId":"Stevexchia"},"content":"    }","lastModifiedDate":"2025-02-21","isFullCredit":false},{"lineNumber":15,"author":{"gitId":"Stevexchia"},"content":"","lastModifiedDate":"2025-02-21","isFullCredit":false},{"lineNumber":16,"author":{"gitId":"Stevexchia"},"content":"    public void markAsDone() {","lastModifiedDate":"2025-02-08","isFullCredit":false},{"lineNumber":17,"author":{"gitId":"Stevexchia"},"content":"        this.isDone \u003d true;","lastModifiedDate":"2025-02-08","isFullCredit":false},{"lineNumber":18,"author":{"gitId":"Stevexchia"},"content":"    }","lastModifiedDate":"2025-02-08","isFullCredit":false},{"lineNumber":19,"author":{"gitId":"Stevexchia"},"content":"","lastModifiedDate":"2025-02-08","isFullCredit":false},{"lineNumber":20,"author":{"gitId":"Stevexchia"},"content":"    public void markAsNotDone() {","lastModifiedDate":"2025-02-08","isFullCredit":false},{"lineNumber":21,"author":{"gitId":"Stevexchia"},"content":"        this.isDone \u003d false;","lastModifiedDate":"2025-02-08","isFullCredit":false},{"lineNumber":22,"author":{"gitId":"Stevexchia"},"content":"    }","lastModifiedDate":"2025-02-08","isFullCredit":false},{"lineNumber":23,"author":{"gitId":"Stevexchia"},"content":"","lastModifiedDate":"2025-02-08","isFullCredit":false},{"lineNumber":24,"author":{"gitId":"Stevexchia"},"content":"    public String getStatusIcon() {","lastModifiedDate":"2025-02-08","isFullCredit":false},{"lineNumber":25,"author":{"gitId":"Stevexchia"},"content":"        return isDone ? \"X\" : \" \";","lastModifiedDate":"2025-02-08","isFullCredit":false},{"lineNumber":26,"author":{"gitId":"Stevexchia"},"content":"    }","lastModifiedDate":"2025-02-08","isFullCredit":false},{"lineNumber":27,"author":{"gitId":"Stevexchia"},"content":"","lastModifiedDate":"2025-02-08","isFullCredit":false},{"lineNumber":28,"author":{"gitId":"Stevexchia"},"content":"    public String toString() {","lastModifiedDate":"2025-02-08","isFullCredit":false},{"lineNumber":29,"author":{"gitId":"Stevexchia"},"content":"        return \"[\" + getStatusIcon() + \"] \" + description;","lastModifiedDate":"2025-02-08","isFullCredit":false},{"lineNumber":30,"author":{"gitId":"Stevexchia"},"content":"    }","lastModifiedDate":"2025-02-08","isFullCredit":false},{"lineNumber":31,"author":{"gitId":"Stevexchia"},"content":"","lastModifiedDate":"2025-02-21","isFullCredit":false},{"lineNumber":32,"author":{"gitId":"Stevexchia"},"content":"    public abstract String toFileString();","lastModifiedDate":"2025-02-21","isFullCredit":false},{"lineNumber":33,"author":{"gitId":"Stevexchia"},"content":"}","lastModifiedDate":"2025-02-08","isFullCredit":false}],"authorContributionMap":{"Stevexchia":33}},{"path":"src/main/java/piggy/task/ToDo.java","fileType":"java","lines":[{"lineNumber":1,"author":{"gitId":"Stevexchia"},"content":"package piggy.task;","lastModifiedDate":"2025-02-21","isFullCredit":false},{"lineNumber":2,"author":{"gitId":"Stevexchia"},"content":"","lastModifiedDate":"2025-02-21","isFullCredit":false},{"lineNumber":3,"author":{"gitId":"Stevexchia"},"content":"public class ToDo extends Task {","lastModifiedDate":"2025-02-08","isFullCredit":false},{"lineNumber":4,"author":{"gitId":"Stevexchia"},"content":"    public ToDo(String description) {","lastModifiedDate":"2025-02-08","isFullCredit":false},{"lineNumber":5,"author":{"gitId":"Stevexchia"},"content":"        super(description);","lastModifiedDate":"2025-02-08","isFullCredit":false},{"lineNumber":6,"author":{"gitId":"Stevexchia"},"content":"    }","lastModifiedDate":"2025-02-08","isFullCredit":false},{"lineNumber":7,"author":{"gitId":"Stevexchia"},"content":"","lastModifiedDate":"2025-02-08","isFullCredit":false},{"lineNumber":8,"author":{"gitId":"Stevexchia"},"content":"    @Override","lastModifiedDate":"2025-02-08","isFullCredit":false},{"lineNumber":9,"author":{"gitId":"Stevexchia"},"content":"    public String toString() {","lastModifiedDate":"2025-02-08","isFullCredit":false},{"lineNumber":10,"author":{"gitId":"Stevexchia"},"content":"        return \"[T]\" + super.toString();","lastModifiedDate":"2025-02-08","isFullCredit":false},{"lineNumber":11,"author":{"gitId":"Stevexchia"},"content":"    }","lastModifiedDate":"2025-02-08","isFullCredit":false},{"lineNumber":12,"author":{"gitId":"Stevexchia"},"content":"","lastModifiedDate":"2025-02-21","isFullCredit":false},{"lineNumber":13,"author":{"gitId":"Stevexchia"},"content":"    @Override","lastModifiedDate":"2025-02-21","isFullCredit":false},{"lineNumber":14,"author":{"gitId":"Stevexchia"},"content":"    public String toFileString() {","lastModifiedDate":"2025-02-21","isFullCredit":false},{"lineNumber":15,"author":{"gitId":"Stevexchia"},"content":"        return \"T | \" + (isDone ? \"1\" : \"0\") + \" | \" + description;","lastModifiedDate":"2025-02-21","isFullCredit":false},{"lineNumber":16,"author":{"gitId":"Stevexchia"},"content":"    }","lastModifiedDate":"2025-02-21","isFullCredit":false},{"lineNumber":17,"author":{"gitId":"Stevexchia"},"content":"}","lastModifiedDate":"2025-02-08","isFullCredit":false}],"authorContributionMap":{"Stevexchia":17}},{"path":"src/main/java/piggy/ui/Piggy.java","fileType":"java","lines":[{"lineNumber":1,"author":{"gitId":"Stevexchia"},"content":"package piggy.ui;","lastModifiedDate":"2025-02-21","isFullCredit":false},{"lineNumber":2,"author":{"gitId":"Stevexchia"},"content":"","lastModifiedDate":"2025-02-21","isFullCredit":false},{"lineNumber":3,"author":{"gitId":"Stevexchia"},"content":"import java.util.Scanner;","lastModifiedDate":"2025-02-07","isFullCredit":false},{"lineNumber":4,"author":{"gitId":"Stevexchia"},"content":"","lastModifiedDate":"2025-02-07","isFullCredit":false},{"lineNumber":5,"author":{"gitId":"Stevexchia"},"content":"import piggy.util.Constants;","lastModifiedDate":"2025-02-21","isFullCredit":false},{"lineNumber":6,"author":{"gitId":"Stevexchia"},"content":"import piggy.task.ToDo;","lastModifiedDate":"2025-02-21","isFullCredit":false},{"lineNumber":7,"author":{"gitId":"Stevexchia"},"content":"import piggy.task.Deadline;","lastModifiedDate":"2025-02-21","isFullCredit":false},{"lineNumber":8,"author":{"gitId":"Stevexchia"},"content":"import piggy.task.Event;","lastModifiedDate":"2025-02-21","isFullCredit":false},{"lineNumber":9,"author":{"gitId":"Stevexchia"},"content":"import piggy.data.TaskList;","lastModifiedDate":"2025-02-21","isFullCredit":false},{"lineNumber":10,"author":{"gitId":"Stevexchia"},"content":"import piggy.exceptions.PiggyException;","lastModifiedDate":"2025-02-21","isFullCredit":false},{"lineNumber":11,"author":{"gitId":"Stevexchia"},"content":"","lastModifiedDate":"2025-02-21","isFullCredit":false},{"lineNumber":12,"author":{"gitId":"Stevexchia"},"content":"public class Piggy {","lastModifiedDate":"2025-02-07","isFullCredit":false},{"lineNumber":13,"author":{"gitId":"Stevexchia"},"content":"    private static final Scanner scanner \u003d new Scanner(System.in);","lastModifiedDate":"2025-02-21","isFullCredit":false},{"lineNumber":14,"author":{"gitId":"Stevexchia"},"content":"    private static final TaskList taskList \u003d new TaskList();","lastModifiedDate":"2025-02-21","isFullCredit":false},{"lineNumber":15,"author":{"gitId":"Stevexchia"},"content":"","lastModifiedDate":"2025-02-21","isFullCredit":false},{"lineNumber":16,"author":{"gitId":"Stevexchia"},"content":"    public static void main(String[] args) {","lastModifiedDate":"2025-02-07","isFullCredit":false},{"lineNumber":17,"author":{"gitId":"Stevexchia"},"content":"        printIntro();","lastModifiedDate":"2025-02-21","isFullCredit":false},{"lineNumber":18,"author":{"gitId":"Stevexchia"},"content":"        runCommandLoop();","lastModifiedDate":"2025-02-21","isFullCredit":false},{"lineNumber":19,"author":{"gitId":"Stevexchia"},"content":"        scanner.close();","lastModifiedDate":"2025-02-21","isFullCredit":false},{"lineNumber":20,"author":{"gitId":"Stevexchia"},"content":"    }","lastModifiedDate":"2025-02-21","isFullCredit":false},{"lineNumber":21,"author":{"gitId":"Stevexchia"},"content":"","lastModifiedDate":"2025-02-07","isFullCredit":false},{"lineNumber":22,"author":{"gitId":"Stevexchia"},"content":"    private static void printIntro() {","lastModifiedDate":"2025-02-21","isFullCredit":false},{"lineNumber":23,"author":{"gitId":"Stevexchia"},"content":"        printSeparator();","lastModifiedDate":"2025-02-21","isFullCredit":false},{"lineNumber":24,"author":{"gitId":"Stevexchia"},"content":"        System.out.println(Constants.PIG_INTRO);","lastModifiedDate":"2025-02-21","isFullCredit":false},{"lineNumber":25,"author":{"gitId":"Stevexchia"},"content":"        printSeparator();","lastModifiedDate":"2025-02-21","isFullCredit":false},{"lineNumber":26,"author":{"gitId":"Stevexchia"},"content":"    }","lastModifiedDate":"2025-02-21","isFullCredit":false},{"lineNumber":27,"author":{"gitId":"Stevexchia"},"content":"","lastModifiedDate":"2025-02-07","isFullCredit":false},{"lineNumber":28,"author":{"gitId":"Stevexchia"},"content":"    private static void runCommandLoop() {","lastModifiedDate":"2025-02-21","isFullCredit":false},{"lineNumber":29,"author":{"gitId":"Stevexchia"},"content":"        while (true) {","lastModifiedDate":"2025-02-07","isFullCredit":false},{"lineNumber":30,"author":{"gitId":"Stevexchia"},"content":"            System.out.println(\"Squeal! What should we do next? \");","lastModifiedDate":"2025-02-21","isFullCredit":false},{"lineNumber":31,"author":{"gitId":"Stevexchia"},"content":"            String userInput \u003d scanner.nextLine().trim();","lastModifiedDate":"2025-02-08","isFullCredit":false},{"lineNumber":32,"author":{"gitId":"Stevexchia"},"content":"            processCommand(userInput);","lastModifiedDate":"2025-02-21","isFullCredit":false},{"lineNumber":33,"author":{"gitId":"Stevexchia"},"content":"        }","lastModifiedDate":"2025-02-21","isFullCredit":false},{"lineNumber":34,"author":{"gitId":"Stevexchia"},"content":"    }","lastModifiedDate":"2025-02-21","isFullCredit":false},{"lineNumber":35,"author":{"gitId":"Stevexchia"},"content":"","lastModifiedDate":"2025-02-07","isFullCredit":false},{"lineNumber":36,"author":{"gitId":"Stevexchia"},"content":"    private static void processCommand(String userInput) {","lastModifiedDate":"2025-02-21","isFullCredit":false},{"lineNumber":37,"author":{"gitId":"Stevexchia"},"content":"        try {","lastModifiedDate":"2025-02-21","isFullCredit":false},{"lineNumber":38,"author":{"gitId":"Stevexchia"},"content":"            // Extract the core command from user input (e.g., \"mark\", \"todo\", \"bye\")","lastModifiedDate":"2025-02-21","isFullCredit":false},{"lineNumber":39,"author":{"gitId":"Stevexchia"},"content":"            String coreCommand \u003d getCoreCommand(userInput);","lastModifiedDate":"2025-02-21","isFullCredit":false},{"lineNumber":40,"author":{"gitId":"Stevexchia"},"content":"            switch (coreCommand) {","lastModifiedDate":"2025-02-21","isFullCredit":false},{"lineNumber":41,"author":{"gitId":"Stevexchia"},"content":"                case Constants.BYE_COMMAND:","lastModifiedDate":"2025-02-21","isFullCredit":false},{"lineNumber":42,"author":{"gitId":"Stevexchia"},"content":"                    handleGoodbye();","lastModifiedDate":"2025-02-21","isFullCredit":false},{"lineNumber":43,"author":{"gitId":"Stevexchia"},"content":"                    break;","lastModifiedDate":"2025-02-07","isFullCredit":false},{"lineNumber":44,"author":{"gitId":"Stevexchia"},"content":"                case Constants.LIST_COMMAND:","lastModifiedDate":"2025-02-21","isFullCredit":false},{"lineNumber":45,"author":{"gitId":"Stevexchia"},"content":"                    taskList.listTasks();","lastModifiedDate":"2025-02-08","isFullCredit":false},{"lineNumber":46,"author":{"gitId":"Stevexchia"},"content":"                    break;","lastModifiedDate":"2025-02-21","isFullCredit":false},{"lineNumber":47,"author":{"gitId":"Stevexchia"},"content":"                case Constants.MARK_COMMAND:","lastModifiedDate":"2025-02-21","isFullCredit":false},{"lineNumber":48,"author":{"gitId":"Stevexchia"},"content":"                    handleMarkCommand(userInput);","lastModifiedDate":"2025-02-21","isFullCredit":false},{"lineNumber":49,"author":{"gitId":"Stevexchia"},"content":"                    break;","lastModifiedDate":"2025-02-21","isFullCredit":false},{"lineNumber":50,"author":{"gitId":"Stevexchia"},"content":"                case Constants.UNMARK_COMMAND:","lastModifiedDate":"2025-02-21","isFullCredit":false},{"lineNumber":51,"author":{"gitId":"Stevexchia"},"content":"                    handleUnmarkCommand(userInput);","lastModifiedDate":"2025-02-21","isFullCredit":false},{"lineNumber":52,"author":{"gitId":"Stevexchia"},"content":"                    break;","lastModifiedDate":"2025-02-21","isFullCredit":false},{"lineNumber":53,"author":{"gitId":"Stevexchia"},"content":"                case Constants.TODO_COMMAND:","lastModifiedDate":"2025-02-21","isFullCredit":false},{"lineNumber":54,"author":{"gitId":"Stevexchia"},"content":"                    handleTodoCommand(userInput);","lastModifiedDate":"2025-02-21","isFullCredit":false},{"lineNumber":55,"author":{"gitId":"Stevexchia"},"content":"                    break;","lastModifiedDate":"2025-02-21","isFullCredit":false},{"lineNumber":56,"author":{"gitId":"Stevexchia"},"content":"                case Constants.DEADLINE_COMMAND:","lastModifiedDate":"2025-02-21","isFullCredit":false},{"lineNumber":57,"author":{"gitId":"Stevexchia"},"content":"                    handleDeadlineCommand(userInput);","lastModifiedDate":"2025-02-21","isFullCredit":false},{"lineNumber":58,"author":{"gitId":"Stevexchia"},"content":"                    break;","lastModifiedDate":"2025-02-21","isFullCredit":false},{"lineNumber":59,"author":{"gitId":"Stevexchia"},"content":"                case Constants.EVENT_COMMAND:","lastModifiedDate":"2025-02-21","isFullCredit":false},{"lineNumber":60,"author":{"gitId":"Stevexchia"},"content":"                    handleEventCommand(userInput);","lastModifiedDate":"2025-02-21","isFullCredit":false},{"lineNumber":61,"author":{"gitId":"Stevexchia"},"content":"                    break;","lastModifiedDate":"2025-02-21","isFullCredit":false},{"lineNumber":62,"author":{"gitId":"Stevexchia"},"content":"                case Constants.DELETE_COMMAND:","lastModifiedDate":"2025-02-21","isFullCredit":false},{"lineNumber":63,"author":{"gitId":"Stevexchia"},"content":"                    handleDeleteCommand(userInput);","lastModifiedDate":"2025-02-21","isFullCredit":false},{"lineNumber":64,"author":{"gitId":"Stevexchia"},"content":"                    break;","lastModifiedDate":"2025-02-21","isFullCredit":false},{"lineNumber":65,"author":{"gitId":"Stevexchia"},"content":"                default:","lastModifiedDate":"2025-02-21","isFullCredit":false},{"lineNumber":66,"author":{"gitId":"Stevexchia"},"content":"                    printUnknownCommand();","lastModifiedDate":"2025-02-21","isFullCredit":false},{"lineNumber":67,"author":{"gitId":"Stevexchia"},"content":"            }","lastModifiedDate":"2025-02-21","isFullCredit":false},{"lineNumber":68,"author":{"gitId":"Stevexchia"},"content":"        } catch (Exception e) {","lastModifiedDate":"2025-02-21","isFullCredit":false},{"lineNumber":69,"author":{"gitId":"Stevexchia"},"content":"            printErrorMessage(\"Oink! Something went wrong in the mud! Please try again!\");","lastModifiedDate":"2025-02-21","isFullCredit":false},{"lineNumber":70,"author":{"gitId":"Stevexchia"},"content":"            printSeparator();","lastModifiedDate":"2025-02-21","isFullCredit":false},{"lineNumber":71,"author":{"gitId":"Stevexchia"},"content":"        }","lastModifiedDate":"2025-02-21","isFullCredit":false},{"lineNumber":72,"author":{"gitId":"Stevexchia"},"content":"    }","lastModifiedDate":"2025-02-21","isFullCredit":false},{"lineNumber":73,"author":{"gitId":"Stevexchia"},"content":"","lastModifiedDate":"2025-02-21","isFullCredit":false},{"lineNumber":74,"author":{"gitId":"Stevexchia"},"content":"    private static String getCoreCommand(String userInput) {","lastModifiedDate":"2025-02-21","isFullCredit":false},{"lineNumber":75,"author":{"gitId":"Stevexchia"},"content":"        if (userInput.startsWith(Constants.MARK_COMMAND)) {","lastModifiedDate":"2025-02-21","isFullCredit":false},{"lineNumber":76,"author":{"gitId":"Stevexchia"},"content":"            return Constants.MARK_COMMAND;","lastModifiedDate":"2025-02-21","isFullCredit":false},{"lineNumber":77,"author":{"gitId":"Stevexchia"},"content":"        } else if (userInput.startsWith(Constants.UNMARK_COMMAND)) {","lastModifiedDate":"2025-02-21","isFullCredit":false},{"lineNumber":78,"author":{"gitId":"Stevexchia"},"content":"            return Constants.UNMARK_COMMAND;","lastModifiedDate":"2025-02-21","isFullCredit":false},{"lineNumber":79,"author":{"gitId":"Stevexchia"},"content":"        } else if (userInput.startsWith(Constants.TODO_COMMAND)) {","lastModifiedDate":"2025-02-21","isFullCredit":false},{"lineNumber":80,"author":{"gitId":"Stevexchia"},"content":"            return Constants.TODO_COMMAND;","lastModifiedDate":"2025-02-21","isFullCredit":false},{"lineNumber":81,"author":{"gitId":"Stevexchia"},"content":"        } else if (userInput.startsWith(Constants.DEADLINE_COMMAND)) {","lastModifiedDate":"2025-02-21","isFullCredit":false},{"lineNumber":82,"author":{"gitId":"Stevexchia"},"content":"            return Constants.DEADLINE_COMMAND;","lastModifiedDate":"2025-02-21","isFullCredit":false},{"lineNumber":83,"author":{"gitId":"Stevexchia"},"content":"        } else if (userInput.startsWith(Constants.EVENT_COMMAND)) {","lastModifiedDate":"2025-02-21","isFullCredit":false},{"lineNumber":84,"author":{"gitId":"Stevexchia"},"content":"            return Constants.EVENT_COMMAND;","lastModifiedDate":"2025-02-21","isFullCredit":false},{"lineNumber":85,"author":{"gitId":"Stevexchia"},"content":"        } else if (userInput.equals(Constants.BYE_COMMAND)) {","lastModifiedDate":"2025-02-21","isFullCredit":false},{"lineNumber":86,"author":{"gitId":"Stevexchia"},"content":"            return Constants.BYE_COMMAND;","lastModifiedDate":"2025-02-21","isFullCredit":false},{"lineNumber":87,"author":{"gitId":"Stevexchia"},"content":"        } else if (userInput.equals(Constants.LIST_COMMAND)) {","lastModifiedDate":"2025-02-21","isFullCredit":false},{"lineNumber":88,"author":{"gitId":"Stevexchia"},"content":"            return Constants.LIST_COMMAND;","lastModifiedDate":"2025-02-21","isFullCredit":false},{"lineNumber":89,"author":{"gitId":"Stevexchia"},"content":"        } else if (userInput.startsWith(Constants.DELETE_COMMAND)) {","lastModifiedDate":"2025-02-21","isFullCredit":false},{"lineNumber":90,"author":{"gitId":"Stevexchia"},"content":"            return Constants.DELETE_COMMAND;","lastModifiedDate":"2025-02-21","isFullCredit":false},{"lineNumber":91,"author":{"gitId":"Stevexchia"},"content":"        } else {","lastModifiedDate":"2025-02-21","isFullCredit":false},{"lineNumber":92,"author":{"gitId":"Stevexchia"},"content":"            return \"unknown\";","lastModifiedDate":"2025-02-21","isFullCredit":false},{"lineNumber":93,"author":{"gitId":"Stevexchia"},"content":"        }","lastModifiedDate":"2025-02-21","isFullCredit":false},{"lineNumber":94,"author":{"gitId":"Stevexchia"},"content":"    }","lastModifiedDate":"2025-02-21","isFullCredit":false},{"lineNumber":95,"author":{"gitId":"Stevexchia"},"content":"","lastModifiedDate":"2025-02-21","isFullCredit":false},{"lineNumber":96,"author":{"gitId":"Stevexchia"},"content":"    private static void handleGoodbye() {","lastModifiedDate":"2025-02-21","isFullCredit":false},{"lineNumber":97,"author":{"gitId":"Stevexchia"},"content":"        printSeparator();","lastModifiedDate":"2025-02-21","isFullCredit":false},{"lineNumber":98,"author":{"gitId":"Stevexchia"},"content":"        System.out.println(Constants.BYE_MESSAGE);","lastModifiedDate":"2025-02-21","isFullCredit":false},{"lineNumber":99,"author":{"gitId":"Stevexchia"},"content":"        printSeparator();","lastModifiedDate":"2025-02-21","isFullCredit":false},{"lineNumber":100,"author":{"gitId":"Stevexchia"},"content":"        System.exit(0);","lastModifiedDate":"2025-02-21","isFullCredit":false},{"lineNumber":101,"author":{"gitId":"Stevexchia"},"content":"    }","lastModifiedDate":"2025-02-21","isFullCredit":false},{"lineNumber":102,"author":{"gitId":"Stevexchia"},"content":"","lastModifiedDate":"2025-02-21","isFullCredit":false},{"lineNumber":103,"author":{"gitId":"Stevexchia"},"content":"    private static void handleMarkCommand(String userInput) {","lastModifiedDate":"2025-02-21","isFullCredit":false},{"lineNumber":104,"author":{"gitId":"Stevexchia"},"content":"        try {","lastModifiedDate":"2025-02-07","isFullCredit":false},{"lineNumber":105,"author":{"gitId":"Stevexchia"},"content":"            int taskNumberToMark \u003d Integer.parseInt(userInput.substring(5).trim()) - 1;","lastModifiedDate":"2025-02-21","isFullCredit":false},{"lineNumber":106,"author":{"gitId":"Stevexchia"},"content":"            taskList.markTask(taskNumberToMark, true);","lastModifiedDate":"2025-02-21","isFullCredit":false},{"lineNumber":107,"author":{"gitId":"Stevexchia"},"content":"        } catch (NumberFormatException e) {","lastModifiedDate":"2025-02-07","isFullCredit":false},{"lineNumber":108,"author":{"gitId":"Stevexchia"},"content":"            System.out.println(\"Oink! Please enter a valid task number to mark.\");","lastModifiedDate":"2025-02-21","isFullCredit":false},{"lineNumber":109,"author":{"gitId":"Stevexchia"},"content":"            printSeparator();","lastModifiedDate":"2025-02-21","isFullCredit":false},{"lineNumber":110,"author":{"gitId":"Stevexchia"},"content":"        }","lastModifiedDate":"2025-02-07","isFullCredit":false},{"lineNumber":111,"author":{"gitId":"Stevexchia"},"content":"    }","lastModifiedDate":"2025-02-21","isFullCredit":false},{"lineNumber":112,"author":{"gitId":"Stevexchia"},"content":"","lastModifiedDate":"2025-02-21","isFullCredit":false},{"lineNumber":113,"author":{"gitId":"Stevexchia"},"content":"    private static void handleUnmarkCommand(String userInput) {","lastModifiedDate":"2025-02-21","isFullCredit":false},{"lineNumber":114,"author":{"gitId":"Stevexchia"},"content":"        try {","lastModifiedDate":"2025-02-07","isFullCredit":false},{"lineNumber":115,"author":{"gitId":"Stevexchia"},"content":"            int taskNumberToUnmark \u003d Integer.parseInt(userInput.substring(7).trim()) - 1;","lastModifiedDate":"2025-02-21","isFullCredit":false},{"lineNumber":116,"author":{"gitId":"Stevexchia"},"content":"            taskList.markTask(taskNumberToUnmark, false);","lastModifiedDate":"2025-02-21","isFullCredit":false},{"lineNumber":117,"author":{"gitId":"Stevexchia"},"content":"        } catch (NumberFormatException e) {","lastModifiedDate":"2025-02-07","isFullCredit":false},{"lineNumber":118,"author":{"gitId":"Stevexchia"},"content":"            printSeparator();","lastModifiedDate":"2025-02-21","isFullCredit":false},{"lineNumber":119,"author":{"gitId":"Stevexchia"},"content":"            System.out.println(\"Oink! Please enter a valid task number to mark.\");","lastModifiedDate":"2025-02-21","isFullCredit":false},{"lineNumber":120,"author":{"gitId":"Stevexchia"},"content":"            printSeparator();","lastModifiedDate":"2025-02-21","isFullCredit":false},{"lineNumber":121,"author":{"gitId":"Stevexchia"},"content":"        }","lastModifiedDate":"2025-02-21","isFullCredit":false},{"lineNumber":122,"author":{"gitId":"Stevexchia"},"content":"    }","lastModifiedDate":"2025-02-21","isFullCredit":false},{"lineNumber":123,"author":{"gitId":"Stevexchia"},"content":"","lastModifiedDate":"2025-02-21","isFullCredit":false},{"lineNumber":124,"author":{"gitId":"Stevexchia"},"content":"    private static void handleTodoCommand(String userInput) throws PiggyException {","lastModifiedDate":"2025-02-21","isFullCredit":false},{"lineNumber":125,"author":{"gitId":"Stevexchia"},"content":"        taskList.addTask(new ToDo(userInput.substring(5).trim()));","lastModifiedDate":"2025-02-21","isFullCredit":false},{"lineNumber":126,"author":{"gitId":"Stevexchia"},"content":"    }","lastModifiedDate":"2025-02-07","isFullCredit":false},{"lineNumber":127,"author":{"gitId":"Stevexchia"},"content":"","lastModifiedDate":"2025-02-21","isFullCredit":false},{"lineNumber":128,"author":{"gitId":"Stevexchia"},"content":"    private static void handleDeadlineCommand(String userInput) throws PiggyException {","lastModifiedDate":"2025-02-21","isFullCredit":false},{"lineNumber":129,"author":{"gitId":"Stevexchia"},"content":"        String[] parts \u003d userInput.substring(9).split(\" /by \", 2);","lastModifiedDate":"2025-02-08","isFullCredit":false},{"lineNumber":130,"author":{"gitId":"Stevexchia"},"content":"        if (parts.length \u003c 2) {","lastModifiedDate":"2025-02-08","isFullCredit":false},{"lineNumber":131,"author":{"gitId":"Stevexchia"},"content":"            printSeparator();","lastModifiedDate":"2025-02-21","isFullCredit":false},{"lineNumber":132,"author":{"gitId":"Stevexchia"},"content":"            System.out.println(\"Oink! Invalid format! Use: deadline \u003cdescription\u003e /by \u003ctime\u003e\");","lastModifiedDate":"2025-02-21","isFullCredit":false},{"lineNumber":133,"author":{"gitId":"Stevexchia"},"content":"            printSeparator();","lastModifiedDate":"2025-02-21","isFullCredit":false},{"lineNumber":134,"author":{"gitId":"Stevexchia"},"content":"        } else {","lastModifiedDate":"2025-02-07","isFullCredit":false},{"lineNumber":135,"author":{"gitId":"Stevexchia"},"content":"            taskList.addTask(new Deadline(parts[0].trim(), parts[1].trim()));","lastModifiedDate":"2025-02-21","isFullCredit":false},{"lineNumber":136,"author":{"gitId":"Stevexchia"},"content":"        }","lastModifiedDate":"2025-02-21","isFullCredit":false},{"lineNumber":137,"author":{"gitId":"Stevexchia"},"content":"    }","lastModifiedDate":"2025-02-08","isFullCredit":false},{"lineNumber":138,"author":{"gitId":"Stevexchia"},"content":"","lastModifiedDate":"2025-02-21","isFullCredit":false},{"lineNumber":139,"author":{"gitId":"Stevexchia"},"content":"    private static void handleEventCommand(String userInput) throws PiggyException {","lastModifiedDate":"2025-02-21","isFullCredit":false},{"lineNumber":140,"author":{"gitId":"Stevexchia"},"content":"        String[] parts \u003d userInput.substring(6).split(\" /from | /to \", 3);","lastModifiedDate":"2025-02-08","isFullCredit":false},{"lineNumber":141,"author":{"gitId":"Stevexchia"},"content":"        if (parts.length \u003c 3) {","lastModifiedDate":"2025-02-08","isFullCredit":false},{"lineNumber":142,"author":{"gitId":"Stevexchia"},"content":"            printSeparator();","lastModifiedDate":"2025-02-21","isFullCredit":false},{"lineNumber":143,"author":{"gitId":"Stevexchia"},"content":"            System.out.println(\"Oink! Invalid format! Use: event \u003cdescription\u003e /from \u003cstart\u003e /to \u003cend\u003e\");","lastModifiedDate":"2025-02-21","isFullCredit":false},{"lineNumber":144,"author":{"gitId":"Stevexchia"},"content":"            printSeparator();","lastModifiedDate":"2025-02-21","isFullCredit":false},{"lineNumber":145,"author":{"gitId":"Stevexchia"},"content":"        } else {","lastModifiedDate":"2025-02-08","isFullCredit":false},{"lineNumber":146,"author":{"gitId":"Stevexchia"},"content":"            taskList.addTask(new Event(parts[0].trim(), parts[1].trim(), parts[2].trim()));","lastModifiedDate":"2025-02-21","isFullCredit":false},{"lineNumber":147,"author":{"gitId":"Stevexchia"},"content":"        }","lastModifiedDate":"2025-02-08","isFullCredit":false},{"lineNumber":148,"author":{"gitId":"Stevexchia"},"content":"    }","lastModifiedDate":"2025-02-07","isFullCredit":false},{"lineNumber":149,"author":{"gitId":"Stevexchia"},"content":"","lastModifiedDate":"2025-02-21","isFullCredit":false},{"lineNumber":150,"author":{"gitId":"Stevexchia"},"content":"    private static void handleDeleteCommand(String userInput) {","lastModifiedDate":"2025-02-21","isFullCredit":false},{"lineNumber":151,"author":{"gitId":"Stevexchia"},"content":"        try {","lastModifiedDate":"2025-02-21","isFullCredit":false},{"lineNumber":152,"author":{"gitId":"Stevexchia"},"content":"            int taskNumberToDelete \u003d Integer.parseInt(userInput.substring(7).trim()) - 1;","lastModifiedDate":"2025-02-21","isFullCredit":false},{"lineNumber":153,"author":{"gitId":"Stevexchia"},"content":"            taskList.deleteTask(taskNumberToDelete);","lastModifiedDate":"2025-02-21","isFullCredit":false},{"lineNumber":154,"author":{"gitId":"Stevexchia"},"content":"        } catch (NumberFormatException e) {","lastModifiedDate":"2025-02-21","isFullCredit":false},{"lineNumber":155,"author":{"gitId":"Stevexchia"},"content":"            printSeparator();","lastModifiedDate":"2025-02-21","isFullCredit":false},{"lineNumber":156,"author":{"gitId":"Stevexchia"},"content":"            System.out.println(\"Oink! Please enter a valid task number to delete!\");","lastModifiedDate":"2025-02-21","isFullCredit":false},{"lineNumber":157,"author":{"gitId":"Stevexchia"},"content":"            printSeparator();","lastModifiedDate":"2025-02-21","isFullCredit":false},{"lineNumber":158,"author":{"gitId":"Stevexchia"},"content":"        }","lastModifiedDate":"2025-02-21","isFullCredit":false},{"lineNumber":159,"author":{"gitId":"Stevexchia"},"content":"    }","lastModifiedDate":"2025-02-21","isFullCredit":false},{"lineNumber":160,"author":{"gitId":"Stevexchia"},"content":"","lastModifiedDate":"2025-02-21","isFullCredit":false},{"lineNumber":161,"author":{"gitId":"Stevexchia"},"content":"    private static void printSeparator() {","lastModifiedDate":"2025-02-21","isFullCredit":false},{"lineNumber":162,"author":{"gitId":"Stevexchia"},"content":"        System.out.println(Constants.SEPARATOR);","lastModifiedDate":"2025-02-21","isFullCredit":false},{"lineNumber":163,"author":{"gitId":"Stevexchia"},"content":"    }","lastModifiedDate":"2025-02-07","isFullCredit":false},{"lineNumber":164,"author":{"gitId":"Stevexchia"},"content":"","lastModifiedDate":"2025-02-07","isFullCredit":false},{"lineNumber":165,"author":{"gitId":"Stevexchia"},"content":"    private static void printErrorMessage(String message) {","lastModifiedDate":"2025-02-21","isFullCredit":false},{"lineNumber":166,"author":{"gitId":"Stevexchia"},"content":"        printSeparator();","lastModifiedDate":"2025-02-21","isFullCredit":false},{"lineNumber":167,"author":{"gitId":"Stevexchia"},"content":"        System.out.println(message);","lastModifiedDate":"2025-02-21","isFullCredit":false},{"lineNumber":168,"author":{"gitId":"Stevexchia"},"content":"        printSeparator();","lastModifiedDate":"2025-02-21","isFullCredit":false},{"lineNumber":169,"author":{"gitId":"Stevexchia"},"content":"    }","lastModifiedDate":"2025-02-21","isFullCredit":false},{"lineNumber":170,"author":{"gitId":"Stevexchia"},"content":"","lastModifiedDate":"2025-02-21","isFullCredit":false},{"lineNumber":171,"author":{"gitId":"Stevexchia"},"content":"    private static void printUnknownCommand() {","lastModifiedDate":"2025-02-21","isFullCredit":false},{"lineNumber":172,"author":{"gitId":"Stevexchia"},"content":"        printErrorMessage(\"Oink, oink! Unknown command! Please try again, or I\u0027ll start snorting!\");","lastModifiedDate":"2025-02-21","isFullCredit":false},{"lineNumber":173,"author":{"gitId":"Stevexchia"},"content":"    }","lastModifiedDate":"2025-02-07","isFullCredit":false},{"lineNumber":174,"author":{"gitId":"Stevexchia"},"content":"}","lastModifiedDate":"2025-02-07","isFullCredit":false}],"authorContributionMap":{"Stevexchia":174}},{"path":"src/main/java/piggy/util/Constants.java","fileType":"java","lines":[{"lineNumber":1,"author":{"gitId":"Stevexchia"},"content":"package piggy.util;","lastModifiedDate":"2025-02-21","isFullCredit":false},{"lineNumber":2,"author":{"gitId":"Stevexchia"},"content":"","lastModifiedDate":"2025-02-21","isFullCredit":false},{"lineNumber":3,"author":{"gitId":"Stevexchia"},"content":"public class Constants {","lastModifiedDate":"2025-02-21","isFullCredit":false},{"lineNumber":4,"author":{"gitId":"Stevexchia"},"content":"    public static final String SEPARATOR \u003d \"____________________________________________________________\";","lastModifiedDate":"2025-02-21","isFullCredit":false},{"lineNumber":5,"author":{"gitId":"Stevexchia"},"content":"    public static final String PIG_INTRO \u003d \"\"\"","lastModifiedDate":"2025-02-21","isFullCredit":false},{"lineNumber":6,"author":{"gitId":"Stevexchia"},"content":"             Oink! Welcome to Piggy\u0027s Task Manager! 🐷","lastModifiedDate":"2025-02-21","isFullCredit":false},{"lineNumber":7,"author":{"gitId":"Stevexchia"},"content":"             ","lastModifiedDate":"2025-02-21","isFullCredit":false},{"lineNumber":8,"author":{"gitId":"Stevexchia"},"content":"                         (,) ","lastModifiedDate":"2025-02-21","isFullCredit":false},{"lineNumber":9,"author":{"gitId":"Stevexchia"},"content":"                         _/","lastModifiedDate":"2025-02-21","isFullCredit":false},{"lineNumber":10,"author":{"gitId":"Stevexchia"},"content":"                    .--\\\"_\\\"--.","lastModifiedDate":"2025-02-21","isFullCredit":false},{"lineNumber":11,"author":{"gitId":"Stevexchia"},"content":"                  .\\\"   |I|   \\\".","lastModifiedDate":"2025-02-21","isFullCredit":false},{"lineNumber":12,"author":{"gitId":"Stevexchia"},"content":"                 /     |I|     \\\\","lastModifiedDate":"2025-02-21","isFullCredit":false},{"lineNumber":13,"author":{"gitId":"Stevexchia"},"content":"                /      |I|      \\\\","lastModifiedDate":"2025-02-21","isFullCredit":false},{"lineNumber":14,"author":{"gitId":"Stevexchia"},"content":"                ;       |I|       ;","lastModifiedDate":"2025-02-21","isFullCredit":false},{"lineNumber":15,"author":{"gitId":"Stevexchia"},"content":"               |   _   \u0027\\\"\u0027   _   |","lastModifiedDate":"2025-02-21","isFullCredit":false},{"lineNumber":16,"author":{"gitId":"Stevexchia"},"content":"              /|  |\\\\\\\\_,...,_//|  |\\\\","lastModifiedDate":"2025-02-21","isFullCredit":false},{"lineNumber":17,"author":{"gitId":"Stevexchia"},"content":"             / |  |-\\\" 0   0 \\\"-|  | \\\\","lastModifiedDate":"2025-02-21","isFullCredit":false},{"lineNumber":18,"author":{"gitId":"Stevexchia"},"content":"            (//| /             \\\\ |\\\\\\\\)","lastModifiedDate":"2025-02-21","isFullCredit":false},{"lineNumber":19,"author":{"gitId":"Stevexchia"},"content":"              ^ \\\\ |    _..._    | / ^","lastModifiedDate":"2025-02-21","isFullCredit":false},{"lineNumber":20,"author":{"gitId":"Stevexchia"},"content":"                 \u0027|  .\u0027     \u0027.  |\u0027","lastModifiedDate":"2025-02-21","isFullCredit":false},{"lineNumber":21,"author":{"gitId":"Stevexchia"},"content":"                  \\\\  | () () |  /","lastModifiedDate":"2025-02-21","isFullCredit":false},{"lineNumber":22,"author":{"gitId":"Stevexchia"},"content":"                 / \u0027..     .\u0027.\u0027 \\\\","lastModifiedDate":"2025-02-21","isFullCredit":false},{"lineNumber":23,"author":{"gitId":"Stevexchia"},"content":"                /\u0027 / \\\\\\\"\\\"\\\"/ \\\\ \\\\","lastModifiedDate":"2025-02-21","isFullCredit":false},{"lineNumber":24,"author":{"gitId":"Stevexchia"},"content":"               (/ /    \\\"\\\"\\\"    \\\\ \\\\)","lastModifiedDate":"2025-02-21","isFullCredit":false},{"lineNumber":25,"author":{"gitId":"Stevexchia"},"content":"                ^               ^","lastModifiedDate":"2025-02-21","isFullCredit":false},{"lineNumber":26,"author":{"gitId":"Stevexchia"},"content":"                ","lastModifiedDate":"2025-02-21","isFullCredit":false},{"lineNumber":27,"author":{"gitId":"Stevexchia"},"content":"            Let\u0027s get muddy with some tasks! \"\"\";","lastModifiedDate":"2025-02-21","isFullCredit":false},{"lineNumber":28,"author":{"gitId":"Stevexchia"},"content":"","lastModifiedDate":"2025-02-21","isFullCredit":false},{"lineNumber":29,"author":{"gitId":"Stevexchia"},"content":"    //commands","lastModifiedDate":"2025-02-21","isFullCredit":false},{"lineNumber":30,"author":{"gitId":"Stevexchia"},"content":"    public static final String BYE_COMMAND \u003d \"bye\";","lastModifiedDate":"2025-02-21","isFullCredit":false},{"lineNumber":31,"author":{"gitId":"Stevexchia"},"content":"    public static final String LIST_COMMAND \u003d \"list\";","lastModifiedDate":"2025-02-21","isFullCredit":false},{"lineNumber":32,"author":{"gitId":"Stevexchia"},"content":"    public static final String MARK_COMMAND \u003d \"mark \";","lastModifiedDate":"2025-02-21","isFullCredit":false},{"lineNumber":33,"author":{"gitId":"Stevexchia"},"content":"    public static final String UNMARK_COMMAND \u003d \"unmark \";","lastModifiedDate":"2025-02-21","isFullCredit":false},{"lineNumber":34,"author":{"gitId":"Stevexchia"},"content":"    public static final String TODO_COMMAND \u003d \"todo \";","lastModifiedDate":"2025-02-21","isFullCredit":false},{"lineNumber":35,"author":{"gitId":"Stevexchia"},"content":"    public static final String DEADLINE_COMMAND \u003d \"deadline \";","lastModifiedDate":"2025-02-21","isFullCredit":false},{"lineNumber":36,"author":{"gitId":"Stevexchia"},"content":"    public static final String EVENT_COMMAND \u003d \"event \";","lastModifiedDate":"2025-02-21","isFullCredit":false},{"lineNumber":37,"author":{"gitId":"Stevexchia"},"content":"    public static final String DELETE_COMMAND \u003d \"delete \";","lastModifiedDate":"2025-02-21","isFullCredit":false},{"lineNumber":38,"author":{"gitId":"Stevexchia"},"content":"","lastModifiedDate":"2025-02-21","isFullCredit":false},{"lineNumber":39,"author":{"gitId":"Stevexchia"},"content":"    //others","lastModifiedDate":"2025-02-21","isFullCredit":false},{"lineNumber":40,"author":{"gitId":"Stevexchia"},"content":"    public static final String BYE_MESSAGE \u003d \"Oink, oink! I\u0027m going for a nap in the mud. See you soon! \\uD83D\\uDC16\";","lastModifiedDate":"2025-02-21","isFullCredit":false},{"lineNumber":41,"author":{"gitId":"Stevexchia"},"content":"","lastModifiedDate":"2025-02-21","isFullCredit":false},{"lineNumber":42,"author":{"gitId":"Stevexchia"},"content":"}","lastModifiedDate":"2025-02-21","isFullCredit":false}],"authorContributionMap":{"Stevexchia":42}},{"path":"text-ui-test/runtest.bat","fileType":"bat","lines":[{"lineNumber":1,"author":{"gitId":"-"},"content":"@ECHO OFF","lastModifiedDate":"2020-05-25","isFullCredit":false},{"lineNumber":2,"author":{"gitId":"-"},"content":"","lastModifiedDate":"2020-05-25","isFullCredit":false},{"lineNumber":3,"author":{"gitId":"-"},"content":"REM create bin directory if it doesn\u0027t exist","lastModifiedDate":"2020-05-25","isFullCredit":false},{"lineNumber":4,"author":{"gitId":"-"},"content":"if not exist ..\\bin mkdir ..\\bin","lastModifiedDate":"2020-05-25","isFullCredit":false},{"lineNumber":5,"author":{"gitId":"-"},"content":"","lastModifiedDate":"2020-05-25","isFullCredit":false},{"lineNumber":6,"author":{"gitId":"-"},"content":"REM delete output from previous run","lastModifiedDate":"2020-05-25","isFullCredit":false},{"lineNumber":7,"author":{"gitId":"-"},"content":"if exist ACTUAL.TXT del ACTUAL.TXT","lastModifiedDate":"2020-08-25","isFullCredit":false},{"lineNumber":8,"author":{"gitId":"-"},"content":"","lastModifiedDate":"2020-05-25","isFullCredit":false},{"lineNumber":9,"author":{"gitId":"-"},"content":"REM compile the code into the bin folder","lastModifiedDate":"2020-05-25","isFullCredit":false},{"lineNumber":10,"author":{"gitId":"-"},"content":"javac  -cp ..\\src\\main\\java -Xlint:none -d ..\\bin ..\\src\\main\\java\\*.java","lastModifiedDate":"2020-08-25","isFullCredit":false},{"lineNumber":11,"author":{"gitId":"-"},"content":"IF ERRORLEVEL 1 (","lastModifiedDate":"2020-05-25","isFullCredit":false},{"lineNumber":12,"author":{"gitId":"-"},"content":"    echo ********** BUILD FAILURE **********","lastModifiedDate":"2020-05-25","isFullCredit":false},{"lineNumber":13,"author":{"gitId":"-"},"content":"    exit /b 1","lastModifiedDate":"2020-05-25","isFullCredit":false},{"lineNumber":14,"author":{"gitId":"-"},"content":")","lastModifiedDate":"2020-05-25","isFullCredit":false},{"lineNumber":15,"author":{"gitId":"-"},"content":"REM no error here, errorlevel \u003d\u003d 0","lastModifiedDate":"2020-05-25","isFullCredit":false},{"lineNumber":16,"author":{"gitId":"-"},"content":"","lastModifiedDate":"2020-05-25","isFullCredit":false},{"lineNumber":17,"author":{"gitId":"-"},"content":"REM run the program, feed commands from input.txt file and redirect the output to the ACTUAL.TXT","lastModifiedDate":"2020-05-25","isFullCredit":false},{"lineNumber":18,"author":{"gitId":"Stevexchia"},"content":"java -classpath ..\\bin Piggy \u003c input.txt \u003e ACTUAL.TXT","lastModifiedDate":"2025-02-07","isFullCredit":false},{"lineNumber":19,"author":{"gitId":"-"},"content":"","lastModifiedDate":"2020-05-25","isFullCredit":false},{"lineNumber":20,"author":{"gitId":"-"},"content":"REM compare the output to the expected output","lastModifiedDate":"2020-05-25","isFullCredit":false},{"lineNumber":21,"author":{"gitId":"-"},"content":"FC ACTUAL.TXT EXPECTED.TXT","lastModifiedDate":"2020-05-25","isFullCredit":false}],"authorContributionMap":{"Stevexchia":1,"-":20}}]
