{"authorDailyContributionsMap":{"Stevexchia":[{"date":"2025-02-05","commitResults":[{"hash":"7ecac2091d694d792d439fd839ccb45e242f87f6","isMergeCommit":false,"messageTitle":"Update input.txt","messageBody":"","fileTypesAndContributionMap":{"txt":{"insertions":1,"deletions":0}}}]},{"date":"2025-02-07","commitResults":[{"hash":"f6937e8b32cb78d4d9419de574b011e4a9d38984","isMergeCommit":false,"messageTitle":"Setup of Project Duke","messageBody":"Add increment Level-0: Rename, Greet Exit\n","fileTypesAndContributionMap":{"java":{"insertions":10,"deletions":10},"bat":{"insertions":1,"deletions":1},"md":{"insertions":3,"deletions":3}}},{"hash":"979f0033ea2ae15841e16eae98190e0321bac479","isMergeCommit":false,"messageTitle":"Echo user inputs","messageBody":"","fileTypesAndContributionMap":{"java":{"insertions":21,"deletions":2}}},{"hash":"9b4e89e21ce3e8d73546fc83972cb62fc3f161b9","isMergeCommit":false,"messageTitle":"Level 2: Add tasks to list","messageBody":"","fileTypesAndContributionMap":{"java":{"insertions":17,"deletions":4}}},{"hash":"29d9090aa1a71288784ab515007e78e6eca781e6","isMergeCommit":false,"messageTitle":"Level 3: Mark and unmark tasks in list","messageBody":"","fileTypesAndContributionMap":{"java":{"insertions":63,"deletions":4}}}]}]},"authorFileTypeContributionMap":{"Stevexchia":{"java":101,"md":3,"fxml":0,"sh":0,"bat":1,"gradle":0,"txt":1}},"authorContributionVariance":{"Stevexchia":642.9702},"authorDisplayNameMap":{"Stevexchia":"STEV..N XU"}}
