[{"path":"src/main/java/Echo.java","fileType":"java","lines":[{"lineNumber":1,"author":{"gitId":"ae-24"},"content":"public class Echo {","lastModifiedDate":"2025-01-24","isFullCredit":false},{"lineNumber":2,"author":{"gitId":"ae-24"},"content":"","lastModifiedDate":"2025-02-06","isFullCredit":false},{"lineNumber":3,"author":{"gitId":"ae-24"},"content":"    public static final String LINE_SEPARATOR \u003d \"____________________________________________________________\";","lastModifiedDate":"2025-02-06","isFullCredit":false},{"lineNumber":4,"author":{"gitId":"ae-24"},"content":"","lastModifiedDate":"2025-02-06","isFullCredit":false},{"lineNumber":5,"author":{"gitId":"ae-24"},"content":"    public static void main(String[] args) {","lastModifiedDate":"2025-01-24","isFullCredit":false},{"lineNumber":6,"author":{"gitId":"ae-24"},"content":"        TaskManager taskManager \u003d new TaskManager();","lastModifiedDate":"2025-02-06","isFullCredit":false},{"lineNumber":7,"author":{"gitId":"ae-24"},"content":"        InputManager inputManager \u003d new InputManager(taskManager);","lastModifiedDate":"2025-02-06","isFullCredit":false},{"lineNumber":8,"author":{"gitId":"ae-24"},"content":"","lastModifiedDate":"2025-01-31","isFullCredit":false},{"lineNumber":9,"author":{"gitId":"ae-24"},"content":"        printGreeting();","lastModifiedDate":"2025-02-06","isFullCredit":false},{"lineNumber":10,"author":{"gitId":"ae-24"},"content":"","lastModifiedDate":"2025-01-31","isFullCredit":false},{"lineNumber":11,"author":{"gitId":"ae-24"},"content":"        inputManager.processInputLoop();","lastModifiedDate":"2025-02-06","isFullCredit":false},{"lineNumber":12,"author":{"gitId":"ae-24"},"content":"","lastModifiedDate":"2025-01-31","isFullCredit":false},{"lineNumber":13,"author":{"gitId":"ae-24"},"content":"        printGoodbye();","lastModifiedDate":"2025-02-06","isFullCredit":false},{"lineNumber":14,"author":{"gitId":"ae-24"},"content":"    }","lastModifiedDate":"2025-01-31","isFullCredit":false},{"lineNumber":15,"author":{"gitId":"ae-24"},"content":"","lastModifiedDate":"2025-01-31","isFullCredit":false},{"lineNumber":16,"author":{"gitId":"ae-24"},"content":"    private static void printGoodbye() {","lastModifiedDate":"2025-02-06","isFullCredit":false},{"lineNumber":17,"author":{"gitId":"ae-24"},"content":"        System.out.println(LINE_SEPARATOR);","lastModifiedDate":"2025-02-06","isFullCredit":false},{"lineNumber":18,"author":{"gitId":"ae-24"},"content":"        System.out.println(\"Bye. Hope to see you again soon!\");","lastModifiedDate":"2025-02-06","isFullCredit":false},{"lineNumber":19,"author":{"gitId":"ae-24"},"content":"        System.out.println(LINE_SEPARATOR);","lastModifiedDate":"2025-02-06","isFullCredit":false},{"lineNumber":20,"author":{"gitId":"ae-24"},"content":"    }","lastModifiedDate":"2025-01-31","isFullCredit":false},{"lineNumber":21,"author":{"gitId":"ae-24"},"content":"","lastModifiedDate":"2025-01-31","isFullCredit":false},{"lineNumber":22,"author":{"gitId":"ae-24"},"content":"    private static void printGreeting() {","lastModifiedDate":"2025-02-06","isFullCredit":false},{"lineNumber":23,"author":{"gitId":"ae-24"},"content":"        System.out.println(LINE_SEPARATOR);","lastModifiedDate":"2025-02-06","isFullCredit":false},{"lineNumber":24,"author":{"gitId":"ae-24"},"content":"        System.out.println(\"Hello! I\u0027m Echo\");","lastModifiedDate":"2025-02-06","isFullCredit":false},{"lineNumber":25,"author":{"gitId":"ae-24"},"content":"        System.out.println(\"What can I do for you?\");","lastModifiedDate":"2025-02-06","isFullCredit":false},{"lineNumber":26,"author":{"gitId":"ae-24"},"content":"        System.out.println(\"Type \u0027bye\u0027 to exit.\");","lastModifiedDate":"2025-02-06","isFullCredit":false},{"lineNumber":27,"author":{"gitId":"ae-24"},"content":"        System.out.println(LINE_SEPARATOR);","lastModifiedDate":"2025-02-06","isFullCredit":false},{"lineNumber":28,"author":{"gitId":"ae-24"},"content":"    }","lastModifiedDate":"2025-01-24","isFullCredit":false},{"lineNumber":29,"author":{"gitId":"ae-24"},"content":"}","lastModifiedDate":"2025-01-24","isFullCredit":false}],"authorContributionMap":{"ae-24":29}},{"path":"src/main/java/Exception/IllegalFormatException.java","fileType":"java","lines":[{"lineNumber":1,"author":{"gitId":"ae-24"},"content":"package Exception;","lastModifiedDate":"2025-02-12","isFullCredit":false},{"lineNumber":2,"author":{"gitId":"ae-24"},"content":"","lastModifiedDate":"2025-02-12","isFullCredit":false},{"lineNumber":3,"author":{"gitId":"ae-24"},"content":"public class IllegalFormatException extends Exception {","lastModifiedDate":"2025-02-12","isFullCredit":false},{"lineNumber":4,"author":{"gitId":"ae-24"},"content":"    public IllegalFormatException(String message) {","lastModifiedDate":"2025-02-12","isFullCredit":false},{"lineNumber":5,"author":{"gitId":"ae-24"},"content":"        super(message);","lastModifiedDate":"2025-02-12","isFullCredit":false},{"lineNumber":6,"author":{"gitId":"ae-24"},"content":"    }","lastModifiedDate":"2025-02-12","isFullCredit":false},{"lineNumber":7,"author":{"gitId":"ae-24"},"content":"","lastModifiedDate":"2025-02-12","isFullCredit":false},{"lineNumber":8,"author":{"gitId":"ae-24"},"content":"    public void print() {","lastModifiedDate":"2025-02-12","isFullCredit":false},{"lineNumber":9,"author":{"gitId":"ae-24"},"content":"        System.out.println(\"Invalid input: \" + getMessage());","lastModifiedDate":"2025-02-12","isFullCredit":false},{"lineNumber":10,"author":{"gitId":"ae-24"},"content":"    }","lastModifiedDate":"2025-02-12","isFullCredit":false},{"lineNumber":11,"author":{"gitId":"ae-24"},"content":"}","lastModifiedDate":"2025-02-12","isFullCredit":false}],"authorContributionMap":{"ae-24":11}},{"path":"src/main/java/Exception/InvalidInputException.java","fileType":"java","lines":[{"lineNumber":1,"author":{"gitId":"ae-24"},"content":"package Exception;","lastModifiedDate":"2025-02-12","isFullCredit":false},{"lineNumber":2,"author":{"gitId":"ae-24"},"content":"","lastModifiedDate":"2025-02-12","isFullCredit":false},{"lineNumber":3,"author":{"gitId":"ae-24"},"content":"public class InvalidInputException extends Exception {","lastModifiedDate":"2025-02-12","isFullCredit":false},{"lineNumber":4,"author":{"gitId":"ae-24"},"content":"    public InvalidInputException(String message) {","lastModifiedDate":"2025-02-12","isFullCredit":false},{"lineNumber":5,"author":{"gitId":"ae-24"},"content":"        super(message);","lastModifiedDate":"2025-02-12","isFullCredit":false},{"lineNumber":6,"author":{"gitId":"ae-24"},"content":"    }","lastModifiedDate":"2025-02-12","isFullCredit":false},{"lineNumber":7,"author":{"gitId":"ae-24"},"content":"","lastModifiedDate":"2025-02-12","isFullCredit":false},{"lineNumber":8,"author":{"gitId":"ae-24"},"content":"    public void print() {","lastModifiedDate":"2025-02-12","isFullCredit":false},{"lineNumber":9,"author":{"gitId":"ae-24"},"content":"        System.out.println(\"Invalid input: \" + getMessage());","lastModifiedDate":"2025-02-12","isFullCredit":false},{"lineNumber":10,"author":{"gitId":"ae-24"},"content":"    }","lastModifiedDate":"2025-02-12","isFullCredit":false},{"lineNumber":11,"author":{"gitId":"ae-24"},"content":"","lastModifiedDate":"2025-02-12","isFullCredit":false},{"lineNumber":12,"author":{"gitId":"ae-24"},"content":"}","lastModifiedDate":"2025-02-12","isFullCredit":false}],"authorContributionMap":{"ae-24":12}},{"path":"src/main/java/InputManager.java","fileType":"java","lines":[{"lineNumber":1,"author":{"gitId":"ae-24"},"content":"import java.util.Scanner;","lastModifiedDate":"2025-02-06","isFullCredit":false},{"lineNumber":2,"author":{"gitId":"ae-24"},"content":"import Exception.*;","lastModifiedDate":"2025-02-12","isFullCredit":false},{"lineNumber":3,"author":{"gitId":"ae-24"},"content":"","lastModifiedDate":"2025-02-06","isFullCredit":false},{"lineNumber":4,"author":{"gitId":"ae-24"},"content":"public class InputManager {","lastModifiedDate":"2025-02-06","isFullCredit":false},{"lineNumber":5,"author":{"gitId":"ae-24"},"content":"    private final TaskManager taskManager;","lastModifiedDate":"2025-02-06","isFullCredit":false},{"lineNumber":6,"author":{"gitId":"ae-24"},"content":"","lastModifiedDate":"2025-02-06","isFullCredit":false},{"lineNumber":7,"author":{"gitId":"ae-24"},"content":"    public InputManager(TaskManager taskManager) {","lastModifiedDate":"2025-02-06","isFullCredit":false},{"lineNumber":8,"author":{"gitId":"ae-24"},"content":"        this.taskManager \u003d taskManager;","lastModifiedDate":"2025-02-06","isFullCredit":false},{"lineNumber":9,"author":{"gitId":"ae-24"},"content":"    }","lastModifiedDate":"2025-02-06","isFullCredit":false},{"lineNumber":10,"author":{"gitId":"ae-24"},"content":"","lastModifiedDate":"2025-02-06","isFullCredit":false},{"lineNumber":11,"author":{"gitId":"ae-24"},"content":"    public void processInputLoop() {","lastModifiedDate":"2025-02-06","isFullCredit":false},{"lineNumber":12,"author":{"gitId":"ae-24"},"content":"        String line;","lastModifiedDate":"2025-02-06","isFullCredit":false},{"lineNumber":13,"author":{"gitId":"ae-24"},"content":"        Scanner in \u003d new Scanner(System.in);","lastModifiedDate":"2025-02-06","isFullCredit":false},{"lineNumber":14,"author":{"gitId":"ae-24"},"content":"","lastModifiedDate":"2025-02-06","isFullCredit":false},{"lineNumber":15,"author":{"gitId":"ae-24"},"content":"        while (true) {","lastModifiedDate":"2025-02-06","isFullCredit":false},{"lineNumber":16,"author":{"gitId":"ae-24"},"content":"            line \u003d in.nextLine().trim();","lastModifiedDate":"2025-02-06","isFullCredit":false},{"lineNumber":17,"author":{"gitId":"ae-24"},"content":"","lastModifiedDate":"2025-02-06","isFullCredit":false},{"lineNumber":18,"author":{"gitId":"ae-24"},"content":"            try {","lastModifiedDate":"2025-02-12","isFullCredit":false},{"lineNumber":19,"author":{"gitId":"ae-24"},"content":"                if (line.equalsIgnoreCase(\"bye\")) {","lastModifiedDate":"2025-02-06","isFullCredit":false},{"lineNumber":20,"author":{"gitId":"ae-24"},"content":"                    break;","lastModifiedDate":"2025-02-06","isFullCredit":false},{"lineNumber":21,"author":{"gitId":"ae-24"},"content":"                } else if (line.equalsIgnoreCase(\"list\")) {","lastModifiedDate":"2025-02-06","isFullCredit":false},{"lineNumber":22,"author":{"gitId":"ae-24"},"content":"                    taskManager.printTaskList();","lastModifiedDate":"2025-02-06","isFullCredit":false},{"lineNumber":23,"author":{"gitId":"ae-24"},"content":"                } else if (line.toLowerCase().startsWith(\"mark\")) {","lastModifiedDate":"2025-02-06","isFullCredit":false},{"lineNumber":24,"author":{"gitId":"ae-24"},"content":"                    taskManager.markTaskAsComplete(line);","lastModifiedDate":"2025-02-06","isFullCredit":false},{"lineNumber":25,"author":{"gitId":"ae-24"},"content":"                } else if (line.toLowerCase().startsWith(\"unmark\")) {","lastModifiedDate":"2025-02-06","isFullCredit":false},{"lineNumber":26,"author":{"gitId":"ae-24"},"content":"                    taskManager.markTaskAsIncomplete(line);","lastModifiedDate":"2025-02-06","isFullCredit":false},{"lineNumber":27,"author":{"gitId":"ae-24"},"content":"                } else if (line.toLowerCase().startsWith(\"todo\")) {","lastModifiedDate":"2025-02-07","isFullCredit":false},{"lineNumber":28,"author":{"gitId":"ae-24"},"content":"                    taskManager.addTodo(line);","lastModifiedDate":"2025-02-07","isFullCredit":false},{"lineNumber":29,"author":{"gitId":"ae-24"},"content":"                } else if (line.toLowerCase().startsWith(\"deadline\")) {","lastModifiedDate":"2025-02-07","isFullCredit":false},{"lineNumber":30,"author":{"gitId":"ae-24"},"content":"                    taskManager.addDeadline(line);","lastModifiedDate":"2025-02-07","isFullCredit":false},{"lineNumber":31,"author":{"gitId":"ae-24"},"content":"                } else if (line.toLowerCase().startsWith(\"event\")) {","lastModifiedDate":"2025-02-07","isFullCredit":false},{"lineNumber":32,"author":{"gitId":"ae-24"},"content":"                    taskManager.addEvent(line);","lastModifiedDate":"2025-02-07","isFullCredit":false},{"lineNumber":33,"author":{"gitId":"ae-24"},"content":"                } else if (line.toLowerCase().startsWith(\"thanks\") || line.toLowerCase().startsWith(\"thx\")) {","lastModifiedDate":"2025-02-12","isFullCredit":false},{"lineNumber":34,"author":{"gitId":"ae-24"},"content":"                    System.out.println(\"haha you too\");","lastModifiedDate":"2025-02-12","isFullCredit":false},{"lineNumber":35,"author":{"gitId":"ae-24"},"content":"                } else {","lastModifiedDate":"2025-02-07","isFullCredit":false},{"lineNumber":36,"author":{"gitId":"ae-24"},"content":"                    throw new InvalidInputException(\"Please try again with one of the valid commands:\\nlist, todo, deadline, event, mark, unmark\");","lastModifiedDate":"2025-02-12","isFullCredit":false},{"lineNumber":37,"author":{"gitId":"ae-24"},"content":"                }","lastModifiedDate":"2025-02-12","isFullCredit":false},{"lineNumber":38,"author":{"gitId":"ae-24"},"content":"            } catch (IllegalFormatException e) {","lastModifiedDate":"2025-02-12","isFullCredit":false},{"lineNumber":39,"author":{"gitId":"ae-24"},"content":"                e.print();","lastModifiedDate":"2025-02-12","isFullCredit":false},{"lineNumber":40,"author":{"gitId":"ae-24"},"content":"            } catch (NumberFormatException e) {","lastModifiedDate":"2025-02-12","isFullCredit":false},{"lineNumber":41,"author":{"gitId":"ae-24"},"content":"                System.out.println(\"Invalid input: Please enter a valid number.\");","lastModifiedDate":"2025-02-12","isFullCredit":false},{"lineNumber":42,"author":{"gitId":"ae-24"},"content":"            } catch (InvalidInputException e) {","lastModifiedDate":"2025-02-12","isFullCredit":false},{"lineNumber":43,"author":{"gitId":"ae-24"},"content":"                e.print();","lastModifiedDate":"2025-02-12","isFullCredit":false},{"lineNumber":44,"author":{"gitId":"ae-24"},"content":"            }","lastModifiedDate":"2025-02-07","isFullCredit":false},{"lineNumber":45,"author":{"gitId":"ae-24"},"content":"","lastModifiedDate":"2025-02-07","isFullCredit":false},{"lineNumber":46,"author":{"gitId":"ae-24"},"content":"","lastModifiedDate":"2025-02-06","isFullCredit":false},{"lineNumber":47,"author":{"gitId":"ae-24"},"content":"        }","lastModifiedDate":"2025-02-06","isFullCredit":false},{"lineNumber":48,"author":{"gitId":"ae-24"},"content":"        in.close();","lastModifiedDate":"2025-02-06","isFullCredit":false},{"lineNumber":49,"author":{"gitId":"ae-24"},"content":"    }","lastModifiedDate":"2025-02-06","isFullCredit":false},{"lineNumber":50,"author":{"gitId":"ae-24"},"content":"}","lastModifiedDate":"2025-02-06","isFullCredit":false}],"authorContributionMap":{"ae-24":50}},{"path":"src/main/java/Task/Deadline.java","fileType":"java","lines":[{"lineNumber":1,"author":{"gitId":"ae-24"},"content":"package Task;","lastModifiedDate":"2025-02-12","isFullCredit":false},{"lineNumber":2,"author":{"gitId":"ae-24"},"content":"","lastModifiedDate":"2025-02-12","isFullCredit":false},{"lineNumber":3,"author":{"gitId":"ae-24"},"content":"public class Deadline extends Task {","lastModifiedDate":"2025-02-07","isFullCredit":false},{"lineNumber":4,"author":{"gitId":"ae-24"},"content":"","lastModifiedDate":"2025-02-07","isFullCredit":false},{"lineNumber":5,"author":{"gitId":"ae-24"},"content":"    protected String by;","lastModifiedDate":"2025-02-07","isFullCredit":false},{"lineNumber":6,"author":{"gitId":"ae-24"},"content":"","lastModifiedDate":"2025-02-07","isFullCredit":false},{"lineNumber":7,"author":{"gitId":"ae-24"},"content":"    public Deadline(String description, String by) {","lastModifiedDate":"2025-02-07","isFullCredit":false},{"lineNumber":8,"author":{"gitId":"ae-24"},"content":"        super(description);","lastModifiedDate":"2025-02-07","isFullCredit":false},{"lineNumber":9,"author":{"gitId":"ae-24"},"content":"        this.by \u003d by;","lastModifiedDate":"2025-02-07","isFullCredit":false},{"lineNumber":10,"author":{"gitId":"ae-24"},"content":"    }","lastModifiedDate":"2025-02-07","isFullCredit":false},{"lineNumber":11,"author":{"gitId":"ae-24"},"content":"","lastModifiedDate":"2025-02-07","isFullCredit":false},{"lineNumber":12,"author":{"gitId":"ae-24"},"content":"    @Override","lastModifiedDate":"2025-02-07","isFullCredit":false},{"lineNumber":13,"author":{"gitId":"ae-24"},"content":"    public String toString() {","lastModifiedDate":"2025-02-07","isFullCredit":false},{"lineNumber":14,"author":{"gitId":"ae-24"},"content":"        return \"[D]\" + super.toString() + \" (by: \" + by + \")\";","lastModifiedDate":"2025-02-07","isFullCredit":false},{"lineNumber":15,"author":{"gitId":"ae-24"},"content":"    }","lastModifiedDate":"2025-02-07","isFullCredit":false},{"lineNumber":16,"author":{"gitId":"ae-24"},"content":"}","lastModifiedDate":"2025-02-07","isFullCredit":false}],"authorContributionMap":{"ae-24":16}},{"path":"src/main/java/Task/Event.java","fileType":"java","lines":[{"lineNumber":1,"author":{"gitId":"ae-24"},"content":"package Task;","lastModifiedDate":"2025-02-12","isFullCredit":false},{"lineNumber":2,"author":{"gitId":"ae-24"},"content":"","lastModifiedDate":"2025-02-12","isFullCredit":false},{"lineNumber":3,"author":{"gitId":"ae-24"},"content":"public class Event extends Task {","lastModifiedDate":"2025-02-07","isFullCredit":false},{"lineNumber":4,"author":{"gitId":"ae-24"},"content":"    protected String from;","lastModifiedDate":"2025-02-07","isFullCredit":false},{"lineNumber":5,"author":{"gitId":"ae-24"},"content":"    protected String to;","lastModifiedDate":"2025-02-07","isFullCredit":false},{"lineNumber":6,"author":{"gitId":"ae-24"},"content":"","lastModifiedDate":"2025-02-07","isFullCredit":false},{"lineNumber":7,"author":{"gitId":"ae-24"},"content":"    public Event(String description, String from, String to) {","lastModifiedDate":"2025-02-07","isFullCredit":false},{"lineNumber":8,"author":{"gitId":"ae-24"},"content":"        super(description);","lastModifiedDate":"2025-02-07","isFullCredit":false},{"lineNumber":9,"author":{"gitId":"ae-24"},"content":"        this.from \u003d from;","lastModifiedDate":"2025-02-07","isFullCredit":false},{"lineNumber":10,"author":{"gitId":"ae-24"},"content":"        this.to \u003d to;","lastModifiedDate":"2025-02-07","isFullCredit":false},{"lineNumber":11,"author":{"gitId":"ae-24"},"content":"    }","lastModifiedDate":"2025-02-07","isFullCredit":false},{"lineNumber":12,"author":{"gitId":"ae-24"},"content":"","lastModifiedDate":"2025-02-07","isFullCredit":false},{"lineNumber":13,"author":{"gitId":"ae-24"},"content":"    @Override","lastModifiedDate":"2025-02-07","isFullCredit":false},{"lineNumber":14,"author":{"gitId":"ae-24"},"content":"    public String toString() {","lastModifiedDate":"2025-02-07","isFullCredit":false},{"lineNumber":15,"author":{"gitId":"ae-24"},"content":"        return \"[E]\" + super.toString() + \" (from: \" + from + \" to: \" + to + \")\";","lastModifiedDate":"2025-02-07","isFullCredit":false},{"lineNumber":16,"author":{"gitId":"ae-24"},"content":"    }","lastModifiedDate":"2025-02-07","isFullCredit":false},{"lineNumber":17,"author":{"gitId":"ae-24"},"content":"}","lastModifiedDate":"2025-02-07","isFullCredit":false}],"authorContributionMap":{"ae-24":17}},{"path":"src/main/java/Task/Task.java","fileType":"java","lines":[{"lineNumber":1,"author":{"gitId":"ae-24"},"content":"package Task;","lastModifiedDate":"2025-02-12","isFullCredit":false},{"lineNumber":2,"author":{"gitId":"ae-24"},"content":"","lastModifiedDate":"2025-02-12","isFullCredit":false},{"lineNumber":3,"author":{"gitId":"ae-24"},"content":"public class Task {","lastModifiedDate":"2025-01-31","isFullCredit":false},{"lineNumber":4,"author":{"gitId":"ae-24"},"content":"    protected String description;","lastModifiedDate":"2025-01-31","isFullCredit":false},{"lineNumber":5,"author":{"gitId":"ae-24"},"content":"    protected boolean isCompleted;","lastModifiedDate":"2025-01-31","isFullCredit":false},{"lineNumber":6,"author":{"gitId":"ae-24"},"content":"","lastModifiedDate":"2025-01-31","isFullCredit":false},{"lineNumber":7,"author":{"gitId":"ae-24"},"content":"    public Task(String description) {","lastModifiedDate":"2025-01-31","isFullCredit":false},{"lineNumber":8,"author":{"gitId":"ae-24"},"content":"        this.description \u003d description;","lastModifiedDate":"2025-01-31","isFullCredit":false},{"lineNumber":9,"author":{"gitId":"ae-24"},"content":"        this.isCompleted \u003d false;","lastModifiedDate":"2025-01-31","isFullCredit":false},{"lineNumber":10,"author":{"gitId":"ae-24"},"content":"    }","lastModifiedDate":"2025-01-31","isFullCredit":false},{"lineNumber":11,"author":{"gitId":"ae-24"},"content":"","lastModifiedDate":"2025-01-31","isFullCredit":false},{"lineNumber":12,"author":{"gitId":"ae-24"},"content":"    @Override","lastModifiedDate":"2025-02-06","isFullCredit":false},{"lineNumber":13,"author":{"gitId":"ae-24"},"content":"    public String toString() {","lastModifiedDate":"2025-02-06","isFullCredit":false},{"lineNumber":14,"author":{"gitId":"ae-24"},"content":"        return \"[\" + getStatusIcon() + \"] \" + description;","lastModifiedDate":"2025-02-06","isFullCredit":false},{"lineNumber":15,"author":{"gitId":"ae-24"},"content":"    }","lastModifiedDate":"2025-02-06","isFullCredit":false},{"lineNumber":16,"author":{"gitId":"ae-24"},"content":"","lastModifiedDate":"2025-02-06","isFullCredit":false},{"lineNumber":17,"author":{"gitId":"ae-24"},"content":"    public String getStatusIcon() {","lastModifiedDate":"2025-01-31","isFullCredit":false},{"lineNumber":18,"author":{"gitId":"ae-24"},"content":"        return (isCompleted ? \"X\" : \" \"); // mark done task with X","lastModifiedDate":"2025-01-31","isFullCredit":false},{"lineNumber":19,"author":{"gitId":"ae-24"},"content":"    }","lastModifiedDate":"2025-01-31","isFullCredit":false},{"lineNumber":20,"author":{"gitId":"ae-24"},"content":"","lastModifiedDate":"2025-01-31","isFullCredit":false},{"lineNumber":21,"author":{"gitId":"ae-24"},"content":"    public void markAsComplete() {","lastModifiedDate":"2025-01-31","isFullCredit":false},{"lineNumber":22,"author":{"gitId":"ae-24"},"content":"        isCompleted \u003d true;","lastModifiedDate":"2025-01-31","isFullCredit":false},{"lineNumber":23,"author":{"gitId":"ae-24"},"content":"    }","lastModifiedDate":"2025-01-31","isFullCredit":false},{"lineNumber":24,"author":{"gitId":"ae-24"},"content":"","lastModifiedDate":"2025-01-31","isFullCredit":false},{"lineNumber":25,"author":{"gitId":"ae-24"},"content":"    public void markAsIncomplete() {","lastModifiedDate":"2025-01-31","isFullCredit":false},{"lineNumber":26,"author":{"gitId":"ae-24"},"content":"        isCompleted \u003d false;","lastModifiedDate":"2025-01-31","isFullCredit":false},{"lineNumber":27,"author":{"gitId":"ae-24"},"content":"    }","lastModifiedDate":"2025-01-31","isFullCredit":false},{"lineNumber":28,"author":{"gitId":"ae-24"},"content":"","lastModifiedDate":"2025-01-31","isFullCredit":false},{"lineNumber":29,"author":{"gitId":"ae-24"},"content":"}","lastModifiedDate":"2025-01-31","isFullCredit":false}],"authorContributionMap":{"ae-24":29}},{"path":"src/main/java/Task/Todo.java","fileType":"java","lines":[{"lineNumber":1,"author":{"gitId":"ae-24"},"content":"package Task;","lastModifiedDate":"2025-02-12","isFullCredit":false},{"lineNumber":2,"author":{"gitId":"ae-24"},"content":"","lastModifiedDate":"2025-02-12","isFullCredit":false},{"lineNumber":3,"author":{"gitId":"ae-24"},"content":"public class Todo extends Task {","lastModifiedDate":"2025-02-07","isFullCredit":false},{"lineNumber":4,"author":{"gitId":"ae-24"},"content":"","lastModifiedDate":"2025-02-07","isFullCredit":false},{"lineNumber":5,"author":{"gitId":"ae-24"},"content":"    public Todo(String description) {","lastModifiedDate":"2025-02-07","isFullCredit":false},{"lineNumber":6,"author":{"gitId":"ae-24"},"content":"        super(description);","lastModifiedDate":"2025-02-07","isFullCredit":false},{"lineNumber":7,"author":{"gitId":"ae-24"},"content":"    }","lastModifiedDate":"2025-02-07","isFullCredit":false},{"lineNumber":8,"author":{"gitId":"ae-24"},"content":"","lastModifiedDate":"2025-02-07","isFullCredit":false},{"lineNumber":9,"author":{"gitId":"ae-24"},"content":"    @Override","lastModifiedDate":"2025-02-07","isFullCredit":false},{"lineNumber":10,"author":{"gitId":"ae-24"},"content":"    public String toString() {","lastModifiedDate":"2025-02-07","isFullCredit":false},{"lineNumber":11,"author":{"gitId":"ae-24"},"content":"        return \"[T]\" + super.toString();","lastModifiedDate":"2025-02-07","isFullCredit":false},{"lineNumber":12,"author":{"gitId":"ae-24"},"content":"    }","lastModifiedDate":"2025-02-07","isFullCredit":false},{"lineNumber":13,"author":{"gitId":"ae-24"},"content":"}","lastModifiedDate":"2025-02-07","isFullCredit":false}],"authorContributionMap":{"ae-24":13}},{"path":"src/main/java/TaskManager.java","fileType":"java","lines":[{"lineNumber":1,"author":{"gitId":"ae-24"},"content":"import Task.*;","lastModifiedDate":"2025-02-12","isFullCredit":false},{"lineNumber":2,"author":{"gitId":"ae-24"},"content":"import Exception.*;","lastModifiedDate":"2025-02-12","isFullCredit":false},{"lineNumber":3,"author":{"gitId":"ae-24"},"content":"public class TaskManager {","lastModifiedDate":"2025-02-06","isFullCredit":false},{"lineNumber":4,"author":{"gitId":"ae-24"},"content":"    public static final String LINE_SEPARATOR \u003d \"____________________________________________________________\";","lastModifiedDate":"2025-02-06","isFullCredit":false},{"lineNumber":5,"author":{"gitId":"ae-24"},"content":"","lastModifiedDate":"2025-02-06","isFullCredit":false},{"lineNumber":6,"author":{"gitId":"ae-24"},"content":"    private final Task[] taskList;","lastModifiedDate":"2025-02-06","isFullCredit":false},{"lineNumber":7,"author":{"gitId":"ae-24"},"content":"    int taskCount \u003d 0;","lastModifiedDate":"2025-02-06","isFullCredit":false},{"lineNumber":8,"author":{"gitId":"ae-24"},"content":"","lastModifiedDate":"2025-02-06","isFullCredit":false},{"lineNumber":9,"author":{"gitId":"ae-24"},"content":"    public TaskManager() {","lastModifiedDate":"2025-02-06","isFullCredit":false},{"lineNumber":10,"author":{"gitId":"ae-24"},"content":"        taskList \u003d new Task[100];","lastModifiedDate":"2025-02-06","isFullCredit":false},{"lineNumber":11,"author":{"gitId":"ae-24"},"content":"    }","lastModifiedDate":"2025-02-06","isFullCredit":false},{"lineNumber":12,"author":{"gitId":"ae-24"},"content":"","lastModifiedDate":"2025-02-06","isFullCredit":false},{"lineNumber":13,"author":{"gitId":"ae-24"},"content":"    public void printTaskList() {","lastModifiedDate":"2025-02-06","isFullCredit":false},{"lineNumber":14,"author":{"gitId":"ae-24"},"content":"        System.out.println(LINE_SEPARATOR);","lastModifiedDate":"2025-02-06","isFullCredit":false},{"lineNumber":15,"author":{"gitId":"ae-24"},"content":"        if (taskCount \u003d\u003d 0) {","lastModifiedDate":"2025-02-06","isFullCredit":false},{"lineNumber":16,"author":{"gitId":"ae-24"},"content":"            System.out.println(\"No tasks added\");","lastModifiedDate":"2025-02-06","isFullCredit":false},{"lineNumber":17,"author":{"gitId":"ae-24"},"content":"        } else {","lastModifiedDate":"2025-02-06","isFullCredit":false},{"lineNumber":18,"author":{"gitId":"ae-24"},"content":"            for (int i \u003d 0; i \u003c taskCount; i++) {","lastModifiedDate":"2025-02-06","isFullCredit":false},{"lineNumber":19,"author":{"gitId":"ae-24"},"content":"                System.out.print((i + 1) + \".\");","lastModifiedDate":"2025-02-06","isFullCredit":false},{"lineNumber":20,"author":{"gitId":"ae-24"},"content":"                System.out.println(taskList[i]);","lastModifiedDate":"2025-02-07","isFullCredit":false},{"lineNumber":21,"author":{"gitId":"ae-24"},"content":"            }","lastModifiedDate":"2025-02-06","isFullCredit":false},{"lineNumber":22,"author":{"gitId":"ae-24"},"content":"        }","lastModifiedDate":"2025-02-06","isFullCredit":false},{"lineNumber":23,"author":{"gitId":"ae-24"},"content":"        System.out.println(LINE_SEPARATOR);","lastModifiedDate":"2025-02-06","isFullCredit":false},{"lineNumber":24,"author":{"gitId":"ae-24"},"content":"    }","lastModifiedDate":"2025-02-06","isFullCredit":false},{"lineNumber":25,"author":{"gitId":"ae-24"},"content":"","lastModifiedDate":"2025-02-06","isFullCredit":false},{"lineNumber":26,"author":{"gitId":"ae-24"},"content":"    public void markTaskAsComplete(String line) throws NumberFormatException, InvalidInputException {","lastModifiedDate":"2025-02-12","isFullCredit":false},{"lineNumber":27,"author":{"gitId":"ae-24"},"content":"        String[] splitLine \u003d line.split(\" \");","lastModifiedDate":"2025-02-06","isFullCredit":false},{"lineNumber":28,"author":{"gitId":"ae-24"},"content":"        int taskNumber;","lastModifiedDate":"2025-02-07","isFullCredit":false},{"lineNumber":29,"author":{"gitId":"ae-24"},"content":"        taskNumber \u003d Integer.parseInt(splitLine[1]) - 1;","lastModifiedDate":"2025-02-07","isFullCredit":false},{"lineNumber":30,"author":{"gitId":"ae-24"},"content":"        if (taskCount \u003d\u003d 0) {","lastModifiedDate":"2025-02-12","isFullCredit":false},{"lineNumber":31,"author":{"gitId":"ae-24"},"content":"            System.out.println(\"No tasks added. Please add a task first.\");","lastModifiedDate":"2025-02-12","isFullCredit":false},{"lineNumber":32,"author":{"gitId":"ae-24"},"content":"        } else if (taskNumber \u003c 0 || taskNumber \u003e\u003d taskCount) {","lastModifiedDate":"2025-02-12","isFullCredit":false},{"lineNumber":33,"author":{"gitId":"ae-24"},"content":"            throw new InvalidInputException(\"Task.Task number out of range.\");","lastModifiedDate":"2025-02-12","isFullCredit":false},{"lineNumber":34,"author":{"gitId":"ae-24"},"content":"        }","lastModifiedDate":"2025-02-07","isFullCredit":false},{"lineNumber":35,"author":{"gitId":"ae-24"},"content":"","lastModifiedDate":"2025-02-12","isFullCredit":false},{"lineNumber":36,"author":{"gitId":"ae-24"},"content":"        taskList[taskNumber].markAsComplete();","lastModifiedDate":"2025-02-12","isFullCredit":false},{"lineNumber":37,"author":{"gitId":"ae-24"},"content":"        System.out.println(LINE_SEPARATOR);","lastModifiedDate":"2025-02-06","isFullCredit":false},{"lineNumber":38,"author":{"gitId":"ae-24"},"content":"        System.out.println(\"Task.Task has been marked as done:\");","lastModifiedDate":"2025-02-12","isFullCredit":false},{"lineNumber":39,"author":{"gitId":"ae-24"},"content":"        System.out.println(taskList[taskNumber]);","lastModifiedDate":"2025-02-07","isFullCredit":false},{"lineNumber":40,"author":{"gitId":"ae-24"},"content":"        System.out.println(LINE_SEPARATOR);","lastModifiedDate":"2025-02-06","isFullCredit":false},{"lineNumber":41,"author":{"gitId":"ae-24"},"content":"    }","lastModifiedDate":"2025-02-06","isFullCredit":false},{"lineNumber":42,"author":{"gitId":"ae-24"},"content":"","lastModifiedDate":"2025-02-06","isFullCredit":false},{"lineNumber":43,"author":{"gitId":"ae-24"},"content":"    public void markTaskAsIncomplete(String line) throws NumberFormatException, InvalidInputException {","lastModifiedDate":"2025-02-12","isFullCredit":false},{"lineNumber":44,"author":{"gitId":"ae-24"},"content":"        String[] splitLine \u003d line.split(\" \");","lastModifiedDate":"2025-02-06","isFullCredit":false},{"lineNumber":45,"author":{"gitId":"ae-24"},"content":"        int taskNumber;","lastModifiedDate":"2025-02-07","isFullCredit":false},{"lineNumber":46,"author":{"gitId":"ae-24"},"content":"        taskNumber \u003d Integer.parseInt(splitLine[1]) - 1;","lastModifiedDate":"2025-02-07","isFullCredit":false},{"lineNumber":47,"author":{"gitId":"ae-24"},"content":"","lastModifiedDate":"2025-02-12","isFullCredit":false},{"lineNumber":48,"author":{"gitId":"ae-24"},"content":"        if (taskCount \u003d\u003d 0) {","lastModifiedDate":"2025-02-12","isFullCredit":false},{"lineNumber":49,"author":{"gitId":"ae-24"},"content":"            System.out.println(\"No tasks added. Please add a task first.\");","lastModifiedDate":"2025-02-12","isFullCredit":false},{"lineNumber":50,"author":{"gitId":"ae-24"},"content":"        } else if (taskNumber \u003c 0 || taskNumber \u003e\u003d taskCount) {","lastModifiedDate":"2025-02-12","isFullCredit":false},{"lineNumber":51,"author":{"gitId":"ae-24"},"content":"            throw new InvalidInputException(\"Task.Task number out of range.\");","lastModifiedDate":"2025-02-12","isFullCredit":false},{"lineNumber":52,"author":{"gitId":"ae-24"},"content":"        }","lastModifiedDate":"2025-02-07","isFullCredit":false},{"lineNumber":53,"author":{"gitId":"ae-24"},"content":"","lastModifiedDate":"2025-02-12","isFullCredit":false},{"lineNumber":54,"author":{"gitId":"ae-24"},"content":"        taskList[taskNumber].markAsIncomplete();","lastModifiedDate":"2025-02-12","isFullCredit":false},{"lineNumber":55,"author":{"gitId":"ae-24"},"content":"        System.out.println(LINE_SEPARATOR);","lastModifiedDate":"2025-02-06","isFullCredit":false},{"lineNumber":56,"author":{"gitId":"ae-24"},"content":"        System.out.println(\"Task.Task has been marked as incomplete:\");","lastModifiedDate":"2025-02-12","isFullCredit":false},{"lineNumber":57,"author":{"gitId":"ae-24"},"content":"        System.out.println(taskList[taskNumber]);","lastModifiedDate":"2025-02-07","isFullCredit":false},{"lineNumber":58,"author":{"gitId":"ae-24"},"content":"        System.out.println(LINE_SEPARATOR);","lastModifiedDate":"2025-02-06","isFullCredit":false},{"lineNumber":59,"author":{"gitId":"ae-24"},"content":"    }","lastModifiedDate":"2025-02-06","isFullCredit":false},{"lineNumber":60,"author":{"gitId":"ae-24"},"content":"","lastModifiedDate":"2025-02-06","isFullCredit":false},{"lineNumber":61,"author":{"gitId":"ae-24"},"content":"    public void addTodo(String line) {","lastModifiedDate":"2025-02-07","isFullCredit":false},{"lineNumber":62,"author":{"gitId":"ae-24"},"content":"        String[] splitLine \u003d line.split(\" \", 2);","lastModifiedDate":"2025-02-07","isFullCredit":false},{"lineNumber":63,"author":{"gitId":"ae-24"},"content":"        String todoDescription \u003d (splitLine.length \u003e 1) ? splitLine[1] : \"\"; // If no description, use empty string","lastModifiedDate":"2025-02-07","isFullCredit":false},{"lineNumber":64,"author":{"gitId":"ae-24"},"content":"        taskList[taskCount] \u003d new Todo(todoDescription);","lastModifiedDate":"2025-02-07","isFullCredit":false},{"lineNumber":65,"author":{"gitId":"ae-24"},"content":"        printTaskAddedMessage();","lastModifiedDate":"2025-02-07","isFullCredit":false},{"lineNumber":66,"author":{"gitId":"ae-24"},"content":"        taskCount++;","lastModifiedDate":"2025-02-07","isFullCredit":false},{"lineNumber":67,"author":{"gitId":"ae-24"},"content":"    }","lastModifiedDate":"2025-02-07","isFullCredit":false},{"lineNumber":68,"author":{"gitId":"ae-24"},"content":"","lastModifiedDate":"2025-02-07","isFullCredit":false},{"lineNumber":69,"author":{"gitId":"ae-24"},"content":"    public void addDeadline(String line) throws IllegalFormatException {","lastModifiedDate":"2025-02-12","isFullCredit":false},{"lineNumber":70,"author":{"gitId":"ae-24"},"content":"        line \u003d line.substring(9);","lastModifiedDate":"2025-02-07","isFullCredit":false},{"lineNumber":71,"author":{"gitId":"ae-24"},"content":"        String[] splitLine \u003d line.split(\"/by\", 2);  // Split into two parts: description and deadline","lastModifiedDate":"2025-02-07","isFullCredit":false},{"lineNumber":72,"author":{"gitId":"ae-24"},"content":"        if (splitLine.length \u003c 2) {","lastModifiedDate":"2025-02-07","isFullCredit":false},{"lineNumber":73,"author":{"gitId":"ae-24"},"content":"            throw new IllegalFormatException(\"Invalid deadline format. Please use the format: \u003cdescription\u003e /by \u003cdate\u003e\");","lastModifiedDate":"2025-02-12","isFullCredit":false},{"lineNumber":74,"author":{"gitId":"ae-24"},"content":"        }","lastModifiedDate":"2025-02-07","isFullCredit":false},{"lineNumber":75,"author":{"gitId":"ae-24"},"content":"        taskList[taskCount] \u003d new Deadline(splitLine[0].trim(), splitLine[1].trim());","lastModifiedDate":"2025-02-07","isFullCredit":false},{"lineNumber":76,"author":{"gitId":"ae-24"},"content":"        printTaskAddedMessage();","lastModifiedDate":"2025-02-07","isFullCredit":false},{"lineNumber":77,"author":{"gitId":"ae-24"},"content":"        taskCount++;","lastModifiedDate":"2025-02-07","isFullCredit":false},{"lineNumber":78,"author":{"gitId":"ae-24"},"content":"    }","lastModifiedDate":"2025-02-07","isFullCredit":false},{"lineNumber":79,"author":{"gitId":"ae-24"},"content":"","lastModifiedDate":"2025-02-07","isFullCredit":false},{"lineNumber":80,"author":{"gitId":"ae-24"},"content":"    public void addEvent(String line) throws IllegalFormatException {","lastModifiedDate":"2025-02-12","isFullCredit":false},{"lineNumber":81,"author":{"gitId":"ae-24"},"content":"        line \u003d line.substring(6);","lastModifiedDate":"2025-02-07","isFullCredit":false},{"lineNumber":82,"author":{"gitId":"ae-24"},"content":"        String[] splitLine \u003d line.split(\"/from\", 2);  // Split into two parts: description and time range","lastModifiedDate":"2025-02-07","isFullCredit":false},{"lineNumber":83,"author":{"gitId":"ae-24"},"content":"        if (splitLine.length \u003c 2) {","lastModifiedDate":"2025-02-07","isFullCredit":false},{"lineNumber":84,"author":{"gitId":"ae-24"},"content":"            throw new IllegalFormatException(\"Invalid event format. Please use the format: event \u003cdescription\u003e /from \u003cstart\u003e /to \u003cend\u003e\");","lastModifiedDate":"2025-02-12","isFullCredit":false},{"lineNumber":85,"author":{"gitId":"ae-24"},"content":"        }","lastModifiedDate":"2025-02-07","isFullCredit":false},{"lineNumber":86,"author":{"gitId":"ae-24"},"content":"        String[] timeRange \u003d splitLine[1].split(\"/to\", 2);  // Split the time range by \"/to\" to get the start and end time","lastModifiedDate":"2025-02-07","isFullCredit":false},{"lineNumber":87,"author":{"gitId":"ae-24"},"content":"        if (timeRange.length \u003c 2) {","lastModifiedDate":"2025-02-07","isFullCredit":false},{"lineNumber":88,"author":{"gitId":"ae-24"},"content":"            throw new IllegalFormatException(\"Invalid event time format. Please use the format: /from \u003cstart\u003e /to \u003cend\u003e\");","lastModifiedDate":"2025-02-12","isFullCredit":false},{"lineNumber":89,"author":{"gitId":"ae-24"},"content":"        }","lastModifiedDate":"2025-02-07","isFullCredit":false},{"lineNumber":90,"author":{"gitId":"ae-24"},"content":"        taskList[taskCount] \u003d new Event(splitLine[0].trim(), timeRange[0].trim(), timeRange[1].trim());","lastModifiedDate":"2025-02-07","isFullCredit":false},{"lineNumber":91,"author":{"gitId":"ae-24"},"content":"        printTaskAddedMessage();","lastModifiedDate":"2025-02-07","isFullCredit":false},{"lineNumber":92,"author":{"gitId":"ae-24"},"content":"        taskCount++;","lastModifiedDate":"2025-02-07","isFullCredit":false},{"lineNumber":93,"author":{"gitId":"ae-24"},"content":"    }","lastModifiedDate":"2025-02-07","isFullCredit":false},{"lineNumber":94,"author":{"gitId":"ae-24"},"content":"","lastModifiedDate":"2025-02-07","isFullCredit":false},{"lineNumber":95,"author":{"gitId":"ae-24"},"content":"    private void printTaskAddedMessage() {","lastModifiedDate":"2025-02-07","isFullCredit":false},{"lineNumber":96,"author":{"gitId":"ae-24"},"content":"        System.out.println(LINE_SEPARATOR);","lastModifiedDate":"2025-02-07","isFullCredit":false},{"lineNumber":97,"author":{"gitId":"ae-24"},"content":"        System.out.println(\"Got it. I\u0027ve added this task:\");","lastModifiedDate":"2025-02-07","isFullCredit":false},{"lineNumber":98,"author":{"gitId":"ae-24"},"content":"        System.out.println(taskList[taskCount]);","lastModifiedDate":"2025-02-07","isFullCredit":false},{"lineNumber":99,"author":{"gitId":"ae-24"},"content":"        System.out.println(\"Now you have \" + (taskCount + 1) + \" tasks in the list.\");","lastModifiedDate":"2025-02-07","isFullCredit":false},{"lineNumber":100,"author":{"gitId":"ae-24"},"content":"        System.out.println(LINE_SEPARATOR);","lastModifiedDate":"2025-02-07","isFullCredit":false},{"lineNumber":101,"author":{"gitId":"ae-24"},"content":"    }","lastModifiedDate":"2025-02-07","isFullCredit":false},{"lineNumber":102,"author":{"gitId":"ae-24"},"content":"}","lastModifiedDate":"2025-02-06","isFullCredit":false}],"authorContributionMap":{"ae-24":102}}]
