{"authorDailyContributionsMap":{"ae-24":[{"date":"2025-01-24","commitResults":[{"hash":"045aee180fe07abce5c9c0f2d4773a4515633812","isMergeCommit":false,"messageTitle":"Rename chatbot and implement greeting and exit","messageBody":"","tags":["Level-0"],"fileTypesAndContributionMap":{"java":{"insertions":10,"deletions":10}}}]},{"date":"2025-01-31","commitResults":[{"hash":"77dfda6d9b4915630d8529d6751ba487ff3acf77","isMergeCommit":false,"messageTitle":"Add echo functionality and \u0027bye\u0027 exit command","messageBody":"","tags":["Level-1"],"fileTypesAndContributionMap":{"java":{"insertions":21,"deletions":0}}},{"hash":"3bd1c3dd0016c963408603c7a29dec27f6ecca62","isMergeCommit":false,"messageTitle":"Add task list and \u0027list\u0027 command to display tasks","messageBody":"","tags":["Level-2"],"fileTypesAndContributionMap":{"java":{"insertions":18,"deletions":3}}},{"hash":"6ade06587f5060d5ff1a23c3b219a4c762ae8027","isMergeCommit":false,"messageTitle":"Add functionality to mark tasks as done and unmark tasks as incomplete","messageBody":"","tags":["Level-3","A-CodingStandard","A-Classes"],"fileTypesAndContributionMap":{"java":{"insertions":48,"deletions":4}}}]},{"date":"2025-02-06","commitResults":[{"hash":"c1acaf49d1c66787a3890f56a9800cf59edd5d15","isMergeCommit":false,"messageTitle":"Refactor code to implement TaskManager and InputManager classes for better responsibility separation","messageBody":"","tags":["A-CodeQuality"],"fileTypesAndContributionMap":{"java":{"insertions":113,"deletions":56}}}]},{"date":"2025-02-07","commitResults":[{"hash":"146a58f45d2ed99a94950e168ca60fedf793bcad","isMergeCommit":false,"messageTitle":"Implement support for ToDos, Deadlines, and Events tasks, and add error handling for invalid inputs","messageBody":"","tags":["Level-4","A-Inheritance"],"fileTypesAndContributionMap":{"java":{"insertions":113,"deletions":17}}}]}]},"authorFileTypeContributionMap":{"ae-24":{"java":243,"md":0,"fxml":0,"sh":0,"bat":0,"gradle":0,"txt":0}},"authorContributionVariance":{"ae-24":1683.2866},"authorDisplayNameMap":{"ae-24":"TAN .. HUI"}}
