{"authorDailyContributionsMap":{"ae-24":[{"date":"2025-01-24","commitResults":[{"hash":"045aee180fe07abce5c9c0f2d4773a4515633812","isMergeCommit":false,"messageTitle":"Rename chatbot and implement greeting and exit","messageBody":"","tags":["Level-0"],"fileTypesAndContributionMap":{"java":{"insertions":10,"deletions":10}}}]},{"date":"2025-01-31","commitResults":[{"hash":"77dfda6d9b4915630d8529d6751ba487ff3acf77","isMergeCommit":false,"messageTitle":"Add echo functionality and \u0027bye\u0027 exit command","messageBody":"","tags":["Level-1"],"fileTypesAndContributionMap":{"java":{"insertions":21,"deletions":0}}},{"hash":"3bd1c3dd0016c963408603c7a29dec27f6ecca62","isMergeCommit":false,"messageTitle":"Add task list and \u0027list\u0027 command to display tasks","messageBody":"","tags":["Level-2"],"fileTypesAndContributionMap":{"java":{"insertions":18,"deletions":3}}},{"hash":"6ade06587f5060d5ff1a23c3b219a4c762ae8027","isMergeCommit":false,"messageTitle":"Add functionality to mark tasks as done and unmark tasks as incomplete","messageBody":"","tags":["Level-3","A-CodingStandard","A-Classes"],"fileTypesAndContributionMap":{"java":{"insertions":48,"deletions":4}}}]},{"date":"2025-02-06","commitResults":[{"hash":"c1acaf49d1c66787a3890f56a9800cf59edd5d15","isMergeCommit":false,"messageTitle":"Refactor code to implement TaskManager and InputManager classes for better responsibility separation","messageBody":"","tags":["A-CodeQuality"],"fileTypesAndContributionMap":{"java":{"insertions":113,"deletions":56}}}]},{"date":"2025-02-07","commitResults":[{"hash":"146a58f45d2ed99a94950e168ca60fedf793bcad","isMergeCommit":false,"messageTitle":"Implement support for ToDos, Deadlines, and Events tasks, and add error handling for invalid inputs","messageBody":"","tags":["Level-4","A-Inheritance"],"fileTypesAndContributionMap":{"java":{"insertions":113,"deletions":17}}}]},{"date":"2025-02-12","commitResults":[{"hash":"ce76215051e2bf4c24632965ed8bcde7cc636845","isMergeCommit":false,"messageTitle":"Implement error handling for invalid input and commands","messageBody":"","tags":["A-Exceptions"],"fileTypesAndContributionMap":{"java":{"insertions":67,"deletions":46}}},{"hash":"5375702ea37888639fa6eb974d5dd1997ec6c8e0","isMergeCommit":true,"messageTitle":"Merge branch \u0027branch-Level-5\u0027","messageBody":"","tags":["Level-5"],"fileTypesAndContributionMap":{}},{"hash":"8900e6d9da9b724bcfb7793b0bb490a13acec623","isMergeCommit":false,"messageTitle":"Move classes into respective packages for improved code structure","messageBody":"","tags":["A-Packages"],"fileTypesAndContributionMap":{"java":{"insertions":19,"deletions":4}}},{"hash":"4f0f1acbc8387d9e60e2fcc820c095c6ffcd98e7","isMergeCommit":true,"messageTitle":"Merge branch \u0027branch-A-Packages\u0027","messageBody":"","fileTypesAndContributionMap":{}}]},{"date":"2025-02-17","commitResults":[{"hash":"3c877f8ec430a0e323440750db81a3feb2585888","isMergeCommit":false,"messageTitle":"Add task deletion functionality and improve error handling","messageBody":"","tags":["Level-6","A-Collections"],"fileTypesAndContributionMap":{"java":{"insertions":67,"deletions":29}}},{"hash":"19623c2377e84ac4dc845d2a0bd12c4ac54ed1e0","isMergeCommit":false,"messageTitle":"Create FileManager class with save and load functionality for task persistence","messageBody":"","tags":["Level-7"],"fileTypesAndContributionMap":{"java":{"insertions":131,"deletions":2}}},{"hash":"b0fd37250aadbb2acd94d41fc3612979288011b0","isMergeCommit":true,"messageTitle":"Merge branch \u0027branch-Level-6\u0027","messageBody":"","fileTypesAndContributionMap":{}},{"hash":"d70a46eaf4450eab700c09f32c04cbdcbb68d1d7","isMergeCommit":true,"messageTitle":"Merge branch \u0027branch-Level-7\u0027","messageBody":"# Conflicts:\n#\tsrc/main/java/TaskManager.java\n","tags":["A-Jar"],"fileTypesAndContributionMap":{}}]},{"date":"2025-03-02","commitResults":[{"hash":"a935e56be0e16cdaed4e72bd9cf957ebd873ddc4","isMergeCommit":false,"messageTitle":"Implement find feature and improve exception handling","messageBody":"","tags":["Level-9"],"fileTypesAndContributionMap":{"java":{"insertions":64,"deletions":21}}},{"hash":"4d2045647ecf76e308c8106df3b3b4eae12d3c86","isMergeCommit":false,"messageTitle":"Add JavaDocs for classes and methods and improve code quality","messageBody":"","tags":["A-JavaDoc"],"fileTypesAndContributionMap":{"java":{"insertions":170,"deletions":4}}}]},{"date":"2025-03-03","commitResults":[{"hash":"e7fce06dbc32a2431e5a48aa43162b0ee9be4511","isMergeCommit":false,"messageTitle":"Implement UI class for displaying output","messageBody":"","fileTypesAndContributionMap":{"java":{"insertions":70,"deletions":48}}},{"hash":"1054b83936cd013c6d857129fef7110cb7ec576b","isMergeCommit":true,"messageTitle":"Merge pull request #1 from ae-24/branch-Level-9","messageBody":"Implement find feature and improve exception handling","fileTypesAndContributionMap":{}},{"hash":"bb374a05e6af35d93cb03a3462c6cc8b2d356b91","isMergeCommit":true,"messageTitle":"Merge branch \u0027master\u0027 into branch-A-JavaDoc","messageBody":"# Conflicts:\n#\tsrc/main/java/TaskManager.java\n","fileTypesAndContributionMap":{}},{"hash":"f02636c3b661ee8980a23a312792dcb9d13d5cc0","isMergeCommit":true,"messageTitle":"Merge branch \u0027master\u0027 into branch-A-MoreOOP","messageBody":"","fileTypesAndContributionMap":{}},{"hash":"7f31ea3c4c527a34792d1c0fd09ac9b14744beeb","isMergeCommit":true,"messageTitle":"Merge pull request #2 from ae-24/branch-A-More-OOP","messageBody":"Branch A-More-OOP","fileTypesAndContributionMap":{}},{"hash":"7627fec4199682398b514fddedbc99466d48540e","isMergeCommit":true,"messageTitle":"Merge branch \u0027master\u0027 into branch-A-JavaDoc","messageBody":"","fileTypesAndContributionMap":{}},{"hash":"77ee94f37e53a42237b0c581b6aa873144027508","isMergeCommit":true,"messageTitle":"Merge pull request #3 from ae-24/branch-A-JavaDoc","messageBody":"Branch a-JavaDoc","fileTypesAndContributionMap":{}},{"hash":"5ee1b46772cd63828cd8046a48f9ab068a6f7d90","isMergeCommit":false,"messageTitle":"Refactor code and improve documentation","messageBody":"","fileTypesAndContributionMap":{"java":{"insertions":63,"deletions":34}}}]}]},"authorFileTypeContributionMap":{"ae-24":{"java":704,"md":0,"fxml":0,"sh":0,"bat":0,"gradle":0,"txt":0}},"authorContributionVariance":{"ae-24":3950.2732},"authorDisplayNameMap":{"ae-24":"CS2113-T12-4 TAN .. HUI"}}
