[{"path":"src/main/java/Chrome.java","fileType":"java","lines":[{"lineNumber":1,"author":{"gitId":"AnotherSACE"},"content":"import org.w3c.dom.ls.LSOutput;","lastModifiedDate":"2025-02-12","isFullCredit":false},{"lineNumber":2,"author":{"gitId":"AnotherSACE"},"content":"import java.util.Scanner;","lastModifiedDate":"2025-02-12","isFullCredit":false},{"lineNumber":3,"author":{"gitId":"AnotherSACE"},"content":"","lastModifiedDate":"2025-02-12","isFullCredit":false},{"lineNumber":4,"author":{"gitId":"AnotherSACE"},"content":"public class Chrome {","lastModifiedDate":"2025-02-11","isFullCredit":false},{"lineNumber":5,"author":{"gitId":"AnotherSACE"},"content":"","lastModifiedDate":"2025-02-11","isFullCredit":false},{"lineNumber":6,"author":{"gitId":"AnotherSACE"},"content":"    static String line \u003d \"____________________________________________________________\";","lastModifiedDate":"2025-02-12","isFullCredit":false},{"lineNumber":7,"author":{"gitId":"AnotherSACE"},"content":"    public static void main(String[] args) {","lastModifiedDate":"2025-02-11","isFullCredit":false},{"lineNumber":8,"author":{"gitId":"AnotherSACE"},"content":"        String logo \u003d \" ____        _        \\n\"","lastModifiedDate":"2025-02-11","isFullCredit":false},{"lineNumber":9,"author":{"gitId":"AnotherSACE"},"content":"                + \"|  _ \\\\ _   _| | _____ \\n\"","lastModifiedDate":"2025-02-11","isFullCredit":false},{"lineNumber":10,"author":{"gitId":"AnotherSACE"},"content":"                + \"| | | | | | | |/ / _ \\\\\\n\"","lastModifiedDate":"2025-02-11","isFullCredit":false},{"lineNumber":11,"author":{"gitId":"AnotherSACE"},"content":"                + \"| |_| | |_| |   \u003c  __/\\n\"","lastModifiedDate":"2025-02-11","isFullCredit":false},{"lineNumber":12,"author":{"gitId":"AnotherSACE"},"content":"                + \"|____/ \\\\__,_|_|\\\\_\\\\___|\\n\";","lastModifiedDate":"2025-02-11","isFullCredit":false},{"lineNumber":13,"author":{"gitId":"AnotherSACE"},"content":"        System.out.println(\"Hello from\\n\" + logo);","lastModifiedDate":"2025-02-11","isFullCredit":false},{"lineNumber":14,"author":{"gitId":"AnotherSACE"},"content":"","lastModifiedDate":"2025-02-11","isFullCredit":false},{"lineNumber":15,"author":{"gitId":"AnotherSACE"},"content":"        System.out.println(greet());","lastModifiedDate":"2025-02-11","isFullCredit":false},{"lineNumber":16,"author":{"gitId":"AnotherSACE"},"content":"        echo();","lastModifiedDate":"2025-02-12","isFullCredit":false},{"lineNumber":17,"author":{"gitId":"AnotherSACE"},"content":"        System.out.println(exit());","lastModifiedDate":"2025-02-11","isFullCredit":false},{"lineNumber":18,"author":{"gitId":"AnotherSACE"},"content":"","lastModifiedDate":"2025-02-12","isFullCredit":false},{"lineNumber":19,"author":{"gitId":"AnotherSACE"},"content":"    }","lastModifiedDate":"2025-02-11","isFullCredit":false},{"lineNumber":20,"author":{"gitId":"AnotherSACE"},"content":"","lastModifiedDate":"2025-02-11","isFullCredit":false},{"lineNumber":21,"author":{"gitId":"AnotherSACE"},"content":"    public static String greet(){","lastModifiedDate":"2025-02-11","isFullCredit":false},{"lineNumber":22,"author":{"gitId":"AnotherSACE"},"content":"        return line + \"\\nHello! I\u0027m Chrome \\n\" +","lastModifiedDate":"2025-02-12","isFullCredit":false},{"lineNumber":23,"author":{"gitId":"AnotherSACE"},"content":"                \"What can I do for you?\\n\" + line;","lastModifiedDate":"2025-02-12","isFullCredit":false},{"lineNumber":24,"author":{"gitId":"AnotherSACE"},"content":"    }","lastModifiedDate":"2025-02-11","isFullCredit":false},{"lineNumber":25,"author":{"gitId":"AnotherSACE"},"content":"","lastModifiedDate":"2025-02-11","isFullCredit":false},{"lineNumber":26,"author":{"gitId":"AnotherSACE"},"content":"    public static String exit(){","lastModifiedDate":"2025-02-11","isFullCredit":false},{"lineNumber":27,"author":{"gitId":"AnotherSACE"},"content":"        return line + \"\\nBye. Hope to see you again soon!\\n\" + line;","lastModifiedDate":"2025-02-12","isFullCredit":false},{"lineNumber":28,"author":{"gitId":"AnotherSACE"},"content":"    }","lastModifiedDate":"2025-02-12","isFullCredit":false},{"lineNumber":29,"author":{"gitId":"AnotherSACE"},"content":"","lastModifiedDate":"2025-02-12","isFullCredit":false},{"lineNumber":30,"author":{"gitId":"AnotherSACE"},"content":"    public static void echo(){","lastModifiedDate":"2025-02-12","isFullCredit":false},{"lineNumber":31,"author":{"gitId":"AnotherSACE"},"content":"        Scanner sc \u003d new Scanner(System.in);","lastModifiedDate":"2025-02-12","isFullCredit":false},{"lineNumber":32,"author":{"gitId":"AnotherSACE"},"content":"        String sentence \u003d sc.nextLine();","lastModifiedDate":"2025-02-12","isFullCredit":false},{"lineNumber":33,"author":{"gitId":"AnotherSACE"},"content":"        if (!sentence.equals(\"bye\")) {","lastModifiedDate":"2025-02-12","isFullCredit":false},{"lineNumber":34,"author":{"gitId":"AnotherSACE"},"content":"            System.out.println(line + \"\\n\" + sentence + \"\\n\" + line);","lastModifiedDate":"2025-02-12","isFullCredit":false},{"lineNumber":35,"author":{"gitId":"AnotherSACE"},"content":"            echo();","lastModifiedDate":"2025-02-12","isFullCredit":false},{"lineNumber":36,"author":{"gitId":"AnotherSACE"},"content":"        }","lastModifiedDate":"2025-02-12","isFullCredit":false},{"lineNumber":37,"author":{"gitId":"AnotherSACE"},"content":"    }","lastModifiedDate":"2025-02-11","isFullCredit":false},{"lineNumber":38,"author":{"gitId":"AnotherSACE"},"content":"}","lastModifiedDate":"2025-02-11","isFullCredit":false}],"authorContributionMap":{"AnotherSACE":38}}]
