[{"path":"src/main/java/Deadline.java","fileType":"java","lines":[{"lineNumber":1,"author":{"gitId":"flyingapricot"},"content":"public class Deadline extends Task{","lastModifiedDate":"2025-02-05","isFullCredit":false},{"lineNumber":2,"author":{"gitId":"flyingapricot"},"content":"","lastModifiedDate":"2025-02-05","isFullCredit":false},{"lineNumber":3,"author":{"gitId":"flyingapricot"},"content":"  protected String dateAndTime;","lastModifiedDate":"2025-02-05","isFullCredit":false},{"lineNumber":4,"author":{"gitId":"flyingapricot"},"content":"","lastModifiedDate":"2025-02-05","isFullCredit":false},{"lineNumber":5,"author":{"gitId":"flyingapricot"},"content":"  public Deadline(String description, boolean isDone,String dateAndTime) {","lastModifiedDate":"2025-02-05","isFullCredit":false},{"lineNumber":6,"author":{"gitId":"flyingapricot"},"content":"    super(description, isDone);","lastModifiedDate":"2025-02-05","isFullCredit":false},{"lineNumber":7,"author":{"gitId":"flyingapricot"},"content":"    this.dateAndTime \u003d dateAndTime;","lastModifiedDate":"2025-02-05","isFullCredit":false},{"lineNumber":8,"author":{"gitId":"flyingapricot"},"content":"  }","lastModifiedDate":"2025-02-05","isFullCredit":false},{"lineNumber":9,"author":{"gitId":"flyingapricot"},"content":"","lastModifiedDate":"2025-02-05","isFullCredit":false},{"lineNumber":10,"author":{"gitId":"flyingapricot"},"content":"  public Deadline(String description,String dateAndTime) {","lastModifiedDate":"2025-02-05","isFullCredit":false},{"lineNumber":11,"author":{"gitId":"flyingapricot"},"content":"    super(description);","lastModifiedDate":"2025-02-05","isFullCredit":false},{"lineNumber":12,"author":{"gitId":"flyingapricot"},"content":"    this.dateAndTime \u003d dateAndTime;","lastModifiedDate":"2025-02-05","isFullCredit":false},{"lineNumber":13,"author":{"gitId":"flyingapricot"},"content":"  }","lastModifiedDate":"2025-02-05","isFullCredit":false},{"lineNumber":14,"author":{"gitId":"flyingapricot"},"content":"","lastModifiedDate":"2025-02-05","isFullCredit":false},{"lineNumber":15,"author":{"gitId":"flyingapricot"},"content":"  @Override","lastModifiedDate":"2025-02-05","isFullCredit":false},{"lineNumber":16,"author":{"gitId":"flyingapricot"},"content":"  public void printTaskWithCompletion() {","lastModifiedDate":"2025-02-05","isFullCredit":false},{"lineNumber":17,"author":{"gitId":"flyingapricot"},"content":"    if (this.isDone) {","lastModifiedDate":"2025-02-05","isFullCredit":false},{"lineNumber":18,"author":{"gitId":"flyingapricot"},"content":"      System.out.print(\"[D][X] \" + this.description);","lastModifiedDate":"2025-02-05","isFullCredit":false},{"lineNumber":19,"author":{"gitId":"flyingapricot"},"content":"    } else if (!this.isDone) {","lastModifiedDate":"2025-02-05","isFullCredit":false},{"lineNumber":20,"author":{"gitId":"flyingapricot"},"content":"      System.out.print(\"[D][ ] \" + this.description);","lastModifiedDate":"2025-02-05","isFullCredit":false},{"lineNumber":21,"author":{"gitId":"flyingapricot"},"content":"    }","lastModifiedDate":"2025-02-05","isFullCredit":false},{"lineNumber":22,"author":{"gitId":"flyingapricot"},"content":"  }","lastModifiedDate":"2025-02-05","isFullCredit":false},{"lineNumber":23,"author":{"gitId":"flyingapricot"},"content":"","lastModifiedDate":"2025-02-05","isFullCredit":false},{"lineNumber":24,"author":{"gitId":"flyingapricot"},"content":"  @Override","lastModifiedDate":"2025-02-05","isFullCredit":false},{"lineNumber":25,"author":{"gitId":"flyingapricot"},"content":"  public String GetTaskWithCompletion() {","lastModifiedDate":"2025-02-05","isFullCredit":false},{"lineNumber":26,"author":{"gitId":"flyingapricot"},"content":"    if (this.isDone) {","lastModifiedDate":"2025-02-05","isFullCredit":false},{"lineNumber":27,"author":{"gitId":"flyingapricot"},"content":"      return \"[D][X] \" + this.description + \"(by: \" + dateAndTime + \")\";","lastModifiedDate":"2025-02-05","isFullCredit":false},{"lineNumber":28,"author":{"gitId":"flyingapricot"},"content":"    } else if (!this.isDone) {","lastModifiedDate":"2025-02-05","isFullCredit":false},{"lineNumber":29,"author":{"gitId":"flyingapricot"},"content":"      return \"[D][ ] \" + this.description + \" \" + \"(by: \" + dateAndTime + \")\";","lastModifiedDate":"2025-02-05","isFullCredit":false},{"lineNumber":30,"author":{"gitId":"flyingapricot"},"content":"    }","lastModifiedDate":"2025-02-05","isFullCredit":false},{"lineNumber":31,"author":{"gitId":"flyingapricot"},"content":"    return \"\";","lastModifiedDate":"2025-02-05","isFullCredit":false},{"lineNumber":32,"author":{"gitId":"flyingapricot"},"content":"  }","lastModifiedDate":"2025-02-05","isFullCredit":false},{"lineNumber":33,"author":{"gitId":"flyingapricot"},"content":"","lastModifiedDate":"2025-02-05","isFullCredit":false},{"lineNumber":34,"author":{"gitId":"flyingapricot"},"content":"}","lastModifiedDate":"2025-02-05","isFullCredit":false}],"authorContributionMap":{"flyingapricot":34}},{"path":"src/main/java/Events.java","fileType":"java","lines":[{"lineNumber":1,"author":{"gitId":"flyingapricot"},"content":"public class Events extends Task{","lastModifiedDate":"2025-02-05","isFullCredit":false},{"lineNumber":2,"author":{"gitId":"flyingapricot"},"content":"","lastModifiedDate":"2025-02-05","isFullCredit":false},{"lineNumber":3,"author":{"gitId":"flyingapricot"},"content":"  protected String startDateAndTime;","lastModifiedDate":"2025-02-05","isFullCredit":false},{"lineNumber":4,"author":{"gitId":"flyingapricot"},"content":"  protected String endDateAndTime;","lastModifiedDate":"2025-02-05","isFullCredit":false},{"lineNumber":5,"author":{"gitId":"flyingapricot"},"content":"","lastModifiedDate":"2025-02-05","isFullCredit":false},{"lineNumber":6,"author":{"gitId":"flyingapricot"},"content":"","lastModifiedDate":"2025-02-05","isFullCredit":false},{"lineNumber":7,"author":{"gitId":"flyingapricot"},"content":"  public Events(String description, boolean isDone,String startDateAndTime,String endDateAndTime) {","lastModifiedDate":"2025-02-05","isFullCredit":false},{"lineNumber":8,"author":{"gitId":"flyingapricot"},"content":"    super(description, isDone);","lastModifiedDate":"2025-02-05","isFullCredit":false},{"lineNumber":9,"author":{"gitId":"flyingapricot"},"content":"    this.startDateAndTime \u003d startDateAndTime;","lastModifiedDate":"2025-02-05","isFullCredit":false},{"lineNumber":10,"author":{"gitId":"flyingapricot"},"content":"    this.endDateAndTime \u003d endDateAndTime;","lastModifiedDate":"2025-02-05","isFullCredit":false},{"lineNumber":11,"author":{"gitId":"flyingapricot"},"content":"  }","lastModifiedDate":"2025-02-05","isFullCredit":false},{"lineNumber":12,"author":{"gitId":"flyingapricot"},"content":"","lastModifiedDate":"2025-02-05","isFullCredit":false},{"lineNumber":13,"author":{"gitId":"flyingapricot"},"content":"  public Events(String description,String startDateAndTime,String endDateAndTime) {","lastModifiedDate":"2025-02-05","isFullCredit":false},{"lineNumber":14,"author":{"gitId":"flyingapricot"},"content":"    super(description);","lastModifiedDate":"2025-02-05","isFullCredit":false},{"lineNumber":15,"author":{"gitId":"flyingapricot"},"content":"    this.startDateAndTime \u003d startDateAndTime;","lastModifiedDate":"2025-02-05","isFullCredit":false},{"lineNumber":16,"author":{"gitId":"flyingapricot"},"content":"    this.endDateAndTime \u003d endDateAndTime;","lastModifiedDate":"2025-02-05","isFullCredit":false},{"lineNumber":17,"author":{"gitId":"flyingapricot"},"content":"  }","lastModifiedDate":"2025-02-05","isFullCredit":false},{"lineNumber":18,"author":{"gitId":"flyingapricot"},"content":"","lastModifiedDate":"2025-02-05","isFullCredit":false},{"lineNumber":19,"author":{"gitId":"flyingapricot"},"content":"  @Override","lastModifiedDate":"2025-02-05","isFullCredit":false},{"lineNumber":20,"author":{"gitId":"flyingapricot"},"content":"  public void printTaskWithCompletion() {","lastModifiedDate":"2025-02-05","isFullCredit":false},{"lineNumber":21,"author":{"gitId":"flyingapricot"},"content":"    if (this.isDone) {","lastModifiedDate":"2025-02-05","isFullCredit":false},{"lineNumber":22,"author":{"gitId":"flyingapricot"},"content":"      System.out.print(\"[E][X] \" + this.description);","lastModifiedDate":"2025-02-05","isFullCredit":false},{"lineNumber":23,"author":{"gitId":"flyingapricot"},"content":"    } else if (!this.isDone) {","lastModifiedDate":"2025-02-05","isFullCredit":false},{"lineNumber":24,"author":{"gitId":"flyingapricot"},"content":"      System.out.print(\"[E][ ] \" + this.description);","lastModifiedDate":"2025-02-05","isFullCredit":false},{"lineNumber":25,"author":{"gitId":"flyingapricot"},"content":"    }","lastModifiedDate":"2025-02-05","isFullCredit":false},{"lineNumber":26,"author":{"gitId":"flyingapricot"},"content":"  }","lastModifiedDate":"2025-02-05","isFullCredit":false},{"lineNumber":27,"author":{"gitId":"flyingapricot"},"content":"","lastModifiedDate":"2025-02-05","isFullCredit":false},{"lineNumber":28,"author":{"gitId":"flyingapricot"},"content":"  @Override","lastModifiedDate":"2025-02-05","isFullCredit":false},{"lineNumber":29,"author":{"gitId":"flyingapricot"},"content":"  public String GetTaskWithCompletion() {","lastModifiedDate":"2025-02-05","isFullCredit":false},{"lineNumber":30,"author":{"gitId":"flyingapricot"},"content":"    if (this.isDone) {","lastModifiedDate":"2025-02-05","isFullCredit":false},{"lineNumber":31,"author":{"gitId":"flyingapricot"},"content":"      return \"[E][X] \" + this.description + \" \" + \"(from:\" + startDateAndTime + \"to:\" + endDateAndTime + \")\";","lastModifiedDate":"2025-02-05","isFullCredit":false},{"lineNumber":32,"author":{"gitId":"flyingapricot"},"content":"    } else if (!this.isDone) {","lastModifiedDate":"2025-02-05","isFullCredit":false},{"lineNumber":33,"author":{"gitId":"flyingapricot"},"content":"      return \"[E][ ] \" + this.description + \" \" + \"(from:\" + startDateAndTime + \"to:\" + endDateAndTime + \")\";","lastModifiedDate":"2025-02-05","isFullCredit":false},{"lineNumber":34,"author":{"gitId":"flyingapricot"},"content":"    }","lastModifiedDate":"2025-02-05","isFullCredit":false},{"lineNumber":35,"author":{"gitId":"flyingapricot"},"content":"    return \"\";","lastModifiedDate":"2025-02-05","isFullCredit":false},{"lineNumber":36,"author":{"gitId":"flyingapricot"},"content":"  }","lastModifiedDate":"2025-02-05","isFullCredit":false},{"lineNumber":37,"author":{"gitId":"flyingapricot"},"content":"","lastModifiedDate":"2025-02-05","isFullCredit":false},{"lineNumber":38,"author":{"gitId":"flyingapricot"},"content":"}","lastModifiedDate":"2025-02-05","isFullCredit":false}],"authorContributionMap":{"flyingapricot":38}},{"path":"src/main/java/Orange.java","fileType":"java","lines":[{"lineNumber":1,"author":{"gitId":"flyingapricot"},"content":"import java.util.ArrayList;","lastModifiedDate":"2025-01-26","isFullCredit":false},{"lineNumber":2,"author":{"gitId":"flyingapricot"},"content":"import java.util.Arrays;","lastModifiedDate":"2025-02-05","isFullCredit":false},{"lineNumber":3,"author":{"gitId":"flyingapricot"},"content":"import java.util.HashSet;","lastModifiedDate":"2025-02-05","isFullCredit":false},{"lineNumber":4,"author":{"gitId":"flyingapricot"},"content":"import java.util.List;","lastModifiedDate":"2025-02-05","isFullCredit":false},{"lineNumber":5,"author":{"gitId":"flyingapricot"},"content":"import java.util.Scanner;","lastModifiedDate":"2025-01-26","isFullCredit":false},{"lineNumber":6,"author":{"gitId":"flyingapricot"},"content":"","lastModifiedDate":"2025-01-26","isFullCredit":false},{"lineNumber":7,"author":{"gitId":"flyingapricot"},"content":"public class Orange {","lastModifiedDate":"2025-01-26","isFullCredit":false},{"lineNumber":8,"author":{"gitId":"flyingapricot"},"content":"  private static final String HORIZONTAL_LINE \u003d \"\\t\" + \"-\".repeat(50);","lastModifiedDate":"2025-01-26","isFullCredit":false},{"lineNumber":9,"author":{"gitId":"flyingapricot"},"content":"  private static final HashSet\u003cString\u003e commands \u003d new HashSet\u003c\u003e(Arrays.asList(\"mark\",\"unmark\",\"list\",\"todo\",\"event\",\"deadline\"));","lastModifiedDate":"2025-02-05","isFullCredit":false},{"lineNumber":10,"author":{"gitId":"flyingapricot"},"content":"","lastModifiedDate":"2025-02-05","isFullCredit":false},{"lineNumber":11,"author":{"gitId":"flyingapricot"},"content":"  private static final String CHATBOT_NAME \u003d \"ORANGE\";","lastModifiedDate":"2025-01-26","isFullCredit":false},{"lineNumber":12,"author":{"gitId":"flyingapricot"},"content":"  private static final ArrayList\u003cTask\u003e tasks \u003d","lastModifiedDate":"2025-02-05","isFullCredit":false},{"lineNumber":13,"author":{"gitId":"flyingapricot"},"content":"      new ArrayList\u003cTask\u003e(); // Array List to store tasks entered by users","lastModifiedDate":"2025-01-26","isFullCredit":false},{"lineNumber":14,"author":{"gitId":"flyingapricot"},"content":"","lastModifiedDate":"2025-01-26","isFullCredit":false},{"lineNumber":15,"author":{"gitId":"flyingapricot"},"content":"  public static void greeting() {","lastModifiedDate":"2025-01-26","isFullCredit":false},{"lineNumber":16,"author":{"gitId":"flyingapricot"},"content":"    System.out.println(HORIZONTAL_LINE);","lastModifiedDate":"2025-01-26","isFullCredit":false},{"lineNumber":17,"author":{"gitId":"flyingapricot"},"content":"    System.out.println(\"\\t\" + \"Hello! I\u0027m \" + CHATBOT_NAME);","lastModifiedDate":"2025-01-26","isFullCredit":false},{"lineNumber":18,"author":{"gitId":"flyingapricot"},"content":"    System.out.println(\"\\t\" + \"What can I do for you?\");","lastModifiedDate":"2025-01-26","isFullCredit":false},{"lineNumber":19,"author":{"gitId":"flyingapricot"},"content":"    System.out.println(HORIZONTAL_LINE);","lastModifiedDate":"2025-01-26","isFullCredit":false},{"lineNumber":20,"author":{"gitId":"flyingapricot"},"content":"  }","lastModifiedDate":"2025-01-26","isFullCredit":false},{"lineNumber":21,"author":{"gitId":"flyingapricot"},"content":"","lastModifiedDate":"2025-01-26","isFullCredit":false},{"lineNumber":22,"author":{"gitId":"flyingapricot"},"content":"  public static void goodbye() {","lastModifiedDate":"2025-01-26","isFullCredit":false},{"lineNumber":23,"author":{"gitId":"flyingapricot"},"content":"    System.out.println(HORIZONTAL_LINE);","lastModifiedDate":"2025-01-26","isFullCredit":false},{"lineNumber":24,"author":{"gitId":"flyingapricot"},"content":"    System.out.println(\"\\t\" + \"Bye. Hope to see you again soon!\");","lastModifiedDate":"2025-01-26","isFullCredit":false},{"lineNumber":25,"author":{"gitId":"flyingapricot"},"content":"    System.out.println(HORIZONTAL_LINE);","lastModifiedDate":"2025-01-26","isFullCredit":false},{"lineNumber":26,"author":{"gitId":"flyingapricot"},"content":"  }","lastModifiedDate":"2025-01-26","isFullCredit":false},{"lineNumber":27,"author":{"gitId":"flyingapricot"},"content":"","lastModifiedDate":"2025-01-26","isFullCredit":false},{"lineNumber":28,"author":{"gitId":"flyingapricot"},"content":"  public static void echo() {","lastModifiedDate":"2025-01-26","isFullCredit":false},{"lineNumber":29,"author":{"gitId":"flyingapricot"},"content":"    String line;","lastModifiedDate":"2025-01-26","isFullCredit":false},{"lineNumber":30,"author":{"gitId":"flyingapricot"},"content":"    Scanner in \u003d new Scanner(System.in);","lastModifiedDate":"2025-01-26","isFullCredit":false},{"lineNumber":31,"author":{"gitId":"flyingapricot"},"content":"    line \u003d in.nextLine();","lastModifiedDate":"2025-01-26","isFullCredit":false},{"lineNumber":32,"author":{"gitId":"flyingapricot"},"content":"    while (!(line.equals(\"bye\"))) {","lastModifiedDate":"2025-01-26","isFullCredit":false},{"lineNumber":33,"author":{"gitId":"flyingapricot"},"content":"      System.out.println(HORIZONTAL_LINE);","lastModifiedDate":"2025-01-26","isFullCredit":false},{"lineNumber":34,"author":{"gitId":"flyingapricot"},"content":"      System.out.println(\"\\t\" + line);","lastModifiedDate":"2025-01-26","isFullCredit":false},{"lineNumber":35,"author":{"gitId":"flyingapricot"},"content":"      System.out.println(HORIZONTAL_LINE);","lastModifiedDate":"2025-01-26","isFullCredit":false},{"lineNumber":36,"author":{"gitId":"flyingapricot"},"content":"      line \u003d in.nextLine();","lastModifiedDate":"2025-01-26","isFullCredit":false},{"lineNumber":37,"author":{"gitId":"flyingapricot"},"content":"    }","lastModifiedDate":"2025-01-26","isFullCredit":false},{"lineNumber":38,"author":{"gitId":"flyingapricot"},"content":"    goodbye();","lastModifiedDate":"2025-01-26","isFullCredit":false},{"lineNumber":39,"author":{"gitId":"flyingapricot"},"content":"  }","lastModifiedDate":"2025-01-26","isFullCredit":false},{"lineNumber":40,"author":{"gitId":"flyingapricot"},"content":"","lastModifiedDate":"2025-01-26","isFullCredit":false},{"lineNumber":41,"author":{"gitId":"flyingapricot"},"content":"  public static void ListTasks() {","lastModifiedDate":"2025-01-26","isFullCredit":false},{"lineNumber":42,"author":{"gitId":"flyingapricot"},"content":"    System.out.println(HORIZONTAL_LINE);","lastModifiedDate":"2025-01-26","isFullCredit":false},{"lineNumber":43,"author":{"gitId":"flyingapricot"},"content":"    System.out.println(\"\\tHere are the tasks in your list:\");","lastModifiedDate":"2025-02-05","isFullCredit":false},{"lineNumber":44,"author":{"gitId":"flyingapricot"},"content":"    int count \u003d 1;","lastModifiedDate":"2025-01-26","isFullCredit":false},{"lineNumber":45,"author":{"gitId":"flyingapricot"},"content":"    for (int i \u003d 0; i \u003c tasks.size(); i++) {","lastModifiedDate":"2025-01-26","isFullCredit":false},{"lineNumber":46,"author":{"gitId":"flyingapricot"},"content":"      System.out.println(\"\\t\" + count + \". \" + tasks.get(i).GetTaskWithCompletion());","lastModifiedDate":"2025-01-26","isFullCredit":false},{"lineNumber":47,"author":{"gitId":"flyingapricot"},"content":"      count++;","lastModifiedDate":"2025-01-26","isFullCredit":false},{"lineNumber":48,"author":{"gitId":"flyingapricot"},"content":"    }","lastModifiedDate":"2025-01-26","isFullCredit":false},{"lineNumber":49,"author":{"gitId":"flyingapricot"},"content":"    System.out.println(HORIZONTAL_LINE);","lastModifiedDate":"2025-01-26","isFullCredit":false},{"lineNumber":50,"author":{"gitId":"flyingapricot"},"content":"  }","lastModifiedDate":"2025-01-26","isFullCredit":false},{"lineNumber":51,"author":{"gitId":"flyingapricot"},"content":"","lastModifiedDate":"2025-01-26","isFullCredit":false},{"lineNumber":52,"author":{"gitId":"flyingapricot"},"content":"  public static void AddTask(String task) {","lastModifiedDate":"2025-01-26","isFullCredit":false},{"lineNumber":53,"author":{"gitId":"flyingapricot"},"content":"    System.out.println(HORIZONTAL_LINE);","lastModifiedDate":"2025-01-26","isFullCredit":false},{"lineNumber":54,"author":{"gitId":"flyingapricot"},"content":"    System.out.println(\"\\t\" + \"added: \" + task);","lastModifiedDate":"2025-01-26","isFullCredit":false},{"lineNumber":55,"author":{"gitId":"flyingapricot"},"content":"    Task t \u003d new Task(task, false);","lastModifiedDate":"2025-01-26","isFullCredit":false},{"lineNumber":56,"author":{"gitId":"flyingapricot"},"content":"    tasks.add(t);","lastModifiedDate":"2025-01-26","isFullCredit":false},{"lineNumber":57,"author":{"gitId":"flyingapricot"},"content":"    System.out.println(HORIZONTAL_LINE);","lastModifiedDate":"2025-01-26","isFullCredit":false},{"lineNumber":58,"author":{"gitId":"flyingapricot"},"content":"  }","lastModifiedDate":"2025-01-26","isFullCredit":false},{"lineNumber":59,"author":{"gitId":"flyingapricot"},"content":"","lastModifiedDate":"2025-01-26","isFullCredit":false},{"lineNumber":60,"author":{"gitId":"flyingapricot"},"content":"  public static void Unmark(String taskNumber) {","lastModifiedDate":"2025-02-05","isFullCredit":false},{"lineNumber":61,"author":{"gitId":"flyingapricot"},"content":"    // Mark the task as not completed","lastModifiedDate":"2025-01-26","isFullCredit":false},{"lineNumber":62,"author":{"gitId":"flyingapricot"},"content":"    tasks.get(Integer.parseInt(taskNumber) - 1).setIsDone(false);","lastModifiedDate":"2025-01-26","isFullCredit":false},{"lineNumber":63,"author":{"gitId":"flyingapricot"},"content":"    System.out.println(HORIZONTAL_LINE);","lastModifiedDate":"2025-01-26","isFullCredit":false},{"lineNumber":64,"author":{"gitId":"flyingapricot"},"content":"    System.out.println(\"\\t\" + \"OK, I\u0027ve marked this task as not done yet:\");","lastModifiedDate":"2025-01-26","isFullCredit":false},{"lineNumber":65,"author":{"gitId":"flyingapricot"},"content":"    System.out.println(","lastModifiedDate":"2025-01-26","isFullCredit":false},{"lineNumber":66,"author":{"gitId":"flyingapricot"},"content":"        \"\\t\\t\" + tasks.get(Integer.parseInt(taskNumber) - 1).GetTaskWithCompletion());","lastModifiedDate":"2025-01-26","isFullCredit":false},{"lineNumber":67,"author":{"gitId":"flyingapricot"},"content":"    System.out.println(HORIZONTAL_LINE);","lastModifiedDate":"2025-01-26","isFullCredit":false},{"lineNumber":68,"author":{"gitId":"flyingapricot"},"content":"","lastModifiedDate":"2025-02-05","isFullCredit":false},{"lineNumber":69,"author":{"gitId":"flyingapricot"},"content":"  }","lastModifiedDate":"2025-02-05","isFullCredit":false},{"lineNumber":70,"author":{"gitId":"flyingapricot"},"content":"","lastModifiedDate":"2025-02-05","isFullCredit":false},{"lineNumber":71,"author":{"gitId":"flyingapricot"},"content":"  public static void Mark(String taskNumber) {","lastModifiedDate":"2025-02-05","isFullCredit":false},{"lineNumber":72,"author":{"gitId":"flyingapricot"},"content":"    // Mark the task as completed","lastModifiedDate":"2025-01-26","isFullCredit":false},{"lineNumber":73,"author":{"gitId":"flyingapricot"},"content":"    tasks.get(Integer.parseInt(taskNumber) - 1).setIsDone(true);","lastModifiedDate":"2025-01-26","isFullCredit":false},{"lineNumber":74,"author":{"gitId":"flyingapricot"},"content":"    System.out.println(HORIZONTAL_LINE);","lastModifiedDate":"2025-01-26","isFullCredit":false},{"lineNumber":75,"author":{"gitId":"flyingapricot"},"content":"    System.out.println(\"\\t\" + \"Nice! I\u0027ve marked this task as done:\");","lastModifiedDate":"2025-01-26","isFullCredit":false},{"lineNumber":76,"author":{"gitId":"flyingapricot"},"content":"    System.out.println(","lastModifiedDate":"2025-01-26","isFullCredit":false},{"lineNumber":77,"author":{"gitId":"flyingapricot"},"content":"        \"\\t\\t\" + tasks.get(Integer.parseInt(taskNumber) - 1).GetTaskWithCompletion());","lastModifiedDate":"2025-01-26","isFullCredit":false},{"lineNumber":78,"author":{"gitId":"flyingapricot"},"content":"    System.out.println(HORIZONTAL_LINE);","lastModifiedDate":"2025-01-26","isFullCredit":false},{"lineNumber":79,"author":{"gitId":"flyingapricot"},"content":"","lastModifiedDate":"2025-02-05","isFullCredit":false},{"lineNumber":80,"author":{"gitId":"flyingapricot"},"content":"  }","lastModifiedDate":"2025-02-05","isFullCredit":false},{"lineNumber":81,"author":{"gitId":"flyingapricot"},"content":"","lastModifiedDate":"2025-02-05","isFullCredit":false},{"lineNumber":82,"author":{"gitId":"flyingapricot"},"content":"  //Adding Todo Task","lastModifiedDate":"2025-02-05","isFullCredit":false},{"lineNumber":83,"author":{"gitId":"flyingapricot"},"content":"  public static void Todo(String task) {","lastModifiedDate":"2025-02-05","isFullCredit":false},{"lineNumber":84,"author":{"gitId":"flyingapricot"},"content":"    System.out.println(HORIZONTAL_LINE);","lastModifiedDate":"2025-02-05","isFullCredit":false},{"lineNumber":85,"author":{"gitId":"flyingapricot"},"content":"    System.out.println(\"\\tGot it. I\u0027ve added this task:\");","lastModifiedDate":"2025-02-05","isFullCredit":false},{"lineNumber":86,"author":{"gitId":"flyingapricot"},"content":"    Task t \u003d new Todo(task, false);","lastModifiedDate":"2025-02-05","isFullCredit":false},{"lineNumber":87,"author":{"gitId":"flyingapricot"},"content":"    System.out.print(\"\\t\\t\");","lastModifiedDate":"2025-02-05","isFullCredit":false},{"lineNumber":88,"author":{"gitId":"flyingapricot"},"content":"    System.out.println(t.GetTaskWithCompletion());","lastModifiedDate":"2025-02-05","isFullCredit":false},{"lineNumber":89,"author":{"gitId":"flyingapricot"},"content":"    tasks.add(t);","lastModifiedDate":"2025-02-05","isFullCredit":false},{"lineNumber":90,"author":{"gitId":"flyingapricot"},"content":"    System.out.println(\"\\tNow you have \" + tasks.size() + \" tasks in the list.\");","lastModifiedDate":"2025-02-05","isFullCredit":false},{"lineNumber":91,"author":{"gitId":"flyingapricot"},"content":"    System.out.println(HORIZONTAL_LINE);","lastModifiedDate":"2025-02-05","isFullCredit":false},{"lineNumber":92,"author":{"gitId":"flyingapricot"},"content":"  }","lastModifiedDate":"2025-02-05","isFullCredit":false},{"lineNumber":93,"author":{"gitId":"flyingapricot"},"content":"","lastModifiedDate":"2025-02-05","isFullCredit":false},{"lineNumber":94,"author":{"gitId":"flyingapricot"},"content":"  //Adding Deadline Task","lastModifiedDate":"2025-02-05","isFullCredit":false},{"lineNumber":95,"author":{"gitId":"flyingapricot"},"content":"  public static void Deadline(String task,String dateAndTime) {","lastModifiedDate":"2025-02-05","isFullCredit":false},{"lineNumber":96,"author":{"gitId":"flyingapricot"},"content":"    System.out.println(HORIZONTAL_LINE);","lastModifiedDate":"2025-02-05","isFullCredit":false},{"lineNumber":97,"author":{"gitId":"flyingapricot"},"content":"    System.out.println(\"\\tGot it. I\u0027ve added this task:\");","lastModifiedDate":"2025-02-05","isFullCredit":false},{"lineNumber":98,"author":{"gitId":"flyingapricot"},"content":"    Task t \u003d new Deadline(task, false,dateAndTime);","lastModifiedDate":"2025-02-05","isFullCredit":false},{"lineNumber":99,"author":{"gitId":"flyingapricot"},"content":"    System.out.print(\"\\t\\t\");","lastModifiedDate":"2025-02-05","isFullCredit":false},{"lineNumber":100,"author":{"gitId":"flyingapricot"},"content":"    System.out.println(t.GetTaskWithCompletion());","lastModifiedDate":"2025-02-05","isFullCredit":false},{"lineNumber":101,"author":{"gitId":"flyingapricot"},"content":"    tasks.add(t);","lastModifiedDate":"2025-02-05","isFullCredit":false},{"lineNumber":102,"author":{"gitId":"flyingapricot"},"content":"    System.out.println(\"Now you have \" + tasks.size() + \" tasks in the list.\");","lastModifiedDate":"2025-02-05","isFullCredit":false},{"lineNumber":103,"author":{"gitId":"flyingapricot"},"content":"    System.out.println(HORIZONTAL_LINE);","lastModifiedDate":"2025-02-05","isFullCredit":false},{"lineNumber":104,"author":{"gitId":"flyingapricot"},"content":"  }","lastModifiedDate":"2025-02-05","isFullCredit":false},{"lineNumber":105,"author":{"gitId":"flyingapricot"},"content":"","lastModifiedDate":"2025-02-05","isFullCredit":false},{"lineNumber":106,"author":{"gitId":"flyingapricot"},"content":"  //Adding Event Task","lastModifiedDate":"2025-02-05","isFullCredit":false},{"lineNumber":107,"author":{"gitId":"flyingapricot"},"content":"  public static void Event(String task,String fromDateAndTime,String toDateAndTime) {","lastModifiedDate":"2025-02-05","isFullCredit":false},{"lineNumber":108,"author":{"gitId":"flyingapricot"},"content":"    System.out.println(HORIZONTAL_LINE);","lastModifiedDate":"2025-02-05","isFullCredit":false},{"lineNumber":109,"author":{"gitId":"flyingapricot"},"content":"    System.out.println(\"\\tGot it. I\u0027ve added this task:\");","lastModifiedDate":"2025-02-05","isFullCredit":false},{"lineNumber":110,"author":{"gitId":"flyingapricot"},"content":"    Task t \u003d new Events(task, false,fromDateAndTime,toDateAndTime);","lastModifiedDate":"2025-02-05","isFullCredit":false},{"lineNumber":111,"author":{"gitId":"flyingapricot"},"content":"    System.out.print(\"\\t\\t\");","lastModifiedDate":"2025-02-05","isFullCredit":false},{"lineNumber":112,"author":{"gitId":"flyingapricot"},"content":"    System.out.println(t.GetTaskWithCompletion());","lastModifiedDate":"2025-02-05","isFullCredit":false},{"lineNumber":113,"author":{"gitId":"flyingapricot"},"content":"    tasks.add(t);","lastModifiedDate":"2025-02-05","isFullCredit":false},{"lineNumber":114,"author":{"gitId":"flyingapricot"},"content":"    System.out.println(\"Now you have \" + tasks.size() + \" tasks in the list.\");","lastModifiedDate":"2025-02-05","isFullCredit":false},{"lineNumber":115,"author":{"gitId":"flyingapricot"},"content":"    System.out.println(HORIZONTAL_LINE);","lastModifiedDate":"2025-02-05","isFullCredit":false},{"lineNumber":116,"author":{"gitId":"flyingapricot"},"content":"  }","lastModifiedDate":"2025-02-05","isFullCredit":false},{"lineNumber":117,"author":{"gitId":"flyingapricot"},"content":"","lastModifiedDate":"2025-02-05","isFullCredit":false},{"lineNumber":118,"author":{"gitId":"flyingapricot"},"content":"  public static void main(String[] args) {","lastModifiedDate":"2025-02-05","isFullCredit":false},{"lineNumber":119,"author":{"gitId":"flyingapricot"},"content":"    greeting(); // Print out the greeting","lastModifiedDate":"2025-02-05","isFullCredit":false},{"lineNumber":120,"author":{"gitId":"flyingapricot"},"content":"    String line;","lastModifiedDate":"2025-02-05","isFullCredit":false},{"lineNumber":121,"author":{"gitId":"flyingapricot"},"content":"    Scanner in \u003d new Scanner(System.in);","lastModifiedDate":"2025-02-05","isFullCredit":false},{"lineNumber":122,"author":{"gitId":"flyingapricot"},"content":"    line \u003d in.nextLine(); //Read the input","lastModifiedDate":"2025-02-05","isFullCredit":false},{"lineNumber":123,"author":{"gitId":"flyingapricot"},"content":"","lastModifiedDate":"2025-02-05","isFullCredit":false},{"lineNumber":124,"author":{"gitId":"flyingapricot"},"content":"    //Split the input by space delimeter","lastModifiedDate":"2025-02-05","isFullCredit":false},{"lineNumber":125,"author":{"gitId":"flyingapricot"},"content":"    //check if there is any command word used (mark,unmark....)","lastModifiedDate":"2025-02-05","isFullCredit":false},{"lineNumber":126,"author":{"gitId":"flyingapricot"},"content":"    String[] userInput \u003d line.split(\" \");","lastModifiedDate":"2025-02-05","isFullCredit":false},{"lineNumber":127,"author":{"gitId":"flyingapricot"},"content":"","lastModifiedDate":"2025-02-05","isFullCredit":false},{"lineNumber":128,"author":{"gitId":"flyingapricot"},"content":"    String commandWord \u003d userInput[0];","lastModifiedDate":"2025-02-05","isFullCredit":false},{"lineNumber":129,"author":{"gitId":"flyingapricot"},"content":"    if(!commands.contains(commandWord)) commandWord \u003d \"\";","lastModifiedDate":"2025-02-05","isFullCredit":false},{"lineNumber":130,"author":{"gitId":"flyingapricot"},"content":"","lastModifiedDate":"2025-02-05","isFullCredit":false},{"lineNumber":131,"author":{"gitId":"flyingapricot"},"content":"    while(!(line.equals(\"bye\"))) {","lastModifiedDate":"2025-02-05","isFullCredit":false},{"lineNumber":132,"author":{"gitId":"flyingapricot"},"content":"      switch(commandWord) {","lastModifiedDate":"2025-02-05","isFullCredit":false},{"lineNumber":133,"author":{"gitId":"flyingapricot"},"content":"        case \"list\":","lastModifiedDate":"2025-02-05","isFullCredit":false},{"lineNumber":134,"author":{"gitId":"flyingapricot"},"content":"          ListTasks();","lastModifiedDate":"2025-02-05","isFullCredit":false},{"lineNumber":135,"author":{"gitId":"flyingapricot"},"content":"          break;","lastModifiedDate":"2025-02-05","isFullCredit":false},{"lineNumber":136,"author":{"gitId":"flyingapricot"},"content":"        case \"unmark\":","lastModifiedDate":"2025-02-05","isFullCredit":false},{"lineNumber":137,"author":{"gitId":"flyingapricot"},"content":"          //Get the task number to be unmarked","lastModifiedDate":"2025-02-05","isFullCredit":false},{"lineNumber":138,"author":{"gitId":"flyingapricot"},"content":"          String taskNumberUnMarked \u003d line.substring(7);","lastModifiedDate":"2025-02-05","isFullCredit":false},{"lineNumber":139,"author":{"gitId":"flyingapricot"},"content":"          Unmark(taskNumberUnMarked);","lastModifiedDate":"2025-02-05","isFullCredit":false},{"lineNumber":140,"author":{"gitId":"flyingapricot"},"content":"          break;","lastModifiedDate":"2025-02-05","isFullCredit":false},{"lineNumber":141,"author":{"gitId":"flyingapricot"},"content":"        case \"mark\":","lastModifiedDate":"2025-02-05","isFullCredit":false},{"lineNumber":142,"author":{"gitId":"flyingapricot"},"content":"          //Get the task number to be marked","lastModifiedDate":"2025-02-05","isFullCredit":false},{"lineNumber":143,"author":{"gitId":"flyingapricot"},"content":"          String taskNumberMarked \u003d line.substring(5);","lastModifiedDate":"2025-02-05","isFullCredit":false},{"lineNumber":144,"author":{"gitId":"flyingapricot"},"content":"          Mark(taskNumberMarked);","lastModifiedDate":"2025-02-05","isFullCredit":false},{"lineNumber":145,"author":{"gitId":"flyingapricot"},"content":"          break;","lastModifiedDate":"2025-02-05","isFullCredit":false},{"lineNumber":146,"author":{"gitId":"flyingapricot"},"content":"        case \"todo\":","lastModifiedDate":"2025-02-05","isFullCredit":false},{"lineNumber":147,"author":{"gitId":"flyingapricot"},"content":"          String TodoTask \u003d line.substring(5);","lastModifiedDate":"2025-02-05","isFullCredit":false},{"lineNumber":148,"author":{"gitId":"flyingapricot"},"content":"          Todo(TodoTask);","lastModifiedDate":"2025-02-05","isFullCredit":false},{"lineNumber":149,"author":{"gitId":"flyingapricot"},"content":"          break;","lastModifiedDate":"2025-02-05","isFullCredit":false},{"lineNumber":150,"author":{"gitId":"flyingapricot"},"content":"        case \"deadline\":","lastModifiedDate":"2025-02-05","isFullCredit":false},{"lineNumber":151,"author":{"gitId":"flyingapricot"},"content":"          //Scan for /by","lastModifiedDate":"2025-02-05","isFullCredit":false},{"lineNumber":152,"author":{"gitId":"flyingapricot"},"content":"          int position \u003d line.indexOf(\"/by\");","lastModifiedDate":"2025-02-05","isFullCredit":false},{"lineNumber":153,"author":{"gitId":"flyingapricot"},"content":"          String deadlineTask \u003d line.substring(8,position);","lastModifiedDate":"2025-02-05","isFullCredit":false},{"lineNumber":154,"author":{"gitId":"flyingapricot"},"content":"          String givenDeadline \u003d line.substring(position+4);","lastModifiedDate":"2025-02-05","isFullCredit":false},{"lineNumber":155,"author":{"gitId":"flyingapricot"},"content":"          Deadline(deadlineTask,givenDeadline);","lastModifiedDate":"2025-02-05","isFullCredit":false},{"lineNumber":156,"author":{"gitId":"flyingapricot"},"content":"          break;","lastModifiedDate":"2025-02-05","isFullCredit":false},{"lineNumber":157,"author":{"gitId":"flyingapricot"},"content":"        case \"event\":","lastModifiedDate":"2025-02-05","isFullCredit":false},{"lineNumber":158,"author":{"gitId":"flyingapricot"},"content":"          //Scan for /by","lastModifiedDate":"2025-02-05","isFullCredit":false},{"lineNumber":159,"author":{"gitId":"flyingapricot"},"content":"          int from \u003d line.indexOf(\"/from\");","lastModifiedDate":"2025-02-05","isFullCredit":false},{"lineNumber":160,"author":{"gitId":"flyingapricot"},"content":"          String eventTask \u003d line.substring(0,from);","lastModifiedDate":"2025-02-05","isFullCredit":false},{"lineNumber":161,"author":{"gitId":"flyingapricot"},"content":"          int to \u003d line.indexOf(\"/to\");","lastModifiedDate":"2025-02-05","isFullCredit":false},{"lineNumber":162,"author":{"gitId":"flyingapricot"},"content":"          String fromDate \u003d line.substring(from+5,to);","lastModifiedDate":"2025-02-05","isFullCredit":false},{"lineNumber":163,"author":{"gitId":"flyingapricot"},"content":"          String toDate \u003d line.substring(to+3);","lastModifiedDate":"2025-02-05","isFullCredit":false},{"lineNumber":164,"author":{"gitId":"flyingapricot"},"content":"          String givenDeadline2 \u003d line.substring(0,from);","lastModifiedDate":"2025-02-05","isFullCredit":false},{"lineNumber":165,"author":{"gitId":"flyingapricot"},"content":"          Event(eventTask,fromDate,toDate);","lastModifiedDate":"2025-02-05","isFullCredit":false},{"lineNumber":166,"author":{"gitId":"flyingapricot"},"content":"          break;","lastModifiedDate":"2025-02-05","isFullCredit":false},{"lineNumber":167,"author":{"gitId":"flyingapricot"},"content":"        default:","lastModifiedDate":"2025-02-05","isFullCredit":false},{"lineNumber":168,"author":{"gitId":"flyingapricot"},"content":"          //Add Tasks","lastModifiedDate":"2025-02-05","isFullCredit":false},{"lineNumber":169,"author":{"gitId":"flyingapricot"},"content":"          AddTask(line);","lastModifiedDate":"2025-01-26","isFullCredit":false},{"lineNumber":170,"author":{"gitId":"flyingapricot"},"content":"      }","lastModifiedDate":"2025-01-26","isFullCredit":false},{"lineNumber":171,"author":{"gitId":"flyingapricot"},"content":"      line \u003d in.nextLine();","lastModifiedDate":"2025-01-26","isFullCredit":false},{"lineNumber":172,"author":{"gitId":"flyingapricot"},"content":"      userInput \u003d line.split(\" \");","lastModifiedDate":"2025-02-05","isFullCredit":false},{"lineNumber":173,"author":{"gitId":"flyingapricot"},"content":"      commandWord \u003d userInput[0];","lastModifiedDate":"2025-02-05","isFullCredit":false},{"lineNumber":174,"author":{"gitId":"flyingapricot"},"content":"      if(!commands.contains(commandWord)) commandWord \u003d \"\";","lastModifiedDate":"2025-02-05","isFullCredit":false},{"lineNumber":175,"author":{"gitId":"flyingapricot"},"content":"    }","lastModifiedDate":"2025-01-26","isFullCredit":false},{"lineNumber":176,"author":{"gitId":"flyingapricot"},"content":"    goodbye();","lastModifiedDate":"2025-01-26","isFullCredit":false},{"lineNumber":177,"author":{"gitId":"flyingapricot"},"content":"  }","lastModifiedDate":"2025-01-26","isFullCredit":false},{"lineNumber":178,"author":{"gitId":"flyingapricot"},"content":"}","lastModifiedDate":"2025-01-26","isFullCredit":false}],"authorContributionMap":{"flyingapricot":178}},{"path":"src/main/java/Task.java","fileType":"java","lines":[{"lineNumber":1,"author":{"gitId":"flyingapricot"},"content":"public class Task {","lastModifiedDate":"2025-01-26","isFullCredit":false},{"lineNumber":2,"author":{"gitId":"flyingapricot"},"content":"  protected String description;","lastModifiedDate":"2025-01-26","isFullCredit":false},{"lineNumber":3,"author":{"gitId":"flyingapricot"},"content":"  protected boolean isDone;","lastModifiedDate":"2025-01-26","isFullCredit":false},{"lineNumber":4,"author":{"gitId":"flyingapricot"},"content":"","lastModifiedDate":"2025-01-26","isFullCredit":false},{"lineNumber":5,"author":{"gitId":"flyingapricot"},"content":"  public Task(String description, boolean isDone) {","lastModifiedDate":"2025-01-26","isFullCredit":false},{"lineNumber":6,"author":{"gitId":"flyingapricot"},"content":"    this.description \u003d description;","lastModifiedDate":"2025-01-26","isFullCredit":false},{"lineNumber":7,"author":{"gitId":"flyingapricot"},"content":"    this.isDone \u003d isDone;","lastModifiedDate":"2025-01-26","isFullCredit":false},{"lineNumber":8,"author":{"gitId":"flyingapricot"},"content":"  }","lastModifiedDate":"2025-01-26","isFullCredit":false},{"lineNumber":9,"author":{"gitId":"flyingapricot"},"content":"","lastModifiedDate":"2025-01-26","isFullCredit":false},{"lineNumber":10,"author":{"gitId":"flyingapricot"},"content":"  public Task(String description) {","lastModifiedDate":"2025-01-26","isFullCredit":false},{"lineNumber":11,"author":{"gitId":"flyingapricot"},"content":"    this.description \u003d description;","lastModifiedDate":"2025-01-26","isFullCredit":false},{"lineNumber":12,"author":{"gitId":"flyingapricot"},"content":"    this.isDone \u003d false;","lastModifiedDate":"2025-01-26","isFullCredit":false},{"lineNumber":13,"author":{"gitId":"flyingapricot"},"content":"  }","lastModifiedDate":"2025-01-26","isFullCredit":false},{"lineNumber":14,"author":{"gitId":"flyingapricot"},"content":"","lastModifiedDate":"2025-01-26","isFullCredit":false},{"lineNumber":15,"author":{"gitId":"flyingapricot"},"content":"  public String getDescription() {","lastModifiedDate":"2025-01-26","isFullCredit":false},{"lineNumber":16,"author":{"gitId":"flyingapricot"},"content":"    return description;","lastModifiedDate":"2025-01-26","isFullCredit":false},{"lineNumber":17,"author":{"gitId":"flyingapricot"},"content":"  }","lastModifiedDate":"2025-01-26","isFullCredit":false},{"lineNumber":18,"author":{"gitId":"flyingapricot"},"content":"","lastModifiedDate":"2025-01-26","isFullCredit":false},{"lineNumber":19,"author":{"gitId":"flyingapricot"},"content":"  public void setDescription(String description) {","lastModifiedDate":"2025-01-26","isFullCredit":false},{"lineNumber":20,"author":{"gitId":"flyingapricot"},"content":"    this.description \u003d description;","lastModifiedDate":"2025-01-26","isFullCredit":false},{"lineNumber":21,"author":{"gitId":"flyingapricot"},"content":"  }","lastModifiedDate":"2025-01-26","isFullCredit":false},{"lineNumber":22,"author":{"gitId":"flyingapricot"},"content":"","lastModifiedDate":"2025-01-26","isFullCredit":false},{"lineNumber":23,"author":{"gitId":"flyingapricot"},"content":"  public boolean getIsDone() {","lastModifiedDate":"2025-01-26","isFullCredit":false},{"lineNumber":24,"author":{"gitId":"flyingapricot"},"content":"    return isDone;","lastModifiedDate":"2025-01-26","isFullCredit":false},{"lineNumber":25,"author":{"gitId":"flyingapricot"},"content":"  }","lastModifiedDate":"2025-01-26","isFullCredit":false},{"lineNumber":26,"author":{"gitId":"flyingapricot"},"content":"","lastModifiedDate":"2025-01-26","isFullCredit":false},{"lineNumber":27,"author":{"gitId":"flyingapricot"},"content":"  public void setIsDone(boolean isDone) {","lastModifiedDate":"2025-01-26","isFullCredit":false},{"lineNumber":28,"author":{"gitId":"flyingapricot"},"content":"    this.isDone \u003d isDone;","lastModifiedDate":"2025-01-26","isFullCredit":false},{"lineNumber":29,"author":{"gitId":"flyingapricot"},"content":"  }","lastModifiedDate":"2025-01-26","isFullCredit":false},{"lineNumber":30,"author":{"gitId":"flyingapricot"},"content":"","lastModifiedDate":"2025-01-26","isFullCredit":false},{"lineNumber":31,"author":{"gitId":"flyingapricot"},"content":"  public void printTaskWithCompletion() {","lastModifiedDate":"2025-01-26","isFullCredit":false},{"lineNumber":32,"author":{"gitId":"flyingapricot"},"content":"    if (this.isDone) {","lastModifiedDate":"2025-01-26","isFullCredit":false},{"lineNumber":33,"author":{"gitId":"flyingapricot"},"content":"      System.out.print(\"[X] \" + this.description);","lastModifiedDate":"2025-01-26","isFullCredit":false},{"lineNumber":34,"author":{"gitId":"flyingapricot"},"content":"    } else if (!this.isDone) {","lastModifiedDate":"2025-01-26","isFullCredit":false},{"lineNumber":35,"author":{"gitId":"flyingapricot"},"content":"      System.out.print(\"[ ] \" + this.description);","lastModifiedDate":"2025-01-26","isFullCredit":false},{"lineNumber":36,"author":{"gitId":"flyingapricot"},"content":"    }","lastModifiedDate":"2025-01-26","isFullCredit":false},{"lineNumber":37,"author":{"gitId":"flyingapricot"},"content":"  }","lastModifiedDate":"2025-01-26","isFullCredit":false},{"lineNumber":38,"author":{"gitId":"flyingapricot"},"content":"","lastModifiedDate":"2025-01-26","isFullCredit":false},{"lineNumber":39,"author":{"gitId":"flyingapricot"},"content":"  public String GetTaskWithCompletion() {","lastModifiedDate":"2025-01-26","isFullCredit":false},{"lineNumber":40,"author":{"gitId":"flyingapricot"},"content":"    if (this.isDone) {","lastModifiedDate":"2025-01-26","isFullCredit":false},{"lineNumber":41,"author":{"gitId":"flyingapricot"},"content":"      return \"[X] \" + this.description;","lastModifiedDate":"2025-01-26","isFullCredit":false},{"lineNumber":42,"author":{"gitId":"flyingapricot"},"content":"    } else if (!this.isDone) {","lastModifiedDate":"2025-01-26","isFullCredit":false},{"lineNumber":43,"author":{"gitId":"flyingapricot"},"content":"      return \"[ ] \" + this.description;","lastModifiedDate":"2025-01-26","isFullCredit":false},{"lineNumber":44,"author":{"gitId":"flyingapricot"},"content":"    }","lastModifiedDate":"2025-01-26","isFullCredit":false},{"lineNumber":45,"author":{"gitId":"flyingapricot"},"content":"    return \"\";","lastModifiedDate":"2025-01-26","isFullCredit":false},{"lineNumber":46,"author":{"gitId":"flyingapricot"},"content":"  }","lastModifiedDate":"2025-01-26","isFullCredit":false},{"lineNumber":47,"author":{"gitId":"flyingapricot"},"content":"}","lastModifiedDate":"2025-01-26","isFullCredit":false}],"authorContributionMap":{"flyingapricot":47}},{"path":"src/main/java/Todo.java","fileType":"java","lines":[{"lineNumber":1,"author":{"gitId":"flyingapricot"},"content":"public class Todo extends Task{","lastModifiedDate":"2025-02-05","isFullCredit":false},{"lineNumber":2,"author":{"gitId":"flyingapricot"},"content":"","lastModifiedDate":"2025-02-05","isFullCredit":false},{"lineNumber":3,"author":{"gitId":"flyingapricot"},"content":"  public Todo(String description, boolean isDone) {","lastModifiedDate":"2025-02-05","isFullCredit":false},{"lineNumber":4,"author":{"gitId":"flyingapricot"},"content":"    super(description, isDone);","lastModifiedDate":"2025-02-05","isFullCredit":false},{"lineNumber":5,"author":{"gitId":"flyingapricot"},"content":"  }","lastModifiedDate":"2025-02-05","isFullCredit":false},{"lineNumber":6,"author":{"gitId":"flyingapricot"},"content":"","lastModifiedDate":"2025-02-05","isFullCredit":false},{"lineNumber":7,"author":{"gitId":"flyingapricot"},"content":"  public Todo(String description) {","lastModifiedDate":"2025-02-05","isFullCredit":false},{"lineNumber":8,"author":{"gitId":"flyingapricot"},"content":"    super(description);","lastModifiedDate":"2025-02-05","isFullCredit":false},{"lineNumber":9,"author":{"gitId":"flyingapricot"},"content":"  }","lastModifiedDate":"2025-02-05","isFullCredit":false},{"lineNumber":10,"author":{"gitId":"flyingapricot"},"content":"","lastModifiedDate":"2025-02-05","isFullCredit":false},{"lineNumber":11,"author":{"gitId":"flyingapricot"},"content":"  @Override","lastModifiedDate":"2025-02-05","isFullCredit":false},{"lineNumber":12,"author":{"gitId":"flyingapricot"},"content":"  public void printTaskWithCompletion() {","lastModifiedDate":"2025-02-05","isFullCredit":false},{"lineNumber":13,"author":{"gitId":"flyingapricot"},"content":"    if (this.isDone) {","lastModifiedDate":"2025-02-05","isFullCredit":false},{"lineNumber":14,"author":{"gitId":"flyingapricot"},"content":"      System.out.print(\"[T][X] \" + this.description);","lastModifiedDate":"2025-02-05","isFullCredit":false},{"lineNumber":15,"author":{"gitId":"flyingapricot"},"content":"    } else if (!this.isDone) {","lastModifiedDate":"2025-02-05","isFullCredit":false},{"lineNumber":16,"author":{"gitId":"flyingapricot"},"content":"      System.out.print(\"[T][ ] \" + this.description);","lastModifiedDate":"2025-02-05","isFullCredit":false},{"lineNumber":17,"author":{"gitId":"flyingapricot"},"content":"    }","lastModifiedDate":"2025-02-05","isFullCredit":false},{"lineNumber":18,"author":{"gitId":"flyingapricot"},"content":"  }","lastModifiedDate":"2025-02-05","isFullCredit":false},{"lineNumber":19,"author":{"gitId":"flyingapricot"},"content":"","lastModifiedDate":"2025-02-05","isFullCredit":false},{"lineNumber":20,"author":{"gitId":"flyingapricot"},"content":"  @Override","lastModifiedDate":"2025-02-05","isFullCredit":false},{"lineNumber":21,"author":{"gitId":"flyingapricot"},"content":"  public String GetTaskWithCompletion() {","lastModifiedDate":"2025-02-05","isFullCredit":false},{"lineNumber":22,"author":{"gitId":"flyingapricot"},"content":"    if (this.isDone) {","lastModifiedDate":"2025-02-05","isFullCredit":false},{"lineNumber":23,"author":{"gitId":"flyingapricot"},"content":"      return \"[T][X] \" + this.description;","lastModifiedDate":"2025-02-05","isFullCredit":false},{"lineNumber":24,"author":{"gitId":"flyingapricot"},"content":"    } else if (!this.isDone) {","lastModifiedDate":"2025-02-05","isFullCredit":false},{"lineNumber":25,"author":{"gitId":"flyingapricot"},"content":"      return \"[T][ ] \" + this.description;","lastModifiedDate":"2025-02-05","isFullCredit":false},{"lineNumber":26,"author":{"gitId":"flyingapricot"},"content":"    }","lastModifiedDate":"2025-02-05","isFullCredit":false},{"lineNumber":27,"author":{"gitId":"flyingapricot"},"content":"    return \"\";","lastModifiedDate":"2025-02-05","isFullCredit":false},{"lineNumber":28,"author":{"gitId":"flyingapricot"},"content":"  }","lastModifiedDate":"2025-02-05","isFullCredit":false},{"lineNumber":29,"author":{"gitId":"flyingapricot"},"content":"","lastModifiedDate":"2025-02-05","isFullCredit":false},{"lineNumber":30,"author":{"gitId":"flyingapricot"},"content":"}","lastModifiedDate":"2025-02-05","isFullCredit":false}],"authorContributionMap":{"flyingapricot":30}},{"path":"text-ui-test/input.txt","fileType":"txt","lines":[{"lineNumber":1,"author":{"gitId":"flyingapricot"},"content":"todo borrow book","lastModifiedDate":"2025-02-05","isFullCredit":false},{"lineNumber":2,"author":{"gitId":"flyingapricot"},"content":"list","lastModifiedDate":"2025-02-05","isFullCredit":false},{"lineNumber":3,"author":{"gitId":"flyingapricot"},"content":"deadline return book /by Sunday","lastModifiedDate":"2025-02-05","isFullCredit":false},{"lineNumber":4,"author":{"gitId":"flyingapricot"},"content":"event project meeting /from Mon 2pm /to 4pm","lastModifiedDate":"2025-02-05","isFullCredit":false},{"lineNumber":5,"author":{"gitId":"flyingapricot"},"content":"bye","lastModifiedDate":"2025-02-05","isFullCredit":false}],"authorContributionMap":{"flyingapricot":5}},{"path":"text-ui-test/runtest.bat","fileType":"bat","lines":[{"lineNumber":1,"author":{"gitId":"-"},"content":"@ECHO OFF","lastModifiedDate":"2020-05-25","isFullCredit":false},{"lineNumber":2,"author":{"gitId":"-"},"content":"","lastModifiedDate":"2020-05-25","isFullCredit":false},{"lineNumber":3,"author":{"gitId":"-"},"content":"REM create bin directory if it doesn\u0027t exist","lastModifiedDate":"2020-05-25","isFullCredit":false},{"lineNumber":4,"author":{"gitId":"-"},"content":"if not exist ..\\bin mkdir ..\\bin","lastModifiedDate":"2020-05-25","isFullCredit":false},{"lineNumber":5,"author":{"gitId":"-"},"content":"","lastModifiedDate":"2020-05-25","isFullCredit":false},{"lineNumber":6,"author":{"gitId":"-"},"content":"REM delete output from previous run","lastModifiedDate":"2020-05-25","isFullCredit":false},{"lineNumber":7,"author":{"gitId":"-"},"content":"if exist ACTUAL.TXT del ACTUAL.TXT","lastModifiedDate":"2020-08-25","isFullCredit":false},{"lineNumber":8,"author":{"gitId":"-"},"content":"","lastModifiedDate":"2020-05-25","isFullCredit":false},{"lineNumber":9,"author":{"gitId":"-"},"content":"REM compile the code into the bin folder","lastModifiedDate":"2020-05-25","isFullCredit":false},{"lineNumber":10,"author":{"gitId":"flyingapricot"},"content":"javac  -cp ..\\src\\main\\java\\Orange.java -Xlint:none -d ..\\bin ..\\src\\main\\java\\*.java","lastModifiedDate":"2025-02-05","isFullCredit":false},{"lineNumber":11,"author":{"gitId":"-"},"content":"IF ERRORLEVEL 1 (","lastModifiedDate":"2020-05-25","isFullCredit":false},{"lineNumber":12,"author":{"gitId":"-"},"content":"    echo ********** BUILD FAILURE **********","lastModifiedDate":"2020-05-25","isFullCredit":false},{"lineNumber":13,"author":{"gitId":"-"},"content":"    exit /b 1","lastModifiedDate":"2020-05-25","isFullCredit":false},{"lineNumber":14,"author":{"gitId":"-"},"content":")","lastModifiedDate":"2020-05-25","isFullCredit":false},{"lineNumber":15,"author":{"gitId":"-"},"content":"REM no error here, errorlevel \u003d\u003d 0","lastModifiedDate":"2020-05-25","isFullCredit":false},{"lineNumber":16,"author":{"gitId":"-"},"content":"","lastModifiedDate":"2020-05-25","isFullCredit":false},{"lineNumber":17,"author":{"gitId":"-"},"content":"REM run the program, feed commands from input.txt file and redirect the output to the ACTUAL.TXT","lastModifiedDate":"2020-05-25","isFullCredit":false},{"lineNumber":18,"author":{"gitId":"flyingapricot"},"content":"java -classpath ..\\bin Orange \u003c input.txt \u003e ACTUAL.TXT","lastModifiedDate":"2025-02-05","isFullCredit":false},{"lineNumber":19,"author":{"gitId":"-"},"content":"","lastModifiedDate":"2020-05-25","isFullCredit":false},{"lineNumber":20,"author":{"gitId":"-"},"content":"REM compare the output to the expected output","lastModifiedDate":"2020-05-25","isFullCredit":false},{"lineNumber":21,"author":{"gitId":"-"},"content":"FC ACTUAL.TXT EXPECTED.TXT","lastModifiedDate":"2020-05-25","isFullCredit":false},{"lineNumber":22,"author":{"gitId":"flyingapricot"},"content":"","lastModifiedDate":"2025-02-05","isFullCredit":false},{"lineNumber":23,"author":{"gitId":"flyingapricot"},"content":"IF ERRORLEVEL 1 (","lastModifiedDate":"2025-02-05","isFullCredit":false},{"lineNumber":24,"author":{"gitId":"flyingapricot"},"content":"    echo ********** TEST FAILED **********","lastModifiedDate":"2025-02-05","isFullCredit":false},{"lineNumber":25,"author":{"gitId":"flyingapricot"},"content":"    echo The contents of ACTUAL.TXT and EXPECTED.TXT do not match.","lastModifiedDate":"2025-02-05","isFullCredit":false},{"lineNumber":26,"author":{"gitId":"flyingapricot"},"content":"    exit /b 1","lastModifiedDate":"2025-02-05","isFullCredit":false},{"lineNumber":27,"author":{"gitId":"flyingapricot"},"content":") ELSE (","lastModifiedDate":"2025-02-05","isFullCredit":false},{"lineNumber":28,"author":{"gitId":"flyingapricot"},"content":"    echo ********** TEST PASSED **********","lastModifiedDate":"2025-02-05","isFullCredit":false},{"lineNumber":29,"author":{"gitId":"flyingapricot"},"content":"    echo The contents of ACTUAL.TXT and EXPECTED.TXT match.","lastModifiedDate":"2025-02-05","isFullCredit":false},{"lineNumber":30,"author":{"gitId":"flyingapricot"},"content":"    exit /b 0","lastModifiedDate":"2025-02-05","isFullCredit":false},{"lineNumber":31,"author":{"gitId":"flyingapricot"},"content":")","lastModifiedDate":"2025-02-05","isFullCredit":false},{"lineNumber":32,"author":{"gitId":"flyingapricot"},"content":"","lastModifiedDate":"2025-02-05","isFullCredit":false}],"authorContributionMap":{"flyingapricot":13,"-":19}},{"path":"text-ui-test/runtest.sh","fileType":"sh","lines":[{"lineNumber":1,"author":{"gitId":"-"},"content":"#!/usr/bin/env bash","lastModifiedDate":"2020-05-25","isFullCredit":false},{"lineNumber":2,"author":{"gitId":"-"},"content":"","lastModifiedDate":"2020-05-25","isFullCredit":false},{"lineNumber":3,"author":{"gitId":"-"},"content":"# create bin directory if it doesn\u0027t exist","lastModifiedDate":"2020-05-25","isFullCredit":false},{"lineNumber":4,"author":{"gitId":"-"},"content":"if [ ! -d \"../bin\" ]","lastModifiedDate":"2020-05-25","isFullCredit":false},{"lineNumber":5,"author":{"gitId":"-"},"content":"then","lastModifiedDate":"2020-05-25","isFullCredit":false},{"lineNumber":6,"author":{"gitId":"-"},"content":"    mkdir ../bin","lastModifiedDate":"2020-05-25","isFullCredit":false},{"lineNumber":7,"author":{"gitId":"-"},"content":"fi","lastModifiedDate":"2020-05-25","isFullCredit":false},{"lineNumber":8,"author":{"gitId":"-"},"content":"","lastModifiedDate":"2020-05-25","isFullCredit":false},{"lineNumber":9,"author":{"gitId":"-"},"content":"# delete output from previous run","lastModifiedDate":"2020-05-25","isFullCredit":false},{"lineNumber":10,"author":{"gitId":"-"},"content":"if [ -e \"./ACTUAL.TXT\" ]","lastModifiedDate":"2020-05-25","isFullCredit":false},{"lineNumber":11,"author":{"gitId":"-"},"content":"then","lastModifiedDate":"2020-05-25","isFullCredit":false},{"lineNumber":12,"author":{"gitId":"-"},"content":"    rm ACTUAL.TXT","lastModifiedDate":"2020-05-25","isFullCredit":false},{"lineNumber":13,"author":{"gitId":"-"},"content":"fi","lastModifiedDate":"2020-05-25","isFullCredit":false},{"lineNumber":14,"author":{"gitId":"-"},"content":"","lastModifiedDate":"2020-05-25","isFullCredit":false},{"lineNumber":15,"author":{"gitId":"-"},"content":"# compile the code into the bin folder, terminates if error occurred","lastModifiedDate":"2020-05-25","isFullCredit":false},{"lineNumber":16,"author":{"gitId":"flyingapricot"},"content":"if ! javac -cp ../src/main/java/Orange.java -Xlint:none -d ../bin ../src/main/java/*.java","lastModifiedDate":"2025-02-05","isFullCredit":false},{"lineNumber":17,"author":{"gitId":"-"},"content":"then","lastModifiedDate":"2020-05-25","isFullCredit":false},{"lineNumber":18,"author":{"gitId":"-"},"content":"    echo \"********** BUILD FAILURE **********\"","lastModifiedDate":"2020-05-25","isFullCredit":false},{"lineNumber":19,"author":{"gitId":"-"},"content":"    exit 1","lastModifiedDate":"2020-05-25","isFullCredit":false},{"lineNumber":20,"author":{"gitId":"-"},"content":"fi","lastModifiedDate":"2020-05-25","isFullCredit":false},{"lineNumber":21,"author":{"gitId":"-"},"content":"","lastModifiedDate":"2020-05-25","isFullCredit":false},{"lineNumber":22,"author":{"gitId":"-"},"content":"# run the program, feed commands from input.txt file and redirect the output to the ACTUAL.TXT","lastModifiedDate":"2020-05-25","isFullCredit":false},{"lineNumber":23,"author":{"gitId":"flyingapricot"},"content":"java -classpath ../bin Orange \u003c input.txt \u003e ACTUAL.TXT","lastModifiedDate":"2025-02-05","isFullCredit":false},{"lineNumber":24,"author":{"gitId":"-"},"content":"","lastModifiedDate":"2020-05-25","isFullCredit":false},{"lineNumber":25,"author":{"gitId":"-"},"content":"# convert to UNIX format","lastModifiedDate":"2020-05-25","isFullCredit":false},{"lineNumber":26,"author":{"gitId":"-"},"content":"cp EXPECTED.TXT EXPECTED-UNIX.TXT","lastModifiedDate":"2020-05-25","isFullCredit":false},{"lineNumber":27,"author":{"gitId":"-"},"content":"dos2unix ACTUAL.TXT EXPECTED-UNIX.TXT","lastModifiedDate":"2020-05-25","isFullCredit":false},{"lineNumber":28,"author":{"gitId":"-"},"content":"","lastModifiedDate":"2020-05-25","isFullCredit":false},{"lineNumber":29,"author":{"gitId":"-"},"content":"# compare the output to the expected output","lastModifiedDate":"2020-05-25","isFullCredit":false},{"lineNumber":30,"author":{"gitId":"-"},"content":"diff ACTUAL.TXT EXPECTED-UNIX.TXT","lastModifiedDate":"2020-05-25","isFullCredit":false},{"lineNumber":31,"author":{"gitId":"-"},"content":"if [ $? -eq 0 ]","lastModifiedDate":"2020-05-25","isFullCredit":false},{"lineNumber":32,"author":{"gitId":"-"},"content":"then","lastModifiedDate":"2020-05-25","isFullCredit":false},{"lineNumber":33,"author":{"gitId":"-"},"content":"    echo \"Test result: PASSED\"","lastModifiedDate":"2020-05-25","isFullCredit":false},{"lineNumber":34,"author":{"gitId":"-"},"content":"    exit 0","lastModifiedDate":"2020-05-25","isFullCredit":false},{"lineNumber":35,"author":{"gitId":"-"},"content":"else","lastModifiedDate":"2020-05-25","isFullCredit":false},{"lineNumber":36,"author":{"gitId":"-"},"content":"    echo \"Test result: FAILED\"","lastModifiedDate":"2020-05-25","isFullCredit":false},{"lineNumber":37,"author":{"gitId":"-"},"content":"    exit 1","lastModifiedDate":"2020-05-25","isFullCredit":false},{"lineNumber":38,"author":{"gitId":"-"},"content":"fi","lastModifiedDate":"2020-05-25","isFullCredit":false}],"authorContributionMap":{"flyingapricot":2,"-":36}}]
