{"authorDailyContributionsMap":{"flyingapricot":[{"date":"2025-01-26","commitResults":[{"hash":"1e4ea0a52e4476e6c3c28e937d6e9cec7f4bef5a","isMergeCommit":false,"messageTitle":"Renamed ChatBot to Orange and added inital skeletal version","messageBody":"","tags":["Level-0"],"fileTypesAndContributionMap":{"java":{"insertions":12,"deletions":10}}},{"hash":"f9614d0ab43892ae7f6ba6fb245462ff5c0963d8","isMergeCommit":false,"messageTitle":"Moved the greeting of the chatbot into its own seperate function","messageBody":"","fileTypesAndContributionMap":{"java":{"insertions":3,"deletions":1}}},{"hash":"dc5464db0d25712e0cd59733d60f777051f2ebcb","isMergeCommit":false,"messageTitle":"Update greeting function to static","messageBody":"","fileTypesAndContributionMap":{"java":{"insertions":1,"deletions":1}}},{"hash":"3031c1d5ee92818b85432442929307f20bdd6a8c","isMergeCommit":false,"messageTitle":"Added goodbye function to display goodbye and added echo function to echo what user says","messageBody":"","tags":["Level-1"],"fileTypesAndContributionMap":{"java":{"insertions":28,"deletions":5}}},{"hash":"607cc3c414c65f5b7bf50e5a8705b75282b91f59","isMergeCommit":false,"messageTitle":"Added the ability to store text inputted by user and display to the user when requested","messageBody":"","tags":["Level-2"],"fileTypesAndContributionMap":{"java":{"insertions":32,"deletions":2}}},{"hash":"ef92dd527f1df242c2899caabe5e88df3aa27cb9","isMergeCommit":false,"messageTitle":"Added the ability to mark tasks as done and change status back to not done. Also revamped the Add,List functions and changed the program flow","messageBody":"","tags":["Level-3"],"fileTypesAndContributionMap":{"java":{"insertions":98,"deletions":12}}},{"hash":"afedde87685b25da610a3e4fdc5822654e0ffe91","isMergeCommit":false,"messageTitle":"Removed Old AddList function since it is no longer used and a new function AddTask is used to Add tasks","messageBody":"","fileTypesAndContributionMap":{"java":{"insertions":0,"deletions":18}}},{"hash":"cbdc287714b22dd3cf788efdbe4878ae9a2a670e","isMergeCommit":false,"messageTitle":"Moved in.nextline call at the end of while loop","messageBody":"","fileTypesAndContributionMap":{"java":{"insertions":2,"deletions":5}}},{"hash":"afbda24735b4d55f71e5a1f4d6d2266a403ea5b0","isMergeCommit":false,"messageTitle":"Reformatted code","messageBody":"","tags":["A-CodingStandard"],"fileTypesAndContributionMap":{"java":{"insertions":117,"deletions":114}}}]},{"date":"2025-02-05","commitResults":[{"hash":"baf2f7e3107e52478f8b90161135d99298bd3a97","isMergeCommit":false,"messageTitle":"Finalised Level-4 Changes and cleaned up","messageBody":"","fileTypesAndContributionMap":{"java":{"insertions":6,"deletions":0}}},{"hash":"53dd3805ad8435db6565b644e23cb2170751551d","isMergeCommit":false,"messageTitle":"Finalised Level-4 Changes and cleaned up","messageBody":"","tags":["Level-4","A-CodeQuality"],"fileTypesAndContributionMap":{"java":{"insertions":215,"deletions":29}}},{"hash":"b66d55296855d46e0de7261cd9df8ae382eae62f","isMergeCommit":false,"messageTitle":"Added Automated Text UI Testing","messageBody":"","tags":["A-TextUiTesting"],"fileTypesAndContributionMap":{"txt":{"insertions":5,"deletions":0},"bat":{"insertions":13,"deletions":2},"sh":{"insertions":2,"deletions":2}}}]},{"date":"2025-02-07","commitResults":[{"hash":"1ceefdc0d43130c6179e86c853a9486a01b9a066","isMergeCommit":false,"messageTitle":"Coding Standard Fixes","messageBody":"","fileTypesAndContributionMap":{"java":{"insertions":37,"deletions":28}}}]},{"date":"2025-02-12","commitResults":[{"hash":"4e4dba440c9b237509e18ec7f2e89f80512e8b2a","isMergeCommit":false,"messageTitle":"Added partial error handling","messageBody":"","fileTypesAndContributionMap":{"java":{"insertions":65,"deletions":20}}}]},{"date":"2025-02-14","commitResults":[{"hash":"59584a4e98d6a27efd8b3ca2d13262af3b264f22","isMergeCommit":false,"messageTitle":"Added error handling through exceptions","messageBody":"","fileTypesAndContributionMap":{"java":{"insertions":23,"deletions":9}}},{"hash":"cafd911dad955950a4fc4adedd12711237ce895d","isMergeCommit":true,"messageTitle":"Merge branch \u0027branch-Level-5\u0027 Merging Exception Handling into master","messageBody":"","tags":["Level-5","A-Exceptions"],"fileTypesAndContributionMap":{}},{"hash":"425ff62380f0b43dd7018dd0b5aa9b92bfa6121b","isMergeCommit":false,"messageTitle":"Split into the relevant packages","messageBody":"","fileTypesAndContributionMap":{"java":{"insertions":24,"deletions":9},"bat":{"insertions":2,"deletions":2}}},{"hash":"37257addb3409a554f8c8e82c7ce0d0ebe4a1119","isMergeCommit":true,"messageTitle":"Merge branch \u0027branch-A-Packages\u0027 Split into the relevant classes","messageBody":"","tags":["A-Packages"],"fileTypesAndContributionMap":{}}]},{"date":"2025-02-21","commitResults":[{"hash":"2bb309a65b4a522ce68f25b9936c97021fee95e8","isMergeCommit":false,"messageTitle":"Added task deletion feature","messageBody":"","fileTypesAndContributionMap":{"java":{"insertions":11,"deletions":2}}},{"hash":"78440bb63b7d923b50941ff412483566a290c45d","isMergeCommit":false,"messageTitle":"Added save feature in chatbot","messageBody":"","fileTypesAndContributionMap":{"java":{"insertions":105,"deletions":9}}},{"hash":"2123a4f54316baf78545b6287442274cd6f9e379","isMergeCommit":true,"messageTitle":"Merge branch \u0027branch-Level-6\u0027 Added delete task feature","messageBody":"","tags":["Level-6","A-Collections"],"fileTypesAndContributionMap":{}},{"hash":"ff1e97ff2004ea2f46000a6902cd6b6da8b84c03","isMergeCommit":true,"messageTitle":"Fixed merge conflict","messageBody":"","tags":["Level-7","A-Jar"],"fileTypesAndContributionMap":{}}]}]},"authorFileTypeContributionMap":{"flyingapricot":{"java":514,"md":0,"fxml":0,"sh":2,"bat":13,"gradle":0,"txt":5}},"authorContributionVariance":{"flyingapricot":6808.402},"authorDisplayNameMap":{"flyingapricot":"CS2113-W13-1 NEER..MBAR"}}
