{"authorDailyContributionsMap":{"Lukapeng77":[{"date":"2025-01-31","commitResults":[{"hash":"9ce7dd2e91e317ea0dea332b244b794ef80c3d0f","isMergeCommit":false,"messageTitle":"Level-0","messageBody":"","fileTypesAndContributionMap":{"java":{"insertions":13,"deletions":10},"bat":{"insertions":1,"deletions":1},"md":{"insertions":3,"deletions":3}}},{"hash":"53b805beea843d25a2625f1b9cc5a429e87423e6","isMergeCommit":false,"messageTitle":"Level-0","messageBody":"","fileTypesAndContributionMap":{"java":{"insertions":1,"deletions":1},"md":{"insertions":18,"deletions":13}}},{"hash":"fc99d61f3894709dea4c12aa20e41e4b5d0e1cab","isMergeCommit":false,"messageTitle":"Level-0","messageBody":"","tags":["Level-0"],"fileTypesAndContributionMap":{"md":{"insertions":1,"deletions":1}}},{"hash":"426f28865907c678c95b364a8521e756319bd3e9","isMergeCommit":false,"messageTitle":"Level-1: Echo","messageBody":"","tags":["Level-1"],"fileTypesAndContributionMap":{"java":{"insertions":42,"deletions":2}}}]},{"date":"2025-02-01","commitResults":[{"hash":"c9dd458fc1a2b2dd7b3f491c4eb485dec2194440","isMergeCommit":false,"messageTitle":"Update Add and List functions Add Task Class","messageBody":"","fileTypesAndContributionMap":{"java":{"insertions":42,"deletions":2}}},{"hash":"8aab31e5b2ce5b9bac1216597bd8abd6dcb91968","isMergeCommit":false,"messageTitle":"Update Add and List functions Add Task Class","messageBody":"","tags":["Level-2"],"fileTypesAndContributionMap":{"java":{"insertions":41,"deletions":5}}},{"hash":"e4c5945411a64f7f8ad1592af02ea1364a6e592b","isMergeCommit":false,"messageTitle":"Level-3 Mark as Done","messageBody":"","tags":["Level-3"],"fileTypesAndContributionMap":{"java":{"insertions":52,"deletions":20}}}]},{"date":"2025-02-07","commitResults":[{"hash":"c85e298dec6b54600687df9d30c3ca5c91087f8d","isMergeCommit":false,"messageTitle":"Level 4: ToDos, Events, Deadlines","messageBody":"","tags":["Level-4","A-CodingStandard"],"fileTypesAndContributionMap":{"java":{"insertions":109,"deletions":20}}}]},{"date":"2025-02-09","commitResults":[{"hash":"246b726d177449d03b830ef3a68577ba396a8eb4","isMergeCommit":false,"messageTitle":"Task toString format","messageBody":"","fileTypesAndContributionMap":{"java":{"insertions":1,"deletions":1}}}]},{"date":"2025-02-14","commitResults":[{"hash":"6f11babdce428537629c60f7f007db133ad424a4","isMergeCommit":false,"messageTitle":"Level-5 increment","messageBody":"","tags":["Level-5","A-Exceptions"],"fileTypesAndContributionMap":{"java":{"insertions":201,"deletions":120},"bat":{"insertions":1,"deletions":1},"sh":{"insertions":2,"deletions":2}}},{"hash":"ccc2f1d9f2e4f7f37f8328c340db0afb8e751787","isMergeCommit":false,"messageTitle":"Divide classes into Packages","messageBody":"","fileTypesAndContributionMap":{"java":{"insertions":62,"deletions":55},"bat":{"insertions":21,"deletions":21},"sh":{"insertions":37,"deletions":37}}},{"hash":"1ff0f6170bdc35ffd183c0ac69795fc55e9b4cf4","isMergeCommit":true,"messageTitle":"Merging branch-A-Packages increment into master","messageBody":"","tags":["A-Packages","A-CodeQuality"],"fileTypesAndContributionMap":{}}]},{"date":"2025-02-20","commitResults":[{"hash":"0b6a887bf9c504e357021afcfe126db96954b5cb","isMergeCommit":false,"messageTitle":"Level-6: Delete tasks","messageBody":"","tags":["A-Collections"],"fileTypesAndContributionMap":{"java":{"insertions":45,"deletions":18}}}]},{"date":"2025-02-21","commitResults":[{"hash":"dccd6d7a4b1c399ba2f057072150c28e20941cbb","isMergeCommit":false,"messageTitle":"Level-7: Save","messageBody":"","fileTypesAndContributionMap":{"java":{"insertions":71,"deletions":0}}},{"hash":"443c708cad9eb6cf6bfbe0c106d040461cfca3cb","isMergeCommit":true,"messageTitle":"Merge branch-Level-6 into master","messageBody":"","tags":["Level-6"],"fileTypesAndContributionMap":{}},{"hash":"676075c503ba7524b3ddd39609e36b02f3724ed6","isMergeCommit":true,"messageTitle":"Merge branch-Level-7 into master","messageBody":"","tags":["Level-7"],"fileTypesAndContributionMap":{}}]},{"date":"2025-02-22","commitResults":[{"hash":"a0ba40a4f6117df88ede3060bb9308b18301f369","isMergeCommit":false,"messageTitle":"Implemented for JAR","messageBody":"","tags":["A-Jar"],"fileTypesAndContributionMap":{"java":{"insertions":74,"deletions":17}}}]},{"date":"2025-03-02","commitResults":[{"hash":"7e0335dcb0e251ccbafc896af9933d21eef7bf3b","isMergeCommit":false,"messageTitle":"Add more OOP styles","messageBody":"","tags":["Level-9","A-MoreOOP"],"fileTypesAndContributionMap":{"java":{"insertions":396,"deletions":62}}}]},{"date":"2025-03-12","commitResults":[{"hash":"849742183aebe549a5992cb5aaaa0ad65ca9ec9f","isMergeCommit":false,"messageTitle":"Add Level-8 Dates and Times","messageBody":"","fileTypesAndContributionMap":{"java":{"insertions":219,"deletions":45}}},{"hash":"f7ecda532582e77f3a2feb081119e6121e7cda94","isMergeCommit":false,"messageTitle":"Revert \"Add Level-8 Dates and Times\"","messageBody":"This reverts commit 849742183aebe549a5992cb5aaaa0ad65ca9ec9f.\n","fileTypesAndContributionMap":{"java":{"insertions":45,"deletions":219}}},{"hash":"090ee8ef9b915e08ff094b52756926f0e90a8f1b","isMergeCommit":false,"messageTitle":"Resolved for the conflict","messageBody":"","fileTypesAndContributionMap":{"java":{"insertions":137,"deletions":47}}},{"hash":"d405a9c4fda48e4e7ac5aa23a35a2893575df2a2","isMergeCommit":false,"messageTitle":"Resolved for 2 files","messageBody":"","fileTypesAndContributionMap":{"java":{"insertions":12,"deletions":0}}}]},{"date":"2025-03-13","commitResults":[{"hash":"3656cfb9edfcb4a48d3238d44f05e39baeb9adb2","isMergeCommit":false,"messageTitle":"Add some changes for testing","messageBody":"","fileTypesAndContributionMap":{"java":{"insertions":45,"deletions":56}}},{"hash":"570c593bfe9f147a5459e0a64af9e7fe2d7b0e49","isMergeCommit":true,"messageTitle":"Merge branch \u0027Temp_changes\u0027","messageBody":"# Conflicts:\n#\tsrc/main/java/exceptions/InvalidInputException.java\n#\tsrc/main/java/exceptions/MissingInputException.java\n","fileTypesAndContributionMap":{}},{"hash":"13f9c68aeb373caf125d6fc26bff06eaff089c85","isMergeCommit":true,"messageTitle":"Merge branch \u0027master\u0027 of https://github.com/Lukapeng77/ip into branch-Level-8","messageBody":"# Conflicts:\n#\tsrc/main/java/exceptions/InvalidInputException.java\n#\tsrc/main/java/exceptions/MissingInputException.java\n","fileTypesAndContributionMap":{}},{"hash":"103649617e41826865aa9a7167efe9404a6fc6cf","isMergeCommit":true,"messageTitle":"Merge pull request #2 from Lukapeng77/branch-Level-8","messageBody":"Branch level 8","fileTypesAndContributionMap":{}},{"hash":"363b19e52adc1f8aceac06f87172c5895e5ce419","isMergeCommit":false,"messageTitle":"Implemented Level 8 Dates and Times","messageBody":"","tags":["Level-8"],"fileTypesAndContributionMap":{"java":{"insertions":231,"deletions":22}}},{"hash":"43611eada27e134fa0e0f64450fed09bc090339e","isMergeCommit":false,"messageTitle":"Modified for more OOP styles","messageBody":"","fileTypesAndContributionMap":{"java":{"insertions":266,"deletions":239}}}]}]},"authorFileTypeContributionMap":{"Lukapeng77":{"java":1059,"md":17,"fxml":0,"sh":2,"bat":2,"gradle":0,"txt":0}},"authorContributionVariance":{"Lukapeng77":26860.354},"authorDisplayNameMap":{"Lukapeng77":"CS2113-F14-1 PENG..ZIYI"}}
