{"authorDailyContributionsMap":{"trunghjieu2506":[{"date":"2025-01-24","commitResults":[{"hash":"c0df7b2612963710fc2575222333b5e0fa34c60c","isMergeCommit":false,"messageTitle":"Level-0","messageBody":"","fileTypesAndContributionMap":{"java":{"insertions":7,"deletions":10}}}]},{"date":"2025-01-30","commitResults":[{"hash":"34ea729a13c6e51108ecc72b90b8145a719907b9","isMergeCommit":false,"messageTitle":"Level-1","messageBody":"","tags":["Level-1"],"fileTypesAndContributionMap":{"java":{"insertions":26,"deletions":1}}},{"hash":"444011089a25211ad9e5041758ba78ad2996104a","isMergeCommit":false,"messageTitle":"Level-2","messageBody":"","tags":["Level-2"],"fileTypesAndContributionMap":{"java":{"insertions":22,"deletions":6}}},{"hash":"a71b777995cab9c6b21d59e80c023de49ad1c859","isMergeCommit":false,"messageTitle":"Level-3","messageBody":"","tags":["Level-3"],"fileTypesAndContributionMap":{"java":{"insertions":71,"deletions":12}}}]},{"date":"2025-02-05","commitResults":[{"hash":"b963fdcf3f320051ae1c243189a3786c24817d11","isMergeCommit":false,"messageTitle":"Level-4","messageBody":"","tags":["Level-4"],"fileTypesAndContributionMap":{"java":{"insertions":125,"deletions":36}}},{"hash":"50ad8984dd1a878f470cbe94fd8ea273e3898e34","isMergeCommit":false,"messageTitle":"A-CodeQuality","messageBody":"Change from String Concatenation to String Format for cleaner code\n","tags":["A-CodeQuality"],"fileTypesAndContributionMap":{"java":{"insertions":21,"deletions":18}}}]},{"date":"2025-02-12","commitResults":[{"hash":"43a1bdc6004c9a6e20224da7012a8b78e6f41942","isMergeCommit":false,"messageTitle":"Create hashmap for commands Handle two basic exceptions of InvalidCommandException and MissingArgumentException","messageBody":"","fileTypesAndContributionMap":{"txt":{"insertions":6,"deletions":0},"java":{"insertions":103,"deletions":38},"sh":{"insertions":1,"deletions":1}}},{"hash":"4a9d1ca5fdff03f56d6dd29043521fc0e3739098","isMergeCommit":false,"messageTitle":"Handle invalid command format exceptions: NumberFormatException, IndexOutOfBoundsException","messageBody":"","tags":["Level-5","A-Exceptions"],"fileTypesAndContributionMap":{"java":{"insertions":48,"deletions":40}}},{"hash":"3932a2ebe80ae68f3074ae2fdb770a66e41f1d7f","isMergeCommit":false,"messageTitle":"Update file packages and IndexOutOfBoundException for markTask and unmarkTask methods","messageBody":"","fileTypesAndContributionMap":{"java":{"insertions":89,"deletions":67}}},{"hash":"ea9b933c9678fe13d73349d1d701d0f92606683d","isMergeCommit":false,"messageTitle":"Remove old import","messageBody":"","tags":["A-Packages"],"fileTypesAndContributionMap":{"java":{"insertions":0,"deletions":2}}}]},{"date":"2025-02-19","commitResults":[{"hash":"eb4b13ab4fc0202c57ef253cccc9ad340d463b40","isMergeCommit":false,"messageTitle":"add removeTask method with usage: delete \u003ctaskId\u003e","messageBody":"","fileTypesAndContributionMap":{"java":{"insertions":33,"deletions":19}}},{"hash":"d2eee88a5b30607ba764633270c6df431a3fe967","isMergeCommit":false,"messageTitle":"delete redundant exception class MarkingOutOfBoundException.java","messageBody":"","fileTypesAndContributionMap":{"java":{"insertions":0,"deletions":7}}},{"hash":"3b5cfad9f7d16428a65c5c19eab183d79b67b054","isMergeCommit":false,"messageTitle":"Save and Load files using ObjectSerialize. Objects are stored in tasks.dat file.","messageBody":"","fileTypesAndContributionMap":{"java":{"insertions":46,"deletions":4}}},{"hash":"444c00416f97af0ca0840cbf25205fb0cbaa5db3","isMergeCommit":false,"messageTitle":"Save and Load files using ObjectSerialize. Objects are stored in tasks.dat file.","messageBody":"","fileTypesAndContributionMap":{"java":{"insertions":0,"deletions":1}}},{"hash":"f04e203b6864e235bb3da2a08472da9783f40c42","isMergeCommit":true,"messageTitle":"Merging branch-Level-6 into master","messageBody":"","tags":["Level-6"],"fileTypesAndContributionMap":{}},{"hash":"422241112a6de2b87d404c8c2ce845af33e0ce65","isMergeCommit":true,"messageTitle":"Resolve merge conflict in Task.java","messageBody":"","tags":["Level-7"],"fileTypesAndContributionMap":{}},{"hash":"46434be62c93a54f8b39aa136c1eb0d46cadec63","isMergeCommit":false,"messageTitle":"Refactor package name. Add saveList() for removeTask method","messageBody":"","tags":["v0.1","A-Jar"],"fileTypesAndContributionMap":{"java":{"insertions":17,"deletions":16}}}]},{"date":"2025-02-20","commitResults":[{"hash":"4c13bd67b30ee70797ab823214b7d0c9ff34d904","isMergeCommit":false,"messageTitle":"Add Exception Handling for removeTask methods.","messageBody":"Update to FilePath for tasks.dat file to run regardless of OS environment\n","fileTypesAndContributionMap":{"java":{"insertions":23,"deletions":13}}}]},{"date":"2025-03-07","commitResults":[{"hash":"7dd17a0ca4ed69a02fbfad31d3ebc480c2c27b70","isMergeCommit":false,"messageTitle":"Code Refactoring for more OOP","messageBody":"","fileTypesAndContributionMap":{"java":{"insertions":476,"deletions":243}}},{"hash":"05cd275a82cc8b6a6773a07af641df25da974997","isMergeCommit":false,"messageTitle":"Follow SLAP and move low-level details of parsing in EventCommand.execute to Parser","messageBody":"","fileTypesAndContributionMap":{"java":{"insertions":10,"deletions":20}}},{"hash":"5eb203f0d2586d4fe50e9b91ecd895084e489a5f","isMergeCommit":false,"messageTitle":"Remove redundant imports","messageBody":"","fileTypesAndContributionMap":{"java":{"insertions":16,"deletions":11}}},{"hash":"5be81e7af6f55ea12fdd557b8ba4a4615425ce88","isMergeCommit":false,"messageTitle":"Update deprecated ExitCommand.class","messageBody":"","fileTypesAndContributionMap":{"java":{"insertions":1,"deletions":3}}},{"hash":"785f0e076455fdad85d0e04799fe58cdb56c4312","isMergeCommit":false,"messageTitle":"Follow SLAP by moving low-level implementation from command classes to Parser","messageBody":"","fileTypesAndContributionMap":{"txt":{"insertions":23,"deletions":0},"java":{"insertions":21,"deletions":19},"sh":{"insertions":2,"deletions":0}}},{"hash":"f02f5315baf4f8c2c4c8daccbf29074d87a3b704","isMergeCommit":true,"messageTitle":"Merge branch-A-MoreOOP back into master","messageBody":"","tags":["A-MoreOOP"],"fileTypesAndContributionMap":{}}]},{"date":"2025-03-12","commitResults":[{"hash":"8470314c1fb8242b0e645d456881bbf9681a3d7b","isMergeCommit":false,"messageTitle":"Add FindCommand","messageBody":"","tags":["Level-9"],"fileTypesAndContributionMap":{"java":{"insertions":51,"deletions":1}}},{"hash":"835aba9112f0be4372127f1913bcc1ea6b720e18","isMergeCommit":true,"messageTitle":"Merge pull request #1 from trunghjieu2506/branch-Level-9","messageBody":"Add FindCommand","fileTypesAndContributionMap":{}},{"hash":"af0157cf15e805eac5c6d62aa9f2a4a3f3899878","isMergeCommit":false,"messageTitle":"Add JavaDoc and some minor code refactoring","messageBody":"","tags":["A-JavaDoc"],"fileTypesAndContributionMap":{"txt":{"insertions":0,"deletions":1},"java":{"insertions":155,"deletions":40}}},{"hash":"b84e51a033f8c7e77922f45da0cad50796c6eebb","isMergeCommit":true,"messageTitle":"Merge branch \u0027branch-A-JavaDoc\u0027","messageBody":"","fileTypesAndContributionMap":{}},{"hash":"f6585bc88754a3e46ce5a6d2ccd7e6d25cdc1201","isMergeCommit":false,"messageTitle":"Minor bug","messageBody":"","fileTypesAndContributionMap":{"java":{"insertions":2,"deletions":1}}}]},{"date":"2025-03-13","commitResults":[{"hash":"4f5fb1ffbffd8bd0eac0b1c631acd46981c2909f","isMergeCommit":false,"messageTitle":"Update print message when loading file storage","messageBody":"","fileTypesAndContributionMap":{"java":{"insertions":8,"deletions":1}}},{"hash":"e6cb83f3febe621f2ee103d204e3b29e2a730c49","isMergeCommit":false,"messageTitle":"Update README.md","messageBody":"","fileTypesAndContributionMap":{"md":{"insertions":153,"deletions":0}}},{"hash":"1cacb02210f3c15b65d9941aa2266ec9a94e03b5","isMergeCommit":false,"messageTitle":"Update README.md","messageBody":"","tags":["v0.2"],"fileTypesAndContributionMap":{"md":{"insertions":1,"deletions":1}}},{"hash":"97a3ac7c7ac1c60a647b61bb97837ad6ce061215","isMergeCommit":false,"messageTitle":"Update ReadMe.md","messageBody":"","tags":["A-UserGuide"],"fileTypesAndContributionMap":{"java":{"insertions":5,"deletions":4},"md":{"insertions":29,"deletions":165}}},{"hash":"ac04b358c8678352baee9d656db7a6976d6c62b2","isMergeCommit":false,"messageTitle":"Update ReadMe.md","messageBody":"","fileTypesAndContributionMap":{"md":{"insertions":7,"deletions":7}}}]}]},"authorFileTypeContributionMap":{"trunghjieu2506":{"java":753,"md":43,"fxml":0,"sh":3,"bat":0,"gradle":0,"txt":28}},"authorContributionVariance":{"trunghjieu2506":16942.914},"authorDisplayNameMap":{"trunghjieu2506":"CS2113-W11-2 NGUY..HIEU"}}
