{"authorDailyContributionsMap":{"OliverQiL":[{"date":"2025-02-21","commitResults":[{"hash":"5ebe972e90ca2310a02403255ae9d08b8613182b","isMergeCommit":false,"messageTitle":"Level 0 (renamed file from duke.java to oongaliegabangalie.java)","messageBody":"","fileTypesAndContributionMap":{"java":{"insertions":26,"deletions":10}}}]},{"date":"2025-03-02","commitResults":[{"hash":"d23dc915ddea7cbde2cdf3f1a47cbc73921e470b","isMergeCommit":false,"messageTitle":"Level-1.1 (basic functionality to meet criteria)","messageBody":"","fileTypesAndContributionMap":{"java":{"insertions":17,"deletions":0}}},{"hash":"e3f5072c715420af9302927d1241f66b28bc1636","isMergeCommit":false,"messageTitle":"Level-1.2 (added personality with annoyance levels, annoyance messages, alternative goodbyes)","messageBody":"","fileTypesAndContributionMap":{"java":{"insertions":62,"deletions":10}}},{"hash":"5f001dd558da702dd5db38dce385823fadd3c9ee","isMergeCommit":false,"messageTitle":"Level-2 (added tasks and tasklist, echo method no longer invoked in main, annoyance temporarily disabled)","messageBody":"","fileTypesAndContributionMap":{"java":{"insertions":28,"deletions":1}}}]},{"date":"2025-03-05","commitResults":[{"hash":"ea07394ee8e15e439dabcbd37e7f20bb0334b408","isMergeCommit":false,"messageTitle":"Level-3 (Mark as Done, added new methods, added Task class)","messageBody":"","fileTypesAndContributionMap":{"java":{"insertions":117,"deletions":11}}},{"hash":"3a954915db95272993a67ced3c14aa27b302e695","isMergeCommit":false,"messageTitle":"Level-4.1 (added ToDo, deadlines, events)","messageBody":"","fileTypesAndContributionMap":{"java":{"insertions":141,"deletions":3}}}]},{"date":"2025-03-06","commitResults":[{"hash":"c53d50f5ae6c417fc5ddcb28df1f5565cc3ffb39","isMergeCommit":false,"messageTitle":"Level-4.2 (small change to fix logic)","messageBody":"","fileTypesAndContributionMap":{"java":{"insertions":1,"deletions":1}}},{"hash":"1c8db77351f8bc02eab8267625ec2fb602d90768","isMergeCommit":false,"messageTitle":"Level-5.1 (basic logic implemented, have yet to optimise and fix inconsistencies)","messageBody":"","fileTypesAndContributionMap":{"java":{"insertions":153,"deletions":83}}},{"hash":"c6a781e63f689bb3add58b3b33871728d227eed7","isMergeCommit":false,"messageTitle":"Level-5.2 (moved all of mark and unmark implementation into method to clean up main)","messageBody":"","fileTypesAndContributionMap":{"java":{"insertions":41,"deletions":15}}},{"hash":"c27f77e31f711fe1e598404e740c236a73abcbad","isMergeCommit":false,"messageTitle":"Level-5.3 (added personality, fixed small bug in mark and unmark where exception wasnt being thrown correctly)","messageBody":"","fileTypesAndContributionMap":{"java":{"insertions":31,"deletions":29}}}]},{"date":"2025-03-10","commitResults":[{"hash":"a1e37c0a8a5bf5b80b91eb1b2d1f850be6b58c2d","isMergeCommit":false,"messageTitle":"Level-5.4-A-Packages (Organized classes into packages)","messageBody":"","fileTypesAndContributionMap":{"java":{"insertions":27,"deletions":4}}}]}]},"authorFileTypeContributionMap":{"OliverQiL":{"java":487,"md":0,"fxml":0,"sh":0,"bat":0,"gradle":0,"txt":0}},"authorContributionVariance":{"OliverQiL":3408.65},"authorDisplayNameMap":{"OliverQiL":"CS2113-F13-1 QI O..ER L"}}
