{"authorDailyContributionsMap":{"srfl0":[{"date":"2025-01-23","commitResults":[{"hash":"e7e498bafbf31f00b19c00f86ccce7ed38f4c22d","isMergeCommit":false,"messageTitle":"Increment level-0","messageBody":"","tags":["Level-0"],"fileTypesAndContributionMap":{"java":{"insertions":11,"deletions":0}}},{"hash":"a27b34172fb6397df0d66968591ca1ebb8f825e9","isMergeCommit":false,"messageTitle":"Increment level-0","messageBody":"","tags":["Level-1"],"fileTypesAndContributionMap":{"java":{"insertions":0,"deletions":10}}}]},{"date":"2025-01-31","commitResults":[{"hash":"63ae2b0639b5165a15f743d980751b6b44979bc3","isMergeCommit":false,"messageTitle":"Add interfacing for commands","messageBody":"Add echo() command to chatbot\n","tags":["Level-2"],"fileTypesAndContributionMap":{"java":{"insertions":51,"deletions":4}}},{"hash":"eaf6f4dfa47f2ecf1161a3ff3f0cbd01733d6587","isMergeCommit":false,"messageTitle":"Add functionalities to store user inputs and repeat them upon user request","messageBody":"Add comments to clarify code\n","tags":["Level-3"],"fileTypesAndContributionMap":{"java":{"insertions":69,"deletions":9}}},{"hash":"8fd0f6f6a48c204bca05cd6b9b9a91239ee671f6","isMergeCommit":false,"messageTitle":"Add Task class to OOP-ify tasks for simpler processing of list Add functionalities to manipulate Task class for use in program","messageBody":"","fileTypesAndContributionMap":{"java":{"insertions":113,"deletions":13}}},{"hash":"e33c9751fd13736b0c8d8a792afd4dcf1e8eafb1","isMergeCommit":false,"messageTitle":"Add behaviour to chatbot for attempting to modify state of a task to identical current state","messageBody":"","tags":["Level-4","A-CodingStandard","A-CodingQuality"],"fileTypesAndContributionMap":{"java":{"insertions":31,"deletions":13}}}]},{"date":"2025-02-07","commitResults":[{"hash":"6d4fabddb7daaf11f503c797197cab506e6972f7","isMergeCommit":false,"messageTitle":"Remove add() and echo() features Add functionalities for adding todo, deadlines and events to tasklist Abstract mark and check features from task list as operations within a single-branch","messageBody":"To do: input filtering through try-throw-catch\n","fileTypesAndContributionMap":{"java":{"insertions":111,"deletions":153}}}]},{"date":"2025-02-13","commitResults":[{"hash":"46beea59d1f15d7bbe9784ba09b9451ae2a940c4","isMergeCommit":false,"messageTitle":"Modify string-parsing of cmd in taskList() to always be for lowercase","messageBody":"","fileTypesAndContributionMap":{"java":{"insertions":1,"deletions":1}}}]},{"date":"2025-02-14","commitResults":[{"hash":"fbad00d489187b9af2bbaffe9969bd264f518646","isMergeCommit":false,"messageTitle":"Add exception handling","messageBody":"","tags":["Level-5","A-Exceptions"],"fileTypesAndContributionMap":{"java":{"insertions":44,"deletions":24}}},{"hash":"37079f5af6ad16392e30f13520c1c61af99c2a1f","isMergeCommit":false,"messageTitle":"Comment on catch statement reasoning","messageBody":"","fileTypesAndContributionMap":{"java":{"insertions":4,"deletions":4}}},{"hash":"c65da94c4cf1c6fde37c07a1930d5aeed2fcba03","isMergeCommit":true,"messageTitle":"Merge branch \u0027Branch-Level-5\u0027 Merge from branch-level-5","messageBody":"","fileTypesAndContributionMap":{}}]},{"date":"2025-03-07","commitResults":[{"hash":"3c8310e44600110f5d8e961ba4dc96a28c3333d1","isMergeCommit":false,"messageTitle":"Refresh Ixo for implementation using ArrayList instead of array Add feature to delete tasks Add necessary basic exceptions","messageBody":"","tags":["Level-6","A-Collections"],"fileTypesAndContributionMap":{"java":{"insertions":213,"deletions":72}}},{"hash":"00cd763cdef78b18491f6c14ff1d3ca594fc63d3","isMergeCommit":true,"messageTitle":"Merge branch \u0027branch-level-6\u0027","messageBody":"","fileTypesAndContributionMap":{}}]},{"date":"2025-03-10","commitResults":[{"hash":"a14358ed727853b044544725a8c393a0bfe1ede5","isMergeCommit":false,"messageTitle":"Add functionality to save current list of tasks into a text file and load upon starting up program","messageBody":"","tags":["Level-7","A-Packages"],"fileTypesAndContributionMap":{"java":{"insertions":169,"deletions":55}}}]},{"date":"2025-03-13","commitResults":[{"hash":"89c6b05d44d2ecf730429e9dd7d40341cee2226e","isMergeCommit":false,"messageTitle":"Collate all files under Ixo package","messageBody":"","fileTypesAndContributionMap":{"java":{"insertions":9,"deletions":11}}},{"hash":"ddcd458db80c6fa8945292429e4f362a346ee496","isMergeCommit":false,"messageTitle":"Add some progress into doing OOP-ifying","messageBody":"","tags":["A-MoreOOP"],"fileTypesAndContributionMap":{"java":{"insertions":98,"deletions":46}}}]},{"date":"2025-03-14","commitResults":[{"hash":"f758add49d3689be590bfa2f9632993d7ef70f4e","isMergeCommit":false,"messageTitle":"Refactor and clean up code for OOP-ification","messageBody":"","fileTypesAndContributionMap":{"txt":{"insertions":1,"deletions":0},"java":{"insertions":426,"deletions":358}}},{"hash":"7fc8f2b5d41a51d5e7984ec4dacbd0eef9367836","isMergeCommit":false,"messageTitle":"Amend missing rename for run method in Ui (now called begin)","messageBody":"","fileTypesAndContributionMap":{"java":{"insertions":1,"deletions":1}}},{"hash":"e4b45d9c0831d309977d7e0256aa2f2728232799","isMergeCommit":false,"messageTitle":"Add find functionality for Ixo","messageBody":"","tags":["Level-9"],"fileTypesAndContributionMap":{"txt":{"insertions":0,"deletions":1},"java":{"insertions":62,"deletions":8}}},{"hash":"046bc6be8f64f4ce1921b98ff81b9d173b167c7c","isMergeCommit":true,"messageTitle":"Merge branch \u0027branch-level-9\u0027","messageBody":"","fileTypesAndContributionMap":{}},{"hash":"adec24e1d79144aaa4dec413ec0451c21ac59c4c","isMergeCommit":false,"messageTitle":"Update .gitignore to avoid committing data text files","messageBody":"","fileTypesAndContributionMap":{"java":{"insertions":1,"deletions":14}}},{"hash":"636c4c69930097463b250a3fe10c0f3ce72b22f0","isMergeCommit":false,"messageTitle":"Add JavaDoc descriptions Add icon design on welcome","messageBody":"","tags":["A-JavaDoc"],"fileTypesAndContributionMap":{"java":{"insertions":136,"deletions":1}}}]}]},"authorFileTypeContributionMap":{"srfl0":{"java":763,"md":0,"fxml":0,"sh":0,"bat":0,"gradle":0,"txt":0}},"authorContributionVariance":{"srfl0":19686.055},"authorDisplayNameMap":{"srfl0":"CS2113-F11-3 CHUA..YUAN"}}
