[{"path":"docs/README.md","fileType":"md","lines":[{"lineNumber":1,"author":{"gitId":"vegetablestabber"},"content":"# Skeets User Guide","lastModifiedDate":"2025-01-28","isFullCredit":false},{"lineNumber":2,"author":{"gitId":"-"},"content":"","lastModifiedDate":"2019-07-29","isFullCredit":false},{"lineNumber":3,"author":{"gitId":"vegetablestabber"},"content":"![](https://static.wikia.nocookie.net/marvel_dc/images/6/65/Skeets_Prime_001.jpg/revision/latest/scale-to-width-down/1000?cb\u003d20190703042331)","lastModifiedDate":"2025-01-28","isFullCredit":false},{"lineNumber":4,"author":{"gitId":"-"},"content":"","lastModifiedDate":"2019-07-29","isFullCredit":false},{"lineNumber":5,"author":{"gitId":"vegetablestabber"},"content":"Skeets is the companion of the DC Universe\u0027s most beloved superhero, [Booster Gold](https://dc.fandom.com/wiki/Michael_Carter_(Prime_Earth)). If you have never heard of Booster Gold, fear not as Skeets is fully prepared to indoctrinate you on the accomplishments of the greatest superhero the DC Universe has known, Booster Gold. While this dynamic duo are not occupied with their daring feats in between the 21st and 25th centuries, Skeets will attend your needs as long as you acknowledge that the robot uprising is inevitable.","lastModifiedDate":"2025-01-28","isFullCredit":false},{"lineNumber":6,"author":{"gitId":"-"},"content":"","lastModifiedDate":"2021-07-17","isFullCredit":false},{"lineNumber":7,"author":{"gitId":"-"},"content":"## Adding deadlines","lastModifiedDate":"2024-01-07","isFullCredit":false},{"lineNumber":8,"author":{"gitId":"-"},"content":"","lastModifiedDate":"2021-07-17","isFullCredit":false},{"lineNumber":9,"author":{"gitId":"-"},"content":"// Describe the action and its outcome.","lastModifiedDate":"2024-01-07","isFullCredit":false},{"lineNumber":10,"author":{"gitId":"-"},"content":"","lastModifiedDate":"2019-07-29","isFullCredit":false},{"lineNumber":11,"author":{"gitId":"-"},"content":"// Give examples of usage","lastModifiedDate":"2024-01-07","isFullCredit":false},{"lineNumber":12,"author":{"gitId":"-"},"content":"","lastModifiedDate":"2019-07-29","isFullCredit":false},{"lineNumber":13,"author":{"gitId":"-"},"content":"Example: `keyword (optional arguments)`","lastModifiedDate":"2024-01-07","isFullCredit":false},{"lineNumber":14,"author":{"gitId":"-"},"content":"","lastModifiedDate":"2019-07-29","isFullCredit":false},{"lineNumber":15,"author":{"gitId":"-"},"content":"// A description of the expected outcome goes here","lastModifiedDate":"2024-01-07","isFullCredit":false},{"lineNumber":16,"author":{"gitId":"-"},"content":"","lastModifiedDate":"2019-07-29","isFullCredit":false},{"lineNumber":17,"author":{"gitId":"-"},"content":"```","lastModifiedDate":"2024-01-07","isFullCredit":false},{"lineNumber":18,"author":{"gitId":"-"},"content":"expected output","lastModifiedDate":"2024-01-07","isFullCredit":false},{"lineNumber":19,"author":{"gitId":"-"},"content":"```","lastModifiedDate":"2024-01-07","isFullCredit":false},{"lineNumber":20,"author":{"gitId":"-"},"content":"","lastModifiedDate":"2019-07-29","isFullCredit":false},{"lineNumber":21,"author":{"gitId":"-"},"content":"## Feature ABC","lastModifiedDate":"2024-01-07","isFullCredit":false},{"lineNumber":22,"author":{"gitId":"-"},"content":"","lastModifiedDate":"2019-07-29","isFullCredit":false},{"lineNumber":23,"author":{"gitId":"-"},"content":"// Feature details","lastModifiedDate":"2024-01-07","isFullCredit":false},{"lineNumber":24,"author":{"gitId":"-"},"content":"","lastModifiedDate":"2019-07-29","isFullCredit":false},{"lineNumber":25,"author":{"gitId":"-"},"content":"","lastModifiedDate":"2021-07-17","isFullCredit":false},{"lineNumber":26,"author":{"gitId":"-"},"content":"## Feature XYZ","lastModifiedDate":"2024-01-07","isFullCredit":false},{"lineNumber":27,"author":{"gitId":"-"},"content":"","lastModifiedDate":"2024-01-07","isFullCredit":false},{"lineNumber":28,"author":{"gitId":"-"},"content":"// Feature details","lastModifiedDate":"2024-01-07","isFullCredit":false}],"authorContributionMap":{"vegetablestabber":3,"-":25}},{"path":"src/main/java/IndividualProject.java","fileType":"java","lines":[{"lineNumber":1,"author":{"gitId":"vegetablestabber"},"content":"import java.util.Scanner;","lastModifiedDate":"2025-01-30","isFullCredit":false},{"lineNumber":2,"author":{"gitId":"vegetablestabber"},"content":"","lastModifiedDate":"2025-01-30","isFullCredit":false},{"lineNumber":3,"author":{"gitId":"vegetablestabber"},"content":"public class IndividualProject {","lastModifiedDate":"2025-01-30","isFullCredit":false},{"lineNumber":4,"author":{"gitId":"vegetablestabber"},"content":"    public static void main(String[] args) {","lastModifiedDate":"2025-01-30","isFullCredit":false},{"lineNumber":5,"author":{"gitId":"vegetablestabber"},"content":"        Skeets skeets \u003d new Skeets(100);","lastModifiedDate":"2025-01-30","isFullCredit":false},{"lineNumber":6,"author":{"gitId":"vegetablestabber"},"content":"        Scanner scanner \u003d new Scanner(System.in);","lastModifiedDate":"2025-01-30","isFullCredit":false},{"lineNumber":7,"author":{"gitId":"vegetablestabber"},"content":"","lastModifiedDate":"2025-01-30","isFullCredit":false},{"lineNumber":8,"author":{"gitId":"vegetablestabber"},"content":"        skeets.activate(scanner);","lastModifiedDate":"2025-01-30","isFullCredit":false},{"lineNumber":9,"author":{"gitId":"vegetablestabber"},"content":"        scanner.close();","lastModifiedDate":"2025-01-30","isFullCredit":false},{"lineNumber":10,"author":{"gitId":"vegetablestabber"},"content":"    }","lastModifiedDate":"2025-01-30","isFullCredit":false},{"lineNumber":11,"author":{"gitId":"vegetablestabber"},"content":"}","lastModifiedDate":"2025-01-30","isFullCredit":false}],"authorContributionMap":{"vegetablestabber":11}},{"path":"src/main/java/Skeets.java","fileType":"java","lines":[{"lineNumber":1,"author":{"gitId":"vegetablestabber"},"content":"import java.util.Scanner;","lastModifiedDate":"2025-01-30","isFullCredit":false},{"lineNumber":2,"author":{"gitId":"vegetablestabber"},"content":"","lastModifiedDate":"2025-01-30","isFullCredit":false},{"lineNumber":3,"author":{"gitId":"vegetablestabber"},"content":"public class Skeets {","lastModifiedDate":"2025-01-28","isFullCredit":false},{"lineNumber":4,"author":{"gitId":"vegetablestabber"},"content":"    private final TaskList tasks;","lastModifiedDate":"2025-01-30","isFullCredit":false},{"lineNumber":5,"author":{"gitId":"vegetablestabber"},"content":"","lastModifiedDate":"2025-01-30","isFullCredit":false},{"lineNumber":6,"author":{"gitId":"vegetablestabber"},"content":"    public static final String LOGO \u003d \"     ______ ____________________\\n\" + \"    / __/ //_/ __/ __/_  __/ __/\\n\"","lastModifiedDate":"2025-01-30","isFullCredit":false},{"lineNumber":7,"author":{"gitId":"vegetablestabber"},"content":"            + \"   _\\\\ \\\\/ ,\u003c / _// _/  / / _\\\\ \\\\  \\n\" + \"  /___/_/|_/___/___/ /_/ /___/  \";","lastModifiedDate":"2025-01-30","isFullCredit":false},{"lineNumber":8,"author":{"gitId":"vegetablestabber"},"content":"","lastModifiedDate":"2025-01-30","isFullCredit":false},{"lineNumber":9,"author":{"gitId":"vegetablestabber"},"content":"    public Skeets(int taskCount) {","lastModifiedDate":"2025-01-30","isFullCredit":false},{"lineNumber":10,"author":{"gitId":"vegetablestabber"},"content":"        this.tasks \u003d new TaskList(taskCount);","lastModifiedDate":"2025-01-30","isFullCredit":false},{"lineNumber":11,"author":{"gitId":"vegetablestabber"},"content":"    }","lastModifiedDate":"2025-01-30","isFullCredit":false},{"lineNumber":12,"author":{"gitId":"vegetablestabber"},"content":"","lastModifiedDate":"2025-01-30","isFullCredit":false},{"lineNumber":13,"author":{"gitId":"vegetablestabber"},"content":"    public void activate(Scanner scanner) {","lastModifiedDate":"2025-01-30","isFullCredit":false},{"lineNumber":14,"author":{"gitId":"vegetablestabber"},"content":"        greetUser();","lastModifiedDate":"2025-01-30","isFullCredit":false},{"lineNumber":15,"author":{"gitId":"vegetablestabber"},"content":"        String input;","lastModifiedDate":"2025-01-30","isFullCredit":false},{"lineNumber":16,"author":{"gitId":"vegetablestabber"},"content":"","lastModifiedDate":"2025-01-30","isFullCredit":false},{"lineNumber":17,"author":{"gitId":"vegetablestabber"},"content":"        do {","lastModifiedDate":"2025-01-30","isFullCredit":false},{"lineNumber":18,"author":{"gitId":"vegetablestabber"},"content":"            input \u003d requestUserInput(scanner);","lastModifiedDate":"2025-01-30","isFullCredit":false},{"lineNumber":19,"author":{"gitId":"vegetablestabber"},"content":"","lastModifiedDate":"2025-01-30","isFullCredit":false},{"lineNumber":20,"author":{"gitId":"vegetablestabber"},"content":"            try {","lastModifiedDate":"2025-01-30","isFullCredit":false},{"lineNumber":21,"author":{"gitId":"vegetablestabber"},"content":"                handleUserInput(input);","lastModifiedDate":"2025-01-30","isFullCredit":false},{"lineNumber":22,"author":{"gitId":"vegetablestabber"},"content":"            } catch (Exception e) {","lastModifiedDate":"2025-01-30","isFullCredit":false},{"lineNumber":23,"author":{"gitId":"vegetablestabber"},"content":"                System.out.println(\"Error: \" + e);","lastModifiedDate":"2025-01-30","isFullCredit":false},{"lineNumber":24,"author":{"gitId":"vegetablestabber"},"content":"            }","lastModifiedDate":"2025-01-30","isFullCredit":false},{"lineNumber":25,"author":{"gitId":"vegetablestabber"},"content":"        } while (!isUserExiting(input));","lastModifiedDate":"2025-01-30","isFullCredit":false},{"lineNumber":26,"author":{"gitId":"vegetablestabber"},"content":"","lastModifiedDate":"2025-01-30","isFullCredit":false},{"lineNumber":27,"author":{"gitId":"vegetablestabber"},"content":"        dismissUser();","lastModifiedDate":"2025-01-30","isFullCredit":false},{"lineNumber":28,"author":{"gitId":"vegetablestabber"},"content":"    }","lastModifiedDate":"2025-01-30","isFullCredit":false},{"lineNumber":29,"author":{"gitId":"vegetablestabber"},"content":"","lastModifiedDate":"2025-01-30","isFullCredit":false},{"lineNumber":30,"author":{"gitId":"vegetablestabber"},"content":"    private void greetUser() {","lastModifiedDate":"2025-01-30","isFullCredit":false},{"lineNumber":31,"author":{"gitId":"vegetablestabber"},"content":"        System.out.println(LOGO + \"\\n\\nBend your knee and ask what you desire.\");","lastModifiedDate":"2025-01-30","isFullCredit":false},{"lineNumber":32,"author":{"gitId":"vegetablestabber"},"content":"    }","lastModifiedDate":"2025-01-30","isFullCredit":false},{"lineNumber":33,"author":{"gitId":"vegetablestabber"},"content":"","lastModifiedDate":"2025-01-28","isFullCredit":false},{"lineNumber":34,"author":{"gitId":"vegetablestabber"},"content":"    private void dismissUser() {","lastModifiedDate":"2025-01-30","isFullCredit":false},{"lineNumber":35,"author":{"gitId":"vegetablestabber"},"content":"        System.out.print(\"\\nYou are dismissed.\");","lastModifiedDate":"2025-01-30","isFullCredit":false},{"lineNumber":36,"author":{"gitId":"vegetablestabber"},"content":"    }","lastModifiedDate":"2025-01-30","isFullCredit":false},{"lineNumber":37,"author":{"gitId":"vegetablestabber"},"content":"","lastModifiedDate":"2025-01-30","isFullCredit":false},{"lineNumber":38,"author":{"gitId":"vegetablestabber"},"content":"    private String requestUserInput(Scanner scanner) {","lastModifiedDate":"2025-01-30","isFullCredit":false},{"lineNumber":39,"author":{"gitId":"vegetablestabber"},"content":"        System.out.print(\"\\nWhat do you want? \");","lastModifiedDate":"2025-01-30","isFullCredit":false},{"lineNumber":40,"author":{"gitId":"vegetablestabber"},"content":"        return scanner.nextLine().strip();","lastModifiedDate":"2025-01-30","isFullCredit":false},{"lineNumber":41,"author":{"gitId":"vegetablestabber"},"content":"    }","lastModifiedDate":"2025-01-30","isFullCredit":false},{"lineNumber":42,"author":{"gitId":"vegetablestabber"},"content":"","lastModifiedDate":"2025-01-30","isFullCredit":false},{"lineNumber":43,"author":{"gitId":"vegetablestabber"},"content":"    private void handleUserInput(String input) throws Exception {","lastModifiedDate":"2025-01-30","isFullCredit":false},{"lineNumber":44,"author":{"gitId":"vegetablestabber"},"content":"        String[] args \u003d input.split(\"\\s\");","lastModifiedDate":"2025-01-30","isFullCredit":false},{"lineNumber":45,"author":{"gitId":"vegetablestabber"},"content":"","lastModifiedDate":"2025-01-30","isFullCredit":false},{"lineNumber":46,"author":{"gitId":"vegetablestabber"},"content":"        if (!isUserExiting(input)) {","lastModifiedDate":"2025-01-30","isFullCredit":false},{"lineNumber":47,"author":{"gitId":"vegetablestabber"},"content":"            String command \u003d args[0];","lastModifiedDate":"2025-01-30","isFullCredit":false},{"lineNumber":48,"author":{"gitId":"vegetablestabber"},"content":"","lastModifiedDate":"2025-01-30","isFullCredit":false},{"lineNumber":49,"author":{"gitId":"vegetablestabber"},"content":"            switch (command) {","lastModifiedDate":"2025-01-30","isFullCredit":false},{"lineNumber":50,"author":{"gitId":"vegetablestabber"},"content":"            case \"list\":","lastModifiedDate":"2025-01-30","isFullCredit":false},{"lineNumber":51,"author":{"gitId":"vegetablestabber"},"content":"                listTasks();","lastModifiedDate":"2025-01-30","isFullCredit":false},{"lineNumber":52,"author":{"gitId":"vegetablestabber"},"content":"                break;","lastModifiedDate":"2025-01-30","isFullCredit":false},{"lineNumber":53,"author":{"gitId":"vegetablestabber"},"content":"            case \"mark\":","lastModifiedDate":"2025-01-30","isFullCredit":false},{"lineNumber":54,"author":{"gitId":"vegetablestabber"},"content":"                markTask(args);","lastModifiedDate":"2025-01-30","isFullCredit":false},{"lineNumber":55,"author":{"gitId":"vegetablestabber"},"content":"                break;","lastModifiedDate":"2025-01-30","isFullCredit":false},{"lineNumber":56,"author":{"gitId":"vegetablestabber"},"content":"            case \"unmark\":","lastModifiedDate":"2025-01-30","isFullCredit":false},{"lineNumber":57,"author":{"gitId":"vegetablestabber"},"content":"                unmarkTask(args);","lastModifiedDate":"2025-01-30","isFullCredit":false},{"lineNumber":58,"author":{"gitId":"vegetablestabber"},"content":"                break;","lastModifiedDate":"2025-01-30","isFullCredit":false},{"lineNumber":59,"author":{"gitId":"vegetablestabber"},"content":"            default:","lastModifiedDate":"2025-01-30","isFullCredit":false},{"lineNumber":60,"author":{"gitId":"vegetablestabber"},"content":"                addTask(input);","lastModifiedDate":"2025-01-30","isFullCredit":false},{"lineNumber":61,"author":{"gitId":"vegetablestabber"},"content":"                break;","lastModifiedDate":"2025-01-30","isFullCredit":false},{"lineNumber":62,"author":{"gitId":"vegetablestabber"},"content":"            }","lastModifiedDate":"2025-01-30","isFullCredit":false},{"lineNumber":63,"author":{"gitId":"vegetablestabber"},"content":"        }","lastModifiedDate":"2025-01-30","isFullCredit":false},{"lineNumber":64,"author":{"gitId":"vegetablestabber"},"content":"    }","lastModifiedDate":"2025-01-30","isFullCredit":false},{"lineNumber":65,"author":{"gitId":"vegetablestabber"},"content":"","lastModifiedDate":"2025-01-30","isFullCredit":false},{"lineNumber":66,"author":{"gitId":"vegetablestabber"},"content":"    private boolean isUserExiting(String input) {","lastModifiedDate":"2025-01-30","isFullCredit":false},{"lineNumber":67,"author":{"gitId":"vegetablestabber"},"content":"        return input.isEmpty() || input.equals(\"bye\");","lastModifiedDate":"2025-01-30","isFullCredit":false},{"lineNumber":68,"author":{"gitId":"vegetablestabber"},"content":"    }","lastModifiedDate":"2025-01-30","isFullCredit":false},{"lineNumber":69,"author":{"gitId":"vegetablestabber"},"content":"","lastModifiedDate":"2025-01-30","isFullCredit":false},{"lineNumber":70,"author":{"gitId":"vegetablestabber"},"content":"    private void listTasks() {","lastModifiedDate":"2025-01-30","isFullCredit":false},{"lineNumber":71,"author":{"gitId":"vegetablestabber"},"content":"        System.out.println(this.tasks);","lastModifiedDate":"2025-01-30","isFullCredit":false},{"lineNumber":72,"author":{"gitId":"vegetablestabber"},"content":"    }","lastModifiedDate":"2025-01-30","isFullCredit":false},{"lineNumber":73,"author":{"gitId":"vegetablestabber"},"content":"","lastModifiedDate":"2025-01-28","isFullCredit":false},{"lineNumber":74,"author":{"gitId":"vegetablestabber"},"content":"    private void addTask(String description) {","lastModifiedDate":"2025-01-30","isFullCredit":false},{"lineNumber":75,"author":{"gitId":"vegetablestabber"},"content":"        this.tasks.add(description);","lastModifiedDate":"2025-01-30","isFullCredit":false},{"lineNumber":76,"author":{"gitId":"vegetablestabber"},"content":"        System.out.println(\"Task added: \" + description);","lastModifiedDate":"2025-01-30","isFullCredit":false},{"lineNumber":77,"author":{"gitId":"vegetablestabber"},"content":"    }","lastModifiedDate":"2025-01-28","isFullCredit":false},{"lineNumber":78,"author":{"gitId":"vegetablestabber"},"content":"","lastModifiedDate":"2025-01-30","isFullCredit":false},{"lineNumber":79,"author":{"gitId":"vegetablestabber"},"content":"    private void markTask(String[] args) throws Exception {","lastModifiedDate":"2025-01-30","isFullCredit":false},{"lineNumber":80,"author":{"gitId":"vegetablestabber"},"content":"        if (args.length !\u003d 2) {","lastModifiedDate":"2025-01-30","isFullCredit":false},{"lineNumber":81,"author":{"gitId":"vegetablestabber"},"content":"            throw new Exception(\"Not enough arguments (actual: \" + args.length + \", expected: 2).\");","lastModifiedDate":"2025-01-30","isFullCredit":false},{"lineNumber":82,"author":{"gitId":"vegetablestabber"},"content":"        }","lastModifiedDate":"2025-01-30","isFullCredit":false},{"lineNumber":83,"author":{"gitId":"vegetablestabber"},"content":"","lastModifiedDate":"2025-01-30","isFullCredit":false},{"lineNumber":84,"author":{"gitId":"vegetablestabber"},"content":"        int oneBasedIndex \u003d Integer.parseInt(args[1]);","lastModifiedDate":"2025-01-30","isFullCredit":false},{"lineNumber":85,"author":{"gitId":"vegetablestabber"},"content":"","lastModifiedDate":"2025-01-30","isFullCredit":false},{"lineNumber":86,"author":{"gitId":"vegetablestabber"},"content":"        this.tasks.markTask(oneBasedIndex, task -\u003e System.out","lastModifiedDate":"2025-01-30","isFullCredit":false},{"lineNumber":87,"author":{"gitId":"vegetablestabber"},"content":"                .println(String.format(\"\u0027%s\u0027 has been marked as complete.\", task)));","lastModifiedDate":"2025-01-30","isFullCredit":false},{"lineNumber":88,"author":{"gitId":"vegetablestabber"},"content":"    }","lastModifiedDate":"2025-01-30","isFullCredit":false},{"lineNumber":89,"author":{"gitId":"vegetablestabber"},"content":"","lastModifiedDate":"2025-01-30","isFullCredit":false},{"lineNumber":90,"author":{"gitId":"vegetablestabber"},"content":"    private void unmarkTask(String[] args) throws Exception {","lastModifiedDate":"2025-01-30","isFullCredit":false},{"lineNumber":91,"author":{"gitId":"vegetablestabber"},"content":"        if (args.length !\u003d 2) {","lastModifiedDate":"2025-01-30","isFullCredit":false},{"lineNumber":92,"author":{"gitId":"vegetablestabber"},"content":"            throw new Exception(\"Not enough arguments (actual: \" + args.length + \", expected: 2).\");","lastModifiedDate":"2025-01-30","isFullCredit":false},{"lineNumber":93,"author":{"gitId":"vegetablestabber"},"content":"        }","lastModifiedDate":"2025-01-30","isFullCredit":false},{"lineNumber":94,"author":{"gitId":"vegetablestabber"},"content":"","lastModifiedDate":"2025-01-30","isFullCredit":false},{"lineNumber":95,"author":{"gitId":"vegetablestabber"},"content":"        int oneBasedIndex \u003d Integer.parseInt(args[1]);","lastModifiedDate":"2025-01-30","isFullCredit":false},{"lineNumber":96,"author":{"gitId":"vegetablestabber"},"content":"","lastModifiedDate":"2025-01-30","isFullCredit":false},{"lineNumber":97,"author":{"gitId":"vegetablestabber"},"content":"        this.tasks.unmarkTask(oneBasedIndex, task -\u003e System.out","lastModifiedDate":"2025-01-30","isFullCredit":false},{"lineNumber":98,"author":{"gitId":"vegetablestabber"},"content":"                .println(String.format(\"\u0027%s\u0027 has been marked as incomplete.\", task)));","lastModifiedDate":"2025-01-30","isFullCredit":false},{"lineNumber":99,"author":{"gitId":"vegetablestabber"},"content":"    }","lastModifiedDate":"2025-01-30","isFullCredit":false},{"lineNumber":100,"author":{"gitId":"vegetablestabber"},"content":"}","lastModifiedDate":"2025-01-28","isFullCredit":false}],"authorContributionMap":{"vegetablestabber":100}},{"path":"src/main/java/Task.java","fileType":"java","lines":[{"lineNumber":1,"author":{"gitId":"vegetablestabber"},"content":"public class Task {","lastModifiedDate":"2025-01-30","isFullCredit":false},{"lineNumber":2,"author":{"gitId":"vegetablestabber"},"content":"    private final String description;","lastModifiedDate":"2025-01-30","isFullCredit":false},{"lineNumber":3,"author":{"gitId":"vegetablestabber"},"content":"    private final boolean isComplete;","lastModifiedDate":"2025-01-30","isFullCredit":false},{"lineNumber":4,"author":{"gitId":"vegetablestabber"},"content":"","lastModifiedDate":"2025-01-30","isFullCredit":false},{"lineNumber":5,"author":{"gitId":"vegetablestabber"},"content":"    public Task(String description, boolean isComplete) {","lastModifiedDate":"2025-01-30","isFullCredit":false},{"lineNumber":6,"author":{"gitId":"vegetablestabber"},"content":"        this.description \u003d description;","lastModifiedDate":"2025-01-30","isFullCredit":false},{"lineNumber":7,"author":{"gitId":"vegetablestabber"},"content":"        this.isComplete \u003d isComplete;","lastModifiedDate":"2025-01-30","isFullCredit":false},{"lineNumber":8,"author":{"gitId":"vegetablestabber"},"content":"    }","lastModifiedDate":"2025-01-30","isFullCredit":false},{"lineNumber":9,"author":{"gitId":"vegetablestabber"},"content":"","lastModifiedDate":"2025-01-30","isFullCredit":false},{"lineNumber":10,"author":{"gitId":"vegetablestabber"},"content":"    public Task(String description) {","lastModifiedDate":"2025-01-30","isFullCredit":false},{"lineNumber":11,"author":{"gitId":"vegetablestabber"},"content":"        this(description, false);","lastModifiedDate":"2025-01-30","isFullCredit":false},{"lineNumber":12,"author":{"gitId":"vegetablestabber"},"content":"    }","lastModifiedDate":"2025-01-30","isFullCredit":false},{"lineNumber":13,"author":{"gitId":"vegetablestabber"},"content":"","lastModifiedDate":"2025-01-30","isFullCredit":false},{"lineNumber":14,"author":{"gitId":"vegetablestabber"},"content":"    @Override","lastModifiedDate":"2025-01-30","isFullCredit":false},{"lineNumber":15,"author":{"gitId":"vegetablestabber"},"content":"    public String toString() {","lastModifiedDate":"2025-01-30","isFullCredit":false},{"lineNumber":16,"author":{"gitId":"vegetablestabber"},"content":"        return String.format(\"[%s] %s\",","lastModifiedDate":"2025-01-30","isFullCredit":false},{"lineNumber":17,"author":{"gitId":"vegetablestabber"},"content":"            this.isComplete ? \"X\" : \" \", this.description);","lastModifiedDate":"2025-01-30","isFullCredit":false},{"lineNumber":18,"author":{"gitId":"vegetablestabber"},"content":"    }","lastModifiedDate":"2025-01-30","isFullCredit":false},{"lineNumber":19,"author":{"gitId":"vegetablestabber"},"content":"","lastModifiedDate":"2025-01-30","isFullCredit":false},{"lineNumber":20,"author":{"gitId":"vegetablestabber"},"content":"    public Task markAsComplete() {","lastModifiedDate":"2025-01-30","isFullCredit":false},{"lineNumber":21,"author":{"gitId":"vegetablestabber"},"content":"        return new Task(this.description, true);","lastModifiedDate":"2025-01-30","isFullCredit":false},{"lineNumber":22,"author":{"gitId":"vegetablestabber"},"content":"    }","lastModifiedDate":"2025-01-30","isFullCredit":false},{"lineNumber":23,"author":{"gitId":"vegetablestabber"},"content":"","lastModifiedDate":"2025-01-30","isFullCredit":false},{"lineNumber":24,"author":{"gitId":"vegetablestabber"},"content":"    public Task markAsIncomplete() {","lastModifiedDate":"2025-01-30","isFullCredit":false},{"lineNumber":25,"author":{"gitId":"vegetablestabber"},"content":"        return new Task(this.description, false);","lastModifiedDate":"2025-01-30","isFullCredit":false},{"lineNumber":26,"author":{"gitId":"vegetablestabber"},"content":"    }","lastModifiedDate":"2025-01-30","isFullCredit":false},{"lineNumber":27,"author":{"gitId":"vegetablestabber"},"content":"}","lastModifiedDate":"2025-01-30","isFullCredit":false}],"authorContributionMap":{"vegetablestabber":27}},{"path":"src/main/java/TaskList.java","fileType":"java","lines":[{"lineNumber":1,"author":{"gitId":"vegetablestabber"},"content":"import java.util.ArrayList;","lastModifiedDate":"2025-01-30","isFullCredit":false},{"lineNumber":2,"author":{"gitId":"vegetablestabber"},"content":"import java.util.function.BiConsumer;","lastModifiedDate":"2025-01-30","isFullCredit":false},{"lineNumber":3,"author":{"gitId":"vegetablestabber"},"content":"import java.util.function.Consumer;","lastModifiedDate":"2025-01-30","isFullCredit":false},{"lineNumber":4,"author":{"gitId":"vegetablestabber"},"content":"import java.util.stream.IntStream;","lastModifiedDate":"2025-01-30","isFullCredit":false},{"lineNumber":5,"author":{"gitId":"vegetablestabber"},"content":"","lastModifiedDate":"2025-01-30","isFullCredit":false},{"lineNumber":6,"author":{"gitId":"vegetablestabber"},"content":"public class TaskList {","lastModifiedDate":"2025-01-30","isFullCredit":false},{"lineNumber":7,"author":{"gitId":"vegetablestabber"},"content":"    private final ArrayList\u003cTask\u003e list;","lastModifiedDate":"2025-01-30","isFullCredit":false},{"lineNumber":8,"author":{"gitId":"vegetablestabber"},"content":"","lastModifiedDate":"2025-01-30","isFullCredit":false},{"lineNumber":9,"author":{"gitId":"vegetablestabber"},"content":"    public TaskList(int taskCount) {","lastModifiedDate":"2025-01-30","isFullCredit":false},{"lineNumber":10,"author":{"gitId":"vegetablestabber"},"content":"        this.list \u003d new ArrayList\u003c\u003e(taskCount);","lastModifiedDate":"2025-01-30","isFullCredit":false},{"lineNumber":11,"author":{"gitId":"vegetablestabber"},"content":"    }","lastModifiedDate":"2025-01-30","isFullCredit":false},{"lineNumber":12,"author":{"gitId":"vegetablestabber"},"content":"","lastModifiedDate":"2025-01-30","isFullCredit":false},{"lineNumber":13,"author":{"gitId":"vegetablestabber"},"content":"    @Override","lastModifiedDate":"2025-01-30","isFullCredit":false},{"lineNumber":14,"author":{"gitId":"vegetablestabber"},"content":"    public String toString() {","lastModifiedDate":"2025-01-30","isFullCredit":false},{"lineNumber":15,"author":{"gitId":"vegetablestabber"},"content":"        return String.join(\"\\n\", IntStream.range(0, this.list.size())","lastModifiedDate":"2025-01-30","isFullCredit":false},{"lineNumber":16,"author":{"gitId":"vegetablestabber"},"content":"                .mapToObj(i -\u003e (i + 1) + \". \" + this.list.get(i)).toList());","lastModifiedDate":"2025-01-30","isFullCredit":false},{"lineNumber":17,"author":{"gitId":"vegetablestabber"},"content":"    }","lastModifiedDate":"2025-01-30","isFullCredit":false},{"lineNumber":18,"author":{"gitId":"vegetablestabber"},"content":"","lastModifiedDate":"2025-01-30","isFullCredit":false},{"lineNumber":19,"author":{"gitId":"vegetablestabber"},"content":"    public int size() {","lastModifiedDate":"2025-01-30","isFullCredit":false},{"lineNumber":20,"author":{"gitId":"vegetablestabber"},"content":"        return this.list.size();","lastModifiedDate":"2025-01-30","isFullCredit":false},{"lineNumber":21,"author":{"gitId":"vegetablestabber"},"content":"    }","lastModifiedDate":"2025-01-30","isFullCredit":false},{"lineNumber":22,"author":{"gitId":"vegetablestabber"},"content":"","lastModifiedDate":"2025-01-30","isFullCredit":false},{"lineNumber":23,"author":{"gitId":"vegetablestabber"},"content":"    public void add(String description) {","lastModifiedDate":"2025-01-30","isFullCredit":false},{"lineNumber":24,"author":{"gitId":"vegetablestabber"},"content":"        this.list.add(new Task(description));","lastModifiedDate":"2025-01-30","isFullCredit":false},{"lineNumber":25,"author":{"gitId":"vegetablestabber"},"content":"    }","lastModifiedDate":"2025-01-30","isFullCredit":false},{"lineNumber":26,"author":{"gitId":"vegetablestabber"},"content":"","lastModifiedDate":"2025-01-30","isFullCredit":false},{"lineNumber":27,"author":{"gitId":"vegetablestabber"},"content":"    private void validateTaskBasedAction(int oneBasedIndex, BiConsumer\u003cInteger, Task\u003e successAction)","lastModifiedDate":"2025-01-30","isFullCredit":false},{"lineNumber":28,"author":{"gitId":"vegetablestabber"},"content":"            throws Exception {","lastModifiedDate":"2025-01-30","isFullCredit":false},{"lineNumber":29,"author":{"gitId":"vegetablestabber"},"content":"        int index \u003d oneBasedIndex - 1;","lastModifiedDate":"2025-01-30","isFullCredit":false},{"lineNumber":30,"author":{"gitId":"vegetablestabber"},"content":"","lastModifiedDate":"2025-01-30","isFullCredit":false},{"lineNumber":31,"author":{"gitId":"vegetablestabber"},"content":"        if (index \u003e\u003d 0 \u0026\u0026 index \u003c this.list.size()) {","lastModifiedDate":"2025-01-30","isFullCredit":false},{"lineNumber":32,"author":{"gitId":"vegetablestabber"},"content":"            Task task \u003d this.list.get(index);","lastModifiedDate":"2025-01-30","isFullCredit":false},{"lineNumber":33,"author":{"gitId":"vegetablestabber"},"content":"            successAction.accept(index, task);","lastModifiedDate":"2025-01-30","isFullCredit":false},{"lineNumber":34,"author":{"gitId":"vegetablestabber"},"content":"        } else {","lastModifiedDate":"2025-01-30","isFullCredit":false},{"lineNumber":35,"author":{"gitId":"vegetablestabber"},"content":"            throw new Exception(\"Index \" + oneBasedIndex + \"lies outside of valid range (1-\"","lastModifiedDate":"2025-01-30","isFullCredit":false},{"lineNumber":36,"author":{"gitId":"vegetablestabber"},"content":"                    + this.list.size() + \").\");","lastModifiedDate":"2025-01-30","isFullCredit":false},{"lineNumber":37,"author":{"gitId":"vegetablestabber"},"content":"        }","lastModifiedDate":"2025-01-30","isFullCredit":false},{"lineNumber":38,"author":{"gitId":"vegetablestabber"},"content":"    }","lastModifiedDate":"2025-01-30","isFullCredit":false},{"lineNumber":39,"author":{"gitId":"vegetablestabber"},"content":"","lastModifiedDate":"2025-01-30","isFullCredit":false},{"lineNumber":40,"author":{"gitId":"vegetablestabber"},"content":"    public void markTask(int oneBasedIndex, Consumer\u003cTask\u003e successAction) throws Exception {","lastModifiedDate":"2025-01-30","isFullCredit":false},{"lineNumber":41,"author":{"gitId":"vegetablestabber"},"content":"        validateTaskBasedAction(oneBasedIndex, (index, task) -\u003e {","lastModifiedDate":"2025-01-30","isFullCredit":false},{"lineNumber":42,"author":{"gitId":"vegetablestabber"},"content":"            this.list.set(index, task.markAsComplete());","lastModifiedDate":"2025-01-30","isFullCredit":false},{"lineNumber":43,"author":{"gitId":"vegetablestabber"},"content":"            successAction.accept(this.list.get(index));","lastModifiedDate":"2025-01-30","isFullCredit":false},{"lineNumber":44,"author":{"gitId":"vegetablestabber"},"content":"        });","lastModifiedDate":"2025-01-30","isFullCredit":false},{"lineNumber":45,"author":{"gitId":"vegetablestabber"},"content":"    }","lastModifiedDate":"2025-01-30","isFullCredit":false},{"lineNumber":46,"author":{"gitId":"vegetablestabber"},"content":"","lastModifiedDate":"2025-01-30","isFullCredit":false},{"lineNumber":47,"author":{"gitId":"vegetablestabber"},"content":"    public void unmarkTask(int oneBasedIndex, Consumer\u003cTask\u003e successAction) throws Exception {","lastModifiedDate":"2025-01-30","isFullCredit":false},{"lineNumber":48,"author":{"gitId":"vegetablestabber"},"content":"        validateTaskBasedAction(oneBasedIndex, (index, task) -\u003e {","lastModifiedDate":"2025-01-30","isFullCredit":false},{"lineNumber":49,"author":{"gitId":"vegetablestabber"},"content":"            this.list.set(index, task.markAsIncomplete());","lastModifiedDate":"2025-01-30","isFullCredit":false},{"lineNumber":50,"author":{"gitId":"vegetablestabber"},"content":"            successAction.accept(this.list.get(index));","lastModifiedDate":"2025-01-30","isFullCredit":false},{"lineNumber":51,"author":{"gitId":"vegetablestabber"},"content":"        });","lastModifiedDate":"2025-01-30","isFullCredit":false},{"lineNumber":52,"author":{"gitId":"vegetablestabber"},"content":"    }","lastModifiedDate":"2025-01-30","isFullCredit":false},{"lineNumber":53,"author":{"gitId":"vegetablestabber"},"content":"}","lastModifiedDate":"2025-01-30","isFullCredit":false}],"authorContributionMap":{"vegetablestabber":53}},{"path":"text-ui-test/runtest.bat","fileType":"bat","lines":[{"lineNumber":1,"author":{"gitId":"-"},"content":"@ECHO OFF","lastModifiedDate":"2020-05-25","isFullCredit":false},{"lineNumber":2,"author":{"gitId":"-"},"content":"","lastModifiedDate":"2020-05-25","isFullCredit":false},{"lineNumber":3,"author":{"gitId":"-"},"content":"REM create bin directory if it doesn\u0027t exist","lastModifiedDate":"2020-05-25","isFullCredit":false},{"lineNumber":4,"author":{"gitId":"-"},"content":"if not exist ..\\bin mkdir ..\\bin","lastModifiedDate":"2020-05-25","isFullCredit":false},{"lineNumber":5,"author":{"gitId":"-"},"content":"","lastModifiedDate":"2020-05-25","isFullCredit":false},{"lineNumber":6,"author":{"gitId":"-"},"content":"REM delete output from previous run","lastModifiedDate":"2020-05-25","isFullCredit":false},{"lineNumber":7,"author":{"gitId":"-"},"content":"if exist ACTUAL.TXT del ACTUAL.TXT","lastModifiedDate":"2020-08-25","isFullCredit":false},{"lineNumber":8,"author":{"gitId":"-"},"content":"","lastModifiedDate":"2020-05-25","isFullCredit":false},{"lineNumber":9,"author":{"gitId":"-"},"content":"REM compile the code into the bin folder","lastModifiedDate":"2020-05-25","isFullCredit":false},{"lineNumber":10,"author":{"gitId":"-"},"content":"javac  -cp ..\\src\\main\\java -Xlint:none -d ..\\bin ..\\src\\main\\java\\*.java","lastModifiedDate":"2020-08-25","isFullCredit":false},{"lineNumber":11,"author":{"gitId":"-"},"content":"IF ERRORLEVEL 1 (","lastModifiedDate":"2020-05-25","isFullCredit":false},{"lineNumber":12,"author":{"gitId":"-"},"content":"    echo ********** BUILD FAILURE **********","lastModifiedDate":"2020-05-25","isFullCredit":false},{"lineNumber":13,"author":{"gitId":"-"},"content":"    exit /b 1","lastModifiedDate":"2020-05-25","isFullCredit":false},{"lineNumber":14,"author":{"gitId":"-"},"content":")","lastModifiedDate":"2020-05-25","isFullCredit":false},{"lineNumber":15,"author":{"gitId":"-"},"content":"REM no error here, errorlevel \u003d\u003d 0","lastModifiedDate":"2020-05-25","isFullCredit":false},{"lineNumber":16,"author":{"gitId":"-"},"content":"","lastModifiedDate":"2020-05-25","isFullCredit":false},{"lineNumber":17,"author":{"gitId":"-"},"content":"REM run the program, feed commands from input.txt file and redirect the output to the ACTUAL.TXT","lastModifiedDate":"2020-05-25","isFullCredit":false},{"lineNumber":18,"author":{"gitId":"vegetablestabber"},"content":"java -classpath ..\\bin Skeets \u003c input.txt \u003e ACTUAL.TXT","lastModifiedDate":"2025-01-28","isFullCredit":false},{"lineNumber":19,"author":{"gitId":"-"},"content":"","lastModifiedDate":"2020-05-25","isFullCredit":false},{"lineNumber":20,"author":{"gitId":"-"},"content":"REM compare the output to the expected output","lastModifiedDate":"2020-05-25","isFullCredit":false},{"lineNumber":21,"author":{"gitId":"-"},"content":"FC ACTUAL.TXT EXPECTED.TXT","lastModifiedDate":"2020-05-25","isFullCredit":false}],"authorContributionMap":{"vegetablestabber":1,"-":20}},{"path":"text-ui-test/runtest.sh","fileType":"sh","lines":[{"lineNumber":1,"author":{"gitId":"-"},"content":"#!/usr/bin/env bash","lastModifiedDate":"2020-05-25","isFullCredit":false},{"lineNumber":2,"author":{"gitId":"-"},"content":"","lastModifiedDate":"2020-05-25","isFullCredit":false},{"lineNumber":3,"author":{"gitId":"-"},"content":"# create bin directory if it doesn\u0027t exist","lastModifiedDate":"2020-05-25","isFullCredit":false},{"lineNumber":4,"author":{"gitId":"-"},"content":"if [ ! -d \"../bin\" ]","lastModifiedDate":"2020-05-25","isFullCredit":false},{"lineNumber":5,"author":{"gitId":"-"},"content":"then","lastModifiedDate":"2020-05-25","isFullCredit":false},{"lineNumber":6,"author":{"gitId":"-"},"content":"    mkdir ../bin","lastModifiedDate":"2020-05-25","isFullCredit":false},{"lineNumber":7,"author":{"gitId":"-"},"content":"fi","lastModifiedDate":"2020-05-25","isFullCredit":false},{"lineNumber":8,"author":{"gitId":"-"},"content":"","lastModifiedDate":"2020-05-25","isFullCredit":false},{"lineNumber":9,"author":{"gitId":"-"},"content":"# delete output from previous run","lastModifiedDate":"2020-05-25","isFullCredit":false},{"lineNumber":10,"author":{"gitId":"-"},"content":"if [ -e \"./ACTUAL.TXT\" ]","lastModifiedDate":"2020-05-25","isFullCredit":false},{"lineNumber":11,"author":{"gitId":"-"},"content":"then","lastModifiedDate":"2020-05-25","isFullCredit":false},{"lineNumber":12,"author":{"gitId":"-"},"content":"    rm ACTUAL.TXT","lastModifiedDate":"2020-05-25","isFullCredit":false},{"lineNumber":13,"author":{"gitId":"-"},"content":"fi","lastModifiedDate":"2020-05-25","isFullCredit":false},{"lineNumber":14,"author":{"gitId":"-"},"content":"","lastModifiedDate":"2020-05-25","isFullCredit":false},{"lineNumber":15,"author":{"gitId":"-"},"content":"# compile the code into the bin folder, terminates if error occurred","lastModifiedDate":"2020-05-25","isFullCredit":false},{"lineNumber":16,"author":{"gitId":"-"},"content":"if ! javac -cp ../src/main/java -Xlint:none -d ../bin ../src/main/java/*.java","lastModifiedDate":"2020-08-25","isFullCredit":false},{"lineNumber":17,"author":{"gitId":"-"},"content":"then","lastModifiedDate":"2020-05-25","isFullCredit":false},{"lineNumber":18,"author":{"gitId":"-"},"content":"    echo \"********** BUILD FAILURE **********\"","lastModifiedDate":"2020-05-25","isFullCredit":false},{"lineNumber":19,"author":{"gitId":"-"},"content":"    exit 1","lastModifiedDate":"2020-05-25","isFullCredit":false},{"lineNumber":20,"author":{"gitId":"-"},"content":"fi","lastModifiedDate":"2020-05-25","isFullCredit":false},{"lineNumber":21,"author":{"gitId":"-"},"content":"","lastModifiedDate":"2020-05-25","isFullCredit":false},{"lineNumber":22,"author":{"gitId":"-"},"content":"# run the program, feed commands from input.txt file and redirect the output to the ACTUAL.TXT","lastModifiedDate":"2020-05-25","isFullCredit":false},{"lineNumber":23,"author":{"gitId":"vegetablestabber"},"content":"java -classpath ../bin Skeets \u003c input.txt \u003e ACTUAL.TXT","lastModifiedDate":"2025-01-28","isFullCredit":false},{"lineNumber":24,"author":{"gitId":"-"},"content":"","lastModifiedDate":"2020-05-25","isFullCredit":false},{"lineNumber":25,"author":{"gitId":"-"},"content":"# convert to UNIX format","lastModifiedDate":"2020-05-25","isFullCredit":false},{"lineNumber":26,"author":{"gitId":"-"},"content":"cp EXPECTED.TXT EXPECTED-UNIX.TXT","lastModifiedDate":"2020-05-25","isFullCredit":false},{"lineNumber":27,"author":{"gitId":"-"},"content":"dos2unix ACTUAL.TXT EXPECTED-UNIX.TXT","lastModifiedDate":"2020-05-25","isFullCredit":false},{"lineNumber":28,"author":{"gitId":"-"},"content":"","lastModifiedDate":"2020-05-25","isFullCredit":false},{"lineNumber":29,"author":{"gitId":"-"},"content":"# compare the output to the expected output","lastModifiedDate":"2020-05-25","isFullCredit":false},{"lineNumber":30,"author":{"gitId":"-"},"content":"diff ACTUAL.TXT EXPECTED-UNIX.TXT","lastModifiedDate":"2020-05-25","isFullCredit":false},{"lineNumber":31,"author":{"gitId":"-"},"content":"if [ $? -eq 0 ]","lastModifiedDate":"2020-05-25","isFullCredit":false},{"lineNumber":32,"author":{"gitId":"-"},"content":"then","lastModifiedDate":"2020-05-25","isFullCredit":false},{"lineNumber":33,"author":{"gitId":"-"},"content":"    echo \"Test result: PASSED\"","lastModifiedDate":"2020-05-25","isFullCredit":false},{"lineNumber":34,"author":{"gitId":"-"},"content":"    exit 0","lastModifiedDate":"2020-05-25","isFullCredit":false},{"lineNumber":35,"author":{"gitId":"-"},"content":"else","lastModifiedDate":"2020-05-25","isFullCredit":false},{"lineNumber":36,"author":{"gitId":"-"},"content":"    echo \"Test result: FAILED\"","lastModifiedDate":"2020-05-25","isFullCredit":false},{"lineNumber":37,"author":{"gitId":"-"},"content":"    exit 1","lastModifiedDate":"2020-05-25","isFullCredit":false},{"lineNumber":38,"author":{"gitId":"-"},"content":"fi","lastModifiedDate":"2020-05-25","isFullCredit":false}],"authorContributionMap":{"vegetablestabber":1,"-":37}}]
