{"authorDailyContributionsMap":{"ShengJie13245":[{"date":"2025-01-24","commitResults":[{"hash":"06064d70706e18c36b7aa6c1cc5f94342415b06b","isMergeCommit":false,"messageTitle":"Change name, add greetings, add exit","messageBody":"","tags":["Level-0"],"fileTypesAndContributionMap":{"java":{"insertions":7,"deletions":0}}},{"hash":"23cbac0b7ef0b8168fee8e3857b3345d7422dfb1","isMergeCommit":false,"messageTitle":"Delete Duke","messageBody":"","fileTypesAndContributionMap":{"java":{"insertions":0,"deletions":10}}},{"hash":"2cb4a2e3c1c1b01c1bc53cfe6fb96475c86d9101","isMergeCommit":false,"messageTitle":"Add echo function","messageBody":"","tags":["Level-1","A-CodingStandard"],"fileTypesAndContributionMap":{"java":{"insertions":18,"deletions":1}}},{"hash":"c3e64acf62a8905732be840683b420a80567d7d9","isMergeCommit":false,"messageTitle":"Add ability to store and display text","messageBody":"","tags":["Level-2"],"fileTypesAndContributionMap":{"java":{"insertions":25,"deletions":9}}}]},{"date":"2025-01-27","commitResults":[{"hash":"bd4dff45b5fabee7e2cdc2fb81ab90540d9dfa50","isMergeCommit":false,"messageTitle":"Add mark as done","messageBody":"","tags":["Level-3"],"fileTypesAndContributionMap":{"java":{"insertions":46,"deletions":5}}}]},{"date":"2025-02-05","commitResults":[{"hash":"4e92887e2da61845c9a837400d2f1344228ec8f5","isMergeCommit":false,"messageTitle":"Add Deadline.java, Event.java, Todo.java","messageBody":"","tags":["Level-4"],"fileTypesAndContributionMap":{"java":{"insertions":89,"deletions":12}}}]},{"date":"2025-02-09","commitResults":[{"hash":"7c92d4e87857f1869ef7920e535ae6434b5c22de","isMergeCommit":false,"messageTitle":"Add InputParser.java to handle inputs better","messageBody":"","fileTypesAndContributionMap":{"java":{"insertions":53,"deletions":25}}},{"hash":"218ba3d4c2f3d79907f75e6f5a49e0a1852c78a1","isMergeCommit":false,"messageTitle":"Fix formatting of outputs","messageBody":"","fileTypesAndContributionMap":{"java":{"insertions":11,"deletions":4}}},{"hash":"548d08dddfd9123e9d99ea1de7aed4ed32a180ce","isMergeCommit":false,"messageTitle":"Add CommandHandler.java and TaskManger.java","messageBody":"","tags":["A-CodeQuality"],"fileTypesAndContributionMap":{"java":{"insertions":95,"deletions":61}}}]},{"date":"2025-02-10","commitResults":[{"hash":"bcde1607e20a9fa3ed0e48986bf68354fadfeb77","isMergeCommit":false,"messageTitle":"Add method getCounter() to get number of tasks","messageBody":"","fileTypesAndContributionMap":{"java":{"insertions":4,"deletions":0}}},{"hash":"d570440784993268898a8d8b2fe023f838447a16","isMergeCommit":false,"messageTitle":"Add exceptions","messageBody":"","fileTypesAndContributionMap":{"java":{"insertions":58,"deletions":14}}},{"hash":"bbf2511c2e24e298d8be40dedec88787256ad453","isMergeCommit":false,"messageTitle":"Handle more exceptions","messageBody":"","fileTypesAndContributionMap":{"java":{"insertions":14,"deletions":2}}},{"hash":"0adac5b7282a5f91e14816a73a3c7ca3ba9e5b52","isMergeCommit":false,"messageTitle":"Add handling of invalid commands","messageBody":"","tags":["A-Exceptions"],"fileTypesAndContributionMap":{"java":{"insertions":11,"deletions":6}}},{"hash":"bf2e9fd276b4b242bd2b7497d5279a5bb181a33d","isMergeCommit":true,"messageTitle":"Merge branch \u0027branch-Level-5\u0027","messageBody":"","tags":["Level-5"],"fileTypesAndContributionMap":{}},{"hash":"c956b4c31428d3151508b39383f36d5b82075f93","isMergeCommit":false,"messageTitle":"Place files in packages","messageBody":"","fileTypesAndContributionMap":{"java":{"insertions":29,"deletions":0}}},{"hash":"56449fe8897686768419e9d831d1cc789c9eb5ec","isMergeCommit":false,"messageTitle":"Move tasks, exceptions package into sss package","messageBody":"","tags":["A-Packages"],"fileTypesAndContributionMap":{"java":{"insertions":15,"deletions":15}}}]},{"date":"2025-02-15","commitResults":[{"hash":"8e7f233a932eec69539a2b34109572047d572029","isMergeCommit":false,"messageTitle":"Restructure packages, include ui package","messageBody":"","fileTypesAndContributionMap":{"java":{"insertions":18,"deletions":18}}},{"hash":"5d258398f245065c6a3943172e1d821c5706289a","isMergeCommit":false,"messageTitle":"Modify task to use ArrayList implementation","messageBody":"","fileTypesAndContributionMap":{"java":{"insertions":12,"deletions":6}}},{"hash":"1ce3e94806e50444f19a75e57317ed5e33ff778d","isMergeCommit":false,"messageTitle":"Add support for deleting task by index","messageBody":"","tags":["Level-6"],"fileTypesAndContributionMap":{"java":{"insertions":22,"deletions":2}}},{"hash":"e3676a393cdd58e27726e969ad204d17f9807b01","isMergeCommit":false,"messageTitle":"Modify InputParser.java to use ArrayList","messageBody":"","tags":["A-Collections"],"fileTypesAndContributionMap":{"java":{"insertions":14,"deletions":14}}}]},{"date":"2025-02-19","commitResults":[{"hash":"0734bd0084c707b35e5b5f32e2dee1ce4c8ffc39","isMergeCommit":false,"messageTitle":"Add saving tasks feature","messageBody":"","fileTypesAndContributionMap":{"java":{"insertions":81,"deletions":7}}},{"hash":"66b8b218ba9559db7bd2378aecb285a927c4e1ad","isMergeCommit":false,"messageTitle":"Add loading of data from hard disk","messageBody":"","tags":["Level-7"],"fileTypesAndContributionMap":{"java":{"insertions":67,"deletions":8}}},{"hash":"e2df6e5334f6f6699647dc4f5a029ffb60484911","isMergeCommit":true,"messageTitle":"Merge branch \u0027branch-Level-6\u0027","messageBody":"","fileTypesAndContributionMap":{}},{"hash":"8ec8a46bc83d50e8e471d3e56d1ac9ec718dc8a7","isMergeCommit":true,"messageTitle":"Merge branch \u0027branch-Level-7\u0027","messageBody":"","fileTypesAndContributionMap":{}},{"hash":"04ee7641ce91a3a019dd1d2f52c112cfa48ce955","isMergeCommit":false,"messageTitle":"Add saves file to gitignore, modify fileprocessor to use correct file path","messageBody":"","fileTypesAndContributionMap":{"java":{"insertions":1,"deletions":1}}},{"hash":"7abade21f9aa1e1baae2eeb045d6118de87d6975","isMergeCommit":false,"messageTitle":"Fix file path for saves","messageBody":"","tags":["A-Jar"],"fileTypesAndContributionMap":{"java":{"insertions":1,"deletions":1}}}]},{"date":"2025-02-20","commitResults":[{"hash":"2abe9a2d540c389940339e4be2178da36bdfa830","isMergeCommit":false,"messageTitle":"Restructure how task data are saved and loaded","messageBody":"","fileTypesAndContributionMap":{"java":{"insertions":19,"deletions":14}}}]},{"date":"2025-03-02","commitResults":[{"hash":"d829ddd56d168de378b2419cd88510c38802fbad","isMergeCommit":false,"messageTitle":"Refactor command into individual classes","messageBody":"","fileTypesAndContributionMap":{"java":{"insertions":213,"deletions":72}}},{"hash":"1099f4edc9555f2ebfc7bfae14649edb5eec9abe","isMergeCommit":false,"messageTitle":"Refactor files into new Parser package","messageBody":"","tags":["A-MoreOOP"],"fileTypesAndContributionMap":{"java":{"insertions":7,"deletions":4}}}]}]},"authorFileTypeContributionMap":{"ShengJie13245":{"java":627,"md":0,"fxml":0,"sh":0,"bat":0,"gradle":0,"txt":0}},"authorContributionVariance":{"ShengJie13245":3964.2314},"authorDisplayNameMap":{"ShengJie13245":"CS2113-T12-2 KAM .. JIE"}}
