{"authorDailyContributionsMap":{"nicholascxh":[{"date":"2025-01-24","commitResults":[{"hash":"3108c718dab13e7edd36ff315026b085519c499d","isMergeCommit":false,"messageTitle":"Renamed chatbot from Duke to Dasani with basic greeting and exit functionality","messageBody":"","tags":["Level-0"],"fileTypesAndContributionMap":{"java":{"insertions":13,"deletions":10}}}]},{"date":"2025-01-26","commitResults":[{"hash":"5a2a7c65b8949e422524817da8d98a4349296af5","isMergeCommit":false,"messageTitle":"Implement echo functionality for user commands and handle exit with \u0027bye\u0027","messageBody":"","tags":["Level-1"],"fileTypesAndContributionMap":{"java":{"insertions":24,"deletions":2}}},{"hash":"cb65afe2d92ae56de86ef3b6045906061c3b03db","isMergeCommit":false,"messageTitle":"Enhanced Dasani chatbot with emoji-based personality and UI improvements","messageBody":"","tags":["Level-1-Enhance"],"fileTypesAndContributionMap":{"java":{"insertions":23,"deletions":18}}},{"hash":"a5f384a0c014fbea1c3c6a32d1bd4d33a5a4272a","isMergeCommit":false,"messageTitle":"Add text storage feature and list stored text upon user request","messageBody":"","tags":["Level-2"],"fileTypesAndContributionMap":{"java":{"insertions":37,"deletions":11}}}]},{"date":"2025-01-27","commitResults":[{"hash":"3a0e408a0018d448528763afc04c376e74831578","isMergeCommit":false,"messageTitle":"Add Task class to represent tasks in the task list","messageBody":"","fileTypesAndContributionMap":{"java":{"insertions":30,"deletions":0}}},{"hash":"4a187bafe1fa5b218c36210cdc6fca104bba039e","isMergeCommit":false,"messageTitle":"Refactor Dasani class to integrate Task class for task management","messageBody":"Replaced primitive task tracking with Task objects\nImproved task list printing with status indicators ([X] / [ ]])\nAdded commands for marking and unmarking tasks\n","tags":["Level-3"],"fileTypesAndContributionMap":{"java":{"insertions":25,"deletions":7}}},{"hash":"c1ddab0c05d1296a28aa29ee89710ad89c079779","isMergeCommit":false,"messageTitle":"Enhance task validation for marking/unmarking and checking of task existence","messageBody":"","fileTypesAndContributionMap":{"java":{"insertions":31,"deletions":4}}}]},{"date":"2025-02-02","commitResults":[{"hash":"10212a101c9463a22883c77c937cdb96ac2a859e","isMergeCommit":false,"messageTitle":"Refactor task management for better readability and validation","messageBody":"- Introduced TaskManager class to encapsulate task-related logic\n- Improved input validation and error handling for task commands\n","tags":["Level-3-Enhance"],"fileTypesAndContributionMap":{"java":{"insertions":82,"deletions":85}}},{"hash":"d8a086c18206367115a09263b37b27a34a55d7ad","isMergeCommit":false,"messageTitle":"Add support for ToDos, Deadlines, and Events using inheritance","messageBody":"- Implemented `Todo`, `Deadline`, and `Event` classes inheriting from `Task`\n- Updated `TaskManager` to handle different task types dynamically\n- Added validation for empty task lists\n","tags":["Level-4"],"fileTypesAndContributionMap":{"java":{"insertions":60,"deletions":9}}},{"hash":"fe1f1361c1f3bb10d32c50917c4553db02763ac4","isMergeCommit":false,"messageTitle":"Add automated Text UI testing using I/O redirection","messageBody":"","tags":["A-TextUiTesting","A-CodingStandard","A-CodeQuality"],"fileTypesAndContributionMap":{"txt":{"insertions":7,"deletions":0}}}]},{"date":"2025-02-10","commitResults":[{"hash":"f5376a7430d6fe840c741b29fb44772f3fa05082","isMergeCommit":false,"messageTitle":"Refactor using switch case as suggested during PR","messageBody":"","fileTypesAndContributionMap":{"java":{"insertions":49,"deletions":18}}},{"hash":"4497e2eb73fa569ae0332fc0988ca30367e62ea6","isMergeCommit":false,"messageTitle":"Implement error handling to deal with incorrect inputs","messageBody":"- Added help command to assist user\n","fileTypesAndContributionMap":{"java":{"insertions":18,"deletions":1}}},{"hash":"6651a3db9414eb07c860e523ab5ca4fe86825ad0","isMergeCommit":false,"messageTitle":"Add new DasaniException class to represent exceptions specific to Dasani","messageBody":"","tags":["A-Exceptions"],"fileTypesAndContributionMap":{"java":{"insertions":4,"deletions":0}}},{"hash":"b482d1786f4b058615a648f791d151e3b7a3a341","isMergeCommit":false,"messageTitle":"Enhance exception calls for specific errors","messageBody":"","fileTypesAndContributionMap":{"java":{"insertions":40,"deletions":20}}},{"hash":"50e6fa168f3bb72b6ca290ee166ecb872b3958f7","isMergeCommit":true,"messageTitle":"Merge branch \u0027branch-Level-5\u0027","messageBody":"","tags":["Level-5"],"fileTypesAndContributionMap":{}},{"hash":"5b812b1f204fcf5b45c5e78ae7df7b1e3f8e6b58","isMergeCommit":false,"messageTitle":"Divide class into packages","messageBody":"","fileTypesAndContributionMap":{"java":{"insertions":29,"deletions":0}}},{"hash":"505008d2f21f44a1863bd5b43e9570f700381721","isMergeCommit":true,"messageTitle":"Merge branch \u0027branch-A-Packages\u0027","messageBody":"","tags":["A-Packages"],"fileTypesAndContributionMap":{}}]},{"date":"2025-02-16","commitResults":[{"hash":"cb37e69e10bdd7f212ddada1bd7f3e46bde5a00a","isMergeCommit":false,"messageTitle":"Add support for deleting tasks from the list","messageBody":"","fileTypesAndContributionMap":{"java":{"insertions":42,"deletions":0}}},{"hash":"af591725a82af71df8dbe083c1fc72fff2faf931","isMergeCommit":false,"messageTitle":"Implement ArrayList instead of Array for storing data","messageBody":"","tags":["A-Collections"],"fileTypesAndContributionMap":{"java":{"insertions":19,"deletions":35}}},{"hash":"3e89a83ff37a848ae9ace39df5e7392244e453a7","isMergeCommit":false,"messageTitle":"Implement save and load function to store tasks in hard disk","messageBody":"","fileTypesAndContributionMap":{"txt":{"insertions":3,"deletions":0},"java":{"insertions":120,"deletions":0}}},{"hash":"175f319e4c82952baa51fc5a146ff03d576f2554","isMergeCommit":true,"messageTitle":"Merge branch \u0027branch-Level-6\u0027","messageBody":"","tags":["Level-6"],"fileTypesAndContributionMap":{}},{"hash":"211d0910f6c2ef0a1b3683687179ae8e10ac06f5","isMergeCommit":true,"messageTitle":"Merge branch \u0027branch-Level-7\u0027","messageBody":"# Conflicts:\n#\tsrc/main/java/dasani/Dasani.java\n#\tsrc/main/java/dasani/task/TaskManager.java\n","tags":["Level-7"],"fileTypesAndContributionMap":{}}]},{"date":"2025-02-17","commitResults":[{"hash":"fb9c65cf0d76761678d74d860c6c054abaaeda20","isMergeCommit":false,"messageTitle":"Remove all emojis from system output messages and updated test files","messageBody":"","tags":["A-Jar"],"fileTypesAndContributionMap":{"txt":{"insertions":12,"deletions":8},"java":{"insertions":32,"deletions":30},"bat":{"insertions":11,"deletions":8}}}]},{"date":"2025-02-18","commitResults":[{"hash":"c20c42a10b4b21da01f5b87e3aea1a416691a7bd","isMergeCommit":false,"messageTitle":"Update Readme.md","messageBody":"","fileTypesAndContributionMap":{"md":{"insertions":4,"deletions":11}}}]},{"date":"2025-02-19","commitResults":[{"hash":"f01f54a8d4f5f42e191e10fd9a6a2be2d6514c62","isMergeCommit":false,"messageTitle":"Rebuild jar file","messageBody":"","tags":["Week-6-Jar"],"fileTypesAndContributionMap":{"java":{"insertions":2,"deletions":0}}}]},{"date":"2025-03-03","commitResults":[{"hash":"2907ddcf2c6c36a3e4d0a61d18b4b79acc73028c","isMergeCommit":false,"messageTitle":"Refactor the code to include new Ui, Storage, Parser, TaskList classes","messageBody":"","tags":["A-MoreOOP"],"fileTypesAndContributionMap":{"txt":{"insertions":0,"deletions":0},"java":{"insertions":463,"deletions":323}}}]},{"date":"2025-03-04","commitResults":[{"hash":"60c5321d16ab521d3a08060c15b7386bfc44ac6e","isMergeCommit":false,"messageTitle":"Enhance deadline and event to recognise dates and times","messageBody":"","fileTypesAndContributionMap":{"txt":{"insertions":3,"deletions":0},"java":{"insertions":178,"deletions":33}}},{"hash":"f15a5aa2665df8701fcc4c918b1f80db9a0ca4fa","isMergeCommit":false,"messageTitle":"Revert \"Enhance deadline and event to recognise dates and times\"","messageBody":"This reverts commit 60c5321d16ab521d3a08060c15b7386bfc44ac6e.\n","fileTypesAndContributionMap":{"txt":{"insertions":0,"deletions":3},"java":{"insertions":33,"deletions":178}}},{"hash":"48c109b002a8717d1648d8bc637eee8aaa7d56d6","isMergeCommit":false,"messageTitle":"Enhance deadline and event to recognise dates and times","messageBody":"","fileTypesAndContributionMap":{"java":{"insertions":178,"deletions":33}}},{"hash":"0225f72cf351109941f00c12f00de8472f6e0b10","isMergeCommit":false,"messageTitle":"Implement FindCommand to search for keywords in task description","messageBody":"","fileTypesAndContributionMap":{"java":{"insertions":48,"deletions":0}}},{"hash":"755faf00331b1cf524fb417638a390cc23b0695a","isMergeCommit":false,"messageTitle":"Improve code with JavaDoc comments","messageBody":"","fileTypesAndContributionMap":{"java":{"insertions":76,"deletions":4}}},{"hash":"e8cc51c8d5e714bb2b7431c67bce7ceff15981f2","isMergeCommit":true,"messageTitle":"Merge pull request #1 from nicholascxh/branch-Level-8","messageBody":"Implement Level-8: Support for Dates and Times in Tasks","tags":["Level-8"],"fileTypesAndContributionMap":{}},{"hash":"8104cab1b44856026590f12879b546a2a9105ab6","isMergeCommit":true,"messageTitle":"Merge pull request #2 from nicholascxh/branch-Level-9","messageBody":"Implement Level-9: Add Find Command for Task Search","tags":["Level-9"],"fileTypesAndContributionMap":{}},{"hash":"47bb66763d22bf07601b127983123b76ab02ba0a","isMergeCommit":true,"messageTitle":"Merge branch \u0027master\u0027 into branch-A-JavaDoc","messageBody":"","fileTypesAndContributionMap":{}},{"hash":"f12bc83f049affa465a565afaa5ee1271d1f2db2","isMergeCommit":true,"messageTitle":"Merge pull request #3 from nicholascxh/branch-A-JavaDoc","messageBody":"Implement A-JavaDoc: Add Documentation for Key Classes and Methods","tags":["Merging-PRs","A-JavaDoc"],"fileTypesAndContributionMap":{}}]}]},"authorFileTypeContributionMap":{"nicholascxh":{"java":837,"md":4,"fxml":0,"sh":0,"bat":11,"gradle":0,"txt":14}},"authorContributionVariance":{"nicholascxh":23307.322},"authorDisplayNameMap":{"nicholascxh":"CS2113-W11-2 NICH..N HE"}}
