{"authorDailyContributionsMap":{"nicholascxh":[{"date":"2025-01-24","commitResults":[{"hash":"3108c718dab13e7edd36ff315026b085519c499d","isMergeCommit":false,"messageTitle":"Renamed chatbot from Duke to Dasani with basic greeting and exit functionality","messageBody":"","tags":["Level-0"],"fileTypesAndContributionMap":{"java":{"insertions":13,"deletions":10}}}]},{"date":"2025-01-26","commitResults":[{"hash":"5a2a7c65b8949e422524817da8d98a4349296af5","isMergeCommit":false,"messageTitle":"Implement echo functionality for user commands and handle exit with \u0027bye\u0027","messageBody":"","tags":["Level-1"],"fileTypesAndContributionMap":{"java":{"insertions":24,"deletions":2}}},{"hash":"cb65afe2d92ae56de86ef3b6045906061c3b03db","isMergeCommit":false,"messageTitle":"Enhanced Dasani chatbot with emoji-based personality and UI improvements","messageBody":"","tags":["Level-1-Enhance"],"fileTypesAndContributionMap":{"java":{"insertions":23,"deletions":18}}},{"hash":"a5f384a0c014fbea1c3c6a32d1bd4d33a5a4272a","isMergeCommit":false,"messageTitle":"Add text storage feature and list stored text upon user request","messageBody":"","tags":["Level-2"],"fileTypesAndContributionMap":{"java":{"insertions":37,"deletions":11}}}]},{"date":"2025-01-27","commitResults":[{"hash":"3a0e408a0018d448528763afc04c376e74831578","isMergeCommit":false,"messageTitle":"Add Task class to represent tasks in the task list","messageBody":"","fileTypesAndContributionMap":{"java":{"insertions":30,"deletions":0}}},{"hash":"4a187bafe1fa5b218c36210cdc6fca104bba039e","isMergeCommit":false,"messageTitle":"Refactor Dasani class to integrate Task class for task management","messageBody":"Replaced primitive task tracking with Task objects\nImproved task list printing with status indicators ([X] / [ ]])\nAdded commands for marking and unmarking tasks\n","tags":["Level-3"],"fileTypesAndContributionMap":{"java":{"insertions":25,"deletions":7}}},{"hash":"c1ddab0c05d1296a28aa29ee89710ad89c079779","isMergeCommit":false,"messageTitle":"Enhance task validation for marking/unmarking and checking of task existence","messageBody":"","fileTypesAndContributionMap":{"java":{"insertions":31,"deletions":4}}}]},{"date":"2025-02-02","commitResults":[{"hash":"10212a101c9463a22883c77c937cdb96ac2a859e","isMergeCommit":false,"messageTitle":"Refactor task management for better readability and validation","messageBody":"- Introduced TaskManager class to encapsulate task-related logic\n- Improved input validation and error handling for task commands\n","tags":["Level-3-Enhance"],"fileTypesAndContributionMap":{"java":{"insertions":82,"deletions":85}}},{"hash":"d8a086c18206367115a09263b37b27a34a55d7ad","isMergeCommit":false,"messageTitle":"Add support for ToDos, Deadlines, and Events using inheritance","messageBody":"- Implemented `Todo`, `Deadline`, and `Event` classes inheriting from `Task`\n- Updated `TaskManager` to handle different task types dynamically\n- Added validation for empty task lists\n","tags":["Level-4"],"fileTypesAndContributionMap":{"java":{"insertions":60,"deletions":9}}},{"hash":"fe1f1361c1f3bb10d32c50917c4553db02763ac4","isMergeCommit":false,"messageTitle":"Add automated Text UI testing using I/O redirection","messageBody":"","tags":["A-TextUiTesting","A-CodingStandard","A-CodeQuality"],"fileTypesAndContributionMap":{"txt":{"insertions":7,"deletions":0}}}]}]},"authorFileTypeContributionMap":{"nicholascxh":{"java":189,"md":0,"fxml":0,"sh":0,"bat":0,"gradle":0,"txt":7}},"authorContributionVariance":{"nicholascxh":3028.8264},"authorDisplayNameMap":{"nicholascxh":"NICH..N HE"}}
