{"authorDailyContributionsMap":{"weiliangng":[{"date":"2025-01-24","commitResults":[{"hash":"890931f26eceab1ba9a93d02537bdf625701c213","isMergeCommit":false,"messageTitle":"Update README.md","messageBody":"Update README.md to write hello","fileTypesAndContributionMap":{"md":{"insertions":2,"deletions":0}}},{"hash":"49330610b717076516f14a7622cc6d2b81715b65","isMergeCommit":false,"messageTitle":"Update and rename Duke.java to Blarney.java","messageBody":"","tags":["Level-0"],"fileTypesAndContributionMap":{"java":{"insertions":11,"deletions":10}}}]},{"date":"2025-01-30","commitResults":[{"hash":"259c9e0087d59f53807604f3a478e47de2e1f078","isMergeCommit":false,"messageTitle":"Level-1","messageBody":"","tags":["Level-1"],"fileTypesAndContributionMap":{"java":{"insertions":21,"deletions":2}}},{"hash":"d5af3a34cbf342e113c181762b64d9377897e43e","isMergeCommit":false,"messageTitle":"Level-2","messageBody":"","tags":["Level-2"],"fileTypesAndContributionMap":{"java":{"insertions":15,"deletions":4}}}]},{"date":"2025-01-31","commitResults":[{"hash":"07ce5474513a451bd825a1ee3d3150c8bfd242bd","isMergeCommit":false,"messageTitle":"Level-3","messageBody":"","tags":["Level-3","A-Packages"],"fileTypesAndContributionMap":{"java":{"insertions":291,"deletions":25}}}]},{"date":"2025-02-05","commitResults":[{"hash":"fc3dd09a0f675e98a8e78e47a6d559933de37b6a","isMergeCommit":false,"messageTitle":"Level-3","messageBody":"","fileTypesAndContributionMap":{"java":{"insertions":8,"deletions":4}}}]},{"date":"2025-02-06","commitResults":[{"hash":"360a7952a73accdf9bc59b984846b54abbf92deb","isMergeCommit":false,"messageTitle":"Level-4, A-Inheritance, A-CodeQuality","messageBody":"","tags":["Level-4","A-CodingStandard","A-CodeQuality"],"fileTypesAndContributionMap":{"java":{"insertions":139,"deletions":8}}},{"hash":"02e1a81ff46cc9436245cf8d8c7f22fe86cb62cb","isMergeCommit":false,"messageTitle":"Level-4, A-Inheritance, A-CodeQuality","messageBody":"","fileTypesAndContributionMap":{"txt":{"insertions":8,"deletions":0},"bat":{"insertions":1,"deletions":1}}}]},{"date":"2025-02-08","commitResults":[{"hash":"a31bd1cf4d0ecc33d64cb012f2e73d021059db9f","isMergeCommit":false,"messageTitle":"Level-5 A-Exceptions A-Packages branch-Level-5 branch-A-Packages","messageBody":"","tags":["Level-5"],"fileTypesAndContributionMap":{"java":{"insertions":3,"deletions":0}}},{"hash":"72e8e5bdb837176111deaaa403d07fdf144648f3","isMergeCommit":false,"messageTitle":"made error messages reflect common mistakes","messageBody":"","tags":["A-Exceptions"],"fileTypesAndContributionMap":{"java":{"insertions":6,"deletions":6}}},{"hash":"c3d58e7352100b53436ca82727bf1391db6e9336","isMergeCommit":true,"messageTitle":"Merge branch \u0027branch-Level-5\u0027","messageBody":"","fileTypesAndContributionMap":{}}]},{"date":"2025-02-21","commitResults":[{"hash":"6b42fc85d3d99faedc71956050a7709e5796a97e","isMergeCommit":false,"messageTitle":"Level-5, A-Inheritance, A-CodeQuality","messageBody":"","tags":["Level-6","A-Collections"],"fileTypesAndContributionMap":{"java":{"insertions":42,"deletions":0}}},{"hash":"4ef3d493d394a07c6f6d11b3d502cac881b264ac","isMergeCommit":false,"messageTitle":"Level-7","messageBody":"","fileTypesAndContributionMap":{"java":{"insertions":112,"deletions":20}}},{"hash":"6b89cbd9e0c52d8ced6bdfc343776cb1cfcdafec","isMergeCommit":true,"messageTitle":"Merge branch \u0027branch-Level-7\u0027","messageBody":"","tags":["Level-7"],"fileTypesAndContributionMap":{}},{"hash":"b795df442a390b9d3effed108eae266a477c871a","isMergeCommit":false,"messageTitle":"Revert \"Level-5, A-Inheritance, A-CodeQuality\"","messageBody":"This reverts commit 6b42fc85d3d99faedc71956050a7709e5796a97e.\n","fileTypesAndContributionMap":{"java":{"insertions":0,"deletions":42}}},{"hash":"422cba6c7a5ccabc791e6314b31ba703a15eb272","isMergeCommit":false,"messageTitle":"Revert \"Revert \"Level-5, A-Inheritance, A-CodeQuality\"\"","messageBody":"This reverts commit b795df442a390b9d3effed108eae266a477c871a.\n","tags":["A-Jar"],"fileTypesAndContributionMap":{"java":{"insertions":42,"deletions":0}}},{"hash":"6b4426613e6c9600dbab9d38c38244e2d26589c2","isMergeCommit":false,"messageTitle":"Level-7","messageBody":"","fileTypesAndContributionMap":{"java":{"insertions":2,"deletions":2}}}]}]},"authorFileTypeContributionMap":{"weiliangng":{"java":579,"md":2,"fxml":0,"sh":0,"bat":0,"gradle":0,"txt":8}},"authorContributionVariance":{"weiliangng":4183.853},"authorDisplayNameMap":{"weiliangng":"NG W..IANG"}}
