[{"path":"README.md","fileType":"md","lines":[{"lineNumber":1,"author":{"gitId":"chwenyee"},"content":"# Luke project template","lastModifiedDate":"2025-02-05","isFullCredit":false},{"lineNumber":2,"author":{"gitId":"-"},"content":"","lastModifiedDate":"2020-05-25","isFullCredit":false},{"lineNumber":3,"author":{"gitId":"-"},"content":"This is a project template for a greenfield Java project. It\u0027s named after the Java mascot _Duke_. Given below are instructions on how to use it.","lastModifiedDate":"2020-05-25","isFullCredit":false},{"lineNumber":4,"author":{"gitId":"-"},"content":"","lastModifiedDate":"2020-05-25","isFullCredit":false},{"lineNumber":5,"author":{"gitId":"-"},"content":"## Setting up in Intellij","lastModifiedDate":"2020-05-25","isFullCredit":false},{"lineNumber":6,"author":{"gitId":"-"},"content":"","lastModifiedDate":"2020-05-25","isFullCredit":false},{"lineNumber":7,"author":{"gitId":"-"},"content":"Prerequisites: JDK 17, update Intellij to the most recent version.","lastModifiedDate":"2024-07-11","isFullCredit":false},{"lineNumber":8,"author":{"gitId":"-"},"content":"","lastModifiedDate":"2020-05-25","isFullCredit":false},{"lineNumber":9,"author":{"gitId":"-"},"content":"1. Open Intellij (if you are not in the welcome screen, click `File` \u003e `Close Project` to close the existing project first)","lastModifiedDate":"2021-01-17","isFullCredit":false},{"lineNumber":10,"author":{"gitId":"-"},"content":"1. Open the project into Intellij as follows:","lastModifiedDate":"2021-01-17","isFullCredit":false},{"lineNumber":11,"author":{"gitId":"-"},"content":"   1. Click `Open`.","lastModifiedDate":"2021-01-17","isFullCredit":false},{"lineNumber":12,"author":{"gitId":"-"},"content":"   1. Select the project directory, and click `OK`.","lastModifiedDate":"2021-01-17","isFullCredit":false},{"lineNumber":13,"author":{"gitId":"-"},"content":"   1. If there are any further prompts, accept the defaults.","lastModifiedDate":"2020-05-25","isFullCredit":false},{"lineNumber":14,"author":{"gitId":"-"},"content":"1. Configure the project to use **JDK 17** (not other versions) as explained in [here](https://www.jetbrains.com/help/idea/sdk.html#set-up-jdk).\u003cbr\u003e","lastModifiedDate":"2024-07-11","isFullCredit":false},{"lineNumber":15,"author":{"gitId":"-"},"content":"   In the same dialog, set the **Project language level** field to the `SDK default` option.","lastModifiedDate":"2021-07-29","isFullCredit":false},{"lineNumber":16,"author":{"gitId":"chwenyee"},"content":"1. After that, locate the `src/main/java/Luke.java` file, right-click it, and choose `Run Luke.main()` (if the code editor is showing compile errors, try restarting the IDE). If the setup is correct, you should see something like the below as the output:","lastModifiedDate":"2025-02-05","isFullCredit":false},{"lineNumber":17,"author":{"gitId":"-"},"content":"   ```","lastModifiedDate":"2020-05-25","isFullCredit":false},{"lineNumber":18,"author":{"gitId":"-"},"content":"   Hello from","lastModifiedDate":"2020-05-25","isFullCredit":false},{"lineNumber":19,"author":{"gitId":"-"},"content":"    ____        _        ","lastModifiedDate":"2020-05-25","isFullCredit":false},{"lineNumber":20,"author":{"gitId":"-"},"content":"   |  _ \\ _   _| | _____ ","lastModifiedDate":"2020-05-25","isFullCredit":false},{"lineNumber":21,"author":{"gitId":"-"},"content":"   | | | | | | | |/ / _ \\","lastModifiedDate":"2020-05-25","isFullCredit":false},{"lineNumber":22,"author":{"gitId":"-"},"content":"   | |_| | |_| |   \u003c  __/","lastModifiedDate":"2020-05-25","isFullCredit":false},{"lineNumber":23,"author":{"gitId":"-"},"content":"   |____/ \\__,_|_|\\_\\___|","lastModifiedDate":"2020-05-25","isFullCredit":false},{"lineNumber":24,"author":{"gitId":"-"},"content":"   ```","lastModifiedDate":"2020-05-25","isFullCredit":false},{"lineNumber":25,"author":{"gitId":"-"},"content":"","lastModifiedDate":"2025-01-04","isFullCredit":false},{"lineNumber":26,"author":{"gitId":"-"},"content":"**Warning:** Keep the `src\\main\\java` folder as the root folder for Java files (i.e., don\u0027t rename those folders or move Java files to another folder outside of this folder path), as this is the default location some tools (e.g., Gradle) expect to find Java files.","lastModifiedDate":"2025-01-04","isFullCredit":false}],"authorContributionMap":{"-":24,"chwenyee":2}},{"path":"docs/README.md","fileType":"md","lines":[{"lineNumber":1,"author":{"gitId":"chwenyee"},"content":"# Luke User Guide","lastModifiedDate":"2025-02-04","isFullCredit":false},{"lineNumber":2,"author":{"gitId":"-"},"content":"","lastModifiedDate":"2019-07-29","isFullCredit":false},{"lineNumber":3,"author":{"gitId":"-"},"content":"// Update the title above to match the actual product name","lastModifiedDate":"2024-01-07","isFullCredit":false},{"lineNumber":4,"author":{"gitId":"-"},"content":"","lastModifiedDate":"2019-07-29","isFullCredit":false},{"lineNumber":5,"author":{"gitId":"-"},"content":"// Product screenshot goes here","lastModifiedDate":"2024-01-07","isFullCredit":false},{"lineNumber":6,"author":{"gitId":"-"},"content":"","lastModifiedDate":"2021-07-17","isFullCredit":false},{"lineNumber":7,"author":{"gitId":"-"},"content":"// Product intro goes here","lastModifiedDate":"2024-01-07","isFullCredit":false},{"lineNumber":8,"author":{"gitId":"-"},"content":"","lastModifiedDate":"2021-07-17","isFullCredit":false},{"lineNumber":9,"author":{"gitId":"-"},"content":"## Adding deadlines","lastModifiedDate":"2024-01-07","isFullCredit":false},{"lineNumber":10,"author":{"gitId":"-"},"content":"","lastModifiedDate":"2021-07-17","isFullCredit":false},{"lineNumber":11,"author":{"gitId":"-"},"content":"// Describe the action and its outcome.","lastModifiedDate":"2024-01-07","isFullCredit":false},{"lineNumber":12,"author":{"gitId":"-"},"content":"","lastModifiedDate":"2019-07-29","isFullCredit":false},{"lineNumber":13,"author":{"gitId":"-"},"content":"// Give examples of usage","lastModifiedDate":"2024-01-07","isFullCredit":false},{"lineNumber":14,"author":{"gitId":"-"},"content":"","lastModifiedDate":"2019-07-29","isFullCredit":false},{"lineNumber":15,"author":{"gitId":"-"},"content":"Example: `keyword (optional arguments)`","lastModifiedDate":"2024-01-07","isFullCredit":false},{"lineNumber":16,"author":{"gitId":"-"},"content":"","lastModifiedDate":"2019-07-29","isFullCredit":false},{"lineNumber":17,"author":{"gitId":"-"},"content":"// A description of the expected outcome goes here","lastModifiedDate":"2024-01-07","isFullCredit":false},{"lineNumber":18,"author":{"gitId":"-"},"content":"","lastModifiedDate":"2019-07-29","isFullCredit":false},{"lineNumber":19,"author":{"gitId":"-"},"content":"```","lastModifiedDate":"2024-01-07","isFullCredit":false},{"lineNumber":20,"author":{"gitId":"-"},"content":"expected output","lastModifiedDate":"2024-01-07","isFullCredit":false},{"lineNumber":21,"author":{"gitId":"-"},"content":"```","lastModifiedDate":"2024-01-07","isFullCredit":false},{"lineNumber":22,"author":{"gitId":"-"},"content":"","lastModifiedDate":"2019-07-29","isFullCredit":false},{"lineNumber":23,"author":{"gitId":"-"},"content":"## Feature ABC","lastModifiedDate":"2024-01-07","isFullCredit":false},{"lineNumber":24,"author":{"gitId":"-"},"content":"","lastModifiedDate":"2019-07-29","isFullCredit":false},{"lineNumber":25,"author":{"gitId":"-"},"content":"// Feature details","lastModifiedDate":"2024-01-07","isFullCredit":false},{"lineNumber":26,"author":{"gitId":"-"},"content":"","lastModifiedDate":"2019-07-29","isFullCredit":false},{"lineNumber":27,"author":{"gitId":"-"},"content":"","lastModifiedDate":"2021-07-17","isFullCredit":false},{"lineNumber":28,"author":{"gitId":"-"},"content":"## Feature XYZ","lastModifiedDate":"2024-01-07","isFullCredit":false},{"lineNumber":29,"author":{"gitId":"-"},"content":"","lastModifiedDate":"2024-01-07","isFullCredit":false},{"lineNumber":30,"author":{"gitId":"-"},"content":"// Feature details","lastModifiedDate":"2024-01-07","isFullCredit":false}],"authorContributionMap":{"-":29,"chwenyee":1}},{"path":"src/main/java/Deadline.java","fileType":"java","lines":[{"lineNumber":1,"author":{"gitId":"chwenyee"},"content":"public class Deadline extends Task {","lastModifiedDate":"2025-02-06","isFullCredit":false},{"lineNumber":2,"author":{"gitId":"chwenyee"},"content":"","lastModifiedDate":"2025-02-06","isFullCredit":false},{"lineNumber":3,"author":{"gitId":"chwenyee"},"content":"    protected String by;","lastModifiedDate":"2025-02-06","isFullCredit":false},{"lineNumber":4,"author":{"gitId":"chwenyee"},"content":"","lastModifiedDate":"2025-02-06","isFullCredit":false},{"lineNumber":5,"author":{"gitId":"chwenyee"},"content":"    public Deadline(String description, String by) {","lastModifiedDate":"2025-02-06","isFullCredit":false},{"lineNumber":6,"author":{"gitId":"chwenyee"},"content":"        super(description);","lastModifiedDate":"2025-02-06","isFullCredit":false},{"lineNumber":7,"author":{"gitId":"chwenyee"},"content":"        this.by \u003d by;","lastModifiedDate":"2025-02-06","isFullCredit":false},{"lineNumber":8,"author":{"gitId":"chwenyee"},"content":"    }","lastModifiedDate":"2025-02-06","isFullCredit":false},{"lineNumber":9,"author":{"gitId":"chwenyee"},"content":"","lastModifiedDate":"2025-02-06","isFullCredit":false},{"lineNumber":10,"author":{"gitId":"chwenyee"},"content":"    @Override","lastModifiedDate":"2025-02-06","isFullCredit":false},{"lineNumber":11,"author":{"gitId":"chwenyee"},"content":"    public String toString() {","lastModifiedDate":"2025-02-06","isFullCredit":false},{"lineNumber":12,"author":{"gitId":"chwenyee"},"content":"        return \"[D]\" + super.toString() + \" (by: \" + by + \")\";","lastModifiedDate":"2025-02-06","isFullCredit":false},{"lineNumber":13,"author":{"gitId":"chwenyee"},"content":"    }","lastModifiedDate":"2025-02-06","isFullCredit":false},{"lineNumber":14,"author":{"gitId":"chwenyee"},"content":"}","lastModifiedDate":"2025-02-06","isFullCredit":false}],"authorContributionMap":{"chwenyee":14}},{"path":"src/main/java/Event.java","fileType":"java","lines":[{"lineNumber":1,"author":{"gitId":"chwenyee"},"content":"public class Event extends Task {","lastModifiedDate":"2025-02-06","isFullCredit":false},{"lineNumber":2,"author":{"gitId":"chwenyee"},"content":"","lastModifiedDate":"2025-02-06","isFullCredit":false},{"lineNumber":3,"author":{"gitId":"chwenyee"},"content":"    protected String from;","lastModifiedDate":"2025-02-06","isFullCredit":false},{"lineNumber":4,"author":{"gitId":"chwenyee"},"content":"    protected String to;","lastModifiedDate":"2025-02-06","isFullCredit":false},{"lineNumber":5,"author":{"gitId":"chwenyee"},"content":"","lastModifiedDate":"2025-02-06","isFullCredit":false},{"lineNumber":6,"author":{"gitId":"chwenyee"},"content":"    public Event(String description, String from, String to) {","lastModifiedDate":"2025-02-06","isFullCredit":false},{"lineNumber":7,"author":{"gitId":"chwenyee"},"content":"        super(description);","lastModifiedDate":"2025-02-06","isFullCredit":false},{"lineNumber":8,"author":{"gitId":"chwenyee"},"content":"        this.from \u003d from;","lastModifiedDate":"2025-02-06","isFullCredit":false},{"lineNumber":9,"author":{"gitId":"chwenyee"},"content":"        this.to \u003d to;","lastModifiedDate":"2025-02-06","isFullCredit":false},{"lineNumber":10,"author":{"gitId":"chwenyee"},"content":"    }","lastModifiedDate":"2025-02-06","isFullCredit":false},{"lineNumber":11,"author":{"gitId":"chwenyee"},"content":"","lastModifiedDate":"2025-02-06","isFullCredit":false},{"lineNumber":12,"author":{"gitId":"chwenyee"},"content":"    @Override","lastModifiedDate":"2025-02-06","isFullCredit":false},{"lineNumber":13,"author":{"gitId":"chwenyee"},"content":"    public String toString() {","lastModifiedDate":"2025-02-06","isFullCredit":false},{"lineNumber":14,"author":{"gitId":"chwenyee"},"content":"        return \"[E]\" + super.toString() + \" (from: \" + from + \" to: \" + to + \")\";","lastModifiedDate":"2025-02-06","isFullCredit":false},{"lineNumber":15,"author":{"gitId":"chwenyee"},"content":"    }","lastModifiedDate":"2025-02-06","isFullCredit":false},{"lineNumber":16,"author":{"gitId":"chwenyee"},"content":"","lastModifiedDate":"2025-02-06","isFullCredit":false},{"lineNumber":17,"author":{"gitId":"chwenyee"},"content":"}","lastModifiedDate":"2025-02-06","isFullCredit":false}],"authorContributionMap":{"chwenyee":17}},{"path":"src/main/java/Luke.java","fileType":"java","lines":[{"lineNumber":1,"author":{"gitId":"chwenyee"},"content":"import java.util.Arrays;","lastModifiedDate":"2025-02-06","isFullCredit":false},{"lineNumber":2,"author":{"gitId":"chwenyee"},"content":"import java.util.Scanner;","lastModifiedDate":"2025-02-04","isFullCredit":false},{"lineNumber":3,"author":{"gitId":"chwenyee"},"content":"","lastModifiedDate":"2025-02-04","isFullCredit":false},{"lineNumber":4,"author":{"gitId":"chwenyee"},"content":"public class Luke {","lastModifiedDate":"2025-01-24","isFullCredit":false},{"lineNumber":5,"author":{"gitId":"chwenyee"},"content":"    private static final String DIVIDER \u003d \"——————————————————————————————————————————————————————————————————\";","lastModifiedDate":"2025-02-06","isFullCredit":false},{"lineNumber":6,"author":{"gitId":"chwenyee"},"content":"","lastModifiedDate":"2025-02-04","isFullCredit":false},{"lineNumber":7,"author":{"gitId":"chwenyee"},"content":"    public static void greeting () {","lastModifiedDate":"2025-02-04","isFullCredit":false},{"lineNumber":8,"author":{"gitId":"chwenyee"},"content":"        System.out.println(DIVIDER);","lastModifiedDate":"2025-02-04","isFullCredit":false},{"lineNumber":9,"author":{"gitId":"chwenyee"},"content":"        System.out.println(\"Hello! I\u0027m Luke\");","lastModifiedDate":"2025-01-24","isFullCredit":false},{"lineNumber":10,"author":{"gitId":"chwenyee"},"content":"        System.out.println(\"What can I do for you?\");","lastModifiedDate":"2025-01-24","isFullCredit":false},{"lineNumber":11,"author":{"gitId":"chwenyee"},"content":"        System.out.println(DIVIDER);","lastModifiedDate":"2025-02-04","isFullCredit":false},{"lineNumber":12,"author":{"gitId":"chwenyee"},"content":"    }","lastModifiedDate":"2025-02-04","isFullCredit":false},{"lineNumber":13,"author":{"gitId":"chwenyee"},"content":"","lastModifiedDate":"2025-02-04","isFullCredit":false},{"lineNumber":14,"author":{"gitId":"chwenyee"},"content":"    public static void bye () {","lastModifiedDate":"2025-02-04","isFullCredit":false},{"lineNumber":15,"author":{"gitId":"chwenyee"},"content":"        System.out.println(DIVIDER);","lastModifiedDate":"2025-02-04","isFullCredit":false},{"lineNumber":16,"author":{"gitId":"chwenyee"},"content":"        System.out.println(\"Bye. Hope to see you again soon!\");","lastModifiedDate":"2025-02-04","isFullCredit":false},{"lineNumber":17,"author":{"gitId":"chwenyee"},"content":"        System.out.println(DIVIDER);","lastModifiedDate":"2025-02-04","isFullCredit":false},{"lineNumber":18,"author":{"gitId":"chwenyee"},"content":"    }","lastModifiedDate":"2025-02-04","isFullCredit":false},{"lineNumber":19,"author":{"gitId":"chwenyee"},"content":"","lastModifiedDate":"2025-02-04","isFullCredit":false},{"lineNumber":20,"author":{"gitId":"chwenyee"},"content":"    public static void markTaskAsDone (Task[] tasks, int taskIndex) {","lastModifiedDate":"2025-02-06","isFullCredit":false},{"lineNumber":21,"author":{"gitId":"chwenyee"},"content":"        tasks[taskIndex].markAsDone();","lastModifiedDate":"2025-02-06","isFullCredit":false},{"lineNumber":22,"author":{"gitId":"chwenyee"},"content":"        System.out.println(DIVIDER);","lastModifiedDate":"2025-02-06","isFullCredit":false},{"lineNumber":23,"author":{"gitId":"chwenyee"},"content":"        System.out.println(\"Nice! I\u0027ve marked this task as done:\");","lastModifiedDate":"2025-02-06","isFullCredit":false},{"lineNumber":24,"author":{"gitId":"chwenyee"},"content":"        System.out.println(tasks[taskIndex].toString());","lastModifiedDate":"2025-02-06","isFullCredit":false},{"lineNumber":25,"author":{"gitId":"chwenyee"},"content":"        System.out.println(DIVIDER);","lastModifiedDate":"2025-02-06","isFullCredit":false},{"lineNumber":26,"author":{"gitId":"chwenyee"},"content":"    }","lastModifiedDate":"2025-02-06","isFullCredit":false},{"lineNumber":27,"author":{"gitId":"chwenyee"},"content":"","lastModifiedDate":"2025-02-06","isFullCredit":false},{"lineNumber":28,"author":{"gitId":"chwenyee"},"content":"    public static void markTaskAsNotDone (Task[] tasks, int taskIndex) {","lastModifiedDate":"2025-02-06","isFullCredit":false},{"lineNumber":29,"author":{"gitId":"chwenyee"},"content":"        tasks[taskIndex].markAsNotDone();","lastModifiedDate":"2025-02-06","isFullCredit":false},{"lineNumber":30,"author":{"gitId":"chwenyee"},"content":"        System.out.println(DIVIDER);","lastModifiedDate":"2025-02-06","isFullCredit":false},{"lineNumber":31,"author":{"gitId":"chwenyee"},"content":"        System.out.println(\"Nice! I\u0027ve marked this task as not done yet:\");","lastModifiedDate":"2025-02-06","isFullCredit":false},{"lineNumber":32,"author":{"gitId":"chwenyee"},"content":"        System.out.println(tasks[taskIndex].toString());","lastModifiedDate":"2025-02-06","isFullCredit":false},{"lineNumber":33,"author":{"gitId":"chwenyee"},"content":"        System.out.println(DIVIDER);","lastModifiedDate":"2025-02-06","isFullCredit":false},{"lineNumber":34,"author":{"gitId":"chwenyee"},"content":"    }","lastModifiedDate":"2025-02-06","isFullCredit":false},{"lineNumber":35,"author":{"gitId":"chwenyee"},"content":"","lastModifiedDate":"2025-02-06","isFullCredit":false},{"lineNumber":36,"author":{"gitId":"chwenyee"},"content":"    public static String filterInput (String input, String keyword, String filterType) {","lastModifiedDate":"2025-02-06","isFullCredit":false},{"lineNumber":37,"author":{"gitId":"chwenyee"},"content":"        String[] words \u003d input.split(\" \");","lastModifiedDate":"2025-02-06","isFullCredit":false},{"lineNumber":38,"author":{"gitId":"chwenyee"},"content":"        int filterIndex \u003d -1;","lastModifiedDate":"2025-02-06","isFullCredit":false},{"lineNumber":39,"author":{"gitId":"chwenyee"},"content":"        int indexBetweenFromTo \u003d -1;","lastModifiedDate":"2025-02-06","isFullCredit":false},{"lineNumber":40,"author":{"gitId":"chwenyee"},"content":"","lastModifiedDate":"2025-02-06","isFullCredit":false},{"lineNumber":41,"author":{"gitId":"chwenyee"},"content":"        // To find the index of the keyword","lastModifiedDate":"2025-02-06","isFullCredit":false},{"lineNumber":42,"author":{"gitId":"chwenyee"},"content":"        for (int i \u003d 0; i \u003c words.length; i++) {","lastModifiedDate":"2025-02-06","isFullCredit":false},{"lineNumber":43,"author":{"gitId":"chwenyee"},"content":"            if (words[i].contains(keyword)) {","lastModifiedDate":"2025-02-06","isFullCredit":false},{"lineNumber":44,"author":{"gitId":"chwenyee"},"content":"                filterIndex \u003d i + 1 ;","lastModifiedDate":"2025-02-06","isFullCredit":false},{"lineNumber":45,"author":{"gitId":"chwenyee"},"content":"                break;","lastModifiedDate":"2025-02-06","isFullCredit":false},{"lineNumber":46,"author":{"gitId":"chwenyee"},"content":"            }","lastModifiedDate":"2025-02-06","isFullCredit":false},{"lineNumber":47,"author":{"gitId":"chwenyee"},"content":"        }","lastModifiedDate":"2025-02-06","isFullCredit":false},{"lineNumber":48,"author":{"gitId":"chwenyee"},"content":"","lastModifiedDate":"2025-02-06","isFullCredit":false},{"lineNumber":49,"author":{"gitId":"chwenyee"},"content":"        // To handle the case of text extraction between \"/from\" and \"/to\" when the task is Event","lastModifiedDate":"2025-02-06","isFullCredit":false},{"lineNumber":50,"author":{"gitId":"chwenyee"},"content":"        if (filterType.equals(\"eventStartDate\")) {","lastModifiedDate":"2025-02-06","isFullCredit":false},{"lineNumber":51,"author":{"gitId":"chwenyee"},"content":"            for (int i \u003d 0; i \u003c words.length; i++) {","lastModifiedDate":"2025-02-06","isFullCredit":false},{"lineNumber":52,"author":{"gitId":"chwenyee"},"content":"                if (words[i].contains(\"/to\")) {","lastModifiedDate":"2025-02-06","isFullCredit":false},{"lineNumber":53,"author":{"gitId":"chwenyee"},"content":"                    indexBetweenFromTo \u003d i;","lastModifiedDate":"2025-02-06","isFullCredit":false},{"lineNumber":54,"author":{"gitId":"chwenyee"},"content":"                    break;","lastModifiedDate":"2025-02-06","isFullCredit":false},{"lineNumber":55,"author":{"gitId":"chwenyee"},"content":"                }","lastModifiedDate":"2025-02-06","isFullCredit":false},{"lineNumber":56,"author":{"gitId":"chwenyee"},"content":"            }","lastModifiedDate":"2025-02-06","isFullCredit":false},{"lineNumber":57,"author":{"gitId":"chwenyee"},"content":"        }","lastModifiedDate":"2025-02-06","isFullCredit":false},{"lineNumber":58,"author":{"gitId":"chwenyee"},"content":"","lastModifiedDate":"2025-02-06","isFullCredit":false},{"lineNumber":59,"author":{"gitId":"chwenyee"},"content":"        if (filterType.equals(\"taskDescription\") ) {","lastModifiedDate":"2025-02-06","isFullCredit":false},{"lineNumber":60,"author":{"gitId":"chwenyee"},"content":"            return String.join(\" \", Arrays.copyOfRange(words, 1, filterIndex - 1));","lastModifiedDate":"2025-02-06","isFullCredit":false},{"lineNumber":61,"author":{"gitId":"chwenyee"},"content":"        } else if (filterType.equals(\"eventStartDate\") ) {","lastModifiedDate":"2025-02-06","isFullCredit":false},{"lineNumber":62,"author":{"gitId":"chwenyee"},"content":"            return String.join(\" \", Arrays.copyOfRange(words, filterIndex, indexBetweenFromTo));","lastModifiedDate":"2025-02-06","isFullCredit":false},{"lineNumber":63,"author":{"gitId":"chwenyee"},"content":"        } else {","lastModifiedDate":"2025-02-06","isFullCredit":false},{"lineNumber":64,"author":{"gitId":"chwenyee"},"content":"            return String.join(\" \", Arrays.copyOfRange(words, filterIndex, words.length));","lastModifiedDate":"2025-02-06","isFullCredit":false},{"lineNumber":65,"author":{"gitId":"chwenyee"},"content":"        }","lastModifiedDate":"2025-02-06","isFullCredit":false},{"lineNumber":66,"author":{"gitId":"chwenyee"},"content":"    }","lastModifiedDate":"2025-02-06","isFullCredit":false},{"lineNumber":67,"author":{"gitId":"chwenyee"},"content":"","lastModifiedDate":"2025-02-06","isFullCredit":false},{"lineNumber":68,"author":{"gitId":"chwenyee"},"content":"    public static void printTaskList (Task[] tasks) {","lastModifiedDate":"2025-02-06","isFullCredit":false},{"lineNumber":69,"author":{"gitId":"chwenyee"},"content":"        System.out.println(DIVIDER);","lastModifiedDate":"2025-02-06","isFullCredit":false},{"lineNumber":70,"author":{"gitId":"chwenyee"},"content":"        if (Task.taskCount \u003d\u003d 0) {","lastModifiedDate":"2025-02-06","isFullCredit":false},{"lineNumber":71,"author":{"gitId":"chwenyee"},"content":"            System.out.println(\"You don\u0027t have any tasks. Time to add one now!\");","lastModifiedDate":"2025-02-06","isFullCredit":false},{"lineNumber":72,"author":{"gitId":"chwenyee"},"content":"        } else {","lastModifiedDate":"2025-02-06","isFullCredit":false},{"lineNumber":73,"author":{"gitId":"chwenyee"},"content":"            System.out.println(\"Here are the tasks in your list:\");","lastModifiedDate":"2025-02-06","isFullCredit":false},{"lineNumber":74,"author":{"gitId":"chwenyee"},"content":"            for (int i \u003d 0; i \u003c Task.taskCount; i +\u003d 1) {","lastModifiedDate":"2025-02-06","isFullCredit":false},{"lineNumber":75,"author":{"gitId":"chwenyee"},"content":"                System.out.println((i + 1) + \".\" + tasks[i].toString());","lastModifiedDate":"2025-02-06","isFullCredit":false},{"lineNumber":76,"author":{"gitId":"chwenyee"},"content":"            }","lastModifiedDate":"2025-02-06","isFullCredit":false},{"lineNumber":77,"author":{"gitId":"chwenyee"},"content":"        }","lastModifiedDate":"2025-02-06","isFullCredit":false},{"lineNumber":78,"author":{"gitId":"chwenyee"},"content":"        System.out.println(DIVIDER);","lastModifiedDate":"2025-02-06","isFullCredit":false},{"lineNumber":79,"author":{"gitId":"chwenyee"},"content":"    }","lastModifiedDate":"2025-02-06","isFullCredit":false},{"lineNumber":80,"author":{"gitId":"chwenyee"},"content":"","lastModifiedDate":"2025-02-06","isFullCredit":false},{"lineNumber":81,"author":{"gitId":"chwenyee"},"content":"    public static void messageAfterAddingTask (Task[] tasks) {","lastModifiedDate":"2025-02-06","isFullCredit":false},{"lineNumber":82,"author":{"gitId":"chwenyee"},"content":"        System.out.println(DIVIDER);","lastModifiedDate":"2025-02-06","isFullCredit":false},{"lineNumber":83,"author":{"gitId":"chwenyee"},"content":"        System.out.println(\"Got it. I\u0027ve added this task: \");","lastModifiedDate":"2025-02-06","isFullCredit":false},{"lineNumber":84,"author":{"gitId":"chwenyee"},"content":"        // -1 because the taskCount has incremented after adding a new task","lastModifiedDate":"2025-02-06","isFullCredit":false},{"lineNumber":85,"author":{"gitId":"chwenyee"},"content":"        System.out.println(\"  \" + tasks[Task.taskCount - 1].toString());","lastModifiedDate":"2025-02-06","isFullCredit":false},{"lineNumber":86,"author":{"gitId":"chwenyee"},"content":"        System.out.println(\"Now you have \" +  Task.taskCount + \" tasks in the list.\");","lastModifiedDate":"2025-02-06","isFullCredit":false},{"lineNumber":87,"author":{"gitId":"chwenyee"},"content":"        System.out.println(DIVIDER);","lastModifiedDate":"2025-02-06","isFullCredit":false},{"lineNumber":88,"author":{"gitId":"chwenyee"},"content":"    }","lastModifiedDate":"2025-02-06","isFullCredit":false},{"lineNumber":89,"author":{"gitId":"chwenyee"},"content":"","lastModifiedDate":"2025-02-06","isFullCredit":false},{"lineNumber":90,"author":{"gitId":"chwenyee"},"content":"    public static void main(String[] args) {","lastModifiedDate":"2025-02-04","isFullCredit":false},{"lineNumber":91,"author":{"gitId":"chwenyee"},"content":"","lastModifiedDate":"2025-02-06","isFullCredit":false},{"lineNumber":92,"author":{"gitId":"chwenyee"},"content":"        greeting();","lastModifiedDate":"2025-02-04","isFullCredit":false},{"lineNumber":93,"author":{"gitId":"chwenyee"},"content":"","lastModifiedDate":"2025-02-04","isFullCredit":false},{"lineNumber":94,"author":{"gitId":"chwenyee"},"content":"        Task[] tasks \u003d new Task[100];","lastModifiedDate":"2025-02-06","isFullCredit":false},{"lineNumber":95,"author":{"gitId":"chwenyee"},"content":"        String input;","lastModifiedDate":"2025-02-04","isFullCredit":false},{"lineNumber":96,"author":{"gitId":"chwenyee"},"content":"        Scanner in \u003d new Scanner(System.in);","lastModifiedDate":"2025-02-04","isFullCredit":false},{"lineNumber":97,"author":{"gitId":"chwenyee"},"content":"        input \u003d in.nextLine();","lastModifiedDate":"2025-02-04","isFullCredit":false},{"lineNumber":98,"author":{"gitId":"chwenyee"},"content":"","lastModifiedDate":"2025-02-04","isFullCredit":false},{"lineNumber":99,"author":{"gitId":"chwenyee"},"content":"        while (!input.equals(\"bye\")) {","lastModifiedDate":"2025-02-04","isFullCredit":false},{"lineNumber":100,"author":{"gitId":"chwenyee"},"content":"            if (input.equals(\"list\")) {","lastModifiedDate":"2025-02-04","isFullCredit":false},{"lineNumber":101,"author":{"gitId":"chwenyee"},"content":"                printTaskList(tasks);","lastModifiedDate":"2025-02-06","isFullCredit":false},{"lineNumber":102,"author":{"gitId":"chwenyee"},"content":"            } else if (input.startsWith(\"mark \")) {","lastModifiedDate":"2025-02-05","isFullCredit":false},{"lineNumber":103,"author":{"gitId":"chwenyee"},"content":"                // -1 because the first task starts with index 0","lastModifiedDate":"2025-02-06","isFullCredit":false},{"lineNumber":104,"author":{"gitId":"chwenyee"},"content":"                int taskIndex \u003d Integer.parseInt(input.substring(5).trim()) - 1;","lastModifiedDate":"2025-02-05","isFullCredit":false},{"lineNumber":105,"author":{"gitId":"chwenyee"},"content":"                if (taskIndex \u003e\u003d 0 \u0026\u0026 taskIndex \u003c Task.taskCount) {","lastModifiedDate":"2025-02-06","isFullCredit":false},{"lineNumber":106,"author":{"gitId":"chwenyee"},"content":"                    markTaskAsDone(tasks, taskIndex);","lastModifiedDate":"2025-02-06","isFullCredit":false},{"lineNumber":107,"author":{"gitId":"chwenyee"},"content":"                }","lastModifiedDate":"2025-02-05","isFullCredit":false},{"lineNumber":108,"author":{"gitId":"chwenyee"},"content":"            } else if (input.startsWith(\"unmark \")) {","lastModifiedDate":"2025-02-05","isFullCredit":false},{"lineNumber":109,"author":{"gitId":"chwenyee"},"content":"                int taskIndex \u003d Integer.parseInt(input.substring(7).trim()) - 1;","lastModifiedDate":"2025-02-05","isFullCredit":false},{"lineNumber":110,"author":{"gitId":"chwenyee"},"content":"                if (taskIndex \u003e\u003d 0 \u0026\u0026 taskIndex \u003c Task.taskCount) {","lastModifiedDate":"2025-02-06","isFullCredit":false},{"lineNumber":111,"author":{"gitId":"chwenyee"},"content":"                    markTaskAsNotDone(tasks, taskIndex);","lastModifiedDate":"2025-02-06","isFullCredit":false},{"lineNumber":112,"author":{"gitId":"chwenyee"},"content":"                }","lastModifiedDate":"2025-02-05","isFullCredit":false},{"lineNumber":113,"author":{"gitId":"chwenyee"},"content":"            } else if (input.startsWith(\"deadline \")) {","lastModifiedDate":"2025-02-06","isFullCredit":false},{"lineNumber":114,"author":{"gitId":"chwenyee"},"content":"                String taskDescription \u003d filterInput(input, \"/by\", \"taskDescription\");","lastModifiedDate":"2025-02-06","isFullCredit":false},{"lineNumber":115,"author":{"gitId":"chwenyee"},"content":"                String deadline \u003d filterInput(input, \"/by\", \"deadline\");","lastModifiedDate":"2025-02-06","isFullCredit":false},{"lineNumber":116,"author":{"gitId":"chwenyee"},"content":"                tasks[Task.taskCount] \u003d new Deadline(taskDescription, deadline);","lastModifiedDate":"2025-02-06","isFullCredit":false},{"lineNumber":117,"author":{"gitId":"chwenyee"},"content":"                messageAfterAddingTask(tasks);","lastModifiedDate":"2025-02-06","isFullCredit":false},{"lineNumber":118,"author":{"gitId":"chwenyee"},"content":"            }else if (input.startsWith(\"event \")) {","lastModifiedDate":"2025-02-06","isFullCredit":false},{"lineNumber":119,"author":{"gitId":"chwenyee"},"content":"                String taskDescription \u003d filterInput(input, \"/from\", \"taskDescription\");","lastModifiedDate":"2025-02-06","isFullCredit":false},{"lineNumber":120,"author":{"gitId":"chwenyee"},"content":"                String startDate \u003d filterInput(input, \"/from\", \"eventStartDate\");","lastModifiedDate":"2025-02-06","isFullCredit":false},{"lineNumber":121,"author":{"gitId":"chwenyee"},"content":"                String endDate \u003d filterInput(input, \"/to\", \"eventEndDate\");","lastModifiedDate":"2025-02-06","isFullCredit":false},{"lineNumber":122,"author":{"gitId":"chwenyee"},"content":"                tasks[Task.taskCount] \u003d new Event(taskDescription, startDate, endDate);","lastModifiedDate":"2025-02-06","isFullCredit":false},{"lineNumber":123,"author":{"gitId":"chwenyee"},"content":"                messageAfterAddingTask(tasks);","lastModifiedDate":"2025-02-06","isFullCredit":false},{"lineNumber":124,"author":{"gitId":"chwenyee"},"content":"            } else {","lastModifiedDate":"2025-02-04","isFullCredit":false},{"lineNumber":125,"author":{"gitId":"chwenyee"},"content":"                String todoDescription \u003d input.substring(5).trim();","lastModifiedDate":"2025-02-06","isFullCredit":false},{"lineNumber":126,"author":{"gitId":"chwenyee"},"content":"                tasks[Task.taskCount] \u003d new Todo(todoDescription);","lastModifiedDate":"2025-02-06","isFullCredit":false},{"lineNumber":127,"author":{"gitId":"chwenyee"},"content":"                messageAfterAddingTask(tasks);","lastModifiedDate":"2025-02-06","isFullCredit":false},{"lineNumber":128,"author":{"gitId":"chwenyee"},"content":"            }","lastModifiedDate":"2025-02-04","isFullCredit":false},{"lineNumber":129,"author":{"gitId":"chwenyee"},"content":"            input \u003d in.nextLine();","lastModifiedDate":"2025-02-04","isFullCredit":false},{"lineNumber":130,"author":{"gitId":"chwenyee"},"content":"        }","lastModifiedDate":"2025-02-05","isFullCredit":false},{"lineNumber":131,"author":{"gitId":"chwenyee"},"content":"        bye();","lastModifiedDate":"2025-02-04","isFullCredit":false},{"lineNumber":132,"author":{"gitId":"chwenyee"},"content":"    }","lastModifiedDate":"2025-01-24","isFullCredit":false},{"lineNumber":133,"author":{"gitId":"chwenyee"},"content":"}","lastModifiedDate":"2025-01-24","isFullCredit":false}],"authorContributionMap":{"chwenyee":133}},{"path":"src/main/java/Task.java","fileType":"java","lines":[{"lineNumber":1,"author":{"gitId":"chwenyee"},"content":"public class Task {","lastModifiedDate":"2025-02-05","isFullCredit":false},{"lineNumber":2,"author":{"gitId":"chwenyee"},"content":"","lastModifiedDate":"2025-02-06","isFullCredit":false},{"lineNumber":3,"author":{"gitId":"chwenyee"},"content":"    protected String description;","lastModifiedDate":"2025-02-05","isFullCredit":false},{"lineNumber":4,"author":{"gitId":"chwenyee"},"content":"    protected boolean isDone;","lastModifiedDate":"2025-02-05","isFullCredit":false},{"lineNumber":5,"author":{"gitId":"chwenyee"},"content":"    protected static int taskCount \u003d 0;","lastModifiedDate":"2025-02-06","isFullCredit":false},{"lineNumber":6,"author":{"gitId":"chwenyee"},"content":"","lastModifiedDate":"2025-02-05","isFullCredit":false},{"lineNumber":7,"author":{"gitId":"chwenyee"},"content":"    public Task(String description) {","lastModifiedDate":"2025-02-05","isFullCredit":false},{"lineNumber":8,"author":{"gitId":"chwenyee"},"content":"        this.description \u003d description;","lastModifiedDate":"2025-02-05","isFullCredit":false},{"lineNumber":9,"author":{"gitId":"chwenyee"},"content":"        this.isDone \u003d false;","lastModifiedDate":"2025-02-05","isFullCredit":false},{"lineNumber":10,"author":{"gitId":"chwenyee"},"content":"        taskCount +\u003d 1;","lastModifiedDate":"2025-02-06","isFullCredit":false},{"lineNumber":11,"author":{"gitId":"chwenyee"},"content":"    }","lastModifiedDate":"2025-02-05","isFullCredit":false},{"lineNumber":12,"author":{"gitId":"chwenyee"},"content":"","lastModifiedDate":"2025-02-05","isFullCredit":false},{"lineNumber":13,"author":{"gitId":"chwenyee"},"content":"    public String getStatusIcon() {","lastModifiedDate":"2025-02-05","isFullCredit":false},{"lineNumber":14,"author":{"gitId":"chwenyee"},"content":"        return (isDone ? \"X\" : \" \");","lastModifiedDate":"2025-02-05","isFullCredit":false},{"lineNumber":15,"author":{"gitId":"chwenyee"},"content":"    }","lastModifiedDate":"2025-02-05","isFullCredit":false},{"lineNumber":16,"author":{"gitId":"chwenyee"},"content":"","lastModifiedDate":"2025-02-05","isFullCredit":false},{"lineNumber":17,"author":{"gitId":"chwenyee"},"content":"    public void markAsDone() {","lastModifiedDate":"2025-02-05","isFullCredit":false},{"lineNumber":18,"author":{"gitId":"chwenyee"},"content":"        isDone \u003d true;","lastModifiedDate":"2025-02-05","isFullCredit":false},{"lineNumber":19,"author":{"gitId":"chwenyee"},"content":"    }","lastModifiedDate":"2025-02-05","isFullCredit":false},{"lineNumber":20,"author":{"gitId":"chwenyee"},"content":"","lastModifiedDate":"2025-02-05","isFullCredit":false},{"lineNumber":21,"author":{"gitId":"chwenyee"},"content":"    public void markAsNotDone() {","lastModifiedDate":"2025-02-05","isFullCredit":false},{"lineNumber":22,"author":{"gitId":"chwenyee"},"content":"        isDone \u003d false;","lastModifiedDate":"2025-02-05","isFullCredit":false},{"lineNumber":23,"author":{"gitId":"chwenyee"},"content":"    }","lastModifiedDate":"2025-02-05","isFullCredit":false},{"lineNumber":24,"author":{"gitId":"chwenyee"},"content":"","lastModifiedDate":"2025-02-05","isFullCredit":false},{"lineNumber":25,"author":{"gitId":"chwenyee"},"content":"    @Override","lastModifiedDate":"2025-02-06","isFullCredit":false},{"lineNumber":26,"author":{"gitId":"chwenyee"},"content":"    public String toString() {","lastModifiedDate":"2025-02-06","isFullCredit":false},{"lineNumber":27,"author":{"gitId":"chwenyee"},"content":"        return (\"[\" + this.getStatusIcon()+ \"] \" + description);","lastModifiedDate":"2025-02-06","isFullCredit":false},{"lineNumber":28,"author":{"gitId":"chwenyee"},"content":"    }","lastModifiedDate":"2025-02-06","isFullCredit":false},{"lineNumber":29,"author":{"gitId":"chwenyee"},"content":"}","lastModifiedDate":"2025-02-05","isFullCredit":false},{"lineNumber":30,"author":{"gitId":"chwenyee"},"content":"","lastModifiedDate":"2025-02-05","isFullCredit":false},{"lineNumber":31,"author":{"gitId":"chwenyee"},"content":"","lastModifiedDate":"2025-02-05","isFullCredit":false}],"authorContributionMap":{"chwenyee":31}},{"path":"src/main/java/Todo.java","fileType":"java","lines":[{"lineNumber":1,"author":{"gitId":"chwenyee"},"content":"public class Todo extends Task {","lastModifiedDate":"2025-02-06","isFullCredit":false},{"lineNumber":2,"author":{"gitId":"chwenyee"},"content":"","lastModifiedDate":"2025-02-06","isFullCredit":false},{"lineNumber":3,"author":{"gitId":"chwenyee"},"content":"    public Todo(String description) {","lastModifiedDate":"2025-02-06","isFullCredit":false},{"lineNumber":4,"author":{"gitId":"chwenyee"},"content":"        super(description);","lastModifiedDate":"2025-02-06","isFullCredit":false},{"lineNumber":5,"author":{"gitId":"chwenyee"},"content":"    }","lastModifiedDate":"2025-02-06","isFullCredit":false},{"lineNumber":6,"author":{"gitId":"chwenyee"},"content":"","lastModifiedDate":"2025-02-06","isFullCredit":false},{"lineNumber":7,"author":{"gitId":"chwenyee"},"content":"    @Override","lastModifiedDate":"2025-02-06","isFullCredit":false},{"lineNumber":8,"author":{"gitId":"chwenyee"},"content":"    public String toString() {","lastModifiedDate":"2025-02-06","isFullCredit":false},{"lineNumber":9,"author":{"gitId":"chwenyee"},"content":"        return \"[T]\" + super.toString();","lastModifiedDate":"2025-02-06","isFullCredit":false},{"lineNumber":10,"author":{"gitId":"chwenyee"},"content":"    }","lastModifiedDate":"2025-02-06","isFullCredit":false},{"lineNumber":11,"author":{"gitId":"chwenyee"},"content":"}","lastModifiedDate":"2025-02-06","isFullCredit":false}],"authorContributionMap":{"chwenyee":11}},{"path":"text-ui-test/runtest.bat","fileType":"bat","lines":[{"lineNumber":1,"author":{"gitId":"-"},"content":"@ECHO OFF","lastModifiedDate":"2020-05-25","isFullCredit":false},{"lineNumber":2,"author":{"gitId":"-"},"content":"","lastModifiedDate":"2020-05-25","isFullCredit":false},{"lineNumber":3,"author":{"gitId":"-"},"content":"REM create bin directory if it doesn\u0027t exist","lastModifiedDate":"2020-05-25","isFullCredit":false},{"lineNumber":4,"author":{"gitId":"-"},"content":"if not exist ..\\bin mkdir ..\\bin","lastModifiedDate":"2020-05-25","isFullCredit":false},{"lineNumber":5,"author":{"gitId":"-"},"content":"","lastModifiedDate":"2020-05-25","isFullCredit":false},{"lineNumber":6,"author":{"gitId":"-"},"content":"REM delete output from previous run","lastModifiedDate":"2020-05-25","isFullCredit":false},{"lineNumber":7,"author":{"gitId":"-"},"content":"if exist ACTUAL.TXT del ACTUAL.TXT","lastModifiedDate":"2020-08-25","isFullCredit":false},{"lineNumber":8,"author":{"gitId":"-"},"content":"","lastModifiedDate":"2020-05-25","isFullCredit":false},{"lineNumber":9,"author":{"gitId":"-"},"content":"REM compile the code into the bin folder","lastModifiedDate":"2020-05-25","isFullCredit":false},{"lineNumber":10,"author":{"gitId":"-"},"content":"javac  -cp ..\\src\\main\\java -Xlint:none -d ..\\bin ..\\src\\main\\java\\*.java","lastModifiedDate":"2020-08-25","isFullCredit":false},{"lineNumber":11,"author":{"gitId":"-"},"content":"IF ERRORLEVEL 1 (","lastModifiedDate":"2020-05-25","isFullCredit":false},{"lineNumber":12,"author":{"gitId":"-"},"content":"    echo ********** BUILD FAILURE **********","lastModifiedDate":"2020-05-25","isFullCredit":false},{"lineNumber":13,"author":{"gitId":"-"},"content":"    exit /b 1","lastModifiedDate":"2020-05-25","isFullCredit":false},{"lineNumber":14,"author":{"gitId":"-"},"content":")","lastModifiedDate":"2020-05-25","isFullCredit":false},{"lineNumber":15,"author":{"gitId":"-"},"content":"REM no error here, errorlevel \u003d\u003d 0","lastModifiedDate":"2020-05-25","isFullCredit":false},{"lineNumber":16,"author":{"gitId":"-"},"content":"","lastModifiedDate":"2020-05-25","isFullCredit":false},{"lineNumber":17,"author":{"gitId":"-"},"content":"REM run the program, feed commands from input.txt file and redirect the output to the ACTUAL.TXT","lastModifiedDate":"2020-05-25","isFullCredit":false},{"lineNumber":18,"author":{"gitId":"chwenyee"},"content":"java -classpath ..\\bin Luke \u003c input.txt \u003e ACTUAL.TXT","lastModifiedDate":"2025-02-06","isFullCredit":false},{"lineNumber":19,"author":{"gitId":"-"},"content":"","lastModifiedDate":"2020-05-25","isFullCredit":false},{"lineNumber":20,"author":{"gitId":"-"},"content":"REM compare the output to the expected output","lastModifiedDate":"2020-05-25","isFullCredit":false},{"lineNumber":21,"author":{"gitId":"-"},"content":"FC ACTUAL.TXT EXPECTED.TXT","lastModifiedDate":"2020-05-25","isFullCredit":false}],"authorContributionMap":{"-":20,"chwenyee":1}}]
