{"authorDailyContributionsMap":{"chwenyee":[{"date":"2025-01-24","commitResults":[{"hash":"79f8261a4c00160f8f8ad7d210df25b59ab514e9","isMergeCommit":false,"messageTitle":"Level-0","messageBody":"","tags":["Level-0"],"fileTypesAndContributionMap":{"java":{"insertions":12,"deletions":10}}}]},{"date":"2025-02-04","commitResults":[{"hash":"d17900944237c754ad9e844bcb2ad990e71b3420","isMergeCommit":false,"messageTitle":"Week 3: Level 1. Echo. Duke echos commands entered by the user, and exits when the user types the command bye.","messageBody":"","tags":["Level-1"],"fileTypesAndContributionMap":{"java":{"insertions":19,"deletions":3},"md":{"insertions":1,"deletions":1}}}]}]},"authorFileTypeContributionMap":{"chwenyee":{"java":28,"md":1,"fxml":0,"sh":0,"bat":0,"gradle":0,"txt":0}},"authorContributionVariance":{"chwenyee":37.63906},"authorDisplayNameMap":{"chwenyee":"CHAN.. YEE"}}
