{"authorDailyContributionsMap":{"chwenyee":[{"date":"2025-01-24","commitResults":[{"hash":"79f8261a4c00160f8f8ad7d210df25b59ab514e9","isMergeCommit":false,"messageTitle":"Level-0","messageBody":"","tags":["Level-0"],"fileTypesAndContributionMap":{"java":{"insertions":12,"deletions":10}}}]},{"date":"2025-02-04","commitResults":[{"hash":"d17900944237c754ad9e844bcb2ad990e71b3420","isMergeCommit":false,"messageTitle":"Week 3: Level 1. Echo. Duke echos commands entered by the user, and exits when the user types the command bye.","messageBody":"","tags":["Level-1"],"fileTypesAndContributionMap":{"java":{"insertions":19,"deletions":3},"md":{"insertions":1,"deletions":1}}},{"hash":"9ea03c21fe5118e1f5e29a995b188f85e7ef0ab9","isMergeCommit":false,"messageTitle":"Level 2. Add, List. Luke can now store whatever text entered by the user and display them back to the user when requested.","messageBody":"","tags":["Level-2"],"fileTypesAndContributionMap":{"java":{"insertions":28,"deletions":8}}}]},{"date":"2025-02-05","commitResults":[{"hash":"f93df9f636bdbafd2baadd5729d8f64eaf194a31","isMergeCommit":false,"messageTitle":"Level 3. Mark as Done. Duke\u0027s new function: the ability to mark tasks as done and the ability to change the status back to not done.","messageBody":"","tags":["Level-3"],"fileTypesAndContributionMap":{"java":{"insertions":52,"deletions":8},"md":{"insertions":2,"deletions":2}}}]},{"date":"2025-02-06","commitResults":[{"hash":"856c77a5026ef530100d24d923c236dd2183d20a","isMergeCommit":false,"messageTitle":"Level 4. ToDos, Events, Deadlines Duke can now support for tracking three types of tasks such as ToDos, Deadlines and Events given the correct input format.","messageBody":"","tags":["Level-4"],"fileTypesAndContributionMap":{"java":{"insertions":144,"deletions":30},"bat":{"insertions":1,"deletions":1}}}]},{"date":"2025-02-13","commitResults":[{"hash":"806f2926daab66cb4611369744a9b017ea2b11cb","isMergeCommit":false,"messageTitle":"Level-5. Handle Errors Add some exception classes that are specific to Luke.","messageBody":"","fileTypesAndContributionMap":{"java":{"insertions":29,"deletions":0}}},{"hash":"06e67f14093d00ea15fa9ca28d3ee84cb0c98524","isMergeCommit":false,"messageTitle":"Level 5. Handle Errors. Luke can now deal with errors such as incorrect inputs entered by the user.","messageBody":"","fileTypesAndContributionMap":{"java":{"insertions":115,"deletions":43}}},{"hash":"8309f066fea3956ba8144232eec0b15b51e2cb44","isMergeCommit":true,"messageTitle":"Merge branch \u0027branch-Level-5\u0027","messageBody":"","tags":["Level-5"],"fileTypesAndContributionMap":{}}]}]},"authorFileTypeContributionMap":{"chwenyee":{"java":307,"md":3,"fxml":0,"sh":0,"bat":1,"gradle":0,"txt":0}},"authorContributionVariance":{"chwenyee":1906.3625},"authorDisplayNameMap":{"chwenyee":"CHAN.. YEE"}}
