{"authorDailyContributionsMap":{"wongyihao02":[{"date":"2025-01-25","commitResults":[{"hash":"dfebdd68fe6a9b3ae84aefd8da58d9919d0fa781","isMergeCommit":false,"messageTitle":"Level 0,renamed,added greet and exit lines","messageBody":"","tags":["level_0","level-0"],"fileTypesAndContributionMap":{"java":{"insertions":17,"deletions":10}}}]},{"date":"2025-01-31","commitResults":[{"hash":"37c47a6edb19f5efd3ec02b49702a1bdeac16f27","isMergeCommit":false,"messageTitle":"added echo","messageBody":"","tags":["Level-1"],"fileTypesAndContributionMap":{"java":{"insertions":14,"deletions":2}}},{"hash":"0ac54843df6aab536ad05d7807e17c8241bab019","isMergeCommit":false,"messageTitle":"tasklist with add and list functions","messageBody":"","tags":["level-2"],"fileTypesAndContributionMap":{"java":{"insertions":36,"deletions":2}}},{"hash":"b5ec30b44d263630797ad97ebb37aabaa5e3209d","isMergeCommit":false,"messageTitle":"added marking and unmarking and change how runtask works","messageBody":"","tags":["level-3"],"fileTypesAndContributionMap":{"java":{"insertions":34,"deletions":8}}}]},{"date":"2025-02-08","commitResults":[{"hash":"6678b205185877f52e954f52bd3a0933b88ebf59","isMergeCommit":false,"messageTitle":"changed dowhile loop and added some voicelines for ewmpty input","messageBody":"","fileTypesAndContributionMap":{"java":{"insertions":27,"deletions":5}}}]},{"date":"2025-02-09","commitResults":[{"hash":"0578d6e4d179509e47644e0fdaa367336c8fc0ae","isMergeCommit":false,"messageTitle":"added task and its subtypes.changed how taskList works with this in mind.","messageBody":"","tags":["Level-4","A-CodeQuality"],"fileTypesAndContributionMap":{"java":{"insertions":190,"deletions":37}}}]},{"date":"2025-02-12","commitResults":[{"hash":"290df50cbb49a205cbf9d635b43eca96c11bf386","isMergeCommit":false,"messageTitle":"added error messages for inputing taskname alone","messageBody":"","tags":["level-5"],"fileTypesAndContributionMap":{"java":{"insertions":9,"deletions":3}}},{"hash":"c6fee911dea2fe3ee3f54562758bbd5b5c1041e0","isMergeCommit":true,"messageTitle":"Merge branch \u0027error_handling_test\u0027","messageBody":"","fileTypesAndContributionMap":{}},{"hash":"4cf0e15d481e90d28a7b4e8e029973d9b1f97561","isMergeCommit":false,"messageTitle":"no message","messageBody":"","fileTypesAndContributionMap":{"java":{"insertions":0,"deletions":1}}},{"hash":"3876804db8485c709b7b2a1c4879dbb3fd4b8ea0","isMergeCommit":false,"messageTitle":"added incomplete command error message","messageBody":"","fileTypesAndContributionMap":{"java":{"insertions":9,"deletions":0}}},{"hash":"e37cf0d777ede6a8555c357361dca7875f26fcf9","isMergeCommit":true,"messageTitle":"Merge branch \u0027error_handling_test\u0027","messageBody":"# Conflicts:\n#\tsrc/main/java/taskList.java\n","fileTypesAndContributionMap":{}}]}]},"authorFileTypeContributionMap":{"wongyihao02":{"java":282,"md":0,"fxml":0,"sh":0,"bat":0,"gradle":0,"txt":0}},"authorContributionVariance":{"wongyihao02":1711.2216},"authorDisplayNameMap":{"wongyihao02":"WONG.. HAO"}}
