{"authorDailyContributionsMap":{"manavm12":[{"date":"2025-01-31","commitResults":[{"hash":"43726cd0668a6838ae6d2518ce842cc9011b5d78","isMergeCommit":false,"messageTitle":"Change name of bot","messageBody":"","tags":["Level-0"],"fileTypesAndContributionMap":{"java":{"insertions":15,"deletions":10}}}]},{"date":"2025-02-01","commitResults":[{"hash":"ada230ae5c8b47b6c59d3e09a4fac66e2c8968a5","isMergeCommit":false,"messageTitle":"Implement echo functionality for user input","messageBody":"","tags":["Level-1"],"fileTypesAndContributionMap":{"java":{"insertions":34,"deletions":10}}},{"hash":"b59e136a06979ea03695f355431083a78f466b87","isMergeCommit":false,"messageTitle":"Implement list, add functions to the chatbot","messageBody":"","tags":["Level-2"],"fileTypesAndContributionMap":{"java":{"insertions":42,"deletions":8}}},{"hash":"c17593b5d3305ca06b3ec76a5873f0990fbfb69e","isMergeCommit":false,"messageTitle":"Add new Task class","messageBody":"","tags":["Level-3"],"fileTypesAndContributionMap":{"java":{"insertions":56,"deletions":5}}}]}]},"authorFileTypeContributionMap":{"manavm12":{"java":124,"md":0,"fxml":0,"sh":0,"bat":0,"gradle":0,"txt":0}},"authorContributionVariance":{"manavm12":1010.4916},"authorDisplayNameMap":{"manavm12":"MANA..EHTA"}}
