{"authorDailyContributionsMap":{"matthewyeo1":[{"date":"2025-01-20","commitResults":[{"hash":"2a94a4a32880d611106908e8ae56956c10732ba9","isMergeCommit":false,"messageTitle":"Main class: change task manager name from Duke to ACE","messageBody":"","tags":["Level-0"],"fileTypesAndContributionMap":{"java":{"insertions":39,"deletions":10}}}]},{"date":"2025-01-25","commitResults":[{"hash":"4309e22f479c044d80d2f07ef23d97306ae78216","isMergeCommit":false,"messageTitle":"Main class: add function to echo user input","messageBody":"","tags":["Level-1"],"fileTypesAndContributionMap":{"java":{"insertions":39,"deletions":12}}},{"hash":"6c9e951da2d54a3cd6b0471835eec515c50742f8","isMergeCommit":false,"messageTitle":"Task class: add task class","messageBody":"The task class serves to initialize a new list entry when users input a\nword or sentence that is not \u0027bye\u0027 or \u0027list\u0027.\n","tags":["Level-2"],"fileTypesAndContributionMap":{"java":{"insertions":57,"deletions":4}}},{"hash":"3d08341180a23dc76a9a8fd580639defa8d8ae5f","isMergeCommit":false,"messageTitle":"Ace class: add mark, unmark, and verification functions","messageBody":"* Added markAsDone() and unMark() methods to toggle task completion\n  status.\n* Implemented isDone() method to verify the current completion status of\n  the task.\n* Improved clarity of status management in the Task class.\n","tags":["Level-3","A-CodingStandard"],"fileTypesAndContributionMap":{"java":{"insertions":126,"deletions":29}}}]},{"date":"2025-02-03","commitResults":[{"hash":"29b8654d192833249165cfda12f505231fc791ea","isMergeCommit":false,"messageTitle":"Ace class: enhance UI and add error handling","messageBody":"Created ToDo, Deadline, Event classes that inherit Task parent class.\nCreated TaskType enumeration.\n","tags":["Level-4","A-CodeQuality"],"fileTypesAndContributionMap":{"java":{"insertions":139,"deletions":44}}}]},{"date":"2025-02-04","commitResults":[{"hash":"3eb5a7573a5631de9d9cff45944f1d39afe1390a","isMergeCommit":false,"messageTitle":"Ace class: refactor code for better readability","messageBody":"TaskManager class: add methods to handle program commands and add\ntry \u0026 catch blocks for error handling\n","fileTypesAndContributionMap":{"java":{"insertions":175,"deletions":187}}},{"hash":"8b3cd0712751be2edc8f6f0a1353618c1d98e476","isMergeCommit":true,"messageTitle":"Merge branch \u0027branch-Level-5\u0027","messageBody":"","tags":["Level-5","A-TextUiTesting"],"fileTypesAndContributionMap":{}}]}]},"authorFileTypeContributionMap":{"matthewyeo1":{"java":299,"md":0,"fxml":0,"sh":0,"bat":0,"gradle":0,"txt":0}},"authorContributionVariance":{"matthewyeo1":8065.7935},"authorDisplayNameMap":{"matthewyeo1":"MATT.. WEN"}}
