{"authorDailyContributionsMap":{"nmarwah7":[{"date":"2025-01-23","commitResults":[{"hash":"d7df93b64cd1ed97de713a2fa6126c329b3da156","isMergeCommit":false,"messageTitle":"Level_0 Rename, Greet, Exit","messageBody":"","tags":["Level-0"],"fileTypesAndContributionMap":{"java":{"insertions":18,"deletions":10}}}]},{"date":"2025-01-29","commitResults":[{"hash":"606fc7510c91acec6b99306a11e0336880b0950b","isMergeCommit":false,"messageTitle":"Add echo capability to chatbot","messageBody":"Chatbot cannot answer or interact with user.\n\nLet\u0027s import scanner class from java.util and use it to read in a line\nfrom user and print it back out in terminal.\n","tags":["Level-1"],"fileTypesAndContributionMap":{"java":{"insertions":19,"deletions":2}}},{"hash":"7271e05b3b3a1ed9a6358385de546ffec703f33b","isMergeCommit":false,"messageTitle":"Add ability to store user input into task list and display it","messageBody":"There is no way for the chatbot to allow the user to input and create\nany lists for functionality.\n\nLet\u0027s add a String array of size 100 to store any tasks for the user,\nand make use of \"list\" command to display these itemized tasks back to\nuser.\n","tags":["Level-2"],"fileTypesAndContributionMap":{"java":{"insertions":14,"deletions":1}}},{"hash":"87eed80f3ec551f2b5121545555e63bcbfb16e93","isMergeCommit":false,"messageTitle":"Add ability to mark tasks as done or not","messageBody":"There is no way to keep the list updated with the current status of a\ntask. Task as a list of strings is too limited as a data type.\n\nLet\u0027s keep tasks as a class on it\u0027s own and add isDone boolean value\nto it, and add new commands to mark and unmark tasks. Add in a method\nto handle out of bound demands to chatbot.\n","tags":["Level-3","A-Classes"],"fileTypesAndContributionMap":{"java":{"insertions":87,"deletions":22}}}]},{"date":"2025-01-30","commitResults":[{"hash":"22cc73780bc5320b2bb1b153725119ea5c107689","isMergeCommit":false,"messageTitle":"Create javadocs comment for added method and clean up code to match coding standard","messageBody":"","tags":["A-CodingStandard"],"fileTypesAndContributionMap":{"java":{"insertions":3,"deletions":0}}}]},{"date":"2025-02-02","commitResults":[{"hash":"2718e6eae068db569c17e65c3dc42c2c9e08bfe7","isMergeCommit":false,"messageTitle":"Add 3 new inherited classes for task and implement toString() for Task","messageBody":"Important to create inherited classes for different types of task class.\nThe print statements for tasks too long, and toString can be overridden\nto optimize code.\n\nThe inherited classes are not implemented in main code logic yet.\n","fileTypesAndContributionMap":{"java":{"insertions":48,"deletions":6}}},{"hash":"a4c4f2d020065655c558654aa6e2516f341a98f6","isMergeCommit":false,"messageTitle":"Add functional logic in Ultron.java for different task types","messageBody":"Create if-else extension to account for new task types to allow user\nmore flexibility\n","tags":["A-Inheritance"],"fileTypesAndContributionMap":{"java":{"insertions":24,"deletions":1}}},{"hash":"615005f7ea272fa8821e8c208491dc56cfe1852f","isMergeCommit":false,"messageTitle":"Fix bug for user input for mark/unmark command and display for events","messageBody":"When user inputs mark -1, or index less than zero the program crashes\ninstead of displaying an out of bounds message. Creating an event task\nhad semantic [D] instead of [E].\n\nImplement a check for taskNumber\u003c0, and change toString of Event class\n","fileTypesAndContributionMap":{"java":{"insertions":3,"deletions":3}}}]},{"date":"2025-02-04","commitResults":[{"hash":"3516ab64893f578e21fd9796e37475c077a4b841","isMergeCommit":false,"messageTitle":"Add task count when new task is added","messageBody":"User cannot see how many tasks have been added when creating a new task.\n\nAdd one line of code to print this after \"added \u003ctask\u003e:\" string\n","tags":["Level-4"],"fileTypesAndContributionMap":{"java":{"insertions":4,"deletions":0}}},{"hash":"273023b2fbd48f24f87b359fea932a2e1d599848","isMergeCommit":false,"messageTitle":"Use I/O technique to automate testing of Ultron","messageBody":"Testing involves retyping commands several times and manually observing\ndifference. This is tedious and error-prone.\n\nFix runtest.bat to automate testing, and update input and EXPECTED\nfiles accordingly.\n","tags":["A-TextUiTesting"],"fileTypesAndContributionMap":{"txt":{"insertions":9,"deletions":0},"bat":{"insertions":1,"deletions":1}}},{"hash":"09f7286d61ab5ee89d610e6a4a2c56edea4c5921","isMergeCommit":false,"messageTitle":"Refactor code to improve code quality","messageBody":"Many lines of code and logic blocks are repetitive and hard to read.\n\nLet\u0027s extract magic literals and repeated code as methods and variables\nto try and achieve SLAP.\n","tags":["A-CodeQuality"],"fileTypesAndContributionMap":{"java":{"insertions":65,"deletions":56}}}]},{"date":"2025-02-09","commitResults":[{"hash":"69d97c0ae694a9d3049afd72b673a35745cb91f9","isMergeCommit":false,"messageTitle":"Refactor code to switch-case and extract out common methods","messageBody":"Code is too lengthy in main() function and SLAP is not ideal for\nreadability.\n\nLet\u0027s use tutorial PR exercise to help refactor and change the code\nto improve readability for others. Includes a bug fix for lengthy\nevent and deadline descriptions.\n","fileTypesAndContributionMap":{"java":{"insertions":79,"deletions":43}}}]},{"date":"2025-02-11","commitResults":[{"hash":"674a534daef1bc3a74bbf4eb35d674abbc329b87","isMergeCommit":false,"messageTitle":"Add minimal error handling for empty todo and invalid command","messageBody":"Let\u0027s add minimal error checking for when todo description is empty,\nand when invalid command is added. Additional check added for when\nmark and unmark do not come with a valid task number.\n","tags":["A-Exceptions"],"fileTypesAndContributionMap":{"java":{"insertions":85,"deletions":46}}},{"hash":"76beeb6b2a8bbf33bff1c4603ad84ebb2c622f7a","isMergeCommit":false,"messageTitle":"Add error handling for event and deadline commands","messageBody":"Invalid or empty strings can be entered by the user for deadline and\nevent command, which causes the code to crash. The main() function\nhas too many try-catch blocks, impairs readability of code.\n\nLet\u0027s add in error-handling for empty or invalid command syntax for\nuser, and let\u0027s abstract out error-handling to the handle functions.\n","fileTypesAndContributionMap":{"java":{"insertions":59,"deletions":29}}}]},{"date":"2025-02-12","commitResults":[{"hash":"4f8cc7e6e2be44eb5b591e2498ce841b9167aad2","isMergeCommit":true,"messageTitle":"Merge branch \u0027branch-Level-5\u0027","messageBody":"","tags":["Level-5"],"fileTypesAndContributionMap":{}},{"hash":"52c08de48986b596cbdfbbbb1a8c4cd977fec93c","isMergeCommit":false,"messageTitle":"Add package structure to code base","messageBody":"All class files fall under ./java directory. This could get very\ncrowded.\n\nLet\u0027s create package ultron, and subpackages ultron.tasks and\nultron.exceptions and move requisite files into each.\n","fileTypesAndContributionMap":{"java":{"insertions":21,"deletions":1}}},{"hash":"18ddfa4ed14b365446f550a68b485c5c57ded23d","isMergeCommit":true,"messageTitle":"Merge branch \u0027branch-A-Packages\u0027","messageBody":"","tags":["A-Packages"],"fileTypesAndContributionMap":{}}]},{"date":"2025-02-16","commitResults":[{"hash":"4de25b1142e2dd6493e61895ec5809b6696ac67c","isMergeCommit":false,"messageTitle":"Tweak runtest.bat to account for package structure","messageBody":"","fileTypesAndContributionMap":{"bat":{"insertions":2,"deletions":2}}},{"hash":"50aced42d334da687c259ca34d59a0d0e61d6af7","isMergeCommit":false,"messageTitle":"Add collection interface for task list","messageBody":"Let\u0027s add a ArrayList\u003cTask\u003e for the tasklist to allow dynamic resizing\nof the list and and change the subsequent references to it accordingly.\n","tags":["A-Collections"],"fileTypesAndContributionMap":{"java":{"insertions":18,"deletions":17}}},{"hash":"510418291a2e6c3bee84dcc131c0455272042299","isMergeCommit":false,"messageTitle":"Add in delete command functionality","messageBody":"Not possible to remove a task from the list.\n\nLet\u0027s add a new command and method to handle deletion by user.\n","fileTypesAndContributionMap":{"java":{"insertions":29,"deletions":0}}}]},{"date":"2025-02-17","commitResults":[{"hash":"d6f2363af4f4b517c4ce86947f4fe0353eccbaab","isMergeCommit":false,"messageTitle":"Add save and read from file functionality","messageBody":"","fileTypesAndContributionMap":{"txt":{"insertions":5,"deletions":0},"java":{"insertions":148,"deletions":12}}},{"hash":"4d473684db8cb0ef5e54579742a1184ebaec4ea3","isMergeCommit":false,"messageTitle":"Refactor out lengthy code to read in stored data","messageBody":"","fileTypesAndContributionMap":{"txt":{"insertions":3,"deletions":5},"java":{"insertions":59,"deletions":51}}},{"hash":"9e9b797121f012089697cd2b7c718c7efabedbf9","isMergeCommit":false,"messageTitle":"Add update stored data method at end of main() method","messageBody":"This allows cleaner code and fewer preexisting methods to be altered.\n","fileTypesAndContributionMap":{"txt":{"insertions":5,"deletions":3},"java":{"insertions":35,"deletions":72}}},{"hash":"5223e1de4e6fc6d38cc80faf760935f7a79ba460","isMergeCommit":false,"messageTitle":"Cosmetic changes to task-added message and handleUnmark params","messageBody":"","fileTypesAndContributionMap":{"txt":{"insertions":4,"deletions":3},"java":{"insertions":4,"deletions":4}}},{"hash":"2037a0ef57ef12c741e7760088ffd4e92827353e","isMergeCommit":true,"messageTitle":"Merge branch \u0027branch-Level-6\u0027","messageBody":"","tags":["Level-6"],"fileTypesAndContributionMap":{}},{"hash":"06a122adfc9630121c0a044a0d61c9032625c8ec","isMergeCommit":true,"messageTitle":"Merge branch \u0027branch-Level-7\u0027","messageBody":"# Conflicts:\n#\tsrc/main/java/ultron/Ultron.java\n","tags":["Level-7"],"fileTypesAndContributionMap":{}}]},{"date":"2025-02-20","commitResults":[{"hash":"ca2da89635ba78f84de7925604fdfcbb52ecf1ef","isMergeCommit":false,"messageTitle":"Create an A-Jar file for first release","messageBody":"","tags":["A-Jar"],"fileTypesAndContributionMap":{"txt":{"insertions":1,"deletions":1}}}]},{"date":"2025-02-24","commitResults":[{"hash":"68b8f609b9120d9afb5e7cc9ffd335d0258e89cb","isMergeCommit":false,"messageTitle":"Add in Ui class and refactor code to shift into new class","messageBody":"Let\u0027s extract all interaction methods to Ui class and refactor all the\ncode likewise by instantiating new Ui() class.\n","fileTypesAndContributionMap":{"txt":{"insertions":3,"deletions":3},"java":{"insertions":184,"deletions":131}}}]},{"date":"2025-02-25","commitResults":[{"hash":"59c5e6aac9e872d149cb2e0d678a934cc5539b58","isMergeCommit":false,"messageTitle":"Add storage and parser class and refactor code to match","messageBody":"","fileTypesAndContributionMap":{"txt":{"insertions":2,"deletions":1},"java":{"insertions":296,"deletions":122}}},{"hash":"f78a41b4d3bef02cf9b0a71004287c5a3fe8b715","isMergeCommit":false,"messageTitle":"Add in Tasklist class and refactor to match, add in packages for all refactored classes","messageBody":"","tags":["A-MoreOOP"],"fileTypesAndContributionMap":{"txt":{"insertions":5,"deletions":3},"java":{"insertions":143,"deletions":233}}}]},{"date":"2025-02-26","commitResults":[{"hash":"5d855aaea23b66093f24914bdfeec7cf82c3bf8b","isMergeCommit":false,"messageTitle":"Add a filter by date and date formatting in Deadline tasks","messageBody":"","fileTypesAndContributionMap":{"txt":{"insertions":3,"deletions":4},"java":{"insertions":31,"deletions":2}}},{"hash":"39d0bccd953b10457a920f51831eb3b375f2364c","isMergeCommit":false,"messageTitle":"Add find command to allow user to search for keywords","messageBody":"No way to search for a certain task in a long list.\n\nLet\u0027s add in a new method to Tasklist class to handle a find command by\ncreating a filtered list.\n","fileTypesAndContributionMap":{"java":{"insertions":56,"deletions":16}}},{"hash":"bf56e07f487088ab963d92cf7898d07c78de57b1","isMergeCommit":false,"messageTitle":"Add error exception handling for the datefind method","messageBody":"","fileTypesAndContributionMap":{"java":{"insertions":89,"deletions":56}}},{"hash":"f1e760bc057c2e54bdc2b0c31686c9b6101622cd","isMergeCommit":false,"messageTitle":"Add JavaDoc comments for non-trivial methods for documentation","messageBody":"","fileTypesAndContributionMap":{"txt":{"insertions":4,"deletions":2},"java":{"insertions":190,"deletions":27}}},{"hash":"aff86f11da048f3f6d701f752251cf167bc043a6","isMergeCommit":true,"messageTitle":"Merge pull request #3 from nmarwah7/branch-Level-9","messageBody":"Add find command to allow user to search for keywords","tags":["Level-9"],"fileTypesAndContributionMap":{}},{"hash":"1e2ed664a15f5529ee47b43bcf024c797b90cf75","isMergeCommit":true,"messageTitle":"Merge branch \u0027master\u0027 of https://github.com/nmarwah7/ip into branch-Level-8","messageBody":"# Conflicts:\n#\tsrc/main/java/ultron/Ultron.java\n#\tsrc/main/java/ultron/tasks/Tasklist.java\n","fileTypesAndContributionMap":{}},{"hash":"be52b09f0bd3257177f32e82368f33f7d532b25c","isMergeCommit":true,"messageTitle":"Merge pull request #2 from nmarwah7/branch-Level-8","messageBody":"Branch level 8","tags":["Level-8"],"fileTypesAndContributionMap":{}},{"hash":"83d68cc3df771ac87e3adf3701145e443430d13e","isMergeCommit":true,"messageTitle":"Merge branch \u0027master\u0027 of https://github.com/nmarwah7/ip into branch-A-JavaDoc","messageBody":"# Conflicts:\n#\tdata/ultron.txt\n#\tsrc/main/java/ultron/Ultron.java\n#\tsrc/main/java/ultron/tasks/Deadline.java\n#\tsrc/main/java/ultron/tasks/Tasklist.java\n#\tsrc/main/java/ultron/ui/Ui.java\n","tags":["A-JavaDoc"],"fileTypesAndContributionMap":{}},{"hash":"75d53651354e624687ed46c43d502887940cc6f3","isMergeCommit":true,"messageTitle":"Merge pull request #1 from nmarwah7/branch-A-JavaDoc","messageBody":"Add JavaDoc comments for non-trivial methods for documentation","fileTypesAndContributionMap":{}},{"hash":"7669c8872b7ee419375e0dc656d74d1eca06a3fb","isMergeCommit":true,"messageTitle":"Merge branch \u0027master\u0027 of https://github.com/nmarwah7/ip","messageBody":"","fileTypesAndContributionMap":{}},{"hash":"fd03864d71925b8a2e36842cab262fa792158b12","isMergeCommit":false,"messageTitle":"Update README to include User Guide for Ultron in GFMD","messageBody":"","tags":["A-UserGuide"],"fileTypesAndContributionMap":{"md":{"insertions":145,"deletions":16}}},{"hash":"135cddcce4d20133d41b9672799609cdeead43c8","isMergeCommit":false,"messageTitle":"Update README to correct formatting of command summary table","messageBody":"The command summary table is improperly formatted.\n\nLet\u0027s fix it according to GFMD convention\n","fileTypesAndContributionMap":{"md":{"insertions":17,"deletions":5}}},{"hash":"a5a9d80b3fe567abbe4fc398d99f71dff162b5b3","isMergeCommit":false,"messageTitle":"Update README to correct formatting of command summary table to HTML","messageBody":"The command summary table is improperly formatted.\n\nLet\u0027s fix it according to HTML convention.\n","fileTypesAndContributionMap":{"md":{"insertions":47,"deletions":12}}}]},{"date":"2025-03-06","commitResults":[{"hash":"5f7fc79723ea870f395b9a4f368ccf70cfb134b8","isMergeCommit":false,"messageTitle":"Refactor code to ensure javadoc comments are in the correct position","messageBody":"Add in a bug fix for deadline /by incorrect date parameters\n","fileTypesAndContributionMap":{"txt":{"insertions":3,"deletions":1},"java":{"insertions":72,"deletions":19}}},{"hash":"057a0abc863e26b06c1cf879d2a851d8d3349c35","isMergeCommit":false,"messageTitle":"Change README to allow display of images for the webpage","messageBody":"","fileTypesAndContributionMap":{"md":{"insertions":3,"deletions":3}}},{"hash":"24f82b0f898617e82462be03f62b2fe04c93bdc0","isMergeCommit":false,"messageTitle":"Refactor code in tasklist to fit OOP standards","messageBody":"Let\u0027s fix a few bugs regarding how packages are structured.\n","fileTypesAndContributionMap":{"txt":{"insertions":0,"deletions":8}}},{"hash":"9a2cdef1be4ce101de239408e15dccdebae6ca1b","isMergeCommit":false,"messageTitle":"Refactor code to fit OOP standards","messageBody":"Let\u0027s fix a few bugs regarding how packages are structured.\n","fileTypesAndContributionMap":{"txt":{"insertions":9,"deletions":0},"java":{"insertions":119,"deletions":127},"md":{"insertions":3,"deletions":3}}},{"hash":"6b489f6f24b41376309b49dfce394bc1fa4371f3","isMergeCommit":false,"messageTitle":"Fix bug with datefind command and find command","messageBody":"","fileTypesAndContributionMap":{"java":{"insertions":1,"deletions":0}}},{"hash":"181d85d4d664d0fe0b24c5bae94de4dbb54880be","isMergeCommit":false,"messageTitle":"Update README to display image on GitHub Pages","messageBody":"","fileTypesAndContributionMap":{"md":{"insertions":3,"deletions":3}}},{"hash":"ebb901dfb6db52b9c578f1056ea2508ae37a3610","isMergeCommit":false,"messageTitle":"Add more images and improve clarity of README","messageBody":"","tags":["A-Release"],"fileTypesAndContributionMap":{"md":{"insertions":6,"deletions":1}}}]},{"date":"2025-03-07","commitResults":[{"hash":"79a3694abfdb0897662febfbfbe37a48f45598ce","isMergeCommit":false,"messageTitle":"Change to README to update User Guide","messageBody":"","fileTypesAndContributionMap":{"md":{"insertions":74,"deletions":41}}}]},{"date":"2025-03-12","commitResults":[{"hash":"25d91da4e1105a625cfd6ff7a0a8df9ed2ac2b3d","isMergeCommit":false,"messageTitle":"Tweak code to acceptable standards by PR feedback","messageBody":"","fileTypesAndContributionMap":{"java":{"insertions":36,"deletions":34}}}]},{"date":"2025-03-13","commitResults":[{"hash":"fc9805cef29a19491c5ec6b210cbc912b0ea6c5c","isMergeCommit":false,"messageTitle":"Tweak code to refine code quality","messageBody":"","tags":["Final-Post_PR_Review-Release"],"fileTypesAndContributionMap":{"txt":{"insertions":6,"deletions":3},"java":{"insertions":15,"deletions":4}}}]}]},"authorFileTypeContributionMap":{"nmarwah7":{"java":933,"md":225,"fxml":0,"sh":0,"bat":2,"gradle":0,"txt":21}},"authorContributionVariance":{"nmarwah7":23950.564},"authorDisplayNameMap":{"nmarwah7":"CS2113-T11a-3 MARW..KITA"}}
