[{"path":"src/main/java/Deadline.java","fileType":"java","lines":[{"lineNumber":1,"author":{"gitId":"jing-yen"},"content":"public class Deadline extends Task {","lastModifiedDate":"2025-02-02","isFullCredit":false},{"lineNumber":2,"author":{"gitId":"jing-yen"},"content":"    private String date;","lastModifiedDate":"2025-02-02","isFullCredit":false},{"lineNumber":3,"author":{"gitId":"jing-yen"},"content":"    public Deadline(String description, String date) {","lastModifiedDate":"2025-02-02","isFullCredit":false},{"lineNumber":4,"author":{"gitId":"jing-yen"},"content":"        super(description);","lastModifiedDate":"2025-02-02","isFullCredit":false},{"lineNumber":5,"author":{"gitId":"jing-yen"},"content":"        this.date \u003d date;","lastModifiedDate":"2025-02-02","isFullCredit":false},{"lineNumber":6,"author":{"gitId":"jing-yen"},"content":"    }","lastModifiedDate":"2025-02-02","isFullCredit":false},{"lineNumber":7,"author":{"gitId":"jing-yen"},"content":"","lastModifiedDate":"2025-02-02","isFullCredit":false},{"lineNumber":8,"author":{"gitId":"jing-yen"},"content":"    public String toString() {","lastModifiedDate":"2025-02-02","isFullCredit":false},{"lineNumber":9,"author":{"gitId":"jing-yen"},"content":"        return \"[D][\" + (this.isDone?\"done\":\"undone\") + \"]:  { desc: \"","lastModifiedDate":"2025-02-07","isFullCredit":false},{"lineNumber":10,"author":{"gitId":"jing-yen"},"content":"                + this.description + \", by: \" + date + \" }\";","lastModifiedDate":"2025-02-07","isFullCredit":false},{"lineNumber":11,"author":{"gitId":"jing-yen"},"content":"    }","lastModifiedDate":"2025-02-02","isFullCredit":false},{"lineNumber":12,"author":{"gitId":"jing-yen"},"content":"    public String toCommand() {","lastModifiedDate":"2025-02-21","isFullCredit":false},{"lineNumber":13,"author":{"gitId":"jing-yen"},"content":"        return \"event \" + description + \" /by \" + date;","lastModifiedDate":"2025-02-21","isFullCredit":false},{"lineNumber":14,"author":{"gitId":"jing-yen"},"content":"    }","lastModifiedDate":"2025-02-21","isFullCredit":false},{"lineNumber":15,"author":{"gitId":"jing-yen"},"content":"}","lastModifiedDate":"2025-02-02","isFullCredit":false}],"authorContributionMap":{"jing-yen":15}},{"path":"src/main/java/Event.java","fileType":"java","lines":[{"lineNumber":1,"author":{"gitId":"jing-yen"},"content":"public class Event extends Task {","lastModifiedDate":"2025-02-02","isFullCredit":false},{"lineNumber":2,"author":{"gitId":"jing-yen"},"content":"    private String from, to;","lastModifiedDate":"2025-02-02","isFullCredit":false},{"lineNumber":3,"author":{"gitId":"jing-yen"},"content":"","lastModifiedDate":"2025-02-02","isFullCredit":false},{"lineNumber":4,"author":{"gitId":"jing-yen"},"content":"    public Event(String description, String from, String to) {","lastModifiedDate":"2025-02-02","isFullCredit":false},{"lineNumber":5,"author":{"gitId":"jing-yen"},"content":"        super(description);","lastModifiedDate":"2025-02-02","isFullCredit":false},{"lineNumber":6,"author":{"gitId":"jing-yen"},"content":"        this.from \u003d from;","lastModifiedDate":"2025-02-02","isFullCredit":false},{"lineNumber":7,"author":{"gitId":"jing-yen"},"content":"        this.to \u003d to;","lastModifiedDate":"2025-02-02","isFullCredit":false},{"lineNumber":8,"author":{"gitId":"jing-yen"},"content":"    }","lastModifiedDate":"2025-02-02","isFullCredit":false},{"lineNumber":9,"author":{"gitId":"jing-yen"},"content":"    public String toString() {","lastModifiedDate":"2025-02-02","isFullCredit":false},{"lineNumber":10,"author":{"gitId":"jing-yen"},"content":"        return \"[D][\" + (this.isDone?\"done\":\"undone\") + \"]: { desc: \"","lastModifiedDate":"2025-02-07","isFullCredit":false},{"lineNumber":11,"author":{"gitId":"jing-yen"},"content":"                + this.description + \", from: \" + from + \", to: \" + to + \" }\";","lastModifiedDate":"2025-02-07","isFullCredit":false},{"lineNumber":12,"author":{"gitId":"jing-yen"},"content":"    }","lastModifiedDate":"2025-02-02","isFullCredit":false},{"lineNumber":13,"author":{"gitId":"jing-yen"},"content":"    public String toCommand() {","lastModifiedDate":"2025-02-21","isFullCredit":false},{"lineNumber":14,"author":{"gitId":"jing-yen"},"content":"        return \"event \" + description + \" /from \" + from + \" /to \" + to;","lastModifiedDate":"2025-02-21","isFullCredit":false},{"lineNumber":15,"author":{"gitId":"jing-yen"},"content":"    }","lastModifiedDate":"2025-02-21","isFullCredit":false},{"lineNumber":16,"author":{"gitId":"jing-yen"},"content":"}","lastModifiedDate":"2025-02-02","isFullCredit":false}],"authorContributionMap":{"jing-yen":16}},{"path":"src/main/java/Task.java","fileType":"java","lines":[{"lineNumber":1,"author":{"gitId":"jing-yen"},"content":"public abstract class Task {","lastModifiedDate":"2025-02-02","isFullCredit":false},{"lineNumber":2,"author":{"gitId":"jing-yen"},"content":"    protected String description;","lastModifiedDate":"2025-02-01","isFullCredit":false},{"lineNumber":3,"author":{"gitId":"jing-yen"},"content":"    protected boolean isDone;","lastModifiedDate":"2025-02-01","isFullCredit":false},{"lineNumber":4,"author":{"gitId":"jing-yen"},"content":"","lastModifiedDate":"2025-02-01","isFullCredit":false},{"lineNumber":5,"author":{"gitId":"jing-yen"},"content":"    public Task(String description) {","lastModifiedDate":"2025-02-01","isFullCredit":false},{"lineNumber":6,"author":{"gitId":"jing-yen"},"content":"        this.description \u003d description;","lastModifiedDate":"2025-02-01","isFullCredit":false},{"lineNumber":7,"author":{"gitId":"jing-yen"},"content":"        this.isDone \u003d false;","lastModifiedDate":"2025-02-01","isFullCredit":false},{"lineNumber":8,"author":{"gitId":"jing-yen"},"content":"    }","lastModifiedDate":"2025-02-01","isFullCredit":false},{"lineNumber":9,"author":{"gitId":"jing-yen"},"content":"","lastModifiedDate":"2025-02-01","isFullCredit":false},{"lineNumber":10,"author":{"gitId":"jing-yen"},"content":"    public String getStatusIcon() {","lastModifiedDate":"2025-02-01","isFullCredit":false},{"lineNumber":11,"author":{"gitId":"jing-yen"},"content":"        return (isDone ? \"done\" : \"undone\");","lastModifiedDate":"2025-02-07","isFullCredit":false},{"lineNumber":12,"author":{"gitId":"jing-yen"},"content":"    }","lastModifiedDate":"2025-02-01","isFullCredit":false},{"lineNumber":13,"author":{"gitId":"jing-yen"},"content":"","lastModifiedDate":"2025-02-01","isFullCredit":false},{"lineNumber":14,"author":{"gitId":"jing-yen"},"content":"    public void setIsDone(boolean b) {","lastModifiedDate":"2025-02-01","isFullCredit":false},{"lineNumber":15,"author":{"gitId":"jing-yen"},"content":"        isDone \u003d b;","lastModifiedDate":"2025-02-01","isFullCredit":false},{"lineNumber":16,"author":{"gitId":"jing-yen"},"content":"    }","lastModifiedDate":"2025-02-01","isFullCredit":false},{"lineNumber":17,"author":{"gitId":"jing-yen"},"content":"","lastModifiedDate":"2025-02-02","isFullCredit":false},{"lineNumber":18,"author":{"gitId":"jing-yen"},"content":"    public abstract String toString();","lastModifiedDate":"2025-02-02","isFullCredit":false},{"lineNumber":19,"author":{"gitId":"jing-yen"},"content":"    public abstract String toCommand();","lastModifiedDate":"2025-02-21","isFullCredit":false},{"lineNumber":20,"author":{"gitId":"jing-yen"},"content":"}","lastModifiedDate":"2025-02-01","isFullCredit":false}],"authorContributionMap":{"jing-yen":20}},{"path":"src/main/java/Todo.java","fileType":"java","lines":[{"lineNumber":1,"author":{"gitId":"jing-yen"},"content":"public class Todo extends Task {","lastModifiedDate":"2025-02-02","isFullCredit":false},{"lineNumber":2,"author":{"gitId":"jing-yen"},"content":"    public Todo(String description) {","lastModifiedDate":"2025-02-02","isFullCredit":false},{"lineNumber":3,"author":{"gitId":"jing-yen"},"content":"        super(description);","lastModifiedDate":"2025-02-02","isFullCredit":false},{"lineNumber":4,"author":{"gitId":"jing-yen"},"content":"    }","lastModifiedDate":"2025-02-02","isFullCredit":false},{"lineNumber":5,"author":{"gitId":"jing-yen"},"content":"    public String toString() {","lastModifiedDate":"2025-02-02","isFullCredit":false},{"lineNumber":6,"author":{"gitId":"jing-yen"},"content":"        return \"[D][\" + (this.isDone?\"done\":\"undone\") + \"]: { desc: \" + this.description + \" }\";","lastModifiedDate":"2025-02-07","isFullCredit":false},{"lineNumber":7,"author":{"gitId":"jing-yen"},"content":"    }","lastModifiedDate":"2025-02-02","isFullCredit":false},{"lineNumber":8,"author":{"gitId":"jing-yen"},"content":"    public String toCommand() {","lastModifiedDate":"2025-02-21","isFullCredit":false},{"lineNumber":9,"author":{"gitId":"jing-yen"},"content":"        return \"todo \" + description;","lastModifiedDate":"2025-02-21","isFullCredit":false},{"lineNumber":10,"author":{"gitId":"jing-yen"},"content":"    }","lastModifiedDate":"2025-02-21","isFullCredit":false},{"lineNumber":11,"author":{"gitId":"jing-yen"},"content":"}","lastModifiedDate":"2025-02-02","isFullCredit":false}],"authorContributionMap":{"jing-yen":11}},{"path":"src/main/java/Voyager.java","fileType":"java","lines":[{"lineNumber":1,"author":{"gitId":"jing-yen"},"content":"import java.util.ArrayList;","lastModifiedDate":"2025-02-20","isFullCredit":false},{"lineNumber":2,"author":{"gitId":"jing-yen"},"content":"import java.io.File;","lastModifiedDate":"2025-02-21","isFullCredit":false},{"lineNumber":3,"author":{"gitId":"jing-yen"},"content":"import java.io.FileNotFoundException;","lastModifiedDate":"2025-02-21","isFullCredit":false},{"lineNumber":4,"author":{"gitId":"jing-yen"},"content":"import java.io.FileWriter;","lastModifiedDate":"2025-02-21","isFullCredit":false},{"lineNumber":5,"author":{"gitId":"jing-yen"},"content":"import java.io.IOException;","lastModifiedDate":"2025-02-21","isFullCredit":false},{"lineNumber":6,"author":{"gitId":"jing-yen"},"content":"import java.util.Scanner;","lastModifiedDate":"2025-02-01","isFullCredit":false},{"lineNumber":7,"author":{"gitId":"jing-yen"},"content":"","lastModifiedDate":"2025-02-01","isFullCredit":false},{"lineNumber":8,"author":{"gitId":"jing-yen"},"content":"public class Voyager {","lastModifiedDate":"2025-02-01","isFullCredit":false},{"lineNumber":9,"author":{"gitId":"jing-yen"},"content":"    private static int count \u003d 0;","lastModifiedDate":"2025-02-01","isFullCredit":false},{"lineNumber":10,"author":{"gitId":"jing-yen"},"content":"    private static final ArrayList\u003cTask\u003e tasks \u003d new ArrayList\u003c\u003e();","lastModifiedDate":"2025-02-20","isFullCredit":false},{"lineNumber":11,"author":{"gitId":"jing-yen"},"content":"    private static final String LIST \u003d \"list\";","lastModifiedDate":"2025-02-01","isFullCredit":false},{"lineNumber":12,"author":{"gitId":"jing-yen"},"content":"    private static final String BYE \u003d \"bye\";","lastModifiedDate":"2025-02-01","isFullCredit":false},{"lineNumber":13,"author":{"gitId":"jing-yen"},"content":"    private static final String MARK \u003d \"mark\";","lastModifiedDate":"2025-02-01","isFullCredit":false},{"lineNumber":14,"author":{"gitId":"jing-yen"},"content":"    private static final String UNMARK \u003d \"unmark\";","lastModifiedDate":"2025-02-01","isFullCredit":false},{"lineNumber":15,"author":{"gitId":"jing-yen"},"content":"    private static final String TODO \u003d \"todo\";","lastModifiedDate":"2025-02-02","isFullCredit":false},{"lineNumber":16,"author":{"gitId":"jing-yen"},"content":"    private static final String DEADLINE \u003d \"deadline\";","lastModifiedDate":"2025-02-02","isFullCredit":false},{"lineNumber":17,"author":{"gitId":"jing-yen"},"content":"    private static final String EVENT \u003d \"event\";","lastModifiedDate":"2025-02-02","isFullCredit":false},{"lineNumber":18,"author":{"gitId":"jing-yen"},"content":"    private static final String DELETE \u003d \"delete\";","lastModifiedDate":"2025-02-20","isFullCredit":false},{"lineNumber":19,"author":{"gitId":"jing-yen"},"content":"","lastModifiedDate":"2025-02-01","isFullCredit":false},{"lineNumber":20,"author":{"gitId":"jing-yen"},"content":"    private static final String INTRO_GRAPHICS \u003d","lastModifiedDate":"2025-02-07","isFullCredit":false},{"lineNumber":21,"author":{"gitId":"jing-yen"},"content":"        \"\"\"","lastModifiedDate":"2025-02-01","isFullCredit":false},{"lineNumber":22,"author":{"gitId":"jing-yen"},"content":"                    .       .                   .       .      .     .      .","lastModifiedDate":"2025-02-01","isFullCredit":false},{"lineNumber":23,"author":{"gitId":"jing-yen"},"content":"                    .    .         .    .            .     ______","lastModifiedDate":"2025-02-01","isFullCredit":false},{"lineNumber":24,"author":{"gitId":"jing-yen"},"content":"                .           .             .               ////////","lastModifiedDate":"2025-02-01","isFullCredit":false},{"lineNumber":25,"author":{"gitId":"jing-yen"},"content":"                            .    .   ________   .  .      /////////     .    .","lastModifiedDate":"2025-02-01","isFullCredit":false},{"lineNumber":26,"author":{"gitId":"jing-yen"},"content":"                        .            |.____.  /\\\\        ./////////    .","lastModifiedDate":"2025-02-01","isFullCredit":false},{"lineNumber":27,"author":{"gitId":"jing-yen"},"content":"                .                 .//      \\\\/  |\\\\     /////////","lastModifiedDate":"2025-02-01","isFullCredit":false},{"lineNumber":28,"author":{"gitId":"jing-yen"},"content":"                    .       .    .//          \\\\ |  \\\\ /////////       .     .   .","lastModifiedDate":"2025-02-01","isFullCredit":false},{"lineNumber":29,"author":{"gitId":"jing-yen"},"content":"                                ||.    .    .| |  ///////// .     .","lastModifiedDate":"2025-02-01","isFullCredit":false},{"lineNumber":30,"author":{"gitId":"jing-yen"},"content":"                .    .         ||           | |//`,/////                .","lastModifiedDate":"2025-02-01","isFullCredit":false},{"lineNumber":31,"author":{"gitId":"jing-yen"},"content":"                        .       \\\\\\\\        ./ //  /  \\\\/   .","lastModifiedDate":"2025-02-01","isFullCredit":false},{"lineNumber":32,"author":{"gitId":"jing-yen"},"content":"            .                    \\\\\\\\.___./ //\\\\` \u0027   ,_\\\\     .     .","lastModifiedDate":"2025-02-01","isFullCredit":false},{"lineNumber":33,"author":{"gitId":"jing-yen"},"content":"                    .           .     \\\\ //////\\\\ , /   \\\\                 .    .","lastModifiedDate":"2025-02-01","isFullCredit":false},{"lineNumber":34,"author":{"gitId":"jing-yen"},"content":"                                    .    ///////// \\\\|  \u0027  |    .","lastModifiedDate":"2025-02-01","isFullCredit":false},{"lineNumber":35,"author":{"gitId":"jing-yen"},"content":"                .        .          ///////// .   \\\\ _ /          .","lastModifiedDate":"2025-02-01","isFullCredit":false},{"lineNumber":36,"author":{"gitId":"jing-yen"},"content":"                                    /////////                              .","lastModifiedDate":"2025-02-01","isFullCredit":false},{"lineNumber":37,"author":{"gitId":"jing-yen"},"content":"                            .   ./////////     .     .","lastModifiedDate":"2025-02-01","isFullCredit":false},{"lineNumber":38,"author":{"gitId":"jing-yen"},"content":"                    .           --------   .                  ..             .","lastModifiedDate":"2025-02-01","isFullCredit":false},{"lineNumber":39,"author":{"gitId":"jing-yen"},"content":"            .               .        .         .                       .","lastModifiedDate":"2025-02-01","isFullCredit":false},{"lineNumber":40,"author":{"gitId":"jing-yen"},"content":"                                    ________________________","lastModifiedDate":"2025-02-01","isFullCredit":false},{"lineNumber":41,"author":{"gitId":"jing-yen"},"content":"            ____________------------                        -------------_________","lastModifiedDate":"2025-02-01","isFullCredit":false},{"lineNumber":42,"author":{"gitId":"jing-yen"},"content":"        \"\"\";","lastModifiedDate":"2025-02-01","isFullCredit":false},{"lineNumber":43,"author":{"gitId":"jing-yen"},"content":"","lastModifiedDate":"2025-02-01","isFullCredit":false},{"lineNumber":44,"author":{"gitId":"jing-yen"},"content":"    private static final String INTRO_TEXT \u003d \"\"\"","lastModifiedDate":"2025-02-07","isFullCredit":false},{"lineNumber":45,"author":{"gitId":"jing-yen"},"content":"        In 1977, humanity launched two interstellar explorers, Voyager 1 and Voyager 2.","lastModifiedDate":"2025-02-01","isFullCredit":false},{"lineNumber":46,"author":{"gitId":"jing-yen"},"content":"        These spacecraft have traveled billions of miles, carrying with them the Golden Record,","lastModifiedDate":"2025-02-01","isFullCredit":false},{"lineNumber":47,"author":{"gitId":"jing-yen"},"content":"        a message to any potential extraterrestrial life. Today, Voyager continues its journey","lastModifiedDate":"2025-02-01","isFullCredit":false},{"lineNumber":48,"author":{"gitId":"jing-yen"},"content":"        into the unknown, a testament to human curiosity and the desire to explore.","lastModifiedDate":"2025-02-01","isFullCredit":false},{"lineNumber":49,"author":{"gitId":"jing-yen"},"content":"        \"\"\";","lastModifiedDate":"2025-02-01","isFullCredit":false},{"lineNumber":50,"author":{"gitId":"jing-yen"},"content":"    ","lastModifiedDate":"2025-02-01","isFullCredit":false},{"lineNumber":51,"author":{"gitId":"jing-yen"},"content":"    private static final String spaceArt \u003d \"\"\"","lastModifiedDate":"2025-02-07","isFullCredit":false},{"lineNumber":52,"author":{"gitId":"jing-yen"},"content":"              *       .         *          .         *       .         *          .","lastModifiedDate":"2025-02-07","isFullCredit":false},{"lineNumber":53,"author":{"gitId":"jing-yen"},"content":"                  .       *         .         *       .         *         .       *","lastModifiedDate":"2025-02-07","isFullCredit":false},{"lineNumber":54,"author":{"gitId":"jing-yen"},"content":"            \"\"\";","lastModifiedDate":"2025-02-07","isFullCredit":false},{"lineNumber":55,"author":{"gitId":"jing-yen"},"content":"","lastModifiedDate":"2025-02-07","isFullCredit":false},{"lineNumber":56,"author":{"gitId":"jing-yen"},"content":"    public static void sayHi() {","lastModifiedDate":"2025-02-07","isFullCredit":false},{"lineNumber":57,"author":{"gitId":"jing-yen"},"content":"        System.out.println(INTRO_TEXT);","lastModifiedDate":"2025-02-07","isFullCredit":false},{"lineNumber":58,"author":{"gitId":"jing-yen"},"content":"        System.out.println(\"Hello from Voyager:\\n\" + INTRO_GRAPHICS + \"\\nWhat does my worldly companion request for?\");","lastModifiedDate":"2025-02-07","isFullCredit":false},{"lineNumber":59,"author":{"gitId":"jing-yen"},"content":"    }","lastModifiedDate":"2025-02-01","isFullCredit":false},{"lineNumber":60,"author":{"gitId":"jing-yen"},"content":"","lastModifiedDate":"2025-02-01","isFullCredit":false},{"lineNumber":61,"author":{"gitId":"jing-yen"},"content":"    public static void sayBye() {","lastModifiedDate":"2025-02-01","isFullCredit":false},{"lineNumber":62,"author":{"gitId":"jing-yen"},"content":"        System.out.println(\"Bye. Hope not to see you in the cold, dark outer space!\");","lastModifiedDate":"2025-02-01","isFullCredit":false},{"lineNumber":63,"author":{"gitId":"jing-yen"},"content":"    }","lastModifiedDate":"2025-02-01","isFullCredit":false},{"lineNumber":64,"author":{"gitId":"jing-yen"},"content":"","lastModifiedDate":"2025-02-01","isFullCredit":false},{"lineNumber":65,"author":{"gitId":"jing-yen"},"content":"    public static void drawLine() {","lastModifiedDate":"2025-02-07","isFullCredit":false},{"lineNumber":66,"author":{"gitId":"jing-yen"},"content":"        System.out.println(spaceArt);","lastModifiedDate":"2025-02-02","isFullCredit":false},{"lineNumber":67,"author":{"gitId":"jing-yen"},"content":"    }","lastModifiedDate":"2025-02-02","isFullCredit":false},{"lineNumber":68,"author":{"gitId":"jing-yen"},"content":"","lastModifiedDate":"2025-02-02","isFullCredit":false},{"lineNumber":69,"author":{"gitId":"jing-yen"},"content":"    public static String listen() {","lastModifiedDate":"2025-02-01","isFullCredit":false},{"lineNumber":70,"author":{"gitId":"jing-yen"},"content":"        Scanner in \u003d new Scanner(System.in);","lastModifiedDate":"2025-02-01","isFullCredit":false},{"lineNumber":71,"author":{"gitId":"jing-yen"},"content":"        System.out.print(\"(You) Ground ctrl \u003e \");","lastModifiedDate":"2025-02-01","isFullCredit":false},{"lineNumber":72,"author":{"gitId":"jing-yen"},"content":"        return in.nextLine();","lastModifiedDate":"2025-02-01","isFullCredit":false},{"lineNumber":73,"author":{"gitId":"jing-yen"},"content":"    }","lastModifiedDate":"2025-02-01","isFullCredit":false},{"lineNumber":74,"author":{"gitId":"jing-yen"},"content":"","lastModifiedDate":"2025-02-01","isFullCredit":false},{"lineNumber":75,"author":{"gitId":"jing-yen"},"content":"    public static void list() {","lastModifiedDate":"2025-02-07","isFullCredit":false},{"lineNumber":76,"author":{"gitId":"jing-yen"},"content":"        System.out.println(\"Accessing my Digital Tape Recorder (DTR)...\");","lastModifiedDate":"2025-02-01","isFullCredit":false},{"lineNumber":77,"author":{"gitId":"jing-yen"},"content":"        if (count\u003d\u003d0) System.out.println(\"My memory is empty.\");","lastModifiedDate":"2025-02-02","isFullCredit":false},{"lineNumber":78,"author":{"gitId":"jing-yen"},"content":"        for (int i \u003d 0; i \u003c count; i++) {","lastModifiedDate":"2025-02-01","isFullCredit":false},{"lineNumber":79,"author":{"gitId":"jing-yen"},"content":"            System.out.println(","lastModifiedDate":"2025-02-01","isFullCredit":false},{"lineNumber":80,"author":{"gitId":"jing-yen"},"content":"                    Integer.toBinaryString( (1 \u003c\u003c 8) | i ).substring( 1 )","lastModifiedDate":"2025-02-01","isFullCredit":false},{"lineNumber":81,"author":{"gitId":"jing-yen"},"content":"                            +\". \"+ tasks.get(i).toString());","lastModifiedDate":"2025-02-20","isFullCredit":false},{"lineNumber":82,"author":{"gitId":"jing-yen"},"content":"        }","lastModifiedDate":"2025-02-01","isFullCredit":false},{"lineNumber":83,"author":{"gitId":"jing-yen"},"content":"    }","lastModifiedDate":"2025-02-07","isFullCredit":false},{"lineNumber":84,"author":{"gitId":"jing-yen"},"content":"","lastModifiedDate":"2025-02-07","isFullCredit":false},{"lineNumber":85,"author":{"gitId":"jing-yen"},"content":"    public static void mark(boolean isMark, int idx) throws VoyagerIndexException, IOException {","lastModifiedDate":"2025-02-21","isFullCredit":false},{"lineNumber":86,"author":{"gitId":"jing-yen"},"content":"        if (idx\u003e\u003dcount) {","lastModifiedDate":"2025-02-07","isFullCredit":false},{"lineNumber":87,"author":{"gitId":"jing-yen"},"content":"            throw new VoyagerIndexException();","lastModifiedDate":"2025-02-20","isFullCredit":false},{"lineNumber":88,"author":{"gitId":"jing-yen"},"content":"        }","lastModifiedDate":"2025-02-07","isFullCredit":false},{"lineNumber":89,"author":{"gitId":"jing-yen"},"content":"","lastModifiedDate":"2025-02-07","isFullCredit":false},{"lineNumber":90,"author":{"gitId":"jing-yen"},"content":"        String idxInBinary \u003d Integer.toBinaryString((1 \u003c\u003c 8) | idx).substring(1);","lastModifiedDate":"2025-02-07","isFullCredit":false},{"lineNumber":91,"author":{"gitId":"jing-yen"},"content":"        if (isMark) {","lastModifiedDate":"2025-02-07","isFullCredit":false},{"lineNumber":92,"author":{"gitId":"jing-yen"},"content":"            tasks.get(idx).setIsDone(true);","lastModifiedDate":"2025-02-20","isFullCredit":false},{"lineNumber":93,"author":{"gitId":"jing-yen"},"content":"            System.out.println(\"Beep-boop. Marked task \"+ idxInBinary +\" as done.\");","lastModifiedDate":"2025-02-07","isFullCredit":false},{"lineNumber":94,"author":{"gitId":"jing-yen"},"content":"        } else {","lastModifiedDate":"2025-02-01","isFullCredit":false},{"lineNumber":95,"author":{"gitId":"jing-yen"},"content":"            tasks.get(idx).setIsDone(false);","lastModifiedDate":"2025-02-20","isFullCredit":false},{"lineNumber":96,"author":{"gitId":"jing-yen"},"content":"            System.out.println(\"Beeeeeeep. Unmarked task \"+ idxInBinary +\".\");","lastModifiedDate":"2025-02-07","isFullCredit":false},{"lineNumber":97,"author":{"gitId":"jing-yen"},"content":"        }","lastModifiedDate":"2025-02-01","isFullCredit":false},{"lineNumber":98,"author":{"gitId":"jing-yen"},"content":"","lastModifiedDate":"2025-02-07","isFullCredit":false},{"lineNumber":99,"author":{"gitId":"jing-yen"},"content":"        System.out.println(\"  \"+ idxInBinary +\". \"+ tasks.get(count - 1).toString());","lastModifiedDate":"2025-02-20","isFullCredit":false},{"lineNumber":100,"author":{"gitId":"jing-yen"},"content":"","lastModifiedDate":"2025-02-21","isFullCredit":false},{"lineNumber":101,"author":{"gitId":"jing-yen"},"content":"        writeToFile();","lastModifiedDate":"2025-02-21","isFullCredit":false},{"lineNumber":102,"author":{"gitId":"jing-yen"},"content":"    }","lastModifiedDate":"2025-02-07","isFullCredit":false},{"lineNumber":103,"author":{"gitId":"jing-yen"},"content":"","lastModifiedDate":"2025-02-07","isFullCredit":false},{"lineNumber":104,"author":{"gitId":"jing-yen"},"content":"    public static void create(String input) throws IOException {","lastModifiedDate":"2025-02-21","isFullCredit":false},{"lineNumber":105,"author":{"gitId":"jing-yen"},"content":"        switch (input.split(\" \")[0]) {","lastModifiedDate":"2025-02-07","isFullCredit":false},{"lineNumber":106,"author":{"gitId":"jing-yen"},"content":"        case TODO:","lastModifiedDate":"2025-02-02","isFullCredit":false},{"lineNumber":107,"author":{"gitId":"jing-yen"},"content":"            String desc \u003d input.split(\" \", 2)[1].trim();","lastModifiedDate":"2025-02-02","isFullCredit":false},{"lineNumber":108,"author":{"gitId":"jing-yen"},"content":"            tasks.set(count++, new Todo(desc));","lastModifiedDate":"2025-02-20","isFullCredit":false},{"lineNumber":109,"author":{"gitId":"jing-yen"},"content":"            System.out.println(\"Roger. Ground control requests for Todo: \");","lastModifiedDate":"2025-02-02","isFullCredit":false},{"lineNumber":110,"author":{"gitId":"jing-yen"},"content":"            System.out.println(\"  \"+Integer.toBinaryString((1\u003c\u003c8) | count-1).substring(1)+\". \"+ tasks.get(count - 1).toString());","lastModifiedDate":"2025-02-20","isFullCredit":false},{"lineNumber":111,"author":{"gitId":"jing-yen"},"content":"            System.out.println(\"My memory bank is \"+(count)+\"/100 full.\");","lastModifiedDate":"2025-02-02","isFullCredit":false},{"lineNumber":112,"author":{"gitId":"jing-yen"},"content":"            break;","lastModifiedDate":"2025-02-02","isFullCredit":false},{"lineNumber":113,"author":{"gitId":"jing-yen"},"content":"        case DEADLINE:","lastModifiedDate":"2025-02-02","isFullCredit":false},{"lineNumber":114,"author":{"gitId":"jing-yen"},"content":"            desc \u003d input.split(\" \", 2)[1].split(\"/by\")[0].trim();","lastModifiedDate":"2025-02-02","isFullCredit":false},{"lineNumber":115,"author":{"gitId":"jing-yen"},"content":"            String date \u003d input.split(\"/by\")[1].trim();","lastModifiedDate":"2025-02-02","isFullCredit":false},{"lineNumber":116,"author":{"gitId":"jing-yen"},"content":"            tasks.set(count++, new Deadline(desc, date));","lastModifiedDate":"2025-02-20","isFullCredit":false},{"lineNumber":117,"author":{"gitId":"jing-yen"},"content":"            System.out.println(\"Roger. Ground control requests for Deadline: \");","lastModifiedDate":"2025-02-02","isFullCredit":false},{"lineNumber":118,"author":{"gitId":"jing-yen"},"content":"            System.out.println(\"  \"+Integer.toBinaryString((1\u003c\u003c8) | count-1).substring(1)+\". \"+ tasks.get(count - 1).toString());","lastModifiedDate":"2025-02-20","isFullCredit":false},{"lineNumber":119,"author":{"gitId":"jing-yen"},"content":"            System.out.println(\"My memory bank is \"+(count)+\"/100 full.\");","lastModifiedDate":"2025-02-02","isFullCredit":false},{"lineNumber":120,"author":{"gitId":"jing-yen"},"content":"            break;","lastModifiedDate":"2025-02-02","isFullCredit":false},{"lineNumber":121,"author":{"gitId":"jing-yen"},"content":"        case EVENT:","lastModifiedDate":"2025-02-02","isFullCredit":false},{"lineNumber":122,"author":{"gitId":"jing-yen"},"content":"            desc \u003d input.split(\" \", 2)[1].split(\"/from\")[0].trim();","lastModifiedDate":"2025-02-07","isFullCredit":false},{"lineNumber":123,"author":{"gitId":"jing-yen"},"content":"            String from \u003d input.split(\"/from\", 2)[1].split(\"/to\")[0].trim();","lastModifiedDate":"2025-02-02","isFullCredit":false},{"lineNumber":124,"author":{"gitId":"jing-yen"},"content":"            String to \u003d input.split(\"/to \")[1];","lastModifiedDate":"2025-02-02","isFullCredit":false},{"lineNumber":125,"author":{"gitId":"jing-yen"},"content":"            tasks.set(count++, new Event(desc, from, to));","lastModifiedDate":"2025-02-20","isFullCredit":false},{"lineNumber":126,"author":{"gitId":"jing-yen"},"content":"            System.out.println(\"Roger. Ground control requests for Event: \");","lastModifiedDate":"2025-02-07","isFullCredit":false},{"lineNumber":127,"author":{"gitId":"jing-yen"},"content":"            System.out.println(\"  \"+Integer.toBinaryString((1\u003c\u003c8) | count-1).substring(1)+\". \"+ tasks.get(count - 1).toString());","lastModifiedDate":"2025-02-20","isFullCredit":false},{"lineNumber":128,"author":{"gitId":"jing-yen"},"content":"            System.out.println(\"My memory bank is \"+(count)+\"/100 full.\");","lastModifiedDate":"2025-02-02","isFullCredit":false},{"lineNumber":129,"author":{"gitId":"jing-yen"},"content":"            break;","lastModifiedDate":"2025-02-02","isFullCredit":false},{"lineNumber":130,"author":{"gitId":"jing-yen"},"content":"        }","lastModifiedDate":"2025-02-07","isFullCredit":false},{"lineNumber":131,"author":{"gitId":"jing-yen"},"content":"","lastModifiedDate":"2025-02-21","isFullCredit":false},{"lineNumber":132,"author":{"gitId":"jing-yen"},"content":"        writeToFile();","lastModifiedDate":"2025-02-21","isFullCredit":false},{"lineNumber":133,"author":{"gitId":"jing-yen"},"content":"    }","lastModifiedDate":"2025-02-07","isFullCredit":false},{"lineNumber":134,"author":{"gitId":"jing-yen"},"content":"","lastModifiedDate":"2025-02-07","isFullCredit":false},{"lineNumber":135,"author":{"gitId":"jing-yen"},"content":"    public static void writeToFile() throws IOException {","lastModifiedDate":"2025-02-21","isFullCredit":false},{"lineNumber":136,"author":{"gitId":"jing-yen"},"content":"        FileWriter fw \u003d new FileWriter(\"my-golden-disk.txt\");","lastModifiedDate":"2025-02-21","isFullCredit":false},{"lineNumber":137,"author":{"gitId":"jing-yen"},"content":"        String text \u003d \"\";","lastModifiedDate":"2025-02-21","isFullCredit":false},{"lineNumber":138,"author":{"gitId":"jing-yen"},"content":"        for (Task task: tasks) {","lastModifiedDate":"2025-02-21","isFullCredit":false},{"lineNumber":139,"author":{"gitId":"jing-yen"},"content":"            if (task !\u003dnull) text +\u003d (task.isDone?\u0027/\u0027:\u0027X\u0027) + task.toCommand() + System.lineSeparator();","lastModifiedDate":"2025-02-21","isFullCredit":false},{"lineNumber":140,"author":{"gitId":"jing-yen"},"content":"        }","lastModifiedDate":"2025-02-21","isFullCredit":false},{"lineNumber":141,"author":{"gitId":"jing-yen"},"content":"        fw.write(text);","lastModifiedDate":"2025-02-21","isFullCredit":false},{"lineNumber":142,"author":{"gitId":"jing-yen"},"content":"        fw.close();","lastModifiedDate":"2025-02-21","isFullCredit":false},{"lineNumber":143,"author":{"gitId":"jing-yen"},"content":"    }","lastModifiedDate":"2025-02-21","isFullCredit":false},{"lineNumber":144,"author":{"gitId":"jing-yen"},"content":"","lastModifiedDate":"2025-02-21","isFullCredit":false},{"lineNumber":145,"author":{"gitId":"jing-yen"},"content":"    public static void initializeFromFile() {","lastModifiedDate":"2025-02-21","isFullCredit":false},{"lineNumber":146,"author":{"gitId":"jing-yen"},"content":"        File f \u003d new File(\"my-golden-disk.txt\");","lastModifiedDate":"2025-02-21","isFullCredit":false},{"lineNumber":147,"author":{"gitId":"jing-yen"},"content":"        if (!f.exists()) return;","lastModifiedDate":"2025-02-21","isFullCredit":false},{"lineNumber":148,"author":{"gitId":"jing-yen"},"content":"","lastModifiedDate":"2025-02-21","isFullCredit":false},{"lineNumber":149,"author":{"gitId":"jing-yen"},"content":"        try {","lastModifiedDate":"2025-02-21","isFullCredit":false},{"lineNumber":150,"author":{"gitId":"jing-yen"},"content":"            Scanner s \u003d new Scanner(f);","lastModifiedDate":"2025-02-21","isFullCredit":false},{"lineNumber":151,"author":{"gitId":"jing-yen"},"content":"            while (s.hasNext()) {","lastModifiedDate":"2025-02-21","isFullCredit":false},{"lineNumber":152,"author":{"gitId":"jing-yen"},"content":"                String line \u003d s.nextLine();","lastModifiedDate":"2025-02-21","isFullCredit":false},{"lineNumber":153,"author":{"gitId":"jing-yen"},"content":"                if (line.isEmpty()) continue;","lastModifiedDate":"2025-02-21","isFullCredit":false},{"lineNumber":154,"author":{"gitId":"jing-yen"},"content":"                process(line.substring(1), false);","lastModifiedDate":"2025-02-21","isFullCredit":false},{"lineNumber":155,"author":{"gitId":"jing-yen"},"content":"                if (line.charAt(0)\u003d\u003d\u0027/\u0027) mark(true, count-1);","lastModifiedDate":"2025-02-21","isFullCredit":false},{"lineNumber":156,"author":{"gitId":"jing-yen"},"content":"            }","lastModifiedDate":"2025-02-21","isFullCredit":false},{"lineNumber":157,"author":{"gitId":"jing-yen"},"content":"        } catch (Exception e) {","lastModifiedDate":"2025-02-21","isFullCredit":false},{"lineNumber":158,"author":{"gitId":"jing-yen"},"content":"            System.out.println(\"Error: I can\u0027t access my golden phonograph record...\");","lastModifiedDate":"2025-02-21","isFullCredit":false},{"lineNumber":159,"author":{"gitId":"jing-yen"},"content":"        }","lastModifiedDate":"2025-02-21","isFullCredit":false},{"lineNumber":160,"author":{"gitId":"jing-yen"},"content":"    }","lastModifiedDate":"2025-02-07","isFullCredit":false},{"lineNumber":161,"author":{"gitId":"jing-yen"},"content":"","lastModifiedDate":"2025-02-07","isFullCredit":false},{"lineNumber":162,"author":{"gitId":"jing-yen"},"content":"    public static void delete(int idx) throws VoyagerIndexException {","lastModifiedDate":"2025-02-20","isFullCredit":false},{"lineNumber":163,"author":{"gitId":"jing-yen"},"content":"        if (idx\u003e\u003dcount) {","lastModifiedDate":"2025-02-20","isFullCredit":false},{"lineNumber":164,"author":{"gitId":"jing-yen"},"content":"            throw new VoyagerIndexException();","lastModifiedDate":"2025-02-20","isFullCredit":false},{"lineNumber":165,"author":{"gitId":"jing-yen"},"content":"        }","lastModifiedDate":"2025-02-20","isFullCredit":false},{"lineNumber":166,"author":{"gitId":"jing-yen"},"content":"","lastModifiedDate":"2025-02-20","isFullCredit":false},{"lineNumber":167,"author":{"gitId":"jing-yen"},"content":"        tasks.remove(idx);","lastModifiedDate":"2025-02-20","isFullCredit":false},{"lineNumber":168,"author":{"gitId":"jing-yen"},"content":"        System.out.println(\"You have purged item \"+(idx)+\" from my memory bank.\");","lastModifiedDate":"2025-02-20","isFullCredit":false},{"lineNumber":169,"author":{"gitId":"jing-yen"},"content":"        System.out.println(\"My memory bank is \"+(count)+\"/100 full.\");","lastModifiedDate":"2025-02-20","isFullCredit":false},{"lineNumber":170,"author":{"gitId":"jing-yen"},"content":"    }","lastModifiedDate":"2025-02-20","isFullCredit":false},{"lineNumber":171,"author":{"gitId":"jing-yen"},"content":"","lastModifiedDate":"2025-02-20","isFullCredit":false},{"lineNumber":172,"author":{"gitId":"jing-yen"},"content":"    private static boolean process(String command, boolean shouldPrint) {","lastModifiedDate":"2025-02-21","isFullCredit":false},{"lineNumber":173,"author":{"gitId":"jing-yen"},"content":"        boolean isMark \u003d false;","lastModifiedDate":"2025-02-07","isFullCredit":false},{"lineNumber":174,"author":{"gitId":"jing-yen"},"content":"","lastModifiedDate":"2025-02-07","isFullCredit":false},{"lineNumber":175,"author":{"gitId":"jing-yen"},"content":"        try {","lastModifiedDate":"2025-02-20","isFullCredit":false},{"lineNumber":176,"author":{"gitId":"jing-yen"},"content":"            switch(command.split(\" \")[0]) {","lastModifiedDate":"2025-02-21","isFullCredit":false},{"lineNumber":177,"author":{"gitId":"jing-yen"},"content":"            case LIST:","lastModifiedDate":"2025-02-07","isFullCredit":false},{"lineNumber":178,"author":{"gitId":"jing-yen"},"content":"                list();","lastModifiedDate":"2025-02-07","isFullCredit":false},{"lineNumber":179,"author":{"gitId":"jing-yen"},"content":"                break;","lastModifiedDate":"2025-02-07","isFullCredit":false},{"lineNumber":180,"author":{"gitId":"jing-yen"},"content":"            case BYE:","lastModifiedDate":"2025-02-07","isFullCredit":false},{"lineNumber":181,"author":{"gitId":"jing-yen"},"content":"                sayBye();","lastModifiedDate":"2025-02-07","isFullCredit":false},{"lineNumber":182,"author":{"gitId":"jing-yen"},"content":"                return false;","lastModifiedDate":"2025-02-21","isFullCredit":false},{"lineNumber":183,"author":{"gitId":"jing-yen"},"content":"            case MARK:","lastModifiedDate":"2025-02-07","isFullCredit":false},{"lineNumber":184,"author":{"gitId":"jing-yen"},"content":"                isMark \u003d true;","lastModifiedDate":"2025-02-07","isFullCredit":false},{"lineNumber":185,"author":{"gitId":"jing-yen"},"content":"            case UNMARK:","lastModifiedDate":"2025-02-07","isFullCredit":false},{"lineNumber":186,"author":{"gitId":"jing-yen"},"content":"                mark(isMark, Integer.parseInt(command.split(\" \")[1]));","lastModifiedDate":"2025-02-21","isFullCredit":false},{"lineNumber":187,"author":{"gitId":"jing-yen"},"content":"                break;","lastModifiedDate":"2025-02-07","isFullCredit":false},{"lineNumber":188,"author":{"gitId":"jing-yen"},"content":"            case TODO:","lastModifiedDate":"2025-02-07","isFullCredit":false},{"lineNumber":189,"author":{"gitId":"jing-yen"},"content":"            case EVENT:","lastModifiedDate":"2025-02-07","isFullCredit":false},{"lineNumber":190,"author":{"gitId":"jing-yen"},"content":"            case DEADLINE:","lastModifiedDate":"2025-02-07","isFullCredit":false},{"lineNumber":191,"author":{"gitId":"jing-yen"},"content":"                create(command);","lastModifiedDate":"2025-02-21","isFullCredit":false},{"lineNumber":192,"author":{"gitId":"jing-yen"},"content":"                break;","lastModifiedDate":"2025-02-07","isFullCredit":false},{"lineNumber":193,"author":{"gitId":"jing-yen"},"content":"            case DELETE:","lastModifiedDate":"2025-02-20","isFullCredit":false},{"lineNumber":194,"author":{"gitId":"jing-yen"},"content":"                delete(Integer.parseInt(command.split(\" \")[1]));","lastModifiedDate":"2025-02-21","isFullCredit":false},{"lineNumber":195,"author":{"gitId":"jing-yen"},"content":"                break;","lastModifiedDate":"2025-02-20","isFullCredit":false},{"lineNumber":196,"author":{"gitId":"jing-yen"},"content":"            default:","lastModifiedDate":"2025-02-01","isFullCredit":false},{"lineNumber":197,"author":{"gitId":"jing-yen"},"content":"                throw new VoyagerCommandException();","lastModifiedDate":"2025-02-20","isFullCredit":false},{"lineNumber":198,"author":{"gitId":"jing-yen"},"content":"            }","lastModifiedDate":"2025-02-20","isFullCredit":false},{"lineNumber":199,"author":{"gitId":"jing-yen"},"content":"        } catch (VoyagerIndexException e) {","lastModifiedDate":"2025-02-20","isFullCredit":false},{"lineNumber":200,"author":{"gitId":"jing-yen"},"content":"            System.out.println(\"Error: Number not in list. Remember to write in decimal.\");","lastModifiedDate":"2025-02-20","isFullCredit":false},{"lineNumber":201,"author":{"gitId":"jing-yen"},"content":"        } catch (VoyagerCommandException e) {","lastModifiedDate":"2025-02-20","isFullCredit":false},{"lineNumber":202,"author":{"gitId":"jing-yen"},"content":"            System.out.println(\"Error ...... I cannot process.... this... request ......\");","lastModifiedDate":"2025-02-20","isFullCredit":false},{"lineNumber":203,"author":{"gitId":"jing-yen"},"content":"        } catch (ArrayIndexOutOfBoundsException e) {","lastModifiedDate":"2025-02-20","isFullCredit":false},{"lineNumber":204,"author":{"gitId":"jing-yen"},"content":"            System.out.println(\"Error: Missing parameters after keyword: \"+command.split(\" \")[0]);","lastModifiedDate":"2025-02-21","isFullCredit":false},{"lineNumber":205,"author":{"gitId":"jing-yen"},"content":"        } catch (IOException e) {","lastModifiedDate":"2025-02-21","isFullCredit":false},{"lineNumber":206,"author":{"gitId":"jing-yen"},"content":"            System.out.println(\"Error: I can\u0027t access my golden phonograph record...\");","lastModifiedDate":"2025-02-21","isFullCredit":false},{"lineNumber":207,"author":{"gitId":"jing-yen"},"content":"        }","lastModifiedDate":"2025-02-07","isFullCredit":false},{"lineNumber":208,"author":{"gitId":"jing-yen"},"content":"","lastModifiedDate":"2025-02-07","isFullCredit":false},{"lineNumber":209,"author":{"gitId":"jing-yen"},"content":"        drawLine();","lastModifiedDate":"2025-02-07","isFullCredit":false},{"lineNumber":210,"author":{"gitId":"jing-yen"},"content":"        return true;","lastModifiedDate":"2025-02-21","isFullCredit":false},{"lineNumber":211,"author":{"gitId":"jing-yen"},"content":"    }","lastModifiedDate":"2025-02-01","isFullCredit":false},{"lineNumber":212,"author":{"gitId":"jing-yen"},"content":"","lastModifiedDate":"2025-02-20","isFullCredit":false},{"lineNumber":213,"author":{"gitId":"jing-yen"},"content":"    public static void main(String[] args) {","lastModifiedDate":"2025-02-20","isFullCredit":false},{"lineNumber":214,"author":{"gitId":"jing-yen"},"content":"        sayHi();","lastModifiedDate":"2025-02-20","isFullCredit":false},{"lineNumber":215,"author":{"gitId":"jing-yen"},"content":"        initializeFromFile();","lastModifiedDate":"2025-02-21","isFullCredit":false},{"lineNumber":216,"author":{"gitId":"jing-yen"},"content":"","lastModifiedDate":"2025-02-20","isFullCredit":false},{"lineNumber":217,"author":{"gitId":"jing-yen"},"content":"        String input;","lastModifiedDate":"2025-02-21","isFullCredit":false},{"lineNumber":218,"author":{"gitId":"jing-yen"},"content":"        do {","lastModifiedDate":"2025-02-21","isFullCredit":false},{"lineNumber":219,"author":{"gitId":"jing-yen"},"content":"            input \u003d listen();","lastModifiedDate":"2025-02-21","isFullCredit":false},{"lineNumber":220,"author":{"gitId":"jing-yen"},"content":"        } while (process(input, true));","lastModifiedDate":"2025-02-21","isFullCredit":false},{"lineNumber":221,"author":{"gitId":"jing-yen"},"content":"    }","lastModifiedDate":"2025-02-01","isFullCredit":false},{"lineNumber":222,"author":{"gitId":"jing-yen"},"content":"}","lastModifiedDate":"2025-02-01","isFullCredit":false}],"authorContributionMap":{"jing-yen":222}},{"path":"src/main/java/VoyagerCommandException.java","fileType":"java","lines":[{"lineNumber":1,"author":{"gitId":"jing-yen"},"content":"public class VoyagerCommandException extends Exception {","lastModifiedDate":"2025-02-20","isFullCredit":false},{"lineNumber":2,"author":{"gitId":"jing-yen"},"content":"}","lastModifiedDate":"2025-02-20","isFullCredit":false}],"authorContributionMap":{"jing-yen":2}},{"path":"src/main/java/VoyagerIndexException.java","fileType":"java","lines":[{"lineNumber":1,"author":{"gitId":"jing-yen"},"content":"public class VoyagerIndexException extends Exception{","lastModifiedDate":"2025-02-20","isFullCredit":false},{"lineNumber":2,"author":{"gitId":"jing-yen"},"content":"}","lastModifiedDate":"2025-02-20","isFullCredit":false}],"authorContributionMap":{"jing-yen":2}},{"path":"src/main/java/VoyagerParameterException.java","fileType":"java","lines":[{"lineNumber":1,"author":{"gitId":"jing-yen"},"content":"public class VoyagerParameterException extends Exception {","lastModifiedDate":"2025-02-20","isFullCredit":false},{"lineNumber":2,"author":{"gitId":"jing-yen"},"content":"}","lastModifiedDate":"2025-02-20","isFullCredit":false}],"authorContributionMap":{"jing-yen":2}}]
