{"authorDailyContributionsMap":{"jing-yen":[{"date":"2025-02-01","commitResults":[{"hash":"08b9a5cabe05a4929786816ad950adf0e9fdff1b","isMergeCommit":false,"messageTitle":"Rename to Voyager","messageBody":"","tags":["Level-0"],"fileTypesAndContributionMap":{"java":{"insertions":37,"deletions":10}}},{"hash":"3f7c6db589f0aa618e25b1ca820800feef7e0c7a","isMergeCommit":false,"messageTitle":"Add bye message","messageBody":"","fileTypesAndContributionMap":{"java":{"insertions":1,"deletions":0}}},{"hash":"dd394548e01369c3528abb3872436f8354e4e524","isMergeCommit":false,"messageTitle":"Echoes back your inputs","messageBody":"","tags":["Level-1"],"fileTypesAndContributionMap":{"java":{"insertions":23,"deletions":2}}},{"hash":"8f7aabe0b8600e57964cd50182b3a2ee4df102a0","isMergeCommit":false,"messageTitle":"Stores user\u0027s commands in list","messageBody":"","tags":["Level-2"],"fileTypesAndContributionMap":{"java":{"insertions":23,"deletions":7}}},{"hash":"7b08f5269d9cb93ba0431135af907fc9bf6df8a8","isMergeCommit":false,"messageTitle":"Unmark and mark tasks","messageBody":"","tags":["Level-3","A-CodingStandard"],"fileTypesAndContributionMap":{"java":{"insertions":40,"deletions":4}}}]},{"date":"2025-02-02","commitResults":[{"hash":"6345cd46cd60b6be386d60be997c9c6d8a05dc5c","isMergeCommit":false,"messageTitle":"Todo Deadline Event types","messageBody":"","tags":["Level-4"],"fileTypesAndContributionMap":{"java":{"insertions":73,"deletions":5}}}]},{"date":"2025-02-07","commitResults":[{"hash":"eaf88bd50d97208c9018cbec473d23c3f241cfd6","isMergeCommit":false,"messageTitle":"Code quality improvements","messageBody":"","tags":["A-CodeQuality"],"fileTypesAndContributionMap":{"java":{"insertions":126,"deletions":97}}}]}]},"authorFileTypeContributionMap":{"jing-yen":{"java":208,"md":0,"fxml":0,"sh":0,"bat":0,"gradle":0,"txt":0}},"authorContributionVariance":{"jing-yen":2431.075},"authorDisplayNameMap":{"jing-yen":"TONG.. YEN"}}
