{"authorDailyContributionsMap":{"jing-yen":[{"date":"2025-02-01","commitResults":[{"hash":"08b9a5cabe05a4929786816ad950adf0e9fdff1b","isMergeCommit":false,"messageTitle":"Rename to Voyager","messageBody":"","tags":["Level-0"],"fileTypesAndContributionMap":{"java":{"insertions":37,"deletions":10}}},{"hash":"3f7c6db589f0aa618e25b1ca820800feef7e0c7a","isMergeCommit":false,"messageTitle":"Add bye message","messageBody":"","tags":["v0.1","v0.0"],"fileTypesAndContributionMap":{"java":{"insertions":1,"deletions":0}}},{"hash":"dd394548e01369c3528abb3872436f8354e4e524","isMergeCommit":false,"messageTitle":"Echoes back your inputs","messageBody":"","tags":["Level-1"],"fileTypesAndContributionMap":{"java":{"insertions":23,"deletions":2}}},{"hash":"8f7aabe0b8600e57964cd50182b3a2ee4df102a0","isMergeCommit":false,"messageTitle":"Stores user\u0027s commands in list","messageBody":"","tags":["v0.2","Level-2"],"fileTypesAndContributionMap":{"java":{"insertions":23,"deletions":7}}},{"hash":"7b08f5269d9cb93ba0431135af907fc9bf6df8a8","isMergeCommit":false,"messageTitle":"Unmark and mark tasks","messageBody":"","tags":["Level-3","A-CodingStandard"],"fileTypesAndContributionMap":{"java":{"insertions":40,"deletions":4}}}]},{"date":"2025-02-02","commitResults":[{"hash":"6345cd46cd60b6be386d60be997c9c6d8a05dc5c","isMergeCommit":false,"messageTitle":"Todo Deadline Event types","messageBody":"","tags":["Level-4"],"fileTypesAndContributionMap":{"java":{"insertions":73,"deletions":5}}}]},{"date":"2025-02-07","commitResults":[{"hash":"eaf88bd50d97208c9018cbec473d23c3f241cfd6","isMergeCommit":false,"messageTitle":"Code quality improvements","messageBody":"","tags":["A-CodeQuality"],"fileTypesAndContributionMap":{"java":{"insertions":126,"deletions":97}}}]},{"date":"2025-02-20","commitResults":[{"hash":"b52dfa83bd1f25d392b485b250a6682fe82166fb","isMergeCommit":false,"messageTitle":"Exception handling","messageBody":"","tags":["Level-5","A-Exceptions"],"fileTypesAndContributionMap":{"java":{"insertions":28,"deletions":10}}},{"hash":"b26d2cdc24d5a3cc559422d9881813084cd1fa7e","isMergeCommit":false,"messageTitle":"tasks can be deleted from the list","messageBody":"","tags":["Level-6","A-Collections"],"fileTypesAndContributionMap":{"java":{"insertions":27,"deletions":12}}}]},{"date":"2025-02-21","commitResults":[{"hash":"b9d30e5f1cc4abc186ab611c5ada84d04aa43be0","isMergeCommit":false,"messageTitle":"persistent storage","messageBody":"","tags":["Level-7","A-Jar"],"fileTypesAndContributionMap":{"java":{"insertions":63,"deletions":13}}},{"hash":"a9dca46302715cf337b6e9431fc7b7022b93d1e0","isMergeCommit":true,"messageTitle":"Merge branch \u0027branch-Level-6\u0027 into branch-Level-7","messageBody":"# Conflicts:\n#\tproduction/ip/Voyager.class\n#\tsrc/main/java/Voyager.java\n","fileTypesAndContributionMap":{}}]},{"date":"2025-03-06","commitResults":[{"hash":"f6567833265d25f22735cf5caa1df758573321b2","isMergeCommit":false,"messageTitle":"fix: Correct task commands and task list logic","messageBody":"","fileTypesAndContributionMap":{"java":{"insertions":46,"deletions":34}}},{"hash":"72cfe1c2406d72b9f4cff3d69d464965e5616760","isMergeCommit":false,"messageTitle":"docs: Add Javadoc comments to classes","messageBody":"","fileTypesAndContributionMap":{"java":{"insertions":185,"deletions":4}}}]},{"date":"2025-03-07","commitResults":[{"hash":"9172807a2e6bd4a28c7d98f3c7717f0684122640","isMergeCommit":false,"messageTitle":"More OOP and organize into packages","messageBody":"","tags":["A-Packages","A-MoreOOP"],"fileTypesAndContributionMap":{"java":{"insertions":414,"deletions":465}}},{"hash":"718136822a324b5f097f4e966a1d417ec92dc55c","isMergeCommit":false,"messageTitle":"Singleton pattern for Ui class","messageBody":"","fileTypesAndContributionMap":{"java":{"insertions":44,"deletions":25}}},{"hash":"27c1b39beca4840958c2c8c33e90a43309e5d135","isMergeCommit":false,"messageTitle":"Find command, implemented with streams","messageBody":"","fileTypesAndContributionMap":{"java":{"insertions":16,"deletions":3}}},{"hash":"38fcdc1e53e6d7a46b8dffa24c1b9007fa9ba3ba","isMergeCommit":true,"messageTitle":"Merge pull request #1 from jing-yen/branch-Level-9","messageBody":"Find command, implemented with streams","tags":["Level-9"],"fileTypesAndContributionMap":{}},{"hash":"21b83f044da86d9e7d8dd6025c5f0616ed867b8e","isMergeCommit":false,"messageTitle":"Added JavaDoc comments","messageBody":"","tags":["A-JavaDoc"],"fileTypesAndContributionMap":{"java":{"insertions":250,"deletions":5}}},{"hash":"1dda8c5917552b2ae5db29bad54f3f259f67ab3e","isMergeCommit":true,"messageTitle":"Merge pull request #2 from jing-yen/branch-A-JavaDoc","messageBody":"Added JavaDoc comments","fileTypesAndContributionMap":{}},{"hash":"054a797c8b68418f7121fc93e7ba35f93f910968","isMergeCommit":false,"messageTitle":"docs: Update README.md to be a user guide","messageBody":"","fileTypesAndContributionMap":{"md":{"insertions":166,"deletions":14}}},{"hash":"dc1553fb495c751521c4b8a7ca7659a72a8fd306","isMergeCommit":false,"messageTitle":"docs: Fix typo in README expected output","messageBody":"","fileTypesAndContributionMap":{"md":{"insertions":1,"deletions":1}}},{"hash":"da41774a47a4cf3ca232d78e6912839f155c4f56","isMergeCommit":false,"messageTitle":"docs: Revise user guide for date format and typo","messageBody":"","fileTypesAndContributionMap":{"md":{"insertions":3,"deletions":3}}},{"hash":"a4690def522a4f35e3f9adaa87fafe7225d76042","isMergeCommit":false,"messageTitle":"User guide","messageBody":"","tags":["A-UserGuide"],"fileTypesAndContributionMap":{"java":{"insertions":2,"deletions":2},"md":{"insertions":113,"deletions":123}}},{"hash":"9743d3f55ca33e03e126230a1535667cdff65b28","isMergeCommit":true,"messageTitle":"Merge pull request #4 from jing-yen/branch-A-UserGuide","messageBody":"Branch a user guide","tags":["A-Release"],"fileTypesAndContributionMap":{}}]},{"date":"2025-03-18","commitResults":[{"hash":"5b8e140fd88a26d79e05edfcaff50a2867aeec79","isMergeCommit":false,"messageTitle":"Add separator after each execution","messageBody":"","tags":["A-ReleaseNew"],"fileTypesAndContributionMap":{"java":{"insertions":2,"deletions":0}}}]}]},"authorFileTypeContributionMap":{"jing-yen":{"java":711,"md":156,"fxml":0,"sh":0,"bat":0,"gradle":0,"txt":0}},"authorContributionVariance":{"jing-yen":41036.105},"authorDisplayNameMap":{"jing-yen":"CS2113-T13-2 TONG.. YEN"}}
